{
  "overall": {
    "n_trades": 1173,
    "n_symbols": 424,
    "mean": -0.004930545296501562,
    "median": 0.011302607076349976,
    "std": 0.5740657678958777,
    "win_rate": 0.5098039215686274,
    "payoff": 0.9392306866705643,
    "var95": -0.9292121232240075,
    "var99": -1.806479466098025,
    "max_loss": -4.286989785227869,
    "max_gain": 0.9770095753538719,
    "var_adj_expectancy": -0.9521390623246998,
    "avg_hold_weeks": 21.335890878090368,
    "total_pnl": -5.783529632796332
  },
  "by_tier": [
    {
      "tier": "benchmark",
      "n_trades": 9,
      "n_symbols": 1,
      "mean": -0.23252747616640213,
      "median": -0.2724959409320804,
      "std": 0.364498586663879,
      "win_rate": 0.2222222222222222,
      "payoff": 0.7093629605989191,
      "var95": -0.7112001815070361,
      "var99": -0.738692371160607,
      "max_loss": -0.7455654185739997,
      "max_gain": 0.4468711747285291,
      "var_adj_expectancy": -0.8339501441618025,
      "avg_hold_weeks": 15.333333333333334,
      "total_pnl": -2.092747285497619
    },
    {
      "tier": "follower",
      "n_trades": 379,
      "n_symbols": 93,
      "mean": 0.04283499990235999,
      "median": 0.04756937394247044,
      "std": 0.5021533736547191,
      "win_rate": 0.5435356200527705,
      "payoff": 1.0362175862619427,
      "var95": -0.7648211987497703,
      "var99": -1.321575392187526,
      "max_loss": -1.8703719253604751,
      "max_gain": 0.8572043069127759,
      "var_adj_expectancy": -0.7857180666279265,
      "avg_hold_weeks": 24.406332453825858,
      "total_pnl": 16.234464962994437
    },
    {
      "tier": "junk",
      "n_trades": 231,
      "n_symbols": 174,
      "mean": -0.03851512737734488,
      "median": 0.034778275714895494,
      "std": 0.701310159649108,
      "win_rate": 0.5584415584415584,
      "payoff": 0.6633073235649193,
      "var95": -1.0870017597642476,
      "var99": -3.08799926814382,
      "max_loss": -4.286989785227869,
      "max_gain": 0.8854337979094077,
      "var_adj_expectancy": -1.1956768907983732,
      "avg_hold_weeks": 15.623376623376624,
      "total_pnl": -8.896994424166667
    },
    {
      "tier": "stable",
      "n_trades": 9,
      "n_symbols": 1,
      "mean": -0.0021003924989872616,
      "median": -0.0018000900270080695,
      "std": 0.0007504915592931861,
      "win_rate": 0.0,
      "payoff": 0.0,
      "var95": -0.003261296970335975,
      "var99": -0.0034535404188871413,
      "max_loss": -0.003501601281024933,
      "max_gain": -0.001100000000000044,
      "var_adj_expectancy": -0.0033387035718210186,
      "avg_hold_weeks": 7.444444444444445,
      "total_pnl": -0.018903532490885354
    },
    {
      "tier": "trend",
      "n_trades": 461,
      "n_symbols": 125,
      "mean": -0.026421915005433665,
      "median": -0.025099227159812332,
      "std": 0.553665885100638,
      "win_rate": 0.4642082429501085,
      "payoff": 1.0170736558261364,
      "var95": -0.9466044653830397,
      "var99": -1.7364357562785806,
      "max_loss": -3.1408489434608793,
      "max_gain": 0.9770095753538719,
      "var_adj_expectancy": -0.9399706254214862,
      "avg_hold_weeks": 21.963123644251628,
      "total_pnl": -12.18050281750492
    },
    {
      "tier": "whale",
      "n_trades": 84,
      "n_symbols": 30,
      "mean": 0.013942303141301456,
      "median": 0.05655372367236958,
      "std": 0.6389750334176186,
      "win_rate": 0.5595238095238095,
      "payoff": 0.8345431693711801,
      "var95": -1.0018583131950314,
      "var99": -1.6441783246332982,
      "max_loss": -2.882575979235489,
      "max_gain": 0.8948938973647711,
      "var_adj_expectancy": -1.0403665019977693,
      "avg_hold_weeks": 21.88095238095238,
      "total_pnl": 1.1711534638693224
    }
  ],
  "params": {
    "ma_window": 20,
    "slope_window": 4,
    "fees_bps_roundtrip": 15.0,
    "funding_bps_per_week": null,
    "min_symbol_weeks": 30
  }
}