ret,stop,down_speed,angle_ratio,bars_since_high,dd
-4.375667022411955,True,0.48367356929554023,0.6202913108990458,11.0,5.3204092622509425
10.909090909090914,False,0.0,0.0,0.0,0.43645699614890887
-1.9230769230769273,True,0.5088600899233007,0.6920863309352517,10.0,5.088600899233007
7.385674882732207,False,0.3939630128250549,1.937282229965157,3.0,1.1818890384751648
0.0,False,0.14085577483343045,0.7761749651000466,7.0,0.9859904238340131
4.649122807017547,False,0.2195742401927969,0.9927360774818402,7.0,1.5370196813495782
-4.519309778142977,True,0.0,0.0,0.0,1.0344827586206897
-4.2207792207792245,True,0.05660377358490566,0.189873417721519,10.0,0.5660377358490566
-1.2510425354462007,True,0.08379156847342235,0.3375527426160337,18.0,1.5082482325216024
-7.199999999999996,True,0.0,0.0,0.0,0.96
-1.6849199663016012,True,0.5669546436285097,2.3437499999999996,4.0,2.2678185745140387
-0.8375209380234505,True,0.25654450261780104,1.09375,8.0,2.0523560209424083
-3.583815028901738,True,0.0,0.0,0.0,0.6329113924050633
7.601713062098492,False,0.09499934028235915,0.1858544140423335,13.0,1.234991423670669
-0.41972717733472775,True,0.4391891891891892,1.7808219178082192,5.0,2.195945945945946
-1.1458333333333348,True,0.24207011686143573,0.9931506849315068,8.0,1.9365609348914858
-0.3012048192771122,False,0.043044077134986224,0.5580357142857142,16.0,0.6887052341597796
10.171198388721049,False,0.6442577030812325,4.107142857142858,2.0,1.288515406162465
0.8389261744966348,False,0.02717637467161881,0.10668563300142248,19.0,0.5163511187607573
40.99722991689752,False,0.0,0.0,0.0,0.2017291066282421
-2.682403433476399,True,0.4329004329004329,1.4492753623188406,5.0,2.1645021645021645
3.7288135593220417,False,0.12486102796544941,0.3145196036191297,11.0,1.3734713076199436
-4.81189851268592,True,0.1794145420207743,0.45563549160671457,8.0,1.4353163361661945
8.60121633362294,False,0.08306414397784956,0.2158273381294964,16.0,1.329026303645593
15.547445255474447,False,0.0,0.0,0.0,0.3020833333333333
-17.72679874869656,True,3.2169014084507044,7.552910052910054,1.0,3.2169014084507044
-9.862869198312241,True,0.37043978010994505,0.980489417989418,8.0,2.9635182408795604
-4.115226337448563,True,0.0,0.0,0.0,0.8780487804878049
12.746858168761221,False,0.2542372881355932,1.0843373493975905,3.0,0.7627118644067796
13.850063532401524,False,0.0,0.0,0.0,0.8829174664107485
-3.091190108191655,False,0.0,0.0,0.0,0.6297229219143576
7.480916030534357,False,0.23756163155535634,1.0515873015873016,4.0,0.9502465262214254
20.187793427230048,False,0.17829457364341084,0.6084656084656084,9.0,1.6046511627906976
-7.910447761194028,True,0.43075684380032203,1.3017031630170315,6.0,2.5845410628019323
8.333333333333325,False,0.0,0.0,0.0,2.101010101010101
-4.71976401179941,True,0.17449080973671138,0.3209227957971677,11.0,1.919398907103825
-3.1227821149751644,True,0.9089567655304708,2.5475599669148057,3.0,2.7268702965914122
-1.611721611721617,True,0.5482866043613707,1.455748552522746,6.0,3.289719626168224
-1.8947368421052602,True,0.379746835443038,1.3636363636363635,2.0,0.759493670886076
-2.959830866807611,True,0.20364415862808147,0.9895833333333334,6.0,1.2218649517684887
-2.748414376321351,True,0.04775549188156638,2.7777777777777777,18.0,0.8595988538681948
16.142557651991616,False,0.09259259259259259,0.34313725490196073,8.0,0.7407407407407407
-2.4822695035460973,True,1.5217391304347827,7.636363636363637,1.0,1.5217391304347827
-4.436229205175602,True,0.2874251497005988,1.0526315789473684,3.0,0.8622754491017964
17.29323308270676,False,0.17679558011049723,0.5633802816901408,8.0,1.4143646408839778
-7.620817843866168,True,0.19972169927150693,1.7836257309941521,19.0,3.7947122861586315
-2.409638554216864,True,0.12129088152479967,0.6698564593301436,19.0,2.3045267489711936
4.402515723270439,False,0.0,0.0,0.0,0.3463203463203463
2.902374670184704,True,0.4033233846898443,1.1984659635666346,7.0,2.82326369282891
-3.5828025477707026,False,0.0,0.0,0.0,0.5405405405405406
-0.991735537190086,True,0.1706251706251706,0.32249742002063986,12.0,2.0475020475020473
19.369369369369373,False,0.0,0.0,0.0,0.10840108401084012
-3.125,True,0.19933390896755887,0.33694745621351124,11.0,2.1926729986431477
-7.8235294117647065,True,0.050537867301999856,0.06760019314340898,19.0,0.9602194787379973
-2.541296060991105,True,0.05171889260724064,1.118421052631579,19.0,0.9826589595375722
-2.4421593830334154,True,0.5023205023205023,2.1445221445221443,3.0,1.506961506961507
16.106080206985762,False,0.2726179339836964,1.0189810189810191,7.0,1.9083255378858746
-1.1965811965811923,True,0.057716091796069804,11.052631578947368,19.0,1.0966057441253263
1.2012012012011963,False,0.09856797470708574,3.486842105263158,19.0,1.872791519434629
0.15105740181269312,True,0.14912280701754385,0.5151515151515151,10.0,1.4912280701754386
7.4438202247191,False,0.06726457399103139,0.3571428571428571,8.0,0.5381165919282511
-14.54545454545455,True,0.0,0.0,0.0,1.006105006105006
-2.185223725286156,True,0.38403554709196225,1.072695035460993,6.0,2.3042132825517734
-2.935010482180289,True,0.16020302958204458,0.6099033816425121,18.0,2.883654532476802
-7.8947368421052655,True,0.08263458500425326,0.19903992506732238,13.0,1.0742496050552923
-2.7972027972028024,True,0.3862120593439499,0.6259651444959189,12.0,4.634544712127399
-3.8461538461538436,True,0.06324989458350902,0.1925545571245186,19.0,1.2017479970866713
-5.32407407407407,True,0.03768732819012149,0.15636497424576895,18.0,0.6783719074221868
-3.4324942791762014,True,0.048875855327468236,0.38461538461538464,6.0,0.2932551319648094
-1.3986013986013957,True,0.1748573532118535,0.811965811965812,6.0,1.049144119271121
-1.1389521640091105,True,0.0,0.0,0.0,2.215018908698001
-7.95698924731183,True,0.0,0.0,0.0,0.6081081081081081
1.8927444794952786,False,0.0,0.0,0.0,0.8024691358024691
6.017505470459517,False,0.7129455909943715,2.4516129032258065,2.0,1.425891181988743
10.700757575757569,False,0.0,0.0,0.0,1.1898734177215189
-6.991150442477878,True,0.21454112038140644,0.4838709677419355,13.0,2.7890345649582837
-0.7835455435847183,False,0.6082725060827251,4.0983606557377055,1.0,0.6082725060827251
10.821382007822677,False,0.060263653483992465,0.1388888888888889,18.0,1.0847457627118644
7.765830346475511,False,0.2079002079002079,0.6134969325153375,9.0,1.8711018711018712
-0.5643340857787837,True,1.3162705667276051,9.473684210526315,2.0,2.6325411334552102
8.342602892102335,False,0.0322234156820623,0.3759398496240602,19.0,0.6122448979591837
-1.6227180527383367,True,0.3218817703497369,0.5855855855855855,11.0,3.540699473847106
-14.77272727272727,True,0.07232251320733396,0.1601601601601602,18.0,1.3018052377320113
-3.1669865642994233,True,0.209375,0.7754629629629629,8.0,1.675
3.017543859649119,False,0.0,0.0,0.0,0.9348914858096828
-11.543450064850846,True,0.24392628440142738,0.6688111513201983,9.0,2.1953365596128465
-8.539709649871908,True,0.12392241379310345,0.27446300715990457,10.0,1.2392241379310345
-2.8008298755186734,True,0.4400694846554719,0.6745277038164067,11.0,4.840764331210191
1.672255959394553,False,0.004566159717968783,0.03934871099050203,11.0,0.050227756897656614
-2.484583834575782,True,0.22097072896322,1.3330282925341264,3.0,0.66291218688966
-2.6856450982448488,True,0.17793085759302346,1.1109585907115078,5.0,0.8896542879651174
7.248115471084993,False,0.04622975266923675,0.33333333333333337,10.0,0.46229752669236746
0.0,True,0.10719095254086655,0.26764690935578406,13.0,1.3934823830312653
10.924369747899165,False,0.21033379058070414,2.0720720720720722,12.0,2.52400548696845
29.06764168190128,False,0.03772290809327846,0.22177419354838704,16.0,0.6035665294924554
-0.7259528130671544,True,0.0890092879256966,6.052631578947368,19.0,1.6911764705882353
30.34482758620689,False,0.06385068762278978,0.23550724637681156,8.0,0.5108055009823183
-2.617801047120416,True,0.27439024390243905,0.8490566037735849,8.0,2.1951219512195124
-5.375253549695735,True,0.09322663146605066,0.3135405105438402,17.0,1.5848527349228612
17.86038077969174,False,0.0,0.0,0.0,0.3844675124951942
15.9793388429752,False,0.06446307300509338,0.2656899190903127,2.0,0.12892614601018676
17.267552182163183,False,0.4390127378254666,1.0897435897435899,3.0,1.3170382134763998
0.8291873963515828,True,0.18655692729766804,0.384180790960452,10.0,1.8655692729766804
-19.9697428139183,True,0.0,0.0,0.0,0.7272727272727273
-8.045977011494255,True,0.10186757215619695,0.3698435277382646,19.0,1.935483870967742
2.772963604852685,True,0.18915159944367177,0.5862068965517241,10.0,1.8915159944367177
3.987240829346095,False,0.03137254901960784,0.10344827586206898,15.0,0.47058823529411764
-5.7613168724279795,True,0.0,0.0,0.0,0.5514705882352942
20.184696569920835,False,0.048348106365834004,0.1381074168797954,17.0,0.821917808219178
16.604127579737327,False,0.18757612667478685,0.3333333333333333,10.0,1.8757612667478685
-6.894409937888202,True,0.10240556467974109,0.22272026894523042,11.0,1.126461211477152
-8.597560975609753,True,0.06405481900789513,0.14197666740039622,14.0,0.8967674661105318
-3.483217226092461,True,0.07493443237167478,0.17221064080485815,17.0,1.2738853503184713
-3.6211699164345412,False,0.7194518462124095,2.333333333333333,2.0,1.438903692424819
0.3076923076922977,True,0.21097800822456642,0.5545112781954887,7.0,1.4768460575719649
7.423580786026207,True,0.3874269005847953,1.2529550827423166,6.0,2.324561403508772
-5.277401894451961,True,0.07735281478298238,0.2945990180032733,13.0,1.005586592178771
-2.287166454891998,False,0.6134371957156767,2.1,2.0,1.2268743914313534
-3.3810143042912855,True,0.1532784558614817,0.4153846153846154,13.0,1.992619926199262
-1.199563794983638,True,0.25210084033613445,0.7912087912087913,7.0,1.7647058823529411
5.223880597014929,False,0.0,0.0,0.0,0.0
0.2057613168724215,True,0.18878525677042363,0.48331415420023016,11.0,2.07663782447466
-6.22605363984674,True,0.016542597187758478,0.04219409282700422,18.0,0.2977667493796526
-1.834862385321101,True,0.2982107355864811,2.3437499999999996,6.0,1.7892644135188867
25.73753814852493,False,0.1196438508625487,1.1197916666666667,12.0,1.4357262103505843
-5.041152263374482,True,0.0,0.0,0.0,1.4627994955863808
-3.9492242595204563,True,0.0,0.0,0.0,0.264026402640264
-2.924791086350975,True,0.0,0.0,0.0,2.506666666666667
0.5383580080753791,False,0.16759776536312848,0.43689320388349506,8.0,1.3407821229050279
0.1338688085676054,True,0.48742138364779874,2.039473684210526,4.0,1.949685534591195
-2.0161290322580627,True,0.08196721311475409,0.7352941176470589,16.0,1.3114754098360655
20.694259012016026,False,0.15151515151515152,0.6944444444444445,4.0,0.6060606060606061
-1.0624169986719778,True,0.15404040404040406,1.4120370370370372,18.0,2.772727272727273
-1.851851851851849,True,0.13550135501355012,0.4535147392290249,9.0,1.2195121951219512
-1.756756756756761,True,0.16666666666666669,0.3623188405797102,14.0,2.3333333333333335
-0.6720430107526876,True,0.14169472502805835,0.27106816961889424,18.0,2.5505050505050506
-1.7615176151761558,True,0.0,0.0,0.0,1.2596006144393241
-4.55873758036236,True,0.0,0.0,0.0,0.5788541051388069
9.219025249559598,False,0.7884057971014493,7.311827956989248,1.0,0.7884057971014493
-1.4634146341463428,True,0.16726403823178015,0.5490196078431372,9.0,1.5053763440860215
0.8510638297872353,True,0.190306803023566,0.28728688414552284,13.0,2.4739884393063583
10.183639398998334,False,0.04791603285670824,0.08107064727834255,19.0,0.9104046242774566
-5.7870370370370345,True,0.30317613089509143,0.9347181008902078,6.0,1.8190567853705486
7.59183673469388,False,0.9427121102248006,3.714285714285715,1.0,0.9427121102248006
-4.839857651245549,True,0.47303689687795647,1.5151515151515151,5.0,2.3651844843897822
-6.0723514211886265,True,0.08672086720867209,1.2698412698412698,18.0,1.5609756097560976
23.029556650246306,False,0.0,0.0,0.0,1.2154696132596685
-2.7551020408163263,True,0.13736263736263737,0.2456538170823885,14.0,1.9230769230769231
3.8888888888888973,False,0.0,0.0,0.0,0.3883495145631068
-1.6048144433299938,True,0.38921504674929336,0.9835164835164837,7.0,2.7245053272450535
-3.61328125,True,0.0,0.0,0.0,0.8415147265077139
-3.891050583657585,True,0.22687609075043633,1.6666666666666667,3.0,0.680628272251309
-10.733944954128438,True,0.0,0.0,0.0,0.23668639053254437
8.62068965517242,False,0.04701073071027082,0.32716927453769556,19.0,0.8932038834951457
-3.401360544217691,True,0.24363233665559247,2.8205128205128207,3.0,0.7308970099667774
-3.114186851211076,True,0.2951096121416526,1.75,4.0,1.1804384485666104
-10.419681620839361,True,0.0,0.0,0.0,0.4871060171919771
2.2012578616352307,True,0.27575757575757576,0.8242753623188406,8.0,2.206060606060606
-3.759398496240607,True,0.11529521152952116,0.24959742351046701,18.0,2.075313807531381
12.863705972434914,False,0.6030809570632579,3.129251700680272,3.0,1.809242871189774
48.38012958963282,False,0.0,0.0,0.0,0.42402826855123676
-22.857142857142854,True,0.0,0.0,0.0,0.23235550392099913
-12.454966546577461,True,1.9955898566703418,5.595054095826894,1.0,1.9955898566703418
22.284295468653003,False,0.056990881458966566,0.2435064935064935,14.0,0.7978723404255319
-3.286118980169972,True,0.047247814788566024,0.30581039755351674,9.0,0.42523033309709424
-0.7923930269413626,False,0.0,0.0,0.0,0.38506417736289383
-3.8871139510117114,True,0.12036524626452684,0.54375,8.0,0.9629219701162147
-6.896551724137934,True,0.09454774661203907,0.8771929824561403,19.0,1.7964071856287425
4.66200466200466,False,0.0,0.0,0.0,0.5092592592592593
-22.05949656750572,True,0.18796992481203006,1.0,8.0,1.5037593984962405
-1.8012008005336866,True,0.05859375,0.38961038961038963,7.0,0.41015625
-3.26797385620915,True,0.0,0.0,0.0,0.0
1.1882426516572897,False,0.0,0.0,0.0,0.29668411867364747
-3.753846153846152,True,0.035385704175513094,0.19323671497584544,9.0,0.3184713375796178
3.7982565379825584,False,0.0,0.0,0.0,0.3125
-8.074195308237863,True,0.011699327288680901,0.0892857142857143,19.0,0.22228721848493713
4.364640883977899,False,0.3526280771789754,1.6060606060606062,2.0,0.7052561543579507
-16.7654986522911,True,0.2278189988504546,1.096579476861167,7.0,1.594732991953182
7.03125,False,0.994475138121547,7.826086956521738,1.0,0.994475138121547
9.893992932862194,False,0.08367139959432048,0.2457185405807892,17.0,1.4224137931034482
-3.8155802861685184,True,0.24018746338605743,1.6269841269841272,6.0,1.4411247803163445
-4.95356037151703,True,0.08456659619450317,0.5194805194805194,11.0,0.9302325581395349
-1.602564102564108,True,0.13021939136588817,0.73015873015873,15.0,1.9532908704883227
-1.0101010101010055,True,0.47395484015202327,2.656641604010025,3.0,1.4218645204560698
4.281767955801108,False,0.0,0.0,0.0,0.1652892561983471
10.593220338983045,False,0.05321507760532151,0.1694915254237288,17.0,0.9046563192904656
2.4390243902439046,True,0.2197346600331675,0.9013605442176872,8.0,1.75787728026534
-5.765595463137996,True,0.04236727128293393,0.1674515960230246,13.0,0.5507745266781411
7.205882352941173,False,0.15080113100848258,0.6956521739130435,10.0,1.5080113100848258
-1.3605442176870763,True,0.9322033898305084,7.051282051282051,2.0,1.8644067796610169
0.13605442176871652,True,0.4500818330605565,3.5256410256410255,4.0,1.800327332242226
-2.7888446215139417,True,0.48600105652403597,2.3958333333333335,3.0,1.4580031695721078
-0.536193029490617,True,0.2713773681515617,1.3802083333333335,6.0,1.6282642089093702
-2.9490616621983934,True,0.16817388545137238,0.7528409090909092,11.0,1.849912739965096
-2.812939521800284,True,0.5246913580246914,2.2972972972972974,2.0,1.0493827160493827
-0.6048387096774244,True,0.20932520165256738,0.37433155080213903,17.0,3.5585284280936453
-4.939516129032262,True,0.09046052631578948,0.2506265664160401,19.0,1.71875
19.36127744510978,False,0.047892146885214495,0.36199095022624433,17.0,0.8141664970486464
-2.127659574468088,True,0.2190077058266865,0.36999817284852915,13.0,2.8471001757469243
16.219008264462808,False,1.6494845360824741,8.421052631578947,1.0,1.6494845360824741
-2.7190332326283984,True,0.45236463331048665,1.9186046511627906,4.0,1.8094585332419466
-1.2871287128712883,True,0.21813353566009105,0.8357558139534883,8.0,1.7450682852807284
-0.871248789932233,True,0.14420062695924765,0.5348837209302326,10.0,1.4420062695924765
5.45790934320074,False,1.1879699248120301,6.583333333333334,1.0,1.1879699248120301
0.0,False,0.16252955082742318,1.3095238095238098,3.0,0.4875886524822695
0.0,True,0.5795454545454546,2.1982758620689657,4.0,2.3181818181818183
-0.7843137254901933,True,0.3456221198156682,1.293103448275862,6.0,2.0737327188940093
-2.7184466019417486,True,0.12055455093429777,0.4926108374384237,14.0,1.6877637130801688
20.532319391634978,False,0.15521064301552107,0.6862745098039216,8.0,1.2416851441241685
7.020057306590255,False,0.1844532279314888,3.684210526315789,3.0,0.5533596837944664
-2.1207177814029365,True,0.3177869227251943,0.6009511456982274,9.0,2.860082304526749
0.9592326139088669,False,0.21387143547607537,0.4304474708171206,12.0,2.5664572257129046
-4.057971014492756,True,0.14689265536723164,0.7065217391304348,6.0,0.8813559322033898
-1.1730205278592365,True,0.13646922183507548,0.638586956521739,8.0,1.0917537746806039
-3.3333333333333326,True,0.09430858646781445,0.849802371541502,11.0,1.037394451145959
16.520467836257314,False,0.07635966962755182,0.5917874396135266,18.0,1.3744740532959328
-6.6067653276955625,True,0.10145351673007512,2.888888888888889,18.0,1.826163301141352
4.066985645933019,False,0.0,0.0,0.0,1.0081426909654907
-4.120603015075375,True,1.9932432432432432,4.214285714285714,1.0,1.9932432432432432
1.9607843137254832,True,0.08382642998027613,0.20238095238095238,12.0,1.0059171597633136
-6.8441064638783295,True,0.5906040268456376,3.4375000000000004,1.0,0.5906040268456376
-2.941176470588236,True,0.1804812834224599,1.0546875,8.0,1.4438502673796791
1.4760147601476037,False,1.227229146692234,2.8828828828828827,2.0,2.454458293384468
6.032906764168189,False,0.1793858315597446,0.48321048321048315,11.0,1.9732441471571907
-3.6020583190394473,True,0.10279001468428782,0.46666666666666673,6.0,0.6167400881057269
0.5119453924914641,False,0.0,0.0,0.0,1.024546424759872
-0.6837606837606813,True,0.0,0.0,0.0,0.9233305853256389
-2.07939508506616,True,0.17028522775649213,4.761904761904762,12.0,2.0434227330779056
-3.809523809523807,True,0.12352941176470589,3.5294117647058827,17.0,2.1
10.424028268551243,False,0.06921373200442968,0.47348484848484845,12.0,0.8305647840531561
4.358655043586546,False,1.9426751592356688,7.625,1.0,1.9426751592356688
-8.732394366197182,True,0.13297872340425532,2.7777777777777777,4.0,0.5319148936170213
-1.9316493313521588,True,0.19219736087205966,4.135802469135802,6.0,1.153184165232358
-4.394141145139818,False,0.0,0.0,0.0,0.17905102954341987
-2.924791086350975,True,0.0,0.0,0.0,1.2888377445339472
-9.189189189189184,True,0.24799416484318015,4.9275362318840585,3.0,0.7439824945295405
4.281767955801108,True,0.16228497241155468,3.623188405797101,6.0,0.9737098344693281
-3.3763044812768594,True,0.3629191321499014,1.5807560137457044,3.0,1.0887573964497042
24.070897655803325,False,1.978021978021978,4.2857142857142865,1.0,1.978021978021978
-6.639004149377592,True,0.1836825319930564,0.3437594439407676,12.0,2.2041903839166768
-2.7837259100642386,True,0.23963133640552994,0.8387096774193549,5.0,1.1981566820276497
-3.578947368421048,True,0.0879120879120879,0.32258064516129026,9.0,0.7912087912087912
1.1673151750972721,False,0.0,0.0,0.0,0.12631578947368421
5.794392523364489,False,0.6060606060606061,2.6126126126126126,3.0,1.8181818181818181
6.818181818181812,False,0.0,0.0,0.0,0.3804347826086957
36.09374999999999,False,0.0,0.0,0.0,0.4473684210526316
-1.6129032258064502,True,0.0911854103343465,0.2830188679245283,10.0,0.9118541033434651
5.376344086021501,False,0.06082725060827251,0.15723270440251574,18.0,1.094890510948905
-5.47945205479452,True,0.0,0.0,0.0,0.39603960396039606
0.6920415224913601,True,0.2113526570048309,0.7415254237288136,8.0,1.6908212560386473
2.3809523809523725,True,0.18761726078799248,0.7504690431519699,13.0,2.4390243902439024
-11.605723370429255,True,0.0,0.0,0.0,0.24096385542168675
36.61971830985915,False,0.1364522417153996,2.3444976076555024,19.0,2.5925925925925926
-4.133545310015895,True,0.12832740830659847,0.8851674641148325,19.0,2.4382207578253707
-4.610492845786962,True,0.16696914700544466,1.15,5.0,0.8348457350272233
-0.6546644844517169,True,0.08595988538681948,0.5172413793103448,16.0,1.3753581661891117
1.7615176151761558,True,0.10427528675703858,0.2808988764044944,13.0,1.3555787278415015
5.429864253393668,False,0.05018120992472819,1.4705882352941175,17.0,0.8530805687203792
-10.11045029736618,True,0.35997482693517935,0.9965156794425086,7.0,2.5198237885462555
-4.325883201153569,True,0.0,0.0,0.0,2.1374045801526718
8.88053225339891,False,0.23278869102258123,0.4447562258856542,10.0,2.3278869102258124
0.0,True,0.2738195026543727,0.40562913907284764,14.0,3.8334730371612182
-5.301455301455304,True,0.1662149954832882,0.367816091954023,15.0,2.4932249322493227
-1.9138755980861233,True,0.8073196986006458,2.180232558139535,4.0,3.229278794402583
-0.4555808656036442,False,0.0,0.0,0.0,2.5688073394495414
17.14285714285715,False,0.6293266205160478,2.4752475247524752,2.0,1.2586532410320956
38.46153846153846,False,1.8426103646833014,5.0,1.0,1.8426103646833014
-9.165302782324058,True,0.12917115177610333,0.31088082901554404,11.0,1.4208826695371366
-0.6168608636052064,True,0.11949047458009243,0.30303030303030304,15.0,1.7923571187013865
-13.673232908458866,True,0.0,0.0,0.0,2.1055634807417976
-4.487179487179482,True,0.4761904761904762,1.2629839471199247,6.0,2.857142857142857
-5.996252342286068,True,0.2831513484079901,0.7774630154233553,9.0,2.548362135671911
-5.53165334972342,True,0.2063810552774899,0.6026268349214524,11.0,2.270191608052389
1.55210643015522,False,0.15319990116135407,0.7093821510297481,19.0,2.9107981220657275
0.8849557522123908,False,0.03513394817742644,0.1084010840108401,18.0,0.6324110671936759
-3.4965034965035002,False,0.0,0.0,0.0,0.0
2.7596223674654974,False,0.10363191479153673,1.0334928229665072,19.0,1.9690063810391978
-1.730103806228378,True,0.08286021175387448,0.4900181488203267,19.0,1.5743440233236152
-0.4898530440867743,True,0.165489404641776,0.9534883720930233,10.0,1.65489404641776
-0.9797060881735487,True,0.1455449059282925,0.7945736434108527,12.0,1.74653887113951
-6.223776223776223,True,0.11398817900365887,0.5540355677154583,17.0,1.937799043062201
20.75471698113207,False,0.0,0.0,0.0,0.42122999157540014
-4.047619047619044,True,0.11693967134716247,0.2687740693196406,19.0,2.221853755596087
-6.262135922330092,True,0.08609016150873008,0.3043753963221306,19.0,1.6357130686658716
-5.46762589928057,True,0.023472953940848154,0.12465373961218836,19.0,0.44598612487611494
-2.425742574257428,True,0.148720999405116,0.47348484848484845,8.0,1.189767995240928
2.9055690072639306,True,0.06443298969072166,0.18939393939393942,11.0,0.7087628865979382
-5.360824742268044,True,0.0,0.0,0.0,0.06060606060606061
-1.1789924973204746,True,0.31701631701631705,1.6190476190476193,5.0,1.5850815850815851
-15.39763113367174,True,0.0,0.0,0.0,1.6491963661774982
-2.985074626865669,True,0.09913981629975215,0.32734274711168165,19.0,1.8836565096952909
8.941605839416056,False,0.21840873634945399,1.2727272727272727,8.0,1.7472698907956319
3.803131991051445,False,0.45179063360881544,1.1714285714285715,5.0,2.2589531680440773
25.235849056603765,False,0.09159444796730783,3.4210526315789473,19.0,1.7402945113788488
30.000000000000004,False,0.17513513513513515,0.4450549450549451,10.0,1.7513513513513514
-5.750798722044726,True,0.0,0.0,0.0,0.0
9.443099273607757,False,0.6252791424743189,2.4475524475524475,2.0,1.2505582849486379
-3.0303030303030276,True,0.06811145510835914,0.21934197407776676,17.0,1.1578947368421053
-4.480651731160901,True,0.056535199892313905,0.18421052631578946,19.0,1.0741687979539642
-0.8247422680412342,True,0.3625,2.685185185185185,4.0,1.45
-2.2222222222222254,True,0.05768063145112326,0.3909465020576132,18.0,1.0382513661202186
-1.2121212121212088,True,1.0306406685236769,4.743589743589744,2.0,2.0612813370473537
-2.605210420841686,True,0.3869047619047619,2.5490196078431375,6.0,2.3214285714285716
10.474308300395263,False,0.12016021361815754,0.9453781512605042,14.0,1.6822429906542056
8.597285067873294,False,0.21739130434782608,1.111111111111111,8.0,1.7391304347826086
-1.0370370370370363,True,0.5425287356321838,2.694063926940639,3.0,1.6275862068965516
-3.115727002967361,True,0.1444564824846515,0.6322444678609062,13.0,1.8779342723004695
2.071005917159763,True,0.12159329140461216,0.5296803652968036,15.0,1.8238993710691824
-2.6275115919629055,True,0.4098360655737705,1.5873015873015872,1.0,0.4098360655737705
-0.1945525291828787,True,0.29806259314456035,0.4239930165856092,11.0,3.278688524590164
-15.609756097560979,True,0.08203299152920196,0.1262002743484225,15.0,1.2304948729380294
22.3463687150838,False,0.22321854430983495,0.42040962989579594,11.0,2.4554039874081846
-4.1853512705530616,True,0.4674329501915709,2.186379928315412,3.0,1.4022988505747127
-6.85543964232489,True,0.14798093804865814,0.7048984468339308,9.0,1.3318284424379232
29.77099236641221,False,0.0,0.0,0.0,0.3043110735418428
-4.6966731898238745,True,0.3215258855585831,1.1683168316831682,5.0,1.6076294277929155
-8.438061041292643,True,0.03701067615658363,0.1287128712871287,10.0,0.3701067615658363
20.22684310018903,False,0.0,0.0,0.0,0.32193158953722334
-8.769448373408773,True,0.0,0.0,0.0,0.4935370152761457
-11.52694610778443,True,0.5497022446174988,2.112676056338028,1.0,0.5497022446174988
-0.4901960784313708,True,0.3411941796287004,0.85,6.0,2.0471650777722026
-5.600000000000005,False,0.0,0.0,0.0,0.0
-0.7329842931937169,True,0.3466332325392728,0.825430277485072,13.0,4.506232023010546
1.3292433537832382,False,0.25177025963808025,0.5161290322580645,17.0,4.280094413847364
-1.8083182640144635,True,0.3451492537313433,0.8618012422360248,8.0,2.7611940298507465
-0.18348623853210455,True,0.19744483159117304,0.5279503105590062,14.0,2.7642276422764227
-1.981981981981984,True,0.1341208317952504,0.3761214630779848,18.0,2.414174972314507
-5.0269299820466795,True,0.11675824175824176,0.3663793103448276,16.0,1.8681318681318682
-1.9366197183098621,True,0.42643923240938164,4.3478260869565215,1.0,0.42643923240938164
-1.415929203539823,True,0.19791666666666669,1.4074074074074074,5.0,0.9895833333333334
-2.135231316725983,True,0.16897081413210446,1.164021164021164,7.0,1.1827956989247312
-2.52808988764045,True,0.19625995186076653,0.43407043407043405,11.0,2.158859470468432
7.779886148007598,False,0.6212424849699398,2.5,2.0,1.2424849699398797
5.289672544080615,False,0.004357298474945534,0.038461538461538464,10.0,0.04357298474945534
0.2132196162046851,False,0.1285583103764922,0.805523590333717,11.0,1.4141414141414141
3.489932885906044,True,0.15958962667426618,0.3162055335968379,11.0,1.755485893416928
2.0486555697823317,False,0.044169611307420496,0.07763975155279504,16.0,0.7067137809187279
-4.057279236276845,False,0.3715170278637771,1.0256410256410255,1.0,0.3715170278637771
9.701492537313428,False,0.2805358550039401,0.53743961352657,9.0,2.524822695035461
-5.311778290993074,True,0.11502708486591319,0.3835860838537021,19.0,2.1855146124523506
7.345971563981046,False,0.1995184038527692,0.7493540051679587,9.0,1.7956656346749227
8.045977011494255,False,0.5868544600938967,2.0491803278688523,2.0,1.1737089201877935
-1.9347037484885088,True,0.0558659217877095,0.48780487804878053,18.0,1.005586592178771
-2.3255813953488413,True,0.17291066282420747,0.4137931034482758,10.0,1.7291066282420748
-2.436194895591648,True,0.888208269525268,3.717948717948718,1.0,0.888208269525268
11.389521640091127,False,0.583941605839416,2.222222222222222,2.0,1.167883211678832
-0.8928571428571397,False,0.17667844522968199,0.8196721311475409,1.0,0.17667844522968199
-8.74125874125874,True,1.316614420062696,4.421052631578947,2.0,2.633228840125392
-9.532062391681107,True,0.6518151815181518,2.078947368421052,4.0,2.607260726072607
-4.898648648648651,True,0.12675626145387905,0.4021317829457365,16.0,2.028100183262065
-2.652519893899208,False,0.29739776951672864,0.7067137809187279,1.0,0.29739776951672864
31.294964028776985,False,1.1134020618556701,4.308510638297872,2.0,2.2268041237113403
-1.1022044088176308,False,0.6736842105263158,1.893491124260355,3.0,2.0210526315789474
-1.9062748212867353,True,0.3094688221709007,0.7266811279826465,8.0,2.4757505773672057
7.2555205047318605,True,0.2916422000391466,0.482200647249191,12.0,3.499706400469759
29.26374650512582,False,0.11860637509266124,0.17986714358712313,19.0,2.2535211267605635
-2.517985611510787,True,0.0,0.0,0.0,0.1646090534979424
-1.4519056261342977,True,0.2916666666666667,2.3333333333333335,2.0,0.5833333333333334
-4.424778761061942,True,0.0,0.0,0.0,1.4970059880239521
21.490467937608315,False,0.783410138248848,2.297297297297298,1.0,0.783410138248848
-0.7233273056057921,True,0.37656903765690375,1.8,4.0,1.506276150627615
-7.475083056478404,True,0.0,0.0,0.0,0.04878048780487805
0.0,True,0.25571674452913695,0.48872180451127817,14.0,3.5800344234079176
-3.109656301145658,True,0.2167736504261812,0.39860681114551083,17.0,3.6851520572450807
-7.03125,True,0.4381443298969072,0.8415841584158416,2.0,0.8762886597938144
-4.381846635367759,True,0.28790786948176583,1.5,4.0,1.1516314779270633
-4.107424960505535,True,0.10422698320787492,0.6545454545454544,11.0,1.1464968152866242
1.605136436597121,True,0.10837554482271174,0.7076923076923076,13.0,1.4088820826952526
-1.1058451816745696,True,0.31462585034013607,1.8877551020408163,4.0,1.2585034013605443
-0.3159557661927326,True,0.21675454012888107,1.258503401360544,6.0,1.3005272407732864
-0.78125,True,0.37606837606837606,2.5,3.0,1.1282051282051282
-3.793626707132014,True,0.04638833664678595,0.2651515151515152,12.0,0.5566600397614314
-2.6194144838212585,True,0.8278867102396514,3.619047619047619,3.0,2.4836601307189543
8.618331053351568,False,0.0,0.0,0.0,0.2651201325600663
-2.6354319180087793,True,0.1472817847086853,1.5789473684210527,19.0,2.7983539094650207
9.704641350210963,False,0.2641509433962264,1.6666666666666665,2.0,0.5283018867924528
-1.6966067864271461,True,0.11435273420319601,0.3232490675507667,19.0,2.1727019498607243
0.4052684903748771,True,0.1306532663316583,0.5131578947368421,10.0,1.306532663316583
-10.375670840787121,True,0.0,0.0,0.0,0.7726597325408618
-3.0876494023904355,True,0.340632603406326,0.7821229050279329,10.0,3.40632603406326
-11.228406909788868,True,1.6589861751152073,4.821428571428571,1.0,1.6589861751152073
-0.9345794392523366,True,0.1220472440944882,0.3734939759036145,10.0,1.220472440944882
-2.7131782945736482,True,0.2312925170068027,0.9855072463768114,5.0,1.1564625850340136
4.177545691906004,False,0.18072289156626506,0.7608695652173914,8.0,1.4457831325301205
-1.2755102040816313,True,0.29942418426103645,1.0684931506849313,5.0,1.4971209213051824
0.12987012987013546,True,0.5316742081447964,2.334437086092715,4.0,2.1266968325791855
24.675324675324674,False,0.0,0.0,0.0,1.1412708204811846
7.649253731343286,False,0.178,0.39999999999999997,10.0,1.78
4.376657824933683,False,0.28606208155812535,0.6184210526315789,10.0,2.8606208155812536
5.508474576271194,False,0.9128145114101814,3.7681159420289854,1.0,0.9128145114101814
-0.7798960138648225,True,0.4176954732510288,1.4336158192090396,6.0,2.506172839506173
9.071274298056164,False,0.0,0.0,0.0,0.6654343807763401
-6.237424547283698,True,0.11656056666367794,0.9246088193456614,19.0,2.2146507666098807
-1.5184381778741818,True,0.1224818694601128,1.4901960784313726,17.0,2.0821917808219177
-2.1505376344086002,True,0.10241545893719807,0.33922171018945213,12.0,1.228985507246377
10.460251046025103,False,0.0709408530637581,0.21944261575597981,14.0,0.9931719428926132
17.835671342685377,False,0.0,0.0,0.0,0.5547850208044383
-11.465892597968075,True,0.0,0.0,0.0,2.555066079295154
-8.695652173913048,True,0.22942737959802806,0.6028898854010961,9.0,2.0648464163822524
-11.065573770491799,True,0.11243386243386243,0.2858744394618834,16.0,1.7989417989417988
-12.253521126760559,True,0.07161377947894801,0.431547619047619,14.0,1.0025929127052722
-10.967741935483865,True,0.0,0.0,0.0,0.0859106529209622
8.463949843260199,False,0.16222062004325882,0.5921052631578947,19.0,3.0821917808219177
-4.1666666666666625,True,0.10092514718250631,0.6666666666666667,7.0,0.7064760302775441
-3.0147058823529416,True,0.0769835035349568,0.2058823529411765,10.0,0.769835035349568
-3.4407027818448066,True,1.6098226466575716,6.941176470588235,1.0,1.6098226466575716
-4.222222222222227,True,1.120331950207469,2.5233644859813085,2.0,2.240663900414938
-7.823392718822619,True,0.4067321178120617,1.5343915343915342,1.0,0.4067321178120617
-2.341137123745818,True,0.09972299168975068,4.7368421052631575,19.0,1.894736842105263
-2.003338898163609,True,0.0,0.0,0.0,0.975609756097561
-2.2757697456492587,True,0.3376768950539442,0.7140740740740741,9.0,3.039092055485498
-4.400000000000004,True,0.0,0.0,0.0,0.9376465072667604
-1.7902813299232712,True,0.030181086519114688,0.14778325123152708,14.0,0.4225352112676056
-2.651515151515149,True,0.35398230088495575,3.225806451612903,1.0,0.35398230088495575
-2.994791666666663,True,0.0,0.0,0.0,0.5617977528089888
-2.887139107611547,True,0.15187470336972,0.7142857142857144,7.0,1.06312292358804
-5.717916137229984,True,0.0,0.0,0.0,0.05730659025787966
7.412223667100126,False,0.39050131926121373,1.298245614035088,5.0,1.9525065963060686
-3.627450980392155,True,0.1399825021872266,0.28571428571428575,18.0,2.5196850393700787
-7.199999999999996,True,0.07010866843607592,0.23923444976076558,19.0,1.3320647002854424
21.084337349397586,False,0.04721621089907535,0.5572755417956657,17.0,0.802675585284281
-1.0526315789473717,True,0.14705882352941177,0.3508771929824561,13.0,1.911764705882353
-6.451612903225811,True,0.367965367965368,1.619047619047619,3.0,1.103896103896104
-2.4048096192384794,True,0.14362330697209344,0.44232922732362817,19.0,2.7288428324697755
-6.072874493927127,True,0.1553672316384181,1.114864864864865,8.0,1.2429378531073447
-2.7944111776447067,True,0.051222947880650536,0.14419610670511898,19.0,0.9732360097323601
-5.692599620493355,True,0.0,0.0,0.0,1.1428571428571428
-3.689320388349515,True,0.6165703275529865,2.4806201550387597,3.0,1.8497109826589595
-3.731343283582089,True,0.04798255179934569,0.2558139534883721,10.0,0.4798255179934569
-4.444444444444439,True,0.5539070227497527,2.641509433962264,2.0,1.1078140454995054
3.2490974729241895,True,0.17682198327359616,1.3703703703703702,9.0,1.5913978494623655
-3.322259136212624,False,0.0,0.0,0.0,0.3305785123966942
8.476821192052974,False,0.02201430930104568,0.12658227848101267,19.0,0.41827187671986793
-1.4184397163120588,True,0.8403361344537815,2.9411764705882355,1.0,0.8403361344537815
-2.083333333333337,True,0.26283367556468173,1.777777777777778,5.0,1.3141683778234086
-9.121061359867333,True,0.027159152634437803,0.1984126984126984,7.0,0.19011406844106463
-0.5444646098003658,True,0.0967741935483871,0.46875,16.0,1.5483870967741935
-1.602959309494456,True,0.27629233511586454,0.5006922011998154,11.0,3.0392156862745097
-8.1351689612015,True,0.0,0.0,0.0,0.6611570247933884
-0.7109004739336511,True,0.17879948914431673,0.4713804713804714,9.0,1.6091954022988506
-2.1126760563380254,True,0.967741935483871,3.6000000000000005,1.0,0.967741935483871
-1.6091954022988464,True,0.008888888888888889,0.038461538461538464,10.0,0.08888888888888889
-1.8604651162790753,True,0.7983193277310925,4.523809523809525,2.0,1.596638655462185
-1.4117647058823568,True,0.09515313707998811,0.44321329639889195,19.0,1.807909604519774
-0.4761904761904745,True,0.16666666666666666,0.9523809523809524,6.0,1.0
-0.9546539379474916,True,0.14240506329113925,0.8035714285714286,8.0,1.139240506329114
0.9546539379474916,True,0.12413793103448276,0.6428571428571429,10.0,1.2413793103448276
5.773672055427248,False,0.0,0.0,0.0,0.6299212598425197
0.189753320683117,True,0.22292993630573246,0.457516339869281,12.0,2.6751592356687897
-7.380073800738007,True,0.08594229588704727,0.17056530214424953,18.0,1.5469613259668509
-3.0241935483870996,True,0.1496786789229643,1.6140350877192984,19.0,2.8438948995363216
-1.8181818181818188,True,0.08790713400202863,0.5547652916073968,19.0,1.6702355460385439
-1.5700483091787398,True,0.4111111111111111,1.4230769230769231,4.0,1.6444444444444444
4.800000000000004,False,0.0,0.0,0.0,2.163355408388521
15.931108719052745,False,0.19686800894854586,1.1458333333333335,3.0,0.5906040268456376
7.4398249452954035,False,0.06105733432613552,1.607843137254902,17.0,1.0379746835443038
-31.30277442702051,True,0.0,0.0,0.0,1.431878895814782
-4.545454545454541,True,1.1780673181324648,2.0018450184501844,4.0,4.712269272529859
-7.429963459196099,True,0.32273743559832796,0.6806068060680607,9.0,2.904636920384952
5.7507987220447365,True,0.15450361604207757,0.5816831683168316,8.0,1.2360289283366206
-3.9270687237026647,False,0.0,0.0,0.0,0.555205047318612
5.818181818181811,False,0.6937269372693727,6.911764705882353,2.0,1.3874538745387455
-5.227882037533515,True,0.1171303074670571,0.27586206896551724,14.0,1.6398243045387995
12.907801418439725,False,0.08112023177209078,0.4805491990846682,19.0,1.5412844036697249
-5.809641532756493,True,0.12138279277529618,0.2741228070175438,19.0,2.3062730627306274
6.315789473684208,False,0.7518796992481203,2.1739130434782608,1.0,0.7518796992481203
-11.337868480725621,True,0.017861395570373896,0.5042016806722688,17.0,0.30364372469635625
8.229426433915222,False,1.4331210191082802,4.313099041533547,1.0,1.4331210191082802
3.203661327231111,True,0.23273855702094648,0.5988023952095809,9.0,2.0946470131885184
4.929577464788726,False,0.0,0.0,0.0,1.3343799058084773
-0.7332722273143855,True,0.05625879043600563,0.29629629629629634,15.0,0.8438818565400844
-2.3193577163247103,True,0.0,0.0,0.0,0.5952380952380952
-1.7132551848512145,True,0.20889748549323017,1.5,5.0,1.0444874274661509
-7.095158597662776,True,0.0,0.0,0.0,0.4838709677419355
1.6652059596844904,True,0.17964071856287425,0.5,12.0,2.155688622754491
-0.08741258741258306,True,0.07952286282306163,0.1652892561983471,19.0,1.510934393638171
-1.2998266897746968,True,0.14125316914161534,1.0427807486631016,11.0,1.5537848605577689
19.877942458587626,False,0.11477761836441894,0.6060606060606061,19.0,2.1807747489239597
-8.17704426106527,True,0.10224451044354643,0.3588516746411483,19.0,1.942645698427382
-9.570724841660805,True,1.4214214214214214,2.762645914396887,1.0,1.4214214214214214
-2.5341130604288553,True,0.5552364541451273,1.2554112554112555,6.0,3.331418724870764
7.2566371681416,False,0.0,0.0,0.0,0.8321377331420373
13.56521739130434,False,0.11535688536409516,3.062200956937799,19.0,2.191780821917808
-2.4357239512855178,True,0.13365047004190733,2.0486111111111107,9.0,1.202854230377166
36.777367773677724,False,0.0,0.0,0.0,0.5078125
-1.241534988713322,True,0.15572105619498983,0.6442577030812324,7.0,1.0900473933649288
0.4424778761061843,False,0.7755102040816326,2.3749999999999996,1.0,0.7755102040816326
-1.4207650273224015,True,1.7622950819672132,12.285714285714286,1.0,1.7622950819672132
-2.032085561497321,True,0.1803921568627451,1.314285714285714,5.0,0.9019607843137255
3.0172413793103425,False,0.2331002331002331,0.9389671361502346,3.0,0.6993006993006993
-7.505285412262152,True,1.1802030456852792,3.780487804878049,2.0,2.3604060913705585
-0.5138746145940343,True,0.4781997187060478,2.125,1.0,0.4781997187060478
4.28422152560084,False,0.9855072463768116,13.076923076923077,1.0,0.9855072463768116
-2.4975024975025018,True,0.12913385826771653,0.3178294573643411,10.0,1.2913385826771653
5.414746543778803,False,0.06997455470737914,1.0185185185185184,6.0,0.4198473282442748
-3.6231884057971064,True,0.7707129094412332,3.174603174603175,1.0,0.7707129094412332
-7.241746538871141,True,0.30249110320284694,1.2142857142857142,6.0,1.8149466192170818
-3.1347962382445194,True,0.0390625,0.17045454545454547,16.0,0.625
-1.2725344644750836,True,0.13241525423728814,0.49603174603174605,8.0,1.0593220338983051
-8.775137111517372,True,0.0,0.0,0.0,0.06837606837606838
28.280961182994456,False,0.060896041757285774,0.12870604458745113,19.0,1.1570247933884297
0.4166666666666652,False,0.0,0.0,0.0,0.28368794326241137
-8.906882591093112,True,1.749663526244953,3.333333333333334,1.0,1.749663526244953
-2.245706737120212,True,0.4533959537572254,0.8525815217391305,8.0,3.6271676300578033
5.198019801980203,False,0.0,0.0,0.0,0.19753086419753085
-15.995647442872684,True,0.08205810601020182,0.2635327635327635,9.0,0.7385229540918163
-7.458563535911599,True,0.14788524105294293,0.35360678925035366,14.0,2.070393374741201
-1.2499999999999956,True,3.1067961165048543,8.51063829787234,1.0,3.1067961165048543
30.075187969924812,False,0.8989501312335958,2.4290780141843973,3.0,2.6968503937007875
85.31928900592496,False,0.4983388704318937,1.6483516483516485,3.0,1.495016611295681
29.828326180257502,False,0.549828178694158,2.222222222222222,3.0,1.6494845360824741
3.6484245439469376,False,0.08308895405669599,0.20606060606060606,11.0,0.9139784946236559
1.5151515151515138,False,1.8077474892395984,5.25,1.0,1.8077474892395984
8.112874779541457,False,0.21749298409728718,1.3676470588235294,8.0,1.7399438727782974
-8.108108108108103,True,1.6618497109826589,4.299065420560748,1.0,1.6618497109826589
-3.597122302158273,True,0.12041672304153701,0.4003598740440846,19.0,2.2879177377892033
-1.0830324909747335,True,0.7669616519174042,2.888888888888889,3.0,2.3008849557522124
0.865051903114189,False,0.13485166317051245,0.5,12.0,1.6182199580461494
-4.3918918918918965,True,0.07254525009974971,0.23391812865497075,19.0,1.3783597518952446
-8.45410628019324,True,0.4834494773519164,1.3669950738916257,4.0,1.9337979094076656
-6.641123882503197,True,0.34206775572853854,1.0978184377199156,7.0,2.3944742900997698
20.953502060035323,False,0.12631578947368421,1.74812030075188,19.0,2.4
23.21144674085851,False,0.0,0.0,0.0,0.6933333333333334
3.305785123966931,False,1.1931064958020328,5.869565217391305,1.0,1.1931064958020328
5.496453900709231,False,0.0,0.0,0.0,0.15355086372360843
8.683068017366136,False,0.0,0.0,0.0,0.8613728129205922
-3.8961038961038974,False,0.0,0.0,0.0,1.4838255977496484
-16.875871687587175,True,0.0,0.0,0.0,1.0156739811912225
-1.8411967779056404,True,0.2927400468384075,1.8939393939393938,4.0,1.17096018735363
-4.43722943722944,True,0.0,0.0,0.0,0.9467455621301775
-5.714285714285716,True,0.2122093023255814,0.5328467153284672,10.0,2.122093023255814
-1.3554216867469826,True,0.12232415902140674,0.2651515151515152,9.0,1.1009174311926606
-3.2710280373831724,True,0.09618573797678275,1.1507936507936507,18.0,1.7313432835820894
-2.6645768025078342,True,0.19978969505783387,0.7196969696969697,6.0,1.1987381703470033
-1.098901098901095,True,0.1510574018126888,0.5681818181818181,8.0,1.2084592145015105
10.153846153846157,False,0.25280898876404495,3.2142857142857144,2.0,0.5056179775280899
-4.23529411764706,True,0.21901757548445247,0.6295336787564767,10.0,2.1901757548445246
-2.322097378277155,True,0.02456140350877193,0.24561403508771928,19.0,0.4666666666666667
-7.70252324037185,True,0.05697006880231386,0.2781343602909713,19.0,1.0824313072439633
-1.465457083042565,True,0.0,0.0,0.0,0.5751633986928104
-3.9764359351988188,True,0.442643391521197,1.2412587412587412,4.0,1.770573566084788
-1.0558069381598756,True,0.2560706401766004,0.675990675990676,9.0,2.3046357615894038
5.027932960893855,False,0.0,0.0,0.0,0.3466204506065858
17.30038022813689,False,0.0,0.0,0.0,0.1736613603473227
-2.2255192878338326,True,0.11592271818787477,0.3179824561403509,19.0,2.2025316455696204
10.664718772826888,False,0.0,0.0,0.0,0.30103480714957664
-6.678592725104348,True,0.0,0.0,0.0,0.3793103448275862
48.75491480996068,False,0.0,0.0,0.0,0.6145552560646901
-12.037580739870812,False,0.0,0.0,0.0,2.052130740587505
14.999999999999991,False,0.342271637235666,0.583353975724548,11.0,3.7649880095923263
-4.163052905464005,True,0.369935408103347,0.5348047538200339,12.0,4.439224897240164
-4.283360790774305,True,0.05102040816326531,3.3333333333333335,19.0,0.9693877551020408
9.934853420195445,False,0.04694835680751174,0.16129032258064518,7.0,0.3286384976525822
-1.2499999999999956,True,0.3484848484848485,1.7692307692307694,5.0,1.7424242424242424
5.1056338028169,False,0.14566442215198572,1.4681440443213298,19.0,2.7676240208877285
-7.459207459207462,True,0.1621284556225317,0.2998846597462514,17.0,2.756183745583039
4.067796610169494,False,0.19335142469470828,0.7744565217391304,8.0,1.5468113975576663
5.2823315118397,False,1.1623811201127157,5.051020408163264,2.0,2.3247622402254313
-17.741935483870964,True,0.9619238476953907,2.2429906542056073,1.0,0.9619238476953907
-6.242905788876274,True,0.1174812030075188,2.321981424148607,19.0,2.232142857142857
8.3984375,False,0.0,0.0,0.0,0.7515657620041754
-9.289617486338797,True,0.0,0.0,0.0,0.6985294117647058
6.6805845511482165,False,0.0,0.0,0.0,0.1902497027348395
2.8625954198473247,False,0.07419429631347091,0.4414261460101868,19.0,1.4096916299559472
11.090909090909085,False,0.12025901942645699,0.5078125,4.0,0.48103607770582796
-5.902777777777779,True,0.38979963570127507,2.2669491525423733,4.0,1.5591985428051003
-11.198738170347,True,0.0,0.0,0.0,1.3006681514476615
-1.8965517241379293,True,0.27215257687774563,1.0225442834138485,9.0,2.449373191899711
-7.9999999999999964,True,0.0,0.0,0.0,0.0
-1.834862385321101,True,0.12754222681833852,0.7341269841269842,12.0,1.530506721820062
-1.319261213720313,True,0.11784511784511785,0.625,16.0,1.8855218855218856
12.681638044914134,False,0.07092198581560284,4.444444444444444,15.0,1.0638297872340425
-1.1857707509881465,False,0.0,0.0,0.0,0.15544041450777202
-3.551745254133498,True,1.3320079522862822,5.403225806451613,1.0,1.3320079522862822
-2.8013029315960947,True,0.24427480916030536,1.1789473684210527,5.0,1.2213740458015268
3.7061118335500742,False,0.13561924257932445,0.6973684210526315,8.0,1.0849539406345956
-0.9983361064891838,True,0.2794759825327511,1.6842105263157894,5.0,1.3973799126637554
-3.5277177825773887,True,0.2444273635664873,0.45299145299145294,10.0,2.444273635664873
5.683563748079878,False,0.13777900248002203,1.422475106685633,19.0,2.6178010471204187
-0.6818181818181834,True,0.21645021645021645,0.9259259259259259,6.0,1.2987012987012987
-2.4943310657596363,True,0.12903225806451613,0.5555555555555555,9.0,1.1612903225806452
9.50413223140496,False,0.0,0.0,0.0,0.6169665809768637
-2.5782688766114226,True,0.2274678111587983,0.5300000000000001,10.0,2.274678111587983
-8.399366085578453,False,0.0,0.0,0.0,0.6077348066298343
-1.038062283737029,True,0.24806201550387597,0.4199475065616798,12.0,2.9767441860465116
56.63338088445078,False,0.0,0.0,0.0,0.9108910891089109
-0.5893909626719096,True,0.16460069091648039,0.23189235614085313,14.0,2.3044096728307255
9.160305343511443,False,0.03784295175023652,0.056497175141242945,19.0,0.7190160832544938
-0.5617977528089901,False,0.0,0.0,0.0,0.390625
-14.800000000000002,True,0.0,0.0,0.0,0.6528189910979229
-1.0179640718562921,True,0.6993006993006993,2.5,3.0,2.097902097902098
12.47216035634744,False,0.0,0.0,0.0,0.13769363166953527
-2.5373134328358193,True,0.278372591006424,0.5,10.0,2.78372591006424
-1.927710843373498,False,1.651376146788991,3.422053231939164,1.0,1.651376146788991
-0.9828009828009798,True,0.21236625010209914,0.44936052540615273,11.0,2.3360287511230906
0.4878048780487809,True,0.14187021959042684,0.31233025529603475,14.0,1.9861830742659758
7.728337236533966,False,0.0,0.0,0.0,1.5767634854771784
-20.263591433278417,True,0.0,0.0,0.0,0.0
-3.300970873786413,True,0.0,0.0,0.0,1.0
-2.254335260115603,True,0.2830188679245283,1.1065573770491803,4.0,1.1320754716981132
14.531336661120363,False,0.0,0.0,0.0,0.10619469026548672
-2.5427872860635747,True,0.29470864032150035,0.5034324942791761,10.0,2.9470864032150033
-1.4184397163120588,False,1.7335766423357664,3.310104529616725,1.0,1.7335766423357664
12.949640287769792,False,0.18986861092124252,0.39594551789673743,11.0,2.0885547201336676
-20.487804878048777,True,0.0,0.0,0.0,0.0
-1.949317738791423,True,0.1643835616438356,0.6122448979591836,5.0,0.821917808219178
-2.317290552584672,True,0.33962264150943394,1.1842105263157894,4.0,1.3584905660377358
12.479015109121438,False,0.0,0.0,0.0,0.0
-2.493765586034913,True,0.242098184263618,0.4851752021563342,10.0,2.42098184263618
-2.1844660194174748,False,1.4231499051233396,3.378378378378378,1.0,1.4231499051233396
1.7369727047146455,True,0.2373887240356083,0.5405405405405406,10.0,2.373887240356083
7.3634204275534465,False,0.0,0.0,0.0,1.7707362534948743
-20.034542314335056,True,0.0,0.0,0.0,0.1426872770511296
7.42268041237113,False,0.38205980066445183,1.4024390243902438,4.0,1.5282392026578073
-4.171779141104293,True,0.21747726374060894,1.0784313725490196,6.0,1.3048635824436536
-1.0282776349614386,False,0.0,0.0,0.0,2.33983286908078
2.6058631921824116,False,0.07662835249042146,1.6,19.0,1.4559386973180077
15.174603174603174,False,0.18485283560660445,0.6261398176291794,7.0,1.2939698492462313
10.984848484848486,False,0.21302681992337166,0.44408945686900964,10.0,2.1302681992337167
-3.2295271049596286,True,0.7201309328968903,2.528735632183908,1.0,0.7201309328968903
18.698224852071,False,0.2805755395683453,1.4999999999999998,5.0,1.4028776978417266
-0.8000000000000007,False,1.9411396368190357,5.032467532467533,1.0,1.9411396368190357
5.502717391304346,True,0.16187527642636002,0.42439703153988867,14.0,2.26625386996904
-3.5993740219092296,True,0.06666666666666667,0.25510204081632654,16.0,1.0666666666666667
-3.349282296650713,True,0.0886426592797784,0.3437164339419978,19.0,1.6842105263157894
1.9858156028368823,False,0.0,0.0,0.0,0.13303769401330376
13.07371349095967,False,0.16031537450722733,0.35465116279069764,10.0,1.6031537450722733
11.604584527220641,False,0.49760765550239233,2.7083333333333335,2.0,0.9952153110047847
-5.042567125081865,True,0.16965774247327647,0.30777441736345856,11.0,1.866235167206041
6.609385327164574,False,0.09806365827308235,0.7203907203907203,18.0,1.7651458489154823
3.9695945945946054,False,0.6716417910447762,2.4000000000000004,1.0,0.6716417910447762
-11.225040474905557,True,0.5093683383821385,2.91025641025641,3.0,1.5281050151464153
-6.5596650383810235,True,0.3076923076923077,1.2949640287769786,3.0,0.9230769230769231
8.268156424581008,False,0.0,0.0,0.0,0.22094140249759847
-4.397905759162302,True,0.7998439328911432,4.166666666666666,2.0,1.5996878657822864
-13.65096359743041,True,0.0,0.0,0.0,2.3065157540532275
-8.521303258145362,True,0.21571648690292758,0.687960687960688,11.0,2.3728813559322033
-18.52189781021898,False,0.0,0.0,0.0,2.766439909297052
6.009070294784591,True,0.4111600587371513,0.5725971370143149,12.0,4.933920704845815
-6.099290780141842,True,0.0,0.0,0.0,0.660377358490566
-1.8160515524311638,True,0.17637677080401537,0.9453570231310761,19.0,3.3511586452762923
-3.400576368876085,True,0.1995395241749808,0.8666666666666666,3.0,0.5986185725249424
5.317577548005903,False,0.11163439734868305,0.7407407407407406,9.0,1.0047095761381475
-4.9731182795698885,True,0.0,0.0,0.0,0.6412825651302605
26.74897119341564,False,0.11465603190428714,0.6442577030812325,17.0,1.9491525423728813
-2.5229357798165153,True,0.2843601895734597,0.45627376425855515,10.0,2.843601895734597
24.434389140271495,False,0.0,0.0,0.0,1.2936610608020698
0.3669724770642091,True,0.2673392181588903,0.45808124459809846,13.0,3.4754098360655736
17.97385620915033,False,0.8144087705559906,3.3766233766233764,1.0,0.8144087705559906
1.8957345971563955,True,0.2727272727272727,0.6157205240174672,10.0,2.727272727272727
-7.952871870397649,True,0.2238314680710994,1.1643835616438356,4.0,0.8953258722843976
10.656934306569333,False,0.06594830124241889,0.4261796042617961,9.0,0.59353471118177
-14.59459459459459,True,0.0,0.0,0.0,1.2760736196319018
-7.21311475409836,True,1.1435941530524505,3.292079207920792,2.0,2.287188306104901
0.2331002331002363,True,0.3708040593286495,1.1757425742574257,8.0,2.966432474629196
-3.100775193798455,True,0.21919879062736208,0.7178217821782178,10.0,2.1919879062736207
0.34883720930232176,True,0.20330918135611548,0.6647807637906648,14.0,2.8463285389856168
-8.405172413793105,True,0.029540643001329327,0.3157894736842105,19.0,0.5612722170252572
12.35955056179776,False,0.18627310502937383,1.1607142857142858,7.0,1.3039117352056169
-5.245901639344264,True,0.016109544905356425,0.1876172607879925,13.0,0.2094240837696335
6.253458771444387,False,1.1817168338907469,4.6902654867256635,1.0,1.1817168338907469
-10.950413223140497,True,3.7924616100511863,7.951219512195122,1.0,3.7924616100511863
-5.765407554671964,True,0.368701351904957,0.8780487804878049,8.0,2.949610815239656
-4.928131416837777,True,0.19457618873890306,0.5203252032520326,15.0,2.9186428310835457
0.8350730688935215,False,0.16661212103180503,0.4313222079589217,19.0,3.1656302996042958
31.21019108280254,False,0.12251826703077719,0.40686274509803927,17.0,2.082810539523212
-2.990654205607479,True,0.3018065887353879,0.6311111111111112,10.0,3.018065887353879
10.477453580901862,False,0.0,0.0,0.0,0.15503875968992248
-5.447470817120625,True,0.35995500562429694,0.9204218600191754,7.0,2.5196850393700787
-1.6267942583732098,True,0.024509803921568627,0.14423076923076922,16.0,0.39215686274509803
24.663677130044846,False,0.0,0.0,0.0,0.33444816053511706
-2.3416711016498115,True,0.3783958602846054,0.7670454545454545,8.0,3.0271668822768434
11.691542288557223,False,0.4151291512915129,1.7647058823529413,3.0,1.2453874538745386
7.060755336617408,False,0.0,0.0,0.0,0.0
-5.800756620428748,True,0.38188380486668994,1.19533527696793,7.0,2.6731866340668295
3.995006242197263,False,0.004184975936388366,0.042735042735042736,18.0,0.07532956685499058
11.283376399655465,False,0.10064412238325282,0.3885003885003884,9.0,0.9057971014492754
-3.5997120230381596,True,0.16449318316538233,0.3987068965517241,8.0,1.3159454653230587
-9.223300970873783,True,0.04785281135266697,0.11904761904761904,14.0,0.6699393589373376
13.154172560113153,False,0.05653888398725174,0.11992972271025895,19.0,1.074238795757783
19.95809324253537,False,0.7254740313272877,6.929133858267717,1.0,0.7254740313272877
-0.25920165889061764,True,0.31215161649944256,2.8571428571428568,5.0,1.560758082497213
6.718346253229979,False,0.20826553856166613,1.8658892128279885,7.0,1.457858769931663
-3.0660377358490587,True,0.6109201985490645,1.871345029239766,3.0,1.8327605956471935
-1.1904761904761862,True,0.21101992966002342,0.6315789473684209,10.0,2.1101992966002343
-2.5821596244131495,True,0.02794597112249651,0.24291497975708504,19.0,0.5309734513274337
1.1904761904761862,True,0.12232415902140674,0.634920634920635,9.0,1.1009174311926606
-1.1737089201877882,True,1.0377358490566038,6.470588235294117,1.0,1.0377358490566038
-5.668934240362811,True,0.0,0.0,0.0,0.0
15.492957746478876,False,0.25862068965517243,1.0344827586206897,5.0,1.293103448275862
-2.2522522522522515,True,0.28284671532846717,0.4983922829581994,12.0,3.394160583941606
-0.1457725947521915,False,0.07423182233039245,0.14081255771006465,19.0,1.4104046242774566
-4.4034090909090935,True,0.5764411027568922,2.5555555555555554,1.0,0.5764411027568922
-11.573472041612487,True,0.0,0.0,0.0,0.5990016638935108
-3.475935828877008,True,0.8504398826979472,2.7358490566037736,1.0,0.8504398826979472
-1.688453159041392,True,0.12544802867383512,0.4952830188679245,12.0,1.5053763440860215
-4.610655737704916,True,0.0,0.0,0.0,0.16580310880829016
2.6371308016877704,False,0.17239343488015113,0.49457994579945797,9.0,1.5515409139213603
11.53649821337417,False,0.3493449781659389,0.9756097560975611,5.0,1.7467248908296944
-8.59232175502742,True,0.14022281982328083,0.2273435066957334,19.0,2.664233576642336
3.4862385321100975,False,0.016272068993572534,0.09191176470588237,17.0,0.2766251728907331
-8.22596630327056,True,0.2741367159971811,0.3713249331806033,12.0,3.2896405919661733
-5.965621840242674,True,0.14723082215342276,0.6586642043705755,19.0,2.7973856209150325
14.482758620689662,False,1.6576964477933263,4.230769230769231,2.0,3.3153928955866525
-2.3681377825618966,True,0.139385275196569,0.39473684210526316,12.0,1.6726233023588277
13.067655236329934,False,0.2006197153510845,0.39373325087610805,11.0,2.2068168688619294
-9.312638580931266,True,0.6575682382133995,1.9924812030075187,3.0,1.9727047146401986
1.1530398322851187,False,0.07558098467189377,0.2234753550543024,18.0,1.3604577240940878
-5.492227979274611,True,0.6896551724137931,5.0,1.0,0.6896551724137931
-2.985074626865669,True,0.438871473354232,1.320754716981132,1.0,0.438871473354232
-2.7722772277227747,False,0.0,0.0,0.0,1.0192081536652293
11.3899613899614,False,0.0700280112044818,0.7352941176470589,17.0,1.1904761904761905
-1.0101010101010055,True,0.37660818713450295,0.5551724137931036,10.0,3.7660818713450293
-2.3064250411861664,True,0.21994690936670458,1.0984848484848484,6.0,1.3196814562002275
-16.879432624113477,True,1.461609620721554,4.906832298136646,1.0,1.461609620721554
-14.427860696517413,True,0.0,0.0,0.0,0.0
11.05263157894736,False,0.0,0.0,0.0,1.0103806228373702
0.3205128205128194,True,0.17908635604795872,0.6462212486308871,11.0,1.9699499165275458
-2.1241830065359513,True,0.738255033557047,3.3000000000000003,2.0,1.476510067114094
-0.48701298701299134,True,0.11507936507936507,0.58,10.0,1.1507936507936507
-8.306709265175716,True,0.024600246002460024,0.392156862745098,18.0,0.44280442804428044
-8.990944372574383,True,0.0,0.0,0.0,2.7759740259740258
-11.016949152542377,True,0.8259166963332146,4.566929133858268,2.0,1.6518333926664293
6.8376068376068355,False,0.1965230536659108,0.9352517985611511,3.0,0.5895691609977324
-3.2786885245901676,True,0.30944156591824984,0.992613111726685,6.0,1.8566493955094991
11.47011308562198,False,1.0866910866910866,3.819742489270386,2.0,2.173382173382173
-14.10480349344978,True,0.0,0.0,0.0,1.468882875918052
-7.939914163090133,True,0.33178500331785005,1.9230769230769231,3.0,0.9953550099535501
-3.31858407079646,True,0.22619782027555005,1.4102564102564101,6.0,1.3571869216533003
13.948497854077257,False,0.11496014714898835,0.7211538461538461,8.0,0.9196811771919068
0.1980198019801982,True,0.31,0.7962328767123287,8.0,2.48
-4.570383912248632,True,1.7225950782997763,6.111111111111112,1.0,1.7225950782997763
0.0,True,0.19887005649717515,0.6984126984126985,10.0,1.9887005649717515
13.93034825870647,False,0.03035120682179506,0.09803921568627452,17.0,0.515970515970516
-14.014466546112114,True,0.0,0.0,0.0,0.9995100440960314
-2.2271714922049046,True,0.03992015968063872,0.5555555555555556,14.0,0.5588822355289421
-5.251798561151078,True,0.0,0.0,0.0,0.11278195488721804
-2.7967681789931587,True,0.11864406779661017,0.26197604790419166,12.0,1.423728813559322
-5.982404692082111,True,0.0,0.0,0.0,1.0570824524312896
6.811145510835903,False,0.3778770182068018,1.4473684210526316,6.0,2.2672621092408107
5.695039804041646,False,0.14723557692307693,0.5951417004048583,13.0,1.9140625
-4.691916336913515,True,0.17893030794165316,0.9517241379310345,5.0,0.8946515397082658
-2.4539877300613466,False,0.0,0.0,0.0,1.0059171597633136
-3.0456852791878153,True,0.1292352643703995,0.32167832167832167,13.0,1.6800584368151936
-3.298153034300788,True,0.10140028971511347,0.2293077091067919,19.0,1.926605504587156
-4.807692307692313,True,0.008161044613710556,0.0625,16.0,0.1305767138193689
-4.06607369758577,True,0.45294117647058824,2.0052083333333335,4.0,1.811764705882353
-3.875968992248058,True,0.2733900364520049,1.1718750000000002,8.0,2.187120291616039
-3.1290743155149903,True,0.24464060529634302,1.0104166666666667,10.0,2.44640605296343
-8.125819134993451,True,0.10074276444975667,0.4820261437908496,17.0,1.7126269956458635
-5.066666666666664,True,0.6901408450704225,3.3108108108108105,2.0,1.380281690140845
-2.393617021276595,True,0.20805666223992916,1.0585585585585586,6.0,1.248339973439575
1.4844804318488558,True,0.20055325034578148,0.9797297297297298,8.0,1.6044260027662518
7.033248081841426,False,0.04148871262965223,0.20884520884520885,11.0,0.4563758389261745
12.413793103448278,False,0.23890302516256715,0.4424083769633507,10.0,2.3890302516256714
-7.167235494880542,True,0.13009817224040227,0.25100092392978135,17.0,2.2116689280868385
-1.8181818181818188,False,0.9224730127576055,2.8658536585365857,1.0,0.9224730127576055
-3.216974674880224,True,0.1964643325737173,0.34310178485287024,12.0,2.3575719908846073
-4.228855721393032,True,0.14573396926338103,0.6892230576441104,6.0,0.8744038155802861
16.767983789260388,False,0.0,0.0,0.0,0.01774622892635315
-14.308176100628934,False,0.0,0.0,0.0,0.4674110620618021
33.57142857142856,False,0.22979397781299524,0.39215686274509803,10.0,2.2979397781299524
-5.08259212198221,True,0.3271375464684015,1.4864864864864864,5.0,1.6356877323420074
-1.4598540145985384,True,0.16342225426580148,8.947368421052632,19.0,3.105022831050228
14.563106796116498,False,0.26066350710900477,1.375,4.0,1.042654028436019
-5.32258064516129,True,0.12843814370531928,1.3383838383838385,18.0,2.311886586695747
8.650519031141869,False,0.40586245772266066,1.5789473684210529,3.0,1.217587373167982
5.836575875486383,False,0.09797456429580782,0.18759018759018758,11.0,1.077720207253886
-0.8674101610904539,True,0.4086398131932283,1.2612612612612615,6.0,2.4518388791593697
15.757575757575747,False,0.0825593395252838,0.28522920203735147,19.0,1.5686274509803921
-2.7807486631016065,True,0.15660861347374105,0.3703703703703704,9.0,1.4094775212636694
-4.652406417112298,True,0.11734239702193089,0.2777777777777778,12.0,1.4081087642631707
-3.288409703504047,True,1.0087719298245614,3.8851351351351346,2.0,2.017543859649123
17.51662971175165,False,0.599750104123282,1.7142857142857144,1.0,0.599750104123282
-0.9852216748768461,True,0.14499917614104466,0.22675736961451246,14.0,2.029988465974625
-3.74707259953162,True,0.0640026714158504,0.10371572871572872,16.0,1.0240427426536065
10.51502145922747,False,0.0,0.0,0.0,0.19550342130987292
27.906976744186053,False,0.0,0.0,0.0,0.46511627906976744
10.330578512396693,False,1.40177690029615,5.725806451612903,1.0,1.40177690029615
15.839416058394162,False,0.15005359056806003,0.5072463768115941,6.0,0.9003215434083601
-4.758572428271524,True,0.4890678941311853,1.628352490421456,4.0,1.9562715765247412
-4.607046070460708,True,0.12793842313293113,0.4284221525600836,11.0,1.4073226544622426
3.286713286713283,True,0.1492141974218612,0.46250684181718665,14.0,2.0889987639060568
3.106411103767348,False,0.020546862652125807,0.06306087800145524,19.0,0.39039039039039036
-1.15254237288136,True,0.9180327868852459,5.072463768115942,2.0,1.8360655737704918
-2.555480833893742,True,0.41939711664482304,2.3188405797101446,4.0,1.6775884665792922
-5.7998725302740635,True,0.0,0.0,0.0,1.086092715231788
7.984144960362394,False,0.0,0.0,0.0,0.2572347266881029
17.325664989216392,False,0.7112526539278131,6.036036036036036,1.0,0.7112526539278131
-4.4235924932975905,True,0.14890428919273271,0.31460229521171346,19.0,2.829181494661922
-4.546907098835884,True,0.16344000398148611,0.342869074963458,10.0,1.634400039814861
8.909749015552283,False,0.0,0.0,0.0,0.18955741728018954
0.0,True,0.2608467847570683,1.8207393236932425,7.0,1.825927493299478
13.393007228105569,False,0.0,0.0,0.0,0.8591015868450069
-1.4209084683862172,True,0.13207880894521518,0.3395476651773358,8.0,1.0566304715617214
-4.57796852646638,True,0.09116337157395508,0.23282327046511933,12.0,1.093960458887461
-2.9717682020802383,True,0.09740686715390255,0.2248184078502699,17.0,1.6559167416163434
-6.5573770491803245,True,0.09094164608435192,0.20531539199507207,19.0,1.7278912756026865
-5.386740331491713,False,0.0,0.0,0.0,0.37403740374037403
-5.4014598540146,True,0.14795244385733158,0.448,10.0,1.4795244385733157
19.20341394025604,False,0.08268958764008269,0.23384615384615384,13.0,1.074964639321075
1.5036674816625961,False,0.0,0.0,0.0,0.9194177021219894
4.536489151873768,True,0.24874794127709057,0.7768021857413073,11.0,2.736227354047996
-7.03296703296703,True,0.06865976145637162,121.52777777777777,16.0,1.098556183301946
-3.6446469248291535,True,0.16304780084307643,0.5481283422459894,11.0,1.7935258092738409
14.634146341463406,False,0.10181511778955868,0.32805429864253394,13.0,1.3235965312642628
16.273699562469623,False,0.044548280436375154,4.563894523326573,17.0,0.7573207674183776
4.265764782893311,True,0.8595415778251599,9.713855421686748,2.0,1.7190831556503199
4.812059136148417,False,0.0,0.0,0.0,0.0
-1.2854251012145768,True,0.15684051398337112,0.9699094361671048,7.0,1.097883597883598
21.354478356273688,False,0.05665636089492682,0.34578918014500837,11.0,0.623219969844195
-2.973035261581014,True,0.08025424667580874,0.16691294469072246,14.0,1.1235594534613225
-4.265402843601896,True,0.07829470871812744,0.1665863394258456,18.0,1.4093047569262938
-9.444444444444445,True,0.06331154556379517,0.16569499846578703,14.0,0.8863616378931325
-4.275534441805229,True,0.07181203495873942,0.18609100590220742,17.0,1.2208045942985701
-4.988123515439435,True,0.027489374299549597,0.33181887794170195,19.0,0.5222981116914424
-4.362745098039211,True,0.12535612535612536,1.1640211640211642,9.0,1.1282051282051282
15.815085158150843,False,0.0878166019596968,0.753968253968254,12.0,1.0537992235163616
-2.1186440677966156,True,0.3960836671117045,1.2225274725274726,7.0,2.7725856697819315
-2.6760563380281654,True,0.22469008264462811,0.7604895104895105,11.0,2.471590909090909
-2.256699576868826,True,0.15890930432034672,0.497737556561086,17.0,2.7014581734458942
-18.071161048689145,True,0.0,0.0,0.0,0.8888888888888888
-3.3370411568409364,True,0.16264090177133655,0.6234567901234568,18.0,2.927536231884058
-2.0347097546379422,True,0.026354546159212466,0.11619958988380041,19.0,0.5007363770250368
6.186186186186182,False,0.3073286052009456,1.4444444444444444,6.0,1.8439716312056738
-2.2321428571428603,True,0.922722029988466,6.956521739130434,1.0,0.922722029988466
-2.0179372197309364,True,0.14423076923076922,0.9782608695652173,8.0,1.1538461538461537
-1.5659955257270708,True,0.4475703324808184,1.3888888888888888,4.0,1.7902813299232736
-1.1235955056179803,True,0.21919431279620852,0.7341269841269842,8.0,1.7535545023696681
9.554140127388532,False,0.0,0.0,0.0,0.96
-3.5168195718654482,True,0.1782059000602047,0.38441558441558443,11.0,1.9602649006622517
-0.23923444976076125,True,1.8048780487804879,11.212121212121213,1.0,1.8048780487804879
-0.8951406649616356,True,0.17857142857142858,1.09375,4.0,0.7142857142857143
-1.945525291828798,True,0.5486284289276808,3.055555555555556,3.0,1.6458852867830425
-4.054054054054057,True,0.17951098731043022,0.8950617283950618,9.0,1.615598885793872
20.076481835564053,False,0.049342105263157895,0.3515625,8.0,0.39473684210526316
7.246376811594213,False,0.0,0.0,0.0,0.7903402854006586
8.18639798488665,False,0.6989748369058714,2.0833333333333335,2.0,1.3979496738117427
-4.628330995792429,True,0.6641445985708281,2.55663430420712,3.0,1.9924337957124842
0.7142857142857117,True,0.6188925081433224,1.454081632653061,6.0,3.7133550488599347
20.592823712948526,False,0.4050355774493706,1.9576719576719575,3.0,1.2151067323481117
-1.041666666666663,True,0.08442265795206971,0.20625415834996674,9.0,0.7598039215686274
34.157832744405184,False,0.0,0.0,0.0,0.7209302325581395
-3.125,True,0.5357349035908093,4.9572649572649565,3.0,1.607204710772428
6.300484652665594,False,1.6383442265795207,6.482758620689655,1.0,1.6383442265795207
59.158415841584166,False,0.14983945772386728,0.7835820895522387,5.0,0.7491972886193364
4.427083333333326,True,0.15706806282722513,0.46874999999999994,7.0,1.0994764397905759
25.25879917184266,False,0.0,0.0,0.0,0.3669724770642202
10.526315789473696,False,1.1343283582089552,5.044247787610619,1.0,1.1343283582089552
12.5,False,0.10073710073710074,0.20707070707070707,11.0,1.1081081081081081
5.804480651731159,False,0.52,3.6792452830188678,2.0,1.04
10.98003629764066,False,0.0,0.0,0.0,0.9748589020010262
-6.369426751592355,True,0.14049877063575694,0.32456994482310936,13.0,1.82648401826484
-6.300630063006296,True,0.019422863485016647,0.039029829941455256,17.0,0.330188679245283
-4.761904761904767,True,2.0808383233532934,8.323353293413174,1.0,2.0808383233532934
-3.204419889502763,True,0.5100671140939598,2.2754491017964074,3.0,1.5302013422818792
-0.16648168701443034,False,0.21384750219106047,1.0436270316509837,7.0,1.4969325153374233
-1.2087912087912045,False,2.834257547751078,5.122494432071269,1.0,2.834257547751078
-0.6578947368421018,True,0.09541984732824427,0.24509803921568626,14.0,1.3358778625954197
9.294871794871785,False,0.022802653399668325,0.05991285403050109,18.0,0.41044776119402987
8.073929961089487,False,0.0982615268329554,0.4173354735152488,7.0,0.6878306878306878
19.165998396150762,False,1.9598765432098766,7.470588235294118,1.0,1.9598765432098766
8.393919365499002,False,0.0,0.0,0.0,0.0
-2.2580645161290325,True,0.22592791823561054,0.4682274247491638,13.0,2.937062937062937
-2.954898911353032,True,0.08448957445159289,0.15847630125036347,19.0,1.605301914580265
-2.71107668474051,True,0.13355048859934854,0.6165413533834586,10.0,1.3355048859934853
13.489073097211746,False,1.275894538606403,4.1692307692307695,2.0,2.551789077212806
-1.1111111111111072,False,0.025819111306188837,0.06635700066357,11.0,0.2840102243680772
-5.957446808510635,True,0.35014653709702304,0.6735905044510386,10.0,3.50146537097023
6.095238095238087,False,0.4602888086642599,2.5500000000000003,4.0,1.8411552346570397
-5.384615384615388,True,0.6060079874978295,0.7210743801652891,10.0,6.060079874978295
-2.887323943661968,True,0.07759289593930511,0.22015655577299412,14.0,1.0863005431502717
-4.416403785488954,True,0.7728337236533958,2.0370370370370368,2.0,1.5456674473067915
-14.475431606905708,True,1.130355515041021,1.6230366492146595,1.0,1.130355515041021
-3.432835820895519,True,0.25350233488992663,0.4973821989528796,12.0,3.0420280186791193
5.490196078431375,False,0.32719836400818,0.888888888888889,1.0,0.32719836400818
-4.171779141104293,True,1.7851239669421488,5.684210526315789,1.0,1.7851239669421488
-14.003944773175547,True,0.0,0.0,0.0,1.4947450369793693
3.289473684210531,False,0.3674540682414698,2.7131782945736433,3.0,1.1023622047244095
-0.773195876288657,True,0.36380597014925375,1.5476190476190477,4.0,1.455223880597015
-4.168784951703097,True,0.1554699757523891,0.38245614035087716,12.0,1.8656397090286694
-1.4336917562724039,True,0.21739130434782608,0.9821428571428571,8.0,1.7391304347826086
-2.992957746478875,True,0.10176593834181383,0.4670329670329671,13.0,1.3229571984435797
-1.590106007067138,True,0.08237986270022883,0.3383458646616541,19.0,1.565217391304348
-0.7142857142857117,True,0.14271151885830785,0.5982905982905984,9.0,1.2844036697247707
-3.014184397163122,True,0.9948979591836735,3.5454545454545454,2.0,1.989795918367347
3.571428571428581,True,0.22969187675070027,0.4745370370370371,12.0,2.7563025210084033
-3.522205206738127,True,0.1102127467365283,0.2681318681318681,13.0,1.4327657075748679
-3.0721966205837226,True,0.09582113388341762,0.21176470588235294,17.0,1.6289592760180995
-5.489614243323437,True,0.0,0.0,0.0,1.8257261410788381
16.133720930232553,False,0.6175771971496437,2.3636363636363638,2.0,1.2351543942992873
-2.203856749311295,True,0.15093835570693917,0.4203869047619048,14.0,2.113136979897148
-4.3338683788122,True,0.10765550239234449,0.7894736842105263,19.0,2.0454545454545454
17.053481331987896,False,0.8755129958960328,4.81203007518797,2.0,1.7510259917920656
8.366533864541825,False,0.6659939455095862,2.185430463576159,1.0,0.6659939455095862
4.044117647058831,False,0.0,0.0,0.0,1.4592274678111588
1.0714285714285676,True,0.17435320584926886,0.8683473389355743,7.0,1.220472440944882
-7.642276422764227,True,0.0,0.0,0.0,0.14545454545454545
53.45394736842106,False,0.09838998211091235,0.5,4.0,0.3935599284436494
11.48564294631711,True,0.23213580734307143,0.43235294117647055,10.0,2.3213580734307144
3.340517241379315,False,0.02287675150128682,0.04524886877828054,13.0,0.29739776951672864
-6.186726659167608,True,0.1664145234493192,0.6547619047619048,8.0,1.3313161875945536
23.903508771929815,False,0.10038610038610038,0.38690476190476186,10.0,1.0038610038610039
-3.2608695652173947,True,1.0434782608695652,5.142857142857142,1.0,1.0434782608695652
17.124039517014268,False,0.2517482517482518,1.2857142857142858,5.0,1.2587412587412588
12.326388888888884,False,0.835464620630861,2.311320754716981,2.0,1.670929241261722
-3.543307086614178,True,0.05465376837732962,0.15664160401002508,19.0,1.0384215991692627
14.726291441788742,False,0.0,0.0,0.0,0.4951370468611848
8.227465214761033,True,0.2228177641653905,0.4115983026874116,10.0,2.228177641653905
-8.524240809802874,True,0.0355805740686652,0.07289739963007291,13.0,0.4625474628926476
-2.8144744399770216,True,0.5178227360308285,2.065321805955812,3.0,1.5534682080924855
-6.5573770491803245,True,0.2172294486050891,0.7941082292667307,9.0,1.955065037445802
42.56292906178489,False,0.0,0.0,0.0,0.3729796933278077
-5.803571428571431,True,3.1945441493180184,6.793893129770993,1.0,3.1945441493180184
-2.922077922077926,True,0.6040268456375839,5.625,2.0,1.2080536912751678
-2.45464247598719,True,0.03977272727272727,0.36458333333333337,16.0,0.6363636363636364
-0.5452562704471142,True,0.08480917934647043,0.7456140350877193,19.0,1.6113744075829384
-1.1917659804983716,True,0.0886426592797784,0.3404255319148936,10.0,0.8864265927977839
6.109324758842449,False,0.0273224043715847,0.10638297872340424,12.0,0.32786885245901637
-1.1135857461024523,True,0.11285144469306353,1.38755980861244,19.0,2.144177449168207
6.695938529088918,False,0.16124968505920886,0.8791208791208791,7.0,1.128747795414462
0.6659267480577213,True,0.3505364409914909,0.47493734335839594,12.0,4.206437291897891
-1.1098779134295245,True,0.1014887817152443,0.1560887512899897,19.0,1.9282868525896415
-2.8742514970059863,True,0.779522978475858,3.4358974358974357,3.0,2.338568935427574
-1.9154929577464785,True,0.27453329340121796,0.6628103157387323,9.0,2.4707996406109616
-5.517603783499736,True,1.2966453071993969,5.196374622356495,1.0,1.2966453071993969
3.8071065989847774,False,0.6184066933430339,2.119700748129676,3.0,1.8552200800291017
-2.970297029702973,True,0.18253400143163925,0.6455696202531647,10.0,1.8253400143163925
-4.529307282415629,True,0.17911147579416248,0.6151368760064412,10.0,1.7911147579416247
-3.8848920863309377,True,0.0,0.0,0.0,0.8761904761904762
-2.8735632183908066,True,0.2704987320371936,1.1267605633802817,4.0,1.0819949281487744
5.555555555555558,False,0.0,0.0,0.0,0.5725439167208849
4.2744656917885315,False,0.13074384361513075,0.26491769547325106,12.0,1.568926123381569
-13.498098859315588,True,0.0,0.0,0.0,0.33317908375751965
-1.88866799204771,True,0.3033481242436466,0.7343749999999999,5.0,1.516740621218233
-9.293680297397767,True,0.18121125417262754,0.7676767676767675,3.0,0.5436337625178826
18.181818181818187,False,0.16096579476861167,0.6926406926406926,7.0,1.1267605633802817
-2.6132404181184676,True,0.16838882510524303,0.48245614035087725,9.0,1.5154994259471872
-14.130434782608692,True,0.0,0.0,0.0,0.4845814977973568
-7.008547008547006,True,0.45050055617352613,1.8925233644859814,4.0,1.8020022246941045
-7.961165048543695,True,0.151471575112645,2.0789473684210527,19.0,2.877959927140255
-3.1133250311332517,True,0.22257273045916579,1.1024305555555556,18.0,4.006309148264984
-1.4285714285714235,True,0.10941331824184117,0.31798245614035087,19.0,2.078853046594982
-0.31746031746031633,True,0.1996527777777778,0.7467532467532468,8.0,1.5972222222222223
8.920863309352512,False,0.0,0.0,0.0,0.1694915254237288
-6.7708333333333375,True,0.10409273716583865,0.363036303630363,9.0,0.9368346344925479
-3.937007874015752,True,0.14161308700252298,0.27367096571248817,11.0,1.557743957027753
21.588089330024808,False,0.0,0.0,0.0,0.32449972958355866
-1.104294478527612,True,0.18456883509833585,0.3935483870967742,10.0,1.8456883509833586
9.23076923076922,False,0.4778761061946903,1.8493150684931505,2.0,0.9557522123893806
-6.006674082313679,True,0.18518518518518517,1.176470588235294,1.0,0.18518518518518517
-3.703703703703709,True,0.18045774647887325,1.0049019607843137,8.0,1.443661971830986
36.648250460405166,False,0.2849002849002849,0.5988023952095809,11.0,3.133903133903134
4.950495049504955,True,0.13861815031405675,0.24390243902439024,11.0,1.5247996534546242
-10.058027079303677,True,0.060166905309440126,0.09486454437653925,19.0,1.1431712008793624
13.280363223609527,False,0.131852121653615,1.8319838056680162,19.0,2.5051903114186853
-5.648535564853551,True,0.26517794836008374,0.8558558558558559,8.0,2.12142358688067
-3.77668308702791,True,0.08701347305389222,0.22442084942084944,16.0,1.3922155688622755
-0.33222591362126463,True,0.1777609682299546,0.5759803921568627,8.0,1.4220877458396368
-1.6447368421052655,True,0.10235690235690237,0.3386809269162211,11.0,1.125925925925926
0.43478260869564966,True,0.2074235807860262,0.49479166666666674,8.0,1.6593886462882097
-2.631578947368418,True,0.05309734513274336,0.10416666666666667,18.0,0.9557522123893806
-21.818181818181813,True,0.0,0.0,0.0,1.8586387434554974
11.244979919678721,False,0.4278998368991653,1.1418330773169483,7.0,2.995298858294157
-5.4182509505703464,True,0.15787483456229912,0.49880525686977306,12.0,1.8944980147475894
26.23574144486691,False,1.312910284463895,3.7037037037037033,1.0,1.312910284463895
8.861726508785338,False,0.05860874014466126,1.1433756805807624,19.0,1.113566062748564
-3.2600992204110613,True,0.04362050163576881,0.1801801801801802,19.0,0.8287895310796074
17.57493188010899,False,0.0,0.0,0.0,3.8606271777003482
5.759429153924556,False,0.05775036093975588,0.353555644837284,19.0,1.0972568578553616
1.541850220264318,False,0.715088364490755,3.381642512077295,3.0,2.145265093472265
-3.253796095444683,True,0.2608695652173913,1.3043478260869563,7.0,1.826086956521739
-9.58083832335329,True,0.11362152278960429,0.37842540234884736,19.0,2.1588089330024816
10.769230769230775,False,0.0,0.0,0.0,0.02861230329041488
8.301886792452828,False,0.5242649663478569,2.0218579234972682,3.0,1.5727948990435707
7.198612315698183,False,0.09546132537822288,0.2386533134455572,19.0,1.8137651821862348
-0.05165289256198191,False,0.0,0.0,0.0,0.41607898448519043
-1.8255578093306246,True,0.6298425393651587,3.9374999999999996,3.0,1.889527618095476
58.08510638297872,False,0.0,0.0,0.0,0.4760711601102481
-12.757201646090532,True,0.08134106662894328,0.1418352244696596,12.0,0.9760927995473193
16.044776119402982,False,0.0,0.0,0.0,1.5674453654860587
-5.024311183144247,True,0.045112781954887216,0.2511961722488038,19.0,0.8571428571428571
52.89514866979657,False,0.0,0.0,0.0,0.7583965330444203
-8.4942084942085,True,0.057708161582852434,0.22875816993464052,12.0,0.6924979389942292
8.669354838709676,False,0.06109022556390978,0.2488038277511962,19.0,1.1607142857142858
9.874326750448837,False,0.794912559618442,5.813953488372093,1.0,0.794912559618442
1.5235457063711877,True,0.24170616113744076,0.7162921348314606,8.0,1.933649289099526
4.801920768307322,False,0.0,0.0,0.0,0.11374407582938388
-1.3767209011264048,True,0.16869728209934395,0.48365427675772504,11.0,1.8556701030927836
46.14561027837259,False,1.1315902271753107,2.3404255319148937,1.0,1.1315902271753107
3.4990791896869267,True,0.2558420628525383,0.4224883566200932,10.0,2.5584206285253828
-22.438672438672434,True,0.0,0.0,0.0,1.4142966948501152
-5.438596491228065,True,0.064501679731243,0.1293335728399497,19.0,1.225531914893617
5.860579888957429,False,0.6526104417670683,1.7150395778364118,1.0,0.6526104417670683
-3.5796766743648956,True,0.25891632373113854,0.7473397673843107,9.0,2.330246913580247
-20.583941605839417,True,1.0987195373812475,2.431444241316271,1.0,1.0987195373812475
-3.3734939759036187,True,0.0,0.0,0.0,0.778322283078697
7.243707796193988,False,0.2914389799635701,0.8968609865470852,6.0,1.7486338797814207
-1.39211136890951,True,0.40038436899423446,2.2321428571428568,4.0,1.6015374759769379
-4.576659038901598,True,0.16239316239316237,0.753968253968254,9.0,1.4615384615384615
-3.1963470319634757,True,0.10332950631458095,0.4945054945054945,13.0,1.3432835820895523
35.8744394618834,False,0.0,0.0,0.0,0.6371681415929203
-5.323193916349811,True,0.37086092715231783,1.372549019607843,3.0,1.1125827814569536
-2.1653543307086576,True,0.2697095435684647,0.9558823529411764,8.0,2.1576763485477177
6.216696269982247,False,0.5115089514066496,1.4285714285714286,1.0,0.5115089514066496
-3.2815198618307395,True,0.07934408886537954,0.37593984962406024,19.0,1.5075376884422111
-2.0618556701030966,True,0.45410628019323673,2.848484848484849,3.0,1.3623188405797102
21.19565217391304,False,0.0895094880057286,0.6265664160401002,19.0,1.7006802721088434
29.93630573248407,False,0.27326552299984813,0.48179871520342604,12.0,3.279186275998178
-1.2522361359570633,False,0.04312203536006899,0.10416666666666666,10.0,0.43122035360068994
9.427609427609429,False,0.0,0.0,0.0,2.6973684210526314
6.457242582897038,True,0.130272560551445,0.30090563832895123,14.0,1.8238158477202302
-0.3409090909090917,True,0.24084778420038536,1.0964912280701755,8.0,1.9267822736030829
-2.9002320185614883,True,0.24085365853658539,0.4340659340659341,10.0,2.408536585365854
1.5576323987538832,False,2.994413407821229,4.734982332155477,1.0,2.994413407821229
-4.613733905579398,True,0.2220876236624268,0.4484914378907311,13.0,2.8871391076115485
1.4886164623467701,False,0.0,0.0,0.0,0.3953147877013177
-0.07836990595611049,True,0.2546634225466342,0.52228875582169,9.0,2.291970802919708
7.462686567164178,False,0.23845007451564829,1.5533980582524272,6.0,1.4307004470938898
13.86554621848739,False,0.6976744186046512,4.0,1.0,0.6976744186046512
-10.339506172839508,True,0.3189420458965383,1.952380952380952,3.0,0.9568261376896149
-4.137931034482756,True,0.09433962264150944,0.5263157894736842,19.0,1.7924528301886793
-7.772020725388606,True,0.03166378814047208,0.17628205128205127,12.0,0.3799654576856649
-8.333333333333337,True,0.21791767554479421,0.9677419354838711,3.0,0.6537530266343826
-0.5422993492407824,True,0.21494370522006143,0.5097087378640777,12.0,2.579324462640737
5.4371002132196145,False,0.0893542757417103,0.34972677595628415,15.0,1.3403141361256545
-3.2769556025370017,True,0.23715415019762845,1.1009174311926604,7.0,1.6600790513833992
-5.488621151271755,True,0.2907250470809793,0.9588509316770186,8.0,2.3258003766478343
27.54569190600522,False,1.1756272401433692,3.6607142857142856,2.0,2.3512544802867383
9.134615384615374,False,1.7777777777777777,4.363636363636363,1.0,1.7777777777777777
-5.182567726737341,True,0.08708272859216255,0.20979020979020976,19.0,1.6545718432510885
-0.24539877300613355,True,0.5991440798858774,1.7500000000000002,4.0,2.3965763195435095
-3.2530120481927716,True,0.23232323232323232,0.575,10.0,2.323232323232323
-4.373522458628843,True,0.1399894347596408,0.36805555555555564,12.0,1.6798732171156894
15.603644646924831,False,0.033214709371293,0.09722222222222221,18.0,0.597864768683274
26.836158192090398,False,0.632768361581921,3.218390804597701,1.0,0.632768361581921
4.181184668989557,False,0.8414725770097671,3.888888888888889,1.0,0.8414725770097671
-3.350083752093802,True,0.09872241579558654,0.39351851851851855,9.0,0.8885017421602788
13.14237573715249,False,0.09415584415584416,0.36616161616161613,11.0,1.0357142857142858
-4.347826086956519,True,0.7854406130268199,3.3064516129032255,2.0,1.5708812260536398
-2.6548672566371723,True,0.48525214081826834,2.056451612903226,4.0,1.9410085632730734
-12.633181126331817,True,0.0,0.0,0.0,1.4103525881470367
2.1052631578947434,False,0.5010438413361169,2.307692307692308,1.0,0.5010438413361169
-5.882352941176472,True,1.6136919315403424,5.7894736842105265,1.0,1.6136919315403424
8.395629672225425,False,1.1214953271028036,5.2631578947368425,1.0,1.1214953271028036
15.03579952267302,False,0.0,0.0,0.0,0.4679144385026738
-0.7067137809187329,False,0.0,0.0,0.0,0.0
-3.4965034965035002,True,0.4498977505112474,2.156862745098039,2.0,0.8997955010224948
-14.43478260869565,True,0.0,0.0,0.0,0.6021505376344086
12.541254125412538,False,0.11063037406210635,0.22524531668153436,19.0,2.1019771071800206
-3.5532994923857864,True,0.0,0.0,0.0,0.20833333333333331
4.272151898734178,True,0.30188679245283023,1.1764705882352944,10.0,3.018867924528302
-3.157894736842104,True,0.0996290408055114,0.40657439446366783,17.0,1.6936936936936937
-2.3880597014925398,True,0.2331002331002331,0.7352941176470588,6.0,1.3986013986013985
9.185185185185185,False,0.43172690763052207,1.7338709677419355,4.0,1.7269076305220883
-14.367816091954023,True,0.0,0.0,0.0,0.48128342245989303
5.335157318741457,False,0.45012165450121655,1.3261648745519712,3.0,1.3503649635036497
0.374999999999992,True,0.20234291799787005,0.5248618784530386,10.0,2.0234291799787005
-20.487264673311188,True,1.778975741239892,4.024390243902439,1.0,1.778975741239892
11.608222490931075,False,0.15110356536502548,0.39198414446157237,19.0,2.870967741935484
6.818181818181812,False,0.06520119225037257,0.27195027195027194,11.0,0.7172131147540983
6.659142212189617,False,0.6900584795321638,1.9765494137353434,3.0,2.0701754385964914
-5.714285714285716,True,0.09739187850775834,0.22806339389253963,13.0,1.2660944206008584
-5.4736842105263195,True,0.06213753106876553,0.29411764705882354,17.0,1.056338028169014
16.389548693586708,False,0.0,0.0,0.0,0.9607686148919136
-0.9456264775413725,False,1.221498371335505,3.348214285714286,1.0,1.221498371335505
2.5134649910233398,False,0.0,0.0,0.0,0.8791208791208791
-1.590106007067138,True,0.2838427947598253,0.9420289855072462,6.0,1.703056768558952
6.913183279742774,False,0.0,0.0,0.0,0.4094165813715456
0.1168224299065379,True,0.49416342412451364,2.189655172413793,4.0,1.9766536964980546
-14.967462039045554,True,0.0,0.0,0.0,0.5555555555555556
-9.340659340659341,True,1.7102137767220902,4.137931034482758,2.0,3.4204275534441804
-2.050113895216399,True,0.6980999296270232,1.900383141762452,5.0,3.490499648135116
-2.7380952380952395,True,0.5631868131868132,1.5648854961832062,2.0,1.1263736263736264
8.64345738295318,False,0.31689088191330345,1.1276595744680853,5.0,1.5844544095665172
0.23255813953488857,True,0.3101765269351822,0.6500334576044355,11.0,3.4119417962870044
-1.6718266253869962,True,0.2299479879551054,0.4740406320541761,11.0,2.5294278675061594
2.3038605230386144,True,0.1947933364446158,0.4167390171904845,13.0,2.5323133737800054
-1.2878300064391501,True,0.2873303167420814,0.822538860103627,8.0,2.2986425339366514
15.46854942233633,False,0.07123070834982193,0.4440789473684211,19.0,1.3533834586466165
-6.9169960474308345,True,0.14717288836737535,0.25101763907734054,11.0,1.618901772041129
-8.045977011494255,True,0.0902583255524432,0.15458422174840084,14.0,1.263616557734205
20.238095238095234,False,0.057357867205065846,0.2436647173489279,19.0,1.0897994768962511
-3.2520325203251987,False,0.0,0.0,0.0,0.7268464243845252
-3.4400948991696323,True,0.1431980906921241,0.19780219780219782,19.0,2.720763723150358
22.458628841607563,False,0.17427326619527178,0.4862495017935433,13.0,2.265552460538533
-6.052631578947365,True,0.23302043070127004,0.5877437325905293,10.0,2.3302043070127003
14.992927864215,False,0.0,0.0,0.0,0.3551609322974473
-5.600000000000005,True,0.06950880444856349,0.5366726296958855,13.0,0.9036144578313253
-3.2786885245901676,True,0.0963855421686747,0.7441860465116279,15.0,1.4457831325301205
-2.9166666666666674,True,0.10025062656641603,0.7751937984496124,18.0,1.8045112781954886
15.683962264150942,False,0.24555058532406965,0.37918871252204583,14.0,3.437708194536975
-12.547528517110262,True,0.06881328837531826,0.1879699248120301,19.0,1.3074524791310471
9.12087912087911,False,0.0,0.0,0.0,1.628787878787879
7.505518763796903,False,0.02789400278940028,0.17543859649122806,18.0,0.502092050209205
-2.8680688336520044,True,0.09223057644110276,0.34099332839140106,19.0,1.7523809523809524
-3.8535645472061675,True,0.16025641025641027,0.8522727272727274,8.0,1.2820512820512822
4.97131931166348,True,0.10878661087866108,0.5909090909090909,10.0,1.0878661087866108
-4.20475319926874,True,0.0,0.0,0.0,0.4731182795698925
10.45871559633027,False,0.08145363408521303,0.5306122448979591,7.0,0.5701754385964912
2.716049382716057,False,0.06521739130434782,0.2706185567010309,16.0,1.0434782608695652
6.402877697841736,False,0.0,0.0,0.0,0.2826855123674912
-8.33884844473859,True,0.018299058905542,0.035087719298245605,19.0,0.347682119205298
12.341062079281983,False,0.8446215139442231,2.5118483412322274,1.0,0.8446215139442231
-4.109888508343662,True,0.08222497277391194,0.43290043290043295,14.0,1.1511496188347672
3.066496890357473,True,0.22078532150653513,0.46450787744898553,10.0,2.2078532150653514
1.0831226994454601,True,0.0,0.0,0.0,0.49018755254080065
-3.790114179938786,False,0.0,0.0,0.0,0.31009883025662877
5.783308931185949,True,0.34363767074047447,0.6450742240215925,10.0,3.4363767074047447
9.57575757575757,False,0.11661535591006625,0.28460837887067403,18.0,2.0990764063811924
-2.6890756302521024,True,0.2992891881780771,0.6795786612300374,9.0,2.6936026936026938
1.3812154696132506,True,0.1967729240456513,0.4865165415624131,11.0,2.1645021645021645
-6.2937062937062915,True,0.11620400258231116,0.2752293577981651,14.0,1.6268560361523563
6.501057082452433,False,0.06410256410256411,0.1580020387359837,18.0,1.153846153846154
-8.535980148883372,True,0.22640195053988157,0.802469135802469,3.0,0.6792058516196448
-11.16838487972509,False,0.0,0.0,0.0,0.0
25.27272727272727,False,0.23685127133402992,0.5375494071146244,10.0,2.3685127133402992
0.0,False,0.16722981664751385,0.6274131274131275,7.0,1.170608716532597
6.417992320351074,False,0.14908822079842288,0.3959424083769634,8.0,1.192705766387383
-13.232104121475052,True,0.3180011357183418,1.3930348258706466,3.0,0.9540034071550255
14.832535885167463,False,0.28228371501272265,1.3246268656716416,8.0,2.258269720101781
4.740740740740734,False,0.2243419890478714,1.1662075298438934,9.0,2.0190779014308426
-13.93143690736689,True,0.48869951834012604,0.7168478260869566,10.0,4.88699518340126
-9.144196951934347,True,0.21749408983451538,0.49462365591397855,10.0,2.1749408983451537
-2.8391167192429068,True,0.17057569296375266,0.5194805194805194,7.0,1.1940298507462686
-2.1241830065359513,True,0.6917293233082706,3.026315789473684,2.0,1.3834586466165413
7.094133697135052,False,0.10232558139534884,0.22448979591836735,10.0,1.0232558139534884
-3.3444816053511683,True,0.208237635890369,0.522273425499232,9.0,1.874138723013321
-24.57466918714556,True,0.0,0.0,0.0,0.10759919300605246
-0.4683840749414525,False,0.0,0.0,0.0,0.2724795640326976
9.45802337938364,False,0.017740981667652277,0.14687882496940025,19.0,0.33707865168539325
-8.829174664107487,True,0.09579623577144145,0.5201958384332925,19.0,1.8201284796573876
-5.542725173210162,True,0.14082503556187767,0.2632978723404255,10.0,1.4082503556187767
5.064247921390774,False,0.0,0.0,0.0,3.3283208020050123
-2.214285714285713,True,0.1487964989059081,0.3244274809160306,15.0,2.2319474835886215
-3.975741239892183,True,0.7448107448107448,2.9047619047619047,1.0,0.7448107448107448
-4.647983595352012,True,0.23969534050179211,1.1655773420479303,6.0,1.4381720430107527
5.988700564971761,False,1.1566771819137749,5.555555555555555,1.0,1.1566771819137749
0.11198208286673506,True,0.19316909294512877,0.545886075949367,8.0,1.5453527435610301
-2.5054466230936767,True,0.09489916963226572,0.25316455696202533,11.0,1.0438908659549229
-11.34903640256959,True,0.0,0.0,0.0,0.7701564380264742
1.279317697228155,False,0.05375827973504848,0.28600612870275793,11.0,0.5913410770855333
4.403866809881851,False,0.12558869701726846,0.38461538461538464,3.0,0.37676609105180536
-6.057494866529778,True,0.2140127388535032,0.8484848484848485,5.0,1.070063694267516
-4.550264550264549,True,0.2455897613282601,1.0245310245310244,7.0,1.7191283292978208
0.08382229673093988,True,0.08944543828264759,0.32051282051282054,13.0,1.1627906976744187
-0.25146689019278634,True,0.02599090318388564,0.15037593984962405,19.0,0.49382716049382713
-0.7499999999999951,True,0.0,0.0,0.0,2.0408163265306123
0.0,True,0.21848739495798317,0.9774436090225562,7.0,1.5294117647058822
-0.08326394671107629,True,0.0,0.0,0.0,13.702290076335878
-0.08326394671107629,True,3.0372250423011846,2.521067415730337,4.0,12.148900169204738
-8.299999999999997,True,0.23996160614301712,0.5102040816326531,7.0,1.6797312430011198
-3.7871033776867957,True,0.13695376820772642,0.2574404761904762,16.0,2.1912602913236228
-5.817452357071218,True,1.0048176187198898,6.517857142857142,1.0,1.0048176187198898
-3.814432989690719,True,0.5287190579187695,2.7989821882951653,3.0,1.5861571737563085
-4.878048780487809,True,0.1606694560669456,0.732824427480916,10.0,1.606694560669456
-5.623901581722324,True,1.2589928057553956,5.64516129032258,1.0,1.2589928057553956
-0.7125890736342066,True,0.20449897750511248,0.9523809523809523,19.0,3.885480572597137
14.723926380368102,False,0.12035179756210461,0.2968036529680365,10.0,1.2035179756210461
0.5545286506469571,True,0.1940700808625337,0.5806451612903226,10.0,1.940700808625337
-2.508960573476704,True,0.0532558702493343,0.15471167369901545,18.0,0.9586056644880174
4.241071428571419,False,0.4246602717825739,1.2318840579710144,6.0,2.5479616306954433
0.8421052631578885,False,0.14674256799493993,0.33623188405797105,15.0,2.2011385199240987
0.43572984749455923,True,0.1683923085675276,0.3785166240409207,17.0,2.862669245647969
7.222914072229147,False,1.2087912087912087,9.166666666666666,1.0,1.2087912087912087
-0.5312084993359889,True,0.04602991944764097,1.25,19.0,0.8745684695051784
2.9919447640966546,False,0.07994670219853432,0.518460329929301,19.0,1.518987341772152
-1.0123734533183382,True,0.390203403902034,0.9730848861283643,9.0,3.511830635118306
-2.4478041756659463,True,0.17406309787297894,0.3075699323876442,19.0,3.3071988595865998
11.718188353702374,False,0.2669303015323777,0.9465381244522348,7.0,1.8685121107266436
0.5211726384364734,False,0.0,0.0,0.0,0.39473684210526316
-8.197709463532243,True,1.0523587350959045,2.9166666666666665,2.0,2.104717470191809
-1.9963702359346636,True,0.36384590055976296,0.908717105263158,8.0,2.9107672044781037
1.1261261261261257,True,0.16122211650280158,0.3260637160573018,12.0,1.9346653980336188
-1.9559902200488977,True,1.5537332757876565,7.792207792207792,1.0,1.5537332757876565
-2.341137123745818,True,0.3849818944158566,0.696551724137931,10.0,3.8498189441585664
6.921241050119331,False,0.0,0.0,0.0,0.6554989075018208
-8.03738317757009,True,0.26383526383526384,1.056701030927835,8.0,2.1106821106821108
-0.3316749585406287,False,0.0,0.0,0.0,1.3695652173913044
-1.3937282229965153,True,0.18263027295285358,0.4315196998123827,13.0,2.3741935483870966
10.687655343827673,False,0.34086405073325404,0.7142857142857142,10.0,3.4086405073325405
-16.541353383458645,True,0.0,0.0,0.0,5.352941176470588
10.372771474878451,False,0.0,0.0,0.0,2.05
-2.0497803806734938,True,0.2546838407494145,1.0902255639097747,7.0,1.7827868852459017
-10.584958217270191,True,0.12202276193828464,0.50682261208577,9.0,1.0982048574445618
-1.4195583596214534,False,0.21415270018621974,1.6666666666666665,18.0,3.8547486033519553
-2.5682182985553803,True,0.34305317324185247,2.0,5.0,1.7152658662092624
-4.804045512010113,True,0.10108894547594979,0.3139904610492846,17.0,1.7185120730911465
4.166666666666674,False,0.12493416459463762,0.3627311522048364,19.0,2.373749127298115
-0.12820512820512775,True,0.18188780394409343,0.5459770114942529,9.0,1.6369902354968409
7.868681605002603,False,0.0,0.0,0.0,0.39097744360902253
-7.311827956989248,True,0.0,0.0,0.0,0.33444816053511706
6.5315315315315425,False,0.1404691670178396,0.5952380952380953,9.0,1.2642225031605563
-7.795100222717144,True,0.3689064558629776,7.777777777777779,3.0,1.1067193675889329
-3.556485355648531,True,0.0,0.0,0.0,0.15717092337917485
-7.302231237322521,True,1.4577259475218658,3.6231884057971016,1.0,1.4577259475218658
-8.387096774193548,True,0.6207482993197279,1.916010498687664,3.0,1.8622448979591837
2.0905923344947785,False,0.0,0.0,0.0,0.45911047345767575
-2.447552447552448,True,0.2341048151104017,0.6547619047619049,7.0,1.638733705772812
12.00000000000001,False,0.06016168452716676,0.1851851851851852,9.0,0.5414551607445008
-8.183306055646478,True,0.1950354609929078,1.1619718309859155,8.0,1.5602836879432624
-1.1138613861386149,True,0.07320261437908497,0.13282732447817838,17.0,1.2444444444444445
-3.1063321385902065,True,0.17285205897305542,0.9107142857142857,7.0,1.209964412811388
-3.2569360675512637,True,0.08342760180995476,0.4338235294117647,17.0,1.4182692307692308
3.192702394526803,False,0.0,0.0,0.0,0.30354131534569984
-4.689863842662634,True,0.26070188970304664,0.8733850129198967,10.0,2.6070188970304664
-13.696808510638302,True,0.16074450084602368,0.5318690783807063,12.0,1.928934010152284
6.218905472636815,False,0.0,0.0,0.0,0.26490066225165565
10.80797481636937,False,1.0731707317073171,4.296875,1.0,1.0731707317073171
8.617594254937156,False,0.0,0.0,0.0,0.054384772263766146
-2.9079159935379684,True,0.20425989383860782,0.3471904979442668,11.0,2.246858832224686
-7.14285714285714,True,0.11675947548051016,0.17191219254165566,19.0,2.218430034129693
-2.841677943166443,True,0.16960088487418196,0.36962635596625154,19.0,3.222416812609457
-0.969529085872578,True,0.30405405405405406,2.368421052631579,4.0,1.2162162162162162
9.441489361702127,False,0.14811927499512767,0.48906048906048905,7.0,1.0368349249658937
-2.860858257477239,True,0.0,0.0,0.0,1.643835616438356
-2.67857142857143,True,0.08112874779541446,0.25555555555555554,10.0,0.8112874779541446
-6.204379562043794,True,0.6929133858267716,3.3333333333333335,1.0,0.6929133858267716
-1.3681592039801016,True,0.13008130081300812,0.606060606060606,10.0,1.3008130081300813
-1.8726591760299671,True,0.2079141515761234,0.82010582010582,7.0,1.4553990610328638
8.373205741626787,False,0.0,0.0,0.0,0.24937655860349128
-2.9713114754098324,True,0.11232901530935772,0.4532163742690058,19.0,2.134251290877797
-5.894308943089433,True,0.10869565217391304,0.8159722222222222,8.0,0.8695652173913043
4.494382022471921,False,0.0,0.0,0.0,0.2982107355864811
-2.38645111624326,True,0.28883071553228623,0.5127013630731103,12.0,3.4659685863874348
-2.73972602739726,True,0.11571841851494696,0.537084398976982,17.0,1.9672131147540983
18.47457627118645,False,0.033205619412515965,0.16049382716049382,18.0,0.5977011494252874
-5.839416058394164,True,0.3048498845265589,2.7500000000000004,5.0,1.5242494226327945
-4.806991988346687,True,0.13514029394922694,0.5099394987035435,13.0,1.7568238213399503
-2.409638554216864,True,0.0,0.0,0.0,0.8190224570673712
-1.3157894736842146,True,0.4259017818339852,1.6666666666666667,3.0,1.2777053455019556
-3.398058252427183,True,0.028913672036348616,0.11904761904761905,6.0,0.1734820322180917
3.048180924287114,False,0.22720199190787427,1.0124826629680999,7.0,1.5904139433551199
11.436672967863903,False,0.14325068870523416,0.6265060240963857,10.0,1.4325068870523416
5.809859154929575,True,0.2908224076281287,0.6740331491712707,10.0,2.908224076281287
7.295081967213113,False,0.05488949877220858,0.14996053670086817,14.0,0.7684529828109201
5.6809905316824505,False,0.05015618812970214,2.0955882352941178,17.0,0.8526551982049364
-13.554633471645916,True,0.49287549637935063,1.3371356147021547,6.0,2.9572529782761037
-5.4247697031729825,True,0.28401122019635344,1.125,4.0,1.1360448807854138
-1.6042780748663055,True,0.2990517870167761,1.138888888888889,6.0,1.7943107221006565
-4.10821643286573,True,0.1764102564102564,0.5512820512820512,10.0,1.764102564102564
2.203389830508473,False,0.027737327508494558,0.046576618537494174,19.0,0.5270092226613966
-16.191709844559586,True,0.0,0.0,0.0,0.5138888888888888
-1.797175866495504,True,0.22863247863247863,0.6645962732919255,10.0,2.286324786324786
-4.5000000000000036,True,0.0323670137911624,0.13601419278533414,19.0,0.6149732620320856
24.968152866242033,False,0.2694610778443114,1.5254237288135593,4.0,1.0778443113772456
-5.237633365664407,True,0.40680780406807804,2.041666666666667,3.0,1.2204234122042341
-5.7392996108949434,True,0.1752021563342318,0.9285714285714285,7.0,1.2264150943396226
11.530815109343928,False,0.554989816700611,1.5138888888888888,4.0,2.219959266802444
-1.8703241895261846,True,0.16588016588016588,2.013888888888889,18.0,2.985842985842986
0.5530973451327359,True,0.12540894220283533,0.21475256769374415,14.0,1.7557251908396947
4.0000000000000036,False,0.6436781609195402,2.0289855072463765,1.0,0.6436781609195402
1.5822784810126667,False,0.0,0.0,0.0,0.25604551920341395
-2.7740189445196184,True,0.2245250431778929,0.4924242424242424,12.0,2.694300518134715
-0.5732152162584714,True,0.2151772723792021,1.0619803476946335,9.0,1.9365954514128187
-15.238095238095239,False,0.0,0.0,0.0,0.0
-4.891815616180617,True,0.38942426488757104,0.6905012267788292,9.0,3.5048183839881393
-10.040160642570283,True,0.17458146049117323,0.723281756027348,7.0,1.2220702234382126
-2.285714285714291,True,0.050100200400801605,0.26595744680851063,8.0,0.40080160320641284
-1.200000000000001,True,0.12829246139872844,0.5934873949579832,16.0,2.052679382379655
-3.103782735208538,True,0.0,0.0,0.0,0.16161616161616163
-0.7407407407407418,False,0.0,0.0,0.0,0.6864274570982839
13.421828908554566,False,0.06854082998661311,0.28828828828828823,15.0,1.0281124497991967
-1.224489795918371,True,0.0,0.0,0.0,0.35714285714285715
3.600000000000003,False,0.6961178045515395,1.9188191881918821,1.0,0.6961178045515395
3.657780533168009,False,0.0,0.0,0.0,0.14124293785310735
-0.9003601440576214,True,0.6077348066298343,6.111111111111112,2.0,1.2154696132596685
-1.540216771249292,True,0.33206911083017276,1.066017316017316,7.0,2.3244837758112094
-4.281690140845074,True,0.0,0.0,0.0,0.69164265129683
-1.5954415954415935,True,0.7985257985257985,2.6859504132231407,2.0,1.597051597051597
-3.424657534246578,True,0.4207920792079208,1.4049586776859504,4.0,1.683168316831683
-4.244482173174868,True,1.0387157695939566,5.188679245283019,2.0,2.0774315391879132
0.0,True,0.2977139819245082,1.761006289308176,6.0,1.7862838915470494
-10.168598524762906,True,0.15318181818181817,0.5383386581469648,10.0,1.5318181818181817
-1.9387116948092586,True,0.23660130718954248,0.4953475643130815,9.0,2.1294117647058823
-2.4193548387096753,True,0.5093378607809848,1.9230769230769231,4.0,2.037351443123939
-6.896551724137934,True,0.1092896174863388,0.303030303030303,18.0,1.9672131147540983
0.5272407732864748,False,0.0,0.0,0.0,0.547945205479452
11.82320441988951,False,0.0,0.0,0.0,0.21513638109873223
-2.303523035230348,True,0.12680665394055088,2.4973147153598285,19.0,2.4093264248704664
4.9535603715170184,False,0.0,0.0,0.0,0.7327586206896551
16.58653846153846,False,0.0,0.0,0.0,1.09375
11.485148514851495,False,0.20179372197309417,0.5521472392638037,9.0,1.8161434977578474
9.861325115562414,False,0.022346368715083796,0.26666666666666666,15.0,0.33519553072625696
-2.032235459004905,True,0.19453395393245018,0.5957602339181286,9.0,1.7508055853920517
-3.015427769985979,True,0.09298369950389794,0.3173374613003096,17.0,1.580722891566265
2.2535211267605604,True,0.09009270830306024,0.2966507177033493,19.0,1.7117614577581446
-4.1860465116279055,True,0.05213320566017662,0.18940858136838035,13.0,0.677731673582296
12.948207171314753,False,0.06908140403286035,0.11569731081926206,13.0,0.8980582524271845
4.6391752577319645,False,0.2985074626865672,0.5381944444444444,12.0,3.582089552238806
-5.872756933115819,True,0.13157894736842105,0.2921052631578947,19.0,2.5
-9.212481426448738,True,0.0,0.0,0.0,1.2684031710079275
-15.77639751552795,True,0.0,0.0,0.0,0.5527123848515865
11.85983827493262,False,0.13774104683195593,0.5905511811023623,12.0,1.6528925619834711
-8.304498269896198,True,0.09256198347107439,0.3660130718954248,5.0,0.4628099173553719
-14.155251141552515,True,0.05671506352087115,0.20088388911209326,19.0,1.0775862068965518
-13.33333333333333,True,0.0,0.0,0.0,0.8992023205221175
-2.4967148488830526,True,0.20703933747412007,0.9132420091324199,6.0,1.2422360248447204
-6.666666666666665,True,0.25753768844221103,1.0049019607843137,4.0,1.0301507537688441
-1.124297314178635,True,0.2175368139223561,0.7319819819819819,8.0,1.7402945113788488
29.532163742690052,False,0.0,0.0,0.0,0.2069857697283312
-5.631067961165048,True,0.05456405592815733,0.2255639097744361,19.0,1.0367170626349893
9.1796875,False,0.2158273381294964,0.7894736842105263,7.0,1.5107913669064748
-1.6791044776119368,False,0.6989247311827957,1.4942528735632183,1.0,0.6989247311827957
22.481751824817508,False,0.3709591944886062,1.0703363914373087,3.0,1.1128775834658187
-8.956916099773238,True,0.18874880188748802,0.87252897068848,9.0,1.6987392169873923
-6.7695961995249405,True,0.05523313988393036,7.2631578947368425,19.0,1.049429657794677
-2.5974025974025983,True,0.6726907630522089,5.317460317460318,2.0,1.3453815261044177
-7.610993657505283,True,0.17543859649122806,1.4285714285714284,5.0,0.8771929824561403
-9.314586994727591,True,0.0,0.0,0.0,0.33755274261603374
11.423220973782765,False,0.5124555160142349,1.6363636363636365,5.0,2.5622775800711746
32.590051457975974,False,0.10620811733468201,0.5230386052303861,11.0,1.1682892906815021
-1.532567049808431,True,0.16374714394516376,0.2876254180602007,13.0,2.128712871287129
13.19554848966613,False,0.12588512981904013,1.818181818181818,7.0,0.8811959087332809
-2.5198938992042397,True,0.0,0.0,0.0,0.34934497816593885
27.18832891246685,False,0.044007627988851404,0.16339869281045755,17.0,0.7481296758104738
-2.571428571428569,True,0.8590308370044053,2.9396984924623117,2.0,1.7180616740088106
-0.47801147227533036,True,0.15748031496062992,0.5527638190954774,11.0,1.7322834645669292
-0.3731343283582045,True,0.10652612693429021,0.367220718979513,13.0,1.3848396501457727
14.179719703215167,False,0.0,0.0,0.0,0.40148698884758366
11.615833874107718,False,0.1735163232489436,0.49048625792811845,11.0,1.9086795557383793
8.997050147492637,False,0.3695150115473441,2.1052631578947367,4.0,1.4780600461893765
4.3202033036848775,False,0.0,0.0,1.0,0.0
11.621621621621614,False,0.13906325446644133,1.1842105263157894,19.0,2.6422018348623855
-1.9305019305019266,True,0.15127272727272725,0.42207792207792205,11.0,1.664
-1.6414141414141437,True,0.19199999999999998,1.2499999999999998,6.0,1.152
9.820359281437119,False,0.0,0.0,0.0,0.5539358600583091
-4.63709677419355,True,0.7174887892376681,2.4615384615384612,1.0,0.7174887892376681
-2.1956087824351322,True,0.0,0.0,0.0,0.6857142857142857
-1.2396694214875992,True,0.12167125803489441,0.3505291005291006,12.0,1.4600550964187329
-2.8000000000000025,True,0.04752540150770239,0.12786596119929453,18.0,0.855457227138643
-2.2267206477732837,True,0.0,0.0,0.0,0.9813874788494078
-0.924024640657084,True,0.0708502024291498,22.10526315789474,19.0,1.3461538461538463
-1.1381272633212647,True,0.16253869969040247,1.8103448275862066,8.0,1.3003095975232197
3.724780134505945,False,0.13125,1.4482758620689655,10.0,1.3125
1.724137931034475,False,0.16778523489932887,0.39682539682539686,10.0,1.6778523489932886
0.0,True,0.06944444444444445,0.2631578947368421,12.0,0.8333333333333334
11.805555555555557,False,0.0,0.0,0.0,0.0
-1.9955654101995512,True,0.10134390834985679,1.1274509803921569,17.0,1.7228464419475655
-2.212389380530977,True,0.05128205128205128,0.20833333333333331,10.0,0.5128205128205128
-1.9896831245394209,True,0.17225373904074265,1.0943643512450854,14.0,2.411552346570397
-0.42918454935622075,True,0.10784313725490195,0.6470588235294117,5.0,0.5392156862745098
1.3440860215053752,False,0.0,0.0,0.0,0.18475750577367206
-5.053191489361697,True,0.21827076865180167,0.4738562091503268,9.0,1.964436917866215
-13.065976714100902,True,0.046620046620046623,0.11437908496732029,18.0,0.8391608391608392
-4.811443433029905,True,0.10009239297813366,0.39015606242497,17.0,1.7015706806282722
-0.26490066225165476,True,0.2032730404823428,1.0746812386156648,9.0,1.8294573643410852
2.546296296296302,False,0.0,0.0,0.0,0.15625
-9.35412026726058,True,0.12927054478301014,0.44025157232704404,9.0,1.1634349030470914
7.9522862823061535,False,0.5952380952380952,2.2727272727272725,2.0,1.1904761904761905
-3.6020583190394473,True,0.16225244571701264,0.43256997455470736,9.0,1.4602720114531138
-8.93760539629005,True,0.0,0.0,0.0,1.9651347068145801
-4.444444444444439,True,0.7790762381747357,2.845528455284553,3.0,2.337228714524207
9.617918313570485,False,0.10247651579846286,0.3571428571428571,7.0,0.71733561058924
-4.739336492891,True,0.34489754514100224,0.7720254314259763,9.0,3.10407790626902
-3.2687651331719136,True,0.283474378277348,0.6762447361902403,11.0,3.118218161050828
-4.474505723204992,False,0.0,0.0,0.0,0.8314436885865457
-2.580645161290318,True,0.21814006888633752,0.8962264150943395,10.0,2.1814006888633752
-6.003430531732423,True,0.4615116684082201,2.65,4.0,1.8460466736328804
0.18348623853210455,True,0.15113350125944586,0.41666666666666674,10.0,1.5113350125944585
11.62255466052935,False,0.06055169320475443,0.3638814016172507,14.0,0.847723704866562
13.812154696132595,False,0.0,0.0,0.0,0.4953560371517028
0.8000000000000007,True,0.07738095238095238,0.20249221183800623,18.0,1.3928571428571428
6.690140845070425,False,0.008361204013377926,0.125,16.0,0.13377926421404682
7.36842105263158,False,0.5638599810785241,1.9102564102564101,5.0,2.8192999053926204
21.28060263653484,False,0.6300268096514745,3.9166666666666665,2.0,1.260053619302949
4.145601617795758,False,0.1341492115791951,0.32571428571428573,7.0,0.9390444810543658
-4.666666666666663,True,0.12905538626994087,0.43583535108958843,7.0,0.903387703889586
-3.57142857142857,True,0.08333333333333333,0.28248587570621464,12.0,1.0
9.111111111111114,False,0.7868020304568528,6.458333333333333,2.0,1.5736040609137056
9.981515711645095,False,0.4419889502762431,1.5686274509803921,1.0,0.4419889502762431
6.879999999999997,False,0.22522522522522523,1.4184397163120566,3.0,0.6756756756756757
4.560810810810811,False,0.5,2.0,2.0,1.0
18.906249999999993,False,0.042270531400966184,0.24822695035460993,6.0,0.2536231884057971
33.917396745932415,False,0.19861830742659758,0.4192708333333333,12.0,2.383419689119171
14.583333333333325,False,0.49424005945745075,1.201445347786811,6.0,2.9654403567447045
-2.212705210563881,True,0.19398430688753268,0.6544117647058824,8.0,1.5518744551002615
-2.8169014084507005,True,0.10022909507445589,0.3431372549019608,12.0,1.2027491408934707
7.358093903293628,False,0.41703377386196766,5.916666666666666,3.0,1.251101321585903
-3.2710280373831724,True,0.21378340365682139,0.5436337625178828,9.0,1.9240506329113924
24.151436031331585,False,0.7158119658119658,3.316831683168317,2.0,1.4316239316239316
3.2672737011248065,True,0.18181818181818182,1.0735294117647058,5.0,0.9090909090909091
3.1266284523189247,False,0.0522344747533372,0.22727272727272727,14.0,0.7312826465467208
-0.6622516556291425,True,0.28736272304025307,0.6107954545454545,11.0,3.1609899534427837
-6.242496998799519,True,0.0,0.0,0.0,0.6521739130434783
13.116726835138381,False,0.7389162561576355,1.973684210526316,1.0,0.7389162561576355
-4.761904761904767,True,1.0368663594470047,2.6627218934911245,3.0,3.110599078341014
5.037313432835822,False,0.0,0.0,0.0,0.6077872744539411
7.295373665480431,False,1.0404624277456647,6.428571428571428,1.0,1.0404624277456647
-3.767123287671237,True,0.1568627450980392,0.8928571428571428,9.0,1.411764705882353
0.15576323987538387,True,0.14921533316182145,0.34057545507927184,13.0,1.939799331103679
-7.227138643067843,True,0.045766590389016024,0.3278688524590164,17.0,0.7780320366132724
6.657223796033995,False,0.6241872561768531,2.4489795918367347,1.0,0.6241872561768531
-5.997392438070404,True,0.22655298416565164,0.4626865671641791,10.0,2.2655298416565164
-4.429301533219765,True,0.2990924092409241,0.44424019607843146,12.0,3.589108910891089
4.873294346978563,False,0.0,0.0,0.0,0.38461538461538464
0.19157088122605526,True,0.11756569847856156,0.4047619047619049,12.0,1.4107883817427387
-1.6216216216216162,True,0.0,0.0,0.0,0.5970149253731343
-2.5134649910233398,True,0.4021164021164021,1.3768115942028987,6.0,2.4126984126984126
8.02139037433156,False,0.0,0.0,0.0,0.3333333333333333
3.015075376884413,False,0.05078204346942921,0.51440329218107,18.0,0.9140767824497258
0.219780219780219,True,1.1904761904761905,11.111111111111112,1.0,1.1904761904761905
-1.6470588235294126,True,0.16907553858740113,16.315789473684212,19.0,3.2124352331606216
3.5211267605633756,False,0.2527646129541864,1.0256410256410255,6.0,1.5165876777251184
-4.890109890109895,True,0.0,0.0,0.0,0.4333868378812199
-3.36680448907265,True,0.0,0.0,0.0,0.8093525179856115
-2.2413793103448265,True,0.05830903790087464,0.20296643247462923,7.0,0.40816326530612246
-2.7617951668584606,True,0.36875303250849106,3.1275720164609053,3.0,1.1062590975254731
-2.27936879018118,True,0.22260644045818023,1.8165784832451497,7.0,1.5582450832072616
-3.274853801169586,True,0.17660910518053377,2.6239067055393583,7.0,1.2362637362637363
-2.734147760325767,True,0.1187335092348285,1.8367346938775513,9.0,1.0686015831134565
2.3550724637681153,False,0.0,0.0,0.0,0.25
-2.3026315789473673,True,0.08689641552285968,0.9263157894736841,19.0,1.6510318949343339
-1.8272425249169388,True,0.5497382198952879,3.5,2.0,1.0994764397905759
1.3114754098360715,False,0.0,0.0,0.0,0.916030534351145
0.6718924972004547,True,0.3195288515757158,0.6661442006269593,11.0,3.5148173673328738
-1.067235859124871,True,0.06816300696236428,0.4385964912280702,19.0,1.2950971322849214
-3.235908141962418,True,0.0,0.0,0.0,0.8105726872246696
-2.1321961620469065,True,0.46688382193268185,6.231884057971014,3.0,1.4006514657980456
-6.604747162022706,True,0.07283763277693475,1.0434782608695652,5.0,0.36418816388467373
2.092050209205021,False,0.08077226162332546,0.4466230936819172,18.0,1.4539007092198581
-8.358895705521475,True,0.1472817847086853,0.4492402554503414,19.0,2.7983539094650207
2.6355421686746983,False,0.01829217593747402,0.15037593984962408,19.0,0.34755134281200634
-11.35581555402615,True,0.334388603086664,0.8876050420168067,7.0,2.3407202216066483
8.187134502923987,False,0.0,0.0,0.0,0.2952029520295203
-1.1881188118811892,True,0.19213081246806338,0.5263157894736843,19.0,3.650485436893204
-13.844996237772767,True,0.027927388789148213,0.09096816114359974,9.0,0.2513464991023339
-0.8032128514056214,True,0.12921940928270043,0.47758284600389866,12.0,1.5506329113924051
-1.9339242546333568,True,0.4355919583023083,1.4062500000000002,8.0,3.4847356664184663
-13.017396520695856,True,0.0,0.0,0.0,0.5604629911666159
-1.04302477183833,True,0.14899211218229622,0.33464566929133854,12.0,1.7879053461875547
6.382978723404253,False,0.4172876304023845,1.696969696969697,1.0,0.4172876304023845
-4.4350580781414966,True,0.08867747239840264,0.19831888626214872,18.0,1.5961945031712474
-6.619256017505471,True,0.1878952122854562,0.8455284552845528,9.0,1.6910569105691058
6.682577565632464,False,0.0,0.0,0.0,1.2007684918347743
7.9812206572769995,False,0.13747371825974447,0.5325814536340852,8.0,1.0997897460779558
0.4444444444444473,True,0.15128593040847202,0.4357298474945534,9.0,1.361573373676248
-3.5555555555555562,True,1.4193548387096775,6.0,1.0,1.4193548387096775
6.849315068493156,False,0.6289308176100629,2.7272727272727275,3.0,1.8867924528301887
-3.441295546558709,True,0.20080321285140562,0.6872852233676977,9.0,1.8072289156626506
2.288021534320328,False,0.10194999595436524,0.5219552609776306,17.0,1.7331499312242091
-1.5820698747528006,True,0.4679376083188908,1.7763157894736843,2.0,0.9358752166377816
-1.713909030982197,True,0.16848673946957876,0.7105263157894736,5.0,0.8424336973478939
-1.3861386138613874,True,0.11865793780687398,0.4769736842105263,8.0,0.9492635024549918
-2.8178243774574008,True,0.04215456674473068,0.16917293233082706,14.0,0.5901639344262295
-1.7543859649122862,True,0.4744958481613286,3.278688524590164,1.0,0.4744958481613286
-2.564102564102566,True,0.19646365422396855,0.8264462809917356,9.0,1.768172888015717
-4.7826086956521685,True,0.11150758251561106,0.4996668887408394,19.0,2.1186440677966103
11.531069827033956,False,0.2199074074074074,0.8920187793427231,6.0,1.3194444444444444
-3.3908754623921067,True,1.4398595258999123,6.40625,1.0,1.4398595258999123
-1.440200375704448,True,0.47345132743362833,2.08984375,4.0,1.8938053097345133
-3.1980319803198043,True,0.16553480475382004,0.76171875,8.0,1.3242784380305603
-2.631578947368418,True,0.15088105726872247,0.5633223684210527,16.0,2.4140969162995596
-1.171875,True,0.1794403892944039,0.5629770992366412,8.0,1.4355231143552312
0.838709677419347,True,0.11002444987775062,0.34351145038167946,10.0,1.1002444987775062
-3.656307129798908,True,0.1849875489149769,0.7344632768361583,6.0,1.1099252934898614
17.598994343180397,False,0.1644100580270793,0.7203389830508475,12.0,1.9729206963249517
-4.635761589403975,True,0.2223907000252717,0.48758865248226957,9.0,2.001516300227445
-5.180180180180183,True,0.1262052602352466,0.2770390070921986,18.0,2.271694684234439
-4.405286343612335,True,0.1295971978984238,0.38541666666666663,10.0,1.295971978984238
2.262443438914019,True,0.14688249400479617,0.42534722222222227,12.0,1.7625899280575539
11.086956521739122,False,0.07136279926335175,0.20182291666666666,16.0,1.141804788213628
-1.6315789473684172,True,0.07437050678188194,0.2720912153407619,17.0,1.2642986152919928
-1.4308426073131986,True,0.17729342875731946,1.0728346456692912,8.0,1.4183474300585557
-9.375,False,0.0,0.0,0.0,0.41543026706231456
-4.0000000000000036,True,0.17877458150495695,0.4549214226633582,9.0,1.6089712335446125
-4.222222222222227,True,0.03144283299925323,0.09023234829686443,11.0,0.34587116299178555
2.304147465437789,True,0.24061597690086622,0.6849315068493151,8.0,1.9249278152069298
11.691542288557223,False,0.09935172996199797,1.7543859649122808,19.0,1.8876828692779613
39.370078740157474,False,0.0,0.0,0.0,0.636237897648686
7.291666666666674,False,0.0,0.0,0.0,0.34318398474737843
-7.120743034055732,True,0.05781057810578106,0.1165674603174603,12.0,0.6937269372693727
-0.6557377049180357,True,0.38495971351835273,2.2872340425531914,4.0,1.539838854073411
-8.146964856230031,True,0.16182937554969218,0.5411764705882354,10.0,1.6182937554969217
2.9082774049216997,False,0.0,0.0,0.0,0.7947019867549668
-9.284116331096193,True,0.24132984558265128,1.335200746965453,7.0,1.6893089190785588
-11.431411530815105,True,0.0,0.0,0.0,0.6112852664576802
17.210682492581597,False,0.17076845806127575,0.29815843320666474,11.0,1.8784530386740332
-8.318584070796465,True,0.4388766068942929,1.6543209876543208,3.0,1.3166298206828788
-4.351851851851851,True,0.16518538468444205,0.5679012345679012,12.0,1.9822246162133046
-5.820476858345025,True,0.0,0.0,0.0,1.295774647887324
-1.017441860465118,True,0.7614607614607615,2.1075268817204305,3.0,2.2843822843822843
2.3454157782516027,False,0.22375215146299485,0.9420289855072465,4.0,0.8950086058519794
-1.6050244242847178,True,0.1234132581100141,0.5608974358974359,8.0,0.9873060648801129
-0.9668508287292821,True,0.4228486646884273,2.5,4.0,1.6913946587537092
-1.388888888888884,True,1.5555555555555556,7.5,1.0,1.5555555555555556
6.284530386740328,False,0.24070796460176994,1.2142857142857144,5.0,1.2035398230088497
-1.0236724248240514,True,0.5310840362386754,3.0465949820788527,3.0,1.5932521087160263
7.886435331230279,False,0.20211742059672763,1.129032258064516,6.0,1.2127045235803657
0.8417508417508435,True,0.49344978165938863,2.456521739130435,4.0,1.9737991266375545
-4.300489929232443,True,0.5320945945945946,3.247422680412371,2.0,1.0641891891891893
25.79666160849772,False,0.0,0.0,0.0,0.20920502092050208
0.25839793281654533,True,0.10897619730427302,0.987012987012987,11.0,1.1987381703470033
10.942956926658898,False,0.0,0.0,0.0,0.06279434850863422
-0.6578947368421018,True,0.15990730011587487,0.5655737704918034,10.0,1.5990730011587486
-1.3626834381551323,True,0.04073012520742193,0.15807962529274006,14.0,0.5702217529039071
-16.649431230610134,True,0.0,0.0,0.0,0.6866952789699571
-1.8367346938775508,True,0.4876099120703437,1.894409937888199,4.0,1.9504396482813748
0.9756097560975618,True,0.19518377693282637,0.7971014492753623,6.0,1.1711026615969582
-6.15097856477167,True,0.25449101796407186,3.863636363636364,2.0,0.5089820359281437
-1.6569200779727122,True,0.4501303008765695,2.2458628841607564,3.0,1.3503909026297085
14.711191335740082,False,0.012395118230358505,0.04852556924225457,19.0,0.23550724637681159
-0.17152658662092923,True,0.27275769745649264,0.49037304452466907,12.0,3.2730923694779115
15.950413223140503,False,0.014710689767898005,0.0290603810138844,19.0,0.2795031055900621
-4.884667571234735,True,0.4175728577642453,1.1347517730496455,4.0,1.6702914310569812
-11.265822784810132,True,0.0,0.0,0.0,1.4700854700854702
5.594405594405605,False,0.028193633877470467,0.062003968253968256,18.0,0.5074854097944684
-0.3599712023038104,True,0.23823945083787604,1.213991769547325,6.0,1.4294367050272563
-2.517985611510787,True,0.45112781954887216,3.1578947368421053,2.0,0.9022556390977443
12.56038647342994,False,0.0,0.0,0.0,0.6825938566552902
11.504424778761058,False,0.29411764705882354,1.1764705882352942,3.0,0.8823529411764706
-4.779411764705888,True,0.05810705106715834,0.1954887218045113,19.0,1.1040339702760085
4.29338103756709,False,1.1019283746556474,2.5316455696202533,1.0,1.1019283746556474
18.69782971619365,False,2.689075630252101,9.876543209876543,1.0,2.689075630252101
15.020297699594053,False,0.0,0.0,0.0,0.40268456375838924
-3.1590413943355156,True,0.14178674351585013,0.4659090909090909,10.0,1.4178674351585014
3.750660327522448,False,0.04210794947046064,0.14705882352941177,17.0,0.7158351409978309
-2.2630834512022635,True,0.07004608294930875,0.11404561824729892,14.0,0.9806451612903225
6.6420664206642055,False,0.12013729977116705,0.2105263157894737,19.0,2.282608695652174
-2.8930817610062887,True,0.141395908543923,0.45279383429672454,18.0,2.545126353790614
-8.578947368421053,True,0.0,0.0,0.0,0.0
-3.1858407079646045,True,0.1862226781346169,7.7631578947368425,19.0,3.5382308845577213
-2.3554603854389677,True,0.0,0.0,0.0,0.17316017316017315
-5.088062622309197,True,0.18568665377176014,0.49029622063329925,11.0,2.0425531914893615
-8.976660682226212,True,0.37344398340248963,1.5254237288135593,2.0,0.7468879668049793
-3.7950664136622403,True,0.29620487503856835,1.162227602905569,7.0,2.0734341252699786
-5.576923076923079,True,0.0,0.0,0.0,0.4357298474945534
-3.9564220183486265,True,0.7963246554364471,2.9378531073446323,2.0,1.5926493108728943
-5.000000000000004,True,0.0,0.0,0.0,0.49730625777041026
-2.8921023359288145,True,0.1478494623655914,0.47008547008547014,8.0,1.1827956989247312
-20.905172413793103,True,4.31858407079646,4.227304227304227,1.0,4.31858407079646
6.451612903225801,False,0.08906563930487375,0.16789005153834138,19.0,1.6922471467926012
-11.492537313432837,True,0.0,0.0,0.0,0.7009345794392523
-10.339734121122602,True,0.0,0.0,0.0,0.8281573498964804
-3.7617554858934144,True,0.18670886075949367,0.5619047619047619,10.0,1.8670886075949367
-1.8610421836228297,True,0.11025886864813039,1.369047619047619,14.0,1.5436241610738255
-4.484848484848481,True,1.2084592145015105,2.631578947368421,1.0,1.2084592145015105
7.484662576687118,False,0.12239902080783353,0.3289473684210526,12.0,1.4687882496940023
-5.263157894736848,True,0.08285004142502071,0.319693094629156,17.0,1.408450704225352
-2.4229074889867808,False,0.0,0.0,0.0,0.5247376311844077
1.1135857461024523,False,0.0,0.0,0.0,1.0262989095574087
-5.183585313174943,True,0.0,0.0,0.0,1.7109826589595376
-4.32801822323462,True,0.34752884204529266,0.9270516717325228,7.0,2.4327018943170486
-6.373626373626373,True,0.08944543828264759,0.26595744680851063,18.0,1.6100178890876566
7.64587525150906,False,0.0,0.0,0.0,0.311804008908686
-1.6574585635359074,True,0.08711507293354943,0.29532967032967034,16.0,1.393841166936791
-1.7832647462277085,True,0.03789836347975883,0.2037037037037037,10.0,0.3789836347975883
-1.7142857142857126,True,0.09941520467836257,0.6390977443609022,19.0,1.8888888888888888
11.864406779661007,False,0.09779516358463727,6.875,16.0,1.5647226173541964
3.492647058823528,False,0.04638833664678595,0.11326860841423948,18.0,0.8349900596421471
-7.8400000000000025,True,0.05681818181818182,0.14814814814814814,10.0,0.5681818181818182
-6.643952299829648,True,0.13928914505283382,0.3580246913580247,12.0,1.6714697406340058
-1.245551601423489,True,0.1417004048582996,1.2753036437246963,19.0,2.6923076923076925
14.336917562724016,False,0.16709511568123395,0.6500000000000001,8.0,1.3367609254498716
-5.517241379310345,True,0.06354953723374776,0.780399274047187,19.0,1.2074412074412075
-7.187500000000002,False,0.0,0.0,0.0,0.2708084428514536
-6.512141280353201,True,0.1820020222446916,0.8737864077669902,8.0,1.456016177957533
-9.983766233766234,True,0.0,0.0,0.0,0.08136696501220504
-2.7531083481349916,True,0.328928046989721,1.003584229390681,6.0,1.973568281938326
-4.53172205438066,False,0.0,0.0,0.0,0.0761904761904762
-1.072796934865905,True,0.22140608604407136,0.49647058823529405,10.0,2.2140608604407137
8.914100486223653,False,0.0,0.0,0.0,0.31042128603104213
-3.2857142857142807,True,0.45930701047542305,2.85,4.0,1.8372280419016922
-0.07581501137224889,False,0.0030257186081694403,0.09523809523809525,10.0,0.030257186081694403
3.4297963558413747,False,0.0,0.0,0.0,0.40293040293040294
30.618401206636502,False,0.0,0.0,0.0,0.5582290664100096
20.709382151029754,False,0.1876521988253832,0.2723492723492724,13.0,2.4394785847299816
35.04901960784315,False,0.3965183752417795,2.4404761904761902,4.0,1.586073500967118
-6.2394603709949426,True,0.1344364012409514,0.2965779467680608,10.0,1.344364012409514
31.937172774869115,False,0.08289669195276453,1.743421052631579,19.0,1.575037147102526
11.834862385321099,False,0.08091935264517884,0.379585326953748,19.0,1.5374677002583979
-6.5950920245398725,True,0.22174535050071528,0.45994065281899105,10.0,2.217453505007153
-0.9036144578313254,True,0.21266540642722118,0.5921052631578948,16.0,3.402646502835539
-3.597122302158273,True,0.0,0.0,0.0,0.10471204188481675
8.900523560209429,False,1.2941176470588236,2.2222222222222228,1.0,1.2941176470588236
7.8125,False,0.4834054834054834,2.0180722891566263,4.0,1.9336219336219336
-6.005221932114879,True,0.0,0.0,0.0,1.728624535315985
-7.14285714285714,True,0.15702880331701294,0.9329140461215935,9.0,1.4132592298531164
5.019815059445176,False,0.09864364981504316,0.5660377358490566,17.0,1.6769420468557337
-4.059040590405905,True,0.09899328859060402,0.3615196078431372,16.0,1.5838926174496644
4.237824161922843,False,0.47035766780989713,1.2698412698412698,7.0,3.29250367466928
-4.790419161676651,True,0.14857142857142858,0.46674225245653816,14.0,2.08
9.19610231425092,False,0.3208020050125313,0.9866392600205549,7.0,2.245614035087719
6.5040650406503975,False,0.43213103328105934,1.7893217893217892,3.0,1.296393099843178
-8.172635445362719,True,0.05333333333333334,0.16,19.0,1.0133333333333334
9.23379174852652,True,0.374845869297164,1.707865168539326,5.0,1.87422934648582
-3.1686859273066137,True,1.7709335899903753,5.575757575757575,1.0,1.7709335899903753
-2.8545119705340682,True,0.3364565587734242,1.196969696969697,4.0,1.3458262350936967
-1.4018691588784993,True,0.2081507449605609,0.7196969696969697,8.0,1.6652059596844873
-0.363636363636366,True,0.09930486593843099,0.30303030303030304,13.0,1.2909632571996028
-5.407801418439718,True,1.5340909090909092,6.75,1.0,1.5340909090909092
7.404021937842775,False,0.5761523046092184,2.395833333333333,4.0,2.3046092184368736
-5.373831775700932,True,0.028705636743215034,0.054890219560878244,12.0,0.3444676409185804
4.675028506271373,False,1.4301310043668123,6.485148514851485,1.0,1.4301310043668123
15.16533637400228,True,0.5308445856499867,1.258631512868801,6.0,3.1850675138999205
-12.557900154400414,True,0.14388000950151006,0.3629515493922274,11.0,1.5826801045166108
-5.837837837837833,True,0.1469454615532858,0.3589924670433145,16.0,2.351127384852573
-5.1948051948051965,True,0.06789607051491894,0.8279124778237729,19.0,1.29002533978346
-2.5878003696857665,True,0.7947019867549668,3.8709677419354835,1.0,0.7947019867549668
-3.8938053097345104,True,0.0,0.0,0.0,0.6703910614525139
-0.3490401396160525,True,0.5019699401721873,0.8651911468812877,7.0,3.5137895812053115
-6.290322580645158,True,0.10394456289978679,0.1961770623742455,14.0,1.455223880597015
-12.592592592592588,True,0.0,0.0,0.0,0.45112781954887216
-0.4983388704318914,True,0.10194978972855868,0.2631578947368421,19.0,1.937046004842615
-1.909722222222221,True,0.08569739952718676,5.370370370370369,18.0,1.5425531914893618
13.093525179856114,False,0.19305019305019305,0.3703703703703704,1.0,0.19305019305019305
6.607369758576875,False,0.156128024980484,0.29895366218236175,9.0,1.405152224824356
-11.412268188302422,True,0.0,0.0,0.0,0.4990403071017274
-0.42253521126760507,True,0.2831858407079646,1.3043478260869565,5.0,1.415929203539823
7.8608247422680355,False,0.0,0.0,0.0,0.06094464195022854
-7.74038461538461,True,0.041647385469689956,0.07853403141361255,10.0,0.41647385469689957
-2.6740665993945534,True,0.09048385859980063,0.7712418300653595,18.0,1.6287094547964114
-8.6865515436944,True,0.13678312458800262,0.3772727272727272,8.0,1.094264996704021
7.430340557275539,False,0.9478672985781991,2.479338842975207,1.0,0.9478672985781991
-7.29270729270729,True,0.0,0.0,0.0,0.1287001287001287
30.829268292682933,False,0.0,0.0,0.0,0.6515580736543909
15.047879616963055,False,0.15610756608933454,0.32311320754716977,8.0,1.2488605287146763
-4.95495495495496,True,0.6790352504638218,1.9891304347826084,4.0,2.7161410018552874
4.374999999999996,False,0.3918687239774676,1.1594202898550727,6.0,2.3512123438648054
-6.500290191526403,True,0.11747167561121048,0.35688405797101447,12.0,1.4096601073345258
-6.990521327014221,True,0.09233463344742499,0.2966751918158568,17.0,1.5696887686062246
10.924855491329488,False,0.028840398323991948,0.13614179296172618,17.0,0.4902867715078631
-2.127659574468088,True,0.08133133133133133,0.19895928986838077,18.0,1.4639639639639639
7.746478873239426,False,0.08244545915778792,0.6372549019607843,12.0,0.989345509893455
-2.5522041763341052,True,0.5529685681024447,1.759259259259259,6.0,3.317811408614668
-0.691244239631339,True,0.3103983445421624,1.111111111111111,9.0,2.793585100879462
-5.275229357798161,True,0.14071167636314438,0.5068226120857701,19.0,2.673521850899743
8.088235294117641,False,0.0,0.0,0.0,0.7383627608346709
7.5596144089294715,True,0.5913845646981303,2.081159420289855,3.0,1.774153694094391
-5.012406947890824,True,0.2975206611570248,1.0956521739130436,5.0,1.487603305785124
1.4306151645207432,False,0.0,0.0,0.0,0.43478260869565216
-2.840909090909094,True,1.3994169096209912,8.0,1.0,1.3994169096209912
4.641350210970474,False,0.32755298651252407,1.8888888888888888,3.0,0.9826589595375722
0.0,False,0.0,0.0,0.0,0.47516198704103674
0.6451612903225712,True,0.27187765505522515,0.7547169811320755,8.0,2.1750212404418012
-0.8894536213468918,True,0.1419310815421358,0.32704402515723274,15.0,2.128966223132037
-3.7267080745341574,True,0.0,0.0,0.0,0.2188782489740082
7.840616966580982,False,0.5654354765161879,2.198581560283688,3.0,1.6963064295485637
-3.208556149732622,True,0.0649772579597141,1.9736842105263155,19.0,1.2345679012345678
-1.7148981779206873,True,0.14581124072110285,0.9821428571428571,8.0,1.1664899257688228
1.317122593718345,False,0.0,0.0,0.0,0.2573099415204678
-0.37974683544304,True,0.3162705667276051,0.4576719576719577,10.0,3.162705667276051
-4.221954161640529,True,0.15830822848366707,0.18657755499860765,19.0,3.0078563411896746
-4.727272727272725,True,0.16184094070046784,0.9861325115562405,11.0,1.7802503477051461
0.8235294117647118,False,0.9335219236209336,2.844827586206897,1.0,0.9335219236209336
0.0,True,0.2800982800982801,1.1400000000000001,5.0,1.4004914004914004
10.07194244604317,False,0.33766233766233766,2.0634920634920637,4.0,1.3506493506493507
1.5486725663716783,True,0.3648424543946932,0.7432432432432433,11.0,4.013266998341625
4.575163398692816,False,0.22750775594622544,0.3900709219858156,18.0,4.095139607032058
0.2670226969292422,False,0.26244343891402716,0.9914529914529915,5.0,1.3122171945701357
11.033519553072635,False,0.14460511679644047,0.5555555555555556,14.0,2.024471635150167
-2.1220159151193685,True,0.23720349563046192,0.8050847457627118,10.0,2.3720349563046192
-1.655629139072845,True,0.13157894736842105,0.37878787878787873,14.0,1.8421052631578947
-1.1419249592169667,True,0.19718309859154928,2.5,4.0,0.7887323943661971
15.365853658536576,False,0.7995296884185773,2.6984126984126986,3.0,2.398589065255732
-4.371002132196167,True,0.26111791105671156,2.48062015503876,3.0,0.7833537331701347
-2.844638949671774,True,0.37259615384615385,1.3839285714285712,4.0,1.4903846153846154
-3.4858387799564294,True,0.19230769230769232,0.6473214285714286,8.0,1.5384615384615385
-13.219616204690832,True,0.07997474481742607,0.19957983193277312,17.0,1.3595706618962433
-3.7652270210409733,True,0.1871045901198008,0.5188503172825681,19.0,3.554987212276215
-5.980066445182719,True,0.40526849037487334,1.098901098901099,2.0,0.8105369807497467
23.680351906158357,False,0.3153468815697267,0.8754863813229571,2.0,0.6306937631394534
-3.7318590186593004,True,0.02728738578575268,0.12406015037593987,19.0,0.5184603299293009
-1.7630465444287702,True,1.4340198321891686,7.966101694915254,1.0,1.4340198321891686
-4.421052631578948,True,0.2634367903103709,1.4745762711864405,5.0,1.3171839515518546
5.937921727395401,False,0.041724617524339355,0.2542372881355932,10.0,0.4172461752433936
-8.777429467084641,True,0.0,0.0,0.0,0.26003391746749577
0.40106951871656804,True,0.3389830508474576,1.3574660633484164,5.0,1.694915254237288
-15.243179122182681,True,0.0,0.0,0.0,0.8212664793602766
13.741636644364386,False,0.0,0.0,0.0,0.36900369003690037
-3.0088495575221197,True,0.16453382084095064,0.3149055283414976,13.0,2.1389396709323583
3.9312039312039415,False,0.0,0.0,0.0,0.5372733378106112
-4.109589041095896,True,0.39412883935852133,1.45,4.0,1.5765153574340853
-4.545454545454541,True,0.1965423111919927,0.7714285714285714,7.0,1.375796178343949
-9.873949579831931,True,0.3414996288047513,1.6312056737588654,3.0,1.024498886414254
-18.87550200803213,True,0.0,0.0,0.0,1.8018018018018018
-4.6563192904656265,True,1.4317343173431734,3.3916083916083917,2.0,2.8634686346863467
4.976303317535535,False,0.0,0.0,0.0,0.6525285481239804
-3.3802816901408406,True,1.1947431302270013,4.545454545454546,1.0,1.1947431302270013
-0.5763688760806907,True,0.16731734523145567,0.40584415584415584,11.0,1.8404907975460123
-2.231520223152017,True,0.09379509379509379,0.19345238095238093,16.0,1.5007215007215007
-5.454545454545457,True,0.08003479773814702,0.1542071739859202,19.0,1.5206611570247934
-3.129657228017879,False,0.008845643520566122,0.09746588693957116,19.0,0.16806722689075632
-2.6011560693641633,True,0.2033271719038817,1.4473684210526314,6.0,1.21996303142329
-15.561569688768607,True,0.0,0.0,0.0,0.6759443339960238
-0.8968609865470878,True,0.1897133220910624,1.1479591836734693,8.0,1.5177065767284992
-1.037613488975353,True,0.0,0.0,0.0,0.48
2.5316455696202445,True,0.2378003467921724,0.5133689839572193,11.0,2.6158038147138964
5.3380782918149405,False,0.0,0.0,0.0,0.0936768149882904
-4.471101417666301,True,0.0,0.0,0.0,0.5136436597110754
-3.2955715756951554,False,1.671826625386997,3.3540372670807455,1.0,1.671826625386997
-9.635173058933589,True,0.0,0.0,0.0,0.19801980198019803
-1.0967098703888345,True,0.22736418511066397,0.5824742268041236,10.0,2.27364185110664
-0.23455824863174435,False,0.0,0.0,0.0,0.13490725126475547
16.666666666666675,False,0.0,0.0,0.0,0.24263431542461006
-1.963350785340312,True,0.0,0.0,0.0,0.31620553359683795
8.302808302808295,False,0.0898876404494382,0.26666666666666666,1.0,0.0898876404494382
-3.1189083820662766,True,1.8414322250639386,4.186046511627906,1.0,1.8414322250639386
1.7077798861480087,False,0.0,0.0,0.0,1.542857142857143
-1.7892644135188873,True,0.22295081967213112,0.7727272727272726,10.0,2.2295081967213113
-8.576642335766426,True,0.3805175038051751,1.2437810945273633,3.0,1.1415525114155252
19.272727272727263,False,0.0,0.0,0.0,0.050697084917617236
11.408339889850506,False,0.22741433021806856,0.3659147869674186,9.0,2.046728971962617
-10.657596371882082,True,0.06882006882006882,0.30571992110453644,18.0,1.2387612387612388
-2.3178807947019875,True,0.2703066164604626,0.9103260869565218,8.0,2.162452931683701
-3.8690476190476164,True,0.1852411154736736,0.43788672060923367,11.0,2.0376522702104096
-7.220412595005432,True,0.0,0.0,0.0,0.3791469194312796
0.6250000000000089,True,0.18540433925049307,0.4926624737945492,12.0,2.224852071005917
-2.342442833240377,True,0.05918410484041429,0.17785843920145192,19.0,1.1244979919678715
-0.5694760820045608,True,0.5933052715975146,1.8546365914786969,3.0,1.7799158147925436
-2.1590310689836745,False,2.2647793505412155,4.874551971326165,1.0,2.2647793505412155
-1.2392241379310387,True,0.2699849170437406,0.6415770609318997,10.0,2.699849170437406
-1.4909478168264156,True,0.4543053354463814,3.115942028985507,2.0,0.9086106708927628
-1.4319809069212375,False,0.0,0.0,0.0,0.5285412262156448
1.4184397163120588,True,0.15801192271780506,0.296655879180151,9.0,1.4221073044602457
13.286713286713292,False,0.07407407407407408,0.12944983818770228,15.0,1.1111111111111112
-3.3734939759036187,True,0.45558086560364464,2.4475524475524475,1.0,0.45558086560364464
-0.33370411568409697,True,0.2980392156862745,1.7014925373134329,5.0,1.4901960784313726
6.208791208791209,False,0.13020833333333334,0.7462686567164178,7.0,0.9114583333333334
14.347357065803678,False,0.1419419670895616,2.7033492822966507,19.0,2.6968973747016705
-6.521739130434778,True,0.1281471430725162,0.3137689184200812,9.0,1.153324287652646
-2.4651661307609873,True,0.1411913016073117,1.6842105263157896,19.0,2.682634730538922
-0.6090808416389759,True,0.40482342807924204,1.3055555555555556,6.0,2.4289405684754524
13.684834123222744,False,0.10610079575596817,0.5660377358490566,8.0,0.8488063660477454
17.36204576043068,False,0.06683375104427736,0.37037037037037035,18.0,1.2030075187969924
6.0022650056625215,False,0.0,0.0,0.0,0.5016722408026756
6.578947368421062,False,0.2285714285714286,0.6679035250463823,7.0,1.6
-2.7225130890052407,True,0.16842929886408145,0.9817351598173515,6.0,1.0105757931844888
-5.306971904266389,True,0.0,0.0,0.0,0.7591623036649214
2.516411378555805,True,0.19939656303292666,0.598896769109535,9.0,1.79456906729634
6.706114398422081,False,0.0,0.0,0.0,1.1751662971175165
23.835920177383585,False,0.45977011494252873,1.153846153846154,1.0,0.45977011494252873
1.433447098976104,False,0.0,0.0,0.0,0.8740120874012087
-0.3994673768308976,False,0.0,0.0,0.0,0.32786885245901637
-0.11540680900172795,False,0.0,0.0,0.0,1.4002828854314002
-3.852691218130311,True,0.12853773584905662,0.40915915915915924,8.0,1.028301886792453
-3.9024390243902474,True,0.09347442680776014,0.48668503213957753,9.0,0.8412698412698413
-1.9668100799016597,True,0.08668242710795902,0.45454545454545453,12.0,1.0401891252955082
9.0041741204532,False,0.0,0.0,0.0,0.46811945117029863
5.894308943089421,False,0.0,0.0,0.0,0.40816326530612246
-14.4082332761578,True,0.0,0.0,0.0,0.3747870528109029
-12.226277372262773,True,0.206324287956941,0.9126984126984126,7.0,1.444270015698587
11.618669314796426,False,0.0,0.0,0.0,0.18001800180018002
-1.4178482068390341,False,1.3133208255159474,3.1818181818181817,1.0,1.3133208255159474
-1.937046004842613,True,0.20209398587776964,1.7965367965367962,6.0,1.2125639152666179
-4.783950617283949,True,0.053938530429472824,0.29691876750700275,17.0,0.916955017301038
2.26586102719033,False,0.8575380359612724,2.2794117647058822,1.0,0.8575380359612724
-1.6607354685646447,True,0.2202845341899954,0.5128205128205128,9.0,1.9825608077099588
-1.1958997722095632,False,0.0,0.0,0.0,0.49327354260089684
-8.403805496828753,True,0.7029634734665747,2.8176795580110494,1.0,0.7029634734665747
-7.8904109589041145,True,0.24220032840722497,0.9313338595106551,7.0,1.6954022988505748
-5.980066445182719,True,0.09028617492946392,3.393939393939394,15.0,1.3542926239419588
-2.428256070640178,True,0.6431767337807607,2.2460937500000004,4.0,2.5727069351230427
8.819875776397513,False,0.16409182159378546,2.6038781163434903,19.0,3.1177446102819237
14.936440677966111,False,0.6532663316582915,1.8181818181818183,3.0,1.9597989949748744
3.4676663542642983,True,0.18773946360153257,0.5444444444444445,10.0,1.8773946360153257
-3.539019963702361,True,0.07901668129938544,0.2058823529411765,17.0,1.3432835820895523
-5.627306273062727,True,0.22140221402214022,0.9375,4.0,0.8856088560885609
3.289473684210531,True,0.14614812979935596,0.3505644682115271,11.0,1.6076294277929155
11.198208286674127,False,1.1045828437132785,3.643410852713178,1.0,1.1045828437132785
-10.421286031042133,True,0.0,0.0,0.0,0.023668639053254437
-6.798245614035093,True,0.8152734778121775,3.1854838709677415,2.0,1.630546955624355
-4.123711340206182,True,0.09125377546430179,2.076023391812866,19.0,1.7338217338217339
-10.406504065040656,True,0.0,0.0,0.0,1.3959390862944163
-3.898840885142252,True,0.12191103789126853,3.3636363636363633,10.0,1.2191103789126854
-1.4675052410901501,True,0.04818914238385664,1.5311004784688995,19.0,0.9155937052932761
-0.9483667017913588,True,0.13885966757837157,0.7366071428571429,7.0,0.9720176730486009
1.0593220338983134,True,0.10812348840517855,0.5397727272727273,11.0,1.189358372456964
-0.8179959100204526,True,0.1984126984126984,0.5787037037037037,12.0,2.380952380952381
-0.8064516129032251,True,0.11059907834101382,0.3333333333333333,15.0,1.6589861751152073
-1.991614255765195,True,0.22831050228310504,1.4705882352941178,5.0,1.1415525114155252
14.044350580781417,False,0.34709193245778613,1.4453125,4.0,1.3883677298311445
6.701940035273379,False,1.1826821541710666,6.666666666666667,1.0,1.1826821541710666
-5.901116427432218,True,0.05339435545385202,0.09803921568627451,12.0,0.6407322654462243
-7.827476038338654,True,0.0,0.0,0.0,0.5990783410138248
13.278688524590155,False,0.15235093249277645,0.36616161616161613,9.0,1.3711583924349882
-4.677419354838708,True,0.13526570048309178,0.8076923076923075,5.0,0.6763285024154589
-0.6420545746388395,True,0.05921052631578947,0.34615384615384615,10.0,0.5921052631578947
29.659643435980556,False,0.0,0.0,0.0,1.0605349601126233
-5.555555555555558,True,0.7299270072992701,3.4999999999999996,2.0,1.4598540145985401
-3.289473684210531,True,0.1417842352776023,0.9510357815442562,9.0,1.2760581174984207
-2.452937820878498,True,0.1754294638209266,0.7004780710870921,17.0,2.982300884955752
-8.933333333333337,True,0.05947660586835845,0.11714174150722376,13.0,0.7731958762886598
28.067484662576693,False,0.0,0.0,0.0,0.19966722129783693
8.115942028985511,False,0.0,0.0,0.0,0.41612483745123535
-7.624633431085048,True,0.0819304152637486,0.5555555555555556,18.0,1.4747474747474747
-6.714505381855462,True,0.422790202342918,0.6556564822460775,10.0,4.22790202342918
-8.722741433021808,True,0.0,0.0,0.0,0.6789667896678967
5.30642750373691,False,0.5386250885896527,1.6309012875536484,1.0,0.5386250885896527
-9.779179810725546,True,0.0,0.0,0.0,0.9293129016312407
-0.7559395248380119,True,0.25151148730350664,0.753623188405797,10.0,2.5151148730350665
1.909722222222232,True,0.2414486921529175,0.5084745762711864,8.0,1.93158953722334
8.74125874125875,False,0.3194444444444444,1.796875,4.0,1.2777777777777777
-12.907801418439712,True,0.5511811023622047,1.926605504587156,5.0,2.7559055118110236
-2.945508100147276,True,0.13733664996671688,0.7686274509803921,17.0,2.334723049434187
-6.547619047619047,True,0.1800450112528132,1.2,5.0,0.900225056264066
4.918032786885251,False,0.35772357723577236,1.3095238095238095,1.0,0.35772357723577236
-9.879518072289162,True,0.02608242044861763,0.10101010101010101,9.0,0.2347417840375587
-5.436893203883497,True,0.0,0.0,0.0,0.4608294930875576
23.03370786516854,False,0.0,0.0,0.0,1.1552346570397112
-2.777777777777779,False,0.21390374331550802,0.45454545454545453,9.0,1.9251336898395721
-2.8380634390651083,True,0.1456996846797869,0.2985739750445633,17.0,2.476894639556377
-2.487562189054726,True,0.2972972972972973,2.2,4.0,1.1891891891891893
-3.289473684210531,True,0.25641025641025644,0.9803921568627452,5.0,1.2820512820512822
-3.3138401559454245,True,0.5533244087460955,2.46031746031746,3.0,1.6599732262382865
-5.3254437869822535,True,0.20581282158253372,0.9788359788359788,9.0,1.8523153942428034
43.7375745526839,False,0.08432087511394713,4.625000000000001,16.0,1.3491340018231541
0.13623978201635634,True,0.16850059996425745,0.2911079745942131,13.0,2.190507799535347
13.703703703703706,False,1.2948517940717628,3.577586206896551,1.0,1.2948517940717628
-4.721753794266437,True,0.23200859291084855,0.5268292682926828,10.0,2.3200859291084854
-5.565529622980248,True,0.07698571322821822,0.6018518518518517,18.0,1.385742838107928
-7.413793103448274,True,0.0,0.0,0.0,0.13850415512465375
-7.260273972602738,False,0.0,0.0,0.0,0.3486120077469335
8.18897637795275,True,0.32159540064678405,0.5442383703253268,11.0,3.5375494071146245
-7.317073170731703,True,0.1377605086541858,0.20594965675057209,19.0,2.61744966442953
-4.275534441805229,True,0.05981136415919024,0.1174345076784101,9.0,0.5383022774327122
-1.4457831325301207,True,0.07897646501342599,0.15634771732332708,13.0,1.0266940451745379
2.195121951219514,False,0.0,0.0,0.0,0.27972027972027974
-3.0401737242128135,True,0.0,0.0,0.0,0.46099290780141844
3.0939226519337115,False,0.0,0.0,0.0,0.2631578947368421
5.35947712418301,False,0.22045574986751457,2.1095334685598375,17.0,3.7477477477477477
-3.396226415094339,True,0.2650957290132548,1.053864168618267,7.0,1.8556701030927836
-4.1059602649006655,True,1.1707988980716253,3.313840155945419,3.0,3.512396694214876
4.125000000000001,False,0.2760600706713781,0.9137426900584795,8.0,2.208480565371025
-4.292343387470998,True,0.15526046986721143,0.5006587615283267,11.0,1.7078651685393258
-6.447963800904977,True,0.04490801100970592,0.15376984126984125,18.0,0.8083441981747066
-1.905829596412556,True,0.1260239445494644,0.33003300330033003,12.0,1.5122873345935728
-8.193277310924374,True,0.6984126984126984,2.3076923076923075,2.0,1.3968253968253967
4.021164021164014,False,0.2917082917082917,1.020979020979021,5.0,1.4585414585414584
-0.6172839506172867,True,0.07617155158138765,0.29243483788938335,11.0,0.8378870673952641
3.114186851211076,True,0.20684168655529037,0.8496732026143791,9.0,1.8615751789976134
-7.342657342657343,True,0.1411589895988113,0.7307692307692307,4.0,0.5646359583952452
-1.8181818181818188,True,0.2512820512820513,1.2962962962962963,6.0,1.5076923076923077
2.1739130434782705,True,0.18445839874411302,0.9325396825396823,8.0,1.4756671899529041
16.390041493775943,False,0.12842304060434373,1.2142857142857142,15.0,1.9263456090651558
-2.4390243902439046,True,0.15873015873015872,1.4699074074074072,18.0,2.857142857142857
-0.2639915522703262,True,0.13602746962493395,0.24664750957854403,16.0,2.176439513998943
2.1604938271605034,False,0.26193724420191,1.090909090909091,10.0,2.6193724420191
-5.605536332179928,True,1.5591699383062254,3.24009324009324,2.0,3.118339876612451
-1.7743979721166037,True,0.47285464098073554,3.9705882352941178,2.0,0.9457092819614711
-0.3841229193341844,True,0.3153153153153153,2.573529411764706,4.0,1.2612612612612613
4.400977995110034,False,0.21818181818181817,1.4285714285714284,2.0,0.43636363636363634
0.4314994606256839,True,0.21813403416557162,0.6014492753623188,10.0,2.181340341655716
-15.806451612903228,True,0.0,0.0,0.0,0.0
-2.645820805772703,True,0.22827510625217184,0.4461859979101359,11.0,2.51102616877389
-3.8968481375358133,True,0.07053238385893522,0.13106490233144294,15.0,1.0579857578840284
-0.7669616519174083,True,0.4166666666666667,1.0548172757475083,8.0,3.3333333333333335
19.90846681922196,False,0.0,0.0,0.0,0.13717421124828533
2.0325203252032464,True,0.3569197822789328,0.9852216748768472,7.0,2.4984384759525295
-14.074074074074073,True,0.107393638992152,0.19923371647509575,18.0,1.933085501858736
8.893709327548805,False,0.36231884057971014,1.4999999999999998,4.0,1.4492753623188406
1.36830102622576,False,0.5115089514066496,1.492537313432836,1.0,0.5115089514066496
-2.714932126696834,True,0.15447154471544716,0.3166666666666667,12.0,1.853658536585366
-2.3890784982935176,True,0.08771929824561403,0.5263157894736841,18.0,1.5789473684210527
-1.1376564277588153,True,0.11666666666666667,0.8000000000000002,10.0,1.1666666666666667
-1.1827956989247324,False,0.0,0.0,0.0,0.30245746691871456
0.43057050592034685,True,0.2105803800719055,0.5137844611528822,12.0,2.526964560862866
-2.310924369747902,True,0.10744855217628849,0.23347843292441633,19.0,2.041522491349481
-1.6059957173447548,True,0.10816514971639626,0.4403866809881848,19.0,2.055137844611529
7.659574468085117,False,0.16368286445012786,1.1428571428571428,5.0,0.8184143222506394
2.0495303159692613,False,0.0,0.0,0.0,0.3519061583577713
-9.723320158102766,True,0.15055202408832385,0.8571428571428571,7.0,1.053864168618267
1.1331444759206777,False,0.0,0.0,0.0,2.4752475247524752
-3.7254901960784292,True,0.37808345500653195,0.600366076876144,11.0,4.158918005071851
-4.828973843058348,True,0.09575340219708149,0.18165982331715816,19.0,1.8193146417445483
2.857142857142847,False,0.03843110658980445,0.24853801169590642,18.0,0.6917599186164801
-4.761904761904767,True,0.40816326530612246,2.459016393442623,2.0,0.8163265306122449
10.24096385542168,False,0.3893805309734513,1.5172413793103448,5.0,1.9469026548672566
-1.3239187996469504,True,0.13,0.4482758620689656,10.0,1.3
-0.43859649122807154,True,0.062252405206564804,0.2756892230576441,19.0,1.1827956989247312
2.1235521235521304,False,0.36193029490616624,2.7,4.0,1.447721179624665
7.223113964687,False,0.0,0.0,0.0,0.33613445378151263
4.043545878693622,False,0.04013377926421405,1.7307692307692308,13.0,0.5217391304347826
-1.0526315789473717,True,0.34916201117318435,1.5625,4.0,1.3966480446927374
-8.657047724750278,True,0.05679335954565312,0.9848484848484849,12.0,0.6815203145478375
-1.5783540022547893,True,0.20833333333333334,0.42824074074074076,18.0,3.75
-13.137254901960782,True,0.1523986217863769,0.3169091710758377,14.0,2.1335807050092765
3.0007501875468856,False,0.0,0.0,0.0,0.05755395683453238
-13.793103448275868,True,0.0,0.0,0.0,0.5529075309818875
-5.951712521055585,True,0.06111590451538683,0.5263157894736842,19.0,1.1612021857923498
3.165630299604305,False,0.5230978260869565,1.5714285714285714,2.0,1.046195652173913
-3.409090909090906,True,2.446256486286138,5.709342560553633,1.0,2.446256486286138
-3.4782608695652195,False,0.0,0.0,0.0,1.2870933142652843
4.241071428571419,False,0.10770059235325795,0.22099447513812157,12.0,1.2924071082390953
-5.066666666666664,True,0.0,0.0,0.0,0.3386960203217612
-18.50443599493029,True,0.0,0.0,0.0,0.27565084226646247
-9.099616858237546,True,0.0,0.0,0.0,0.2724177071509648
8.136094674556205,False,0.11503293678104413,0.2995391705069124,14.0,1.610461114934618
-13.314840499306523,True,0.38411819021237303,1.7993079584775087,1.0,0.38411819021237303
-6.874999999999998,True,0.5352465550620659,2.7777777777777777,3.0,1.6057396651861975
-6.177606177606176,True,0.22489138768208536,1.1144883485309018,7.0,1.5742397137745976
-1.542111506524313,True,0.4203821656050955,1.6336633663366336,6.0,2.522292993630573
-16.433761878144214,True,0.0,0.0,0.0,1.3355500138542533
0.0,False,0.6062124248496994,1.90251572327044,2.0,1.2124248496993988
-9.294320137693635,True,0.48020765736534715,0.5374001452432825,12.0,5.762491888384166
-4.2394014962593545,True,0.07442462484326336,0.273321449792038,18.0,1.3396432471787405
21.969080553295363,False,0.0,0.0,0.0,1.3231552162849873
4.384574749075543,False,0.36407549870292516,0.8782908933966336,7.0,2.548528490920476
7.456140350877183,False,0.05249343832020997,0.12594458438287154,19.0,0.9973753280839895
-2.7450980392156876,True,0.46454767726161367,2.0212765957446805,2.0,0.9290953545232273
-8.131067961165051,True,0.45290581162324645,0.7295552367288379,10.0,4.529058116232465
-6.42054574638844,True,0.5782918149466192,1.4772727272727273,4.0,2.3131672597864767
-0.16501650165016146,True,0.23892773892773891,0.5734265734265733,13.0,3.106060606060606
31.241084165477883,False,1.7247097844112769,3.0588235294117645,1.0,1.7247097844112769
3.2341526520051733,False,0.0,0.0,0.0,1.6422287390029326
-7.856093979442003,True,0.12373685295937306,0.3312476996687523,13.0,1.6085790884718498
20.545339251743822,False,0.0,0.0,0.0,0.8914870295944465
-2.346041055718473,True,0.524457892082703,2.5870646766169156,3.0,1.573373676248109
-3.04347826086957,True,0.21103117505995203,1.0945273631840795,6.0,1.2661870503597121
-3.6144578313253017,True,1.0330578512396693,3.1249999999999996,1.0,1.0330578512396693
10.548885077186965,False,0.0,0.0,0.0,0.7692307692307693
-11.204013377926426,True,1.3193717277486912,4.064516129032258,1.0,1.3193717277486912
-1.5909090909090873,True,0.6573859242072699,2.741935483870968,3.0,1.9721577726218098
-5.0328227571115995,True,0.2204928664072633,0.913978494623656,6.0,1.3229571984435797
-7.707509881422925,True,0.34577603143418467,1.76,5.0,1.7288801571709234
-11.050724637681164,True,0.39206642066420666,2.125,2.0,0.7841328413284133
5.454545454545445,False,0.05005005005005005,0.1720747295968535,18.0,0.9009009009009009
-1.180438448566612,True,0.1566265060240964,0.7878787878787878,5.0,0.7831325301204819
0.31250000000000444,False,0.09803921568627451,0.3333333333333333,1.0,0.09803921568627451
-4.01284109149278,True,0.12181367020076697,0.2957283680175246,11.0,1.3399503722084367
-0.42735042735042583,True,0.11583011583011582,0.31249999999999994,10.0,1.1583011583011582
-5.544147843942504,True,0.0,0.0,0.0,0.22727272727272727
-2.3792862141357562,True,0.0,0.0,0.0,0.6896551724137931
-0.5859375,False,0.0,0.0,0.0,0.2912621359223301
1.291512915129145,False,0.0,0.0,0.0,1.0797237915881983
14.39842209072979,False,0.14873432807360443,0.43771043771043766,11.0,1.6360776088096487
1.5625,True,0.20701552616446234,0.6122448979591837,9.0,1.863139735480161
-11.388455538221532,True,0.0,0.0,0.0,0.8118081180811808
4.066390041493784,False,0.532043530834341,1.7741935483870968,3.0,1.596130592503023
-5.517762660619807,True,0.14321295143212953,0.40017398869073517,11.0,1.5753424657534247
-3.6317567567567544,True,4.684270952927669,8.83116883116883,1.0,4.684270952927669
1.005025125628145,False,0.8319327731092437,1.774193548387097,4.0,3.327731092436975
-3.600000000000003,True,0.9532374100719424,3.7857142857142856,2.0,1.9064748201438848
28.242424242424246,False,1.2782540919719407,2.7333333333333334,1.0,1.2782540919719407
-5.467372134038806,True,0.9220985691573926,3.81578947368421,2.0,1.8441971383147853
-1.0830324909747335,True,0.37153322867608585,1.3345864661654137,7.0,2.600732600732601
-1.6274864376130238,True,0.23845007451564826,0.8612440191387559,11.0,2.622950819672131
0.48076923076922906,False,0.0,0.0,0.0,0.4909983633387889
-5.414012738853502,True,0.048231511254019296,0.14705882352941177,14.0,0.6752411575562701
6.5950920245398725,False,0.4871060171919771,2.741935483870968,2.0,0.9742120343839542
-2.1601016518424387,True,0.28276316753351405,0.5115292870394912,11.0,3.1103948428686543
37.788018433179715,False,0.0,0.0,0.0,0.9655172413793104
-2.8061224489795866,False,0.13278008298755187,0.4210526315789474,1.0,0.13278008298755187
-2.3376623376623384,True,0.2005347593582888,0.37878787878787884,11.0,2.2058823529411766
9.322033898305083,False,0.197869101978691,1.2745098039215685,4.0,0.791476407914764
-0.8019246190858031,True,0.33630069238377847,0.7024793388429752,9.0,3.026706231454006
-1.4855355746677068,True,0.16846501914375217,0.29411764705882354,17.0,2.863905325443787
7.109004739336489,False,0.16096579476861167,1.0526315789473684,3.0,0.482897384305835
-4.139290407358742,True,0.1014584654407102,0.5,19.0,1.927710843373494
1.8601667735728133,False,0.34098031841544435,2.1587301587301586,3.0,1.022940955246333
0.6337135614702172,True,0.2078853046594982,0.5197132616487454,9.0,1.8709677419354838
-11.713286713286708,True,0.0,0.0,0.0,0.6441476826394344
16.549912434325755,False,0.0,0.0,0.0,0.4204993429697766
14.123006833712992,False,0.09959737232464505,0.27214823393167337,11.0,1.0955710955710956
-8.773132282385198,True,0.05080574740017465,0.13729977116704806,19.0,0.9653092006033183
5.81560283687943,True,0.3201489064681247,1.72,5.0,1.6007445323406235
-14.880952380952383,True,0.0,0.0,0.0,0.321572130415364
5.074365704286965,False,0.0,0.0,0.0,0.6627680311890838
16.58456486042692,False,0.0,0.0,0.0,0.23677979479084452
-10.166468489892988,True,0.2624750499001996,0.9962121212121213,6.0,1.5748502994011977
22.4824355971897,False,0.0,0.0,0.0,0.8758568164508759
-1.1904761904761862,True,0.16309272123225613,0.4409363091997823,11.0,1.7940199335548173
-7.14285714285714,True,0.0,0.0,0.0,1.2541993281075028
14.917127071823199,False,0.07141128056160735,0.31550802139037426,17.0,1.213991769547325
7.400379506641364,False,0.056419763036995245,1.151315789473684,19.0,1.0719754977029097
-2.857142857142858,True,0.9361702127659575,5.789473684210527,1.0,0.9361702127659575
17.714285714285705,False,0.0,0.0,0.0,0.4915514592933948
-5.776636713735561,True,0.14643405947753774,0.2709030100334448,13.0,1.9036427732079906
29.970760233918135,False,0.09593465045592706,0.18593519882179677,14.0,1.3430851063829787
-0.8902077151335286,True,0.4943248117110427,0.7027809615732641,11.0,5.43757292882147
4.026845637583887,False,0.0,0.0,0.0,0.3856749311294766
26.445086705202314,False,0.0,0.0,0.0,0.6405693950177936
-1.683501683501687,True,0.1540084388185654,0.24662162162162163,10.0,1.540084388185654
-3.190319031903188,True,0.09342619330728726,0.13272200772200773,14.0,1.3079667063020215
-5.424528301886788,True,0.09641220167535958,8.026315789473685,19.0,1.8318318318318318
4.269662921348316,False,0.8180839612486545,3.6538461538461537,1.0,0.8180839612486545
-6.010928961748629,True,0.18835616438356165,0.6285714285714286,7.0,1.3184931506849316
3.8834951456310662,False,0.7876969242310577,5.769230769230769,2.0,1.5753938484621155
10.89285714285715,False,0.0,0.0,0.0,0.3400121432908318
-3.240740740740744,True,0.8478513356562137,3.659147869674186,3.0,2.543554006968641
-2.4024024024024038,True,0.27012767753508493,1.0693400167084377,9.0,2.4311490978157644
-0.8645533141210415,True,0.1552433439416285,0.578368999421631,13.0,2.0181634712411705
-9.472259810554807,True,0.06930443548387097,0.25845864661654133,16.0,1.1088709677419355
-0.30066145520144527,True,1.2874779541446209,15.208333333333334,1.0,1.2874779541446209
-7.20461095100865,True,0.0,0.0,0.0,0.352112676056338
-1.4751075599262475,True,0.13126271029765207,0.7442348008385744,18.0,2.3627287853577372
-7.271095152603236,True,0.2754487725760783,0.5678984357288597,11.0,3.0299364983368613
8.02325581395349,False,0.7294233612617053,6.271186440677965,2.0,1.4588467225234105
24.544480171489823,False,0.14408715515726586,1.2202380952380953,7.0,1.0086100861008611
2.442996742671011,False,1.1038251366120218,5.049999999999999,2.0,2.2076502732240435
4.311543810848395,False,0.0,0.0,0.0,0.42759961127308066
-11.799999999999999,True,0.0,0.0,0.0,0.7980456026058632
-18.980392156862745,True,0.0,0.0,0.0,0.6659939455095862
1.5873015873015817,True,0.47388059701492535,0.7839506172839507,10.0,4.7388059701492535
-1.4010507880910628,True,0.11039794608472402,0.2631578947368421,19.0,2.097560975609756
-7.922535211267601,True,0.07954394803128728,0.2321981424148607,19.0,1.5113350125944585
1.1650485436893288,True,0.1400560224089636,0.27100271002710025,12.0,1.680672268907563
6.959706959706957,False,0.020199753114128607,0.038510911424903725,19.0,0.3837953091684435
-12.540716612377844,True,0.0,0.0,0.0,0.215633423180593
-6.000000000000005,True,0.30746156730408697,0.7606679035250463,7.0,2.152230971128609
-1.9677996422182487,True,0.20560484438811433,0.5266955266955267,9.0,1.850443599493029
14.64646464646464,False,0.06292432521940719,0.13708513708513712,18.0,1.1326378539493294
3.592814371257491,False,0.0,0.0,0.0,0.9687034277198212
-8.97297297297297,True,0.2896486229819563,0.4750778816199377,10.0,2.8964862298195633
-22.447102115915364,True,0.08771391768386186,0.1591010235870049,14.0,1.227994847574066
-4.6448087431694045,False,0.6660137120470128,1.2318840579710146,1.0,0.6660137120470128
21.855146124523507,False,1.1344019728729964,2.541436464088398,2.0,2.2688039457459928
-1.3172338090010949,True,0.1506849315068493,0.3830845771144278,10.0,1.5068493150684932
8.4090909090909,False,0.2440264361972547,3.174603174603175,7.0,1.708185053380783
-0.3960396039603964,False,1.637852593266606,3.5856573705179278,1.0,1.637852593266606
-8.679927667269439,True,0.12232415902140673,0.5421686746987951,4.0,0.4892966360856269
4.966717869943671,False,0.08488212112025745,2.394736842105263,19.0,1.6127603012848915
-0.2277904328018221,False,0.08539868188990996,0.3316510454217736,19.0,1.6225749559082892
-10.389610389610393,True,0.0,0.0,0.0,0.4576659038901602
-1.8292682926829285,True,0.46532438478747207,1.6124031007751938,5.0,2.3266219239373602
0.2382843526608447,True,0.11289429994465966,0.23921200750469043,13.0,1.4676258992805755
-1.7021276595744705,False,0.0,0.0,0.0,0.2541544477028348
2.6098901098901006,False,0.15873015873015875,1.7748917748917752,7.0,1.1111111111111112
-4.018146467919637,False,0.0,0.0,0.0,0.087527352297593
-2.9487179487179493,True,0.1901840490797546,0.6981981981981983,4.0,0.7607361963190185
2.6762402088772896,False,0.15485564304461943,0.5315315315315315,10.0,1.5485564304461943
23.550945698596703,False,0.0,0.0,0.0,0.428380187416332
-5.0104384133611735,True,0.47652417659425367,1.818181818181818,1.0,0.47652417659425367
-5.652759084791381,True,0.0,0.0,0.0,0.12678288431061807
1.0981468771448233,True,0.12944983818770225,0.380952380952381,11.0,1.4239482200647249
-2.6850032743942376,True,0.0,0.0,0.0,0.0
33.37670787247886,False,1.311881188118812,2.9608938547486034,1.0,1.311881188118812
5.978898007033995,False,0.12148823082763857,0.7692307692307693,8.0,0.9719058466211086
-3.952158086323454,True,0.15755785327424912,2.480620155038759,3.0,0.4726735598227474
-1.2966804979253066,True,0.0636042402826855,1.0465116279069766,6.0,0.38162544169611307
20.465116279069772,False,0.038200339558573854,0.1722488038277512,19.0,0.7258064516129032
-7.873210633946826,True,0.11914629092416079,3.185595567867036,19.0,2.263779527559055
4.129793510324475,False,0.0,0.0,0.0,0.5882352941176471
-9.571558796718326,True,1.7374517374517375,7.563025210084033,1.0,1.7374517374517375
-0.7751937984496138,True,0.11095325079493944,0.7884615384615383,13.0,1.4423922603342128
-5.830388692579502,False,0.0,0.0,0.0,0.1279317697228145
-9.91902834008097,False,0.0,0.0,0.0,0.0
4.06336088154271,False,0.21952456229307724,0.3338171262699565,13.0,2.853819309810004
-4.354838709677422,True,0.45977011494252873,2.1818181818181817,1.0,0.45977011494252873
-2.3178807947019875,True,0.16592592592592592,0.5656565656565656,9.0,1.4933333333333334
5.475040257648955,False,0.0,0.0,0.0,0.30303030303030304
10.565476190476186,False,0.1536900101493403,0.2955939765755717,11.0,1.6905901116427433
-3.5384615384615348,False,0.0,0.0,0.0,0.0
-1.3037809647979182,False,0.0,0.0,0.0,0.8401084010840109
6.640625,False,0.15319426336375488,0.5994897959183674,8.0,1.225554106910039
3.9109635848872504,False,0.13589403115587653,0.3225740321241505,11.0,1.494834342714642
0.18583724569640747,True,0.4797686043952589,2.0510752688172045,3.0,1.4393058131857768
-3.1380753138075312,True,0.32051282051282054,1.25,1.0,0.32051282051282054
2.1868787276341894,False,0.20958083832335328,0.7142857142857143,4.0,0.8383233532934131
1.6293279022403295,True,0.14689265536723164,0.44217687074829937,12.0,1.7627118644067796
5.849056603773595,False,0.0,0.0,0.0,0.4892966360856269
-1.3129102844638973,False,0.0,0.0,0.0,1.1072664359861593
1.1415525114155223,True,0.397456279809221,0.925925925925926,8.0,3.179650238473768
4.674796747967469,False,0.12998522895125555,0.271604938271605,15.0,1.9497784342688331
-7.338709677419352,True,0.19875776397515527,0.418848167539267,10.0,1.9875776397515528
-7.459207459207462,True,0.10729166666666666,0.24436536180308419,15.0,1.609375
-22.549691569568196,True,0.0,0.0,0.0,0.27716994894237784
-4.78991596638656,True,0.08473917437611755,0.6168647425014149,19.0,1.6100443131462334
-4.460966542750933,True,0.8868501529051988,3.0851063829787235,2.0,1.7737003058103975
1.0544815465729274,False,0.0,0.0,0.0,0.8977556109725686
-4.2386185243328045,True,1.917140536149472,5.175438596491228,1.0,1.917140536149472
2.2364217252396124,True,0.18909975011818736,0.4723346828609987,13.0,2.4582967515364356
-1.883830455259028,True,0.0802139037433155,0.2133160956690368,17.0,1.3636363636363635
19.87673343605547,False,0.04201680672268908,0.10101010101010101,19.0,0.7983193277310925
-0.40816326530612734,True,0.2719588386622565,0.46894803548795944,12.0,3.2635060639470783
-3.776041666666663,True,0.13629114107583007,0.2238628244820195,19.0,2.5895316804407713
-1.464713715046606,True,0.0822139029582324,0.16194331983805668,19.0,1.5620641562064157
-10.15531660692951,True,0.0,0.0,0.0,0.327455919395466
-7.870967741935486,True,1.0526315789473684,4.943820224719101,2.0,2.1052631578947367
10.91370558375635,False,0.8807134894091416,4.293478260869565,2.0,1.7614269788182833
-20.333988212180742,True,0.0,0.0,0.0,0.7486631016042781
-1.1026293469041604,False,1.5704387990762125,3.4812286689419794,2.0,3.140877598152425
-2.564102564102566,True,0.05320159604788143,0.5668016194331983,19.0,1.0108303249097472
-1.9384264538198415,True,0.045549440121465175,0.1788375558867362,11.0,0.5010438413361169
-1.1467889908256867,True,0.045454545454545456,0.16393442622950818,17.0,0.7727272727272727
-1.7241379310344862,True,0.21818181818181817,2.625,5.0,1.0909090909090908
-3.5673187571921727,True,0.21067415730337077,0.7499999999999999,4.0,0.8426966292134831
-5.9978189749182125,True,0.05984150088953582,1.027777777777778,18.0,1.0771470160116448
-1.3452914798206317,True,0.24946236559139784,1.487179487179487,5.0,1.2473118279569892
-4.512635379061369,True,0.0,0.0,0.0,0.3053435114503817
-1.1385199240986688,True,0.3367003367003367,1.5625000000000002,3.0,1.0101010101010102
0.5395683453237377,False,0.0,0.0,0.0,0.058823529411764705
7.615894039735105,False,0.1058681185722928,0.21604938271604937,12.0,1.2704174228675136
-0.694444444444442,True,0.14354066985645933,1.2,6.0,0.861244019138756
9.677419354838701,False,0.509641873278237,3.425925925925926,3.0,1.5289256198347108
-1.8541409147095234,True,0.5793025871766029,2.768817204301075,4.0,2.3172103487064115
9.579439252336442,False,0.29218026478836495,0.8931419457735247,19.0,5.551425030978934
3.146067415730336,False,0.0,0.0,0.0,0.0
-3.6175710594315236,True,0.5486641221374046,1.592797783933518,2.0,1.0973282442748091
-1.104972375690605,True,0.06281761716544326,0.26269185360094455,11.0,0.6909937888198758
-0.7125890736342066,False,0.4537953795379538,2.0599250936329585,1.0,0.4537953795379538
-12.159624413145542,True,0.2614299610894942,0.759180790960452,8.0,2.0914396887159534
9.680065627563582,False,0.0,0.0,0.0,1.640378548895899
13.608087091757382,False,1.450313339301701,3.698630136986301,1.0,1.450313339301701
11.41732283464567,False,0.0,0.0,0.0,0.6269592476489029
-8.633776091081591,True,0.0,0.0,0.0,1.4338689740420272
-2.4482109227871973,True,0.1168831168831169,1.1020408163265307,14.0,1.6363636363636365
-5.123339658444026,True,0.11581469648562301,1.0357142857142856,16.0,1.8530351437699681
-11.452991452991457,True,0.0,0.0,0.0,0.09252120277563608
6.440071556350624,False,0.04136690647482014,0.17530487804878048,16.0,0.6618705035971223
-6.104129263913826,True,0.28414207103551775,1.6904761904761902,5.0,1.4207103551775888
35.244519392917375,False,0.04924029262802476,0.2604166666666667,16.0,0.7878446820483962
-3.473053892215572,True,0.35543766578249336,1.2350230414746544,5.0,1.7771883289124668
-2.361005331302357,True,0.1404494382022472,0.2512562814070352,10.0,1.404494382022472
11.348563006632272,False,0.0,0.0,0.0,0.07692307692307693
-6.18296529968454,True,0.20066889632107024,0.3563667970447632,13.0,2.608695652173913
-7.692307692307687,True,0.035155132240526514,0.060803167420814486,17.0,0.5976372480889507
-3.856382978723405,False,0.64,1.3043478260869565,1.0,0.64
-0.6729475100942128,True,0.26418786692759294,0.6766917293233082,7.0,1.8493150684931507
34.19023136246786,False,0.04704134686803664,0.11904761904761904,14.0,0.658578856152513
-3.0575539568345356,True,0.12987012987012989,0.2298850574712644,11.0,1.4285714285714286
11.413969335604769,False,0.038560411311053984,0.06896551724137931,16.0,0.6169665809768637
11.214953271028039,False,0.0,0.0,0.0,0.8817204301075269
-2.843601895734593,True,0.2702702702702703,0.7183908045977011,10.0,2.7027027027027026
-1.7340786950061249,True,0.503529386004527,1.8939522625610616,3.0,1.510588158013581
-3.1428571428571472,True,0.08804179566563466,1.2165775401069516,17.0,1.4967105263157894
10.040863981319315,False,0.21046950890447924,0.5386740331491713,12.0,2.525634106853751
-2.6104417670682722,False,0.0,0.0,0.0,0.10940919037199125
1.2016021361815676,False,1.0008071025020178,2.7927927927927927,1.0,1.0008071025020178
-3.0579050097592764,True,1.7973568281938326,11.08695652173913,1.0,1.7973568281938326
1.8433179723502224,False,0.38557213930348255,1.5897435897435896,3.0,1.1567164179104477
-1.0270270270270276,True,0.06741573033707865,3.7500000000000004,16.0,1.0786516853932584
3.3600000000000074,False,0.027976919041790525,0.6015037593984963,19.0,0.53156146179402
4.700854700854706,False,0.1288936627282492,0.6578947368421053,19.0,2.4489795918367347
-4.287045666356015,True,0.0,0.0,0.0,0.3022670025188917
-5.46946216955333,True,0.1765886287625418,0.7674418604651163,5.0,0.882943143812709
-5.625000000000002,True,0.16542392968248482,0.2397652447752648,14.0,2.3159350155547873
-2.6282853566958697,True,1.4700193423597678,6.909090909090909,1.0,1.4700193423597678
7.665903890160175,False,0.0,0.0,0.0,0.37410071942446044
-6.866002214839428,True,0.3537360890302067,3.3712121212121215,4.0,1.4149443561208268
-3.269447576099216,True,0.1312828207051763,1.325757575757576,12.0,1.5753938484621155
13.707865168539325,False,0.08010335917312661,0.3061728395061728,15.0,1.2015503875968991
-9.060402684563762,True,0.3814866760168303,1.099730458221024,5.0,1.9074333800841514
2.0036429872495543,False,0.0960735171261487,3.1944444444444446,18.0,1.7293233082706767
9.007352941176471,False,0.31746031746031744,1.4814814814814814,5.0,1.5873015873015872
8.749999999999991,False,0.03598740440845704,0.1646090534979424,9.0,0.32388663967611336
0.16722408026756952,False,0.5620608899297423,1.764705882352941,2.0,1.1241217798594847
-0.995024875621886,True,0.8636363636363636,3.015873015873016,2.0,1.7272727272727273
-2.2913256955810146,True,0.12014417300760914,0.43290043290043295,11.0,1.3215859030837005
-2.3255813953488413,True,0.12631578947368421,0.4761904761904763,13.0,1.6421052631578947
-8.320493066255775,True,0.0,0.0,0.0,0.0380952380952381
4.5016077170418,False,0.3143418467583497,1.379310344827586,4.0,1.2573673870333988
-18.80733944954128,True,0.21404109589041095,0.8116883116883117,4.0,0.8561643835616438
-1.4876033057851235,True,0.12627877237851662,1.3277310924369747,17.0,2.1467391304347827
-3.194888178913735,True,0.06033182503770739,0.41666666666666674,8.0,0.48265460030165913
10.120845921450151,False,0.0,0.0,0.0,0.25848142164781907
6.009070294784591,False,0.15625,0.6870229007633589,5.0,0.78125
-0.7551240560949246,True,0.3739130434782609,1.4333333333333333,5.0,1.8695652173913044
-2.5369978858350906,True,0.2105924878202106,0.7976190476190477,7.0,1.4741474147414741
8.603238866396756,False,1.2749762131303521,4.437086092715232,1.0,1.2749762131303521
10.465116279069765,False,0.0,0.0,0.0,0.33958891867739055
0.22099447513812542,False,0.0,0.0,0.0,1.332046332046332
-0.05543237250554833,True,2.244759972954699,9.325842696629215,1.0,2.244759972954699
1.8896833503575072,False,0.0,0.0,0.0,0.23826208829712683
-4.411764705882348,True,0.0,0.0,0.0,1.000256476019492
7.899461400359065,False,0.146163215590743,0.5309734513274336,2.0,0.292326431181486
0.35211267605634866,False,0.0,0.0,0.0,1.6535433070866141
-5.363321799307963,True,0.31549295774647884,3.36,5.0,1.5774647887323943
9.382716049382722,False,0.0,0.0,0.0,0.6006006006006006
10.828025477707005,False,0.1297684304732073,0.26387625113739765,14.0,1.8167580266249022
-0.512820512820511,True,0.31976744186046513,1.13013698630137,6.0,1.9186046511627908
-6.91823899371069,True,0.20916334661354583,0.7191780821917808,8.0,1.6733067729083666
11.27694859038142,False,0.20110957004160887,0.6277056277056278,7.0,1.4077669902912622
-3.592233009708734,True,0.05434782608695652,3.3333333333333335,17.0,0.9239130434782609
-0.7936507936507908,True,0.3872752420470263,2.0,4.0,1.5491009681881052
-1.8774703557312256,True,0.25793650793650796,1.2380952380952381,6.0,1.5476190476190477
5.882352941176472,False,0.6926406926406926,2.909090909090909,2.0,1.3852813852813852
-5.962521294718915,True,0.0847816871555744,0.35714285714285715,7.0,0.5934718100890207
18.621700879765402,False,0.5614035087719298,2.376237623762376,2.0,1.1228070175438596
-4.744525547445255,True,0.0,0.0,0.0,0.5089538171536286
27.622377622377627,False,0.0,0.0,0.0,0.5809859154929577
-4.683840749414525,True,0.10430537061695518,0.20346320346320348,15.0,1.5645805592543276
3.4858387799564294,False,0.4914004914004914,0.9828009828009828,1.0,0.4914004914004914
3.426124197002145,True,0.29207289481262083,0.5231358679634541,9.0,2.6286560533135876
-3.3271719038816983,True,0.17892644135188868,0.5844155844155844,2.0,0.35785288270377735
-5.575539568345322,True,0.37302725968436157,0.9701492537313433,6.0,2.2381635581061694
17.365269461077837,False,0.052210801109479524,0.35555555555555557,18.0,0.9397944199706314
29.475308641975317,False,0.0,0.0,0.0,1.1462450592885376
-3.3333333333333326,True,0.30237340892668557,0.5070842654735273,9.0,2.72136068034017
-0.45662100456621557,False,0.0,0.0,0.0,0.6027397260273972
-6.800445930880716,True,0.11286681715575622,0.28901734104046245,10.0,1.1286681715575622
3.937007874015741,True,0.10424155283968368,0.25789239662072033,13.0,1.355140186915888
-0.8040201005025116,False,0.0,0.0,0.0,0.06018054162487462
16.682375117813386,False,0.0,0.0,0.0,0.1347449470644851
0.10604453870626251,False,0.04551126770902151,0.22979985174203113,19.0,0.8647140864714087
-13.141862489120971,True,0.0,0.0,0.0,0.5268703898840885
10.642781875658592,False,0.20190023752969122,1.2142857142857144,6.0,1.2114014251781473
-4.308617234468937,True,0.0,0.0,0.0,0.2960969044414536
-5.837320574162675,True,0.1516281382053194,0.38077403245942565,9.0,1.3646532438478747
11.00000000000001,False,0.25092671799258626,0.946236559139785,3.0,0.7527801539777588
5.42510121457489,False,0.44612794612794615,1.6843220338983051,4.0,1.7845117845117846
-3.2282859338970016,True,0.1088113542282673,0.5291918320391142,19.0,2.067415730337079
9.302325581395344,False,0.0,0.0,0.0,0.2089378990133488
4.155614500442084,False,0.0,0.0,0.0,0.2931937172774869
-4.797601199400303,True,0.08648758648758649,0.2638112973308504,18.0,1.5567765567765568
-1.365705614567525,True,0.13876040703052728,0.663716814159292,8.0,1.1100832562442182
-0.9146341463414642,True,0.12024048096192384,0.5309734513274337,11.0,1.3226452905811623
4.284676833696444,False,0.3444782168186423,2.2368421052631575,1.0,0.3444782168186423
-4.88826815642458,True,0.15873015873015872,0.6336088154269972,9.0,1.4285714285714286
-3.577325261419928,True,0.936589287508793,3.0942895086321385,3.0,2.809767862526379
-3.1818181818181857,False,0.6299212598425197,1.492537313432836,1.0,0.6299212598425197
-3.3333333333333326,True,0.9535655058043119,5.943152454780361,3.0,2.8606965174129355
-2.6266416510318913,True,0.10203550419074392,0.8892921960072595,19.0,1.9386745796241345
12.686567164179108,False,0.16294721927027986,0.672514619883041,6.0,0.9776833156216791
32.40072202166064,False,0.16597995382951988,0.3566047212456052,11.0,1.8257794921247188
-5.986696230598665,True,0.07235308304526088,0.13486513486513488,14.0,1.0129431626336522
-2.2421524663677084,True,0.07480393188166952,0.11777695988222303,19.0,1.421274705751721
-2.460850111856827,True,0.3069053708439898,1.6666666666666667,6.0,1.8414322250639386
-4.86815415821501,True,0.0,0.0,0.0,0.09302325581395349
-1.6494845360824795,True,0.19230769230769232,0.46875000000000006,10.0,1.9230769230769231
-15.217391304347828,True,0.0,0.0,0.0,0.28112449799196787
-3.131115459882583,False,0.0825593395252838,0.2777777777777778,18.0,1.4860681114551084
-1.6161616161616155,True,0.5128205128205128,2.5,4.0,2.051282051282051
2.923976608187129,False,0.0,0.0,0.0,0.11695906432748537
13.43012704174229,False,0.41086812458581845,1.55,4.0,1.6434724983432738
15.514333895446875,False,0.2732871439568899,0.8964646464646464,6.0,1.6397228637413395
-5.079825834542817,True,0.17087276550998948,0.5721830985915493,8.0,1.3669821240799158
14.50381679389312,False,0.0,0.0,0.0,0.11834319526627218
-5.136986301369861,True,0.0,0.0,0.0,1.4098690835850958
4.302925989672968,False,0.13392857142857142,0.7142857142857143,4.0,0.5357142857142857
8.860759493670889,False,0.0,0.0,0.0,0.3481624758220503
-5.150753768844218,True,0.3473613894455578,2.096774193548387,3.0,1.0420841683366733
-3.30788804071247,True,0.2285980872404945,1.3172043010752688,6.0,1.371588523442967
3.7931034482758585,False,0.0,0.0,0.0,0.8676307007786429
-3.933253873659115,True,0.0,0.0,0.0,0.0
-2.3638232271325776,False,0.18404907975460122,0.4568527918781725,1.0,0.18404907975460122
-2.925809822361547,True,0.10349541105252881,0.2844873859366613,9.0,0.9314586994727593
-11.758793969849247,True,0.09234828496042216,0.29045643153526973,5.0,0.46174142480211083
-9.062170706006324,True,0.10953346855983773,0.33609958506224064,10.0,1.0953346855983772
12.477064220183486,False,0.21739130434782608,0.9032258064516129,1.0,0.21739130434782608
3.5653650254668934,False,0.0,0.0,0.0,0.1863932898415657
8.706265256305933,False,0.1464952704341499,0.50944669365722,19.0,2.783410138248848
0.07535795026374359,True,0.5331920903954802,1.6629955947136563,4.0,2.132768361581921
-0.6711409395973145,True,0.2383437717466945,0.7544052863436124,8.0,1.906750173973556
-8.287671232876715,True,0.0,0.0,0.0,0.0
-2.5682182985553803,True,0.0,0.0,0.0,0.22792022792022792
-4.663923182441698,True,1.688073394495413,7.666666666666667,1.0,1.688073394495413
-1.3215859030836996,True,0.23538344722854973,0.9064327485380116,6.0,1.4123006833712983
5.000000000000004,False,0.029878618113912233,0.33333333333333337,15.0,0.4481792717086835
-1.4260249554367221,True,0.13426423200859292,0.7309941520467836,19.0,2.5510204081632653
2.3297491039426577,False,0.15060240963855423,0.6944444444444445,8.0,1.2048192771084338
1.4802631578947345,False,0.0,0.0,0.0,0.0
-0.9546539379474916,True,0.8191349934469201,5.9523809523809526,2.0,1.6382699868938402
-3.2863849765258246,True,0.1485884101040119,0.9523809523809523,4.0,0.5943536404160475
12.67942583732058,False,0.15527950310559005,1.0884353741496597,7.0,1.0869565217391304
-2.941176470588236,True,0.1101591187270502,0.49001814882032674,19.0,2.0930232558139537
-2.959830866807611,False,0.02646849231395704,0.1244019138755981,19.0,0.5029013539651838
-1.4957264957264904,True,0.23157894736842108,0.8461538461538461,6.0,1.3894736842105264
31.076388888888886,False,0.0,0.0,0.0,1.9089900110987792
-2.287166454891998,True,0.08760484622553588,0.188,10.0,0.8760484622553588
-6.393244873341375,True,0.0,0.0,0.0,0.4245810055865922
-0.6377551020408156,False,0.08547008547008547,0.5084745762711864,16.0,1.3675213675213675
20.744680851063823,False,0.251896813353566,1.152777777777778,5.0,1.25948406676783
-4.292527821939585,True,0.057084607543323146,0.16203703703703703,18.0,1.0275229357798166
11.261980830670936,False,0.050697084917617236,0.45197740112994356,18.0,0.9125475285171103
5.16363636363637,True,0.37374658158614404,0.8333333333333334,6.0,2.2424794895168643
21.890243902439032,False,0.0,0.0,0.0,0.1937046004842615
17.470472440944885,False,0.97669256381798,2.6666666666666665,1.0,0.97669256381798
-2.045075125208684,True,0.2678354029705381,1.356015779092702,6.0,1.6070124178232286
0.16659725114536172,True,0.20044543429844097,0.9985207100591715,8.0,1.6035634743875278
-16.290087463556844,True,0.0,0.0,0.0,0.5082907174957384
1.68627450980392,True,0.3203736326764718,1.0249017038007864,7.0,2.2426154287353026
10.699740836727134,False,0.07913479293062517,0.25903939557474365,17.0,1.345291479820628
-5.088578967206936,True,0.5413032324268856,2.0525291828793777,4.0,2.1652129297075424
-0.8735282947208489,True,0.33966033966033965,1.2284602556976099,7.0,2.3776223776223775
28.875081752779597,False,0.0,0.0,0.0,0.15789473684210525
17.617866004962778,False,0.0,0.0,0.0,2.237136465324385
-0.9861932938856066,True,0.09249858996051889,0.17343485617597293,15.0,1.3874788494077834
2.0316027088036037,False,0.17246934404791237,2.5207756232686984,19.0,3.276917536910335
15.717539863325737,False,0.05486968449931413,0.5925925925925926,18.0,0.9876543209876543
-7.551020408163267,True,0.274582560296846,0.6115702479338844,10.0,2.74582560296846
-5.7279236276849606,True,0.0,0.0,0.0,0.30303030303030304
6.612410986775186,False,0.058675607711651305,0.12773722627737227,12.0,0.7041072925398156
7.019328585961349,False,1.1637931034482758,4.21875,1.0,1.1637931034482758
-1.8867924528301883,True,0.13674347936186376,2.231404958677686,11.0,1.5041782729805013
-5.631067961165048,True,0.0,0.0,0.0,0.14652014652014653
4.377358490566041,True,0.16093635698610095,0.4347826086956522,10.0,1.6093635698610096
-4.772234273318876,True,0.0,0.0,0.0,0.8876560332871013
-1.3427109974424534,False,0.0,0.0,0.0,0.04830917874396135
18.600129617628003,False,0.06432748538011696,0.17094017094017092,9.0,0.5789473684210527
-0.214477211796249,True,0.32773323151330025,0.5246536267318663,12.0,3.932798778159603
20.770877944325484,False,0.0,0.0,0.0,0.08695652173913043
26.442307692307686,False,0.09520946081379034,1.2179487179487178,4.0,0.38083784325516135
-6.825568797399784,True,0.13231134227575508,0.22856242118537198,13.0,1.7200474495848161
-9.696969696969692,True,0.0,0.0,0.0,1.09375
3.089244851258588,False,0.0,0.0,0.0,0.729064039408867
-10.082063305978895,True,0.7425522454424188,3.127340823970037,2.0,1.4851044908848376
2.1442495126705596,False,0.22624434389140272,1.4705882352941175,2.0,0.45248868778280543
-2.0952380952380945,True,0.028806584362139915,0.3888888888888889,18.0,0.5185185185185185
-1.9083969465648831,True,0.48859934853420195,2.7777777777777777,2.0,0.9771986970684039
-0.19157088122605526,True,0.49050632911392406,1.8023255813953487,4.0,1.9620253164556962
-0.19120458891013214,True,0.21574973031283712,0.7751937984496126,9.0,1.941747572815534
-5.689655172413788,False,0.0,0.0,0.0,0.2976190476190476
2.7027027027026973,True,0.15540015540015542,0.32502708559046595,13.0,2.0202020202020203
-0.5347593582887722,True,0.07259528130671507,0.16620498614958448,19.0,1.3793103448275863
-1.9434628975265045,True,0.0896358543417367,0.761904761904762,7.0,0.6274509803921569
9.81387478849407,False,0.0,0.0,0.0,0.0
-5.142857142857138,True,0.0,0.0,0.0,0.2222222222222222
-2.099236641221369,False,0.0,0.0,0.0,0.049443757725587144
11.764705882352944,False,0.058664789393406074,0.33875338753387535,18.0,1.0559662090813093
2.313167259786475,False,0.10193905817174516,1.5131578947368423,19.0,1.936842105263158
-3.1088082901554404,True,0.3269367448471926,1.0952380952380951,7.0,2.288557213930348
2.8083028083027983,False,0.0,0.0,0.0,1.7757009345794392
29.966703662597105,False,1.6199649737302977,4.214123006833713,2.0,3.2399299474605954
7.613469985358701,False,0.10073260073260074,0.5288461538461539,8.0,0.8058608058608059
7.294117647058829,False,0.15522421275175252,0.4051699099622422,11.0,1.7074663402692778
-4.048582995951422,True,0.1053864168618267,0.7500000000000001,8.0,0.8430913348946136
-1.1881188118811892,True,0.025477707006369425,0.16666666666666663,14.0,0.35668789808917195
-2.3762376237623783,True,0.0218153486560187,0.13725490196078433,17.0,0.3708609271523179
-1.603206412825653,True,0.16771488469601678,0.9053497942386831,9.0,1.509433962264151
2.285714285714291,False,0.06613392119041057,0.27459954233409606,19.0,1.256544502617801
3.732638888888884,False,0.0,0.0,0.0,0.030418250950570342
-1.8559762435040872,True,0.17022817819630567,0.5408515535097813,11.0,1.8725099601593624
0.20060180541625616,True,0.1442687747035573,0.5721003134796239,11.0,1.5869565217391304
-3.689320388349515,True,0.1691542288557214,1.8888888888888888,6.0,1.0149253731343284
11.045364891518727,False,0.1536806516059628,1.8518518518518516,9.0,1.3831258644536653
2.9556650246305383,False,0.0,0.0,0.0,0.0
1.215277777777768,True,0.4122137404580153,1.4516129032258065,4.0,1.6488549618320612
-3.898305084745768,True,0.11562364503540974,0.39100684261974583,11.0,1.2718600953895072
-0.8652657601977753,False,0.0,0.0,0.0,0.14524328249818447
1.7743979721166037,False,0.08928571428571429,0.4545454545454546,1.0,0.08928571428571429
6.973848069738486,False,0.06912804399057344,0.6432748538011696,19.0,1.3134328358208955
2.238805970149249,True,0.19912152269399708,0.9444444444444444,5.0,0.9956076134699854
-3.131524008350728,True,0.03371462974111981,0.17676767676767677,11.0,0.3708609271523179
-1.4909478168264156,True,0.04464889730753619,0.2412280701754386,19.0,0.8483290488431876
-0.7253886010362698,False,0.011061946902654867,0.03765060240963855,16.0,0.17699115044247787
-0.8350730688935326,True,0.1084010840108401,0.4444444444444444,9.0,0.975609756097561
-5.203252032520322,False,0.028390607440705037,0.07272727272727274,11.0,0.3122966818477554
6.514657980456029,True,0.22636484687083888,0.41463414634146345,10.0,2.263648468708389
-7.73899848254932,True,0.06297229219143577,0.12195121951219513,16.0,1.0075566750629723
9.724047306176086,False,0.4427899686520376,1.8344155844155845,4.0,1.7711598746081505
-6.651108518086346,True,1.3377926421404682,6.211180124223603,1.0,1.3377926421404682
32.17391304347825,False,0.033023735810113516,0.13759889920880633,19.0,0.6274509803921569
-7.58928571428571,True,0.8824874256973022,6.30718954248366,2.0,1.7649748513946044
-12.851063829787234,True,0.16618230936105768,0.3313203851803493,11.0,1.8280054029716344
-6.206896551724139,True,0.7566862361382909,2.4066390041493775,3.0,2.2700587084148727
11.61217587373169,False,0.03012898973731287,0.13582342954159593,19.0,0.5724508050089445
9.35856992639328,False,0.11784799316823229,0.36125654450261785,10.0,1.178479931682323
1.0101010101010166,True,0.12588943623426382,0.20535714285714285,14.0,1.7624521072796935
-0.5008347245408995,True,0.06352087114337568,0.13902681231380337,19.0,1.206896551724138
-0.335008375209378,True,0.07763221737020863,0.23391812865497075,18.0,1.3973799126637554
2.716468590831922,False,0.33613445378151263,2.153846153846154,5.0,1.680672268907563
1.0000000000000009,False,0.03488372093023256,0.23076923076923078,10.0,0.3488372093023256
0.344234079173833,True,0.19230769230769232,1.1397058823529413,8.0,1.5384615384615385
-1.2924071082390909,False,0.0,0.0,0.0,0.6516290726817042
-2.592087312414737,False,0.0,0.0,0.0,0.13559322033898305
3.585657370517925,True,0.11821086261980832,0.29365079365079366,10.0,1.182108626198083
-11.124845488257106,True,0.06525285481239804,0.31746031746031744,1.0,0.06525285481239804
-2.580645161290318,True,0.5333333333333333,3.571428571428571,3.0,1.6
8.119658119658112,False,0.2849604221635884,1.9285714285714286,5.0,1.424802110817942
-6.713426853707416,True,0.1262463237931282,0.5066206102475533,9.0,1.1362169141381537
24.117053481331997,False,0.47817047817047814,2.277227722772277,3.0,1.4345114345114345
8.153078202995001,False,0.13911133482817004,0.36768263183357525,13.0,1.8084473527662106
0.4497751124437732,False,0.07751937984496124,0.3795379537953796,6.0,0.46511627906976744
6.750572082379858,False,0.0,0.0,0.0,0.5651274982770503
-7.840616966580982,True,0.1748141116911881,0.3654100529100529,12.0,2.097769340294257
-4.703832752613235,True,0.10970304520522035,0.5882352941176471,17.0,1.864951768488746
-9.572901325478645,True,0.0,0.0,0.0,0.16842105263157894
-5.481727574750828,True,0.13772749631087064,0.6352087114337569,19.0,2.616822429906542
-2.1444695259593693,True,0.08051529790660225,0.4444444444444444,9.0,0.7246376811594203
6.279069767441858,False,0.31578947368421056,1.2328767123287672,11.0,3.473684210526316
-4.575163398692805,True,0.10482180293501048,0.33167495854063017,9.0,0.9433962264150944
-3.508771929824561,False,0.0,0.0,0.0,0.0
-2.628811777076756,True,0.21938232161874333,0.3665480427046263,10.0,2.1938232161874334
-4.642409033877037,True,0.0,0.0,0.0,0.18083182640144665
11.421911421911425,False,0.0,0.0,0.0,0.35470668485675305
-12.446351931330469,True,0.08470588235294117,0.20689655172413796,15.0,1.2705882352941176
15.427302996670367,False,0.11557788944723617,0.36799999999999994,10.0,1.1557788944723617
11.275964391691385,False,0.0,0.0,0.0,0.0
-4.885343968095713,True,0.058460539136083144,0.13196480938416422,14.0,0.818447547905164
2.782071097372496,True,0.18679549114331723,0.3159041394335512,15.0,2.8019323671497585
-6.726457399103136,True,1.592039800995025,6.5979381443298974,1.0,1.592039800995025
-1.2345679012345734,False,0.0917633564212291,0.9437386569872958,19.0,1.7435037720033528
-11.591695501730104,True,2.497560975609756,8.311688311688313,1.0,2.497560975609756
-0.4623513870541607,True,0.15210536078649603,0.7992202729044836,9.0,1.3689482470784642
-1.619433198380571,True,0.12731481481481483,0.2306079664570231,15.0,1.9097222222222223
-0.8298755186721962,True,0.2424483306836248,0.6517094017094017,8.0,1.9395866454689985
-0.8599508599508643,True,0.11660888748818153,0.5563909774436091,19.0,2.215568862275449
-0.7343941248470043,True,0.24691358024691357,0.873015873015873,6.0,1.4814814814814814
1.4423076923076872,False,0.0,0.0,0.0,0.1384083044982699
8.490566037735858,False,0.02763471925637483,0.1206140350877193,19.0,0.5250596658711217
-5.163329820864071,True,0.3651987110633727,1.3709677419354838,5.0,1.8259935553168636
2.5844930417495027,False,0.6106870229007634,2.3076923076923075,1.0,0.6106870229007634
1.1538461538461497,False,0.01636214889555495,0.10526315789473685,19.0,0.31088082901554404
-1.8726591760299671,True,0.06734006734006734,0.20833333333333334,9.0,0.6060606060606061
3.797468354430378,False,0.0,0.0,0.0,0.09216589861751152
-1.5544041450777257,True,0.07601351351351351,0.225,8.0,0.6081081081081081
5.3475935828877,False,0.0,0.0,0.0,0.963855421686747
6.818181818181812,False,0.7602339181286549,3.170731707317073,2.0,1.5204678362573099
8.517350157728698,False,0.08968609865470853,0.25,10.0,0.8968609865470852
38.275862068965516,False,1.3998390989541432,8.7,1.0,1.3998390989541432
1.4336917562723928,True,0.1466508125247721,0.7708333333333334,6.0,0.8799048751486326
-9.369676320272568,True,0.19523566693378017,0.8701298701298702,7.0,1.366649668536461
2.5817555938037806,True,0.14563591022443892,0.6636363636363637,10.0,1.4563591022443891
6.62251655629138,False,0.06854479402289397,0.2525252525252526,18.0,1.2338062924120914
6.521739130434789,False,0.0,0.0,0.0,0.11379800853485064
-7.768595041322312,True,0.08669860825918321,0.3578154425612053,18.0,1.5605749486652978
21.884057971014492,False,0.0,0.0,0.0,0.0
7.165605095541405,False,0.27411167512690354,1.2796208530805688,3.0,0.8223350253807107
0.0,True,0.09128251939753537,0.2976190476190476,14.0,1.2779552715654952
5.22803114571746,False,0.0,0.0,0.0,0.625
-0.8000000000000007,True,0.10521885521885523,0.3516174402250352,18.0,1.893939393939394
-0.09990009990009652,False,0.34518828451882844,2.0121951219512195,4.0,1.3807531380753137
5.319148936170204,False,0.04799548277809147,0.11243386243386243,14.0,0.6719367588932806
2.26586102719033,True,0.21565003080714726,1.1666666666666665,6.0,1.2939001848428835
-3.4236804564907297,True,0.0,0.0,0.0,0.11070110701107011
-5.57880055788006,True,0.40955631399317405,1.6216216216216217,2.0,0.8191126279863481
-2.7656477438136817,True,0.25930372148859543,1.0424710424710424,7.0,1.815126050420168
-0.11481056257175437,True,0.1287628327823212,0.5131761442441054,7.0,0.9013398294762485
-2.2321428571428603,True,0.0,0.0,0.0,0.09937888198757763
-0.22675736961451642,True,0.15347721822541968,0.9523809523809526,6.0,0.920863309352518
8.637873754152814,False,0.19688644688644688,0.8143939393939394,8.0,1.575091575091575
2.780638516992795,False,0.11574074074074076,0.5925925925925927,9.0,1.0416666666666667
5.187637969094916,False,0.08577782484379964,0.6558704453441296,19.0,1.6297786720321932
1.937046004842613,False,0.6501182033096927,2.6570048309178746,2.0,1.3002364066193854
4.592901878914413,False,0.0,0.0,0.0,0.054570259208731244
-3.100775193798455,True,0.16966759002770085,1.0315789473684212,19.0,3.223684210526316
-4.255319148936165,False,0.0,0.0,0.0,1.2781954887218046
-14.241960183767233,True,0.025334781035106765,0.324074074074074,18.0,0.4560260586319218
8.780487804878057,False,0.0,0.0,0.0,0.8378870673952641
-6.294706723891275,True,0.17433414043583534,0.3913043478260869,10.0,1.7433414043583535
-4.940119760479044,True,0.29695885509839,1.4434782608695653,5.0,1.4847942754919499
-1.5256588072122046,False,0.02839833396440742,0.13729977116704806,19.0,0.539568345323741
17.34837799717912,False,0.28254649499284695,1.2191358024691359,6.0,1.6952789699570816
0.248447204968949,False,0.2863278453829635,1.5384615384615383,2.0,0.572655690765927
-0.8663366336633671,True,0.2008032128514056,0.6666666666666666,9.0,1.8072289156626504
-0.248447204968949,True,0.0945179584120983,1.25,7.0,0.6616257088846881
0.0,True,0.2094240837696335,0.6015037593984962,8.0,1.675392670157068
-18.523489932885905,False,0.0,0.0,0.0,2.2240756185710313
5.8165548098433995,False,0.1253073947026299,0.23398654577361805,13.0,1.6289961311341885
-3.2258064516129004,True,0.3182897862232779,0.607250755287009,10.0,3.182897862232779
-14.929577464788736,True,1.8642681929681113,6.096256684491979,1.0,1.8642681929681113
-4.610492845786962,True,0.47204066811909945,1.7379679144385025,6.0,2.832244008714597
30.000000000000004,True,0.23839851551320157,0.4350321395775942,11.0,2.6223836706452173
0.0,False,0.0,0.0,0.0,0.0
11.368209255533191,False,0.26246891671322314,0.6314568838288004,9.0,2.3622202504190084
1.6299137104506256,True,0.15813913368507312,0.27464296414660944,19.0,3.004643540016389
-7.289719626168223,True,0.1363256626414521,0.2014364268881158,19.0,2.59018759018759
-1.4516129032258074,True,0.6650041562759768,3.7037037037037037,3.0,1.9950124688279303
0.6410256410256387,True,0.19607843137254902,1.1111111111111112,9.0,1.7647058823529411
5.213270142180093,False,0.11958808548333519,0.6818181818181819,11.0,1.315468940316687
5.555555555555558,False,0.1824793388429752,0.4612299465240641,11.0,2.0072727272727273
5.471956224350216,False,0.1894451962110961,0.8333333333333334,6.0,1.1366711772665765
-4.545454545454541,True,1.4175257731958764,3.459119496855346,1.0,1.4175257731958764
44.63208685162847,False,0.6405051871898962,2.232704402515723,3.0,1.9215155615696888
10.485651214128033,False,0.07100591715976332,0.4918032786885246,3.0,0.21301775147928995
-1.602564102564108,True,0.07923407065037966,0.21978021978021975,13.0,1.0300429184549356
-3.2467532467532423,True,0.07735583684950774,0.24943310657596374,18.0,1.3924050632911393
-2.580645161290318,True,0.04011231448054553,0.10683760683760685,9.0,0.36101083032490977
-2.8455284552845517,False,0.0,0.0,0.0,0.5394990366088632
18.983957219251344,False,1.245753114382786,5.851063829787235,1.0,1.245753114382786
-6.48259303721489,True,0.11556669451406293,0.347571189279732,12.0,1.3868003341687551
5.995203836930463,True,0.0925769122212814,0.2747068676716918,15.0,1.388653683319221
-5.962343096234313,True,0.0,0.0,0.0,0.20054694621695535
-1.5974440894568676,True,0.35340314136125656,1.2980769230769231,4.0,1.4136125654450262
23.62525458248472,False,0.3813953488372093,1.64,4.0,1.5255813953488373
8.3984375,False,0.0,0.0,0.0,0.7643312101910829
14.957983193277302,False,0.0,0.0,0.0,0.12108980827447023
66.34768740031897,False,0.045180722891566265,0.1171875,18.0,0.8132530120481928
11.005291005290996,False,0.09243056490330685,0.7426099495313626,19.0,1.7561807331628303
-3.302373581011353,True,0.3981797497155859,1.6431924882629108,3.0,1.1945392491467577
0.4439511653718142,True,0.6824146981627297,1.2460063897763578,7.0,4.776902887139108
3.125,False,0.28950216450216454,0.56975505857295,12.0,3.4740259740259742
-2.4838012958963263,True,0.19702085402184707,0.41701698335295107,19.0,3.7433962264150944
13.44860710854947,False,0.0,0.0,0.0,1.2691914022517912
-9.14634146341463,True,0.0,0.0,0.0,1.0630220197418374
30.594405594405604,False,0.18752850940176716,0.3441647029641573,11.0,2.0628136034194386
-6.112054329371819,True,0.26006501625406353,1.843971631205674,6.0,1.5603900975243812
-6.4306784660767,True,0.29556650246305416,0.9459459459459459,5.0,1.477832512315271
-3.9482200647249166,True,0.10324201786250786,5.851393188854489,19.0,1.9615983393876493
-3.5386631716906924,True,0.19166666666666668,1.3529411764705883,5.0,0.9583333333333334
6.553672316384174,False,0.0,0.0,0.0,0.729594163246694
-12.273641851106643,True,0.5713030103274006,2.5870646766169156,3.0,1.7139090309822018
4.306220095693769,False,0.0,0.0,0.0,0.05012531328320802
-3.263403263403264,True,0.1629327902240326,1.8181818181818181,5.0,0.814663951120163
-8.21917808219178,True,0.06382731809214344,0.7142857142857144,7.0,0.44679122664500404
-5.296950240770471,True,0.7777777777777778,1.7647058823529411,1.0,0.7777777777777778
-3.025210084033614,False,0.0,0.0,0.0,0.12779552715654952
13.456464379947231,False,0.0,0.0,0.0,1.266490765171504
9.102730819245775,False,0.17915642915642915,0.5482456140350878,12.0,2.14987714987715
-3.0373831775700966,False,0.11539544047283985,0.3236842105263158,19.0,2.192513368983957
17.205422314911356,False,0.26835043409629045,2.266666666666667,3.0,0.8050513022888713
21.51741293532339,False,0.16220391349124613,1.381578947368421,8.0,1.297631307929969
26.171875,False,0.0,0.0,0.0,0.6169665809768637
12.538226299694188,False,0.42766151046405826,1.6785714285714286,2.0,0.8553230209281165
0.82938388625593,False,0.07171003585501792,0.13144195731389902,17.0,1.2190706095353048
-3.09760374050263,True,0.0689102564102564,0.21078431372549017,12.0,0.8269230769230769
-2.5028441410693936,True,0.0,0.0,0.0,1.4243323442136497
-1.8430034129692796,True,0.09545628102329133,0.6091617933723197,18.0,1.7182130584192439
-2.1102791014295463,True,0.1112797167425392,0.5314009661835749,9.0,1.0015174506828528
