Symbol,entry_date,entry_close,bars_held,ret_pct,exit_reason,close_ma_atr,ma60_slope,ma20_slope_atr,dd_from_high,rsi14,vol_dist,Name
000050,2026-01-02,9370,1,-4.375667022411955,STOP,0.2724824986537426,9.19257329924252,1.3597199784598815,5.3204092622509425,61.1358574610245,1.8840826131080992,경방
000050,2026-01-30,9350,10,10.909090909090914,TIMEOUT,1.9910141206675225,7.845325630252101,-1.1617458279845956,0.43645699614890887,70.48458149779736,0.1754360935614492,경방
000050,2026-02-24,10400,3,-1.9230769230769273,STOP,0.31102882835228773,13.59308261277216,1.12404125892621,5.088600899233007,58.64909390444811,2.7016825352375617,경방
000070,2025-09-02,56921,10,7.385674882732207,TIMEOUT,0.6906044072840654,5.877495295599456,-0.4987954368312934,1.1818890384751648,53.91530944625408,1.1953735734774527,삼양홀딩스
000070,2025-11-07,69800,10,0.0,TIMEOUT,0.5977714724833008,4.946424135704784,2.2978364958325943,0.9859904238340131,56.41271976174465,1.6552699396206052,삼양홀딩스
000070,2025-12-22,62200,4,-4.983922829581989,STOP,0.4383561643835616,1.486586677905263,-2.0931506849315067,0.7123287671232876,46.666666666666664,0.5117176336096028,삼양홀딩스
000080,2025-09-12,19450,4,-1.3881748071979394,STOP,1.3893557422969187,-1.2282363701695416,-1.6862745098039216,1.0084033613445378,62.50000000000001,0.9521397278368895,하이트진로
000100,2025-09-02,114000,10,4.649122807017547,TIMEOUT,0.01874414245548266,2.551090177011315,-0.9878163074039362,1.5370196813495782,60.869565217391305,1.4175678644345906,유한양행
000100,2025-09-08,121700,7,-4.519309778142977,STOP,2.2706896551724136,2.8648828621587263,0.13275862068965516,1.0344827586206897,72.83236994219654,0.7853963995772558,유한양행
000100,2025-09-22,123200,3,-4.2207792207792245,STOP,2.0283018867924527,4.005142848599919,1.0226415094339623,0.5660377358490566,70.53571428571429,0.7770604230621888,유한양행
000100,2025-10-02,119900,2,-1.2510425354462007,STOP,0.2356637863315004,4.154420995111573,0.5734485467399842,1.5082482325216024,50.40322580645162,0.54363977848114,유한양행
000100,2025-11-14,125000,3,-7.199999999999996,STOP,1.6914285714285715,-0.14294408197348574,-0.08228571428571428,0.96,59.13621262458472,0.29797753464116095,유한양행
000100,2025-11-20,118700,1,-1.6849199663016012,STOP,0.15550755939524838,0.7271330183846464,0.06479481641468683,2.2678185745140387,50.964187327823694,0.4350903635144433,유한양행
000100,2025-11-26,119400,6,-0.8375209380234505,STOP,0.34450261780104713,0.974113955644307,0.16544502617801046,2.0523560209424083,56.60377358490566,0.6412179470109072,유한양행
000120,2025-09-15,86500,5,-3.583815028901738,STOP,2.0759493670886076,-0.12969179127251645,-0.6772151898734177,0.6329113924050633,65.95744680851064,0.7198833364616873,CJ대한통운
000120,2025-12-02,93400,1,7.601713062098492,T_star,0.6089193825042881,3.0386574767755468,1.8061749571183534,1.234991423670669,42.063492063492056,0.423312209547951,CJ대한통운
000120,2025-12-12,95300,6,-0.41972717733472775,STOP,0.2719594594594595,4.548703490449919,1.3902027027027026,2.195945945945946,55.77889447236181,1.1851527281992909,CJ대한통운
000120,2025-12-17,96000,3,-1.1458333333333348,STOP,0.39065108514190316,4.479084451460135,0.7278797996661102,1.9365609348914858,58.41121495327103,3.405672969262982,CJ대한통운
000120,2026-01-14,99600,10,-0.3012048192771122,TIMEOUT,1.0977961432506886,4.578688493457654,-0.01928374655647383,0.6887052341597796,63.12849162011173,0.9323199749272147,CJ대한통운
000120,2026-01-28,99300,6,10.171198388721049,T_star,0.561624649859944,5.3559145581974565,0.47058823529411764,1.288515406162465,62.85714285714286,1.2473566022214388,CJ대한통운
000150,2025-09-08,596000,10,0.8389261744966348,TIMEOUT,1.414802065404475,4.0283971423884095,-0.4802065404475043,0.5163511187607573,67.66169154228855,1.7363035652243415,두산
000150,2025-10-20,722000,10,40.99722991689752,TIMEOUT,3.585014409221902,-0.4206490013163166,0.29827089337175794,0.2017291066282421,73.91304347826087,0.3220651282643478,두산
000150,2025-11-18,932000,1,-2.682403433476399,STOP,0.012987012987012988,20.53180843459615,2.3896103896103895,2.1645021645021645,46.189735614307935,0.9666248715428265,두산
000150,2026-01-16,828000,10,2.777777777777768,TIMEOUT,0.9257425742574258,7.793341369134212,-1.0272277227722773,0.9405940594059405,52.98245614035089,0.8782953892359888,두산
000150,2026-02-09,885000,2,3.7288135593220417,T_star,0.36970837253057387,-0.5628810159125833,0.9369708372530574,1.3734713076199436,52.68389662027833,1.275934413222636,두산
000150,2026-03-12,1143000,2,-4.81189851268592,STOP,0.8644948064211521,5.9587769854449455,1.0609065155807365,1.4353163361661945,57.566765578635014,0.6078850824397187,두산
000150,2026-03-24,1151000,1,8.60121633362294,T_star,0.32671896631287495,10.097396916736338,0.846792801107522,1.329026303645593,61.691542288557216,0.4998766490842663,두산
000150,2026-04-14,1370000,10,15.547445255474447,TIMEOUT,2.1098958333333333,13.712496358869796,0.5822916666666667,0.3020833333333333,57.12589073634204,0.3629969119933887,두산
000150,2026-06-02,1918000,3,-17.72679874869656,STOP,1.0664788732394366,20.902964378601297,0.7098591549295775,3.2169014084507044,57.667934093789604,0.9829975179983659,두산
000150,2026-06-12,1896000,1,-9.862869198312241,STOP,0.92103948025987,16.899378553484073,0.25037481259370314,2.9635182408795604,58.105147864184005,0.8885026905923491,두산
000155,2025-09-11,364500,6,-4.115226337448563,STOP,1.3154471544715447,-1.6124709665892338,-1.2113821138211383,0.8780487804878049,58.41584158415842,0.4082514072267905,두산우
000155,2026-01-15,512000,9,-2.83203125,STOP,0.9030837004405287,8.506508137338162,-0.801762114537445,0.5286343612334802,57.48502994011976,0.4761373449596112,두산우
000155,2026-04-14,557000,10,12.746858168761221,TIMEOUT,1.6539548022598871,0.4535597821588745,0.015536723163841809,0.7627118644067796,55.820895522388064,0.44468196545591854,두산우
000210,2026-01-26,39350,10,13.850063532401524,TIMEOUT,2.126679462571977,-0.6613813606790344,-0.944337811900192,0.8829174664107485,66.29834254143645,0.36862478458491743,DL
000210,2026-03-23,64700,10,-3.091190108191655,TIMEOUT,4.05919395465995,7.712587880816886,0.3910579345088161,0.6297229219143576,70.19704433497537,0.27320897871605987,DL
000210,2026-04-14,65500,10,7.480916030534357,TIMEOUT,0.7489914836396235,19.192929131338975,1.8041237113402062,0.9502465262214254,61.58730158730159,0.33587257015246796,DL
000210,2026-04-21,63900,6,20.187793427230048,T_star,0.21046511627906977,20.297096556380822,1.6104651162790697,1.6046511627906976,52.189781021897815,0.6602787185861747,DL
000210,2026-05-11,67000,1,-7.910447761194028,STOP,0.12198067632850242,18.820234431727823,0.6980676328502415,2.5845410628019323,53.55029585798817,0.588225498720846,DL
000230,2025-11-06,13440,10,8.333333333333325,TIMEOUT,5.706397306397307,0.8612948743792129,-0.36902356902356903,2.101010101010101,87.31117824773413,0.024925297370067347,일동홀딩스
000230,2025-11-28,13560,1,-4.71976401179941,STOP,0.20355191256830601,17.074028160674967,1.8493852459016393,1.919398907103825,59.60451977401131,0.5484620260127592,일동홀딩스
000230,2025-12-16,14090,1,-3.1227821149751644,STOP,0.3528109783089863,16.017782567694987,0.03497122620628597,2.7268702965914122,52.6525198938992,0.11609829756072639,일동홀딩스
000230,2025-12-19,13650,1,-1.611721611721617,STOP,0.04299065420560748,14.896581112531557,-0.02897196261682243,3.289719626168224,55.439642324888226,0.12324213961049038,일동홀딩스
000240,2025-09-03,23750,10,-1.8947368421052602,STOP,0.6860759493670886,9.111210725783435,-0.4759493670886076,0.759493670886076,49.668874172185426,0.8852398778219231,한국앤컴퍼니
000240,2025-09-18,23650,1,-2.959830866807611,STOP,0.06109324758842444,7.429708038763683,0.6816720257234726,1.2218649517684887,41.17647058823529,0.3086638039909068,한국앤컴퍼니
000240,2025-10-24,23650,7,-2.748414376321351,STOP,0.8051575931232091,-0.10449021656671953,-0.4297994269340974,0.8595988538681948,55.91397849462366,0.6010441092982499,한국앤컴퍼니
000240,2025-11-06,23850,2,16.142557651991616,T_star,0.656084656084656,-1.8442911445867995,0.335978835978836,0.7407407407407407,61.206896551724135,2.0260243222575793,한국앤컴퍼니
000240,2025-12-01,28200,7,-2.4822695035460973,STOP,1.1467391304347827,5.0641071556478865,1.2826086956521738,1.5217391304347827,53.92670157068063,0.5444238451622307,한국앤컴퍼니
000240,2026-01-21,27050,8,-4.436229205175602,STOP,1.259880239520958,3.6773193496256766,-0.4407185628742515,0.8622754491017964,56.71641791044777,0.4946584574423829,한국앤컴퍼니
000240,2026-02-03,26600,5,17.29323308270676,T_star,0.4331491712707182,3.74025974025974,0.34033149171270716,1.4143646408839778,58.51851851851852,1.0585557184150405,한국앤컴퍼니
000240,2026-03-27,26900,1,-7.620817843866168,STOP,0.28615863141524106,-1.227439005955809,-1.7216174183514774,3.7947122861586315,62.19512195121952,0.9048652927247562,한국앤컴퍼니
000240,2026-04-21,24900,9,-2.409638554216864,STOP,0.03292181069958848,-1.07269829594214,-0.5,2.3045267489711936,50.65789473684211,0.4947776802566883,한국앤컴퍼니
000270,2025-10-16,111300,10,4.402515723270439,TIMEOUT,3.829004329004329,1.0749010602433184,-0.8095238095238095,0.3463203463203463,71.36563876651982,0.5296892366059108,기아
000270,2025-11-10,113700,4,2.902374670184704,STOP,0.07679277244494635,3.521240510418359,1.4511575381140598,2.82326369282891,46.31578947368421,0.6171317686477217,기아
000270,2025-12-08,125600,10,-3.5828025477707026,TIMEOUT,3.072891072891073,3.6230301139023244,0.4176904176904177,0.5405405405405406,74.44933920704845,0.07549145599584672,기아
000270,2025-12-24,121000,1,-0.991735537190086,STOP,0.14086814086814087,4.90651350360503,1.2186732186732188,2.0475020475020473,51.741293532338304,1.04439988211699,기아
000270,2026-01-09,133200,10,19.369369369369373,TIMEOUT,2.792682926829268,6.176139349801036,0.7357723577235772,0.10840108401084012,69.83050847457628,0.5877008807817699,기아
000270,2026-02-04,156800,2,-3.125,STOP,0.5975576662143827,10.992973504553682,1.7932157394843962,2.1926729986431477,52.95735900962861,2.666538276598709,기아
000270,2026-02-19,170000,8,-7.8235294117647065,STOP,1.6104252400548698,11.820080806970276,1.360082304526749,0.9602194787379973,67.22338204592901,0.38721587814301733,기아
000270,2026-04-20,157400,4,-2.541296060991105,STOP,0.615606936416185,4.51982283677216,-0.9197976878612717,0.9826589595375722,61.9140625,1.1008441592381586,기아
000270,2026-04-28,155600,2,-2.4421593830334154,STOP,0.26371826371826373,2.173269316186891,-0.26863226863226863,1.506961506961507,45.31250000000001,0.87538399633208,기아
000270,2026-05-06,154600,5,16.106080206985762,T_star,0.02432179607109448,0.9502923976608126,0.2488306828811974,1.9083255378858746,57.94117647058823,1.1240045011059308,기아
000370,2025-09-10,5850,10,-1.1965811965811923,STOP,1.5613577023498695,4.317172948037253,-0.9738903394255874,1.0966057441253263,64.61538461538461,0.39737618737350444,한화손해보험
000370,2026-04-21,6660,10,1.2012012012011963,TIMEOUT,0.2332155477031802,5.685722404484523,-0.558303886925795,1.872791519434629,49.21465968586387,0.6959111744272638,한화손해보험
000370,2026-04-30,6620,4,0.15105740181269312,STOP,0.1074561403508772,4.828301743553407,-0.11403508771929824,1.4912280701754386,51.260504201680675,2.1992174748795956,한화손해보험
000370,2026-05-18,7120,1,7.4438202247191,T_star,1.2092675635276533,2.046646799497574,0.35874439461883406,0.5381165919282511,58.0392156862745,1.4002364585043974,한화손해보험
000390,2026-02-02,6760,10,46.30177514792899,TIMEOUT,0.06918238993710692,4.614635992538725,-2.2222222222222223,2.4318658280922434,54.31034482758621,0.7148065589687005,SP삼화
000390,2026-03-17,11000,9,-14.54545454545455,STOP,1.5457875457875458,17.826513109531977,0.6061050061050061,1.006105006105006,56.945812807881765,0.30798253126166136,SP삼화
000390,2026-03-25,9610,3,-2.185223725286156,STOP,0.07807664841704356,15.247849810413394,0.08902642228040943,2.3042132825517734,60.17897091722595,0.5897608142890992,SP삼화
000390,2026-04-21,9540,8,-2.935010482180289,STOP,0.29478943611705927,8.923330519036714,-0.476802284082798,2.883654532476802,52.97450424929178,0.26554192130181,SP삼화
000400,2025-10-15,2090,2,-7.8947368421052655,STOP,0.9030015797788316,2.1213386738548565,1.2786729857819898,1.0742496050552923,65.54913294797689,1.4062598690917443,롯데손해보험
000400,2026-03-12,2145,1,-2.7972027972028024,STOP,0.06676194365046921,6.367989906038226,0.8958758677011028,4.634544712127399,53.98264984227129,2.638564688552452,롯데손해보험
000400,2026-03-30,2080,1,-3.8461538461538436,STOP,0.02075746540422366,5.103217305369485,-0.6005098324836111,1.2017479970866713,53.54330708661416,0.3546469337261713,롯데손해보험
000400,2026-04-01,2160,1,-5.32407407407407,STOP,0.620510774142059,5.34216093966587,-0.8304070231444548,0.6783719074221868,50.98039215686275,0.5817059287572701,롯데손해보험
000400,2026-04-09,2185,9,-3.4324942791762014,STOP,1.0654936461388074,5.822302500921109,-0.2702834799609002,0.2932551319648094,53.672316384180796,0.9916457954239444,롯데손해보험
000400,2026-04-24,2145,4,-1.3986013986013957,STOP,0.3175041413583656,7.4085392473587754,0.3892876863611265,1.049144119271121,62.244897959183675,1.540311508546966,롯데손해보험
000400,2026-05-04,2195,1,-1.1389521640091105,STOP,0.5996758508914101,8.017974587651953,0.37007023230686115,2.215018908698001,56.17977528089887,0.4429577190867012,롯데손해보험
000400,2026-05-26,2325,2,-7.95698924731183,STOP,1.2253378378378372,3.8248156125579325,0.028040540540541156,0.6081081081081081,58.004926108374384,1.0149534160845493,롯데손해보험
000430,2026-05-28,4755,3,1.8927444794952786,T_star,1.5925925925925926,1.56915806692651,0.1574074074074074,0.8024691358024691,61.451247165532884,0.7043155225826424,대원강업
000430,2026-06-01,4570,1,6.017505470459517,T_star,0.6604127579737336,2.006938561458719,0.18574108818011256,1.425891181988743,59.49074074074075,1.3681177865189735,대원강업
000490,2026-02-03,10560,2,10.700757575757569,T_star,1.7367088607594936,0.44878014970891206,0.4189873417721519,1.1898734177215189,62.61398176291793,0.5904623668800728,대동
000490,2026-02-27,11300,1,-6.991150442477878,STOP,0.24851013110846246,5.896312206613418,0.898092967818832,2.7890345649582837,59.859154929577464,0.6871749275755772,대동
000490,2026-04-16,10210,10,-0.7835455435847183,TIMEOUT,1.0474452554744527,0.4190420503824977,-0.26034063260340634,0.6082725060827251,55.828220858895705,1.1554051695471088,대동
000500,2025-12-05,76700,10,10.821382007822677,TIMEOUT,0.7050847457627119,6.502152233778043,-0.47344632768361583,1.0847457627118644,55.04587155963303,0.5162048637370047,가온전선
000500,2026-01-02,83700,10,7.765830346475511,TIMEOUT,0.5675675675675675,11.315428048222188,1.2401247401247402,1.8711018711018712,59.707724425887264,1.3107746633628103,가온전선
000500,2026-01-22,88600,2,-0.5643340857787837,STOP,0.03473491773308958,14.984948683306081,0.8345521023765996,2.6325411334552102,57.40181268882175,0.7375629007556506,가온전선
000500,2026-02-20,89900,1,8.342602892102335,T_star,0.463265306122449,5.114785545987191,-0.32346938775510203,0.6122448979591837,53.605015673981185,0.3783744775188786,가온전선
000500,2026-03-13,98600,1,-1.6227180527383367,STOP,0.08356545961002786,10.129170715905405,0.7861343237387806,3.540699473847106,54.50777202072538,0.9389292908712698,가온전선
000500,2026-03-24,114400,5,-14.77272727272727,STOP,1.004322400203407,10.762314153882564,0.8492245105517416,1.3018052377320113,78.03347280334728,0.3421854393885429,가온전선
000500,2026-04-03,104200,1,-3.1669865642994233,STOP,0.025625,8.421585349852872,0.189375,1.675,56.271777003484324,1.3730491959122237,가온전선
000500,2026-04-16,142500,1,3.017543859649119,T_star,3.743461324429605,7.889924866479599,0.563717306622148,0.9348914858096828,69.62174940898345,0.09017860865257515,가온전선
000500,2026-05-27,385500,1,-11.543450064850846,STOP,0.10932688077430708,87.11798839458413,1.101275846898372,2.1953365596128465,51.662174303683734,0.5573119281473828,가온전선
000520,2026-02-24,11710,4,-8.539709649871908,STOP,1.1244612068965518,2.3418420260279076,0.9466594827586207,1.2392241379310345,62.138728323699425,0.8837505210985714,삼일제약
000540,2026-03-11,4820,1,-2.8008298755186734,STOP,0.008644222020018199,9.991251899258708,1.1778889899909009,4.840764331210191,53.62068965517242,0.33747265668181925,흥국화재
000640,2025-09-04,106736,5,-1.0914780392744738,STOP,0.0810806382908998,0.6932644948013411,-0.6078180805399914,1.8775189226383564,49.027840255910434,0.5695070349857236,동아쏘시오홀딩스
000640,2025-09-15,110330,10,1.672255959394553,TIMEOUT,1.4181374162149045,-1.32775605399544,-0.1732511214645701,0.050227756897656614,59.903501790688416,0.5778101547681227,동아쏘시오홀딩스
000640,2026-01-30,105571,1,-2.484583834575782,STOP,0.9024972979122817,-0.8147483848172052,-1.3664599806587383,0.66291218688966,52.85868392664509,0.6131418509375027,동아쏘시오홀딩스
000640,2026-02-03,104891,4,-2.6856450982448488,STOP,0.6406207060806499,-0.6777061545374871,-0.7224044116299957,0.8896542879651174,54.3578569597539,0.5956254454739843,동아쏘시오홀딩스
000640,2026-02-10,105862,10,7.248115471084993,TIMEOUT,0.8027223835133959,-0.4905023038977228,0.03853537036156034,0.46229752669236746,64.22532853436009,1.0532898862312998,동아쏘시오홀딩스
000650,2025-12-23,360000,2,0.0,STOP,0.11425673589981038,233.70368249241164,1.4414384618776734,1.3934823830312653,46.3821892393321,0.46038465375121,천일고속
000650,2026-02-02,297500,2,10.924369747899165,T_star,0.15637860082304528,47.86720892840254,-0.7277091906721537,2.52400548696845,61.98979591836735,0.1896185096339859,천일고속
000660,2025-09-05,273500,10,29.06764168190128,TIMEOUT,1.1220850480109739,6.905287731375545,0.04938271604938271,0.6035665294924554,53.75,0.22874735612541316,SK하이닉스
000660,2025-12-11,565000,3,-6.194690265486724,STOP,0.4107744107744108,23.871509552802856,-0.6936026936026936,1.3804713804713804,62.643678160919535,0.8403194824173057,SK하이닉스
000660,2025-12-17,551000,2,-0.7259528130671544,STOP,0.10294117647058823,21.21514540627932,-0.6213235294117647,1.6911764705882353,51.62790697674419,0.8943578046265649,SK하이닉스
000660,2025-12-22,580000,10,30.34482758620689,TIMEOUT,1.117878192534381,19.608599992280084,-0.3045186640471513,0.5108055009823183,55.18867924528301,1.0303929198450374,SK하이닉스
000660,2026-03-11,955000,1,-2.617801047120416,STOP,0.38948170731707316,18.827089850207273,0.8894817073170732,2.1951219512195124,54.77707006369427,1.4211809374742321,SK하이닉스
000660,2026-03-24,986000,2,-5.375253549695735,STOP,0.26367461430575034,19.88505474149191,0.6086956521739131,1.5848527349228612,59.91316931982634,1.299374119446929,SK하이닉스
000660,2026-04-14,1103000,10,17.86038077969174,TIMEOUT,2.255286428296809,12.818598477778465,0.28835063437139563,0.3844675124951942,57.94117647058823,0.33525025686232285,SK하이닉스
000670,2025-11-04,48400,10,15.9793388429752,TIMEOUT,1.6158478353140933,2.0153204230358734,0.9471827249575552,0.12892614601018676,55.95656339827532,0.4981454394575044,영풍
000670,2026-01-21,52700,10,17.267552182163183,TIMEOUT,1.3849431543065223,3.3047171826601796,-2.4235633630958153,1.3170382134763998,62.44019138755981,0.4678704676665813,영풍
000670,2026-02-12,60300,4,0.8291873963515828,STOP,0.551440329218107,6.303671966091818,1.739368998628258,1.8655692729766804,57.324840764331206,1.0431200185587168,영풍
000670,2026-02-26,66100,3,-19.9697428139183,STOP,1.4573426573426573,5.0658321136566276,1.1818181818181819,0.7272727272727273,66.99507389162562,0.37067666940488325,영풍
000670,2026-03-26,60900,2,-8.045977011494255,STOP,0.9404466501240695,-3.1517867922250384,-0.3573200992555831,1.935483870967742,57.87781350482315,0.8421980950887783,영풍
000670,2026-04-07,57700,4,2.772963604852685,STOP,0.12795549374130738,1.097700513047655,0.005563282336578581,1.8915159944367177,50.32894736842104,4.485131575374087,영풍
000670,2026-04-14,62700,3,3.987240829346095,T_star,0.8980392156862745,5.4203130200716325,0.8352941176470589,0.47058823529411764,49.81132075471699,0.7655331984639426,영풍
000680,2026-02-23,3645,4,-5.7613168724279795,STOP,0.9871323529411765,0.7091319332523415,0.49080882352941174,0.5514705882352942,55.17241379310345,0.5495537618257773,LS네트웍스
000720,2026-01-09,75800,1,20.184696569920835,T_star,1.1537290715372908,7.945278969957077,0.5312024353120244,0.821917808219178,64.04494382022472,0.616674717305071,현대건설
000720,2026-02-06,106600,6,16.604127579737327,T_star,0.28319123020706455,20.04870533273695,2.086479902557856,1.8757612667478685,48.64300626304802,1.9733443774092363,현대건설
000720,2026-03-17,161000,5,-6.894409937888202,STOP,1.1186680835990082,31.42438476052833,1.5108041091037903,1.126461211477152,58.33951074870274,0.6383913663671633,현대건설
000720,2026-03-20,164000,2,-8.597560975609753,STOP,0.786235662148071,32.75410154353945,1.5936739659367396,0.8967674661105318,49.717514124293785,0.8583827680616305,현대건설
000720,2026-03-25,157900,1,-3.483217226092461,STOP,0.1491786791820315,31.968876230896665,1.3496480053637279,1.2738853503184713,57.62897914379802,0.9381042659674591,현대건설
000720,2026-04-10,179500,10,-3.6211699164345412,TIMEOUT,1.4921964217738866,27.256478999106342,0.37875904073087174,1.438903692424819,61.981132075471706,0.6746371623937684,현대건설
000725,2026-02-03,65000,5,0.3076923076922977,STOP,0.5331664580725908,5.493900761258369,1.0600750938673342,1.4768460575719649,57.03422053231939,1.16600546797743,현대건설우
000725,2026-03-10,68700,3,7.423580786026207,STOP,0.046052631578947366,8.822256211941935,0.5932017543859649,2.324561403508772,53.307392996108945,0.7430530255357202,현대건설우
000725,2026-03-19,73900,2,-5.277401894451961,STOP,0.5260707635009311,9.07454795984364,0.5772811918063314,1.005586592178771,47.2972972972973,0.360653049053228,현대건설우
000725,2026-04-10,78700,10,-2.287166454891998,TIMEOUT,1.4829600778967869,7.536543196940314,0.19863680623174293,1.2268743914313534,59.27505330490405,0.6716147005853219,현대건설우
000725,2026-04-27,76900,3,-3.3810143042912855,STOP,0.5313653136531366,6.992883460354328,0.8179581795817958,1.992619926199262,63.78600823045268,1.2369452564443264,현대건설우
000810,2025-09-23,458500,1,-1.199563794983638,STOP,0.01715686274509804,1.9546359232415786,1.0686274509803921,1.7647058823529411,51.28205128205128,1.169199031852858,삼성화재
000810,2025-11-05,469000,1,5.223880597014929,T_star,1.7422907488986785,-0.676184701321137,-0.1894273127753304,0.0,61.935483870967744,1.0933215368931126,삼성화재
000810,2025-11-26,486000,1,0.2057613168724215,STOP,0.4635352286773795,2.8936817878090344,0.6835599505562423,2.07663782447466,47.386759581881535,1.3035212576678972,삼성화재
000810,2025-12-05,522000,5,-6.22605363984674,STOP,1.620347394540943,3.288054997511833,0.8436724565756824,0.2977667493796526,72.1951219512195,0.5193688223588507,삼성화재
000810,2026-01-26,490500,5,-1.834862385321101,STOP,0.28628230616302186,2.5649555290986723,-0.7196819085487077,1.7892644135188867,47.567567567567565,1.306800444806431,삼성화재
000810,2026-02-03,491500,10,25.73753814852493,TIMEOUT,0.3005008347245409,2.4716214808900534,-0.0333889816360601,1.4357262103505843,55.04201680672269,0.8657035184905769,삼성화재
000810,2026-04-15,486000,5,-5.041152263374482,STOP,1.201765447667087,-1.6485153431096693,-0.5561160151324086,1.4627994955863808,67.1875,0.8434130158535127,삼성화재
000815,2025-09-10,354500,10,-3.9492242595204563,STOP,2.293729372937294,3.963736575063745,0.2607260726072607,0.264026402640264,63.793103448275865,0.2656954085982219,삼성화재우
000815,2025-11-07,359000,7,-2.924791086350975,STOP,1.904,-0.32208476685454945,0.0026666666666666666,2.506666666666667,67.36842105263158,0.9477549307595468,삼성화재우
000815,2025-11-26,371500,10,0.5383580080753791,TIMEOUT,1.1471135940409682,2.058260057965331,0.7392923649906891,1.3407821229050279,56.57142857142858,1.3152642990968992,삼성화재우
000815,2025-12-18,373500,1,0.1338688085676054,STOP,0.050314465408805034,3.2044145408780618,0.789308176100629,1.949685534591195,53.932584269662925,2.127965683483278,삼성화재우
000815,2026-01-28,372000,3,-2.0161290322580627,STOP,0.3737704918032787,2.6685882981938103,-0.28524590163934427,1.3114754098360655,58.13953488372093,0.7166327813752336,삼성화재우
000815,2026-02-03,374500,10,20.694259012016026,TIMEOUT,0.7666666666666667,2.5819861431870725,-0.1696969696969697,0.6060606060606061,61.20689655172414,1.0606774590652177,삼성화재우
000815,2026-04-20,376500,1,-1.0624169986719778,STOP,0.18636363636363637,0.42056679463399904,-0.7090909090909091,2.772727272727273,75.0,0.9792628933827928,삼성화재우
000815,2026-04-28,378000,1,-1.851851851851849,STOP,0.7591463414634146,0.22603005123347825,-0.7042682926829268,1.2195121951219512,51.388888888888886,1.8011150935882119,삼성화재우
000850,2025-12-24,37000,3,-1.756756756756761,STOP,0.5055555555555555,5.0166077924816745,1.1622222222222223,2.3333333333333335,47.43589743589743,0.41840504572175047,화천기공
000850,2026-01-02,37200,1,-0.6720430107526876,STOP,0.27146464646464646,5.353397651006715,1.1351010101010102,2.5505050505050506,55.55555555555556,0.6378562296078417,화천기공
000850,2026-01-06,36900,1,-1.7615176151761558,STOP,0.07680491551459294,5.182076479941614,1.1551459293394777,1.2596006144393241,43.99999999999999,0.4911095430060574,화천기공
000860,2026-02-05,17110,1,-4.55873758036236,STOP,0.6580035440047254,12.01890161227532,2.2073242764323684,0.5788541051388069,61.86440677966102,0.756262998326482,강남제비스코
000860,2026-02-10,17030,1,9.219025249559598,T_star,0.38028985507246377,11.984444032910924,1.615072463768116,0.7884057971014493,53.11778290993072,0.3138011449852065,강남제비스코
000880,2025-09-04,84800,10,8.60849056603774,TIMEOUT,0.5872534142640364,6.37377826044032,-1.5918057663125948,1.9119878603945373,52.11267605633803,0.40560120894237245,한화
000880,2025-12-22,82000,3,-1.4634146341463428,STOP,0.33691756272401435,-2.2493730791711393,-0.9175627240143369,1.5053763440860215,53.49794238683128,1.192126012024918,한화
000880,2026-02-03,117500,2,0.8510638297872353,STOP,0.5497109826589596,8.19773748644041,1.9179190751445088,2.4739884393063583,41.56441717791411,1.5070346903545044,한화
000880,2026-02-19,119800,3,10.183639398998334,T_star,0.4060693641618497,8.86316613543589,0.846820809248555,0.9104046242774566,55.01672240802676,0.5507435021241963,한화
000880,2026-03-11,129600,2,-5.7870370370370345,STOP,0.4008662175168431,14.812256464753803,0.6934552454282964,1.8190567853705486,56.629213483146074,0.3802487474612564,한화
000880,2026-04-13,122500,10,7.59183673469388,TIMEOUT,0.8614938361131255,9.730588769486907,-0.6990572878897752,0.9427121102248006,58.75831485587583,0.7678460375892132,한화
000880,2026-05-22,140500,4,-4.839857651245549,STOP,0.3973509933774834,4.964012966320528,0.4981078524124882,2.3651844843897822,53.44325897187197,0.9487002013579456,한화
00088K,2025-09-05,36100,10,9.833795013850422,TIMEOUT,0.5846702317290553,5.985205110961654,-1.5739750445632799,1.7112299465240641,52.906976744186046,1.2224900111194463,한화3우B
00088K,2025-12-12,38700,2,-6.0723514211886265,STOP,0.6861788617886179,2.0529479360028224,-0.7430894308943089,1.5609756097560976,66.12021857923497,0.4331775102459016,한화3우B
00088K,2026-01-09,40600,10,23.029556650246306,TIMEOUT,2.434622467771639,-0.2885846334107295,0.10681399631675875,1.2154696132596685,68.34170854271356,0.41123674738183386,한화3우B
00088K,2026-02-03,49000,2,-2.7551020408163263,STOP,0.5539940828402367,7.0650156151040715,1.717455621301775,1.9230769230769231,46.0352422907489,2.990018518200008,한화3우B
00088K,2026-02-25,54000,2,3.8888888888888973,T_star,2.2689320388349516,7.214324425730598,-0.12427184466019417,0.3883495145631068,68.06526806526807,0.29464090659736325,한화3우B
00088K,2026-03-12,49850,1,-1.6048144433299938,STOP,0.06925418569254185,9.463174064192733,0.4459665144596651,2.7245053272450535,53.92156862745099,0.8665128240453721,한화3우B
00088K,2026-04-14,48000,10,1.6666666666666607,TIMEOUT,0.7777777777777778,5.553123175715114,-0.5781710914454278,1.2979351032448379,53.63636363636363,0.4571592159713103,한화3우B
00088K,2026-05-07,51200,2,-3.61328125,STOP,1.0378681626928472,1.084572264196924,1.450210378681627,0.8415147265077139,64.0,0.5402661915995817,한화3우B
00088K,2026-05-12,51400,1,-3.891050583657585,STOP,0.824607329842932,0.7674888938825605,1.2840314136125655,0.680628272251309,59.31372549019608,0.7858003534884234,한화3우B
00088K,2026-05-15,54500,1,-10.733944954128438,STOP,1.982248520710059,1.4561257704827255,0.9846153846153847,0.23668639053254437,64.6103896103896,0.631437731986114,한화3우B
000990,2025-09-09,46400,1,8.62068965517242,T_star,0.9805825242718447,2.948499541344516,-0.14757281553398058,0.8932038834951457,67.70833333333334,0.6714358075986517,DB하이텍
000990,2025-10-15,58800,4,-3.401360544217691,STOP,0.7475083056478405,7.259366778553944,1.9559800664451827,0.7308970099667774,54.08163265306122,1.185126462975023,DB하이텍
000990,2025-10-23,57800,9,-3.114186851211076,STOP,0.03372681281618887,8.043924649584854,1.1534569983136593,1.1804384485666104,54.01069518716577,0.695612837576834,DB하이텍
000990,2025-11-11,69100,8,-10.419681620839361,STOP,2.9068767908309456,8.80984719864176,0.2607449856733524,0.4871060171919771,72.36363636363636,0.22176626828026733,DB하이텍
000990,2025-11-27,63600,3,2.2012578616352307,STOP,0.15393939393939393,11.399725385671598,0.713939393939394,2.206060606060606,63.144329896907216,0.5802276231286949,DB하이텍
000990,2025-12-11,66500,5,-3.759398496240607,STOP,0.5138075313807532,11.973532353620076,0.6694560669456067,2.075313807531381,69.82758620689654,0.43118345808779707,DB하이텍
000990,2025-12-19,65300,7,12.863705972434914,T_star,0.2576204523107178,9.33305741145865,-0.24778761061946902,1.809242871189774,53.03030303030303,0.8183700248123126,DB하이텍
000990,2026-04-09,92600,10,48.38012958963282,TIMEOUT,1.1598939929328622,6.796097368680404,-0.13074204946996468,0.42402826855123676,54.302103250478005,0.8805978904354858,DB하이텍
000990,2026-05-26,220500,5,-22.857142857142854,STOP,2.9407493465001453,25.125327610772008,1.9567237873947139,0.23235550392099913,67.68953068592057,0.8033805417515406,DB하이텍
000990,2026-05-28,194300,3,-12.454966546577461,STOP,1.1113561190738699,25.995731350476785,1.6507717750826902,1.9955898566703418,59.808102345415776,1.3370991737948068,DB하이텍
001040,2025-09-01,161100,10,22.284295468653003,TIMEOUT,0.9853723404255319,5.100576323638233,-0.020611702127659573,0.7978723404255319,50.88062622309197,0.3520616166178151,CJ
001040,2025-11-04,172700,1,-5.616676317313263,STOP,0.07109375,2.5969108121574545,-1.58203125,2.265625,54.78036175710594,1.0964299617577686,CJ
001040,2025-11-10,176500,1,-3.286118980169972,STOP,0.8235294117647058,2.501905883983638,-0.8199858256555634,0.42523033309709424,55.87188612099644,1.0174199564983215,CJ
001040,2025-11-20,189300,10,-0.7923930269413626,TIMEOUT,1.9912485414235706,3.9332444576112238,0.16102683780630106,0.38506417736289383,61.62500000000001,0.7541864215972809,CJ
001040,2025-12-04,187800,6,-3.8871139510117114,STOP,1.203099059214167,4.053661652825367,0.5196458218040951,0.9629219701162147,67.08333333333333,1.7369270393433252,CJ
001040,2026-03-26,203000,3,-6.896551724137934,STOP,0.6986027944111777,2.6280441002023536,-1.0251497005988024,1.7964071856287425,59.65965965965966,0.32352531006261737,CJ
001040,2026-04-17,214500,10,4.66200466200466,TIMEOUT,1.3875,3.9026610223340397,0.6143518518518518,0.5092592592592593,58.669574700109045,0.6957268025474319,CJ
001040,2026-05-15,218500,1,-22.05949656750572,STOP,0.20676691729323307,2.1152952115295163,0.9830827067669173,1.5037593984962405,52.631578947368425,2.4258497552862113,CJ
00104K,2025-10-31,148600,3,-1.749663526244949,STOP,0.050156739811912224,4.006473655817299,-1.7816091954022988,1.5464994775339602,53.86904761904762,0.9203321236533601,CJ4우(전환)
00104K,2025-11-06,149900,1,-1.8012008005336866,STOP,0.4072265625,4.013885104315985,-0.9365234375,0.41015625,59.56284153005464,1.1415261596352848,CJ4우(전환)
00104K,2025-11-10,153000,3,-3.26797385620915,STOP,0.938715953307393,4.115396424269627,-0.41245136186770426,0.0,58.24742268041237,0.8351815035711656,CJ4우(전환)
00104K,2025-11-20,159900,10,1.1882426516572897,TIMEOUT,1.8385689354275743,5.031534852154778,0.2705061082024433,0.29668411867364747,61.554192229038854,0.39993767686295645,CJ4우(전환)
00104K,2025-12-05,162500,7,-3.753846153846152,STOP,1.3463375796178343,4.959823610306074,0.6464968152866242,0.3184713375796178,70.8215297450425,0.8474530100789975,CJ4우(전환)
00104K,2026-01-14,160600,10,3.7982565379825584,TIMEOUT,1.2700892857142858,-0.4272441132251044,-0.39174107142857145,0.3125,66.22222222222223,0.4670634505241435,CJ4우(전환)
00104K,2026-03-25,183300,6,-8.074195308237863,STOP,1.7063468850541095,2.333278849297168,-0.727698157355952,0.22228721848493713,64.39588688946014,0.5171293064015215,CJ4우(전환)
00104K,2026-04-21,181000,10,4.364640883977899,TIMEOUT,0.8715901530272788,3.731776674142897,0.5316034597471723,0.7052561543579507,52.985074626865675,0.21720847485039624,CJ4우(전환)
00104K,2026-05-14,185500,2,-16.7654986522911,STOP,0.008778346744696415,3.2534346682256654,1.2889539136795904,1.594732991953182,55.009107468123865,0.933039136470052,CJ4우(전환)
001060,2025-11-27,25600,10,7.03125,TIMEOUT,0.8232044198895028,4.26021659560016,1.2955801104972375,0.994475138121547,61.01694915254238,0.9627709140770382,JW중외제약
001060,2026-01-16,28300,10,9.893992932862194,TIMEOUT,0.9827586206896551,7.608771077649018,0.1314655172413793,1.4224137931034482,58.38150289017341,0.7670939261954705,JW중외제약
001060,2026-04-17,31450,3,-3.8155802861685184,STOP,0.5869947275922671,3.79338394793927,-0.27768014059753954,1.4411247803163445,51.72413793103448,0.44747598920205467,JW중외제약
001060,2026-04-24,32300,5,-4.95356037151703,STOP,1.3391472868217054,3.4732855185752274,-0.06395348837209303,0.9302325581395349,69.89247311827957,0.9114964602196108,JW중외제약
001060,2026-04-30,31200,1,-1.602564102564108,STOP,0.2611464968152866,2.7673558447087663,0.21443736730360935,1.9532908704883227,43.24324324324324,1.3163857289657286,JW중외제약
001080,2025-10-29,4950,1,-1.0101010101010055,STOP,0.22937625754527163,28.005794302269422,1.8028169014084507,1.4218645204560698,44.62809917355372,0.6293941806157837,만호제강
001120,2025-09-03,29750,10,7.394957983193273,TIMEOUT,0.07425742574257425,2.0367214556648894,-2.099009900990099,1.9801980198019802,51.28205128205128,1.770690594688851,LX인터내셔널
001120,2026-01-15,36200,10,4.281767955801108,TIMEOUT,3.674931129476584,1.6103145730793962,0.12396694214876033,0.1652892561983471,71.7948717948718,0.33466287554241175,LX인터내셔널
001120,2026-03-23,47200,10,10.593220338983045,TIMEOUT,1.2070953436807095,10.89991510234885,0.057649667405764965,0.9046563192904656,59.756097560975604,0.5882694754559329,LX인터내셔널
001120,2026-04-15,49200,3,2.4390243902439046,STOP,0.2885572139303483,13.368198124216624,1.220563847429519,1.75787728026534,52.17391304347826,1.218949181871312,LX인터내셔널
001120,2026-04-22,52900,8,-5.765595463137996,STOP,1.2099827882960412,13.26929544308055,0.7271944922547332,0.5507745266781411,48.3974358974359,0.3628895369246129,LX인터내셔널
001200,2025-09-08,3400,10,7.205882352941173,TIMEOUT,0.18614514608859567,1.690019812379156,0.2521206409048068,1.5080113100848258,50.78125,1.7709950606024074,유진투자증권
001200,2025-09-30,3675,1,-1.3605442176870763,STOP,0.33559322033898303,0.404621573580312,0.9372881355932203,1.8644067796610169,46.524064171123,0.8860461406754523,유진투자증권
001200,2025-10-02,3675,1,0.13605442176871652,STOP,0.11292962356792144,0.3913114792511274,0.8723404255319149,1.800327332242226,45.91836734693878,0.838819546523122,유진투자증권
001200,2025-10-21,3765,2,-2.7888446215139417,STOP,0.5419968304278923,-1.0981051844583027,0.34231378763866877,1.4580031695721078,60.456273764258555,0.8410833746057081,유진투자증권
001200,2025-10-24,3730,4,-0.536193029490617,STOP,0.3195084485407066,-1.1352222559622527,0.018433179723502304,1.6282642089093702,49.34497816593886,1.142697471413346,유진투자증권
001200,2025-10-31,3730,2,-2.9490616621983934,STOP,0.11518324607329843,-0.42037413297835075,0.24781849912739964,1.849912739965096,56.38766519823789,1.2443975614853602,유진투자증권
001200,2025-12-24,3555,2,-2.812939521800284,STOP,1.1358024691358024,-0.9377077744916016,-0.6018518518518519,1.0493827160493827,57.26495726495726,0.6791643616359022,유진투자증권
001200,2026-03-24,4960,2,-0.6048387096774244,STOP,0.0006688963210702341,13.392365470605089,0.2588628762541806,3.5585284280936453,67.23404255319149,0.3203748463850161,유진투자증권
001200,2026-03-27,4960,1,-4.939516129032262,STOP,0.15703125,12.434732160123767,-0.19453125,1.71875,56.71641791044777,0.3541222452568203,유진투자증권
001200,2026-04-17,5010,10,19.36127744510978,TIMEOUT,0.7520863016486872,10.325104174856513,-0.10991247710156726,0.8141664970486464,56.23678646934461,0.5153654286004605,유진투자증권
001210,2026-02-02,987,2,-2.127659574468088,STOP,0.015114235500878575,12.756223483105856,1.6864674868189804,2.8471001757469243,44.79830148619957,1.9193210636513915,금호전기
001230,2026-03-16,9680,4,16.219008264462808,T_star,0.5581737849779087,8.253946805396026,1.5375552282768779,1.6494845360824741,51.012145748987855,0.8617646346230787,동국홀딩스
001230,2026-03-26,9930,2,-2.7190332326283984,STOP,0.06511309115832763,10.209326333823888,1.1028101439342015,1.8094585332419466,54.132231404958674,0.3874265674098236,동국홀딩스
001230,2026-04-01,10100,1,-1.2871287128712883,STOP,0.19650986342943855,10.293768481944362,0.7435508345978755,1.7450682852807284,49.473684210526315,0.37531512534800315,동국홀딩스
001230,2026-04-03,10330,1,-0.871248789932233,STOP,0.44200626959247646,10.69990576544161,0.5446708463949843,1.4420062695924765,57.33634311512415,0.7763313385259897,동국홀딩스
001230,2026-04-09,10810,10,5.45790934320074,TIMEOUT,0.8669172932330828,11.789190439151552,0.5278195488721804,1.1879699248120301,44.835680751173705,0.5561019415526036,동국홀딩스
001230,2026-04-24,11400,1,0.0,T_star,0.5797872340425532,14.21118406696951,0.4326241134751773,0.4875886524822695,68.58974358974359,0.5424371895645465,동국홀딩스
001250,2026-03-09,2520,1,0.0,STOP,0.022727272727272728,1.6658396540724592,1.065909090909091,2.3181818181818183,52.79999999999999,1.7877379965862101,GS글로벌
001250,2026-03-11,2550,1,-0.7843137254901933,STOP,0.14516129032258066,1.9656542719273478,0.9746543778801844,2.0737327188940093,46.846846846846844,1.416192796640888,GS글로벌
001250,2026-03-23,2575,6,-2.7184466019417486,STOP,0.20464135021097046,2.4201799259128527,0.2805907172995781,1.6877637130801688,50.0,0.719797799208243,GS글로벌
001250,2026-04-01,2630,2,20.532319391634978,T_star,0.6363636363636364,2.63121112586484,0.09534368070953436,1.2416851441241685,56.493506493506494,0.6446252222397274,GS글로벌
001270,2025-10-27,69100,6,-4.196816208393628,STOP,0.9271428571428572,5.603901290620927,-1.07,1.4,58.60655737704918,0.6296414004979077,부국증권
001270,2025-11-06,69800,4,7.020057306590255,T_star,0.839262187088274,3.9178455860722674,0.11330698287220026,0.5533596837944664,62.59259259259259,0.8197207958921694,부국증권
001270,2026-04-17,76100,5,-2.365308804204991,STOP,0.38729198184568836,7.743570489956824,-0.6232980332829047,0.5748865355521936,51.48148148148148,0.4935348329735125,부국증권
001290,2026-03-13,1226,2,-2.1207177814029365,STOP,0.362397119341564,23.782534118875372,1.3377057613168721,2.860082304526749,48.271954674220964,1.5212645395750786,상상인증권
001290,2026-03-18,1251,1,0.9592326139088669,T_star,0.1201063315611402,27.55954298743464,1.1950217496375066,2.5664572257129046,51.63727959697732,0.15900186326489385,상상인증권
001340,2026-03-06,6900,1,-4.057971014492756,STOP,0.5265536723163842,4.471217436310317,0.9344632768361582,0.8813559322033898,54.95495495495496,1.0181856085054863,PKC
001340,2026-03-10,6820,1,-1.1730205278592365,STOP,0.2857142857142857,4.705241426769124,0.7502903600464577,1.0917537746806039,50.862068965517246,0.8191006575670092,PKC
001340,2026-03-30,6900,1,-3.3333333333333326,STOP,0.5753920386007237,4.2424745922295095,-0.2316043425814234,1.037394451145959,51.96078431372549,0.429188958130281,PKC
001340,2026-04-08,6840,7,16.520467836257314,T_star,0.37868162692847124,5.068582982676639,0.07713884992987377,1.3744740532959328,56.223175965665234,0.8646031608223287,PKC
001360,2026-03-26,1892,3,-6.6067653276955625,STOP,0.3893766461808596,5.263471153083079,-1.0263388937664606,1.826163301141352,51.89189189189189,0.5808978640350221,삼성제약
001360,2026-04-23,2090,1,4.066985645933019,T_star,1.9414501744862345,6.352601918691227,-0.025203567274137265,1.0081426909654907,67.8743961352657,0.25079626036484387,삼성제약
001390,2025-09-16,4975,7,-4.120603015075375,STOP,1.570945945945946,2.24468906567063,0.4560810810810811,1.9932432432432432,55.73122529644268,0.2145811189632382,KG케미칼
001390,2025-10-01,5100,4,1.9607843137254832,STOP,1.467455621301775,1.0030373666737238,0.6168639053254438,1.0059171597633136,60.18808777429467,0.5819956610416098,KG케미칼
001390,2025-10-15,5260,6,-6.8441064638783295,STOP,1.5463087248322147,1.0497344789259122,0.9033557046979865,0.5906040268456376,59.633027522935784,0.5517695005955597,KG케미칼
001390,2025-10-24,5100,4,-2.941176470588236,STOP,0.44786096256684493,0.9219174480764304,0.5494652406417112,1.4438502673796791,63.26530612244898,0.8551380349461712,KG케미칼
001390,2025-11-17,5420,3,1.4760147601476037,T_star,1.326941514860978,3.2352480008362514,0.004793863854266539,2.454458293384468,55.09708737864077,0.14922472298569492,KG케미칼
001390,2025-11-28,5470,10,6.032906764168189,TIMEOUT,0.9698996655518395,3.634704454277781,0.40635451505016723,1.9732441471571907,60.0,1.0026853304284258,KG케미칼
001390,2025-12-22,5830,3,-3.6020583190394473,STOP,1.013215859030837,5.441060755721497,0.8414096916299559,0.6167400881057269,62.63736263736264,0.4702018117105351,KG케미칼
001390,2026-01-28,5860,10,0.5119453924914641,TIMEOUT,3.3223052294557096,0.08806554592776053,-1.1515474919957311,1.024546424759872,75.68238213399503,0.4459842543589161,KG케미칼
001390,2026-02-23,5850,1,-0.6837606837606813,STOP,0.21929101401483925,4.206337928094358,1.71558120362737,0.9233305853256389,45.22292993630574,4.09443656935117,KG케미칼
001390,2026-03-25,5290,3,-2.07939508506616,STOP,0.13218390804597702,-2.1889418349595284,-0.8058748403575989,2.0434227330779056,57.21040189125296,1.1905105811921504,KG케미칼
001390,2026-04-01,5250,1,-3.809523809523807,STOP,0.086875,-2.568371346843632,-0.4425,2.1,45.21739130434783,0.6935167114167412,KG케미칼
001390,2026-04-13,5660,10,10.424028268551243,TIMEOUT,1.1843853820598007,-0.5558107487367937,0.36627906976744184,0.8305647840531561,60.301507537688444,0.4904345997466063,KG케미칼
001430,2026-02-05,80300,1,4.358655043586546,T_star,1.2730891719745223,44.65632909837071,1.811703821656051,1.9426751592356688,60.87719298245614,0.8489816892916145,세아베스틸지주
001430,2026-03-24,68900,5,-6.531204644412192,STOP,0.5442786069651742,19.099149639777966,-0.9532338308457712,0.8955223880597015,62.093023255813954,0.5634744396308388,세아베스틸지주
001430,2026-04-01,71000,1,-8.732394366197182,STOP,0.7668439716312057,14.611418961762185,-0.19680851063829788,0.5319148936170213,49.64028776978417,0.984816593954307,세아베스틸지주
001430,2026-04-03,67300,1,-1.9316493313521588,STOP,0.028399311531841654,13.073018880692963,0.03356282271944923,1.153184165232358,50.0,1.129765204482184,세아베스틸지주
001430,2026-04-17,75100,10,-4.394141145139818,TIMEOUT,1.3213965980304387,5.474941469582971,0.10474485228290063,0.17905102954341987,59.85401459854015,0.3766030085449259,세아베스틸지주
001430,2026-05-04,71800,2,-2.924791086350975,STOP,0.43843498273878023,0.8115484056305659,0.5005753739930955,1.2888377445339472,64.16382252559727,1.0864302728819086,세아베스틸지주
001430,2026-05-08,74000,2,-9.189189189189184,STOP,0.7472647702407003,-0.8174710677027568,0.5087527352297593,0.7439824945295405,56.09756097560975,1.0868320057673142,세아베스틸지주
001430,2026-05-13,72400,3,4.281767955801108,STOP,0.19279454722492698,-1.6169686593427428,0.5481986368062317,0.9737098344693281,54.045307443365694,1.4069242280784633,세아베스틸지주
001440,2025-09-16,16290,6,-3.3763044812768594,STOP,1.3396449704142013,2.3172337623720276,-0.9656804733727811,1.0887573964497042,53.1578947368421,0.48931550079858666,대한전선
001440,2025-10-15,17490,10,24.070897655803325,TIMEOUT,2.249366018596788,-0.43788652305649317,0.6830092983939138,1.978021978021978,65.51724137931035,0.40731053007923357,대한전선
001440,2025-11-20,24100,1,-6.639004149377592,STOP,0.1615598885793872,15.72182481601352,1.7417948407411894,2.2041903839166768,49.609375,0.37425074925573126,대한전선
001440,2025-12-15,24400,3,-9.016393442622949,STOP,1.363540569020021,12.869413306158114,-1.0284510010537409,0.4636459430979979,69.17293233082707,0.34957849852810946,대한전선
001440,2025-12-22,23350,1,-2.7837259100642386,STOP,0.5299539170506913,12.33155419330973,-0.5253456221198156,1.1981566820276497,53.64238410596026,0.7345889326847763,대한전선
001440,2025-12-29,23750,1,-3.578947368421048,STOP,0.7538461538461538,12.366105667726625,0.08131868131868132,0.7912087912087912,55.319148936170215,0.7760517409603656,대한전선
001440,2026-01-05,25700,10,1.1673151750972721,TIMEOUT,2.1494736842105264,12.546322148332404,0.30526315789473685,0.12631578947368421,63.70967741935484,0.453623615407819,대한전선
001440,2026-01-27,26750,2,5.794392523364489,T_star,0.44043887147335425,12.935599919712203,1.1473354231974922,1.8181818181818181,52.54237288135593,0.48791957007220305,대한전선
001440,2026-02-03,30800,10,6.818181818181812,TIMEOUT,2.042119565217391,10.253139058618142,1.153532608695652,0.3804347826086957,65.73208722741433,0.31773552823382367,대한전선
001440,2026-04-13,32000,10,36.09374999999999,TIMEOUT,1.2947368421052632,6.332728516612635,0.03684210526315789,0.4473684210526316,58.89212827988338,0.5824515760041007,대한전선
001450,2025-09-02,27900,7,-1.6129032258064502,STOP,0.6352583586626139,5.3604496280172835,0.729483282674772,0.9118541033434651,58.67768595041322,2.857569642810346,현대해상
001450,2025-09-12,27900,10,5.376344086021501,TIMEOUT,0.2116788321167883,3.883341258519571,0.8394160583941606,1.094890510948905,55.29411764705882,1.2949360076754584,현대해상
001450,2025-11-06,29200,8,-5.47945205479452,STOP,2.066006600660066,0.4239199061964463,-0.6303630363036303,0.39603960396039606,70.0,1.1318082540189442,현대해상
001450,2025-11-25,28900,9,0.6920415224913601,STOP,0.6376811594202898,1.5172953608092243,0.43478260869565216,1.6908212560386473,58.15217391304348,1.9110935856427733,현대해상
001450,2025-12-16,29400,2,2.3809523809523725,STOP,0.06402439024390244,1.8801794041643154,0.5304878048780488,2.4390243902439024,45.56962025316456,1.88437622417404,현대해상
001450,2025-12-24,31450,8,-11.605723370429255,STOP,1.7108433734939759,2.1732693788121082,0.9789156626506024,0.24096385542168675,58.67768595041322,0.5345716558522862,현대해상
001450,2026-02-03,28400,10,36.61971830985915,TIMEOUT,0.8121693121693122,-0.0028761252840257424,-1.5,2.5925925925925926,69.3069306930693,0.7161252884203545,현대해상
001450,2026-03-27,31450,2,-4.133545310015895,STOP,0.44481054365733114,0.8228407333775087,-1.471169686985173,2.4382207578253707,56.666666666666664,0.5497078452229598,현대해상
001450,2026-04-01,31450,1,-4.610492845786962,STOP,0.6079854809437386,0.5504940684264168,-1.4355716878402904,0.8348457350272233,55.893536121673,0.8525290097149265,현대해상
001450,2026-04-24,30550,9,-0.6546644844517169,STOP,0.3008595988538682,2.026619926603499,-0.2693409742120344,1.3753581661891117,55.88235294117647,1.1725135477796282,현대해상
001450,2026-06-09,36900,1,1.7615176151761558,STOP,0.7685088633993743,2.1312782354504463,0.9416058394160584,1.3555787278415015,45.017182130584196,1.3479801758415746,현대해상
001500,2026-04-17,11050,10,5.429864253393668,TIMEOUT,0.8151658767772512,8.72121759582771,-0.4881516587677725,0.8530805687203792,56.88259109311741,0.2942504858748883,현대차증권
001500,2026-05-15,11770,1,-10.11045029736618,STOP,0.4431718061674009,7.544932897045572,1.171806167400881,2.5198237885462555,55.28756957328386,0.533251350820271,현대차증권
001510,2025-09-30,1387,1,-4.325883201153569,STOP,0.6393129770992366,0.2390281166062947,0.8396946564885497,2.1374045801526718,47.80219780219781,0.4579493222090768,SK증권
001510,2026-03-16,3457,2,8.88053225339891,T_star,0.15513126491646775,48.498648071723345,1.6075821553148522,2.3278869102258124,51.66508087535681,0.538549041363504,SK증권
001515,2026-04-14,11520,2,0.0,STOP,0.19335009779267953,40.01812415043045,1.5859178541492036,3.8334730371612182,36.19246861924687,0.2527150838483404,SK증권우
001520,2025-10-28,962,1,-5.301455301455304,STOP,0.15582655826558267,13.940168754794172,1.1941056910569106,2.4932249322493227,48.134328358208954,0.3229366269997596,동양
001520,2025-12-11,836,3,-1.9138755980861233,STOP,0.3186221743810539,8.006276106269754,-0.48116254036598294,3.229278794402583,54.583333333333336,0.2814954723485593,동양
001520,2025-12-18,878,10,-0.4555808656036442,TIMEOUT,0.9990825688073403,7.624724795413957,-0.06422018348623854,2.5688073394495414,62.04620462046205,0.12704944268598686,동양
001530,2026-02-09,21000,10,17.14285714285715,TIMEOUT,0.9446192573945877,4.542081798060656,0.49905601006922595,1.2586532410320956,55.16693163751988,1.8123273046973123,DI동일
001530,2026-04-14,23400,10,38.46153846153846,TIMEOUT,1.182341650671785,3.621844815805561,0.24107485604606527,1.8426103646833014,61.325966850828735,0.8496421360275921,DI동일
001530,2026-05-14,30550,2,-9.165302782324058,STOP,0.9817007534983854,12.083272562581083,1.3907427341227125,1.4208826695371366,50.18181818181818,1.0903461958394662,DI동일
001550,2026-03-06,14590,3,-0.6168608636052064,STOP,0.4477510990869124,8.461973171529705,1.1173486641866757,1.7923571187013865,53.10344827586207,2.0717983154895574,조비
001550,2026-03-13,17260,7,-13.673232908458866,STOP,1.3651925820256776,11.07355307246078,0.9634807417974323,2.1055634807417976,59.28237129485179,0.1998913660197661,조비
001550,2026-03-23,15600,1,-4.487179487179482,STOP,0.1252336448598131,11.824729891956782,0.6192256341789052,2.857142857142857,53.88601036269431,0.27166436963538504,조비
001550,2026-03-26,16010,1,-5.996252342286068,STOP,0.30925973690998193,11.538245377395599,0.3456280629352592,2.548362135671911,56.261022927689595,0.262851083412751,조비
001550,2026-03-30,16270,2,-5.53165334972342,STOP,0.34804753820033957,11.776177408795219,0.24981809362114965,2.270191608052389,54.664179104477604,0.7389428686309283,조비
001680,2025-09-08,22550,10,1.55210643015522,TIMEOUT,0.29577464788732394,0.7561853021070298,-0.9483568075117371,2.9107981220657275,73.17073170731707,0.9125687336160428,대상
001680,2026-02-09,22600,10,0.8849557522123908,TIMEOUT,0.9683794466403162,1.5542849892548039,1.0134387351778655,0.6324110671936759,60.0,1.0572926182516678,대상
001680,2026-04-16,21450,10,-3.4965034965035002,TIMEOUT,1.8489341983317886,-1.1952773843975237,-0.016682113067655237,0.0,54.85961123110151,0.2973342349885655,대상
001720,2025-10-24,137700,10,2.7596223674654974,TIMEOUT,0.37465815861440294,-0.8811430518706176,-1.0109389243391067,1.9690063810391978,56.07940446650124,1.0963409485847806,신영증권
001720,2025-12-15,144500,1,-1.730103806228378,STOP,0.39067055393586003,0.6487608667445111,-0.8785228377065112,1.5743440233236152,58.84615384615385,0.6836860041210968,신영증권
001720,2025-12-17,142900,1,-0.4898530440867743,STOP,0.09283551967709384,0.1986062308298117,-0.963673057517659,1.65489404641776,53.02491103202847,1.4153885442172782,신영증권
001720,2025-12-19,142900,4,-0.9797060881735487,STOP,0.1299254526091587,-0.26339510436299357,-1.0372736954206603,1.74653887113951,57.99256505576208,1.385251399906673,신영증권
001720,2025-12-29,143000,1,-6.223776223776223,STOP,0.08732057416267942,-0.1262154076290202,-0.07775119617224881,1.937799043062201,51.704545454545446,1.1838556632141664,신영증권
001720,2026-01-20,159000,10,20.75471698113207,TIMEOUT,3.2350463352990735,0.8835539284708532,-0.17186183656276327,0.42122999157540014,63.15789473684211,0.3173157227257261,신영증권
001720,2026-03-25,210000,1,-4.047619047619044,STOP,0.4377383518487813,12.823306340942178,-0.25435251202122366,2.221853755596087,60.83418107833164,0.7965811020137199,신영증권
001720,2026-03-27,206000,1,-6.262135922330092,STOP,0.3765547793491225,11.92161859451905,-0.6611006985857898,1.6357130686658716,63.85281385281385,0.861082269590179,신영증권
001720,2026-04-16,208500,10,-5.46762589928057,STOP,0.8944499504459861,11.547857828645297,0.013379583746283449,0.44598612487611494,51.36911281489595,0.5824312702037427,신영증권
001720,2026-04-28,202000,2,-2.425742574257428,STOP,0.15466983938132065,10.081838126189115,0.15764425936942297,1.189767995240928,40.29850746268656,2.4553161947237765,신영증권
001720,2026-05-04,206500,1,2.9055690072639306,STOP,0.5354381443298969,9.071109756753371,0.37306701030927836,0.7087628865979382,55.44794188861986,1.8846739742358511,신영증권
001740,2025-10-15,4850,9,-5.360824742268044,STOP,3.512121212121212,-0.2936480261346677,1.1606060606060606,0.06060606060606061,71.66666666666667,0.10171353119915781,SK네트웍스
001740,2025-11-13,4665,1,-1.1789924973204746,STOP,0.29603729603729606,0.5082685720599609,0.19114219114219114,1.5850815850815851,53.10344827586207,0.7732889696142895,SK네트웍스
001740,2026-02-24,5910,5,-15.39763113367174,STOP,2.005590496156534,4.348223090689931,1.259958071278826,1.6491963661774982,55.5956678700361,0.34138167605256703,SK네트웍스
001740,2026-03-27,5360,1,-2.985074626865669,STOP,0.10156971375807941,4.823117702089324,-0.32132963988919666,1.8836565096952909,58.88324873096447,1.1517621519204857,SK네트웍스
001740,2026-04-14,5480,10,8.941605839416056,T_star,0.5460218408736349,5.498339710418521,0.10452418096723869,1.7472698907956319,51.21107266435987,1.5171815959360455,SK네트웍스
001780,2026-02-05,2235,10,3.803131991051445,TIMEOUT,0.41597796143250687,2.0129093173364283,0.6721763085399449,2.2589531680440773,61.73913043478261,0.6937712969997697,알루코
001780,2026-03-27,2120,2,25.235849056603765,T_star,0.11512717536814004,1.2597754548974116,-0.9460062472110665,1.7402945113788488,61.458333333333336,1.05238476778978,알루코
001780,2026-04-27,2650,1,30.000000000000004,T_star,0.22594594594594594,6.803397111996154,1.0962162162162161,1.7513513513513514,52.68292682926828,2.2240727512517635,알루코
001790,2026-04-16,3130,7,-5.750798722044726,STOP,1.9516129032258065,1.560182713412831,1.835483870967742,0.0,74.6987951807229,0.550577971997076,대한제당
001800,2025-09-04,20650,10,2.6634382566586012,TIMEOUT,0.7070506454816285,0.9141653339894261,-1.404170804369414,1.3902681231380338,63.76146788990826,0.6939197873379027,오리온홀딩스
001800,2026-01-22,20650,10,9.443099273607757,TIMEOUT,0.7110317105850826,0.6822148183404789,-0.7020991514068781,1.2505582849486379,61.38613861386139,0.25652947571503676,오리온홀딩스
001800,2026-03-19,24750,2,-3.0303030303030276,STOP,0.618421052631579,6.236929610191912,0.7578947368421053,1.1578947368421053,55.199999999999996,0.5974517981667669,오리온홀딩스
001800,2026-03-24,24550,4,-4.480651731160901,STOP,0.4859335038363171,5.672799208704247,0.36828644501278773,1.0741687979539642,73.21428571428572,0.6173068394775618,오리온홀딩스
001800,2026-04-01,24250,1,-0.8247422680412342,STOP,0.03,5.3596242673601555,0.0575,1.45,49.29577464788732,0.8081901600937134,오리온홀딩스
001800,2026-04-21,24750,9,-2.2222222222222254,STOP,0.7868852459016393,5.624363505661067,-0.16393442622950818,1.0382513661202186,54.90196078431373,0.44445009170993055,오리온홀딩스
001800,2026-05-07,24750,1,-1.2121212121212088,STOP,0.26740947075208915,5.68684406428353,0.5348189415041783,2.0612813370473537,48.818897637795274,1.2952310910869456,오리온홀딩스
001800,2026-05-27,24950,7,-2.605210420841686,STOP,0.17633928571428573,2.4574602728167627,0.10714285714285714,2.3214285714285716,55.033557046979865,1.319199329374038,오리온홀딩스
001800,2026-06-09,25300,2,10.474308300395263,T_star,0.23551401869158878,1.6138487534052899,0.18691588785046728,1.6822429906542056,46.2962962962963,1.3994149468364734,오리온홀딩스
001820,2025-10-02,33150,1,8.597285067873294,T_star,0.3059006211180124,7.937953339404016,1.8524844720496894,1.7391304347826086,54.893617021276604,0.6252943493036907,삼화콘덴서
001820,2025-10-15,33750,9,-1.0370370370370363,STOP,0.3903448275862069,8.300871823409386,0.9917241379310345,1.6275862068965516,50.79872204472844,0.8061766935339988,삼화콘덴서
001820,2025-10-29,33700,1,-3.115727002967361,STOP,0.1189358372456964,8.731387730792148,0.29264475743348983,1.8779342723004695,52.87958115183246,0.9035856623886992,삼화콘덴서
001820,2025-10-31,33800,1,2.071005917159763,STOP,0.13679245283018868,8.593380614657207,0.19811320754716982,1.8238993710691824,42.675159235668794,1.428952887600667,삼화콘덴서
001820,2025-12-05,32350,9,-2.6275115919629055,STOP,1.3012295081967213,3.998178994162074,-0.8237704918032787,0.4098360655737705,63.49206349206349,0.2557175060501143,삼화콘덴서
001820,2026-03-12,51400,2,-0.1945525291828787,STOP,0.9816779170684667,16.736582857452163,1.6287367405978785,3.278688524590164,58.22784810126581,0.6586611698758597,삼화콘덴서
001820,2026-03-18,61500,9,-15.609756097560979,STOP,2.0485956308515383,20.16939612425956,1.4935354436023183,1.2304948729380294,54.44214876033058,0.08081992164571304,삼화콘덴서
001820,2026-04-02,53700,10,22.3463687150838,TIMEOUT,0.03672612801678909,21.011878997739615,0.48845750262329485,2.4554039874081846,54.04699738903395,1.4137704952099914,삼화콘덴서
001820,2026-05-06,66900,3,-4.1853512705530616,STOP,0.6689655172413793,26.31005428966161,1.2091954022988505,1.4022988505747127,55.33333333333333,0.6233843886380986,삼화콘덴서
001820,2026-05-14,67100,2,-6.85543964232489,STOP,0.37133182844243795,24.503587216464968,0.8860045146726863,1.3318284424379232,52.92096219931272,0.5158906536455583,삼화콘덴서
001820,2026-05-20,78600,2,29.77099236641221,T_star,2.072696534234996,22.467803389479855,0.3972950126796281,0.3043110735418428,64.31535269709543,0.19793247069629002,삼화콘덴서
002020,2025-09-03,44600,10,-6.053811659192821,STOP,1.4831338411316648,10.865829745082573,-1.4918389553862894,1.1969532100108813,66.77115987460814,0.4048142973830683,코오롱
002020,2025-12-05,51100,1,-4.6966731898238745,STOP,0.14918256130790192,7.253845855775564,0.9223433242506812,1.6076294277929155,55.04201680672269,1.0108855096721459,코오롱
002020,2025-12-12,55700,3,-8.438061041292643,STOP,1.2441281138790035,7.109131573413887,0.7516014234875444,0.3701067615658363,60.667903525046384,0.9313324467935877,코오롱
002020,2026-01-27,52900,10,20.22684310018903,TIMEOUT,2.8138832997987926,1.3085148789407044,-1.1297786720321932,0.32193158953722334,73.18435754189944,0.2041685661664144,코오롱
002020,2026-02-26,70700,2,-8.769448373408773,STOP,1.6603995299647474,10.922321765695264,2.327849588719154,0.4935370152761457,51.58730158730159,0.4027771236597121,코오롱
002020,2026-03-30,66800,10,-11.52694610778443,STOP,1.6885020613834174,3.355900907831974,-0.7366010077874484,0.5497022446174988,63.65979381443299,0.42958382066625417,코오롱
002020,2026-04-15,61200,3,-0.4901960784313708,STOP,0.04616156547917712,8.017433150224724,0.5619668840943302,2.0471650777722026,47.15189873417721,1.3894677746099708,코오롱
002020,2026-04-29,75000,10,-5.600000000000005,TIMEOUT,3.2509803921568627,9.48956841436946,0.4169934640522876,0.0,67.88079470198676,0.33422551234999326,코오롱
002100,2026-03-26,9550,1,-0.7329842931937169,STOP,0.026845637583892617,0.6811500681150133,-0.13902205177372962,4.506232023010546,53.6231884057971,0.2980115328491398,경농
002100,2026-04-07,9780,10,1.3292433537832382,TIMEOUT,0.5617623918174666,0.8884995620072451,0.12903225806451613,4.280094413847364,57.89473684210526,0.8296822013606723,경농
002140,2026-03-16,2765,5,-1.8083182640144635,STOP,0.5024875621890548,2.4893050830329835,0.753731343283582,2.7611940298507465,57.065217391304344,0.30922944758093107,고려산업
002140,2026-03-24,2725,3,-0.18348623853210455,STOP,0.004645760743321719,3.0657130385144953,0.47619047619047616,2.7642276422764227,41.6184971098266,0.550003921553652,고려산업
002140,2026-03-30,2775,1,-1.981981981981984,STOP,0.10631229235880399,3.2225713712642787,0.3853820598006645,2.414174972314507,59.12408759124087,0.50903557317148,고려산업
002140,2026-04-06,2785,2,-5.0269299820466795,STOP,0.37362637362637363,2.865367435396877,0.10622710622710622,1.8681318681318682,48.175182481751825,0.5479314129282068,고려산업
002140,2026-04-14,2840,10,-1.9366197183098621,STOP,0.7889125799573561,3.2240078714332507,-0.04904051172707889,0.42643923240938164,55.828220858895705,0.7374245842557215,고려산업
002140,2026-04-27,2825,1,-1.415929203539823,STOP,0.4036458333333333,4.2781268216853485,0.4192708333333333,0.9895833333333334,58.585858585858595,3.4440706068479945,고려산업
002140,2026-04-29,2810,3,-2.135231316725983,STOP,0.17204301075268819,4.536642109344707,0.4489247311827957,1.1827956989247312,61.53846153846154,2.2005191255892522,고려산업
002150,2026-04-30,7120,1,-2.52808988764045,STOP,0.31160896130346233,4.83107041364067,1.3930753564154785,2.158859470468432,51.57894736842105,0.7658090057788552,도화엔지니어링
002220,2026-06-08,5270,1,7.779886148007598,T_star,0.782565130260521,3.5322985619721523,-0.26152304609218435,1.2424849699398797,58.505564387917325,0.4223598308948471,한일철강
002310,2026-01-29,7830,2,-2.8097062579821253,STOP,0.5671641791044776,0.26269127208248505,-1.159914712153518,0.5970149253731343,56.12903225806451,0.7142953708932185,아세아제지
002310,2026-02-03,7940,1,5.289672544080615,T_star,1.0610021786492374,0.6044413297709255,-0.7363834422657952,0.04357298474945534,60.869565217391305,1.3898540797237013,아세아제지
002310,2026-04-10,9380,10,0.2132196162046851,TIMEOUT,0.8252525252525252,3.6181722994590193,-0.5171717171717172,1.4141414141414141,61.37566137566138,0.6494457082007972,아세아제지
002350,2025-11-28,7450,3,3.489932885906044,STOP,0.8025078369905956,7.649420160570913,1.54858934169279,1.755485893416928,49.06832298136646,1.8508292385148652,넥센타이어
002350,2025-12-05,7810,10,2.0486555697823317,TIMEOUT,1.1660777385159011,9.152439361290684,1.8798586572438163,0.7067137809187279,60.0,0.36184796616818593,넥센타이어
002350,2026-01-21,8380,10,-4.057279236276845,TIMEOUT,2.2538699690402475,7.869509574288259,-0.4117647058823529,0.3715170278637771,67.78242677824268,0.14648671558063592,넥센타이어
002350,2026-02-04,8040,1,9.701492537313428,T_star,0.44113475177304967,7.39984689971932,0.6595744680851063,2.524822695035461,54.794520547945204,1.404636880928945,넥센타이어
002360,2026-04-03,433,3,-5.311778290993074,STOP,0.42185514612452407,2.328106675932764,-0.08386277001270677,2.1855146124523506,59.33014354066986,0.39011074044835137,SH에너지화학
002360,2026-04-10,422,1,7.345971563981046,T_star,0.20743034055727522,2.78557546966098,-0.27554179566563397,1.7956656346749227,55.28455284552845,0.6078710920414864,SH에너지화학
002380,2025-09-03,391500,10,8.045977011494255,TIMEOUT,0.9835680751173709,9.688998282183428,0.5211267605633803,1.1737089201877935,62.39316239316239,0.6995372601070938,KCC
002380,2025-10-23,413500,9,-1.9347037484885088,STOP,1.3729050279329609,3.6670366259711327,-0.7653631284916201,1.005586592178771,73.44398340248962,0.5837608050042785,KCC
002380,2025-11-12,430000,1,-2.3255813953488413,STOP,0.5662824207492796,3.680254969097923,1.4956772334293948,1.7291066282420748,54.59610027855153,1.3022376803364506,KCC
002380,2025-12-04,431000,8,-2.436194895591648,STOP,0.8836140888208269,2.976277562963742,-0.47013782542113325,0.888208269525268,61.111111111111114,0.29171554165333713,KCC
002380,2026-01-16,439000,10,11.389521640091127,TIMEOUT,1.6952554744525548,2.0888942813232987,-0.5456204379562044,1.167883211678832,59.307359307359306,0.47697685738307005,KCC
002380,2026-04-16,560000,10,-0.8928571428571397,TIMEOUT,1.7835689045936396,6.408613176108691,-0.33127208480565373,0.17667844522968199,56.6793893129771,0.24473289170033682,KCC
002380,2026-05-13,572000,3,-8.74125874125874,STOP,0.13009404388714735,6.6342096721843475,1.469435736677116,2.633228840125392,53.917050691244235,0.9224996275762664,KCC
002380,2026-05-15,577000,1,-9.532062391681107,STOP,0.19471947194719472,6.099350241039626,1.4183168316831682,2.607260726072607,53.846153846153854,1.0580781366635983,KCC
002420,2025-12-22,5920,1,-4.898648648648651,STOP,0.047648136835675016,3.3232675668486853,0.6753207086133171,2.028100183262065,48.596112311015126,0.3585615688317223,세기상사
002710,2025-10-20,18850,10,-2.652519893899208,TIMEOUT,3.0773234200743493,-0.25039922140016374,-0.11524163568773234,0.29739776951672864,67.31078904991949,0.156984437440055,TCC스틸
002710,2026-04-07,13900,10,31.294964028776985,TIMEOUT,0.33127147766323023,-3.718141588061541,-0.5065292096219931,2.2268041237113403,49.09090909090909,1.182249629661573,TCC스틸
002720,2026-03-05,4990,10,-1.1022044088176308,TIMEOUT,1.4105263157894736,2.548039159338652,0.5526315789473685,2.0210526315789474,65.18518518518519,0.257171174737591,국제약품
002760,2026-02-20,1259,4,-1.9062748212867353,STOP,0.2087759815242486,7.2813568107819,1.1515011547344118,2.4757505773672057,45.87458745874588,0.39414092627825986,보락
002780,2026-04-07,951,4,7.2555205047318605,STOP,0.38578978273634784,8.626999186771496,1.1479741632413387,3.499706400469759,60.6060606060606,1.4849522825666377,진흥기업
002780,2026-04-16,1073,10,29.26374650512582,TIMEOUT,0.9782330345710625,11.9638374908372,1.4423815620998717,2.2535211267605635,68.75,0.13087056979634729,진흥기업
002790,2025-09-15,27800,1,-2.517985611510787,STOP,1.0987654320987654,-0.2575083270355794,-1.037037037037037,0.1646090534979424,65.21739130434783,0.9102582866509819,아모레퍼시픽홀딩스
002790,2025-09-17,27550,3,-1.4519056261342977,STOP,0.6708333333333333,-1.0464045539526188,-0.65,0.5833333333333334,51.94805194805195,0.6244962938711164,아모레퍼시픽홀딩스
002790,2026-01-05,28250,1,-4.424778761061942,STOP,0.9281437125748503,0.547343682355124,-0.9101796407185628,1.4970059880239521,60.150375939849624,1.028688210009211,아모레퍼시픽홀딩스
002790,2026-01-27,28850,10,21.490467937608315,TIMEOUT,1.8870967741935485,1.1940022213994816,-0.25806451612903225,0.783410138248848,73.72881355932203,0.6827809774915444,아모레퍼시픽홀딩스
002790,2026-03-27,29350,5,-7.155025553662686,STOP,1.307426597582038,-0.25463699759831854,-2.1658031088082903,2.3488773747841107,69.49152542372882,0.5670092776035307,아모레퍼시픽홀딩스
002790,2026-04-08,27650,1,-0.7233273056057921,STOP,0.043933054393305436,0.4212789447688734,-0.20711297071129708,1.506276150627615,53.04347826086957,1.665838314699916,아모레퍼시픽홀딩스
002790,2026-04-24,30100,4,-7.475083056478404,STOP,2.268292682926829,1.23582141510255,0.09024390243902439,0.04878048780487805,71.85185185185185,0.572356320534072,아모레퍼시픽홀딩스
002900,2025-09-09,6100,2,0.0,STOP,0.8072289156626506,4.0210596637452545,0.8648881239242685,3.5800344234079176,43.037974683544306,0.5521929274183074,TYM
002900,2025-09-12,6110,3,-3.109656301145658,STOP,0.6171735241502684,4.706144044233299,0.6905187835420393,3.6851520572450807,64.60176991150442,0.3553272855507832,TYM
002900,2025-10-21,6400,10,-7.03125,STOP,3.11340206185567,3.476133669571006,-0.4690721649484536,0.8762886597938144,69.71830985915493,0.056850900824274686,TYM
002900,2025-11-17,6390,4,-4.381846635367759,STOP,0.9021113243761996,4.790217470894041,0.8291746641074856,1.1516314779270633,55.74712643678161,0.22965052290672394,TYM
002900,2025-11-26,6330,1,-4.107424960505535,STOP,0.5286624203821656,2.878902838818673,0.1767515923566879,1.1464968152866242,59.00900900900901,0.6735502535348451,TYM
002900,2025-11-28,6230,4,1.605136436597121,STOP,0.15160796324655437,2.4829864176086964,0.0995405819295559,1.4088820826952526,50.69767441860465,0.7410706627794306,TYM
002900,2025-12-09,6330,1,-1.1058451816745696,STOP,0.04421768707482993,2.546674939364882,0.5391156462585034,1.2585034013605443,52.97029702970297,0.645429237999707,TYM
002900,2025-12-11,6330,3,-0.3159557661927326,STOP,0.12126537785588752,2.1527407448988134,0.45342706502636204,1.3005272407732864,56.54761904761905,0.6164267450164078,TYM
002900,2025-12-18,6400,3,-0.78125,STOP,0.26324786324786326,2.251459537975916,0.13675213675213677,1.1282051282051282,55.4140127388535,0.9787928426039354,TYM
002900,2026-01-05,6590,3,-3.793626707132014,STOP,0.8290258449304175,2.8014683558278874,0.23260437375745527,0.5566600397614314,55.603448275862064,0.8241449401401957,TYM
002900,2026-01-12,6490,1,-2.6194144838212585,STOP,0.14215686274509803,3.7060456932339823,0.24183006535947713,2.4836601307189543,51.77865612648221,0.2941713676020313,TYM
002900,2026-01-29,7310,10,8.618331053351568,TIMEOUT,2.831814415907208,2.787898415782802,0.2087821043910522,0.2651201325600663,72.42990654205607,0.05989365397766344,TYM
002900,2026-03-27,6830,1,-2.6354319180087793,STOP,0.1700960219478738,1.9544376358964313,-1.4732510288065843,2.7983539094650207,59.32203389830508,1.1410682215169632,TYM
002900,2026-04-14,7110,10,9.704641350210963,TIMEOUT,1.2169811320754718,1.7933056437820623,0.30754716981132074,0.5283018867924528,54.385964912280706,0.36404607338924005,TYM
002960,2026-04-14,501000,8,-1.6966067864271461,STOP,0.7729805013927576,2.638493934703566,-0.9080779944289693,2.1727019498607243,62.43654822335026,0.6656615821213197,한국쉘석유
002960,2026-04-27,493500,4,0.4052684903748771,STOP,0.0033500837520938024,4.006507669753638,0.3065326633165829,1.306532663316583,50.63291139240506,1.175348735832607,한국쉘석유
002960,2026-05-20,559000,5,-10.375670840787121,STOP,3.6894502228826154,3.7410771662295708,-0.007429420505200594,0.7726597325408618,71.58273381294964,0.33832758933430074,한국쉘석유
002960,2026-06-05,502000,1,-3.0876494023904355,STOP,0.11557177615571776,1.6816581931951426,0.13138686131386862,3.40632603406326,55.49132947976879,4.386029411764706,한국쉘석유
002990,2026-03-23,5210,6,-11.228406909788868,STOP,0.8940092165898618,7.476525128447411,0.24270353302611367,1.6589861751152073,54.58452722063038,0.2602184893709372,금호건설
003000,2025-11-11,3745,5,-0.9345794392523366,STOP,0.36811023622047245,2.66938481832354,0.75,1.220472440944882,58.38509316770186,1.1571048762696672,부광약품
003000,2025-11-20,3870,1,-2.7131782945736482,STOP,0.5884353741496599,3.9852380838265997,0.7959183673469388,1.1564625850340136,58.62068965517242,0.7397722785168351,부광약품
003000,2025-11-25,3830,10,4.177545691906004,TIMEOUT,0.31497418244406195,4.0130591235135755,0.5920826161790017,1.4457831325301205,51.58371040723981,0.6134525663832137,부광약품
003000,2025-12-15,3920,1,-1.2755102040816313,STOP,0.11324376199616124,4.424532888796278,0.5374280230326296,1.4971209213051824,58.33333333333333,1.2682153867803556,부광약품
003000,2026-01-22,3850,7,0.12987012987013546,STOP,0.43174962292609353,1.7394759497582795,-0.4675716440422323,2.1266968325791855,51.04166666666667,0.3204870587977572,부광약품
003000,2026-02-09,4235,10,24.675324675324674,TIMEOUT,1.8106107341147442,1.9642545009613666,0.823565700185071,1.1412708204811846,67.89473684210526,0.4458405317967199,부광약품
003000,2026-03-11,5360,1,7.649253731343286,T_star,0.849,9.044621565299595,1.1155,1.78,60.09345794392523,1.1103507449164656,부광약품
003000,2026-04-10,7540,1,4.376657824933683,T_star,0.0505173463177115,28.48107405467279,1.5827754108338405,2.8606208155812536,58.992805755395686,2.146850869360994,부광약품
003070,2026-04-10,11800,3,5.508474576271194,T_star,0.9824458747805734,6.350333854240659,0.8408425980105325,0.9128145114101814,55.231560891938244,1.1414219112659947,코오롱글로벌
003070,2026-04-23,11540,5,-0.7798960138648225,STOP,0.03641975308641975,8.957095824551011,0.7728395061728395,2.506172839506173,50.0,0.5891995180287,코오롱글로벌
003090,2026-01-26,23150,10,9.071274298056164,TIMEOUT,1.88909426987061,-0.13412114401712005,-1.3160813308687616,0.6654343807763401,63.63636363636363,0.47181601784342025,대웅
003090,2026-03-27,24850,2,-6.237424547283698,STOP,0.596252129471891,0.05240357741755171,-1.1260647359454856,2.2146507666098807,63.81909547738693,0.41894455516178436,대웅
003090,2026-04-01,24800,1,-8.064516129032262,STOP,0.7172284644194756,0.19868242183415244,-1.1348314606741574,0.8239700374531835,53.2994923857868,0.6420471897545323,대웅
003090,2026-04-24,23050,3,-1.5184381778741818,STOP,0.049315068493150684,1.5817591396347637,-0.5178082191780822,2.0821917808219177,54.285714285714285,0.7775357251483728,대웅
003160,2025-11-07,23250,1,-2.1505376344086002,STOP,0.07884057971014492,21.14043245756801,1.5649855072463768,1.228985507246377,54.35897435897436,1.3481991999880611,디아이
003160,2025-11-11,23900,2,10.460251046025103,T_star,0.3339540657976412,21.412558618323228,1.3641216635630042,0.9931719428926132,47.77070063694267,0.7822597869290608,디아이
003160,2026-01-05,24950,10,17.835671342685377,TIMEOUT,3.2043458159963016,10.318634865865937,-0.050855293573740176,0.5547850208044383,70.08712487899322,0.23003901399395857,디아이
003160,2026-01-30,34450,4,-11.465892597968075,STOP,1.494273127753304,11.34355905839975,1.7982378854625551,2.555066079295154,66.47230320699708,0.8698742474021054,디아이
003160,2026-02-12,35650,9,-8.695652173913048,STOP,1.151023890784983,11.89767995240928,0.8822525597269625,2.0648464163822524,62.56410256410256,1.414778393278959,디아이
003160,2026-02-26,36600,2,-11.065573770491799,STOP,0.691358024691358,14.95967630948776,1.1119929453262787,1.7989417989417988,58.85416666666666,0.7092969731001237,디아이
003160,2026-03-06,35500,1,-12.253521126760559,STOP,0.39844425237683667,14.79276178071359,0.49870354364736386,1.0025929127052722,47.83464566929134,1.3338153889126902,디아이
003160,2026-03-20,38750,5,-10.967741935483865,STOP,1.4063573883161513,16.394528491710883,0.10652920962199312,0.0859106529209622,54.12293853073463,0.5704804888790307,디아이
003160,2026-04-21,31900,10,8.463949843260199,TIMEOUT,0.3778538812785388,4.891577084598924,-0.954337899543379,3.0821917808219177,56.147540983606554,0.4248813785809041,디아이
003230,2025-11-13,1368000,8,-4.1666666666666625,STOP,0.95878889823381,-2.087917073060096,-1.174936921783011,0.7064760302775441,60.18957345971564,0.5184422230413948,삼양식품
003230,2026-05-08,1360000,1,-3.0147058823529416,STOP,0.7588373919874313,3.6775652771415346,0.7989002356637863,0.769835035349568,48.717948717948715,1.9107037378625684,삼양식품
003230,2026-05-18,1366000,3,-3.4407027818448066,STOP,0.35470668485675305,4.887972117504808,0.6937244201909959,1.6098226466575716,54.51327433628319,1.214348653602143,삼양식품
003240,2025-09-17,900000,5,-4.222222222222227,STOP,0.6327800829875518,-4.381641275124816,-1.3941908713692945,2.240663900414938,54.5945945945946,0.41260144864298803,태광산업
003240,2026-04-16,1291000,10,-7.823392718822619,STOP,1.5981767180925666,14.878789474608114,0.22230014025245443,0.4067321178120617,62.17948717948718,0.23629453681710214,태광산업
003280,2025-09-16,1676,3,-1.5513126491646823,STOP,0.44292237442922233,-2.494159424352865,-1.0365296803652955,1.430745814307458,56.98924731182796,0.9488779581184557,흥아해운
003350,2025-09-12,11960,1,-2.341137123745818,STOP,0.28157894736842104,4.690610125486802,-1.4710526315789474,1.894736842105263,59.25925925925925,0.45690156799155873,한국화장품제조
003350,2025-09-18,11980,3,-2.003338898163609,STOP,0.5582655826558266,3.3978164011900236,-1.0867208672086721,0.975609756097561,61.111111111111114,0.7914056478864889,한국화장품제조
003460,2026-03-12,3735,2,-2.2757697456492587,STOP,0.3114754098360656,9.8205546492659,1.0794451450189155,3.039092055485498,45.29058116232465,0.06134090390105611,유화증권
003470,2025-09-12,3750,8,-4.400000000000004,STOP,2.5902484763244256,0.7807712385664636,-0.236755743084857,0.9376465072667604,68.125,0.34372789387146424,유안타증권
003470,2025-11-10,3910,1,-1.7902813299232712,STOP,0.7816901408450704,-0.6105726672265434,0.4964788732394366,0.4225352112676056,53.846153846153854,2.3173726013852245,유안타증권
003470,2025-11-13,3960,1,-2.651515151515149,STOP,0.9345132743362832,0.8802292263610315,0.47079646017699117,0.35398230088495575,58.17307692307692,1.2955017398082063,유안타증권
003470,2025-12-12,3840,2,-2.994791666666663,STOP,1.1853932584269662,2.366259812151195,-0.45786516853932585,0.5617977528089888,66.05504587155963,1.1139473707311507,유안타증권
003470,2025-12-23,3810,3,-2.887139107611547,STOP,0.8471760797342193,1.4002832033444925,-0.23255813953488372,1.06312292358804,48.69565217391304,1.157042215416581,유안타증권
003470,2026-01-06,3935,3,-5.717916137229984,STOP,2.169054441260745,0.6092138029171154,0.20630372492836677,0.05730659025787966,56.375838926174495,0.5589426900754393,유안타증권
003470,2026-01-14,3845,10,7.412223667100126,TIMEOUT,0.9182058047493403,0.4122249063628909,0.0633245382585752,1.9525065963060686,51.78571428571429,0.7473017930192675,유안타증권
003470,2026-03-25,5100,1,-3.627450980392155,STOP,0.36132983377077865,10.320240949044194,0.08136482939632546,2.5196850393700787,60.28368794326241,0.3309824883852666,유안타증권
003470,2026-03-27,5000,1,-7.199999999999996,STOP,0.14843006660323502,9.781246209211119,-0.28353948620361563,1.3320647002854424,58.867924528301884,0.3131554043882959,유안타증권
003470,2026-04-17,4980,10,21.084337349397586,TIMEOUT,0.7926421404682275,7.681729990393121,-0.3879598662207358,0.802675585284281,58.45771144278607,0.3849379961919202,유안타증권
003490,2026-02-04,23750,2,-1.0526315789473717,STOP,0.5735294117647058,1.6917929245460355,0.7132352941176471,1.911764705882353,57.28155339805825,1.8519206758156583,대한항공
003490,2026-02-13,24800,9,-6.451612903225811,STOP,1.0357142857142858,2.843744138060407,0.9707792207792207,1.103896103896104,60.0,0.7140139320786189,대한항공
003490,2026-03-26,24950,2,-2.4048096192384794,STOP,0.0034542314335060447,3.855654602083557,-0.22279792746113988,2.7288428324697755,51.83673469387756,0.36364596488995177,대한항공
003490,2026-04-01,24700,1,-6.072874493927127,STOP,0.06779661016949153,3.058806888503847,-0.5103578154425612,1.2429378531073447,52.073732718894014,0.7515587697873529,대한항공
003490,2026-04-17,25050,7,-2.7944111776447067,STOP,0.6593673965936739,2.352288103250876,-0.0948905109489051,0.9732360097323601,53.88888888888889,0.555270300960084,대한항공
003490,2026-05-07,26350,3,-5.692599620493355,STOP,1.9015873015873015,2.04417051874679,0.5142857142857142,1.1428571428571428,63.716814159292035,0.7257254880388918,대한항공
003490,2026-05-13,25750,5,-3.689320388349515,STOP,0.7167630057803468,1.816326530612245,0.8236994219653179,1.8497109826589595,50.89820359281437,0.5516150298225255,대한항공
003490,2026-05-22,26800,5,-3.731343283582089,STOP,1.1014176663031625,1.630250963945077,0.5059978189749182,0.4798255179934569,59.183673469387756,0.643107334187225,대한항공
003490,2026-05-28,27000,2,-4.444444444444439,STOP,0.8763600395647874,1.1986763911399194,0.6033630069238378,1.1078140454995054,52.765957446808514,0.3207302226027865,대한항공
003530,2025-09-05,5540,1,3.2490974729241895,STOP,0.10752688172043011,5.7884518587761615,-0.5763440860215053,1.5913978494623655,54.198473282442755,0.5584293474729727,한화투자증권
003530,2025-09-09,6020,10,-3.322259136212624,TIMEOUT,1.987603305785124,4.5423497267759565,-0.2727272727272727,0.3305785123966942,72.12121212121212,0.30996181017411556,한화투자증권
003530,2026-04-17,7550,10,8.476821192052974,TIMEOUT,1.0919097413318657,11.812719344889928,-0.2542652724270776,0.41827187671986793,58.585858585858595,0.46383907078201203,한화투자증권
003540,2025-10-22,28200,10,-1.4184397163120588,STOP,1.2212885154061626,-0.39347948285553686,-0.5406162464985994,0.8403361344537815,63.57615894039735,0.9435475365399711,대신증권
003540,2025-11-10,28800,1,-2.083333333333337,STOP,0.49075975359342916,1.561820778736886,0.8254620123203286,1.3141683778234086,55.33333333333333,0.6631645478146541,대신증권
003540,2025-11-12,30150,4,-9.121061359867333,STOP,1.273764258555133,2.690036554503702,0.8688212927756654,0.19011406844106463,59.69387755102041,0.5423596635176889,대신증권
003540,2025-12-12,28450,3,-4.393673110720564,STOP,1.1031746031746033,0.7931942720474794,-0.6296296296296297,1.0582010582010581,65.35433070866142,0.6729043819950181,대신증권
003540,2025-12-26,27550,1,-0.5444646098003658,STOP,0.03225806451612903,-0.3597337969902273,0.12258064516129032,1.5483870967741935,42.99065420560748,0.4757704644879704,대신증권
003540,2026-03-11,40550,1,-1.602959309494456,STOP,0.0273109243697479,15.141908664054778,1.526610644257703,3.0392156862745097,48.6088379705401,1.4454994323706267,대신증권
003540,2026-04-17,39100,9,-2.941176470588236,STOP,0.9593984962406015,10.49546752762947,-0.5849624060150376,0.6917293233082706,62.096774193548384,0.4597037490795107,대신증권
003540,2026-05-04,39950,5,-8.1351689612015,STOP,1.3181818181818181,9.940357852882704,0.7024793388429752,0.6611570247933884,69.56521739130434,1.1559593897396454,대신증권
003545,2025-09-23,21100,1,-0.7109004739336511,STOP,0.11494252873563218,2.5173070050778232,1.4126436781609195,1.6091954022988506,50.0,1.8818355536355746,대신증권우
003545,2025-10-22,21300,9,-2.1126760563380254,STOP,1.0,-0.15367352912479265,-0.3817204301075269,0.967741935483871,57.57575757575758,1.0445343806588685,대신증권우
003545,2025-11-10,21750,1,-1.6091954022988464,STOP,1.1555555555555554,1.3618756039922364,0.4266666666666667,0.08888888888888889,56.71641791044777,1.5587497220545725,대신증권우
003545,2025-11-17,21500,1,-1.8604651162790753,STOP,0.3067226890756303,2.5487684487920967,0.5504201680672269,1.596638655462185,52.631578947368425,1.2493599509596227,대신증권우
003545,2025-12-12,21250,1,-1.4117647058823568,STOP,0.615819209039548,0.5648232238739442,-0.2598870056497175,1.807909604519774,64.86486486486487,0.7985424878871855,대신증권우
003545,2025-12-16,21000,1,-0.4761904761904745,STOP,0.1375,0.2757842365863099,-0.33125,1.0,58.97435897435897,0.906794038370065,대신증권우
003545,2025-12-18,20950,1,-0.9546539379474916,STOP,0.0379746835443038,0.04362828699481004,-0.44936708860759494,1.139240506329114,56.41025641025641,1.8317485231432458,대신증권우
003545,2025-12-22,20950,4,0.9546539379474916,STOP,0.041379310344827586,-0.11093502377178505,-0.5103448275862069,1.2413793103448276,48.71794871794872,1.770695020504901,대신증권우
003545,2026-01-20,21650,10,5.773672055427248,TIMEOUT,1.9291338582677164,0.31715826197273017,-0.007874015748031496,0.6299212598425197,62.50000000000001,0.5221432924981911,대신증권우
003545,2026-03-11,26350,1,0.189753320683117,STOP,0.028662420382165606,8.103778376899928,1.2117834394904459,2.6751592356687897,47.26027397260274,1.3904943091037867,대신증권우
003545,2026-03-25,27100,1,-7.380073800738007,STOP,0.5082872928176796,8.414239482200642,0.19447513812154696,1.5469613259668509,60.37735849056604,0.5889761350931079,대신증권우
003545,2026-04-21,24800,5,-3.0241935483870996,STOP,0.6275115919629057,4.489838602851477,-1.304482225656878,2.8438948995363216,55.357142857142854,0.6307821698906644,대신증권우
003550,2025-09-05,75600,10,-0.3968253968253954,STOP,0.9368770764119602,1.4034707158351538,-1.2059800664451827,1.1295681063122924,64.77272727272728,0.5314568045052946,LG
003550,2025-12-10,82500,6,-1.8181818181818188,STOP,0.5845824411134903,2.944379110588434,-0.33190578158458245,1.6702355460385439,55.900621118012424,0.9278853454676708,LG
003550,2025-12-22,82800,3,-1.5700483091787398,STOP,0.44222222222222224,2.6915558610615986,0.2222222222222222,1.6444444444444444,57.4468085106383,0.7554436028854461,LG
003550,2026-01-16,87500,10,4.800000000000004,TIMEOUT,2.3112582781456954,3.5312427703114753,-0.11699779249448124,2.163355408388521,63.42857142857143,0.49557539310957127,LG
003550,2026-02-10,92900,10,15.931108719052745,TIMEOUT,0.7865771812080536,3.4036815330868144,1.359731543624161,0.5906040268456376,58.62068965517242,0.7968078936466689,LG
003550,2026-04-14,91400,10,7.4398249452954035,TIMEOUT,0.6240506329113924,2.5593809869240873,-0.3658227848101266,1.0379746835443038,54.276315789473685,0.6460554174902955,LG
003550,2026-06-01,165800,4,-31.30277442702051,STOP,3.4564559216384683,7.619388943643049,0.983793410507569,1.431878895814782,66.41427798810167,0.32051460921528985,LG
003555,2026-05-21,77000,3,-4.545454545454541,STOP,0.7915309446254072,0.738391631561509,0.7904451682953312,4.712269272529859,55.84415584415584,0.4589353375502805,LG우
003555,2026-05-29,82100,3,-7.429963459196099,STOP,1.288713910761155,0.6017816527672409,0.6194225721784777,2.904636920384952,57.80445969125215,0.4539945665435734,LG우
003570,2025-09-12,62600,2,5.7507987220447365,STOP,0.5364891518737672,8.927731746469286,0.7245233399079553,1.2360289283366206,49.65986394557823,0.9774984151826444,SNT다이내믹스
003570,2025-09-19,71300,10,-3.9270687237026647,TIMEOUT,2.176656151419558,7.69485433219826,0.9110410094637224,0.555205047318612,61.81818181818182,0.25268696680389735,SNT다이내믹스
003570,2026-04-08,50700,2,11.045364891518727,T_star,0.2502120441051739,1.5371059330330918,-0.3469041560644614,1.3231552162849873,57.68115942028985,0.7369104274971912,SNT다이내믹스
003570,2026-04-28,55000,1,5.818181818181811,T_star,0.2863468634686347,1.209195699202475,1.0081180811808117,1.3874538745387455,60.38647342995169,1.2904358427034528,SNT다이내믹스
003620,2025-12-22,3730,3,-5.227882037533515,STOP,1.1259150805270863,2.1915862676918603,0.7847730600292826,1.6398243045387995,51.66666666666666,2.1159254974881243,KG모빌리티
003620,2026-01-23,3525,3,12.907801418439725,T_star,0.08440366972477065,0.9522670175858444,-0.41834862385321103,1.5412844036697249,49.65034965034965,0.7520825705299723,KG모빌리티
003620,2026-02-27,4045,1,-5.809641532756493,STOP,0.13653136531365315,5.452992264249442,1.1060885608856088,2.3062730627306274,60.56338028169014,0.7277433124993145,KG모빌리티
003620,2026-04-13,3800,1,6.315789473684208,T_star,2.199248120300752,-0.5854141805327351,0.016917293233082706,0.7518796992481203,63.5,0.6326033564839372,KG모빌리티
003670,2025-09-24,138400,10,25.867052023121385,TIMEOUT,0.40298507462686567,3.3690120988922594,-1.7453358208955223,3.171641791044776,55.1948051948052,0.291234109365782,포스코퓨처엠
003670,2025-12-08,220500,8,-11.337868480725621,STOP,1.5748987854251013,11.304879148177456,-0.6776315789473685,0.30364372469635625,65.74500768049155,0.37371792169080165,포스코퓨처엠
003670,2026-01-21,200500,1,8.229426433915222,T_star,1.0923566878980893,3.6784038550957536,-1.2181528662420382,1.4331210191082802,57.89473684210526,0.6990084431259125,포스코퓨처엠
003670,2026-02-11,218500,5,3.203661327231111,STOP,0.04422032583397983,0.15093727176823823,1.5880527540729248,2.0946470131885184,50.79365079365079,2.759863310719435,포스코퓨처엠
003670,2026-04-02,213000,10,4.929577464788726,TIMEOUT,0.7900313971742543,-0.37710543962763726,-0.9917582417582418,1.3343799058084773,63.864491844416555,0.341348981722095,포스코퓨처엠
003690,2025-09-05,10910,8,-0.7332722273143855,STOP,0.459915611814346,5.156685808039365,0.37763713080168776,0.8438818565400844,58.407079646017706,0.7333052754629549,코리안리
003690,2025-09-22,11210,3,-2.3193577163247103,STOP,0.9464285714285714,3.271665661790366,0.6527777777777778,0.5952380952380952,54.696132596685075,0.6685479689022198,코리안리
003690,2025-09-29,11090,1,-1.7132551848512145,STOP,0.13926499032882012,2.854047944237743,0.7021276595744681,1.0444874274661509,48.768472906403936,1.8468097153102592,코리안리
003690,2025-11-10,11980,9,-7.095158597662776,STOP,3.5483870967741935,-0.062582998794138,-0.1870967741935484,0.4838709677419355,74.27385892116183,0.7012306078233224,코리안리
003690,2025-11-26,11410,3,1.6652059596844904,STOP,0.6062874251497006,1.587958492359094,0.7290419161676647,2.155688622754491,55.10948905109489,2.7515446837783544,코리안리
003690,2025-12-11,11440,10,-0.08741258741258306,STOP,0.15308151093439365,1.6817081893862256,0.6083499005964215,1.510934393638171,62.015503875968996,0.26769589739749405,코리안리
003690,2025-12-30,11540,5,-1.2998266897746968,STOP,0.08964143426294821,1.394278494720693,0.4442231075697211,1.5537848605577689,59.375,0.5204542528150278,코리안리
003690,2026-02-02,11470,10,19.877942458587626,TIMEOUT,0.6169296987087518,1.3510513932255002,-0.38880918220946914,2.1807747489239597,69.31818181818181,0.8773097294029542,코리안리
003690,2026-03-27,13330,2,-8.17704426106527,STOP,0.2960222016651249,4.599733389461873,-0.5550416281221091,1.942645698427382,61.25356125356126,1.2675853511745618,코리안리
003690,2026-04-27,12290,4,-0.9764035801464566,STOP,0.31634679020516215,2.399239950757363,-1.2998014559894109,1.5618795499669094,54.26829268292683,0.4400078115332261,코리안리
003690,2026-05-19,14210,7,-9.570724841660805,STOP,3.6076076076076076,0.9441675238019933,0.4144144144144144,1.4214214214214214,70.16806722689076,0.9207873523938247,코리안리
003720,2025-09-19,5130,1,-2.5341130604288553,STOP,0.019146084625694046,9.255508500583073,1.3143787095538964,3.331418724870764,50.63291139240506,0.6679394490828142,삼영
003720,2025-11-10,5650,4,7.2566371681416,T_star,2.3995695839311333,5.3691877152698115,0.11047345767575323,0.8321377331420373,65.9090909090909,0.4915694436344779,삼영
003720,2026-02-02,5750,2,13.56521739130434,T_star,0.21404109589041095,5.134405181068732,-0.9537671232876712,2.191780821917808,56.287425149700596,0.3955132692399691,삼영
003720,2026-03-27,7620,1,-4.986876640419946,STOP,0.6391263057929725,2.0208391149683376,-0.7549857549857549,0.7027540360873694,58.46560846560846,0.6216419147068339,삼영
003720,2026-04-08,7390,1,-2.4357239512855178,STOP,0.2711518858307849,4.414403032217313,-0.10295616717635066,1.202854230377166,51.99115044247788,1.2222275611475932,삼영
003720,2026-04-14,8130,10,36.777367773677724,TIMEOUT,1.57421875,6.112789526686812,0.1357421875,0.5078125,58.51528384279476,0.5845477954805535,삼영
003850,2025-11-13,8860,1,-1.241534988713322,STOP,0.566350710900474,1.035944121801915,0.7274881516587678,1.0900473933649288,61.37931034482759,1.0827151813781601,보령
003850,2025-12-04,9040,10,0.4424778761061843,TIMEOUT,1.4285714285714286,1.36201554919039,-0.27346938775510204,0.7755102040816326,58.01104972375691,0.820388566160626,보령
003850,2025-12-24,9150,1,-1.4207650273224015,STOP,0.10245901639344263,2.1380846325167036,1.4569672131147542,1.7622950819672132,54.198473282442755,0.47388615766808717,보령
003850,2026-01-02,9350,3,-2.032085561497321,STOP,0.7313725490196078,2.023823291314907,1.1686274509803922,0.9019607843137255,55.48387096774194,0.6811753291916448,보령
003850,2026-01-29,9280,10,3.0172413793103425,TIMEOUT,1.020979020979021,1.4148177570977254,-0.2395104895104895,0.6993006993006993,61.92893401015229,0.3735966930755134,보령
003850,2026-02-13,9460,9,-7.505285412262152,STOP,0.4517766497461929,1.927873525495572,0.7588832487309645,2.3604060913705585,51.171875,0.7316503619571567,보령
003850,2026-04-08,9730,1,-0.5138746145940343,STOP,1.0843881856540085,0.5765133475372788,-0.28973277074542897,0.4781997187060478,56.231884057971016,0.3560739894734769,보령
003850,2026-04-13,9570,10,4.28422152560084,TIMEOUT,0.5623188405797102,0.9332928072088823,0.034782608695652174,0.9855072463768116,57.14285714285714,0.4634077690153084,보령
003850,2026-05-04,10010,1,-2.4975024975025018,STOP,0.4062992125984252,3.261121511990735,1.1228346456692913,1.2913385826771653,61.458333333333336,1.2051787876167417,보령
004000,2025-09-03,43400,10,5.414746543778803,TIMEOUT,1.1583969465648856,4.2862902370191245,-0.009541984732824428,0.4198473282442748,57.14285714285714,0.4598833203178832,롯데정밀화학
004000,2025-10-27,48300,3,-3.6231884057971064,STOP,0.9826589595375722,4.442621029187668,0.15606936416184972,0.7707129094412332,63.888888888888886,0.9192601967439452,롯데정밀화학
004000,2025-11-06,46950,1,-7.241746538871141,STOP,0.13167259786476868,3.7752464822437117,-0.21530249110320285,1.8149466192170818,49.735449735449734,1.348370981873194,롯데정밀화학
004000,2025-12-09,47850,7,-3.1347962382445194,STOP,1.0243055555555556,2.895216358984731,0.2465277777777778,0.625,58.82352941176471,0.3339064728343378,롯데정밀화학
004000,2025-12-22,47150,2,-1.2725344644750836,STOP,0.4449152542372881,1.2449334105384955,0.3326271186440678,1.0593220338983051,53.84615384615384,0.6746924020827115,롯데정밀화학
004000,2026-03-18,54700,8,-8.775137111517372,STOP,1.723931623931624,2.39382378997992,0.3188034188034188,0.06837606837606838,56.34615384615385,0.33917634752490267,롯데정밀화학
004000,2026-04-16,54100,10,28.280961182994456,TIMEOUT,1.4700413223140496,4.107441655658305,-0.04855371900826446,1.1570247933884297,57.14285714285714,0.1873437034759374,롯데정밀화학
004020,2025-09-09,36000,10,0.4166666666666652,TIMEOUT,2.84160756501182,6.022081851478313,-0.508274231678487,0.28368794326241137,72.95597484276729,0.5015728354703028,현대제철
004020,2025-10-29,34050,1,-1.7621145374449365,STOP,0.3010752688172043,-1.532271665020358,-1.4050179211469533,2.2461170848267624,56.589147286821714,0.928605021019641,현대제철
004020,2026-02-23,37050,6,-8.906882591093112,STOP,2.1991924629878867,1.0961033392292399,0.7913862718707941,1.749663526244953,67.40506329113924,0.4209627174446233,현대제철
004020,2026-03-12,37850,1,-2.245706737120212,STOP,0.3041907514450867,6.539619395763909,1.01878612716763,3.6271676300578033,53.865979381443296,0.4486414582808228,현대제철
004020,2026-04-10,40400,10,5.198019801980203,TIMEOUT,2.3283950617283953,5.118466723678261,-0.6358024691358025,0.19753086419753085,69.93243243243244,0.451355948544301,현대제철
004020,2026-05-14,45950,3,-15.995647442872684,STOP,1.5079840319361277,9.714339990026847,1.3323353293413174,0.7385229540918163,67.15542521994135,0.4536016468105567,현대제철
004060,2025-12-12,3620,7,-7.458563535911599,STOP,1.0869565217391304,1.7311447722594557,0.7412008281573499,2.070393374741201,59.055118110236215,0.4049603152271585,SG세계물산
004090,2026-02-02,14400,1,-1.2499999999999956,STOP,0.1436893203883495,0.5402517216813152,0.4349514563106796,3.1067961165048543,50.67437379576108,0.2813798204374094,한국석유
004090,2026-02-04,14630,10,30.075187969924812,TIMEOUT,0.5265748031496063,0.7019669327251996,0.4891732283464567,2.6968503937007875,48.399246704331446,0.3095951671849604,한국석유
004090,2026-02-13,15190,10,85.31928900592496,TIMEOUT,0.9210963455149501,1.3279630397441258,0.5390365448504983,1.495016611295681,56.6412213740458,0.6347523885972838,한국석유
004100,2026-02-09,2330,10,29.828326180257502,TIMEOUT,0.24742268041237114,2.6919096964132136,0.5381443298969072,1.6494845360824741,55.08474576271186,0.47999718674610575,태양금속
004100,2026-03-12,3015,1,3.6484245439469376,T_star,1.3696236559139785,5.187105020237166,1.3333333333333333,0.9139784946236559,59.27051671732523,1.1539675934476206,태양금속
004100,2026-04-15,3300,10,1.5151515151515138,TIMEOUT,1.2654232424677188,10.512649800266304,0.4332855093256815,1.8077474892395984,58.2375478927203,0.6292074796603631,태양금속
004100,2026-06-08,2835,1,8.112874779541457,T_star,0.19083255378858746,0.9266388033436037,-1.1524789522918615,1.7399438727782974,52.121212121212125,1.01639622233776,태양금속
004140,2025-09-10,3330,8,-8.108108108108103,STOP,1.9598988439306357,6.322757361333039,0.048771676300578035,1.6618497109826589,63.84976525821596,0.06386148948823073,동방
004140,2026-03-30,2780,3,-3.597122302158273,STOP,0.2159383033419023,0.5924550054441928,0.31362467866323906,2.2879177377892033,55.95854922279793,0.8929133101928731,동방
004140,2026-04-03,2770,1,-1.0830324909747335,STOP,0.07374631268436578,1.2758045903321056,0.2949852507374631,2.3008849557522124,50.93457943925233,0.5611872647123521,동방
004140,2026-04-16,2890,10,0.865051903114189,TIMEOUT,0.4105483967635601,3.3800468203828893,0.40155828588552595,1.6182199580461494,57.39130434782609,0.4431851600693887,동방
004140,2026-04-27,2960,5,-4.3918918918918965,STOP,0.6667815299793246,4.574830473401038,0.46691936595451417,1.3783597518952446,69.93865030674846,2.4136661853947814,동방
004150,2026-05-29,4140,2,-8.45410628019324,STOP,1.363240418118467,3.840384038403841,0.8763066202090593,1.9337979094076656,61.979166666666664,0.31883887704180885,한솔홀딩스
004150,2026-06-04,3915,1,-6.641123882503197,STOP,0.2555640828856485,4.630229890789408,0.9132770529547198,2.3944742900997698,52.64797507788162,0.39652245459592217,한솔홀딩스
004170,2025-09-05,169900,10,20.953502060035323,TIMEOUT,1.1793548387096775,-1.4378999972133721,-0.9174193548387096,2.4,63.855421686746986,0.8683774889918033,신세계
004170,2025-11-06,188700,10,23.21144674085851,TIMEOUT,2.0604444444444443,-0.6905688032019843,-1.3093333333333332,0.6933333333333334,68.61111111111111,1.2840477622197406,신세계
004170,2025-12-05,242000,10,3.305785123966931,TIMEOUT,1.6659301811754308,10.92633886390263,2.1802916482545296,1.1931064958020328,62.50000000000001,0.7973783780811069,신세계
004170,2026-01-14,282000,10,5.496453900709231,TIMEOUT,2.053742802303263,11.318233557135551,0.381957773512476,0.15355086372360843,66.497461928934,0.5166911315830546,신세계
004170,2026-04-15,345500,1,8.683068017366136,T_star,0.9663526244952894,7.815231643356631,-0.1601615074024226,0.8613728129205922,54.42176870748299,0.8541276538140469,신세계
004310,2026-02-05,13090,3,-3.8961038961038974,T_star,1.291490857946554,50.08486704163479,1.169127988748242,1.4838255977496484,49.37185929648241,0.22836967621000467,현대약품
004310,2026-02-13,14340,7,-16.875871687587175,STOP,1.2952978056426332,51.15830692891732,1.031347962382445,1.0156739811912225,66.4259927797834,0.1256804510616746,현대약품
004370,2025-11-10,434500,1,-1.8411967779056404,STOP,0.2154566744730679,3.0169227388064126,-0.48711943793911006,1.17096018735363,52.50000000000001,1.1735184085920567,농심
004370,2025-11-17,462000,6,-4.43722943722944,STOP,2.2465483234714005,3.845924037523158,-0.08875739644970414,0.9467455621301775,59.05511811023622,0.4189513208902088,농심
004410,2026-03-12,210,2,-5.714285714285716,STOP,0.38662790697674454,10.296918767507,0.9883720930232559,2.122093023255814,55.07246376811594,0.9418475875479428,서울식품
004490,2025-12-19,66400,2,-1.3554216867469826,STOP,0.4456094364351245,1.4675885453919348,1.693315858453473,1.1009174311926606,50.52631578947368,2.3771280862822,세방전지
004490,2026-01-23,64200,6,-3.2710280373831724,STOP,0.6656716417910448,-0.7613485255390675,-0.8626865671641791,1.7313432835820894,67.6923076923077,0.6498214588130163,세방전지
004490,2026-01-30,63800,1,-2.6645768025078342,STOP,0.41324921135646686,-0.8317905660869414,-0.33753943217665616,1.1987381703470033,57.74647887323944,1.411560188989318,세방전지
004490,2026-02-03,63700,3,-1.098901098901095,STOP,0.27794561933534745,-0.5406534855172774,-0.10876132930513595,1.2084592145015105,54.73684210526316,1.566216268274361,세방전지
004490,2026-02-09,65000,10,10.153846153846157,TIMEOUT,0.7219101123595506,0.002614789247982807,0.4157303370786517,0.5056179775280899,56.488549618320604,1.223141724913177,세방전지
004560,2026-04-21,15860,10,7.81841109709962,TIMEOUT,0.5380818053596615,8.738987565637926,-1.1544428772919606,1.1001410437235544,49.57983193277311,0.9305628092032171,현대비앤지스틸
004560,2026-05-14,17000,2,-4.23529411764706,STOP,0.2118071203244705,4.763703945756054,0.853988283010365,2.1901757548445246,56.86777920410783,1.8112153902271413,현대비앤지스틸
004690,2025-09-12,133500,7,-2.322097378277155,STOP,1.4116666666666666,-0.19978227321123784,-0.9833333333333333,0.4666666666666667,57.2139303482587,0.6650893597767891,삼천리
004690,2026-03-24,150600,5,-7.70252324037185,STOP,1.1040799333888427,4.3398974229088765,-0.4870940882597835,1.0824313072439633,72.46376811594203,0.2874632801283168,삼천리
004690,2026-04-27,143300,9,-1.465457083042565,STOP,1.6169934640522876,2.9460630869251,-1.3032679738562092,0.5751633986928104,64.5985401459854,0.431877988968821,삼천리
004710,2025-11-03,6790,1,-3.9764359351988188,STOP,0.6396508728179551,1.137559087147416,0.9389027431421446,1.770573566084788,60.16949152542372,0.598352900502364,한솔테크닉스
004710,2025-11-10,6630,2,-1.0558069381598756,STOP,0.32317880794701986,1.7144427710421128,0.4278145695364238,2.3046357615894038,53.405994550408714,1.0767725113061914,한솔테크닉스
004800,2025-09-10,89500,3,5.027932960893855,T_star,1.4228769497400346,10.738224221834528,-0.06759098786828423,0.3466204506065858,70.10309278350516,0.43857755733896675,효성
004800,2025-10-16,105200,10,17.30038022813689,TIMEOUT,4.29232995658466,6.78057034377451,0.6526772793053546,0.1736613603473227,79.182156133829,0.19259608624070362,효성
004800,2025-12-10,134800,2,-2.2255192878338326,STOP,0.20822784810126582,15.903831105043206,-0.48417721518987344,2.2025316455696204,54.95867768595041,0.5448013181636217,효성
004800,2026-01-14,136900,10,10.664718772826888,TIMEOUT,2.9755409219190967,8.542863220591364,-1.1730950141110066,0.30103480714957664,70.73791348600508,0.447414496420354,효성
004800,2026-02-20,167700,6,-6.678592725104348,STOP,1.8448275862068966,4.160509554140123,0.9741379310344828,0.3793103448275862,59.59715639810426,0.4072140022201609,효성
004800,2026-04-14,152600,10,48.75491480996068,TIMEOUT,1.049056603773585,5.153773361722255,0.3460916442048518,0.6145552560646901,48.31460674157304,0.6736408078613402,효성
004960,2026-02-02,10000,1,10.499999999999998,T_star,0.15699333967649856,8.001707624916474,-0.6831588962892483,1.3510941960038059,54.697986577181204,1.7960006325715019,한신공영
004960,2026-03-23,17030,10,-12.037580739870812,TIMEOUT,2.772031443938767,11.313077358134871,0.34381464625568886,2.052130740587505,67.94625719769674,1.1793321065559077,한신공영
004960,2026-04-07,14800,1,14.999999999999991,T_star,0.08513189448441247,11.554649576911226,0.7410071942446043,3.7649880095923263,55.606617647058826,1.2630806125968401,한신공영
004980,2026-05-04,11530,3,-4.163052905464005,STOP,0.5484439224897241,5.176050902979059,1.186729301233118,4.439224897240164,61.037527593818986,0.5580565005456072,성신양회
004990,2025-10-27,30350,6,-4.283360790774305,STOP,1.3928571428571428,-2.204516020046174,-1.2270408163265305,0.9693877551020408,60.93749999999999,0.3756204413993172,롯데지주
004990,2025-11-06,30700,4,9.934853420195445,T_star,1.408450704225352,-1.0837355008043348,0.07276995305164319,0.3286384976525822,62.64367816091954,0.7580199592182317,롯데지주
004990,2025-12-24,28000,1,-1.2499999999999956,STOP,0.16287878787878787,-3.0501330967169396,-1.9924242424242424,1.7424242424242424,49.382716049382715,0.9635878767058461,롯데지주
004990,2026-04-23,28400,10,5.1056338028169,TIMEOUT,0.04960835509138381,1.2337273271964706,-1.1462140992167102,2.7676240208877285,60.57692307692308,0.8250963307230403,롯데지주
005010,2026-02-13,4290,9,-7.459207459207462,STOP,0.8215547703180212,0.42828316105918096,0.9611307420494699,2.756183745583039,64.95726495726495,0.6664988120742524,휴스틸
005010,2026-03-06,4425,1,4.067796610169494,T_star,0.5725915875169606,2.692347519933719,0.6512890094979648,1.5468113975576663,53.95894428152492,0.669643765738589,휴스틸
005010,2026-04-07,5490,2,5.2823315118397,T_star,0.5101561582716919,9.926285978267412,1.3109075965715626,2.3247622402254313,56.82656826568265,0.266876691756314,휴스틸
005010,2026-04-30,6820,5,-17.741935483870964,STOP,2.3857715430861726,11.856610800744873,0.36472945891783565,0.9619238476953907,71.1864406779661,0.1660363274563752,휴스틸
005070,2025-09-23,44050,3,-6.242905788876274,STOP,0.9389880952380952,7.340483154587808,-1.65625,2.232142857142857,60.0,0.5705039955267763,코스모신소재
005070,2025-10-17,51200,10,8.3984375,TIMEOUT,3.3434237995824634,6.2976624668435015,0.4279749478079332,0.7515657620041754,67.71844660194175,0.1305794889632968,코스모신소재
005070,2025-12-09,54900,5,-9.289617486338797,STOP,1.703125,3.5296810083796966,-0.6378676470588235,0.6985294117647058,67.82178217821783,0.2156704037001659,코스모신소재
005070,2026-01-22,47900,10,6.6805845511482165,TIMEOUT,1.6599286563614744,-1.9283472021525736,-1.4875148632580262,0.1902497027348395,66.0668380462725,0.3851194997938245,코스모신소재
005070,2026-03-30,52400,10,2.8625954198473247,TIMEOUT,0.775330396475771,-0.5683337790853218,-0.85191460521857,1.4096916299559472,53.34821428571428,0.3007604954039109,코스모신소재
005070,2026-04-15,55000,10,11.090909090909085,TIMEOUT,1.179463459759482,4.523310102171991,0.6503237742830712,0.48103607770582796,67.34693877551021,0.6636471731115504,코스모신소재
005090,2026-03-31,57600,2,-5.902777777777779,STOP,0.1384335154826958,40.910503418272214,1.0852459016393443,1.5591985428051003,51.01289134438306,0.8874875258644506,SGC에너지
005090,2026-04-24,63400,6,-11.198738170347,STOP,1.3175946547884188,31.66567898983453,-0.2717149220489978,1.3006681514476615,59.68109339407745,0.8233864988752849,SGC에너지
005090,2026-05-11,58000,1,-1.8965517241379293,STOP,0.01639344262295082,28.61572934797831,0.33847637415621984,2.449373191899711,57.638888888888886,1.726639011771189,SGC에너지
005180,2026-01-06,80000,1,-7.9999999999999964,STOP,2.314694408322497,0.4816456978235785,0.6605981794538361,0.0,65.11627906976744,0.9014262296018324,빙그레
005180,2026-01-22,76300,2,-1.834862385321101,STOP,0.31230610134436404,0.3041484960304213,0.033092037228541885,1.530506721820062,58.0952380952381,0.7351127260180922,빙그레
005180,2026-01-28,75800,2,-1.319261213720313,STOP,0.20650953984287318,0.6507883260650789,-0.051627384960718295,1.8855218855218856,61.53846153846154,0.9260643708880342,빙그레
005180,2026-02-03,75700,10,12.681638044914134,TIMEOUT,0.18617021276595744,0.8802777466681599,-0.1356382978723404,1.0638297872340425,45.16129032258065,1.2494654239264997,빙그레
005180,2026-04-16,75900,10,-1.1857707509881465,TIMEOUT,1.5336787564766838,-1.1394908840729212,-0.8316062176165803,0.15544041450777202,55.08982035928143,0.34716927579068935,빙그레
005250,2025-11-17,16330,1,-3.551745254133498,STOP,0.48906560636182905,0.20501163148894455,0.8091451292246521,1.3320079522862822,50.859106529209626,0.7046721535002034,녹십자홀딩스
005250,2026-02-04,15350,2,-2.8013029315960947,STOP,0.4143947655398037,-1.2059542047948286,-0.8844056706652127,1.2213740458015268,50.7760532150776,0.4458657565707174,녹십자홀딩스
005250,2026-02-09,15380,10,3.7061118335500742,TIMEOUT,0.5005117707267144,-1.5559006211180124,-0.3971340839303992,1.0849539406345956,56.888888888888886,1.0274300712135673,녹십자홀딩스
005300,2025-09-19,120200,1,-0.9983361064891838,STOP,0.3034934497816594,0.8787604011094476,-0.9847161572052402,1.3973799126637554,50.0,0.8641926487116514,롯데칠성
005300,2025-12-29,138900,2,-3.5277177825773887,STOP,0.8024596464258262,4.206063175747297,1.2121445042275174,2.444273635664873,59.86238532110091,1.237171212730389,롯데칠성
005300,2026-01-28,130200,10,5.683563748079878,TIMEOUT,0.2395287958115183,3.832851853358831,-0.8180628272251309,2.6178010471204187,64.55696202531645,1.067773179088781,롯데칠성
005380,2025-09-05,220000,1,-0.6818181818181834,STOP,0.3246753246753247,4.7272131952686935,0.8116883116883117,1.2987012987012987,58.13953488372093,0.925899956104668,현대차
005380,2025-09-10,220500,3,-2.4943310657596363,STOP,0.1935483870967742,4.692478831688503,0.967741935483871,1.1612903225806452,47.5,0.7298062516104923,현대차
005380,2025-10-16,242000,10,9.50413223140496,TIMEOUT,4.755784061696658,1.4692735258677654,-0.005141388174807198,0.6169665809768637,82.55813953488372,0.26336230563323393,현대차
005380,2025-11-17,271500,1,-2.5782688766114226,STOP,0.3583690987124464,8.077421321344215,1.9291845493562232,2.274678111587983,61.170212765957444,1.7299114552966415,현대차
005380,2025-12-08,315500,10,-8.399366085578453,TIMEOUT,4.930939226519337,7.461397257315625,0.22099447513812154,0.6077348066298343,82.27848101265823,0.17865863810280358,현대차
005380,2025-12-24,289000,1,-1.038062283737029,STOP,0.22325581395348837,9.324025435443742,1.1604651162790698,2.9767441860465116,53.142857142857146,1.4016398123292642,현대차
005380,2026-01-07,350500,10,56.63338088445078,TIMEOUT,4.154455445544555,10.852268896230855,1.2574257425742574,0.9108910891089109,82.02247191011236,0.09286780466618949,현대차
005380,2026-02-11,509000,1,-0.5893909626719096,STOP,0.5682788051209103,25.943602130198183,2.0995732574679944,2.3044096728307255,45.72649572649573,0.5872780200205108,현대차
005380,2026-02-24,524000,1,9.160305343511443,T_star,0.9413434247871334,24.852933239786278,1.109744560075686,0.7190160832544938,57.10059171597633,0.5121578965365163,현대차
005380,2026-04-16,534000,10,-0.5617977528089901,TIMEOUT,1.7958984375,11.607926294238071,-0.65625,0.390625,57.92682926829268,0.5141833599897837,현대차
005380,2026-06-01,750000,4,-14.800000000000002,STOP,2.026211671612265,8.209863520553055,1.3194856577645895,0.6528189910979229,62.064965197215784,1.3078923520699006,현대차
005385,2025-09-08,167000,5,-1.0179640718562921,STOP,0.3146853146853147,3.4841056292341563,1.1934731934731935,2.097902097902098,55.319148936170215,0.6412522475923053,현대차우
005385,2025-10-16,179600,10,12.47216035634744,TIMEOUT,4.598967297762479,1.5564839845990064,-0.2117039586919105,0.13769363166953527,83.78378378378379,0.4893783481427818,현대차우
005385,2025-11-17,201000,1,-2.5373134328358193,STOP,0.4346895074946467,7.053162420638122,2.1249107780157033,2.78372591006424,59.88112927191679,1.5368394490589843,현대차우
005385,2025-12-09,207500,10,-1.927710843373498,TIMEOUT,1.6944954128440366,6.017284702657439,-0.23669724770642203,1.651376146788991,61.003861003861005,0.6269968724276035,현대차우
005385,2025-12-23,203500,2,-0.9828009828009798,STOP,0.3728661275831087,6.369532679195078,0.5678346810422282,2.3360287511230906,59.83606557377049,1.7861375058358278,현대차우
005385,2025-12-29,205000,1,0.4878048780487809,STOP,0.3911917098445596,6.596025518809127,0.7029360967184801,1.9861830742659758,39.495798319327726,1.5253137196218738,현대차우
005385,2026-01-06,213500,1,7.728337236533966,T_star,1.253941908713693,7.284335182948432,1.0141078838174273,1.5767634854771784,60.273972602739725,0.337810526761316,현대차우
005385,2026-02-25,303500,4,-20.263591433278417,STOP,2.9938524590163933,10.490446256301741,0.03483606557377049,0.0,81.93548387096774,0.2749449575781837,현대차우
005385,2026-04-20,250000,10,1.0000000000000009,TIMEOUT,0.5146886016451234,2.1050579865510186,-0.963572267920094,0.9400705052878966,62.96296296296296,0.7749158654780317,현대차우
005385,2026-05-07,257500,8,-3.300970873786413,STOP,0.7861111111111111,-1.7079662843019168,0.6083333333333333,1.0,57.66423357664233,1.0157944499216136,현대차우
005387,2025-09-09,173000,4,-2.254335260115603,STOP,0.8637316561844863,4.1625309525550875,1.2641509433962264,1.1320754716981132,59.13978494623656,0.878446043419375,현대차2우B
005387,2025-10-16,180300,10,14.531336661120363,TIMEOUT,4.012389380530974,1.4407636047104966,-0.5203539823008849,0.10619469026548672,83.19327731092437,0.7391625967320545,현대차2우B
005387,2025-11-17,204500,1,-2.5427872860635747,STOP,0.5304755525787006,6.605897912426123,2.0395177494976555,2.9470864032150033,60.42857142857143,2.014325437596026,현대차2우B
005387,2025-12-09,211500,10,-1.4184397163120588,TIMEOUT,1.8102189781021898,5.729940998812501,-0.17427007299270073,1.7335766423357664,59.19439579684764,0.596983235726217,현대차2우B
005387,2025-12-23,208500,8,12.949640287769792,T_star,0.5856307435254804,6.216599411059003,0.570593149540518,2.0885547201336676,60.82089552238806,1.5817483763180313,현대차2우B
005387,2026-02-25,307500,4,-20.487804878048777,STOP,3.0306122448979593,10.350851763413454,-0.13673469387755102,0.0,77.77777777777777,0.16516903807548539,현대차2우B
005387,2026-04-21,257000,10,-0.1945525291828787,TIMEOUT,1.189695550351288,0.6136145733461169,-0.882903981264637,0.4215456674473068,59.689922480620154,0.6947071542728213,현대차2우B
005387,2026-05-07,256500,8,-1.949317738791423,STOP,0.8465753424657534,-2.6440422795847422,0.4904109589041096,0.821917808219178,60.76923076923077,0.8953585137211166,현대차2우B
005389,2025-09-09,168300,4,-2.317290552584672,STOP,0.8930817610062893,3.4827670600253247,1.411320754716981,1.3584905660377358,60.714285714285715,0.7349873619795131,현대차3우B
005389,2025-10-16,178700,10,12.479015109121438,TIMEOUT,5.181909547738694,1.5459422861890975,-0.2834170854271357,0.0,86.42533936651583,0.42432294493636535,현대차3우B
005389,2025-11-17,200500,1,-2.493765586034913,STOP,0.4229993275050437,7.010817610062888,2.003362474781439,2.42098184263618,60.25848142164782,2.2278405186842614,현대차3우B
005389,2025-12-09,206000,10,-2.1844660194174748,TIMEOUT,1.5569259962049335,5.964370183871219,-0.25901328273244784,1.4231499051233396,61.075268817204304,0.37385213676426754,현대차3우B
005389,2025-12-22,201500,5,1.7369727047146455,STOP,0.3837784371909001,6.096519721577716,0.4134520276953511,2.373887240356083,58.11965811965811,2.6970796499098384,현대차3우B
005389,2026-01-06,210500,1,7.3634204275534465,T_star,1.2078285181733457,7.001401554451295,0.9906803355079217,1.7707362534948743,61.22448979591836,0.3176386155301589,현대차3우B
005389,2026-02-25,289500,4,-20.034542314335056,STOP,2.998810939357907,9.229863862842794,-0.20689655172413793,0.1426872770511296,78.1456953642384,0.1906427502447566,현대차3우B
005389,2026-04-20,244000,10,-0.6147540983606592,TIMEOUT,0.8306451612903226,1.4176296694437058,-0.7043010752688172,0.5376344086021505,67.24137931034483,1.1217085900404191,현대차3우B
005389,2026-05-06,242500,2,7.42268041237113,T_star,0.23920265780730898,-2.128779653209617,0.5880398671096345,1.5282392026578073,59.375,1.036635408066444,현대차3우B
005420,2025-09-25,16300,1,-4.171779141104293,STOP,0.2586002372479241,3.2284794260480907,-1.501779359430605,1.3048635824436536,55.5956678700361,0.8659567147750684,코스모화학
005420,2025-10-21,19450,10,-1.0282776349614386,TIMEOUT,3.4991643454038996,1.8280450358239468,0.27799442896935933,2.33983286908078,71.00591715976331,0.13920574523134216,코스모화학
005420,2025-12-11,17370,3,-6.1024755325273405,STOP,0.5180124223602485,0.24783861671469742,-1.0006211180124223,2.3850931677018634,63.1163708086785,1.0102909711870085,코스모화학
005420,2026-03-30,15350,10,2.6058631921824116,TIMEOUT,0.6695402298850575,-3.876995589109372,-1.1666666666666667,1.4559386973180077,53.57142857142858,0.5663288302466416,코스모화학
005420,2026-04-13,15750,10,15.174603174603174,TIMEOUT,0.7914572864321608,0.2013106608986204,0.5891959798994975,1.2939698492462313,70.12987012987013,1.4689388450213017,코스모화학
005430,2026-06-11,79200,1,10.984848484848486,T_star,0.47586206896551725,6.141771179231044,1.282758620689655,2.1302681992337167,54.95867768595041,1.075748342658763,한국공항
005440,2025-09-10,8010,10,1.4981273408239737,TIMEOUT,1.5052631578947369,0.021709955001191363,-1.2666666666666666,1.0175438596491229,66.49214659685865,0.3154055572234482,현대지에프홀딩스
005440,2025-12-15,8670,8,-3.2295271049596286,STOP,1.4026186579378068,2.274575211091417,0.15220949263502456,0.7201309328968903,70.49180327868852,0.2977114558499605,현대지에프홀딩스
005440,2026-01-22,8450,10,18.698224852071,TIMEOUT,0.6528776978417267,1.0418365682596675,-0.3830935251798561,1.4028776978417266,60.91370558375634,0.5392198420605216,현대지에프홀딩스
005440,2026-04-22,15000,10,-0.8000000000000007,TIMEOUT,1.3256105197244834,16.345170352229346,-0.6017532874139011,1.9411396368190357,59.878419452887535,0.4219598156572148,현대지에프홀딩스
005440,2026-05-13,14720,2,5.502717391304346,STOP,0.09845201238390093,14.228676556934278,0.7356037151702787,2.26625386996904,44.214876033057855,1.1391108198246547,현대지에프홀딩스
005490,2025-12-12,319500,2,-3.5993740219092296,STOP,0.8213333333333334,2.5199579533509544,0.13866666666666666,1.0666666666666667,63.28124999999999,1.498194505160867,POSCO홀딩스
005490,2025-12-17,313500,1,-3.349282296650713,STOP,0.18421052631578946,2.803685329553515,0.14736842105263157,1.6842105263157894,50.427350427350426,1.3221643814920363,POSCO홀딩스
005490,2026-01-13,352500,10,1.9858156028368823,TIMEOUT,3.800443458980044,3.428936335619278,-0.05543237250554324,0.13303769401330376,72.32142857142857,0.24352610178305004,POSCO홀딩스
005490,2026-02-06,359500,10,13.07371349095967,TIMEOUT,0.2996057818659658,5.119002644503205,1.4323258869908015,1.6031537450722733,54.61538461538461,1.3804735522163216,POSCO홀딩스
005490,2026-04-06,349000,10,11.604584527220641,TIMEOUT,0.570334928229665,3.1357868637269677,-1.2267942583732057,0.9952153110047847,53.33333333333333,0.6183923183883762,POSCO홀딩스
005680,2026-04-08,15270,1,-5.042567125081865,STOP,0.2750809061488673,13.166415494113604,1.8592233009708738,1.866235167206041,48.64864864864865,0.7927477108640268,삼영전자
005680,2026-04-28,15130,1,6.609385327164574,T_star,0.25579655946148094,12.264603821201778,-0.56245325355273,1.7651458489154823,48.167539267015705,0.8694493783303731,삼영전자
005690,2025-09-11,11840,10,3.9695945945946054,TIMEOUT,1.3871268656716418,-1.4088741305565855,-1.4720149253731343,0.6716417910447762,64.70588235294119,0.27645284763274464,파미셀
005690,2025-11-20,18530,1,-11.225040474905557,STOP,0.5254123190844834,15.116375041267746,1.7425109390777516,1.5281050151464153,57.66208251473478,0.6168700465003467,파미셀
005690,2026-02-03,14330,3,-6.5596650383810235,STOP,1.1162393162393163,-3.08668295980449,-0.8264957264957264,0.9230769230769231,56.54648956356736,0.5111767325489237,파미셀
005690,2026-04-15,17900,1,8.268156424581008,T_star,1.7680115273775217,3.4023452841833626,0.3664745437079731,0.22094140249759847,57.75075987841946,0.3381895189107657,파미셀
005690,2026-05-07,19100,2,-4.397905759162302,STOP,0.5489660554038236,10.437561018904779,1.3449083105735467,1.5996878657822864,55.357142857142854,1.0834142775666515,파미셀
005800,2025-12-15,18680,7,-13.65096359743041,STOP,2.0792291220556747,2.665396296075746,0.7008259406546344,2.3065157540532275,74.44444444444444,0.04423184027031675,신영와코루
005810,2026-02-19,39900,8,-8.521303258145362,STOP,0.1864406779661017,1.0231414394238856,0.4957627118644068,2.3728813559322033,54.123711340206185,0.9133992177018575,풍산홀딩스
005810,2026-04-07,54800,10,-18.52189781021898,TIMEOUT,7.467120181405896,0.5320399136770582,-0.29138321995464855,2.766439909297052,80.51948051948052,0.036261006391408224,풍산홀딩스
005810,2026-04-23,44100,3,6.009070294784591,STOP,0.12408223201174744,4.452888186824903,1.1167400881057268,4.933920704845815,62.05287713841368,6.083517315785337,풍산홀딩스
005830,2025-11-11,141000,3,-6.099290780141842,STOP,2.0247641509433962,0.2336968617849989,-0.5247641509433962,0.660377358490566,67.03703703703704,0.9418434412531328,DB손해보험
005830,2026-04-21,170700,7,-1.8160515524311638,STOP,0.2222222222222222,9.083648368031515,-0.7498514557338086,3.3511586452762923,52.51396648044693,1.2091811890569342,DB손해보험
005830,2026-04-28,173500,2,-3.400576368876085,STOP,0.7636224098234843,8.65135716736145,-0.5848042977743668,0.5986185725249424,56.10278372591007,0.7221505593843986,DB손해보험
005850,2025-09-10,33850,10,5.317577548005903,TIMEOUT,0.3108320251177394,2.4484735781806912,0.24803767660910517,1.0047095761381475,50.98039215686275,0.8152923825644444,에스엘
005850,2025-10-22,37200,8,-4.9731182795698885,STOP,1.5410821643286574,3.1081351189286353,0.3466933867735471,0.6412825651302605,64.92537313432837,0.5895437043411964,에스엘
005850,2025-11-24,36450,10,26.74897119341564,TIMEOUT,1.0868644067796611,1.5896443261553352,-0.3029661016949153,1.9491525423728813,61.25000000000001,0.6918904169395329,에스엘
005850,2025-12-22,43600,1,-2.5229357798165153,STOP,0.4656398104265403,7.764308000095283,1.9253554502369667,2.843601895734597,58.75912408759124,1.6993330348352715,에스엘
005850,2026-01-12,44200,10,24.434389140271495,TIMEOUT,0.5097024579560155,7.469501806038302,0.04657179818887452,1.2936610608020698,57.976653696498055,0.7441363027175802,에스엘
005850,2026-02-10,54500,1,0.3669724770642091,STOP,0.007650273224043716,15.961769225911041,1.2327868852459016,3.4754098360655736,32.302405498281786,0.6351018588548826,에스엘
005850,2026-02-24,61200,1,17.97385620915033,T_star,1.6648394675019578,16.621870988446734,0.8018794048551292,0.8144087705559906,61.478599221789885,0.3845848038275077,에스엘
005850,2026-03-16,63300,3,1.8957345971563955,STOP,0.029980657640232108,16.89087377230725,0.9361702127659575,2.727272727272727,51.417004048583,0.9259162004201419,에스엘
005850,2026-04-20,61000,10,2.9508196721311553,TIMEOUT,1.031301482701812,7.827002632568626,-0.9752883031301482,0.6260296540362438,61.666666666666664,0.8849839252999872,에스엘
005850,2026-05-14,67900,3,-7.952871870397649,STOP,1.0309414088215931,5.144744456520205,1.228439763001975,0.8953258722843976,56.93950177935943,0.8115840736600393,에스엘
005850,2026-05-21,68500,1,10.656934306569333,T_star,0.7758346581875993,4.98046875,0.7143614202437731,0.59353471118177,52.60416666666667,1.287580388295221,에스엘
005870,2026-03-03,9250,1,-14.59459459459459,STOP,1.7631901840490798,3.519695316344656,0.811042944785276,1.2760736196319018,62.42424242424242,0.30277033429447664,휴니드
005870,2026-03-06,9150,1,-7.21311475409836,STOP,0.9931212381771282,3.7934127899525825,0.5107480653482374,2.287188306104901,56.140350877192986,0.5297670386245575,휴니드
005870,2026-03-16,8580,1,0.2331002331002363,STOP,0.04527712724434036,3.5487825498816448,0.13505074160811867,2.966432474629196,48.13664596273291,0.622231647241493,휴니드
005870,2026-03-18,9030,2,-3.100775193798455,STOP,0.6591080876795162,3.6821582885446227,0.1164021164021164,2.1919879062736207,53.46385542168675,0.4101359904954447,휴니드
005870,2026-03-24,8600,3,0.34883720930232176,STOP,0.012869038607115822,3.7035490605428016,0.07115821347464042,2.8463285389856168,57.91855203619909,0.5571535648249242,휴니드
005870,2026-04-03,9280,2,-8.405172413793105,STOP,1.2226379794200186,3.7885335638144704,-0.00841908325537886,0.5612722170252572,58.79396984924623,0.3186350420650241,휴니드
005870,2026-04-14,8900,10,12.35955056179776,TIMEOUT,0.38515546639919757,3.8292235581821923,0.2587763289869609,1.3039117352056169,49.425287356321846,0.33875285105856745,휴니드
005880,2025-09-11,1830,8,-5.245901639344264,STOP,1.950785340314138,2.577963786438814,-0.5476439790575935,0.2094240837696335,64.55696202531647,0.34843300040737774,대한해운
005880,2026-01-19,1807,1,6.253458771444387,T_star,0.5250836120401328,1.2704394302610862,-1.185061315496095,1.1817168338907469,62.17616580310881,0.7260588019311358,대한해운
005880,2026-03-05,2420,2,-10.950413223140497,STOP,0.8925081433224764,8.403384454609634,1.0037226617031167,3.7924616100511863,56.98447893569844,0.8852303031224094,대한해운
005880,2026-03-16,2515,1,-5.765407554671964,STOP,0.9606718557968046,8.651120091443385,0.5307251126587472,2.949610815239656,55.53145336225597,0.5228286985421077,대한해운
005880,2026-03-25,2435,2,-4.928131416837777,STOP,0.472455308281649,8.066104753022394,0.19974461875228017,2.9186428310835457,50.526315789473685,0.7807623337476629,대한해운
005880,2026-03-31,2395,1,0.8350730688935215,T_star,0.36178631995477667,7.593091454681867,0.022611644997173542,3.1656302996042958,56.99300699300699,0.6389931797850981,대한해운
005880,2026-04-08,2355,2,31.21019108280254,T_star,0.12547051442910917,8.712076792923801,0.12296110414052698,2.082810539523212,55.60747663551402,0.7486201697724006,대한해운
005880,2026-04-27,2675,3,-2.990654205607479,STOP,0.33049946865037194,12.580033765489121,0.844845908607864,3.018065887353879,59.69773299748111,0.4366517144872146,대한해운
005930,2025-09-12,75400,10,10.477453580901862,TIMEOUT,3.6705426356589146,7.090542405264838,0.1511627906976744,0.15503875968992248,64.23357664233578,0.1834674103382488,삼성전자
005930,2025-11-13,102800,1,-5.447470817120625,STOP,0.410761154855643,14.220978275356524,1.7427821522309712,2.5196850393700787,55.434782608695656,1.224069178572066,삼성전자
005930,2025-12-03,104500,9,-1.6267942583732098,STOP,1.096732026143791,12.070564516129027,-0.24313725490196078,0.39215686274509803,52.19638242894058,0.25886720012556413,삼성전자
005930,2025-12-23,111500,10,24.663677130044846,TIMEOUT,1.7976588628762542,11.959847749832072,1.4414715719063544,0.33444816053511706,63.059701492537314,1.4815328017780194,삼성전자
005930,2026-03-12,187900,1,-2.3416711016498115,STOP,0.00301854247520483,23.064449120173684,1.3833548943510134,3.0271668822768434,49.19168591224019,2.037480290728692,삼성전자
005930,2026-04-13,201000,10,11.691542288557223,TIMEOUT,0.849169741697417,15.069167844447293,0.34086715867158673,1.2453874538745386,55.55555555555556,0.8798700028970796,삼성전자
005935,2025-09-12,60900,10,7.060755336617408,TIMEOUT,3.0802919708029197,6.852980047061862,0.1411192214111922,0.0,63.04347826086957,0.33388845335046485,삼성전자우
005935,2025-11-13,79300,1,-5.800756620428748,STOP,0.12387938060309699,12.23227296472463,1.504482477587612,2.6731866340668295,52.397260273972606,1.184991844449219,삼성전자우
005935,2025-12-05,80100,10,3.995006242197263,TIMEOUT,1.369114877589454,9.4484843941325,-0.6591337099811676,0.07532956685499058,55.70175438596492,0.23358808168283304,삼성전자우
005935,2026-02-11,116100,10,11.283376399655465,TIMEOUT,0.4954710144927536,13.8440833216158,1.3469202898550725,0.9057971014492754,55.58139534883721,1.5487207199298074,삼성전자우
005935,2026-03-11,138900,2,-3.5997120230381596,STOP,1.1523414344991108,19.03459518203224,1.0592768227623,1.3159454653230587,56.05573419078242,1.3059321758025335,삼성전자우
005935,2026-03-19,144200,2,-9.223300970873783,STOP,0.9679468668784291,20.117594005827673,1.1030898065261334,0.6699393589373376,47.68756423432682,0.8282173688896465,삼성전자우
005935,2026-04-14,141400,10,13.154172560113153,TIMEOUT,1.2398221005815941,11.687030766965984,0.09989736572015052,1.074238795757783,55.386740331491715,0.4538063463608992,삼성전자우
005935,2026-05-28,190900,2,19.95809324253537,T_star,0.6809563066776587,14.451361378356278,1.5387469084913439,0.7254740313272877,54.44264943457189,1.6278965188526502,삼성전자우
005940,2025-09-04,19290,1,-0.25920165889061764,STOP,0.04905239687848383,4.355296384036654,-0.653288740245262,1.560758082497213,49.11032028469751,0.8179459397458556,NH투자증권
005940,2025-09-08,19350,10,6.718346253229979,TIMEOUT,0.244874715261959,3.945574709668519,-0.4145785876993166,1.457858769931663,54.57875457875458,1.4759440679385871,NH투자증권
005940,2025-11-17,21200,1,-3.0660377358490587,STOP,0.4306987399770905,1.4927504578216153,0.8264604810996563,1.8327605956471935,55.59701492537313,0.9151334541518661,NH투자증권
005940,2025-11-26,21000,1,-1.1904761904761862,STOP,0.10375146541617819,2.655790971152464,0.2989449003516999,2.1101992966002343,52.61780104712042,2.4289462677106526,NH투자증권
005940,2025-12-12,21300,3,-2.5821596244131495,STOP,0.6769911504424779,2.385216136894991,-0.07345132743362832,0.5309734513274337,63.15789473684211,1.12636322814315,NH투자증권
005940,2025-12-19,21000,1,1.1904761904761862,STOP,0.13302752293577982,1.583070036861512,-0.39908256880733944,1.1009174311926606,54.929577464788736,1.5125423912870075,NH투자증권
005940,2025-12-24,21300,5,-1.1737089201877882,STOP,0.5330188679245284,1.5063303594857054,0.0330188679245283,1.0377358490566038,49.23076923076923,0.8847491542901088,NH투자증권
005940,2026-01-06,22050,2,-5.668934240362811,STOP,1.64,1.579580947423205,0.39555555555555555,0.0,59.25925925925925,0.4451650041063857,NH투자증권
005940,2026-01-13,21300,10,15.492957746478876,TIMEOUT,0.27586206896551724,1.7971155404310541,0.1810344827586207,1.293103448275862,53.48837209302325,0.6759806467994307,NH투자증권
005940,2026-03-11,33300,1,-2.2522522522522515,STOP,0.2755474452554745,17.32990042027942,1.3503649635036497,3.394160583941606,54.49438202247191,1.2612818568717108,NH투자증권
005940,2026-03-25,34300,2,-0.1457725947521915,T_star,0.5653179190751445,16.953540442205426,0.24624277456647398,1.4104046242774566,56.96594427244582,0.7059316838715578,NH투자증권
005940,2026-04-16,35200,10,-4.4034090909090935,STOP,1.1741854636591478,14.278657651816868,0.21303258145363407,0.5764411027568922,52.99684542586751,0.39604108865063653,NH투자증권
005940,2026-05-06,38450,4,-11.573472041612487,STOP,2.394342762063228,13.249950027128122,1.2562396006655574,0.5990016638935108,67.95580110497238,0.5006899471627407,NH투자증권
005945,2025-10-22,18700,5,-3.475935828877008,STOP,1.781524926686217,-0.8037673046372509,0.25513196480938416,0.8504398826979472,62.82527881040892,1.1790409338877657,NH투자증권우
005945,2025-11-06,18360,1,-1.688453159041392,STOP,0.36081242532855434,0.7280335520274241,0.2735961768219833,1.5053763440860215,55.588235294117645,1.8622781525835883,NH투자증권우
005945,2025-11-12,19520,9,-4.610655737704916,STOP,2.220725388601036,2.2734864898399394,0.6829015544041451,0.16580310880829016,63.0952380952381,0.7284470321139551,NH투자증권우
005945,2025-11-26,18960,10,2.6371308016877704,TIMEOUT,0.59192348565356,3.4167960907610277,0.4952178533475027,1.5515409139213603,57.00934579439252,1.6362573390387103,NH투자증권우
005945,2026-01-13,19590,10,11.53649821337417,TIMEOUT,0.29912663755458513,2.601329827804355,0.36681222707423583,1.7467248908296944,55.24861878453039,1.0317618834871995,NH투자증권우
005945,2026-03-20,27350,6,-8.59232175502742,STOP,1.094890510948905,10.689557436125845,0.6678832116788321,2.664233576642336,57.14285714285714,0.5727275799746682,NH투자증권우
005945,2026-04-17,27250,10,3.4862385321100975,TIMEOUT,1.7455048409405256,8.84881296411458,-0.15214384508990317,0.2766251728907331,66.66666666666666,0.27194879708846187,NH투자증권우
005950,2025-11-13,10090,1,-8.22596630327056,STOP,0.25200845665961946,20.649919336252598,2.087103594080338,3.2896405919661733,34.45491251682368,2.034855732041703,이수화학
005950,2025-12-12,9890,2,-5.965621840242674,STOP,0.33464052287581697,18.85174039760208,-0.29869281045751633,2.7973856209150325,62.637362637362635,0.4994948727214751,이수화학
005950,2026-01-21,8700,1,14.482758620689662,T_star,0.55005382131324,8.898778561245335,-1.223896663078579,3.3153928955866525,55.418719211822655,0.471442853577657,이수화학
005950,2026-02-09,9290,1,-2.3681377825618966,STOP,0.2315939957112223,-1.5634525047513048,0.7626876340243031,1.6726233023588277,51.59474671669794,2.149864516266095,이수화학
005950,2026-05-18,10790,1,13.067655236329934,T_star,0.8518197573656846,2.98164247457891,1.3463316002310803,2.2068168688619294,60.804769001490314,0.4850274310013821,이수화학
005960,2026-03-25,9020,3,-9.312638580931266,STOP,0.7251861042183623,15.103920970114038,0.3641439205955335,1.9727047146401986,54.45205479452055,0.34943200600207225,동부건설
005960,2026-04-15,9540,10,1.1530398322851187,TIMEOUT,0.9389701207883026,16.111907816942157,0.6573426573426573,1.3604577240940878,61.599999999999994,0.41285670458424534,동부건설
005960,2026-04-29,9650,5,-5.492227979274611,STOP,0.9671993271656855,17.016453211180718,0.4600504625735913,0.6896551724137931,59.70873786407767,0.7059228282015844,동부건설
006040,2025-09-10,46900,10,-2.985074626865669,STOP,1.7993730407523512,-1.8782817070162507,-0.5188087774294671,0.438871473354232,63.45381526104418,0.934363980757844,동원산업
006110,2025-09-17,23750,3,-5.4736842105263195,STOP,1.0169491525423728,6.246974518502059,-1.6977401129943503,0.7344632768361582,61.22448979591836,0.5074141181655689,삼아알미늄
006110,2025-10-21,25250,10,-2.7722772277227747,TIMEOUT,2.3081144649157195,5.899331274177587,-0.07565660525284203,1.0192081536652293,71.60493827160494,0.4108046776392336,삼아알미늄
006110,2026-01-22,25900,10,11.3899613899614,TIMEOUT,1.5119047619047619,1.460372262672095,-0.6468253968253969,1.1904761904761905,65.94594594594595,0.2553829963645641,삼아알미늄
006110,2026-02-13,29700,8,-1.0101010101010055,STOP,0.5497076023391813,5.034301511997001,1.3777777777777778,3.7660818713450293,51.87165775401069,2.086467643904183,삼아알미늄
006110,2026-03-05,30350,4,-2.3064250411861664,STOP,0.1296928327645051,8.679257987408674,0.7007963594994312,1.3196814562002275,51.187335092348285,1.0935544096959484,삼아알미늄
006110,2026-03-17,35250,4,-16.879432624113477,STOP,1.461609620721554,9.276462122203318,0.26734505087881594,1.461609620721554,54.92125984251969,0.45374214951042097,삼아알미늄
006110,2026-03-31,40200,1,-14.427860696517413,STOP,2.5597014925373136,7.991669516023747,0.09701492537313433,0.0,67.73109243697479,0.14908993967644404,삼아알미늄
006110,2026-04-06,38000,2,11.05263157894736,T_star,1.4207612456747405,9.67841017292749,0.3328719723183391,1.0103806228373702,54.34439178515008,0.4848415119363395,삼아알미늄
006120,2025-12-02,62400,1,0.3205128205128194,STOP,0.19031719532554256,5.6868870549105495,0.7579298831385642,1.9699499165275458,50.74626865671642,1.125181904259578,SK디스커버리
006120,2026-01-09,61200,6,-2.1241830065359513,STOP,0.5928411633109619,3.614632589713101,-0.25727069351230425,1.476510067114094,55.223880597014926,0.3451671475198004,SK디스커버리
006120,2026-01-21,61600,4,-0.48701298701299134,STOP,0.4523809523809524,4.476501230751613,0.25396825396825395,1.1507936507936507,60.91954022988505,1.5574107933441428,SK디스커버리
006120,2026-02-24,62600,4,-8.306709265175716,STOP,1.7177121771217712,-1.9508591441392182,-0.6254612546125461,0.44280442804428044,61.24401913875598,0.25726173400592006,SK디스커버리
006220,2025-09-26,15460,3,-8.990944372574383,STOP,2.2637987012987013,4.899032992036405,-0.5170454545454546,2.7759740259740258,72.54901960784314,0.11900568122905267,제주은행
006220,2026-02-24,16520,4,-11.016949152542377,STOP,0.7696689213243147,7.26862860991602,1.607689569241723,1.6518333926664293,62.329485834207766,0.2313294345864631,제주은행
006220,2026-04-16,13330,10,-5.326331582895727,STOP,1.0522388059701493,2.8510203327627233,-0.7802653399668324,1.0945273631840795,54.779411764705884,0.2774732689895581,제주은행
006260,2025-09-03,175500,10,6.8376068376068355,TIMEOUT,1.3219954648526078,2.1664567386881233,-0.20559334845049132,0.5895691609977324,54.86725663716815,0.35640969956733304,LS
006260,2025-11-12,213500,1,-3.2786885245901676,STOP,0.4330742659758204,6.745813955727581,1.8842832469775475,1.8566493955094991,53.88601036269431,0.6672831281679942,LS
006260,2025-12-15,187000,3,-2.566844919786093,STOP,0.3172715894868586,2.213547482290727,-1.467459324155194,1.6896120150187734,58.95522388059702,0.40401242694779654,LS
006260,2025-12-19,185700,5,11.47011308562198,T_star,0.23321123321123322,0.9323536416480643,-0.7924297924297924,2.173382173382173,59.73597359735974,0.8544342484779265,LS
006260,2026-01-30,229000,1,-14.10480349344978,STOP,0.8098183223811365,3.681968764789409,1.240046385775029,1.468882875918052,61.904761904761905,1.087019491487936,LS
006260,2026-02-04,233000,2,-7.939914163090133,STOP,0.9283344392833444,2.7411020592316353,0.7461844724618447,0.9953550099535501,53.93982808022922,0.9511413354033256,LS
006260,2026-02-09,226000,1,-3.31858407079646,STOP,0.27082048118445406,2.2192913485682397,0.5107958050586058,1.3571869216533003,51.253132832080205,1.6348690754209507,LS
006260,2026-02-11,233000,10,13.948497854077257,TIMEOUT,0.6324340895156346,2.1537037816009708,0.43010423053341507,0.9196811771919068,54.53001132502831,1.0535424256469739,LS
006260,2026-03-11,252500,1,0.1980198019801982,STOP,0.028,10.43289649063257,0.9314666666666667,2.48,51.410658307210035,1.6046288197788923,LS
006260,2026-03-23,273500,5,-4.570383912248632,STOP,0.32662192393736017,13.355704697986582,0.7214765100671141,1.7225950782997763,52.18579234972678,0.38236883606360367,LS
006260,2026-04-03,268000,1,0.0,STOP,0.04406779661016949,11.426728390377173,0.07796610169491526,1.9887005649717515,50.66225165562914,1.6103072460588777,LS
006260,2026-04-14,301500,1,13.93034825870647,T_star,1.1363636363636365,11.616380418101576,0.7530712530712531,0.515970515970516,57.03125,1.0228137279628249,LS
006260,2026-05-26,553000,2,-14.014466546112114,STOP,1.0979911807937286,32.297803963577934,1.8775110240078392,0.9995100440960314,57.534246575342465,0.4902448287891079,LS
006280,2025-09-15,134700,2,-2.2271714922049046,STOP,1.1337325349301397,0.43131681394054766,-0.6067864271457086,0.5588822355289421,55.0632911392405,0.20717450898493947,녹십자
006280,2025-09-19,139000,5,-5.251798561151078,STOP,2.443609022556391,0.563842518907841,0.15601503759398497,0.11278195488721804,75.82938388625593,0.24438502880413573,녹십자
006280,2026-01-07,160900,2,-2.7967681789931587,STOP,0.5966101694915255,5.69030318215986,1.591864406779661,1.423728813559322,41.124260355029584,1.3233027423918946,녹십자
006280,2026-01-15,170500,1,-5.982404692082111,STOP,1.3587033121916843,7.01643410852714,1.2783650458069062,1.0570824524312896,63.23529411764706,0.3903195754381681,녹십자
006280,2026-01-23,161500,2,6.811145510835903,T_star,0.3971143936791481,6.687314021983354,-0.03916180006870491,2.2672621092408107,50.51124744376278,0.6875432296288015,녹십자
006280,2026-02-03,163300,10,5.695039804041646,TIMEOUT,0.21940104166666666,7.404675510082691,0.22395833333333334,1.9140625,50.2808988764045,0.8860939735188381,녹십자
006280,2026-02-24,176900,1,-4.691916336913515,STOP,0.9756888168557536,8.346372160486073,0.9115072933549433,0.8946515397082658,59.646302250803856,0.44484345529988684,녹십자
006340,2025-10-13,3260,10,-2.4539877300613466,TIMEOUT,3.1804733727810652,-0.9165083268134622,1.1627218934911243,1.0059171597633136,66.91176470588235,0.09527325294033238,대원전선
006340,2025-11-20,3940,1,-3.0456852791878153,STOP,0.6296566837107378,8.2440784138259,0.8553688823959095,1.6800584368151936,55.82329317269076,0.32351044751611396,대원전선
006340,2025-12-03,3790,1,-3.298153034300788,STOP,0.03486238532110092,8.755549576214175,0.3577981651376147,1.926605504587156,49.77477477477478,0.3956601625302496,대원전선
006340,2025-12-12,4160,3,-4.807692307692313,STOP,1.9586507072905333,8.679620282957181,-0.6006528835690969,0.1305767138193689,64.756446991404,0.6066872776088333,대원전선
006340,2025-12-22,3935,1,-4.06607369758577,STOP,0.6423529411764706,9.277426295433012,0.31058823529411766,1.811764705882353,53.09446254071662,1.2405465817476526,대원전선
006340,2025-12-29,3870,1,-3.875968992248058,STOP,0.4240583232077764,8.70002009242515,0.353584447144593,2.187120291616039,56.830601092896174,3.8373770794397912,대원전선
006340,2026-01-02,3835,3,-3.1290743155149903,STOP,0.2648171500630517,8.479423100833019,0.0832282471626734,2.44640605296343,57.32009925558313,1.6400703688023632,대원전선
006340,2026-01-29,3815,2,-8.125819134993451,STOP,0.6719883889695211,4.09281340638093,-0.33962264150943394,1.7126269956458635,66.92913385826772,0.3649436906809765,대원전선
006340,2026-02-03,3750,3,-5.066666666666664,STOP,0.45774647887323944,2.154839296267673,-0.3267605633802817,1.380281690140845,55.45454545454546,0.8715039263324112,대원전선
006340,2026-02-09,3760,1,-2.393617021276595,STOP,0.4077025232403719,0.9456318129499732,-0.07569721115537849,1.248339973439575,49.49832775919732,0.6942681498718136,대원전선
006340,2026-02-11,3705,1,1.4844804318488558,STOP,0.07883817427385892,0.5237131939761703,-0.02074688796680498,1.6044260027662518,50.69444444444444,0.932100409170983,대원전선
006340,2026-02-19,3910,1,7.033248081841426,T_star,1.051006711409396,0.27888090669761195,0.22818791946308725,0.4563758389261745,58.25545171339564,0.3084491032135827,대원전선
006340,2026-03-16,5800,2,12.413793103448278,T_star,0.6947978512864009,14.554158650619655,1.3001837715578175,2.3890302516256714,53.191489361702125,0.5838798345027414,대원전선
006340,2026-03-25,5860,1,-7.167235494880542,STOP,0.009497964721845319,17.90687032880832,1.1906377204884668,2.2116689280868385,55.61357702349869,0.6089023119020727,대원전선
006340,2026-04-16,6600,2,-1.8181818181818188,T_star,2.07360157016683,13.758619375976236,-0.17566241413150147,0.9224730127576055,67.63925729442971,0.09822067534547482,대원전선
006340,2026-05-22,14610,1,-3.216974674880224,STOP,0.10482701470892894,67.19043000323309,1.8723845038326083,2.3575719908846073,48.38709677419355,1.143708293145601,대원전선
006360,2025-12-22,20100,3,-4.228855721393032,STOP,0.8577106518282989,1.0662192274571491,0.8338632750397457,0.8744038155802861,58.75613747954174,0.9819914852906634,GS건설
006360,2026-02-04,19740,10,16.767983789260388,TIMEOUT,1.5456965394853595,0.362464408615305,-0.38864241348713396,0.01774622892635315,58.24634655532358,0.6143526818140199,GS건설
006360,2026-03-20,31800,10,-14.308176100628934,TIMEOUT,4.8109581926772265,5.417887683580958,0.6499610490781615,0.4674110620618021,72.70531400966183,0.17457326530100417,GS건설
006360,2026-04-06,28000,2,33.57142857142856,T_star,0.9169968304278923,10.034040631298978,1.0713153724247226,2.2979397781299524,62.82051282051282,1.9470187581419158,GS건설
006360,2026-05-07,39350,1,-5.08259212198221,STOP,0.06319702602230483,30.578730594571766,1.9100371747211895,1.6356877323420074,46.40522875816993,1.805799055232855,GS건설
006400,2025-09-24,205500,2,-1.4598540145985384,STOP,0.28949771689497716,5.5275896300591185,-1.376255707762557,3.105022831050228,53.58851674641148,0.8618408975930477,삼성SDI
006400,2025-09-29,206000,8,14.563106796116498,T_star,0.46161137440758293,5.190001218514462,-0.9146919431279621,1.042654028436019,54.22138836772983,0.9247406975375617,삼성SDI
006400,2025-12-09,310000,5,-5.32258064516129,STOP,0.47110141766630315,12.917696282152086,-0.7982551799345693,2.311886586695747,58.49056603773585,0.9890009023211869,삼성SDI
006400,2026-01-16,289000,1,8.650519031141869,T_star,0.8928974069898534,7.456800529833209,-1.1905298759864713,1.217587373167982,54.285714285714285,0.5053378163386684,삼성SDI
006400,2026-02-12,385500,2,5.836575875486383,T_star,0.7243523316062176,6.566577802722043,2.098445595854922,1.077720207253886,54.20875420875421,0.695717995828547,삼성SDI
006400,2026-03-10,403500,2,-0.8674101610904539,STOP,0.159369527145359,10.057155123836115,0.5175131348511384,2.4518388791593697,52.601156069364166,0.47953561274901907,삼성SDI
006400,2026-03-30,412500,10,15.757575757575747,TIMEOUT,0.6255835667600373,9.88909195603736,-0.22128851540616246,1.5686274509803921,53.68852459016393,0.5656665999861884,삼성SDI
006405,2025-11-17,187000,1,-2.7807486631016065,STOP,0.6196840826245443,12.309028214744169,2.4111786148238155,1.4094775212636694,53.17460317460316,0.5961858160032621,삼성SDI우
006405,2025-11-20,187000,1,-4.652406417112298,STOP,0.2704539936877883,12.562209121936085,1.961641175042486,1.4081087642631707,52.90423861852434,0.689045715713215,삼성SDI우
006405,2025-12-12,185500,3,-3.288409703504047,STOP,0.8017543859649123,11.094836230887983,-0.30350877192982456,2.017543859649123,68.18181818181819,0.17787547285553623,삼성SDI우
006405,2026-01-21,180400,10,17.51662971175165,TIMEOUT,2.24323198667222,5.281836746832682,-1.1170345689296126,0.599750104123282,67.93478260869566,0.6652504573700843,삼성SDI우
006405,2026-02-12,203000,1,-0.9852216748768461,STOP,0.33356401384083045,3.5498703805324863,1.9183391003460208,2.029988465974625,46.05954465849387,0.8140440768873507,삼성SDI우
006405,2026-02-19,213500,2,-3.74707259953162,STOP,0.9434550311665183,3.7830950021237437,1.8116651825467498,1.0240427426536065,55.91715976331361,0.6176281331836887,삼성SDI우
006405,2026-02-25,233000,1,10.51502145922747,T_star,2.5234604105571847,4.38101124752994,1.4902248289345064,0.19550342130987292,72.19003476245655,0.4142242825337766,삼성SDI우
006405,2026-04-09,236500,10,27.906976744186053,TIMEOUT,1.5604651162790697,8.322941045834257,-0.6441860465116279,0.46511627906976744,64.0625,0.48858898695110725,삼성SDI우
006650,2025-10-20,121000,2,10.330578512396693,T_star,1.3079960513326752,6.69655770899624,-0.6742349457058243,1.40177690029615,61.6519174041298,1.2600991822548708,대한유화
006650,2025-11-11,137000,1,15.839416058394162,T_star,0.9414790996784566,8.711549888020475,1.3215434083601285,0.9003215434083601,53.932584269662925,0.3213680337097046,대한유화
006650,2025-11-18,142900,4,-4.758572428271524,STOP,0.5989643268124281,11.31899673895075,1.551783659378596,1.9562715765247412,55.947712418300654,1.0025165125495377,대한유화
006650,2025-11-27,147600,2,-4.607046070460708,STOP,0.7162471395881007,10.962095729034704,0.8729977116704806,1.4073226544622426,63.01204819277109,2.3578692562298427,대한유화
006650,2025-12-02,143000,1,3.286713286713283,STOP,0.05686032138442522,10.336017453960876,0.5988875154511742,2.0889987639060568,36.581196581196586,1.4834325979364147,대한유화
006650,2025-12-12,151300,1,3.106411103767348,T_star,1.0435435435435436,7.761251214405929,0.37012012012012013,0.39039039039039036,63.81818181818182,1.199375653730442,대한유화
006650,2025-12-19,147500,1,-1.15254237288136,STOP,0.2183606557377049,6.8862593192008745,0.11409836065573771,1.8360655737704918,55.48281505728314,0.8565244681081315,대한유화
006650,2025-12-23,148700,3,-2.555480833893742,STOP,0.22608125819134994,7.303704682031305,0.20969855832241152,1.6775884665792922,50.85034013605443,0.5498178453709593,대한유화
006650,2026-01-20,156900,9,-5.7998725302740635,STOP,1.6682119205298014,6.903212941499033,-0.2304635761589404,1.086092715231788,60.273972602739725,1.0713349420098077,대한유화
006650,2026-02-23,176600,1,7.984144960362394,T_star,2.0991425509110395,4.081608928156257,0.6028938906752411,0.2572347266881029,64.30921052631578,0.3171379388907172,대한유화
006650,2026-04-01,134700,1,-8.463251670378625,STOP,0.24655436447166923,-3.265845743692855,-1.9744767738642164,1.2761613067891782,52.16606498194946,0.5921439940022983,대한유화
006650,2026-04-07,139100,2,17.325664989216392,T_star,0.6252653927813163,-2.698419685697929,-1.2404458598726114,0.7112526539278131,46.711635750421586,0.8736618726244512,대한유화
006660,2025-12-10,14920,4,-4.4235924932975905,STOP,0.04092526690391459,3.891502376078816,0.10676156583629894,2.829181494661922,47.89473684210526,0.5914393594041828,삼성공조
006800,2025-09-04,19027,10,18.263520260682185,TIMEOUT,0.9068664357777443,6.544284782835787,-0.3162174371329619,0.5541334136425237,53.16938732245072,0.4777189738840344,미래에셋증권
006800,2025-09-29,21905,2,-4.546907098835884,STOP,0.8571144179565008,1.1043308002317342,1.6516199671527427,1.634400039814861,50.0,1.0333715095493867,미래에셋증권
006800,2025-10-20,25141,10,8.909749015552283,TIMEOUT,2.9641194888719644,0.3985007069769083,0.5030041465685011,0.18955741728018954,66.66101838515632,0.46028685761734606,미래에셋증권
006800,2025-11-12,24444,1,0.0,STOP,0.038171815488786266,8.483647756592848,1.001438848920863,1.825927493299478,56.25392341494036,2.0418362441404234,미래에셋증권
006800,2025-12-23,23796,10,13.393007228105569,TIMEOUT,1.830337024785465,1.8928010933147035,-0.2482381705738544,0.8591015868450069,61.70061244836917,0.26510675043711734,미래에셋증권
006800,2026-03-12,70096,3,-1.4209084683862172,STOP,0.8813713125595989,51.38398681673904,1.8859315881755816,1.0566304715617214,49.89956376179365,0.8789143931706555,미래에셋증권
006800,2026-03-18,69900,1,-4.57796852646638,STOP,0.3149122942824856,52.551456792455944,1.4772646343917877,1.093960458887461,46.9848399775407,0.4404113736023845,미래에셋증권
006800,2026-03-25,67300,1,-2.9717682020802383,STOP,0.007863291789797281,45.83199480365155,0.685905177951947,1.6559167416163434,53.38929994308481,1.2343952862922687,미래에셋증권
006800,2026-03-27,67100,1,-6.5573770491803245,STOP,0.09093934166396665,42.767429901664585,0.24758969149802482,1.7278912756026865,54.6516393442623,0.8236111866923289,미래에셋증권
006800,2026-04-14,72400,10,-5.386740331491713,TIMEOUT,1.5522552255225524,30.877614621249638,-0.12116611661166053,0.37403740374037403,56.65796344647519,0.5671385291629975,미래에셋증권
006800,2026-04-28,68500,2,-5.4014598540146,STOP,0.32100396301188905,24.669787240161913,0.512549537648613,1.4795244385733157,51.92307692307693,2.27068240243775,미래에셋증권
006800,2026-05-04,70300,1,19.20341394025604,T_star,0.6902404526166902,22.54336551584375,0.611032531824611,1.074964639321075,59.05797101449276,1.2310063774843178,미래에셋증권
006805,2026-01-23,16360,4,1.5036674816625961,T_star,0.7574536127119489,15.045684077393478,1.4984842932809217,0.9194177021219894,64.59755312298776,0.364539845076178,미래에셋증권우
006805,2026-03-10,22815,4,4.536489151873768,STOP,0.25785025396368455,29.46977717281709,1.1167204754364681,2.736227354047996,56.82387143664702,1.415975059458998,미래에셋증권우
006805,2026-04-17,22750,9,-7.03296703296703,STOP,0.6716886377903327,12.545762579841096,-0.48264281230382833,1.098556183301946,56.02094240837696,1.0762092497809748,미래에셋증권우
006805,2026-04-29,21950,1,-3.6446469248291535,STOP,0.03499562554680665,10.839769307923774,0.22090988626421698,1.7935258092738409,54.36893203883495,1.178521290261966,미래에셋증권우
006805,2026-05-04,22550,1,14.634146341463406,T_star,0.492925604746691,10.075822276090317,0.30123231401186673,1.3235965312642628,60.869565217391305,1.000836157197553,미래에셋증권우
00680K,2025-09-05,8228,10,16.273699562469623,TIMEOUT,0.673510602490745,10.29967534254114,-0.2448670481319421,0.7573207674183776,55.25423728813559,0.45953901902673805,미래에셋증권2우B
00680K,2025-10-01,9166,2,4.265764782893311,STOP,0.06170042643923144,3.8337654647012678,1.7683901918976546,1.7190831556503199,53.251318101933215,2.225921060225317,미래에셋증권2우B
00680K,2025-10-20,10349,10,4.812059136148417,TIMEOUT,2.264175409642816,2.4221630378510812,0.8224684663444545,0.0,63.917781079742454,0.483995641054252,미래에셋증권2우B
00680K,2025-12-08,9860,2,-1.2880324543610544,STOP,0.22873611696893117,6.321274910866443,-0.7226205539153663,1.0993954730774638,59.235395189003434,0.6197306693197909,미래에셋증권2우B
00680K,2025-12-12,9880,1,-1.2854251012145768,STOP,0.39682539682539686,5.450457672705917,-0.2766203703703692,1.097883597883598,55.96890616324264,0.8599065584384661,미래에셋증권2우B
00680K,2025-12-18,10026,10,21.354478356273688,TIMEOUT,0.8731780867817067,4.210406572272615,-0.041212933489700426,0.623219969844195,59.78319783197832,0.9505415278740957,미래에셋증권2우B
00680K,2026-03-12,21695,3,-2.973035261581014,STOP,0.9127516778523486,29.662193025075865,1.4709484210807786,1.1235594534613225,48.38389847313107,0.6913318062900583,미래에셋증권2우B
00680K,2026-03-18,21100,1,-4.265402843601896,STOP,0.09226346053319394,31.268476629862718,1.1918714061683215,1.4093047569262938,49.23869234214062,0.5206763702655944,미래에셋증권2우B
00680K,2026-03-20,21600,1,-9.444444444444445,STOP,0.38760735117390205,30.35247713968107,1.0361989623941135,0.8863616378931325,46.80160265266648,0.7623800708400664,미래에셋증권2우B
00680K,2026-03-25,21050,1,-4.275534441805229,STOP,0.13779935466682455,28.459559176721367,0.6606672389804928,1.2208045942985701,53.27534656156564,0.9453819466473862,미래에셋증권2우B
00680K,2026-04-16,21050,6,-4.988123515439435,STOP,0.8175974286862193,18.244728924397922,-0.3822016874246697,0.5222981116914424,52.6621490803485,0.675059741259696,미래에셋증권2우B
00680K,2026-04-28,20400,2,-4.362745098039211,STOP,0.19794871794871796,15.55798761927564,0.20461538461538462,1.1282051282051282,50.0,1.5205705944458303,미래에셋증권2우B
00680K,2026-05-04,20550,1,15.815085158150843,T_star,0.30782029950083195,14.216929960803837,0.3050471436494731,1.0537992235163616,57.41710296684119,1.2864828688885825,미래에셋증권2우B
006880,2026-03-18,7080,3,-2.1186440677966156,STOP,0.45482866043613707,0.8415078646737888,0.3161993769470405,2.7725856697819315,50.45454545454546,0.31499634249937075,신송홀딩스
006880,2026-03-24,7100,5,-2.6760563380281654,STOP,0.3934659090909091,0.5170101207169813,0.2741477272727273,2.471590909090909,64.73429951690821,0.7616490837304817,신송홀딩스
006880,2026-04-01,7090,1,-2.256699576868826,STOP,0.23177283192632386,0.45474441904575735,0.24712202609363007,2.7014581734458942,51.06382978723405,0.5510667666877168,신송홀딩스
006890,2026-03-30,10680,6,-18.071161048689145,STOP,1.8037037037037038,1.7108784054276103,0.47824074074074074,0.8888888888888888,76.35467980295566,0.20096207080220763,태경케미컬
006890,2026-04-30,8990,2,-3.3370411568409364,STOP,0.6,4.967757834640821,-0.7188405797101449,2.927536231884058,65.92592592592592,0.51305968180955,태경케미컬
007070,2025-09-15,16710,9,-2.0347097546379422,STOP,0.6966126656848306,1.3123201094941859,-0.17525773195876287,0.5007363770250368,61.30653266331658,0.42503674891568016,GS리테일
007070,2025-09-30,16650,1,6.186186186186182,T_star,0.15460992907801419,-0.5451968160506014,0.36879432624113473,1.8439716312056738,51.71102661596958,0.9871795669584102,GS리테일
007070,2025-12-04,22400,5,-2.2321428571428603,STOP,0.7093425605536332,10.328322784810135,2.4094579008073818,0.922722029988466,54.94505494505495,0.8378349682806321,GS리테일
007070,2025-12-15,22300,3,-2.0179372197309364,STOP,0.22435897435897437,10.839814717136761,1.3032051282051282,1.1538461538461537,54.76190476190476,0.888755088714784,GS리테일
007070,2026-01-21,20950,10,12.410501193317414,TIMEOUT,0.5713101160862355,6.439011133663396,-1.2512437810945274,1.7412935323383085,63.2398753894081,0.7546331323512323,GS리테일
007070,2026-02-10,22350,10,-1.5659955257270708,STOP,0.9846547314578005,4.774292147984354,0.8792838874680307,1.7902813299232736,58.433734939759034,0.5516364046694847,GS리테일
007070,2026-02-19,22250,6,-1.1235955056179803,STOP,0.5284360189573459,3.6101546635846375,0.8023696682464455,1.7535545023696681,57.48502994011976,0.6607489823208257,GS리테일
007070,2026-05-07,23550,1,9.554140127388532,T_star,0.5173333333333333,2.988738774411201,0.9093333333333333,0.96,55.038759689922486,0.9229259778712794,GS리테일
007160,2026-02-24,65400,3,-3.5168195718654482,STOP,0.6211920529801325,8.6666874687968,1.2688741721854304,1.9602649006622517,64.22764227642277,2.8922177390127812,사조산업
007210,2026-05-06,2090,1,-0.23923444976076125,STOP,0.18487804878048603,7.461971493592047,1.4107317073170744,1.8048780487804879,47.12643678160919,1.022429033207047,벽산
007310,2025-11-21,391000,1,-0.8951406649616356,STOP,0.5408163265306123,-0.40316684422718907,-0.3520408163265306,0.7142857142857143,56.71641791044776,0.39103704902119396,오뚜기
007340,2025-09-02,25700,3,-1.945525291828798,STOP,0.2194513715710723,5.571949314355146,-1.8079800498753118,1.6458852867830425,51.2396694214876,0.3234326565761048,DN오토모티브
007340,2025-09-10,25900,4,-4.054054054054057,STOP,0.5738161559888579,4.74001430176729,-0.6350974930362117,1.615598885793872,60.0,1.2973041391438187,DN오토모티브
007340,2026-01-22,25450,7,-4.91159135559921,STOP,1.209549071618037,1.4266117969821723,-1.5623342175066313,0.5305039787798409,66.66666666666666,1.109886500870186,DN오토모티브
007340,2026-02-04,26150,10,20.076481835564053,TIMEOUT,1.219298245614035,1.6990621177110286,0.37719298245614036,0.39473684210526316,66.01307189542484,0.6250050448837704,DN오토모티브
007340,2026-03-18,37950,10,7.246376811594213,TIMEOUT,3.7365532381997806,5.467007739735017,0.5378704720087816,0.7903402854006586,68.56492027334852,0.32628531131710403,DN오토모티브
007340,2026-04-23,39700,1,8.18639798488665,T_star,0.7101584342963654,16.002492507640714,0.1267474370922647,1.3979496738117427,56.830601092896174,1.0324577324963398,DN오토모티브
007460,2026-02-03,713,1,-4.628330995792429,STOP,0.5296343001261035,3.258971871968959,-0.23581336696090852,1.9924337957124842,53.409090909090914,0.3659855512910584,에이프로젠
007540,2026-03-10,56000,3,0.7142857142857117,STOP,0.06623235613463627,3.7197348843500655,0.9603691639522258,3.7133550488599347,51.85185185185185,0.26709809388347217,샘표
007660,2025-09-03,64100,10,20.592823712948526,TIMEOUT,0.46469622331691296,14.7147047060392,0.14942528735632185,1.2151067323481117,52.72727272727273,0.3636727039415757,이수페타시스
007660,2025-10-02,76800,1,-1.041666666666663,STOP,0.6899509803921569,14.176754398636355,1.2781862745098038,0.7598039215686274,61.29032258064516,1.1395268876986961,이수페타시스
007660,2025-10-17,84900,10,34.157832744405184,TIMEOUT,2.0267441860465114,12.61061946902656,0.9197674418604651,0.7209302325581395,64.43661971830986,0.2802282725162742,이수페타시스
007660,2026-01-26,118800,5,-6.902356902356899,STOP,0.4849445324881141,9.981262826041688,-0.8534072900158478,1.045958795562599,55.443548387096776,1.1320294367937767,이수페타시스
007660,2026-02-03,118400,3,-3.125,STOP,0.4156563907170073,6.227854611955652,-0.22376169033598892,1.607204710772428,52.08012326656394,1.2336681891710457,이수페타시스
007810,2025-10-13,18570,8,6.300484652665594,T_star,0.9128540305010894,17.881237723817932,2.474074074074074,1.6383442265795207,57.85123966942149,0.3935653504874713,코리아써키트
007810,2025-11-03,20200,10,59.158415841584166,TIMEOUT,0.7120941848019978,19.051649004029343,0.850517302889761,0.7491972886193364,70.62937062937063,0.5628433123614632,코리아써키트
007810,2025-12-22,38400,3,4.427083333333326,STOP,0.9179755671902269,36.27784946236559,1.4162303664921465,1.0994764397905759,59.72850678733032,1.4007434611767284,코리아써키트
007810,2025-12-30,48300,10,25.25879917184266,TIMEOUT,3.4045037531276066,35.02948449686133,1.275229357798165,0.3669724770642202,68.16326530612245,0.39545080011166445,코리아써키트
007810,2026-03-23,60800,10,10.526315789473696,TIMEOUT,1.0248756218905473,14.429168116950915,-0.0626865671641791,1.1343283582089552,58.12499999999999,0.394645460218822,코리아써키트
007810,2026-04-13,79200,1,12.5,T_star,1.056081081081081,18.473832159439045,1.531081081081081,1.1081081081081081,61.18210862619809,1.3883339795249792,코리아써키트
007810,2026-05-12,98200,1,5.804480651731159,T_star,0.6173333333333333,17.61323175729239,1.5453333333333332,1.04,59.5959595959596,1.0674166130062865,코리아써키트
007810,2026-05-27,110200,5,10.98003629764066,T_star,1.3401744484350948,18.536755197453488,0.366341713699333,0.9748589020010262,60.379918588873814,0.8163333556943694,코리아써키트
007860,2026-02-04,10990,2,-6.369426751592355,STOP,1.0767123287671232,4.269429687225134,0.936986301369863,1.82648401826484,64.9390243902439,0.9420759753925441,서연
007860,2026-02-19,11110,7,-6.300630063006296,STOP,0.9787735849056604,4.9641075556637055,1.0648584905660377,0.330188679245283,61.53846153846153,0.39737438820504123,서연
007980,2025-09-29,1785,1,-4.761904761904767,STOP,0.5194610778443121,5.343214548512563,-1.3226047904191638,2.0808383233532934,54.9800796812749,0.3018869046866647,TP
007980,2025-10-01,1810,2,-3.204419889502763,STOP,0.7845637583892624,5.359233857477406,-0.7986577181208053,1.5302013422818792,54.76190476190476,0.25178179364546627,TP
007980,2025-10-14,1802,10,-0.16648168701443034,TIMEOUT,0.5355828220858907,5.475749070458705,-0.035582822085890684,1.4969325153374233,55.159235668789805,0.2976978566593064,TP
007980,2025-11-18,1820,10,-1.2087912087912045,TIMEOUT,1.2292051756007394,3.0371682786797933,-0.43068391866913175,2.834257547751078,60.430686406460296,0.2602007076352964,TP
008060,2025-10-30,9120,3,-0.6578947368421018,STOP,0.5057251908396947,2.7830217404542963,1.116412213740458,1.3358778625954197,43.75,0.7091094745016034,대덕
008060,2025-11-05,9360,3,9.294871794871785,T_star,0.9235074626865671,3.156979330987332,1.0690298507462686,0.41044776119402987,59.82142857142857,0.7029792586541143,대덕
008060,2025-12-01,10280,10,8.073929961089487,TIMEOUT,0.5462962962962963,8.142739046569304,1.5251322751322751,0.6878306878306878,57.26495726495726,1.9620920559154449,대덕
008060,2026-03-11,12470,10,19.165998396150762,TIMEOUT,1.2453703703703705,4.020309772075671,1.1381172839506173,1.9598765432098766,59.1339648173207,1.3969626637813073,대덕
008060,2026-04-17,15130,10,8.393919365499002,TIMEOUT,2.4223076923076925,10.297731212783598,0.5615384615384615,0.0,76.55172413793103,0.0,대덕
008350,2026-01-19,1240,2,-2.2580645161290325,STOP,0.36713286713286714,2.816748232735185,0.9645354645354641,2.937062937062937,42.708333333333336,0.3669402062234943,남선알미늄
008350,2026-02-03,1286,8,-2.954898911353032,STOP,0.7076583210603822,4.3449536773856625,0.3409425625920484,1.605301914580265,66.66666666666666,0.15029110288752495,남선알미늄
008350,2026-02-19,1291,2,-2.71107668474051,STOP,0.5130293159609121,5.881108525491845,0.38436482084690404,1.3355048859934853,63.698630136986296,0.6243882244509202,남선알미늄
008350,2026-03-11,1327,2,13.489073097211746,T_star,0.4849340866290019,6.820008475690839,0.11676082862523626,2.551789077212806,55.93984962406015,0.17614470757856424,남선알미늄
008350,2026-03-31,1800,2,-1.1111111111111072,T_star,2.0295370633342795,10.45227820433783,0.643283158193695,0.2840102243680772,68.69565217391305,0.31754663111547604,남선알미늄
008350,2026-04-28,2350,1,-5.957446808510635,STOP,0.14854234150856113,26.871067586766813,1.4701527070800555,3.50146537097023,57.323232323232325,1.4352071665879729,남선알미늄
008490,2025-11-04,26250,2,6.095238095238087,T_star,0.17870036101083034,7.68112264144473,0.01444043321299639,1.8411552346570397,49.740932642487046,0.4446837322082308,서흥
008500,2025-10-22,3640,1,-5.384615384615388,STOP,0.08577878103837488,15.940931465354035,1.2422295537419692,6.060079874978295,54.50666666666667,1.4053458480301309,일정실업
008700,2026-01-19,1420,9,-2.887323943661968,STOP,0.6523838261919126,1.191098108870532,0.9800844900422456,1.0863005431502717,53.70919881305639,0.22936033821993998,아남전자
008730,2025-09-17,31700,5,-4.416403785488954,STOP,0.65807962529274,0.5873558308415284,-1.4426229508196722,1.5456674473067915,55.17241379310345,0.5638084453071525,율촌화학
008730,2025-10-20,37650,8,-14.475431606905708,STOP,4.470373746581586,2.578156179326859,0.5050136736554239,1.130355515041021,77.36625514403292,0.2393464627292461,율촌화학
008730,2025-11-04,33500,1,-3.432835820895519,STOP,0.07204803202134756,2.7899213099117715,0.8739159439626417,3.0420280186791193,57.02247191011235,2.147236416221937,율촌화학
008770,2025-09-15,51000,10,5.490196078431375,TIMEOUT,2.224948875255624,-1.0494278871740192,-0.3047034764826176,0.32719836400818,61.74863387978142,0.2759646610261899,호텔신라
008770,2026-03-27,47450,4,-9.589041095890416,STOP,2.024449877750611,-1.7459890651608805,-1.4180929095354524,0.58679706601467,66.98795180722891,0.2757881892291219,호텔신라
008930,2025-09-24,40750,1,-4.171779141104293,STOP,0.3652892561983471,-1.0619300911853993,-0.456198347107438,1.7851239669421488,54.77707006369427,0.5212914749309989,한미사이언스
008930,2026-02-24,50700,3,-14.003944773175547,STOP,2.343324250681199,3.300063336754967,0.9980537173997664,1.4947450369793693,64.18685121107266,0.378553846709781,한미사이언스
008930,2026-04-07,38000,10,3.289473684210531,TIMEOUT,0.24251968503937008,0.3325455420074039,-1.226771653543307,1.1023622047244095,48.1651376146789,0.8702168074401915,한미사이언스
008930,2026-04-23,38800,3,-0.773195876288657,STOP,0.1623134328358209,0.7143304718340748,0.6567164179104478,1.455223880597015,59.677419354838705,1.2931668575875999,한미사이언스
008970,2026-04-27,1967,3,-4.168784951703097,STOP,0.6966195977749259,2.1189162636033916,0.8275566966195963,1.8656397090286694,71.6117216117216,1.5249932205580696,KBI동양철관
009070,2025-09-03,5580,2,-1.4336917562724039,STOP,0.11067193675889328,10.307464649786262,-0.5770750988142292,1.7391304347826086,52.136752136752136,0.34303732111894214,KCTC
009070,2025-09-10,5680,3,-2.992957746478875,STOP,0.4260700389105058,9.892469671960392,0.12062256809338522,1.3229571984435797,54.61538461538461,0.7159358415496967,KCTC
009070,2025-09-18,5660,1,-1.590106007067138,STOP,0.33695652173913043,9.0233397086035,0.10869565217391304,1.565217391304348,54.34782608695652,0.6291279273476983,KCTC
009070,2025-09-22,5600,1,-0.7142857142857117,STOP,0.14678899082568808,8.02791784528347,0.0022935779816513763,1.2844036697247707,55.434782608695656,0.42733102757054897,KCTC
009070,2025-10-20,5640,8,-3.014184397163122,STOP,0.4872448979591837,-2.3609351606587636,-0.08418367346938775,1.989795918367347,52.857142857142854,0.6839596778584989,KCTC
009070,2026-01-02,6160,4,3.571428571428581,STOP,0.25658263305322127,3.006850469724602,1.2212885154061626,2.7563025210084033,61.7283950617284,1.9527688812620054,KCTC
009070,2026-01-14,6530,2,-3.522205206738127,STOP,0.4803288314738696,4.822191264944966,0.8690546095126248,1.4327657075748679,52.38095238095238,0.5328981906883947,KCTC
009070,2026-01-20,6510,4,-3.0721966205837226,STOP,0.5416936005171299,4.428703325311412,0.4654169360051713,1.6289592760180995,56.09756097560975,0.6297059245098543,KCTC
009070,2026-01-30,6740,1,-5.489614243323437,STOP,1.0262793914246195,4.58244684807999,0.15214384508990317,1.8257261410788381,54.693877551020414,0.3577297938745306,KCTC
009070,2026-02-03,6880,1,16.133720930232553,T_star,1.0914489311163895,5.081605123111822,0.2850356294536817,1.2351543942992873,56.55430711610487,0.48802991697611875,KCTC
009070,2026-02-27,7260,1,-2.203856749311295,STOP,0.13931743805516597,11.662859031280089,0.9733520336605891,2.113136979897148,33.48416289592761,0.9971222532223923,KCTC
009070,2026-04-16,6230,8,-4.3338683788122,STOP,0.5974025974025974,-1.3470721286755556,-0.6022727272727273,2.0454545454545454,57.08661417322834,1.0524747034673323,KCTC
009150,2025-10-14,198200,10,17.053481331987896,TIMEOUT,0.2893296853625171,13.55979849772861,1.915184678522572,1.7510259917920656,54.36337625178827,1.802541865461014,삼성전기
009150,2025-11-28,251000,10,8.366533864541825,TIMEOUT,1.7780020181634713,12.847979186291667,0.21796165489404642,0.6659939455095862,64.51612903225806,0.4549151445241472,삼성전기
009150,2026-01-08,272000,10,4.044117647058831,TIMEOUT,0.8497854077253219,10.223071046600463,0.2854077253218884,1.4592274678111588,68.08510638297872,1.0659572231748335,삼성전기
009150,2026-01-28,280000,3,1.0714285714285676,STOP,0.23228346456692914,9.223318283297308,1.0236220472440944,1.220472440944882,55.33333333333333,0.8674454287525586,삼성전기
009150,2026-02-03,307500,3,-7.642276422764227,STOP,1.9018181818181819,8.500492913925333,0.8145454545454546,0.14545454545454545,66.19718309859155,0.58351807626315,삼성전기
009150,2026-02-09,304000,10,53.45394736842106,TIMEOUT,1.2683363148479427,8.411663807890227,0.8050089445438283,0.3935599284436494,61.34020618556701,0.6554467291622913,삼성전기
009150,2026-03-13,400500,2,11.48564294631711,STOP,0.32056849585471775,18.862730206948928,1.779707856296881,2.3213580734307144,54.05872193436961,1.2609971301335972,삼성전기
009150,2026-03-18,464000,1,3.340517241379315,T_star,1.6237918215613383,19.924192997172778,1.6721189591078067,0.29739776951672864,49.81132075471699,0.18315716114684844,삼성전기
009150,2026-04-01,444500,1,-6.186726659167608,STOP,0.5075642965204236,18.83151487953328,0.5544629349470499,1.3313161875945536,59.07258064516129,1.093526177965073,삼성전기
009150,2026-04-03,456000,5,23.903508771929815,T_star,0.7698841698841699,18.747757940340502,0.24247104247104248,1.0038610038610039,57.142857142857146,1.1444078653154175,삼성전기
009155,2025-10-13,92000,3,-3.2608695652173947,STOP,1.3478260869565217,12.98377028714108,1.8652173913043477,1.0434782608695652,57.65765765765766,1.631547761804664,삼성전기우
009155,2025-10-17,91100,10,17.124039517014268,TIMEOUT,0.6587412587412588,13.02618414309769,1.2615384615384615,1.2587412587412588,47.46268656716418,0.9046869249935147,삼성전기우
009155,2025-11-28,115200,10,12.326388888888884,TIMEOUT,1.8644501278772379,13.336944962780144,0.5711849957374254,1.670929241261722,62.59398496240602,0.44543744990443307,삼성전기우
009155,2026-01-13,127000,8,-3.543307086614178,STOP,1.1111111111111112,11.039640987284967,0.20768431983385255,1.0384215991692627,64.52830188679245,0.5571272436840556,삼성전기우
009155,2026-02-13,129700,1,14.726291441788742,T_star,1.0565870910698496,6.643372108452386,-0.00618921308576481,0.4951370468611848,61.125319693094625,1.076305261610072,삼성전기우
009155,2026-03-13,165300,2,8.227465214761033,STOP,0.5321592649310873,13.443230643938334,1.5616385911179174,2.228177641653905,54.81535119478639,1.3489327749695605,삼성전기우
009155,2026-03-18,187700,3,-8.524240809802874,STOP,1.4691059716948567,14.353980579826917,1.4874007594062824,0.4625474628926476,51.515151515151516,0.1886868464374319,삼성전기우
009155,2026-03-24,174100,3,-2.8144744399770216,STOP,0.1430635838150289,14.215573869997424,1.4685693641618498,1.5534682080924855,65.37282941777323,0.33803084010316814,삼성전기우
009155,2026-04-01,170800,1,-6.5573770491803245,STOP,0.04966495861253449,12.687429393036872,0.29562475364603863,1.955065037445802,55.51801801801802,1.1957915378233652,삼성전기우
009155,2026-04-13,218500,10,42.56292906178489,TIMEOUT,3.205967675093245,14.324058113765084,0.8615830915872358,0.3729796933278077,69.92818671454219,0.21220809874823457,삼성전기우
009200,2026-04-17,2240,4,-5.803571428571431,STOP,1.0355348169418521,2.1256853648249687,0.609117013639626,3.1945441493180184,58.951965065502186,0.26892757564830744,무림페이퍼
009240,2025-11-17,46200,1,-2.922077922077926,STOP,0.5302013422818792,0.03934942287513116,0.49440715883668906,1.2080536912751678,55.9748427672956,0.37396688192995825,한샘
009240,2025-12-05,46850,2,-2.45464247598719,STOP,0.9272727272727272,1.9318587563189555,0.1409090909090909,0.6363636363636364,54.42176870748299,0.26108868484308845,한샘
009240,2025-12-10,45850,6,-0.5452562704471142,STOP,0.06635071090047394,2.1531819035104243,0.1066350710900474,1.6113744075829384,57.971014492753625,0.41280825509340946,한샘
009240,2025-12-17,46150,1,-1.1917659804983716,STOP,0.27977839335180055,2.2865168539325844,0.21606648199445982,0.8864265927977839,61.11111111111111,0.7111978653677405,한샘
009240,2025-12-19,46650,1,6.109324758842449,T_star,0.6775956284153005,2.171067394719126,0.2185792349726776,0.32786885245901637,54.54545454545455,0.6768877630869643,한샘
009240,2026-01-27,44900,8,-1.1135857461024523,STOP,0.4417744916820702,-0.46079592022583404,-1.009242144177449,2.144177449168207,62.34567901234568,1.1986894169370879,한샘
009240,2026-02-10,45550,3,6.695938529088918,T_star,0.3421516754850088,-0.261325633668986,0.5379188712522046,1.128747795414462,54.87179487179487,0.4096008052814858,한샘
009290,2026-03-12,9010,3,0.6659267480577213,STOP,0.6459489456159823,13.668662227941583,1.5638179800221976,4.206437291897891,56.03345280764636,0.7524885047914595,광동제약
009290,2026-03-25,9010,1,-1.1098779134295245,STOP,0.099601593625498,15.527004647684164,1.056573705179283,1.9282868525896415,63.53790613718411,0.9945207018705904,광동제약
009290,2026-04-27,8440,3,-2.0142180094786744,STOP,0.33890577507598785,11.351265535698078,-0.8936170212765957,1.3981762917933132,60.19417475728155,0.6220496169007749,광동제약
009290,2026-05-04,8350,1,-2.8742514970059863,STOP,0.017452006980802792,11.056156848828952,-0.5218150087260035,2.338568935427574,54.6583850931677,0.706734149995414,광동제약
009410,2026-03-11,1775,1,-1.9154929577464785,STOP,0.15902964959568774,2.214084901601791,0.7735849056603765,2.4707996406109616,52.92504570383912,1.0975046072801384,태영건설
009410,2026-03-23,1903,5,-5.517603783499736,STOP,0.6324915190350553,2.033531960459655,0.5412740294006781,1.2966453071993969,54.87693710118506,0.35884080139241675,태영건설
009410,2026-04-14,1970,10,3.8071065989847774,TIMEOUT,0.6566024008730448,3.449893015212366,0.6056747908330302,1.8552200800291017,54.413291796469366,0.3062676304648553,태영건설
009410,2026-04-29,2020,1,-2.970297029702973,STOP,0.21009305654974883,6.564945830281064,0.6968503937007884,1.8253400143163925,45.468277945619334,1.5431589071968421,태영건설
009415,2026-01-07,11260,1,-4.529307282415629,STOP,0.010432540147696635,41.023070883242276,0.8301488688313211,1.7911147579416247,54.79551212450235,0.4758655383970006,태영건설우
009420,2025-10-14,34750,7,-3.8848920863309377,STOP,1.2685714285714285,9.115972430326641,0.7123809523809523,0.8761904761904762,65.45454545454545,0.42917837362816164,한올바이오파마
009420,2025-10-27,34800,3,-2.8735632183908066,STOP,0.8064243448858833,7.683011049723756,0.3989856297548605,1.0819949281487744,59.60591133004926,1.0240155705155993,한올바이오파마
009420,2025-10-31,41400,10,5.555555555555558,TIMEOUT,3.5849056603773586,8.073108529328426,0.7065712426805465,0.5725439167208849,69.71428571428572,0.21663531366658761,한올바이오파마
009420,2025-11-24,44450,2,4.2744656917885315,T_star,0.7296268088347296,15.100742878520649,1.3937547600913938,1.568926123381569,55.400696864111495,0.5172061761658695,한올바이오파마
009420,2026-01-08,52600,9,-13.498098859315588,STOP,2.7154095326237853,10.468172396846088,-0.7783433595557612,0.33317908375751965,74.33155080213903,0.577455067365922,한올바이오파마
009420,2026-01-23,50300,6,-1.88866799204771,STOP,0.8842275110931828,11.201522143955948,0.7164179104477612,1.516740621218233,55.08474576271186,0.9412268351805885,한올바이오파마
009420,2026-02-03,53800,3,-9.293680297397767,STOP,0.9907010014306151,10.879833793927997,1.0185979971387698,0.5436337625178826,62.19512195121952,0.5285047779553523,한올바이오파마
009420,2026-02-09,51700,7,18.181818181818187,T_star,0.3563380281690141,9.501509996559502,0.6830985915492958,1.1267605633802817,53.80622837370243,1.019828334320716,한올바이오파마
009420,2026-03-11,57400,1,-2.6132404181184676,STOP,0.33295063145809417,6.645920143467482,0.5585533869115958,1.5154994259471872,53.562653562653566,1.1818692382433464,한올바이오파마
009420,2026-03-26,64400,3,-14.130434782608692,STOP,1.777533039647577,6.014532883585892,0.005506607929515419,0.4845814977973568,62.5,0.2300792513424383,한올바이오파마
009420,2026-04-01,58500,1,-7.008547008547006,STOP,0.44271412680756395,6.749726631101097,-0.06896551724137931,1.8020022246941045,53.385416666666664,0.6533176906767781,한올바이오파마
009420,2026-04-28,51500,2,-7.961165048543695,STOP,0.8142076502732241,0.2276377130205608,-1.3715846994535519,2.877959927140255,67.66917293233082,0.4219741604700308,한올바이오파마
009450,2025-09-09,80300,6,-3.1133250311332517,STOP,0.5331230283911672,1.4086919289231492,-1.660883280757098,4.006309148264984,68.30985915492957,0.7311345063682544,경동나비엔
009450,2026-03-25,63000,2,-1.4285714285714235,STOP,0.12186379928315412,2.770960561611772,-0.3673835125448029,2.078853046594982,60.0,0.4800776906728969,경동나비엔
009450,2026-03-31,63000,3,-0.31746031746031633,STOP,0.34375,2.5449609772650152,-0.6440972222222222,1.5972222222222223,54.5945945945946,0.7010216858186452,경동나비엔
009450,2026-04-13,69500,10,8.920863309352512,TIMEOUT,1.9694915254237289,4.338156635324579,0.5915254237288136,0.1694915254237288,64.01673640167363,0.6353680875593652,경동나비엔
009450,2026-05-15,76800,1,-6.7708333333333375,STOP,1.1043293115684882,7.650243928590572,1.347054648687012,0.9368346344925479,59.0625,0.9881137549915499,경동나비엔
009470,2026-02-23,50800,1,-3.937007874015752,STOP,0.42300805729632945,15.767734370836214,1.585496866606983,1.557743957027753,49.13151364764268,0.6977016161038199,삼화전기
009470,2026-04-15,40300,10,21.588089330024808,TIMEOUT,1.3466738777717686,6.165719616656759,-0.5386695511087074,0.32449972958355866,59.90220048899756,0.6225656645486622,삼화전기
009540,2025-09-19,407500,1,-1.104294478527612,STOP,0.012102874432677761,5.959897816551802,1.5824508320726172,1.8456883509833586,44.60431654676259,1.8413028893296077,HD한국조선해양
009540,2025-10-16,422500,10,9.23076923076922,TIMEOUT,0.8106194690265487,5.9740259740259685,-0.1592920353982301,0.9557522123893806,58.42696629213483,0.7189470797916095,HD한국조선해양
009540,2025-12-12,449500,2,-6.006674082313679,STOP,1.3070987654320987,2.7757209469871413,-0.0787037037037037,0.18518518518518517,56.888888888888886,0.446961491614354,HD한국조선해양
009540,2025-12-23,432000,1,-3.703703703703709,STOP,0.352112676056338,1.2034946500441832,0.04753521126760563,1.443661971830986,53.94736842105264,1.1247576712654614,HD한국조선해양
009580,2026-04-10,2715,4,36.648250460405166,T_star,0.41452991452991456,1.5533520592913468,0.688034188034188,3.133903133903134,56.74603174603175,1.1449891441519298,무림P&P
009830,2026-03-09,50500,3,4.950495049504955,STOP,0.4773662551440329,24.295063180433676,1.8288932207060862,1.5247996534546242,52.42248062015503,0.8360599787402407,한화솔루션
009830,2026-03-20,51700,1,-10.058027079303677,STOP,0.4050563341577356,24.52908015949401,0.7111843913162957,1.1431712008793624,48.50230414746544,0.47057400236316177,한화솔루션
009830,2026-04-17,44050,10,13.280363223609527,TIMEOUT,1.0678200692041522,11.29071436457989,-1.2858131487889273,2.5051903114186853,69.45169712793734,0.7511872675427036,한화솔루션
009830,2026-05-14,47800,1,-5.648535564853551,STOP,0.316817864619679,11.310846293678038,1.1221214235868806,2.12142358688067,50.57736720554273,1.1616530987620015,한화솔루션
009835,2026-03-06,30450,1,-3.77668308702791,STOP,0.4842814371257485,11.615805946791868,1.1414670658682635,1.3922155688622755,51.9455252918288,0.8477165955729767,한화솔루션우
009900,2025-12-23,9030,2,-0.33222591362126463,STOP,0.2617246596066566,-0.15390679254491876,0.9652042360060514,1.4220877458396368,51.50214592274678,0.6285585163620727,명신산업
009900,2025-12-29,9120,1,-1.6447368421052655,STOP,0.2637037037037037,0.2936581141878282,1.0562962962962963,1.125925925925926,47.97979797979798,0.5977673441539787,명신산업
009900,2026-02-03,9200,2,0.43478260869564966,STOP,0.08296943231441048,0.21323955780849593,0.4090247452692867,1.6593886462882097,48.80952380952381,0.8225303734322069,명신산업
009900,2026-02-20,9500,2,-2.631578947368418,STOP,0.6371681415929203,1.5363337320574162,0.5256637168141592,0.9557522123893806,55.78947368421053,0.8284054318672303,명신산업
009900,2026-02-25,11000,4,-21.818181818181813,STOP,4.2591623036649215,2.424446187754499,0.28403141361256545,1.8586387434554974,81.41592920353982,0.13288714924796097,명신산업
009900,2026-03-11,9960,2,11.244979919678721,T_star,0.4546675621222297,3.7932254520399993,0.4318334452652787,2.995298858294157,53.61445783132529,0.4195554400745115,명신산업
009900,2026-03-18,10520,3,-5.4182509505703464,STOP,0.6114577424844015,4.736423056270491,0.4401588201928531,1.8944980147475894,46.907216494845365,0.3644924808653136,명신산업
009900,2026-04-17,10520,10,26.23574144486691,TIMEOUT,1.4693654266958425,2.9480613196754426,-0.3774617067833698,1.312910284463895,64.3835616438356,0.6648890806385263,명신산업
009970,2025-09-04,130900,10,8.861726508785338,TIMEOUT,0.7105612019443217,2.8474392417159646,-0.8139637649138312,1.113566062748564,54.43037974683545,0.22167254899065228,영원무역홀딩스
009970,2025-10-28,141100,5,-3.2600992204110613,STOP,0.797164667393675,0.13170646852713855,-0.4034896401308615,0.8287895310796074,60.55776892430279,1.013822907407975,영원무역홀딩스
009970,2025-11-07,146800,10,17.57493188010899,TIMEOUT,1.0334494773519163,0.6519633410327099,0.2787456445993031,3.8606271777003482,60.62992125984252,0.6724615691241425,영원무역홀딩스
009970,2026-01-23,196200,10,5.759429153924556,TIMEOUT,0.8036159600997507,10.79179732629146,-0.7275561097256857,1.0972568578553616,60.664819944598335,0.6076627602573826,영원무역홀딩스
009970,2026-03-05,227000,1,1.541850220264318,T_star,0.022984983144345696,11.300956785924823,1.2163653079987742,2.145265093472265,54.54545454545455,0.7274459330725419,영원무역홀딩스
009970,2026-03-11,230500,2,-3.253796095444683,STOP,0.0391304347826087,10.23123386817807,0.8965217391304348,1.826086956521739,48.93617021276596,0.6721632997902931,영원무역홀딩스
010060,2025-09-15,100200,9,-9.58083832335329,STOP,1.8275434243176178,7.833505687693898,-0.6637717121588089,2.1588089330024816,70.43795620437956,0.14768211031722198,OCI홀딩스
010060,2025-10-22,104000,10,10.769230769230775,TIMEOUT,2.8869814020028612,3.9160200821542674,-0.27896995708154504,0.02861230329041488,63.142857142857146,0.24905354050239992,OCI홀딩스
010060,2025-12-18,106000,1,8.301886792452828,T_star,0.7385759829968119,3.2099910557524765,-1.0637619553666313,1.5727948990435707,53.55805243445693,0.5997579580104488,OCI홀딩스
010060,2026-01-22,115300,1,7.198612315698183,T_star,0.5578947368421052,5.208399821280398,0.49230769230769234,1.8137651821862348,63.92045454545455,0.31084416310586693,OCI홀딩스
010060,2026-03-18,193600,10,-0.05165289256198191,TIMEOUT,2.9382933709449928,14.413412725118135,0.6001410437235543,0.41607898448519043,65.4130288784419,0.221703657865659,OCI홀딩스
010060,2026-04-08,197200,3,-1.8255578093306246,STOP,0.39990002499375155,21.486708632372398,1.3751562109472633,1.889527618095476,49.610591900311526,0.7723747375431261,OCI홀딩스
010060,2026-04-15,235000,10,58.08510638297872,TIMEOUT,1.8829867201202706,22.18272488971293,1.2397895264344776,0.4760711601102481,66.77482154445165,0.7118123433116457,OCI홀딩스
010060,2026-05-14,364500,2,-12.757201646090532,STOP,1.0220681850332438,42.7574078586336,1.9939171028434008,0.9760927995473193,63.324538258575195,0.894890400462781,OCI홀딩스
010100,2026-01-12,5360,10,16.044776119402982,TIMEOUT,2.3421250941974376,3.30358995642249,0.905802562170309,1.5674453654860587,69.86817325800376,0.15109032922772403,한국무브넥스
010120,2025-09-10,61700,8,-5.024311183144247,STOP,1.8306122448979592,3.3705176899841405,-0.9775510204081632,0.8571428571428571,75.56818181818181,0.508697063871237,LS ELECTRIC
010120,2025-10-20,63900,10,52.89514866979657,TIMEOUT,2.1300108342361863,1.7506539799350331,0.01950162513542795,0.7583965330444203,64.97175141242937,0.6035767278194548,LS ELECTRIC
010120,2025-12-08,103600,7,-8.4942084942085,STOP,1.528441879637263,19.028600876062875,0.4113767518549052,0.6924979389942292,61.94331983805668,0.1880727436037317,LS ELECTRIC
010120,2026-01-12,99200,2,8.669354838709676,T_star,0.7433035714285714,15.626130824410907,-0.04799107142857143,1.1607142857142858,59.45205479452055,0.7918574430099953,LS ELECTRIC
010120,2026-01-29,111400,3,9.874326750448837,T_star,1.3767885532591415,13.091592697391366,0.9721780604133545,0.794912559618442,68.16143497757847,0.782399071831674,LS ELECTRIC
010120,2026-03-11,144400,3,1.5235457063711877,STOP,0.48625592417061614,15.067138283070422,1.49478672985782,1.933649289099526,56.55913978494623,1.1139597194401685,LS ELECTRIC
010120,2026-03-18,166600,1,4.801920768307322,T_star,2.0227488151658766,16.313548955326123,1.1080568720379147,0.11374407582938388,57.8125,0.31957016011776107,LS ELECTRIC
010120,2026-04-06,159800,1,-1.3767209011264048,STOP,0.19845360824742267,17.889847378898473,0.5747422680412371,1.8556701030927836,53.66336633663367,1.9217765153710895,LS ELECTRIC
010120,2026-04-15,186800,10,46.14561027837259,TIMEOUT,1.9562794684954994,18.889963961690007,0.7629661380197171,1.1315902271753107,61.79245283018868,0.2293345091529993,LS ELECTRIC
010120,2026-05-21,271500,1,3.4990791896869267,STOP,0.09427880741337631,33.61354083835057,1.976430298146656,2.5584206285253828,49.52681388012618,8.096672091563448,LS ELECTRIC
010130,2025-10-14,1386000,10,-22.438672438672434,STOP,6.156033820138355,6.392452676737897,1.0876249039200614,1.4142966948501152,81.45025295109612,0.13264884528258877,고려아연
010130,2025-11-19,1140000,3,-5.438596491228065,STOP,0.9531914893617022,10.555950363527032,-0.9208510638297872,1.225531914893617,57.055214723926376,0.384482600792478,고려아연
010130,2026-01-20,1621000,10,5.860579888957429,TIMEOUT,2.83785140562249,7.539382167697354,-0.3985943775100402,0.6526104417670683,63.45945945945947,1.002378282428346,고려아연
010130,2026-02-12,1732000,1,-3.5796766743648956,STOP,0.15856481481481483,16.69681669681669,1.779706790123457,2.330246913580247,55.993690851735025,1.7302094198828533,고려아연
010130,2026-02-26,2055000,3,-20.583941605839417,STOP,2.269310202395704,18.037128425077835,1.003717472118959,1.0987195373812475,66.3768115942029,0.7009974896916755,고려아연
010130,2026-04-15,1660000,10,-3.3734939759036187,STOP,1.3623522628999711,5.036469538752175,-0.5978668204093399,0.778322283078697,59.076433121019114,0.18836954935247235,고려아연
010130,2026-05-04,1629000,1,7.243707796193988,T_star,0.11584699453551912,1.9126635763219526,1.0273224043715847,1.7486338797814207,44.137931034482754,4.523062717317598,고려아연
010140,2025-09-17,21550,3,-1.39211136890951,STOP,0.5637411915438821,7.8018633831171735,1.5144138372837925,1.6015374759769379,52.05479452054795,0.777104783620748,삼성중공업
010140,2025-09-24,21850,2,-4.576659038901598,STOP,0.7076923076923077,7.942248207877066,1.5215384615384615,1.4615384615384615,62.50000000000001,1.1808211053134705,삼성중공업
010140,2025-09-30,21900,5,-3.1963470319634757,STOP,0.6492537313432836,8.16101610703091,0.7253731343283583,1.3432835820895523,53.60824742268041,0.7172830536432017,삼성중공업
010140,2025-10-16,22300,10,35.8744394618834,TIMEOUT,0.8920353982300885,8.315086876677503,0.35752212389380533,0.6371681415929203,57.142857142857146,1.0589576165441787,삼성중공업
010140,2025-12-12,26300,2,-5.323193916349811,STOP,0.9245033112582781,6.7871181795232385,-0.8079470198675497,1.1125827814569536,59.3984962406015,0.543019518624687,삼성중공업
010140,2025-12-19,25400,1,-2.1653543307086576,STOP,0.21300138312586445,5.507011486153195,-0.30982019363762103,2.1576763485477177,56.81818181818182,0.9934240689014059,삼성중공업
010140,2026-01-12,28150,10,6.216696269982247,TIMEOUT,2.946291560102302,4.885252580119491,0.09974424552429667,0.5115089514066496,72.08121827411168,0.2746430449056783,삼성중공업
010140,2026-02-27,28950,1,-3.2815198618307395,STOP,0.2889447236180904,2.79417305035791,-0.7587939698492462,1.5075376884422111,47.45762711864407,0.8628611165104358,삼성중공업
010140,2026-03-18,29100,1,-2.0618556701030966,STOP,0.3188405797101449,3.9121247902554273,0.18115942028985507,1.3623188405797102,50.434782608695656,0.5437287554760007,삼성중공업
010140,2026-04-13,27600,10,21.19565217391304,TIMEOUT,0.27040816326530615,2.1311081762516553,-0.3112244897959184,1.7006802721088434,55.660377358490564,1.5028043699243754,삼성중공업
010580,2025-10-21,2355,1,29.93630573248407,T_star,0.7504174889934722,9.481861472316535,1.0463033247305296,3.279186275998178,56.926406926406926,0.413058189631229,에스엠벡셀
010580,2026-01-19,2795,3,-1.2522361359570633,T_star,1.8091849935316955,2.8662228967258057,0.9657179818887444,0.43122035360068994,56.271186440677965,0.4474800479125635,에스엠벡셀
010660,2025-09-11,4735,10,-1.9007391763463555,TIMEOUT,1.125250501002004,-2.877036050181605,-1.4959919839679359,1.7434869739478958,63.51351351351351,0.3567732538137782,화천기계
010660,2026-01-23,5940,10,9.427609427609429,TIMEOUT,3.976151315789474,0.9673602895121378,-0.9802631578947368,2.6973684210526314,76.8,0.016480336549930842,화천기계
010660,2026-02-12,5730,4,6.457242582897038,STOP,0.17751217352810977,6.857649451561874,1.2979194333776007,1.8238158477202302,47.74193548387097,0.86473506901198,화천기계
010660,2026-03-25,5940,3,4.377104377104368,T_star,0.32083958020989506,4.930824836038107,-0.025487256371814093,1.6491754122938531,54.802259887005654,1.2321663995326115,화천기계
010690,2025-09-03,8800,2,-0.3409090909090917,STOP,0.14258188824662812,2.8268551236749193,0.2023121387283237,1.9267822736030829,49.67741935483871,0.5367622672555765,화신
010690,2025-12-22,8620,1,-2.9002320185614883,STOP,0.2621951219512195,-0.14249588568218124,1.1996951219512195,2.408536585365854,54.58015267175573,1.524425461360115,화신
010690,2026-01-19,9630,2,1.5576323987538832,T_star,2.68268156424581,1.2265613985619626,-0.39106145251396646,2.994413407821229,71.84115523465704,0.3846175322790195,화신
010690,2026-02-04,9320,2,-4.613733905579398,STOP,0.48293963254593175,2.346790125920456,0.8853893263342082,2.8871391076115485,59.85748218527316,2.1495700572582264,화신
010690,2026-02-12,11420,2,1.4886164623467701,T_star,2.855783308931186,4.231790326766081,0.9304538799414348,0.3953147877013177,69.27835051546391,0.15316724821423935,화신
010690,2026-03-13,12760,2,-0.07836990595611049,STOP,0.22773722627737225,16.459820043437805,1.3682481751824818,2.291970802919708,50.313901345291484,0.9561365130215931,화신
010690,2026-04-17,11390,2,7.462686567164178,T_star,0.4068554396423249,8.678453217082431,-1.0141579731743666,1.4307004470938898,54.924874791318864,1.3930223846265066,화신
010780,2026-02-03,23800,2,13.86554621848739,T_star,0.7422480620155039,7.603581341818427,-0.43410852713178294,0.6976744186046512,51.35135135135135,0.6182370589576985,아이에스동서
010780,2026-03-18,32400,3,-10.339506172839508,STOP,0.7619603267211202,17.81181097669983,0.926487747957993,0.9568261376896149,51.807228915662655,0.27642152478031734,아이에스동서
010780,2026-04-16,29000,6,-4.137931034482756,STOP,0.6666666666666666,5.494781843329566,-0.9229559748427673,1.7924528301886793,58.46774193548388,0.5224404788003683,아이에스동서
010780,2026-04-28,28950,2,-7.772020725388606,STOP,0.5699481865284974,6.561988069112607,-0.06217616580310881,0.3799654576856649,51.851851851851855,1.0358323804399006,아이에스동서
010780,2026-05-21,30000,6,-8.333333333333337,STOP,1.1900726392251817,1.2350045686326567,-0.17675544794188863,0.6537530266343826,51.12994350282486,0.33687491865570013,아이에스동서
010820,2025-09-03,4295,10,10.011641443538988,TIMEOUT,0.246875,4.490233690159444,-0.7234375,1.6875,53.599999999999994,0.6709896084933891,퍼스텍
010820,2025-09-29,4610,2,-0.5422993492407824,STOP,0.13101330603889458,4.678026550425996,0.8536335721596725,2.579324462640737,56.80473372781065,1.7254135948718954,퍼스텍
010820,2025-10-22,4690,1,5.4371002132196145,T_star,0.34764397905759165,3.976689705910832,-0.014659685863874346,1.3403141361256545,54.81651376146789,0.7414530284564319,퍼스텍
010820,2025-11-03,4730,1,-3.2769556025370017,STOP,0.17687747035573123,2.432284075637424,0.29446640316205536,1.6600790513833992,56.76392572944297,0.6065935170473172,퍼스텍
010820,2026-03-19,7470,1,-5.488621151271755,STOP,0.03766478342749529,28.18587702965144,1.4592749529190208,2.3258003766478343,53.04347826086957,0.7671871891431795,퍼스텍
010820,2026-04-07,7660,2,27.54569190600522,T_star,0.34050179211469533,23.73836853902058,-0.13405017921146953,2.3512544802867383,50.88566827697262,0.4817142337121783,퍼스텍
010950,2025-09-30,62400,10,9.134615384615374,TIMEOUT,1.7777777777777777,-0.47238964000651573,-0.07777777777777778,1.7777777777777777,57.79220779220779,0.40267446682919444,S-Oil
010950,2025-12-17,84900,1,-5.182567726737341,STOP,0.8838896952104499,10.797658160618564,-0.20174165457184326,1.6545718432510885,68.0,0.5397339625468733,S-Oil
010950,2025-12-19,81500,5,-0.24539877300613355,STOP,0.14265335235378032,10.348774903794638,-0.6019971469329529,2.3965763195435095,57.758620689655174,0.6395080677727358,S-Oil
010950,2025-12-30,83000,1,-3.2530120481927716,STOP,0.2962962962962963,10.570358429736379,-0.02861952861952862,2.323232323232323,55.0,1.3016240522019438,S-Oil
010950,2026-01-05,84600,2,-4.373522458628843,STOP,0.7353407290015848,10.390463675614791,0.1347068145800317,1.6798732171156894,56.944444444444436,0.9971735758101041,S-Oil
010950,2026-01-13,87800,10,15.603644646924831,TIMEOUT,1.2583629893238435,9.832588267493843,0.496797153024911,0.597864768683274,62.2568093385214,0.38768112014943035,S-Oil
010950,2026-02-13,106200,10,26.836158192090398,TIMEOUT,1.4542372881355932,8.98367906948171,1.7898305084745763,0.632768361581921,61.583577712609966,0.95506356776738,S-Oil
010950,2026-04-07,114800,2,4.181184668989557,T_star,0.6078136739293765,9.698394180620358,-0.8610067618332081,0.8414725770097671,54.007633587786266,0.7910670647963939,S-Oil
010950,2026-04-24,119400,1,-3.350083752093802,STOP,0.6777003484320557,8.961418581741246,0.725609756097561,0.8885017421602788,51.96374622356495,1.4395126191338883,S-Oil
010950,2026-04-28,118700,1,13.14237573715249,T_star,0.40267857142857144,8.56634957240319,0.65,1.0357142857142858,59.59302325581395,1.6604895450004935,S-Oil
010955,2026-02-24,57500,3,-4.347826086956519,STOP,0.6839080459770115,6.0468698041549365,1.4923371647509578,1.5708812260536398,44.23076923076923,1.0593315253107731,S-Oil우
010955,2026-02-26,56500,1,-2.6548672566371723,STOP,0.07231208372978117,6.325164708753104,1.4529019980970503,1.9410085632730734,53.33333333333333,1.3875998721636305,S-Oil우
010955,2026-03-03,65700,4,-12.633181126331817,STOP,2.576144036009002,6.822987071505325,1.1477869467366841,1.4103525881470367,70.0,0.23516656124496474,S-Oil우
010955,2026-04-14,57000,10,2.1052631578947434,TIMEOUT,0.9394572025052192,4.224420362903226,-0.3068893528183716,0.5010438413361169,56.375838926174495,0.4704708445306661,S-Oil우
010955,2026-05-04,59500,2,-5.882352941176472,STOP,1.0953545232273838,4.138079561886604,1.1809290953545233,1.6136919315403424,57.692307692307686,0.9757588515816661,S-Oil우
011070,2025-09-17,173900,10,8.395629672225425,TIMEOUT,1.3214953271028038,4.376145587850223,0.6616822429906543,1.1214953271028036,55.85738539898132,0.6556064029774225,LG이노텍
011070,2025-10-17,209500,10,15.03579952267302,TIMEOUT,2.804144385026738,7.678774598626275,1.641711229946524,0.4679144385026738,64.85507246376812,0.5837919002525525,LG이노텍
011070,2025-12-04,283000,10,-0.7067137809187329,TIMEOUT,3.3318435754189943,14.51258853745456,0.587709497206704,0.0,73.41040462427745,0.23543081401844795,LG이노텍
011070,2026-01-16,286000,6,-3.4965034965035002,STOP,0.8241308793456033,11.981330424039239,-0.3946830265848671,0.8997955010224948,58.282208588957054,0.6962438697884049,LG이노텍
011070,2026-02-25,287500,4,-14.43478260869565,STOP,3.0021505376344084,1.4677506089266925,-1.0086021505376344,0.6021505376344086,74.6268656716418,0.0925349261426932,LG이노텍
011070,2026-03-26,303000,10,12.541254125412538,TIMEOUT,1.0405827263267429,0.5892072201265705,0.4953173777315297,2.1019771071800206,63.095238095238095,0.4014445408741672,LG이노텍
011150,2026-02-11,2955,8,-3.5532994923857864,STOP,2.0442708333333335,1.320976138175915,0.16927083333333334,0.20833333333333331,66.66666666666666,0.6581649966386016,CJ씨푸드
011170,2025-09-04,63200,5,4.272151898734178,STOP,0.11886792452830189,1.6741247696762305,-0.3490566037735849,3.018867924528302,55.02183406113538,0.9765111056444765,롯데케미칼
011170,2025-09-15,66500,6,-3.157894736842104,STOP,0.7639639639639639,1.5640555410007861,0.43963963963963965,1.6936936936936937,43.60902255639098,0.608903251633565,롯데케미칼
011170,2025-09-26,67000,5,-2.3880597014925398,STOP,0.9906759906759907,0.8708460385549717,0.358974358974359,1.3986013986013985,62.0253164556962,0.9223979469964348,롯데케미칼
011170,2025-10-14,67500,10,9.185185185185185,TIMEOUT,0.46987951807228917,1.1141628232367689,0.6184738955823293,1.7269076305220883,55.24861878453039,0.3547410193073907,롯데케미칼
011170,2025-11-13,87000,7,-14.367816091954023,STOP,3.4705882352941178,4.620419852207928,0.8877005347593583,0.48128342245989303,65.58823529411765,0.17397311439503016,롯데케미칼
011170,2025-12-23,74100,2,-2.1592442645074206,STOP,0.10764430577223089,4.248915851086512,-1.107644305772231,2.9641185647425896,49.12280701754386,0.841769863208196,롯데케미칼
011170,2026-01-21,73100,1,5.335157318741457,T_star,0.6368613138686131,1.0817472271669177,-0.3886861313868613,1.3503649635036497,57.865168539325836,1.1212451736401243,롯데케미칼
011170,2026-02-11,80000,2,0.374999999999992,STOP,0.3301384451544196,1.7264725795531484,1.060702875399361,2.0234291799787005,53.246753246753244,1.4098979081432355,롯데케미칼
011170,2026-02-25,90300,4,-20.487264673311188,STOP,1.490566037735849,2.5547445255474455,0.8238993710691824,1.778975741239892,64.84018264840182,0.20079416611204717,롯데케미칼
011170,2026-03-27,82700,10,11.608222490931075,TIMEOUT,0.7645161290322581,1.8722901064249113,-0.40725806451612906,2.870967741935484,66.76384839650146,0.3349430918681133,롯데케미칼
011170,2026-04-06,83600,10,6.818181818181812,TIMEOUT,0.9948770491803278,2.6984092442278045,-0.19364754098360656,0.7172131147540983,70.5521472392638,0.8807323117735348,롯데케미칼
011170,2026-04-14,88600,10,6.659142212189617,TIMEOUT,0.7508771929824561,5.607354478912513,1.2692982456140351,2.0701754385964914,62.42937853107345,0.5001703769489378,롯데케미칼
011170,2026-04-28,94500,8,-5.714285714285716,STOP,1.1190987124463518,6.771424289781837,1.065450643776824,1.2660944206008584,54.849498327759186,0.29301118093449996,롯데케미칼
011200,2025-09-10,23750,7,-5.4736842105263195,STOP,1.6161971830985915,0.2822739128881214,-0.29225352112676056,1.056338028169014,69.4915254237288,0.39555921153739126,HMM
011200,2026-02-11,21050,10,16.389548693586708,TIMEOUT,1.2073658927141713,-0.0728488882266323,0.10568454763811048,0.9607686148919136,55.506607929515425,0.6969586244896253,HMM
011200,2026-04-13,21150,10,-0.9456264775413725,TIMEOUT,1.269543973941368,-0.04000544073993481,-0.7271986970684039,1.221498371335505,67.0391061452514,0.3387561849864812,HMM
011210,2025-10-21,55700,10,2.5134649910233398,TIMEOUT,4.029304029304029,0.9134471398622341,-0.6831501831501832,0.8791208791208791,72.37354085603113,0.23207391870005045,현대위아
011210,2025-11-11,56600,3,-1.590106007067138,STOP,0.45524017467248906,3.474425059476606,1.6823144104803494,1.703056768558952,45.270270270270274,0.32351151766231867,현대위아
011210,2025-11-28,62200,10,6.913183279742774,TIMEOUT,2.2579324462640735,4.519480519480519,0.1187308085977482,0.4094165813715456,70.1863354037267,0.3823945320378548,현대위아
011210,2026-01-28,85600,2,0.1168224299065379,STOP,0.04669260700389105,18.239029049839846,1.267704280155642,1.9766536964980546,52.08333333333333,1.0301050016100195,현대위아
011210,2026-02-25,92200,4,-14.967462039045554,STOP,1.8847222222222222,14.15858389912707,-0.4486111111111111,0.5555555555555556,71.19341563786008,0.24215251224180812,현대위아
011210,2026-03-05,91000,2,-9.340659340659341,STOP,0.6492478226444972,14.034347836273744,0.13460015835312747,3.4204275534441804,56.56565656565656,0.7039578896879026,현대위아
011210,2026-03-10,87800,1,-2.050113895216399,STOP,0.059113300492610835,13.248972280274671,0.2857142857142857,3.490499648135116,50.921985815602845,0.7670333215461522,현대위아
011210,2026-04-20,84000,10,-2.7380952380952395,STOP,1.1936813186813187,-0.45111597029332967,-0.6346153846153846,1.1263736263736264,60.48632218844985,0.5170774377023257,현대위아
011210,2026-05-07,83300,1,8.64345738295318,T_star,0.19880418535127056,-1.9273535952557506,0.828101644245142,1.5844544095665172,55.82329317269076,1.1785533285377976,현대위아
011280,2026-04-10,2150,7,0.23255813953488857,STOP,0.43953838434520776,0.8126562015060645,0.48695434019066824,3.4119417962870044,60.17069701280228,1.4621062328463945,태림포장
011500,2025-11-10,16150,1,-1.6718266253869962,STOP,0.29071995620038327,2.0387046891344927,1.168902272105119,2.5294278675061594,56.37065637065637,1.0739658696971615,한농화성
011500,2025-11-12,16060,1,2.3038605230386144,STOP,0.02374043787918755,2.164467697907184,1.0176734370878395,2.5323133737800054,55.21796565389696,0.7143496921328109,한농화성
011500,2025-12-22,15530,1,-1.2878300064391501,STOP,0.1339366515837104,2.474318396357381,0.2081447963800905,2.2986425339366514,51.358695652173914,0.8955608541472705,한농화성
011500,2026-01-15,15580,2,15.46854942233633,T_star,0.6382623224728488,1.746572732123222,-0.47619047619047616,1.3533834586466165,52.42718446601941,0.4840161538307706,한농화성
011500,2026-02-19,25300,2,-6.9169960474308345,STOP,0.4528549551520455,17.355169102741915,2.132137387880114,1.618901772041129,53.846153846153854,0.6645123618562503,한농화성
011500,2026-02-24,26100,4,-8.045977011494255,STOP,0.43681917211328974,19.53727506426735,1.8139433551198256,1.263616557734205,50.62240663900415,0.5338698902727246,한농화성
011500,2026-04-14,21000,5,20.238095238095234,T_star,0.2999128160418483,8.763543144589185,-0.6974716652136007,1.0897994768962511,50.332889480692415,0.9138098566338794,한농화성
011690,2025-09-05,3690,10,-3.2520325203251987,TIMEOUT,2.1852286049237986,1.2707522033203573,-0.12895662368112543,0.7268464243845252,70.35714285714286,0.18632486350675753,와이투솔루션
011690,2026-01-08,4215,6,-3.4400948991696323,STOP,0.2824184566428003,6.664106502816175,0.7398568019093079,2.720763723150358,60.0,0.1910703295322931,와이투솔루션
011690,2026-01-19,4230,5,22.458628841607563,T_star,0.329619312906221,8.188560653676928,-0.12163416898792943,2.265552460538533,58.992805755395686,0.6209251442433809,와이투솔루션
011690,2026-03-10,7600,2,-6.052631578947365,STOP,0.3390392048591938,34.493493555818446,1.3108779679734952,2.3302043070127003,60.99210822998872,1.222358190197345,와이투솔루션
011690,2026-04-16,7070,10,14.992927864215,TIMEOUT,2.6170921198668147,10.312202968487247,-1.0876803551609322,0.3551609322974473,66.58227848101265,0.1492328099197296,와이투솔루션
011700,2025-09-09,3750,3,-5.600000000000005,STOP,0.8599397590361446,2.555845333938084,-0.06325301204819277,0.9036144578313253,68.16143497757847,0.3678640193027922,한신기계
011700,2025-09-11,3660,1,-3.2786885245901676,STOP,0.2996987951807229,1.4485897089303457,-0.0030120481927710845,1.4457831325301205,50.55555555555556,0.5927798261377619,한신기계
011700,2025-09-16,3600,1,-2.9166666666666674,STOP,0.012030075187969926,-0.9894355973466231,-0.061654135338345864,1.8045112781954886,51.12107623318386,0.67309238681684,한신기계
011700,2026-02-10,4240,3,15.683962264150942,T_star,0.5936042638241172,5.9561373771090205,1.4050632911392404,3.437708194536975,36.21621621621621,0.9810063094743027,한신기계
011700,2026-03-20,5260,4,-12.547528517110262,STOP,0.8699587649602736,16.74278102849532,0.422910590365081,1.3074524791310471,55.23255813953489,0.15096477790158475,한신기계
011700,2026-04-23,4550,6,9.12087912087911,T_star,0.646780303030303,7.99928630902819,-0.9848484848484849,1.628787878787879,55.42857142857143,0.2516175234742872,한신기계
011760,2026-01-23,22650,10,7.505518763796903,TIMEOUT,1.7573221757322175,-0.2413423230156298,-0.5941422594142259,0.502092050209205,60.909090909090914,0.4049932402931135,현대코퍼레이션
011760,2026-03-27,26150,1,-2.8680688336520044,STOP,0.21904761904761905,5.22684583152723,-0.4685714285714286,1.7523809523809524,68.59504132231405,0.8503379302013594,현대코퍼레이션
011760,2026-04-01,25950,1,-3.8535645472061675,STOP,0.23076923076923078,4.937388193202146,-0.6816239316239316,1.2820512820512822,47.55244755244755,0.7444659628079382,현대코퍼레이션
011760,2026-04-03,26150,1,4.97131931166348,STOP,0.37656903765690375,5.05039712219967,-0.6380753138075314,1.0878661087866108,53.48837209302325,1.526479658050459,현대코퍼레이션
011760,2026-04-08,27350,6,-4.20475319926874,STOP,1.1419354838709677,5.704377366502702,-0.08602150537634409,0.4731182795698925,56.730769230769226,0.7538226825094665,현대코퍼레이션
011760,2026-04-17,27250,10,10.45871559633027,TIMEOUT,0.8640350877192983,6.344683808200144,0.4956140350877193,0.5701754385964912,58.525345622119815,0.8571746609293961,현대코퍼레이션
011780,2025-12-08,121500,10,2.716049382716057,TIMEOUT,0.9031055900621118,2.679476511082537,0.3826086956521739,1.0434782608695652,63.72549019607843,0.49855889076656434,금호석유화학
011780,2026-01-14,139000,10,6.402877697841736,TIMEOUT,3.487632508833922,4.904628166871448,0.49823321554770317,0.2826855123674912,68.88297872340425,0.22493435588014682,금호석유화학
011780,2026-02-24,151100,4,-8.33884844473859,STOP,1.3253311258278146,7.2974593828372125,0.3344370860927152,0.347682119205298,59.45945945945946,0.30801080498130545,금호석유화학
011780,2026-04-15,133700,10,12.341062079281983,TIMEOUT,1.0717131474103585,0.45670647250402424,0.4605577689243028,0.8446215139442231,57.80821917808219,0.4126782440657789,금호석유화학
011790,2025-09-15,96061,9,-4.109888508343662,STOP,1.5410097051709868,0.6368337098929701,-0.27622998499831614,1.1511496188347672,60.505140813589634,0.16869165748669881,SKC
011790,2025-09-30,95027,4,3.066496890357473,STOP,0.07400038685788579,-1.3519417395233946,0.9337367708419662,2.2078532150653514,54.054054054054056,1.1515758387646062,SKC
011790,2025-12-11,106588,1,-4.232183735504935,STOP,0.6006247850510138,4.5515944791542235,-1.546257021666857,1.562535824830907,71.68255921254999,0.976196589391167,SKC
011790,2025-12-15,105460,1,-2.673051393893422,STOP,0.4363128805094953,4.290763292544597,-1.1233902870128751,1.4241225486070195,60.730751001766556,0.9380738721517905,SKC
011790,2026-01-19,104051,1,1.0831226994454601,STOP,1.3106646954807648,0.47835967268113594,-0.7056845522799068,0.49018755254080065,58.306188925081436,0.5684652980807912,SKC
011790,2026-01-22,109126,10,-3.790114179938786,TIMEOUT,2.388805652155982,0.5546625704351998,-0.28939808387513494,0.31009883025662877,67.01301572387874,0.22933882246262902,SKC
011790,2026-05-21,136600,3,5.783308931185949,STOP,0.06973400431344356,9.76180281968829,1.3878504672897196,3.4363767074047447,55.22273425499231,4.807051571740943,SKC
011930,2025-09-08,1650,10,9.57575757575757,TIMEOUT,1.193115029387069,2.7888709926527437,0.5667506297229219,2.0990764063811924,60.96096096096096,0.6213342938141935,신성이엔지
011930,2025-10-13,1785,1,-2.6890756302521024,STOP,0.41279461279461405,4.987442848863405,1.3771043771043772,2.6936026936026938,58.41584158415842,0.4997897567099249,신성이엔지
011930,2025-10-15,1810,1,1.3812154696132506,STOP,0.5584415584415596,4.87580496780129,1.0816326530612224,2.1645021645021645,51.95530726256984,1.1806301199740448,신성이엔지
011930,2025-10-20,1859,1,-6.2937062937062915,STOP,0.9483537766300845,4.922301821815016,1.0038734667527436,1.6268560361523563,50.59625212947189,0.46500194936044104,신성이엔지
011930,2025-10-24,1892,6,6.501057082452433,T_star,1.282258064516128,4.622471839207395,0.5093052109181164,1.153846153846154,59.715025906735754,0.49200721332038266,신성이엔지
011930,2025-11-03,2015,3,-8.535980148883372,STOP,1.874085684430511,5.343606056224568,0.5235109717868353,0.6792058516196448,63.900000000000006,0.4702334037325791,신성이엔지
011930,2025-12-09,1625,5,-4.861538461538462,STOP,0.47101449275362317,0.27387782166229424,-2.4764492753623197,3.5688405797101446,66.66666666666666,0.4763318230614114,신성이엔지
011930,2026-03-17,2910,10,-11.16838487972509,TIMEOUT,2.3800225309800984,13.69280203106096,0.42320690950056256,0.0,63.11278711004457,0.22223964577093244,신성이엔지
011930,2026-04-02,2750,1,25.27272727272727,T_star,0.4972135144548937,18.5749277150592,0.9275513758272385,2.3685127133402992,59.26829268292683,1.4005513239217713,신성이엔지
011930,2026-04-27,3995,1,0.0,T_star,0.41271461159803097,32.32554989922164,0.7371833353343739,1.170608716532597,61.023622047244096,0.4423003432002239,신성이엔지
012030,2026-02-19,1823,1,6.417992320351074,T_star,1.3967471660916713,5.435274934323762,1.1665845243962534,1.192705766387383,65.5076495132128,0.5533675549294751,DB
012030,2026-05-15,2305,1,-13.232104121475052,STOP,1.7199318568994895,7.551443672404404,1.5727427597955703,0.9540034071550255,72.98850574712644,0.25618539448936095,DB
012030,2026-05-22,2090,1,14.832535885167463,T_star,0.0766539440203574,6.015292159241594,1.0750636132315508,2.258269720101781,53.656307129798904,0.2607754758286039,DB
012200,2026-04-15,6750,6,4.740740740740734,T_star,0.6017488076311606,-3.1658187744819473,-0.7344992050874404,2.0190779014308426,59.15119363395225,0.17431864395357563,계양전기
012205,2026-05-29,13710,1,-13.93143690736689,STOP,0.24360874397925159,27.709661598822954,0.9733234531307892,4.88699518340126,55.4138043833824,0.3220132935603984,계양전기우
012320,2026-03-13,85300,2,-9.144196951934347,STOP,0.19562647754137116,20.133234641006663,1.33628841607565,2.1749408983451537,47.10252600297177,2.543104791819021,경동인베스트
012330,2025-09-18,317000,1,-2.8391167192429068,STOP,0.4298507462686567,4.462387219125324,1.1223880597014926,1.1940298507462686,48.192771084337345,1.832122565508664,현대모비스
012330,2025-10-23,306000,7,-2.1241830065359513,STOP,0.3308270676691729,0.31357447393756016,-0.6917293233082706,1.3834586466165413,60.18518518518518,0.7019041733540216,현대모비스
012330,2025-12-29,366500,5,7.094133697135052,T_star,0.7472868217054264,4.406418281715564,2.0108527131782945,1.0232558139534884,52.08333333333333,1.2827316681200378,현대모비스
012330,2026-02-04,448500,1,-3.3444816053511683,STOP,0.16260909508497934,14.493199897356948,1.5259531465319247,1.874138723013321,49.49238578680203,1.2800894150976863,현대모비스
012330,2026-02-26,529000,3,-24.57466918714556,STOP,4.301277740416947,14.291090413020974,-0.02824478816408877,0.10759919300605246,77.88778877887789,0.18127001011393723,현대모비스
012330,2026-04-16,427000,10,-0.4683840749414525,TIMEOUT,1.5408719346049047,0.9380089876175055,-0.42779291553133514,0.2724795640326976,56.02605863192183,0.5446460058776382,현대모비스
012450,2025-09-03,941000,10,9.45802337938364,TIMEOUT,1.4480337078651686,1.8886582288215739,-0.7598314606741573,0.33707865168539325,62.06896551724138,0.347991550524128,한화에어로스페이스
012450,2025-11-03,1042000,2,-8.829174664107487,STOP,0.7794432548179872,3.919103383863779,-0.2837259100642398,1.8201284796573876,64.08268733850129,0.4171555956270024,한화에어로스페이스
012450,2025-12-12,961000,2,-8.949011446409994,STOP,1.5587905935050392,-0.7557193042584183,-0.8297872340425532,0.9406494960806271,64.88764044943821,0.5373922149872896,한화에어로스페이스
012450,2026-02-03,1299000,2,-5.542725173210162,STOP,0.635846372688478,9.536974280312483,2.4815078236130867,1.4082503556187767,53.96825396825397,1.1762915629587083,한화에어로스페이스
012450,2026-03-04,1323000,10,5.064247921390774,TIMEOUT,0.9829573934837093,10.179324022808043,-0.2746867167919799,3.3283208020050123,61.0248447204969,0.8147202414439852,한화에어로스페이스
012450,2026-03-25,1400000,1,-2.214285714285713,STOP,0.24507658643326038,15.151937552272093,0.949234135667396,2.2319474835886215,51.52487961476726,1.2245657581254137,한화에어로스페이스
012450,2026-04-08,1484000,8,-3.975741239892183,STOP,1.1147741147741148,13.267480704987891,0.25274725274725274,0.7448107448107448,57.66526019690577,0.8521879805930459,한화에어로스페이스
012450,2026-04-24,1463000,2,-4.647983595352012,STOP,0.3030913978494624,7.491198937230169,0.6384408602150538,1.4381720430107527,51.3347022587269,0.6654940719800853,한화에어로스페이스
012510,2025-09-22,88500,10,5.988700564971761,TIMEOUT,1.3575184016824395,8.22861199858005,1.8569926393270242,1.1566771819137749,69.93006993006993,0.8146645125121614,더존비즈온
012510,2025-10-16,89300,2,0.11198208286673506,STOP,0.029115341545352745,6.317038762120167,1.1019036954087347,1.5453527435610301,48.44444444444444,1.6229974803010208,더존비즈온
012510,2025-10-21,91800,1,-2.5054466230936767,STOP,0.365361803084223,6.221807435059891,1.0177935943060499,1.0438908659549229,49.52830188679245,0.5059946461089845,더존비즈온
012510,2025-11-06,93400,1,-11.34903640256959,STOP,0.5619735258724429,6.183241840078295,0.13598074608904934,0.7701564380264742,56.800000000000004,1.0157431890473587,더존비즈온
012510,2025-11-21,93800,10,1.279317697228155,TIMEOUT,0.5554382259767687,9.133956386292835,0.1446673706441394,0.5913410770855333,57.027027027027025,0.3383737106118059,더존비즈온
012510,2026-01-08,93100,10,4.403866809881851,TIMEOUT,1.629513343799058,0.011072970878086591,-0.814756671899529,0.37676609105180536,68.4931506849315,0.30582377331207916,더존비즈온
012510,2026-01-30,97400,1,-6.057494866529778,STOP,0.9503184713375796,1.052204090674149,1.2484076433121019,1.070063694267516,60.884353741496604,0.6016005008686788,더존비즈온
012510,2026-02-03,94500,1,-4.550264550264549,STOP,0.22276029055690072,0.9276506279622985,0.8813559322033898,1.7191283292978208,49.855907780979834,0.9078199831399901,더존비즈온
012510,2026-03-27,119300,3,0.08382229673093988,STOP,1.0232558139534884,10.543102205564372,21.08139534883721,1.1627906976744187,57.692307692307686,2.0102851037628375,더존비즈온
012510,2026-04-07,119300,10,-0.25146689019278634,STOP,0.5308641975308642,10.918053419102224,0.5802469135802469,0.49382716049382713,54.166666666666664,8.650901347068146,더존비즈온
012510,2026-04-30,120000,7,-0.7499999999999951,STOP,1.3571428571428572,8.18999904266522,0.35714285714285715,2.0408163265306123,60.6060606060606,3.662281937545786,더존비즈온
012510,2026-05-14,120000,9,0.0,STOP,0.49411764705882355,8.593207523878583,0.3588235294117647,1.5294117647058822,62.5,1.7488118460441462,더존비즈온
012510,2026-06-01,120100,1,-0.08326394671107629,STOP,0.03625954198473282,6.03276068717539,0.14122137404580154,13.702290076335878,51.612903225806456,2.522323174238068,더존비즈온
012510,2026-06-08,120100,4,-0.08326394671107629,STOP,0.03553299492385787,4.4575224332828345,0.06937394247038917,12.148900169204738,36.363636363636374,3.021135385633896,더존비즈온
012610,2026-01-16,5000,3,-8.299999999999997,STOP,1.1226203807390818,16.576408169997528,1.3997760358342666,1.6797312430011198,61.620795107033636,0.4534964920967745,경인양행
012610,2026-01-29,4885,2,-3.7871033776867957,STOP,0.42115262824572514,18.072570598006646,0.7409753008233059,2.1912602913236228,55.256723716381416,0.6861390900404035,경인양행
012610,2026-02-04,4985,2,-5.817452357071218,STOP,0.6958017894012388,17.630613314695097,0.1672401927047488,1.0048176187198898,58.093126385809306,0.40928316974676643,경인양행
012610,2026-02-10,4850,5,-3.814432989690719,STOP,0.2480173035328046,17.484833103714987,0.08074981975486661,1.5861571737563085,56.955380577427825,0.532321547052567,경인양행
012610,2026-02-24,4920,2,-4.878048780487809,STOP,0.4351464435146444,17.414639716797996,0.19497907949790794,1.606694560669456,50.0,0.4051496669044724,경인양행
012610,2026-05-26,5690,1,-5.623901581722324,STOP,0.5413669064748201,4.49057686788481,1.183453237410072,1.2589928057553956,50.63291139240506,1.1481708499227294,경인양행
012630,2025-09-09,21050,5,-0.7125890736342066,STOP,0.09458077709611452,0.8693486676778881,-1.221881390593047,3.885480572597137,58.241758241758234,1.3044014539017263,HDC
012630,2026-03-13,24450,5,14.723926380368102,T_star,0.4598055855577843,11.594542421800313,1.462737231908656,1.2035179756210461,55.08474576271186,1.4457690633990876,HDC
012630,2026-04-09,27050,3,0.5545286506469571,STOP,0.06334231805929919,15.653495440729484,0.8261455525606469,1.940700808625337,45.867768595041326,1.4145089610549528,HDC
012630,2026-04-28,27900,7,-2.508960573476704,STOP,0.579520697167756,15.525623471130338,-0.12854030501089325,0.9586056644880174,62.903225806451616,1.0900187484997956,HDC
012690,2026-04-06,2240,10,4.241071428571419,TIMEOUT,0.5185851318944844,-0.47413095265628974,0.31744604316546654,2.5479616306954433,56.497175141242934,0.46541668837575073,모나리자
012690,2026-04-17,2375,10,0.8421052631578885,TIMEOUT,1.096774193548387,1.9384512590221572,0.6907020872865275,2.2011385199240987,63.013698630136986,1.486221739166688,모나리자
012690,2026-04-21,2295,9,0.43572984749455923,STOP,0.29206963249516443,2.301025533207186,0.8085106382978723,2.862669245647969,59.74025974025973,0.6458121780024195,모나리자
012750,2025-09-15,80300,4,7.222914072229147,T_star,0.4697802197802198,5.3281305427456545,1.629120879120879,1.2087912087912087,54.91803278688525,0.6928275832094105,에스원
012750,2025-12-02,75300,9,-0.5312084993359889,STOP,0.42577675489067895,-1.0250015850540097,-0.3084004602991945,0.8745684695051784,55.08474576271186,0.5083472116856474,에스원
012750,2026-03-25,86900,9,2.9919447640966546,T_star,0.2945914844649022,4.15460366433508,-0.6283084004602992,1.518987341772152,60.0,1.701024933635948,에스원
012750,2026-04-21,88900,1,-1.0123734533183382,STOP,0.0112079701120797,5.4233153775790095,0.6674968866749689,3.511830635118306,56.52173913043478,0.6989333769431346,에스원
012800,2026-02-03,1389,2,-2.4478041756659463,STOP,0.21097647897362728,1.54696713023151,0.6407697790449044,3.3071988595865998,50.7760532150776,1.070121557279805,대창
012800,2026-02-10,1391,6,11.718188353702374,T_star,0.2733564013840823,2.1279385349608595,0.24134948096885894,1.8685121107266436,53.5,0.6845994283898932,대창
012800,2026-04-13,1535,10,0.5211726384364734,TIMEOUT,2.9613486842105257,1.6136119519578145,0.10855263157894962,0.39473684210526316,73.61111111111111,0.17591742118708545,대창
012800,2026-05-07,1659,7,-8.197709463532243,STOP,1.1472265422498713,4.240790873054241,1.4494556765163291,2.104717470191809,61.23711340206185,0.3899397943105992,대창
012800,2026-05-22,1653,2,-1.9963702359346636,STOP,0.12907474481396056,5.164575593196212,0.4659203161014159,2.9107672044781037,50.164293537787515,0.23578329868921957,대창
013360,2025-12-30,2220,1,1.1261261261261257,STOP,0.11465271170314015,19.486342229199384,1.5156993339676494,1.9346653980336188,46.76524953789279,0.7118839001079672,일성건설
013360,2026-02-03,2045,2,-1.9559902200488977,STOP,0.16486836426413387,14.718557112587384,-0.4889943892965049,1.5537332757876565,52.18914185639229,1.7496419774739396,일성건설
013520,2026-03-16,2990,2,-2.341137123745818,STOP,0.2410901467505241,11.544485047356252,1.1625690870973888,3.8498189441585664,57.83132530120482,1.6330298377167576,화승코퍼레이션
013580,2026-01-23,20950,10,6.921241050119331,TIMEOUT,0.9832483612527313,2.084269712432477,-0.42316096139839765,0.6554989075018208,55.29865125240847,0.5062127510192358,계룡건설
013580,2026-04-01,26750,1,-8.03738317757009,STOP,0.4517374517374517,7.944363213736732,-0.44015444015444016,2.1106821106821108,54.61254612546125,0.57673048567552,계룡건설
013580,2026-04-14,30150,10,-0.3316749585406287,TIMEOUT,1.6728260869565217,8.413843087515865,0.24239130434782608,1.3695652173913044,59.14285714285714,0.15942052081819988,계룡건설
013580,2026-05-04,28700,3,-1.3937282229965153,STOP,0.21935483870967742,10.574268360022081,0.8761290322580645,2.3741935483870966,64.0552995391705,1.2009166055390836,계룡건설
014160,2026-04-10,1207,2,10.687655343827673,T_star,0.3927863654379703,2.787059177500824,0.7613951644867217,3.4086405073325405,57.738646895273405,0.16936081675234635,대영포장
014280,2025-10-20,6650,10,-16.541353383458645,STOP,4.569852941176471,2.6453333333333333,0.28455882352941175,5.352941176470588,85.26315789473685,0.006612376721723292,금강공업
014280,2025-11-24,6170,10,10.372771474878451,TIMEOUT,1.5375,6.8152963282718,-0.355,2.05,70.55837563451777,0.0412897396047156,금강공업
014280,2025-12-23,6830,1,-2.0497803806734938,STOP,0.3094262295081967,11.312602497792348,1.2725409836065573,1.7827868852459017,60.70038910505836,0.4428526337881664,금강공업
014280,2025-12-26,7180,1,-10.584958217270191,STOP,0.9218585005279831,11.221024426719842,1.133051742344245,1.0982048574445618,64.16938110749186,0.5200797731133071,금강공업
014280,2026-01-26,6340,10,-1.4195583596214534,TIMEOUT,1.1270949720670391,2.671007935501154,-1.3310055865921788,3.8547486033519553,72.89156626506023,0.252777505743391,금강공업
014280,2026-02-10,6230,3,-2.5682182985553803,STOP,0.241852487135506,2.2753967603594694,0.9193825042881647,1.7152658662092624,58.78378378378378,0.9311073588321681,금강공업
014530,2026-04-07,3955,1,-4.804045512010113,STOP,0.5514465956058299,3.8144736536810595,-1.0245812486404178,1.7185120730911465,62.65822784810126,0.18365762736419897,극동유화
014530,2026-04-09,3840,10,4.166666666666674,TIMEOUT,0.17454037700721434,3.6668896012545837,-1.2217826390505004,2.373749127298115,56.59340659340659,0.33069627175493205,극동유화
014530,2026-04-17,3900,10,-0.12820512820512775,STOP,0.36042504307869044,4.229662449184662,-0.15508328546812178,1.6369902354968409,56.09756097560975,1.0076104268045818,극동유화
014680,2025-09-15,191900,10,7.868681605002603,TIMEOUT,3.0218045112781953,6.795335745878568,-0.0849624060150376,0.39097744360902253,67.62589928057554,0.05257909471545723,한솔케미칼
014680,2025-10-31,232500,5,-7.311827956989248,STOP,1.760630673674152,7.065759891037667,0.4811275680840898,0.33444816053511706,58.73015873015873,0.34796462578112414,한솔케미칼
014680,2025-11-14,222000,1,6.5315315315315425,T_star,0.2444163506110409,7.604808711746852,0.42351453855878635,1.2642225031605563,61.475409836065566,1.3378106181575296,한솔케미칼
014680,2025-11-20,224500,1,-7.795100222717144,STOP,0.09486166007905138,8.560345901318493,0.5039525691699605,1.1067193675889329,44.20289855072463,0.758778510725014,한솔케미칼
014680,2025-11-27,239000,10,-3.556485355648531,STOP,1.1139489194499017,9.043172330500681,0.5127701375245579,0.15717092337917485,62.05128205128205,0.6536241180243746,한솔케미칼
014680,2026-01-06,246500,3,-7.302231237322521,STOP,2.0174927113702625,5.046793005185371,-0.19533527696793002,1.4577259475218658,65.42056074766356,0.3800914927908195,한솔케미칼
014680,2026-03-06,310000,1,-8.387096774193548,STOP,0.39540816326530615,10.429684757424692,1.0573979591836735,1.8622448979591837,56.48414985590778,0.7491449328429006,한솔케미칼
014680,2026-04-20,287000,10,2.0905923344947785,TIMEOUT,0.7991391678622669,4.520430633716648,-0.32281205164992827,0.45911047345767575,63.32046332046332,0.6015343083839385,한솔케미칼
014680,2026-05-08,286000,1,-2.447552447552448,STOP,0.07262569832402235,2.7446549109399485,0.8361266294227188,1.638733705772812,50.94339622641509,1.0529777476198554,한솔케미칼
014680,2026-05-12,300000,1,12.00000000000001,T_star,0.8967851099830795,2.254504571141158,0.7901861252115059,0.5414551607445008,58.44155844155844,0.5997011408373804,한솔케미칼
014680,2026-05-26,305500,1,-8.183306055646478,STOP,0.28132387706855794,1.0615649333605461,0.6595744680851063,1.5602836879432624,55.722891566265055,0.6127946315297469,한솔케미칼
014820,2026-03-25,26650,4,-6.378986866791747,STOP,1.1698513800424628,-2.3377996082942056,-1.3099787685774946,1.1040339702760085,62.03208556149732,0.5844504566813808,동원시스템즈
014830,2026-02-20,80800,6,-1.1138613861386149,STOP,0.22666666666666666,6.016019716574238,1.8474074074074074,1.2444444444444445,47.852760736196316,2.091085525983281,유니드
014830,2026-03-18,83700,8,-3.1063321385902065,STOP,0.5765124555160143,7.201578428148634,0.05219454329774614,1.209964412811388,49.608355091383814,0.6986125161111425,유니드
014830,2026-04-01,82900,1,-3.2569360675512637,STOP,0.078125,6.637218258013358,0.3137019230769231,1.4182692307692308,43.80952380952381,0.6739173817601277,유니드
014830,2026-04-17,87700,10,3.192702394526803,TIMEOUT,1.627318718381113,6.26891012385451,-0.03709949409780776,0.30354131534569984,71.15384615384616,0.2768033711936883,유니드
015260,2026-03-24,661,1,-4.689863842662634,STOP,0.03355187042036269,15.111212155659121,0.9996143463170074,2.6070188970304664,63.013698630136986,0.6887770125736407,에이엔피
015260,2026-03-26,752,2,-13.696808510638302,STOP,0.6442795782897305,15.945895171895563,0.8406872315501754,1.928934010152284,59.195402298850574,0.18686401989834975,에이엔피
015760,2025-10-16,40200,1,6.218905472636815,T_star,3.0927152317880795,0.5839611286943212,-0.16335540838852097,0.26490066225165565,74.60317460317461,0.4373989414367073,한국전력
015760,2025-11-12,47650,10,10.80797481636937,TIMEOUT,1.3541463414634147,5.180450126514849,1.7190243902439024,1.0731707317073171,61.95652173913044,0.7739260821555589,한국전력
015760,2026-01-13,55700,10,8.617594254937156,TIMEOUT,3.4004078857919784,9.696001825129756,-0.33310673011556763,0.054384772263766146,70.77922077922078,0.831009801393205,한국전력
015760,2026-02-05,61900,5,-2.9079159935379684,STOP,0.9164818920916482,10.981694248269557,1.7317073170731707,2.246858832224686,60.778443113772454,1.4218965547194653,한국전력
015760,2026-02-20,63000,5,-7.14285714285714,STOP,0.5767918088737202,10.357318167199846,1.2977815699658704,2.218430034129693,58.57142857142857,0.7050721853330243,한국전력
015860,2025-12-17,7390,1,-2.841677943166443,STOP,0.24518388791593695,9.39308303054771,-0.6742556917688266,3.222416812609457,68.10344827586208,1.051995321637427,일진홀딩스
015860,2026-01-26,7220,9,-0.969529085872578,STOP,0.8074324324324325,4.712660302767327,-0.36317567567567566,1.2162162162162162,50.45454545454546,0.485418291915967,일진홀딩스
015860,2026-02-10,7520,3,9.441489361702127,T_star,0.49931787175989084,2.0298269847587385,0.937244201909959,1.0368349249658937,53.69318181818182,0.6085028582647335,일진홀딩스
016360,2025-09-05,68400,10,10.233918128654974,TIMEOUT,0.05844155844155844,4.873241518638062,-0.5714285714285714,1.4935064935064934,50.617283950617285,0.7813284678876392,삼성증권
016360,2025-10-21,76900,10,-2.860858257477239,STOP,1.365296803652968,-0.5208696663178632,0.4908675799086758,1.643835616438356,60.638297872340424,0.6052111935502716,삼성증권
016360,2025-11-10,78400,1,-2.67857142857143,STOP,0.7372134038800705,1.8062588971085858,0.7178130511463845,0.8112874779541446,53.69458128078818,2.1373792925326476,삼성증권
016360,2025-11-13,82200,6,-6.204379562043794,STOP,1.5559055118110237,2.9585937317136035,0.7244094488188977,0.6929133858267716,58.67158671586716,1.089426407003404,삼성증권
016360,2025-11-26,80400,10,-1.3681592039801016,STOP,0.7691056910569106,4.306386531236956,0.359349593495935,1.3008130081300813,57.012195121951216,2.193472561722443,삼성증권
016360,2025-12-12,80100,1,-1.8726591760299671,STOP,0.22065727699530516,4.689023422442924,0.6690140845070423,1.4553990610328638,52.56410256410256,0.9925322597551623,삼성증권
016360,2026-01-16,83600,10,8.373205741626787,TIMEOUT,2.511221945137157,2.013582489834767,-0.32917705735660846,0.24937655860349128,60.54054054054054,0.37199420555147344,삼성증권
016360,2026-03-27,97600,1,-2.9713114754098324,STOP,0.14113597246127366,6.614816255104025,-0.6798623063683304,2.134251290877797,57.57575757575758,0.30177745239409737,삼성증권
016360,2026-04-01,98400,1,-5.894308943089433,STOP,0.39037927844588344,6.4702828465399005,-0.8852913968547641,0.8695652173913043,52.80373831775701,0.6498175213939561,삼성증권
016360,2026-04-10,106800,10,4.494382022471921,TIMEOUT,1.8270377733598409,7.372950123605901,0.16500994035785288,0.2982107355864811,63.69565217391304,1.0497207466512348,삼성증권
016360,2026-05-22,129900,1,-2.38645111624326,STOP,0.5916230366492147,9.91946672080669,0.8581151832460733,3.4659685863874348,60.916179337231966,2.179191081854823,삼성증권
016380,2026-03-25,5840,2,-2.73972602739726,STOP,0.5058548009367682,1.676708660458883,-0.36768149882903983,1.9672131147540983,61.01694915254238,0.8267159310683255,KG스틸
016380,2026-04-17,5900,10,18.47457627118645,TIMEOUT,1.6344827586206896,1.5584181605260787,-0.25057471264367814,0.5977011494252874,66.45962732919256,0.21089429390548414,KG스틸
016380,2026-05-26,6850,1,-5.839416058394164,STOP,0.020785219399538105,6.403593763762883,1.2136258660508084,1.5242494226327945,47.24409448818897,0.8644686165183395,KG스틸
016590,2026-04-16,13730,4,-4.806991988346687,STOP,0.7573200992555831,-0.16014728506216283,0.06947890818858561,1.7568238213399503,55.147058823529406,0.9354008036559364,신대양제지
016610,2025-10-24,9960,7,-2.409638554216864,STOP,0.7635402906208718,1.172572480441799,0.23249669749009247,0.8190224570673712,54.23076923076923,1.0210872295643452,DB증권
016610,2025-11-05,9880,2,-1.3157894736842146,STOP,0.2711864406779661,0.7356918749323813,0.27640156453715775,1.2777053455019556,54.09090909090909,0.6848226287183683,DB증권
016610,2025-11-10,10300,10,-3.398058252427183,STOP,1.0681536555142503,1.4503747855143208,0.4770755885997522,0.1734820322180917,59.09090909090909,0.6861205536177436,DB증권
016610,2025-11-26,10170,10,3.048180924287114,TIMEOUT,0.15250544662309368,5.052186024636868,0.3355119825708061,1.5904139433551199,53.142857142857146,0.2981198516978732,DB증권
016610,2025-12-17,10580,10,11.436672967863903,TIMEOUT,0.30578512396694213,5.577779718752723,0.5964187327823691,1.4325068870523416,60.24844720496895,2.6710662385021497,DB증권
016610,2026-01-21,11360,2,5.809859154929575,STOP,0.04290822407628129,5.515397564115259,1.0286054827175208,2.908224076281287,57.34870317002882,2.670723970358355,DB증권
016610,2026-01-27,12200,2,7.295081967213113,T_star,1.2719919110212337,6.048532546319075,0.9130434782608695,0.7684529828109201,47.651006711409394,0.6234869784217834,DB증권
016610,2026-04-17,13730,10,5.6809905316824505,TIMEOUT,1.0867614061331339,4.447923617884087,-0.6080777860882572,0.8526551982049364,59.73813420621931,0.5718065509483514,DB증권
016610,2026-05-15,14460,1,-13.554633471645916,STOP,0.28661527680448495,4.103426113610525,1.258584442887176,2.9572529782761037,54.59882583170254,1.603511605208138,DB증권
016740,2026-02-24,4885,1,-5.4247697031729825,STOP,0.6563814866760168,9.249421360079353,1.132538569424965,1.1360448807854138,58.82352941176471,1.1144870983701702,두올
016740,2026-02-26,4675,1,-1.6042780748663055,STOP,0.01823486506199854,9.085345863840013,0.9649890590809628,1.7943107221006565,49.285714285714285,1.5347397727265109,두올
016740,2026-05-18,4990,2,-4.10821643286573,STOP,0.5548717948717948,2.5115409980215433,0.5958974358974359,1.764102564102564,56.441717791411044,0.8437251870938843,두올
016880,2026-04-17,2950,9,2.203389830508473,T_star,1.1976284584980237,5.41351235537781,1.0208168642951243,0.5270092226613966,60.8910891089109,0.463006360386666,웅진
017550,2026-05-07,3860,2,-16.191709844559586,STOP,1.8222222222222222,27.25624202660836,1.8401388888888883,0.5138888888888888,62.046908315565034,0.2143386026919847,수산세보틱스
017670,2025-09-19,55500,6,-1.8018018018018056,STOP,1.048,0.3976262915323674,-0.784,0.32,57.77777777777777,0.7336603068520714,SK텔레콤
017670,2026-03-05,77900,1,-1.797175866495504,STOP,0.11645299145299146,14.277989726336035,1.5363247863247864,2.286324786324786,55.44794188861986,2.217191264575415,SK텔레콤
017670,2026-03-26,80000,3,-4.5000000000000036,STOP,0.643048128342246,13.028016071234665,-0.1537433155080214,0.6149732620320856,56.75675675675676,0.3568013216998449,SK텔레콤
017670,2026-04-01,78500,10,24.968152866242033,TIMEOUT,0.23353293413173654,12.79731195597535,-0.30988023952095806,1.0778443113772456,54.24354243542435,1.0171427393052914,SK텔레콤
017670,2026-05-15,103100,2,-5.237633365664407,STOP,1.1631382316313823,12.937859234356347,1.311332503113325,1.2204234122042341,57.491289198606275,0.737076858021127,SK텔레콤
017670,2026-05-21,102800,4,-5.7392996108949434,STOP,0.9375,10.772460117548272,0.6214622641509434,1.2264150943396226,60.714285714285715,0.4146020326508895,SK텔레콤
017670,2026-05-29,100600,1,11.530815109343928,T_star,0.2708757637474542,9.010196014837932,0.2219959266802444,2.219959266802444,59.888579387186624,1.7162634500719622,SK텔레콤
017800,2025-09-19,80200,8,-1.8703241895261846,STOP,0.6821106821106822,-1.2932765683990626,-0.8571428571428571,2.985842985842986,67.05882352941177,0.8248386748975158,현대엘리베이터
017800,2025-12-24,90400,1,0.5530973451327359,STOP,0.09541984732824428,4.6588215551779895,1.8625954198473282,1.7557251908396947,43.70860927152317,1.0450234330047392,현대엘리베이터
017800,2026-01-21,92500,10,4.0000000000000036,TIMEOUT,1.7195402298850575,2.9247658374458654,-0.6068965517241379,0.6436781609195402,71.42857142857143,0.7220677196165004,현대엘리베이터
017800,2026-04-10,94800,10,1.5822784810126667,TIMEOUT,2.119487908961593,-0.6350966957081827,-0.16358463726884778,0.25604551920341395,68.27586206896552,0.4546642748866132,현대엘리베이터
017810,2025-09-16,14970,7,-4.542418169672679,STOP,1.3977659057795047,4.359784935530434,-1.530840213695969,2.1175327829043225,72.42990654205607,0.20785666882126838,풀무원
017810,2025-09-30,14780,2,-2.7740189445196184,STOP,0.8854346574553829,5.157964180125585,0.333909038572251,2.694300518134715,60.670731707317074,1.272302684342124,풀무원
017860,2026-03-25,19190,5,-0.5732152162584714,STOP,0.026878015161957272,-0.05391499373337401,0.23053066850447967,1.9365954514128187,60.813704496788006,0.5222803502832977,DS단석
017860,2026-04-22,26250,10,-15.238095238095239,TIMEOUT,5.591167468299082,2.561507688571081,0.16878006121556624,0.0,83.62745098039215,0.06148572011636131,DS단석
017900,2026-04-29,10630,1,-4.891815616180617,STOP,0.009414381022979985,141.2084543401097,1.3143810229799853,3.5048183839881393,50.25667351129363,1.194558197766101,광전자
017900,2026-05-20,12450,5,-10.040160642570283,STOP,0.7890256877944977,78.4455645846792,-0.19075847393220854,1.2220702234382126,58.208955223880594,0.3232769621368836,광전자
017940,2025-12-15,87500,7,-2.285714285714291,STOP,1.248496993987976,3.6356084123999697,1.1122244488977955,0.40080160320641284,61.61616161616161,0.6819625578460244,E1
017940,2026-03-25,100000,6,-1.200000000000001,STOP,0.07720254314259764,5.290774767948475,-0.27520435967302453,2.052679382379655,50.92348284960422,0.5104963827206959,E1
017940,2026-04-27,103100,8,-3.103782735208538,STOP,2.2,5.473027195720018,-0.593939393939394,0.16161616161616163,72.67080745341615,0.437634349335832,E1
017960,2025-09-03,33750,10,-0.7407407407407418,TIMEOUT,1.5928237129485179,13.706370809358095,0.7067082683307332,0.6864274570982839,65.21739130434783,0.29110151835405523,한국카본
017960,2025-10-14,33900,1,13.421828908554566,T_star,0.5092369477911647,10.095558308264025,0.0963855421686747,1.0281124497991967,51.980198019801975,0.9723187110913968,한국카본
017960,2025-12-11,29400,10,6.802721088435382,TIMEOUT,0.9927536231884058,-3.865479329386587,-1.8804347826086956,2.1739130434782608,64.67391304347825,0.6487749426745377,한국카본
017960,2026-02-19,36750,8,-1.224489795918371,STOP,1.1346153846153846,1.0702603689650738,-0.14697802197802198,0.35714285714285715,58.53658536585366,0.5821065758123651,한국카본
017960,2026-04-14,50000,10,3.600000000000003,TIMEOUT,1.431057563587684,11.019321676075077,0.1318607764390897,0.6961178045515395,64.37389770723104,0.5354335012302734,한국카본
018260,2025-09-09,161300,10,3.657780533168009,TIMEOUT,3.3149717514124295,3.036867187252343,-0.847457627118644,0.14124293785310735,75.95419847328245,0.3312712344540419,삼성에스디에스
018260,2025-10-01,166600,5,-0.9003601440576214,STOP,0.8220994475138121,-0.6094045952400501,1.9801104972375692,1.2154696132596685,54.59940652818992,0.6376074913341836,삼성에스디에스
018260,2025-11-12,175300,1,-1.540216771249292,STOP,0.3056047197640118,1.8073607738089037,0.6289085545722713,2.3244837758112094,56.59090909090909,1.0585580619940744,삼성에스디에스
018260,2025-12-04,177500,10,-4.281690140845074,STOP,1.4697406340057637,4.221399015591612,-0.5994236311239193,0.69164265129683,68.9655172413793,0.405894286304514,삼성에스디에스
018260,2026-01-08,175500,1,-1.5954415954415935,STOP,0.48402948402948404,1.6352883193691472,0.29115479115479115,1.597051597051597,55.78512396694215,0.9141209812189202,삼성에스디에스
018260,2026-01-12,175200,8,-3.424657534246578,STOP,0.4443069306930693,1.5325934154517546,0.23638613861386137,1.683168316831683,59.925093632958806,0.6894025861117401,삼성에스디에스
018260,2026-01-21,176700,1,-4.244482173174868,STOP,0.17186024551463644,1.9050972108124966,0.43531633616619453,2.0774315391879132,55.0,1.1335983753135308,삼성에스디에스
018260,2026-01-27,176500,1,0.0,STOP,0.011961722488038277,1.7367110850783425,0.4154704944178628,1.7862838915470494,48.97260273972603,1.2436260460768445,삼성에스디에스
018260,2026-02-25,178700,1,7.0509233351986556,T_star,1.3452443510246979,-0.06620864358639748,-0.5528113504992118,0.4834471886495008,67.30769230769232,0.19208956498401933,삼성에스디에스
018470,2026-04-28,1898,4,-10.168598524762906,STOP,1.0125,10.34161938332918,1.1190909090909094,1.5318181818181817,67.66169154228857,0.28514443805767575,조일알미늄
018500,2026-02-04,1599,1,-1.9387116948092586,STOP,0.06882352941176363,5.957309265406076,1.4811764705882364,2.1294117647058823,46.318289786223275,10.239076735238394,동원금속
018670,2025-09-05,248000,1,-2.4193548387096753,STOP,0.27843803056027167,4.309243697478996,-0.8964346349745331,2.037351443123939,54.94505494505495,1.3067526297930099,SK가스
018670,2026-03-30,261000,7,-6.896551724137934,STOP,1.0113493064312737,0.46063048798043155,0.25598991172761665,1.9672131147540983,70.86092715231788,0.7346099416239165,SK가스
018670,2026-04-29,284500,10,0.5272407732864748,TIMEOUT,3.0547945205479454,3.6160889237236726,0.0091324200913242,0.547945205479452,84.96240601503759,0.21342510285975516,SK가스
018880,2025-10-20,3620,10,11.82320441988951,TIMEOUT,4.6772954283519015,0.32516338127273114,-0.769112562427967,0.21513638109873223,78.56532877882152,0.1251073831511182,한온시스템
018880,2025-12-11,3690,1,-2.303523035230348,STOP,0.07383419689119171,3.908090155614018,-1.019948186528497,2.4093264248704664,58.757062146892665,1.0789831340239124,한온시스템
018880,2026-01-20,3230,10,4.9535603715170184,TIMEOUT,1.896551724137931,-0.7576902014842231,-2.185344827586207,0.7327586206896551,61.95652173913044,0.6453020783186566,한온시스템
018880,2026-04-17,4160,10,16.58653846153846,TIMEOUT,1.2799479166666667,8.297567954220316,-0.3697916666666667,1.09375,63.39285714285714,0.38761431614030506,한온시스템
018880,2026-05-22,5050,4,11.485148514851495,T_star,0.6137892376681614,6.661274601298251,1.0426008968609866,1.8161434977578474,57.635009310986966,0.7651710880481151,한온시스템
019170,2025-09-16,12980,3,9.861325115562414,T_star,0.8212290502793296,1.3384443789182192,-0.3198324022346369,0.33519553072625696,59.024390243902445,0.3270153426878126,신풍제약
019170,2025-11-10,14270,6,-2.032235459004905,STOP,0.611170784103115,2.154733845935891,0.5327604726100966,1.7508055853920517,56.57071339173967,0.7007316832964813,신풍제약
019170,2025-11-20,14260,1,-3.015427769985979,STOP,0.055903614457831326,3.902413743959162,0.6197590361445783,1.580722891566265,56.76190476190476,0.6714584102425206,신풍제약
019170,2025-11-25,14200,3,2.2535211267605604,STOP,0.14301490889011595,3.4504028682678594,0.338487023743788,1.7117614577581446,50.43859649122807,0.6398433663315154,신풍제약
019170,2025-12-03,15050,7,-4.1860465116279055,STOP,1.0062240663900415,3.78906002408569,0.25933609958506226,0.677731673582296,55.46391752577319,0.4460519990563042,신풍제약
019170,2026-02-04,12910,2,-2.2463206816421333,STOP,0.07951807228915662,-1.763078232901334,-1.3698795180722891,1.6867469879518073,50.15290519877676,0.23192619776764498,신풍제약
019180,2025-09-15,5020,1,12.948207171314753,T_star,0.3592233009708738,23.16094260650192,2.4908980582524274,0.8980582524271845,50.76628352490421,1.2443260336308322,티에이치엔
019180,2025-10-13,5820,1,4.6391752577319645,T_star,0.091478093403948,27.905895025460254,0.8521906596051998,3.582089552238806,51.79856115107913,1.0985614909179509,티에이치엔
019180,2025-10-23,6130,5,-5.872756933115819,STOP,0.16328828828828829,27.768635474114927,0.7578828828828829,2.5,52.94117647058823,0.526068966844104,티에이치엔
019180,2025-11-17,6730,7,-9.212481426448738,STOP,1.3884484711211778,22.994401300343146,0.2582106455266138,1.2684031710079275,62.24899598393574,0.34059691760590166,티에이치엔
019180,2025-12-02,8050,6,-15.77639751552795,STOP,3.1791197543500513,16.306596737718326,0.721596724667349,0.5527123848515865,70.30162412993039,0.8932646001135622,티에이치엔
019180,2025-12-18,7420,5,11.85983827493262,T_star,0.5573921028466483,11.038132251079135,0.8080808080808081,1.6528925619834711,57.142857142857146,0.7672651120047755,티에이치엔
019180,2026-01-13,8670,3,-8.304498269896198,STOP,1.4446280991735536,9.8454478320498,0.4859504132231405,0.4628099173553719,59.31818181818181,0.7646309684750877,티에이치엔
019180,2026-02-11,8760,10,-14.155251141552515,STOP,2.3168103448275863,7.569151597455508,-0.43211206896551724,1.0775862068965518,73.5408560311284,0.3489713214278963,티에이치엔
019180,2026-03-18,9300,8,-13.33333333333333,STOP,2.0116026105873823,3.8122778746605994,0.11312545322697606,0.8992023205221175,60.505529225908376,0.15524834539596707,티에이치엔
019180,2026-04-27,7600,6,-2.1052631578947323,STOP,0.5552523874488404,-2.271299979066367,-1.6739427012278307,1.364256480218281,64.48598130841123,0.7102618466734448,티에이치엔
019180,2026-05-08,7610,7,-2.4967148488830526,STOP,0.47360248447204967,-0.9672241932758874,-0.19409937888198758,1.2422360248447204,56.886227544910184,1.6027522170094435,티에이치엔
019180,2026-05-18,7950,1,-6.666666666666665,STOP,0.7010050251256281,-0.07487912370030847,0.6595477386934674,1.0301507537688441,65.48223350253807,1.9264337729313912,티에이치엔
020000,2025-12-15,16010,1,-1.124297314178635,STOP,0.4886211512717537,1.6779482220561734,0.8099062918340026,1.7402945113788488,56.896551724137936,0.40307471134971423,한섬
020000,2026-01-28,17100,10,29.532163742690052,TIMEOUT,4.690815006468306,0.4515859139519628,-1.1591203104786545,0.2069857697283312,86.10169491525424,0.45557174663192507,한섬
020000,2026-04-22,25750,9,-5.631067961165048,STOP,1.5593952483801297,14.634291901477509,-0.42116630669546434,1.0367170626349893,71.900826446281,0.23497794729475593,한섬
020000,2026-05-12,25600,2,9.1796875,T_star,0.2697841726618705,13.690649807257218,0.9712230215827338,1.5107913669064748,53.15789473684211,1.6661526823355963,한섬
020150,2025-10-20,26800,10,-1.6791044776119368,TIMEOUT,3.096774193548387,1.5900519824686579,-0.01881720430107527,0.6989247311827957,69.71830985915493,0.42886495582045353,롯데에너지머티리얼즈
020150,2026-01-20,34250,10,22.481751824817508,TIMEOUT,1.6677265500794913,7.806058671773193,-1.3004769475357711,1.1128775834658187,62.264150943396224,0.9350307986406117,롯데에너지머티리얼즈
020150,2026-02-23,44100,5,-8.956916099773238,STOP,0.31386861313868614,10.998745109618365,1.6542800265428004,1.6987392169873923,55.88235294117647,0.9295194839110396,롯데에너지머티리얼즈
020150,2026-03-27,42100,4,-6.7695961995249405,STOP,0.9832699619771863,1.9339029074773164,-0.7604562737642585,1.049429657794677,63.74622356495468,0.4953813282946805,롯데에너지머티리얼즈
021240,2026-05-28,92400,1,-2.5974025974025983,STOP,0.36947791164658633,2.5189182352817245,1.0200803212851406,1.3453815261044177,59.515570934256054,1.3167696861094893,코웨이
021240,2026-06-02,94600,3,-7.610993657505283,STOP,0.6354775828460039,3.1522538615109807,0.7816764132553606,0.8771929824561403,54.82758620689655,1.5181986138941486,코웨이
022100,2025-09-19,22700,1,-2.2026431718061623,STOP,0.2358974358974359,-0.6789930011490651,-1.564102564102564,2.871794871794872,76.3157894736842,0.37045422631550756,포스코DX
022100,2025-12-08,28450,8,-9.314586994727591,STOP,2.278481012658228,3.4788993391839345,-0.6329113924050633,0.33755274261603374,69.54022988505747,0.3024515090412454,포스코DX
022100,2025-12-22,26700,1,11.423220973782765,T_star,0.10320284697508897,5.614241679077349,0.5729537366548043,2.5622775800711746,50.476190476190474,0.9395409775470868,포스코DX
022100,2026-01-13,29150,2,32.590051457975974,T_star,0.6230876216968011,8.084793366323392,0.4478442280945758,1.1682892906815021,63.2183908045977,0.5724548872141847,포스코DX
022100,2026-02-09,39150,1,-1.532567049808431,STOP,0.08828382838283828,15.156972952830483,1.7797029702970297,2.128712871287129,42.38805970149254,1.3895246781625576,포스코DX
022100,2026-04-13,31450,10,13.19554848966613,TIMEOUT,0.2077104642014162,3.005544207761891,-0.26278520849724624,0.8811959087332809,53.30396475770926,1.2301618910188787,포스코DX
023530,2025-12-12,75400,9,-2.5198938992042397,STOP,1.034934497816594,3.1765889076949425,1.1768558951965065,0.34934497816593885,63.19444444444445,0.3902865495734367,롯데쇼핑
023530,2026-01-21,75400,10,27.18832891246685,TIMEOUT,1.5561097256857854,1.6757396449704138,-0.34413965087281795,0.7481296758104738,60.431654676258994,0.43776907397420545,롯데쇼핑
023530,2026-03-24,105000,7,-2.571428571428569,STOP,0.42070484581497797,11.885671554983162,-0.37591776798825255,1.7180616740088106,62.239089184060724,0.4479571421670885,롯데쇼핑
023530,2026-04-06,104600,1,-0.47801147227533036,STOP,0.006442376521116679,12.3586652483946,0.28489620615604866,1.7322834645669292,50.94339622641509,0.6096888635732344,롯데쇼핑
023530,2026-04-08,107200,2,-0.3731343283582045,STOP,0.2456268221574344,12.776009839714186,0.4956268221574344,1.3848396501457727,49.740932642487046,0.8703533465438227,롯데쇼핑
023530,2026-04-17,121300,10,14.179719703215167,TIMEOUT,1.9568773234200743,13.466516601012943,0.6267657992565056,0.40148698884758366,64.88222698072805,0.39096939691660465,롯데쇼핑
023530,2026-06-02,154100,1,11.615833874107718,T_star,0.08432743726861373,15.101048192214739,1.1661867544220486,1.9086795557383793,51.4218009478673,1.4564915333927482,롯데쇼핑
023590,2025-09-03,33900,10,8.997050147492637,TIMEOUT,0.7528868360277137,8.304264070391,-0.6189376443418014,1.4780600461893765,52.272727272727266,0.5387563925802067,다우기술
023590,2025-10-29,39350,10,4.3202033036848775,TIMEOUT,2.248811410459588,-1.7036533639537947,-0.4326465927099842,0.0,62.10526315789473,0.3846082027795272,다우기술
023590,2025-12-11,37000,1,11.621621621621614,T_star,0.30091743119266057,2.626840866072672,-1.201834862385321,2.6422018348623855,59.589041095890416,0.7094545765372332,다우기술
023590,2025-12-30,38850,5,-1.9305019305019266,STOP,0.3456,1.7457262538208989,0.9584,1.664,57.565789473684205,1.3925996856311766,다우기술
023590,2026-01-15,39600,2,-1.6414141414141437,STOP,0.384,2.5093624559908503,0.4416,1.152,49.78540772532189,0.4438262358228119,다우기술
023590,2026-01-23,41750,10,9.820359281437119,TIMEOUT,1.4169096209912537,3.2163742690058545,0.18075801749271136,0.5539358600583091,59.276018099547514,0.5564942657004732,다우기술
023590,2026-04-17,49600,8,-4.63709677419355,STOP,1.1984304932735426,5.635216518497275,-0.32623318385650224,0.7174887892376681,67.02508960573476,0.35106360371464396,다우기술
023590,2026-05-06,50100,1,-2.1956087824351322,STOP,1.16,3.5615195351353135,0.6114285714285714,0.6857142857142857,54.54545454545455,1.2759732138796671,다우기술
023800,2026-02-03,7260,3,-1.2396694214875992,STOP,0.5606060606060606,5.939976120699007,1.0688705234159779,1.4600550964187329,61.81818181818182,2.650672037230815,인지컨트롤스
023800,2026-02-11,7500,9,-2.8000000000000025,STOP,0.7256637168141593,6.265028052364424,1.0147492625368733,0.855457227138643,55.445544554455445,2.164577896572439,인지컨트롤스
024110,2025-09-12,19760,10,-2.2267206477732837,STOP,1.7614213197969544,5.524866889801997,0.01015228426395939,0.9813874788494078,60.82474226804124,0.7956320677642075,기업은행
024110,2025-10-28,19480,1,-0.924024640657084,STOP,0.5144230769230769,-1.2565935000850836,-0.6907051282051282,1.3461538461538463,55.65610859728506,0.5851679001747626,기업은행
024110,2025-10-31,19330,1,-1.1381272633212647,STOP,0.13777089783281735,-1.5009253442450257,-0.47678018575851394,1.3003095975232197,60.37735849056604,1.0023522063360273,기업은행
024110,2025-11-04,19330,10,3.724780134505945,TIMEOUT,0.2203125,-1.5056791673382075,-0.4,1.3125,54.929577464788736,1.5502314521122014,기업은행
024110,2025-11-27,20300,10,1.724137931034475,TIMEOUT,0.49328859060402686,1.4185375102339748,1.0223713646532437,1.6778523489932886,60.3448275862069,1.9825700648541278,기업은행
024110,2025-12-19,20950,6,0.0,STOP,0.5555555555555556,2.3263945148938774,0.6875,0.8333333333333334,54.09836065573771,1.7711840870055229,기업은행
024110,2026-01-27,21600,10,11.805555555555557,TIMEOUT,2.2266666666666666,2.4540080750130517,-0.2733333333333333,0.0,64.40677966101694,0.8602656461767827,기업은행
024110,2026-04-21,22550,8,-1.9955654101995512,STOP,0.4157303370786517,2.180913348946141,-0.7677902621722846,1.7228464419475655,57.534246575342465,0.5617054479477176,기업은행
024110,2026-04-30,22600,1,-2.212389380530977,STOP,0.7230769230769231,1.9294357036444898,-0.31794871794871793,0.5128205128205128,56.41025641025641,1.0090701962160904,기업은행
024720,2025-09-09,13570,2,-1.9896831245394209,STOP,0.26714801444043323,2.852908916944762,-0.5299638989169675,2.411552346570397,44.02173913043479,0.3334986384640559,콜마홀딩스
025540,2026-01-05,69900,2,-0.42918454935622075,STOP,0.6078431372549019,3.710655893794721,1.8137254901960784,0.5392156862745098,56.2962962962963,1.0528715310196866,한국단자
025540,2026-01-15,74400,10,1.3440860215053752,TIMEOUT,2.184757505773672,4.560942237008026,0.6628175519630485,0.18475750577367206,62.23404255319149,0.4161612655020635,한국단자
025540,2026-02-04,75200,2,-5.053191489361697,STOP,0.4826418289585097,6.741133178484756,1.0279424216765454,1.964436917866215,52.247191011235955,1.9372158194606834,한국단자
025540,2026-02-24,77300,5,-13.065976714100902,STOP,0.9070929070929071,7.1081087893529595,0.3516483516483517,0.8391608391608392,55.65610859728506,0.7355882543232927,한국단자
025540,2026-03-24,76900,7,-4.811443433029905,STOP,0.5798429319371727,4.168438962143769,-0.032722513089005235,1.7015706806282722,64.30678466076697,0.6702939337085678,한국단자
025540,2026-04-08,75500,1,-0.26490066225165476,STOP,0.04806201550387597,2.8969883248847395,0.17829457364341086,1.8294573643410852,53.409090909090914,1.0766747466455144,한국단자
025540,2026-04-17,86400,10,2.546296296296302,TIMEOUT,3.08125,2.884374786742808,0.528125,0.15625,76.58536585365854,0.2402512639168992,한국단자
025540,2026-05-15,89800,1,-9.35412026726058,STOP,0.6481994459833795,5.633896648975144,1.9722991689750693,1.1634349030470914,60.10638297872341,1.0851915545471624,한국단자
025820,2025-12-08,5030,10,7.9522862823061535,TIMEOUT,1.0401785714285714,1.1687044971609777,-0.28422619047619047,1.1904761904761905,67.71300448430493,0.5757121553699178,이구산업
025820,2026-01-19,5830,2,-3.6020583190394473,STOP,0.5239799570508232,5.854880771787486,1.026485325697924,1.4602720114531138,55.84415584415584,0.6523806107770285,이구산업
025820,2026-01-30,5930,1,-8.93760539629005,STOP,0.38193343898573695,5.773103230208518,0.6339144215530903,1.9651347068145801,53.65853658536585,0.7651789744551811,이구산업
025820,2026-02-04,5850,1,-4.444444444444439,STOP,0.27212020033388984,5.315718469283669,0.2003338898163606,2.337228714524207,50.37313432835821,0.8514558105196396,이구산업
025860,2026-03-06,7590,10,9.617918313570485,TIMEOUT,1.0247651579846284,4.0376036494694665,1.2211784799316823,0.71733561058924,60.30927835051547,0.8366226358500666,남해화학
025860,2026-03-26,8440,1,-4.739336492891,STOP,0.4254412659768716,6.99828473413379,0.5940353012781497,3.10407790626902,57.11892797319933,0.5014132316469824,남해화학
025860,2026-03-30,8260,1,-3.2687651331719136,STOP,0.1016561964591662,7.24658905079202,0.4643061107938321,3.118218161050828,50.0,0.6100579026454176,남해화학
025860,2026-04-14,9610,10,-4.474505723204992,TIMEOUT,2.059712773998488,7.38778858549163,0.0672713529856387,0.8314436885865457,69.66019417475728,0.12811518254002552,남해화학
026890,2025-12-15,10850,1,-2.580645161290318,STOP,0.4799081515499426,1.0370559754558208,0.12169919632606199,2.1814006888633752,52.05479452054794,1.5398094935629936,스틱인베스트먼트
026940,2026-05-06,2915,2,-6.003430531732423,STOP,0.6408916753744339,11.418002466091245,1.4872866597004526,1.8460466736328804,49.112426035502956,0.31371455264663495,부국철강
026960,2025-09-08,27450,10,2.0036429872495543,TIMEOUT,0.07011070110701106,2.087707366117642,-1.4280442804428044,2.2878228782287824,61.53846153846153,2.3962064082261922,동서
026960,2026-04-13,27250,5,0.18348623853210455,STOP,0.30730478589420657,-0.5429892332991981,0.8664987405541562,1.5113350125944585,56.310679611650485,1.1728041117663661,동서
027410,2026-03-23,4345,10,11.62255466052935,TIMEOUT,0.5871271585557299,1.905794532830122,0.27472527472527475,0.847723704866562,51.8796992481203,0.5125616604705381,BGF
027410,2026-03-25,4525,10,13.812154696132595,TIMEOUT,1.5913312693498451,1.9673085721415837,0.34520123839009287,0.4953560371517028,66.00985221674877,0.43287882763425706,BGF
027410,2026-04-23,5000,9,0.8000000000000007,STOP,0.4375,8.297183356754445,1.1,1.3928571428571428,57.278481012658226,1.1431498927262103,BGF
028050,2025-10-22,28400,1,6.690140845070425,T_star,0.8662207357859532,4.572815228010468,-0.27424749163879597,0.13377926421404682,55.670103092783506,0.6008729591058516,삼성E&A
028050,2026-03-30,33250,1,7.36842105263158,T_star,0.09176915799432356,9.27715844402277,-0.4001892147587512,2.8192999053926204,58.064516129032256,0.6755819284610003,삼성E&A
028050,2026-04-30,53100,3,21.28060263653484,T_star,0.6554959785522788,25.692172664166602,2.349195710455764,1.260053619302949,54.61165048543689,0.9491848057408384,삼성E&A
028260,2025-10-02,197800,4,4.145601617795758,T_star,1.4110378912685337,4.89810974637102,2.0238879736408566,0.9390444810543658,65.54621848739495,1.5792434204675485,삼성물산
028260,2025-11-13,225000,3,-4.666666666666663,STOP,0.7528230865746549,9.33340847398724,1.279297365119197,0.903387703889586,60.25641025641026,0.9420078711649114,삼성물산
028260,2025-11-20,224000,1,-3.57142857142857,STOP,0.3775,10.308496369270621,0.751,1.0,48.30508474576271,0.8042597182507516,삼성물산
028260,2025-11-28,225000,3,9.111111111111114,T_star,0.28426395939086296,10.616799200295375,0.43147208121827413,1.5736040609137056,50.34965034965035,0.7210589905657793,삼성물산
028260,2026-01-08,270500,10,9.981515711645095,TIMEOUT,2.43646408839779,8.911890140556402,0.7928176795580111,0.4419889502762431,74.33628318584071,0.20511597440692758,삼성물산
028260,2026-02-09,312500,3,6.879999999999997,T_star,1.0050675675675675,11.54397534226938,1.6300675675675675,0.6756756756756757,57.268722466960355,0.8489853254536209,삼성물산
028260,2026-04-14,296000,10,4.560810810810811,TIMEOUT,0.7972222222222223,3.3524904214559386,0.12777777777777777,1.0,52.46478873239437,0.5320992769741026,삼성물산
028260,2026-05-04,320000,10,18.906249999999993,TIMEOUT,1.3025362318840579,1.6769113106534788,1.3768115942028984,0.2536231884057971,65.96858638743456,1.0811546330134498,삼성물산
028260,2026-05-28,399500,4,33.917396745932415,T_star,0.22649888971132495,8.021330653041858,1.5136935603256847,2.383419689119171,48.785871964679906,1.6127264521952163,삼성물산
028260,2026-06-12,432000,1,14.583333333333325,T_star,0.11426978818283166,12.676321233778454,0.7809364548494984,2.9654403567447045,51.9203413940256,0.3204119934117809,삼성물산
02826K,2025-11-14,140100,2,-2.212705210563881,STOP,0.05405405405405406,5.527521684578037,1.1089799476896252,1.5518744551002615,52.48091603053435,1.1216166414151754,삼성물산우B
02826K,2025-11-20,142000,1,-2.8169014084507005,STOP,0.20618556701030927,6.463439473148207,0.6993127147766323,1.2027491408934707,49.583333333333336,1.10288512623871,삼성물산우B
02826K,2025-12-02,142700,1,7.358093903293628,T_star,0.17533039647577092,6.939463967912457,0.23876651982378855,1.251101321585903,44.30051813471503,1.5679334774255524,삼성물산우B
02826K,2025-12-19,149800,1,-3.2710280373831724,STOP,0.249789029535865,6.75232158758428,0.789873417721519,1.9240506329113924,59.2391304347826,0.3519868146583915,삼성물산우B
02826K,2026-01-09,153200,10,24.151436031331585,TIMEOUT,0.7019230769230769,5.391751071289457,0.22756410256410256,1.4316239316239316,55.700325732899024,0.47662305450486764,삼성물산우B
02826K,2026-02-11,186700,10,3.2672737011248065,STOP,0.5093399750933998,9.815697781037947,1.9775840597758405,0.9090909090909091,47.33542319749216,1.2073298125471534,삼성물산우B
02826K,2026-04-15,191900,10,3.1266284523189247,TIMEOUT,1.3197910621009867,5.518296158376726,0.1758560650029019,0.7312826465467208,57.12121212121212,0.3102111158983197,삼성물산우B
02826K,2026-05-26,226500,1,-0.6622516556291425,STOP,0.12790982602303358,5.576636340098033,1.0490075961774075,3.1609899534427837,61.51026392961877,3.321921537229784,삼성물산우B
028670,2025-09-12,4165,7,-6.242496998799519,STOP,1.888586956521739,2.0006760468162383,-0.6494565217391305,0.6521739130434783,66.01941747572815,0.4334074134965634,팬오션
028670,2026-01-16,4155,10,13.116726835138381,TIMEOUT,2.2167487684729066,0.7407885953011567,-0.8694581280788177,0.7389162561576355,66.66666666666666,0.2465602392317631,팬오션
028670,2026-03-06,5250,1,-4.761904761904767,STOP,0.0293778801843318,11.770908714979837,0.9706221198156681,3.110599078341014,51.972157772621806,0.5241832370858815,팬오션
028670,2026-04-10,5360,10,5.037313432835822,TIMEOUT,1.0341880341880343,8.511721804921521,-0.36182336182336183,0.6077872744539411,68.4931506849315,0.4201945734247589,팬오션
028670,2026-05-06,5620,1,7.295373665480431,T_star,0.4720616570327553,7.893524443306885,1.1416184971098267,1.0404624277456647,64.34782608695652,1.990166094072547,팬오션
028670,2026-05-21,5840,3,-3.767123287671237,STOP,0.10666666666666667,5.8753699547923315,0.8282352941176471,1.411764705882353,58.68263473053892,1.8380420413631557,팬오션
029460,2026-02-20,32100,6,0.15576323987538387,STOP,0.3110367892976589,7.025506616377923,1.3695652173913044,1.939799331103679,47.67441860465116,1.8514337062861468,케이씨
029460,2026-03-25,33900,2,-7.227138643067843,STOP,0.8249427917620137,8.437832722110493,-0.014874141876430207,0.7780320366132724,58.27586206896551,0.5388846299838492,케이씨
029460,2026-04-16,35300,1,6.657223796033995,T_star,1.8075422626788036,5.463663314216049,0.08192457737321196,0.6241872561768531,63.50877192982456,0.5576795580110497,케이씨
029460,2026-05-13,38350,3,-5.997392438070404,STOP,0.0048721071863581,8.167441860465113,2.0876979293544458,2.2655298416565164,56.20437956204379,1.137424300884065,케이씨
029530,2026-02-26,58700,2,-4.429301533219765,STOP,0.630569306930693,7.99795871680715,1.4300742574257426,3.589108910891089,57.421875,0.7587093389296957,신도리코
029780,2025-09-02,51300,10,4.873294346978563,TIMEOUT,0.9519230769230769,5.075793950202357,-0.25240384615384615,0.38461538461538464,61.702127659574465,0.6805781703401163,삼성카드
029780,2025-09-29,52200,1,0.19157088122605526,STOP,0.14107883817427386,1.5898692810457564,0.8174273858921162,1.4107883817427387,51.99999999999999,1.8233500149707003,삼성카드
029780,2025-12-11,55500,6,-1.6216216216216162,STOP,1.0895522388059702,2.1430326861636764,1.2537313432835822,0.5970149253731343,64.17910447761194,0.5915134685285063,삼성카드
029780,2025-12-22,55700,6,-2.5134649910233398,STOP,0.5746031746031746,2.021729937217402,0.6253968253968254,2.4126984126984126,52.459016393442624,0.4649031674967039,삼성카드
029780,2026-01-27,56100,10,8.02139037433156,TIMEOUT,2.0416666666666665,2.245853503690193,-0.825,0.3333333333333333,74.24242424242425,0.6650433389142462,삼성카드
029780,2026-04-21,54000,4,-1.851851851851849,STOP,0.07142857142857142,0.0028920122621277832,-1.5446428571428572,2.0238095238095237,54.34782608695652,0.9350066995553932,삼성카드
030000,2025-09-10,19900,10,3.015075376884413,TIMEOUT,0.7623400365630713,1.6037351132268494,-0.3327239488117002,0.9140767824497258,66.66666666666666,0.4344002506057842,제일기획
030000,2025-12-16,22750,5,0.219780219780219,STOP,0.15476190476190477,4.773234565478672,1.4583333333333333,1.1904761904761905,47.5,1.5962632056138228,제일기획
030000,2026-01-26,21250,6,-1.6470588235294126,STOP,0.694300518134715,0.8284844514662305,-2.088082901554404,3.2124352331606216,58.92857142857143,0.4768952824532595,제일기획
030000,2026-02-09,21300,10,3.5211267605633756,TIMEOUT,0.5118483412322274,0.5337121793887379,0.21800947867298578,1.5165876777251184,54.8780487804878,1.4259678526133484,제일기획
030190,2025-12-15,18200,6,-4.890109890109895,STOP,1.8346709470304976,3.2993945440939707,1.4085072231139646,0.4333868378812199,68.93491124260355,0.2782681299778214,NICE평가정보
030190,2026-01-27,16930,5,-3.36680448907265,STOP,0.9235611510791367,6.165312376538929,-1.0755395683453237,0.8093525179856115,56.396866840731064,1.0932336487416119,NICE평가정보
030190,2026-02-10,17400,4,-2.2413793103448265,STOP,1.2354788069073783,4.685684647302908,0.30847723704866564,0.40816326530612246,61.26126126126126,1.4262221263515518,NICE평가정보
030190,2026-02-23,17380,3,-2.7617951668584606,STOP,0.5676855895196506,3.558138349390842,0.7030567685589519,1.1062590975254731,48.306997742663654,1.6427084761994133,NICE평가정보
030190,2026-02-27,17110,1,-2.27936879018118,STOP,0.11649016641452345,2.2167017007452627,0.6354009077155824,1.5582450832072616,58.00970873786408,1.168346827260189,NICE평가정보
030190,2026-03-20,17100,1,-3.274853801169586,STOP,0.21978021978021978,-0.6555247150534459,0.08516483516483517,1.2362637362637363,49.922239502332815,2.1345460304054056,NICE평가정보
030190,2026-03-24,17190,2,-2.734147760325767,STOP,0.3660949868073879,-0.796455820822067,-0.013852242744063324,1.0686015831134565,62.66233766233766,2.9687400310053222,NICE평가정보
030200,2026-01-20,55200,10,2.3550724637681153,TIMEOUT,1.9333333333333333,1.7332540233303544,0.15416666666666667,0.25,61.702127659574465,0.8159300837429355,KT
030200,2026-03-30,60800,3,-2.3026315789473673,STOP,0.4165103189493433,4.303039377152268,-1.026266416510319,1.6510318949343339,50.0,1.045088587905621,KT
030200,2026-04-06,60200,1,-1.8272425249169388,STOP,0.09162303664921466,4.342159824654942,-0.5209424083769634,1.0994764397905759,50.724637681159415,0.7205364479987173,KT
030200,2026-04-08,61000,10,1.3114754098360715,TIMEOUT,0.5114503816793893,4.324499602039913,-0.16539440203562342,0.916030534351145,55.55555555555556,0.9746171375573618,KT
030210,2026-03-10,4465,3,0.6718924972004547,STOP,0.022742935906271536,8.738204241801364,0.9255685733976567,3.5148173673328738,54.092071611253196,1.0716770015964692,다올투자증권
030610,2025-10-24,9370,7,-1.067235859124871,STOP,0.4532839962997225,-0.3269474496262279,-0.786308973172988,1.2950971322849214,56.78391959798994,0.6942725207748762,교보증권
030610,2025-11-03,9580,1,-3.235908141962418,STOP,0.93215859030837,-0.320419458199812,-0.04229074889867841,0.8105726872246696,64.85148514851485,1.2394460521824924,교보증권
030610,2025-11-06,9380,1,-2.1321961620469065,STOP,0.14332247557003258,-0.04548845503012659,0.24592833876221498,1.4006514657980456,56.60377358490566,1.2990933821619792,교보증권
030610,2025-11-10,9690,6,-6.604747162022706,STOP,0.9620637329286799,0.5606793900100381,0.3930197268588771,0.36418816388467373,56.944444444444436,1.7172248969554225,교보증권
030610,2025-12-09,9560,10,2.092050209205021,TIMEOUT,0.7322695035460993,2.1395804246523116,-0.09219858156028368,1.4539007092198581,70.0,0.41570046486256035,교보증권
030610,2026-03-27,13040,1,-8.358895705521475,STOP,0.35802469135802467,9.916250480215135,-1.1899862825788752,2.7983539094650207,62.03473945409429,0.5467531435692212,교보증권
030610,2026-04-16,13280,10,2.6355421686746983,TIMEOUT,1.2480252764612954,8.408248843955544,-0.05134281200631911,0.34755134281200634,52.01342281879195,0.14524272599570912,교보증권
030610,2026-05-15,14530,1,-11.35581555402615,STOP,0.5664819944598338,7.098087748013892,1.4681440443213296,2.3407202216066483,53.95430579964851,0.7191679900460045,교보증권
031210,2025-11-06,51300,2,8.187134502923987,T_star,0.8948339483394834,5.83636831843431,-0.940959409594096,0.2952029520295203,65.71428571428572,1.084322072972059,서울보증보험
031210,2025-12-11,50500,10,-1.1881188118811892,STOP,0.32038834951456313,4.3550690147548785,-0.8660194174757282,3.650485436893204,59.055118110236215,0.8499800995674103,서울보증보험
031430,2026-02-27,13290,2,-13.844996237772767,STOP,1.5789946140035906,7.119504296923646,1.5287253141831239,0.2513464991023339,61.25461254612546,0.6934572091125332,신세계인터내셔날
031430,2026-03-05,12450,1,-0.8032128514056214,STOP,0.021360759493670885,6.8241429320825695,0.9208860759493671,1.5506329113924051,55.32846715328467,1.0263639687705999,신세계인터내셔날
031430,2026-03-27,12410,1,-1.9339242546333568,STOP,0.04765450483991065,3.7885977078618875,-0.15934475055845124,3.4847356664184663,57.14285714285714,0.34413971056398374,신세계인터내셔날
031430,2026-05-15,16670,2,-13.017396520695856,STOP,2.1730124885775206,8.498405180084594,1.7733780079195858,0.5604629911666159,67.54385964912281,0.4014085315587765,신세계인터내셔날
031820,2026-03-13,7670,1,-1.04302477183833,STOP,0.18755477651183172,10.226725919216497,1.4618755477651184,1.7879053461875547,54.17558886509635,0.9846557675080361,아이티센씨티에스
032350,2025-09-16,17390,1,6.382978723404253,T_star,1.473919523099851,5.953453686729018,-0.5208643815201193,0.4172876304023845,63.020833333333336,0.28690882151249014,롯데관광개발
032350,2025-10-24,18940,4,-4.4350580781414966,STOP,0.6807610993657506,1.2140444858507045,0.42547568710359407,1.5961945031712474,61.53846153846154,0.44202554475228145,롯데관광개발
032350,2025-11-04,18280,1,-6.619256017505471,STOP,0.024932249322493227,1.3715506703754679,-0.036314363143631435,1.6910569105691058,55.24861878453039,1.0982735312610337,롯데관광개발
032350,2025-11-18,20950,2,6.682577565632464,T_star,2.086935638808838,3.049926281402677,0.5,1.2007684918347743,64.41281138790035,0.41025772103986746,롯데관광개발
032350,2025-12-04,21300,2,7.9812206572769995,T_star,0.7329775190037199,6.927719431639989,0.8009057092026525,1.0997897460779558,60.458651841556645,1.4915587515433224,롯데관광개발
032350,2025-12-29,22500,2,0.4444444444444473,STOP,0.06959152798789713,8.901453372476526,0.783661119515885,1.361573373676248,46.621621621621614,1.2707651617968214,롯데관광개발
032350,2026-01-26,22500,1,-3.5555555555555562,STOP,0.556989247311828,6.1800482541384625,-0.44516129032258067,1.4193548387096775,61.24031007751938,1.040569597203001,롯데관광개발
032350,2026-01-28,21900,1,6.849315068493156,T_star,0.0859538784067086,6.067993476886212,-0.32075471698113206,1.8867924528301887,56.20437956204379,1.0159847917116522,롯데관광개발
032350,2026-02-24,24700,1,-3.441295546558709,STOP,0.03765060240963856,8.581408271810755,1.1385542168674698,1.8072289156626506,46.97986577181208,3.318942051834091,롯데관광개발
032640,2025-09-18,14860,10,2.288021534320328,TIMEOUT,0.3796423658872077,3.7365837619483826,-0.2530949105914718,1.7331499312242091,50.139275766016716,1.3471158651837383,LG유플러스
032640,2025-10-10,15170,1,-1.5820698747528006,STOP,0.7417677642980935,2.275886630745732,0.7729636048526863,0.9358752166377816,56.310679611650485,2.4180670293645083,LG유플러스
032640,2025-10-15,15170,2,-1.713909030982197,STOP,0.43057722308892354,1.786286080234211,1.0234009360374414,0.8424336973478939,56.22489959839357,2.646132789391767,LG유플러스
032640,2025-10-20,15150,1,-1.3861386138613874,STOP,0.397708674304419,1.1919777285381552,0.8690671031096563,0.9492635024549918,58.11965811965811,3.2008181798240805,LG유플러스
032640,2025-10-28,15260,2,-2.8178243774574008,STOP,0.49508196721311476,0.8483575075685649,0.3590163934426229,0.5901639344262295,48.38709677419355,0.43171920428169114,LG유플러스
032640,2025-11-06,15390,8,-1.7543859649122862,STOP,0.8256227758007118,0.6225418586358059,-0.04744958481613286,0.4744958481613286,57.49999999999999,0.7457882574920147,LG유플러스
032640,2025-11-21,15600,2,-2.564102564102566,STOP,0.4724950884086444,1.3375824767718563,0.5707269155206287,1.768172888015717,62.37623762376238,0.8212666755249493,LG유플러스
032640,2026-03-27,16100,5,-4.7826086956521685,STOP,0.9879943502824858,0.40921702428521706,-1.103813559322034,2.1186440677966103,66.99507389162562,0.19180028418606704,LG유플러스
032640,2026-04-06,15610,4,11.531069827033956,T_star,0.2803819444444444,0.8091099790230747,-0.5208333333333334,1.3194444444444444,47.55784061696658,0.40609103146784703,LG유플러스
032830,2025-10-15,162200,2,-3.3908754623921067,STOP,0.8621597892888498,7.124643579404863,0.6804214223002634,1.4398595258999123,58.390804597701155,0.46844499738725753,삼성생명
032830,2025-10-20,159700,8,-1.440200375704448,STOP,0.4433628318584071,6.552459341531137,0.4345132743362832,1.8938053097345133,52.182952182952185,0.49544962008775967,삼성생명
032830,2025-10-24,162600,4,-3.1980319803198043,STOP,0.7444821731748726,6.540068920008799,0.32512733446519526,1.3242784380305603,59.43152454780362,0.908153899307373,삼성생명
032830,2025-12-08,155800,6,-2.631578947368418,STOP,0.32687224669603526,3.4494931109419578,-0.08986784140969163,2.4140969162995596,67.14975845410628,0.2592009857248737,삼성생명
032830,2025-12-17,153600,1,-1.171875,STOP,0.16180048661800486,0.7254969600276095,-0.19586374695863748,1.4355231143552312,50.44642857142857,0.7504793841517571,삼성생명
032830,2025-12-19,155000,7,0.838709677419347,STOP,0.3471882640586797,0.5456600118387773,-0.1271393643031785,1.1002444987775062,52.30769230769231,1.2386918653610182,삼성생명
032830,2026-01-05,164100,5,-3.656307129798908,STOP,1.488794023479189,0.3922574577013864,0.8943436499466382,1.1099252934898614,64.70588235294119,1.1940849852026036,삼성생명
032830,2026-01-13,159100,10,17.598994343180397,TIMEOUT,0.11798839458413926,0.2327617501975334,0.4284332688588008,1.9729206963249517,55.94202898550725,1.5480211053690098,삼성생명
032830,2026-03-11,226500,2,-4.635761589403975,STOP,0.800606520090978,12.13245439215085,0.9555724033358605,2.001516300227445,56.52173913043478,1.6360829588367443,삼성생명
032830,2026-03-24,222000,5,-5.180180180180183,STOP,0.059064061790095414,13.17645449927714,0.5733757383007724,2.271694684234439,60.42553191489362,0.8674164811295386,삼성생명
032830,2026-04-01,227000,1,-4.405286343612335,STOP,0.5183887915936952,11.76580621025065,0.02626970227670753,1.295971978984238,54.49735449735449,0.8396243986096362,삼성생명
032830,2026-04-03,221000,1,2.262443438914019,STOP,0.050359712230215826,11.694634444331307,-0.09352517985611511,1.7625899280575539,54.41176470588235,1.1293745182785837,삼성생명
032830,2026-04-09,230000,10,11.086956521739122,TIMEOUT,0.4953959484346225,11.832206370211928,0.24125230202578268,1.141804788213628,49.302325581395344,1.1782173973615682,삼성생명
033240,2025-09-03,19000,2,-1.6315789473684172,STOP,0.03732691149909693,15.01316067124975,0.5755568934376881,1.2642986152919928,52.96367112810707,0.3463542406206202,자화전자
033240,2025-09-09,18870,1,-1.4308426073131986,STOP,0.014313597918022121,13.879149450336051,0.23487312947299935,1.4183474300585557,49.78448275862069,0.2333331668855455,자화전자
033240,2025-09-17,22400,10,-9.375,TIMEOUT,3.856379821958457,11.912073368694239,0.21602373887240356,0.41543026706231456,67.20647773279353,0.21695904887215917,자화전자
033240,2025-10-13,21250,1,-4.0000000000000036,STOP,0.7849829351535836,9.081486130526164,0.8781082398829839,1.6089712335446125,59.86842105263158,1.8266303816445588,자화전자
033240,2025-10-15,22500,9,-4.222222222222227,STOP,1.542153047989624,9.164644452208055,0.8132295719844358,0.34587116299178555,54.794520547945204,0.7203684014305243,자화전자
033240,2025-10-31,21700,3,2.304147465437789,STOP,0.02165543792107796,7.66442211771413,0.4980750721847931,1.9249278152069298,52.98013245033113,2.690537798869299,자화전자
033240,2025-12-09,20100,10,11.691542288557223,TIMEOUT,1.1401604530438887,0.053592743867284874,-1.310051911278905,1.8876828692779613,64.58036984352773,0.2242988049196892,자화전자
033240,2026-02-02,31750,10,39.370078740157474,TIMEOUT,3.8990318118948823,4.083407083081037,0.23374827109266944,0.636237897648686,83.12236286919831,0.1836763013177798,자화전자
033240,2026-04-20,43200,10,7.291666666666674,TIMEOUT,2.782650142993327,11.859900294004856,-0.7893231649189705,0.34318398474737843,75.46296296296296,0.31553974126886347,자화전자
033240,2026-05-15,48450,3,-7.120743034055732,STOP,0.7084870848708487,14.615114235500878,1.8605166051660516,0.6937269372693727,57.14285714285714,1.6324791551302218,자화전자
033530,2025-09-15,6100,9,-0.6557377049180357,STOP,0.39570277529095793,10.872103630724315,2.8146821844225602,1.539838854073411,52.08333333333334,1.3268065952999473,SJG세종
033530,2025-10-02,6260,1,-8.146964856230031,STOP,0.04397537379067722,11.229334608553089,0.357080035180299,1.6182937554969217,54.0,1.6303302284725303,SJG세종
033530,2025-10-22,8940,10,2.9082774049216997,TIMEOUT,5.5176600441501105,11.465838307284466,0.46909492273730685,0.7947019867549668,78.32618025751073,0.04004925231449652,SJG세종
033530,2025-11-17,8940,1,-9.284116331096193,STOP,0.464264619019492,24.000418829371917,1.5888954518606024,1.6893089190785588,57.7391304347826,0.36620139564934195,SJG세종
033530,2025-12-04,10060,10,-11.431411530815105,STOP,2.397335423197492,15.985668645635279,0.14028213166144202,0.6112852664576802,70.81447963800906,0.14099992006934295,SJG세종
033530,2025-12-22,10110,2,17.210682492581597,T_star,1.6721915285451197,14.15551859053956,0.9861878453038674,1.8784530386740332,62.06088992974239,1.1762665302832305,SJG세종
033530,2026-01-22,11300,7,-8.318584070796465,STOP,0.8420535494964382,15.236531554643404,0.5718496683861459,1.3166298206828788,56.624825662482564,0.516464043025384,SJG세종
033530,2026-02-04,10800,1,-4.351851851851851,STOP,0.2580123889038513,10.451703627691307,0.19068138971182333,1.9822246162133046,53.76344086021506,1.4605436826232707,SJG세종
033780,2025-09-22,142600,3,-5.820476858345025,STOP,1.8591549295774648,3.2121435002599563,-0.1028169014084507,1.295774647887324,67.67676767676767,0.4553279056205984,KT&G
033780,2025-09-26,137600,1,-1.017441860465118,STOP,0.2564102564102564,2.970533814996169,0.2902097902097902,2.2843822843822843,54.98281786941581,0.8988894731101753,KT&G
033780,2025-11-13,140700,10,2.3454157782516027,TIMEOUT,1.2685025817555937,0.1872338342552254,0.20481927710843373,0.8950086058519794,61.2565445026178,1.4891783730470727,KT&G
033780,2025-12-04,143300,2,-1.6050244242847178,STOP,0.27221438645980256,1.263830773547402,1.220028208744711,0.9873060648801129,51.0204081632653,0.4191703374127885,KT&G
033780,2025-12-22,144800,4,-0.9668508287292821,STOP,0.3560830860534125,1.8442349458256055,0.23887240356083086,1.6913946587537092,50.0,0.891578535876172,KT&G
033780,2026-01-21,144000,3,-1.388888888888884,STOP,0.1962962962962963,1.4395176185993372,0.003703703703703704,1.5555555555555556,55.24861878453039,1.7434676290384161,KT&G
033780,2026-01-27,144800,3,6.284530386740328,T_star,0.5486725663716814,1.6239478814969732,-0.168141592920354,1.2035398230088497,53.96039603960396,1.1934214406243546,KT&G
033780,2026-03-27,158000,4,-2.1518987341772156,STOP,0.3704044117647059,2.6545442479344326,-1.661764705882353,2.4448529411764706,57.43243243243243,0.79849720483316,KT&G
033780,2026-04-03,156300,2,-1.0236724248240514,STOP,0.06935332708528585,2.733092490309552,-0.9250234301780693,1.5932521087160263,55.367231638418076,0.9342736754323513,KT&G
033780,2026-04-08,158500,10,7.886435331230279,TIMEOUT,0.42059672762271416,2.7957647882394117,-0.28200192492781523,1.2127045235803657,52.14899713467049,0.5936618662401737,KT&G
033780,2026-05-20,178200,4,0.8417508417508435,STOP,0.021834061135371178,4.059786743936391,1.2759825327510916,1.9737991266375545,50.223214285714285,0.6174579177975003,KT&G
033780,2026-05-28,183700,4,-4.300489929232443,STOP,0.5658783783783784,2.9999794732844736,0.8429054054054054,1.0641891891891893,56.16197183098591,0.5533263340164142,KT&G
034020,2025-09-24,65900,10,25.79666160849772,TIMEOUT,1.7259414225941423,2.274382840955079,-0.24686192468619247,0.20920502092050208,57.788944723618094,0.6393115090881724,두산에너빌리티
034020,2025-12-11,77300,4,-2.3285899094437235,STOP,0.22388059701492538,6.829613885936947,-0.8343283582089552,1.2238805970149254,61.413043478260875,0.593218093898279,두산에너빌리티
034020,2025-12-19,77400,2,0.25839793281654533,STOP,0.20977917981072555,6.903334799009518,-0.12618296529968454,1.1987381703470033,56.03864734299517,0.8329129152104884,두산에너빌리티
034020,2026-01-06,85900,10,10.942956926658898,TIMEOUT,2.6263736263736264,6.815624859367259,0.31868131868131866,0.06279434850863422,60.91549295774648,0.4476857010160829,두산에너빌리티
034020,2026-02-03,91200,2,-0.6578947368421018,STOP,0.2074159907300116,3.157717343220084,1.5689455388180764,1.5990730011587486,52.32558139534884,1.422337140173653,두산에너빌리티
034020,2026-02-09,95400,1,-1.3626834381551323,STOP,0.7434002111932418,3.7288277537005574,1.1552270327349525,0.5702217529039071,50.10526315789473,0.7774472402791339,두산에너빌리티
034020,2026-02-13,96700,9,-16.649431230610134,STOP,0.8154506437768241,4.300405110626363,0.6459227467811158,0.6866952789699571,55.932203389830505,0.6074656928450234,두산에너빌리티
034020,2026-03-06,98000,1,-1.8367346938775508,STOP,0.2478017585931255,7.956848375672977,0.5435651478816946,1.9504396482813748,53.266331658291456,0.6981099249352388,두산에너빌리티
034020,2026-03-10,102500,2,0.9756097560975618,STOP,0.8365019011406845,8.08243144275367,0.4570342205323194,1.1711026615969582,55.2710843373494,0.7760974073817755,두산에너빌리티
034020,2026-03-18,107300,3,-6.15097856477167,STOP,1.030688622754491,9.555528884621545,0.6811377245508982,0.5089820359281437,53.09200603318251,0.5230577043355986,두산에너빌리티
034020,2026-03-25,102600,1,-1.6569200779727122,STOP,0.1869225302061123,9.467628705148194,0.535181236673774,1.3503909026297085,63.78132118451025,0.7868028853807595,두산에너빌리티
034020,2026-04-16,110800,10,14.711191335740082,TIMEOUT,2.01268115942029,6.607457454730375,-0.2608695652173913,0.23550724637681159,64.14253897550111,0.3253251459915522,두산에너빌리티
034220,2025-09-01,11660,7,-0.17152658662092923,STOP,0.34036144578313254,11.332521495258122,1.7289156626506024,3.2730923694779115,55.36028119507909,0.5728711443905643,LG디스플레이
034220,2025-09-12,12100,10,15.950413223140503,TIMEOUT,0.9891304347826086,11.236470858272854,1.0745341614906831,0.2795031055900621,61.224489795918366,0.9783838598077618,LG디스플레이
034220,2025-12-09,12840,2,-2.8037383177570097,STOP,0.3188405797101449,2.2756292747063807,-1.6340579710144927,2.342995169082126,58.33333333333334,0.5389032764284892,LG디스플레이
034220,2026-05-21,14740,10,-4.884667571234735,STOP,1.2431491953023053,3.5466998074375438,0.18312309699869508,1.6702914310569812,60.1404741000878,0.25369662898842205,LG디스플레이
034220,2026-06-01,15800,4,-11.265822784810132,STOP,1.2953846153846154,3.902670462247531,0.267008547008547,1.4700854700854702,60.887372013651884,0.6583672761717959,LG디스플레이
034230,2025-09-09,21450,6,5.594405594405605,T_star,0.65871606191322,15.447357210394513,0.9566099974625729,0.5074854097944684,55.417956656346746,0.9360700340318825,파라다이스
034230,2026-03-27,17830,1,-7.459338194054965,STOP,0.3513742071881607,0.12602453277571365,-1.1610993657505286,2.0887949260042284,60.66298342541437,0.5867433753564069,파라다이스
034310,2025-11-19,13890,3,-0.3599712023038104,STOP,0.10781344639612356,1.7389573719104896,0.7983040581465778,1.4294367050272563,54.285714285714285,0.6416194479985378,NICE
034310,2025-12-23,13900,2,-2.517985611510787,STOP,0.37719298245614036,0.09244167660008801,-0.2844611528822055,0.9022556390977443,48.23529411764706,0.5066309114884772,NICE
034730,2025-09-01,207000,10,12.56038647342994,TIMEOUT,2.9087030716723548,7.5554483226994025,-1.2755972696245734,0.6825938566552902,67.02819956616052,0.9849939881957146,SK
034730,2025-10-21,226000,10,11.504424778761058,TIMEOUT,0.6127450980392157,1.2046230157114117,0.17401960784313725,0.8823529411764706,63.47826086956522,0.766703542722921,SK
034730,2025-12-09,272000,4,-4.779411764705888,STOP,0.8959660297239915,10.036248128699864,0.3821656050955414,1.1040339702760085,58.21917808219179,0.3056371576511412,SK
034730,2026-01-08,279500,10,4.29338103756709,TIMEOUT,2.0661157024793386,5.609840609840606,0.1763085399449036,1.1019283746556474,70.07874015748031,0.874282733437663,SK
034730,2026-02-02,299500,10,18.69782971619365,TIMEOUT,0.27058823529411763,8.104427541767699,1.66218487394958,2.689075630252101,57.61316872427984,0.5336149715193526,SK
034730,2026-04-15,369500,10,15.020297699594053,TIMEOUT,1.840268456375839,7.290146227541738,-0.22684563758389262,0.40268456375838924,61.224489795918366,0.5656360068483581,SK
03473K,2025-10-28,183600,6,-3.1590413943355156,STOP,1.205763688760807,0.07159221076746254,0.2080691642651297,1.4178674351585014,64.23751686909583,1.6852328734416835,SK우
03473K,2025-11-06,189300,10,3.750660327522448,TIMEOUT,0.8763557483731019,2.697926726529264,1.0406724511930585,0.7158351409978309,67.513611615245,0.5110239388453027,SK우
034830,2025-10-01,1414,1,-2.2630834512022635,STOP,0.5961290322580621,3.781866845098688,2.326451612903228,0.9806451612903225,47.12643678160919,1.0000287379294166,한국토지신탁
034830,2026-03-24,1626,1,6.6420664206642055,T_star,0.7110507246376812,5.955396547671897,0.9950181159420282,2.282608695652174,66.12426035502958,0.3376978600979471,한국토지신탁
034830,2026-04-27,1590,6,-2.8930817610062887,STOP,0.7536101083032491,8.170100599729146,-0.9828519855595677,2.545126353790614,67.56756756756758,0.3077726660540875,한국토지신탁
035250,2025-09-22,18070,4,-0.8301051466519049,STOP,0.5375586854460094,0.5187881823629776,-0.4694835680751174,1.6431924882629108,59.633027522935784,0.8182620754512854,강원랜드
035250,2026-02-12,19000,10,-8.578947368421053,STOP,3.4748923959827835,1.2767752519334425,-0.37733142037302725,0.0,70.3225806451613,0.517906928513689,강원랜드
035250,2026-04-24,16950,6,-3.1858407079646045,STOP,0.08995502248875563,-2.144540959998539,-1.7241379310344827,3.5382308845577213,59.11602209944751,1.536957867566544,강원랜드
035420,2025-09-10,233500,10,-2.3554603854389677,STOP,1.696969696969697,4.653961446732162,-0.48484848484848486,0.17316017316017315,61.79775280898876,0.45957111331037526,NAVER
035420,2025-10-22,255500,1,-5.088062622309197,STOP,0.23404255319148937,-0.10582010582010583,1.1212765957446809,2.0425531914893615,50.93167701863354,0.8807126710435174,NAVER
035420,2025-11-05,278500,7,-8.976660682226212,STOP,1.5975103734439835,2.7718474238542514,0.5394190871369294,0.7468879668049793,59.47368421052631,0.3213335656453524,NAVER
035420,2025-11-12,263500,2,-3.7950664136622403,STOP,0.31965442764578833,3.7340716288645117,0.19870410367170627,2.0734341252699786,61.413043478260875,0.6914282482838471,NAVER
035420,2026-01-06,260000,8,-5.576923076923079,STOP,3.206971677559913,0.09600423742840677,-0.8322440087145969,0.4357298474945534,63.716814159292035,0.23900634283672662,NAVER
035510,2025-12-18,17440,5,-3.9564220183486265,STOP,1.11791730474732,3.163856519757828,-0.027565084226646247,1.5926493108728943,64.69072164948453,0.7732418930996305,신세계 I&C
035510,2026-01-23,18000,10,-5.000000000000004,STOP,2.6249481972648154,3.4347358417661447,-0.4334852880232076,0.49730625777041026,67.14579055441479,0.2621007784721896,신세계 I&C
035510,2026-02-11,17980,9,-2.8921023359288145,STOP,0.646505376344086,3.335268298147518,1.1794354838709677,1.1827956989247312,61.53846153846154,1.365250801576688,신세계 I&C
035510,2026-03-19,23200,8,-20.905172413793103,STOP,3.7646017699115046,2.4162326815367914,0.1745132743362832,4.31858407079646,66.46903820816864,0.09535407522154078,신세계 I&C
035510,2026-04-20,20150,5,6.451612903225801,T_star,0.4635970090515545,5.874113880631145,0.08343171979535616,1.6922471467926012,60.13513513513514,0.3973134001527663,신세계 I&C
035720,2025-09-19,67000,5,-11.492537313432837,STOP,2.303738317757009,4.97107815422085,-0.4088785046728972,0.7009345794392523,66.86046511627907,0.3820549992895571,카카오
035720,2025-10-29,67700,6,-10.339734121122602,STOP,2.9440993788819876,1.5639197114458079,-0.6190476190476191,0.8281573498964804,67.68558951965065,0.30008106175776034,카카오
035720,2025-11-12,63800,2,-3.7617554858934144,STOP,0.5253164556962026,2.4750707359283655,0.49050632911392406,1.8670886075949367,60.16949152542372,1.2264731946016598,카카오
036460,2025-09-15,40300,4,-1.8610421836228297,STOP,0.6845637583892618,0.2893056664006443,-0.8187919463087249,1.5436241610738255,60.714285714285715,0.7690907376191054,한국가스공사
036460,2025-12-08,42400,8,-3.5377358490566,STOP,1.0727762803234502,1.2879351691060885,-0.31266846361185985,0.6469002695417789,69.1588785046729,0.5198595788255992,한국가스공사
036460,2026-01-22,41250,7,-4.484848484848481,STOP,2.2507552870090635,-0.4567044208987943,-1.2537764350453173,1.2084592145015105,70.50359712230215,0.6973341389445714,한국가스공사
036460,2026-02-06,40750,10,7.484662576687118,TIMEOUT,0.6658506731946144,-1.4078800769776099,0.6731946144430845,1.4687882496940023,60.0,0.7976487619335977,한국가스공사
036530,2026-03-24,62700,4,-5.263157894736848,STOP,0.6563380281690141,1.4501598372566074,-0.1647887323943662,1.408450704225352,71.1864406779661,0.40034305835770256,SNT홀딩스
036570,2025-09-15,227000,10,-2.4229074889867808,TIMEOUT,3.8515742128935533,5.6369943002562275,-0.20914542728635682,0.5247376311844077,73.36860670194004,0.1403689152966727,NC
036570,2025-11-03,224500,10,1.1135857461024523,TIMEOUT,1.603592046183451,1.405609579683356,-1.0583707504810775,1.0262989095574087,69.31818181818181,0.28494233520470613,NC
036570,2026-02-26,231500,2,-5.183585313174943,STOP,0.8508670520231214,0.763376526753049,-0.5549132947976878,1.7109826589595376,61.84210526315789,0.3087919849325102,NC
036570,2026-03-10,219500,1,-4.32801822323462,STOP,0.11924227318045863,0.5645572357547677,-0.28873379860418746,2.4327018943170486,51.96463654223968,1.2966357538997448,NC
036570,2026-03-25,227500,6,-6.373626373626373,STOP,0.5148479427549195,2.5574717080174727,0.16636851520572452,1.6100178890876566,61.73469387755102,0.5390545186948517,NC
036570,2026-04-14,248500,10,7.64587525150906,TIMEOUT,2.111358574610245,2.059609862362619,0.4806236080178174,0.311804008908686,62.35294117647059,0.37572963233363665,NC
036570,2026-05-26,271500,8,-1.6574585635359074,STOP,0.419773095623987,6.284367635506673,0.2820097244732577,1.393841166936791,51.94174757281554,0.3921560434875293,NC
037270,2026-02-09,7290,10,-1.7832647462277085,STOP,0.7700258397932817,1.765808674503436,0.2532299741602067,0.3789836347975883,54.166666666666664,1.5577219999724392,YG PLUS
039130,2025-09-17,52500,3,-1.7142857142857126,STOP,0.37222222222222223,-0.0830207244326917,-1.0277777777777777,1.8888888888888888,53.70370370370371,1.4330662892668502,하나투어
039490,2025-09-05,206500,2,11.864406779661007,T_star,0.310099573257468,7.159785869367055,-0.4480796586059744,1.5647226173541964,51.26903553299493,0.6918608139392949,키움증권
039490,2025-10-24,272000,10,3.492647058823528,TIMEOUT,1.1093439363817097,4.49133304268081,0.1848906560636183,0.8349900596421471,59.25925925925926,0.8003868611006895,키움증권
039490,2025-11-13,312500,1,-7.8400000000000025,STOP,1.4346590909090908,10.627000344223998,1.3309659090909092,0.5681818181818182,64.94464944649447,1.0866171080694924,키움증권
039490,2025-11-17,293500,1,-6.643952299829648,STOP,0.20028818443804033,11.317329912012772,1.2276657060518732,1.6714697406340058,48.20143884892086,1.0839034243273136,키움증권
039490,2025-12-10,281000,1,-1.245551601423489,STOP,0.1452991452991453,9.51454240089574,-0.6068376068376068,2.6923076923076925,53.43511450381679,0.9623226428227232,키움증권
039490,2025-12-12,286500,3,-3.4904013961605584,STOP,0.8414918414918415,8.658710085361998,-0.585081585081585,0.6526806526806527,66.66666666666666,1.056271153159099,키움증권
039490,2025-12-18,279000,10,14.336917562724016,TIMEOUT,0.14395886889460155,6.7093826825916105,-0.37017994858611825,1.3367609254498716,55.0,1.9650510338066143,키움증권
039490,2026-03-27,435000,1,-5.517241379310345,STOP,0.05194805194805195,14.282299509979687,-0.4457704457704458,1.2074412074412075,54.0,0.7350594688897215,키움증권
039490,2026-04-14,480000,10,-7.187500000000002,TIMEOUT,1.4559936280366388,11.819681143485438,0.1465551573078455,0.2708084428514536,60.08403361344538,0.34289692287591866,키움증권
039490,2026-04-27,453000,2,-6.512141280353201,STOP,0.41051567239635994,10.171749765795763,0.4186046511627907,1.456016177957533,63.80952380952381,0.8653168640979831,키움증권
042660,2025-09-02,123200,4,-9.983766233766234,STOP,1.9064279902359642,13.38347372643402,1.1375101708706266,0.08136696501220504,72.0183486238532,0.5028257976660716,한화오션
042660,2025-09-11,112600,2,-2.7531083481349916,STOP,0.09955947136563877,12.185252660849555,0.16387665198237886,1.973568281938326,48.401826484018265,1.5855983855417357,한화오션
042660,2025-10-22,132400,10,-4.53172205438066,TIMEOUT,4.083809523809524,10.824404111086814,-0.005714285714285714,0.0761904761904762,73.36065573770492,0.42360605689570824,한화오션
042660,2025-11-13,130500,1,-1.072796934865905,STOP,0.10178384050367262,8.951287620229605,1.155299055613851,2.2140608604407137,45.8259325044405,1.3429771259252163,한화오션
042660,2025-12-23,123400,10,8.914100486223653,TIMEOUT,2.8403547671840355,-0.6040390733396015,-1.4223946784922394,0.31042128603104213,66.8141592920354,0.339553705324587,한화오션
042660,2026-02-26,140000,2,-3.2857142857142807,STOP,0.2602739726027397,2.9998520252364274,-0.467365028203062,1.8372280419016922,48.754448398576514,1.1646003741022506,한화오션
042660,2026-04-16,131900,10,-0.07581501137224889,TIMEOUT,1.2254160363086233,-0.1803301428769667,-0.4697428139183056,0.030257186081694403,56.8503937007874,2.9168247183917306,한화오션
042700,2025-09-16,93300,10,3.4297963558413747,TIMEOUT,2.3736263736263736,0.6237394487188955,-0.46886446886446886,0.40293040293040294,59.72222222222222,0.1025542055928806,한미반도체
042700,2025-12-26,132600,10,30.618401206636502,TIMEOUT,2.1732435033686235,9.317904118450365,-0.16843118383060635,0.5582290664100096,69.01408450704226,0.8534639775978807,한미반도체
042700,2026-01-27,174800,3,20.709382151029754,T_star,0.5097765363128491,10.291004247373342,2.4441340782122905,2.4394785847299816,37.987679671457904,0.6402286226576778,한미반도체
042700,2026-02-23,204000,3,35.04901960784315,T_star,0.8437137330754352,14.565183242910138,0.8889748549323018,1.586073500967118,50.25278058645096,0.5701099209865491,한미반도체
042700,2026-03-24,296500,2,-6.2394603709949426,STOP,0.05342985177524991,36.82511891829181,1.8378145467080318,1.344364012409514,60.1078167115903,1.716282852113577,한미반도체
042700,2026-04-17,286500,10,31.937172774869115,TIMEOUT,0.5646359583952452,19.343329025301102,-0.8930163447251115,1.575037147102526,59.84848484848485,0.7735036871937839,한미반도체
044450,2026-03-31,10900,10,11.834862385321099,TIMEOUT,0.374031007751938,3.792234864935297,-0.3087855297157623,1.5374677002583979,59.479553903345725,0.3130854911154935,KSS해운
047040,2026-05-14,32600,1,-6.5950920245398725,STOP,0.1459227467811159,81.42542047857627,1.7354792560801144,2.217453505007153,50.12853470437018,1.3798472101566264,대우건설
047050,2025-09-17,49800,1,-0.9036144578313254,STOP,0.332703213610586,-0.5167188353952402,0.2570888468809074,3.402646502835539,55.71428571428571,0.9455447013578957,포스코인터내셔널
047050,2025-12-02,55600,7,-3.597122302158273,STOP,1.3298429319371727,2.6767760013185993,-0.93717277486911,0.10471204188481675,54.88721804511278,1.1729274445187499,포스코인터내셔널
047050,2026-01-16,57300,10,8.900523560209429,TIMEOUT,3.666176470588235,0.8685901991440484,-0.8161764705882353,1.2941176470588236,69.23076923076923,0.3326195238533778,포스코인터내셔널
047050,2026-02-10,64000,2,7.8125,T_star,0.38095238095238093,4.958261935828713,2.1305916305916304,1.9336219336219336,55.0,1.1937472379765925,포스코인터내셔널
047050,2026-03-09,76600,6,-6.005221932114879,STOP,1.3550185873605949,9.804250644614985,0.7862453531598513,1.728624535315985,60.6822262118492,0.4100501288709007,포스코인터내셔널
047050,2026-03-20,77000,7,-7.14285714285714,STOP,0.6184994045256054,11.362800076536999,0.6931321953156014,1.4132592298531164,54.91803278688525,0.4216865488282432,포스코인터내셔널
047050,2026-04-01,75700,1,5.019815059445176,T_star,0.18577887381833127,12.261292368402522,0.35429510891903,1.6769420468557337,43.6241610738255,0.8892195833442488,포스코인터내셔널
047050,2026-04-27,81300,7,-4.059040590405905,STOP,1.204026845637584,10.934939207988718,0.2791946308724832,1.5838926174496644,62.365591397849464,0.47227814023925047,포스코인터내셔널
047400,2026-03-23,1581,10,4.237824161922843,TIMEOUT,0.6217540421362082,1.5561485885439517,0.16511513963743174,3.29250367466928,56.98254364089776,0.34749415821597746,유니온머티리얼
047400,2026-04-01,1670,5,-4.790419161676651,STOP,0.813052631578947,4.023286190433291,0.5667368421052628,2.08,52.20588235294117,0.3677053103883117,유니온머티리얼
047400,2026-04-10,1642,1,9.19610231425092,T_star,0.2543859649122807,4.2881376877534825,0.9397660818713439,2.245614035087719,55.74387947269303,0.4964956900970813,유니온머티리얼
047400,2026-05-06,1845,5,6.5040650406503975,T_star,1.003659174072138,4.191128331168896,0.803450078410872,1.296393099843178,58.76865671641791,0.46554791887090574,유니온머티리얼
047810,2025-11-03,108900,2,-8.172635445362719,STOP,1.68,4.205836958046854,-0.6173333333333333,1.0133333333333334,68.32740213523132,0.31541107847474786,한국항공우주
047810,2025-11-11,101800,4,9.23379174852652,STOP,0.06041923551171394,3.069088907239191,-0.43403205918618987,1.87422934648582,51.76470588235294,1.564677466236968,한국항공우주
047810,2025-11-20,107300,2,-3.1686859273066137,STOP,0.5890279114533205,4.09319899244332,0.4494706448508181,1.7709335899903753,54.81481481481482,0.6047553221478612,한국항공우주
047810,2025-11-25,108600,7,-2.8545119705340682,STOP,0.6652470187393527,4.281817103546426,0.534923339011925,1.3458262350936967,62.57309941520468,0.7236916006994202,한국항공우주
047810,2025-12-01,107000,3,-1.4018691588784993,STOP,0.27256792287467135,4.53765105867305,0.4233128834355828,1.6652059596844873,58.28025477707007,1.1748179242276489,한국항공우주
047810,2025-12-08,110000,3,-0.363636363636366,STOP,0.6127110228401191,4.767877449996661,0.48957298907646474,1.2909632571996028,45.70446735395189,0.7431251543005067,한국항공우주
047810,2025-12-15,112800,2,-5.407801418439718,STOP,0.8068181818181818,4.569559399316053,0.5861742424242424,1.5340909090909092,58.67768595041322,0.45459101518925443,한국항공우주
047810,2025-12-18,109400,6,7.404021937842775,T_star,0.19138276553106212,3.5267572472654143,0.48697394789579157,2.3046092184368736,50.8361204013378,0.5182406784913104,한국항공우주
047810,2026-02-04,171200,1,-5.373831775700932,STOP,0.9864300626304802,18.70379840996792,2.4159707724425887,0.3444676409185804,53.88513513513513,0.5657862636081011,한국항공우주
047810,2026-02-19,175400,3,4.675028506271373,T_star,1.064410480349345,17.87141615986099,0.7680131004366813,1.4301310043668123,59.46843853820599,0.5389084700841524,한국항공우주
047810,2026-03-11,175400,4,15.16533637400228,STOP,0.03494837172359015,17.62732500906689,0.5746624305003971,3.1850675138999205,49.379178605539636,0.6226199405967767,한국항공우주
047810,2026-03-18,194300,3,-12.557900154400414,STOP,0.921612541993281,18.33678847066465,0.7487868607689436,1.5826801045166108,54.76575121163167,0.38024020910301964,한국항공우주
047810,2026-03-25,185000,3,-5.837837837837833,STOP,0.16496434765850837,17.668520844548112,0.6089805357486991,2.351127384852573,53.38600451467268,0.5859778037156708,한국항공우주
047810,2026-04-13,192500,6,-5.1948051948051965,STOP,0.5814328495738309,13.565695744200795,0.3492282884128081,1.29002533978346,59.183673469387756,0.8979242691650215,한국항공우주
051600,2025-12-08,54100,6,-2.5878003696857665,STOP,0.956953642384106,0.8264599414866313,0.8675496688741722,0.7947019867549668,70.58823529411765,0.44170839750598034,한전KPS
051600,2026-01-19,56500,10,-3.8938053097345104,STOP,3.527001862197393,1.7344049982102667,-0.6350093109869647,0.6703910614525139,64.33566433566433,0.19887510791901722,한전KPS
051600,2026-02-05,57300,4,-0.3490401396160525,STOP,0.5526046986721144,3.3823268992385387,1.3472931562819204,3.5137895812053115,54.59183673469388,0.7400422839582708,한전KPS
051600,2026-02-19,62000,7,-6.290322580645158,STOP,1.5503731343283582,4.17732855680656,1.1166044776119404,1.455223880597015,58.031088082901555,0.491328248837625,한전KPS
051600,2026-03-20,67500,5,-12.592592592592588,STOP,2.431578947368421,3.791832975130479,0.20902255639097744,0.45112781954887216,58.95765472312704,0.3209140995800312,한전KPS
051600,2026-04-21,60200,9,-0.4983388704318914,STOP,0.9322033898305084,3.4418905414143746,-0.5835351089588378,1.937046004842615,56.91056910569106,0.357172145940717,한전KPS
051910,2025-09-16,288000,8,-1.909722222222221,STOP,0.46808510638297873,11.154480298798736,0.015957446808510637,1.5425531914893618,51.14503816793893,0.6297978222547861,LG화학
051910,2025-10-20,347500,10,13.093525179856114,TIMEOUT,4.079150579150579,5.900252563673447,0.640926640926641,0.19305019305019305,71.12068965517241,0.19288219280613753,LG화학
051910,2025-11-12,393500,1,6.607369758576875,T_star,0.4133489461358314,10.925151092515103,2.5515222482435598,1.405152224824356,52.1978021978022,1.6755983511601489,LG화학
051910,2026-01-22,350500,6,-11.412268188302422,STOP,1.3857965451055663,1.3449184267689605,-1.0076775431861804,0.4990403071017274,62.96296296296296,0.4253713766262489,LG화학
051915,2025-09-18,146400,7,-4.781420765027322,STOP,1.9018087855297157,9.576468130662965,-0.20284237726098192,0.3875968992248062,66.77966101694915,0.6385703639598057,LG화학우
051915,2025-10-01,142000,2,-0.42253521126760507,STOP,0.2867256637168142,7.155142330126135,0.40353982300884955,1.415929203539823,54.51895043731779,1.1733256918290487,LG화학우
051915,2025-10-16,155200,1,7.8608247422680355,T_star,2.4337227018791263,4.90671278254092,0.7597765363128491,0.06094464195022854,67.1018276762402,0.8021353390843169,LG화학우
051915,2025-11-13,208000,3,-7.74038461538461,STOP,1.4460897732531235,10.155442820491983,2.4562702452568255,0.41647385469689957,61.59420289855072,1.51295998156587,LG화학우
051915,2025-12-09,198200,2,-2.6740665993945534,STOP,0.5189786059351277,11.874078348400333,-0.05314009661835749,1.6287094547964114,56.99797160243408,0.3228101297901997,LG화학우
051915,2026-01-22,173700,6,-8.405296488198044,STOP,1.3459715639810426,1.4939403714114665,-1.5434439178515007,0.23696682464454977,60.46511627906977,0.5130356561848074,LG화학우
051915,2026-05-15,191100,1,-8.6865515436944,STOP,0.6354647330257086,4.566398743723778,1.8477257745550428,1.094264996704021,54.71349353049908,2.037573650149715,LG화학우
052690,2025-10-16,96900,10,7.430340557275539,TIMEOUT,2.7519747235387046,-3.98692695612448,-0.4628751974723539,0.9478672985781991,73.63636363636364,0.2695872886039324,한전기술
052690,2025-12-05,100100,7,-7.29270729270729,STOP,1.9652509652509653,-0.7223340750944914,-1.2226512226512227,0.1287001287001287,60.05830903790088,0.5356255100034741,한전기술
052690,2026-01-12,102500,10,30.829268292682933,TIMEOUT,2.359773371104816,2.2243130014911543,-0.024079320113314446,0.6515580736543909,82.75862068965517,0.3490523244563619,한전기술
052690,2026-02-06,146200,10,15.047879616963055,TIMEOUT,1.3322698268003645,10.55678203278461,2.0059252506836827,1.2488605287146763,57.93357933579336,0.47214791345568735,한전기술
052690,2026-03-06,155400,1,-4.95495495495496,STOP,0.20333951762523192,19.681118518158073,0.8586270871985158,2.7161410018552874,54.63510848126233,0.4573237950774738,한전기술
052690,2026-03-10,160000,2,4.374999999999996,T_star,0.43864805290227776,19.669643285036493,0.8023512123438648,2.3512123438648054,55.26315789473684,0.5522298375003651,한전기술
052690,2026-03-18,172300,3,-6.500290191526403,STOP,0.8178890876565296,20.423402734476,0.7477638640429338,1.4096601073345258,51.662611516626114,0.43627689156596877,한전기술
052690,2026-03-25,168800,2,-6.990521327014221,STOP,0.3795669824086603,19.928269798114194,0.5747631935047361,1.5696887686062246,61.1439842209073,0.5620708558996702,한전기술
052690,2026-04-14,173000,10,10.924855491329488,TIMEOUT,0.8094357076780758,17.635283317182644,0.3089731729879741,0.4902867715078631,52.4822695035461,0.7344625066925939,한전기술
053690,2025-09-02,21150,9,-2.127659574468088,STOP,0.8541666666666666,6.196210361430764,0.6773648648648649,1.4639639639639639,57.00934579439252,0.43296200781644645,한미글로벌
053690,2025-09-23,21300,1,7.746478873239426,T_star,0.5753424657534246,3.1176036444150355,0.3942161339421613,0.989345509893455,51.515151515151516,1.016007855945992,한미글로벌
053690,2025-10-10,21550,2,-2.5522041763341052,STOP,0.34342258440046564,1.9066529310115647,0.4342258440046566,3.317811408614668,54.6448087431694,0.4686759123376096,한미글로벌
053690,2025-10-15,21700,1,-0.691244239631339,STOP,0.47077082255561303,1.2757557063541025,0.21003621314019658,2.793585100879462,59.32203389830508,0.7880845099724615,한미글로벌
053690,2025-10-29,21800,1,-5.275229357798161,STOP,0.37532133676092544,2.8249236728932137,0.1953727506426735,2.673521850899743,60.65573770491804,1.4347407701992363,한미글로벌
053690,2026-03-20,27200,10,8.088235294117641,TIMEOUT,4.509470304975923,4.107254548256375,0.22439807383627608,0.7383627608346709,68.95991332611051,0.04021172209548109,한미글로벌
055490,2026-06-01,19710,1,7.5596144089294715,STOP,0.15888312330121077,8.000742911387185,0.033110946380034596,1.774153694094391,53.459119496855344,0.49637115337341053,테이팩스
055490,2026-06-04,20150,1,-5.012406947890824,STOP,0.3537190082644628,7.8860172299536195,-0.1180637544273908,1.487603305785124,54.77356181150551,0.5096032074527562,테이팩스
055550,2025-09-15,69900,10,1.4306151645207432,TIMEOUT,2.279503105590062,4.106455972554324,-0.7018633540372671,0.43478260869565216,70.94017094017094,0.13452855779773698,신한지주
055550,2025-10-13,70400,1,-2.840909090909094,STOP,0.446064139941691,3.3773899006204764,1.5714285714285714,1.3994169096209912,47.66355140186916,0.8886362059559062,신한지주
055550,2025-10-15,71100,10,4.641350210970474,TIMEOUT,0.653179190751445,2.990066641518931,1.5115606936416186,0.9826589595375722,57.77777777777777,0.9172680255955445,신한지주
055550,2025-11-04,76400,10,0.0,TIMEOUT,1.4967602591792657,1.9075299807048898,0.9308855291576674,0.47516198704103674,73.87387387387388,0.764247748665573,신한지주
055550,2025-11-25,77500,3,0.6451612903225712,STOP,0.1580288870008496,4.442188708430001,0.7816482582837723,2.1750212404418012,55.85106382978723,1.4535551337785886,신한지주
055550,2025-12-04,78700,2,-0.8894536213468918,STOP,0.08802456499488229,5.4913846594434625,0.7758444216990789,2.128966223132037,46.85314685314685,1.0454893997760664,신한지주
055550,2026-01-06,80500,2,-3.7267080745341574,STOP,1.5786593707250343,3.9137615093998073,-0.213406292749658,0.2188782489740082,58.86075949367089,0.38941833950355204,신한지주
055550,2026-01-09,77800,10,7.840616966580982,TIMEOUT,0.16415868673050615,3.4553847532828392,-0.320109439124487,1.6963064295485637,54.21686746987952,0.8289714261028387,신한지주
055550,2026-03-27,93500,1,-3.208556149732622,STOP,0.22530864197530864,5.707028614517595,-0.845679012345679,1.2345679012345678,60.08064516129033,0.23102853439566934,신한지주
055550,2026-04-01,93300,1,-1.7148981779206873,STOP,0.3054082714740191,5.527154036729718,-0.6839872746553552,1.1664899257688228,52.13414634146341,0.4460251355400662,신한지주
055550,2026-04-10,98700,10,1.317122593718345,TIMEOUT,1.3239766081871345,5.996400998432693,0.14853801169590644,0.2573099415204678,66.41791044776119,1.3714609033500562,신한지주
057050,2026-03-12,79000,1,-0.37974683544304,STOP,0.044789762340036565,14.18416117127473,1.9689213893967092,3.162705667276051,48.89380530973451,1.921871091470024,현대홈쇼핑
057050,2026-03-25,82900,4,-4.221954161640529,STOP,0.367003367003367,14.882484131068793,0.7934904601571269,3.0078563411896746,63.20754716981132,0.4849026618990862,현대홈쇼핑
057050,2026-04-01,82500,1,-4.727272727272725,STOP,0.5577190542420027,13.773522795852312,-0.27399165507649514,1.7802503477051461,59.067357512953365,1.7056593984637334,현대홈쇼핑
057050,2026-04-22,85000,10,0.8235294117647118,TIMEOUT,1.5134370579915135,12.947061898006421,-0.33804809052333806,0.9335219236209336,60.810810810810814,0.5873090422442744,현대홈쇼핑
057050,2026-05-13,84800,3,0.0,STOP,0.15601965601965603,12.884863569321528,0.9459459459459459,1.4004914004914004,43.56435643564356,0.7119438810635804,현대홈쇼핑
058430,2026-02-09,4170,6,10.07194244604317,T_star,0.4051948051948052,1.9190411284913742,0.9428571428571428,1.3506493506493507,52.534562211981566,0.9383882114628431,포스코스틸리온
058430,2026-03-11,4520,2,1.5486725663716783,STOP,0.19154228855721392,5.714164058674509,0.6102819237147595,4.013266998341625,54.285714285714285,0.3532298725126861,포스코스틸리온
058430,2026-03-26,4590,10,4.575163398692816,TIMEOUT,0.32368148914167527,5.049525381758147,0.11375387797311272,4.095139607032058,51.5625,2.330931739503506,포스코스틸리온
058730,2026-03-20,3745,10,0.2670226969292422,TIMEOUT,1.411764705882353,1.1193476649369904,-0.5938914027149321,1.3122171945701357,57.04057279236277,0.13109076495726746,다스코
058730,2026-04-02,3580,4,11.033519553072635,T_star,0.3370411568409344,1.2582003329090286,0.3003337041156841,2.024471635150167,49.264705882352935,1.117558782878923,다스코
058730,2026-04-22,3770,1,-2.1220159151193685,STOP,0.0299625468164794,4.2390430482130235,0.762796504369538,2.3720349563046192,58.33333333333333,0.8132482402386437,다스코
058850,2025-10-14,3020,3,-1.655629139072845,STOP,0.35789473684210527,1.4442895696788216,0.9394736842105263,1.8421052631578947,48.93617021276596,0.9765173633382735,KTcs
058850,2025-10-22,3065,4,-1.1419249592169667,STOP,0.3408450704225352,2.382862406037382,0.8985915492957747,0.7887323943661971,50.0,0.9220959001540697,KTcs
060980,2025-11-18,41000,10,15.365853658536576,TIMEOUT,0.5855379188712522,0.7516756102144363,-0.12169312169312169,2.398589065255732,56.12648221343874,1.1207546845969336,HL홀딩스
060980,2026-01-21,46900,4,-4.371002132196167,STOP,0.8984088127294981,3.584612395570235,-0.6964504283965728,0.7833537331701347,58.436213991769556,0.5733188381423732,HL홀딩스
060980,2026-01-28,45700,3,-2.844638949671774,STOP,0.24639423076923078,3.662947287418249,-0.11658653846153846,1.4903846153846154,63.44086021505377,1.109171789564734,HL홀딩스
060980,2026-02-03,45900,3,-3.4858387799564294,STOP,0.3063660477453581,3.8896841301650977,0.13660477453580902,1.5384615384615385,52.840909090909086,1.6790127503359664,HL홀딩스
060980,2026-02-19,46900,8,-13.219616204690832,STOP,0.778175313059034,4.187317440874393,0.4472271914132379,1.3595706618962433,61.581920903954796,0.4259026585440329,HL홀딩스
060980,2026-03-26,45150,2,-3.7652270210409733,STOP,0.03836317135549872,-2.0022986028804315,-0.47570332480818417,3.554987212276215,57.65765765765766,0.5282950381810088,HL홀딩스
062040,2025-09-17,120400,7,-5.980066445182719,STOP,1.6322188449848025,14.43300830624775,-0.38703140830800403,0.8105369807497467,59.40860215053764,0.401166863318471,산일전기
062040,2025-10-20,136400,10,23.680351906158357,TIMEOUT,2.5942536790469517,9.243979124439418,0.5718290119131044,0.6306937631394534,60.34985422740525,0.3848073265721746,산일전기
062040,2025-12-08,148000,6,-5.608108108108112,STOP,0.6384976525821596,8.402352496830067,-0.8192488262910798,0.704225352112676,57.3820395738204,0.9519144338650355,산일전기
062040,2026-01-14,144700,8,-3.7318590186593004,STOP,1.2191673212882954,4.831732531710536,-0.6944226237234878,0.5184603299293009,60.705289672544076,0.7113238828217686,산일전기
062040,2026-01-21,141800,3,-1.7630465444287702,STOP,0.5102974828375286,4.291326684799026,-0.17391304347826086,1.4340198321891686,66.66666666666666,0.6737389322084175,산일전기
062040,2026-01-27,142500,4,-4.421052631578948,STOP,0.3542770628311885,2.941988452905379,0.4246782740348221,1.3171839515518546,57.1875,0.7911110644074166,산일전기
062040,2026-02-03,148200,1,5.937921727395401,T_star,0.786509040333797,0.39689570856515116,0.6265646731571627,0.4172461752433936,53.19926873857404,0.8729650587285737,산일전기
062040,2026-02-09,159500,4,-8.777429467084641,STOP,1.5890333521763709,-0.5546085047754847,0.6687394007914076,0.26003391746749577,56.87361419068736,0.4691187590618041,산일전기
062040,2026-02-20,149600,6,0.40106951871656804,STOP,0.25480225988700567,-0.792547274749722,0.5423728813559322,1.694915254237288,49.53161592505855,0.9723655316696863,산일전기
062040,2026-03-26,168600,2,-15.243179122182681,STOP,1.604495353360709,1.6598755670471925,-0.1780851523665442,0.8212664793602766,64.22976501305483,0.4190596382366931,산일전기
062040,2026-04-15,194300,10,13.741636644364386,TIMEOUT,3.4223042230422305,3.60441385035802,0.3972939729397294,0.36900369003690037,60.031225604996095,0.19699919553475637,산일전기
062040,2026-05-22,282500,1,-3.0088495575221197,STOP,0.27513711151736747,26.96899433809653,1.76617915904936,2.1389396709323583,53.828306264501165,3.6864982653678533,산일전기
064350,2025-09-03,203500,10,3.9312039312039415,TIMEOUT,2.51443922095366,10.197985677631836,-0.648757555406313,0.5372733378106112,73.93162393162393,0.1686348397317675,현대로템
064350,2025-09-30,219000,4,-4.109589041095896,STOP,0.45936395759717313,3.5511363636363584,1.87822777928785,1.5765153574340853,56.287425149700596,0.6649925710500241,현대로템
064350,2025-10-10,220000,1,-4.545454545454541,STOP,0.24968152866242038,3.5257102849783535,1.3961783439490445,1.375796178343949,52.77777777777777,0.7823481583595688,현대로템
064350,2025-10-28,238000,6,-9.873949579831931,STOP,1.599109131403118,4.612740760906564,0.24944320712694878,1.024498886414254,57.5609756097561,0.5098758904142074,현대로템
064350,2026-03-03,249000,1,-18.87550200803213,STOP,2.2738738738738737,3.615346778160354,0.2072072072072072,1.8018018018018018,73.33333333333334,0.1919185258826182,현대로템
064350,2026-03-05,225500,2,-4.6563192904656265,STOP,0.5623616236162362,4.513372799157469,0.16236162361623616,2.8634686346863467,54.45205479452055,0.4462424588322818,현대로템
064350,2026-04-07,211000,10,4.976303317535535,TIMEOUT,1.7883943136797948,0.7104924364338543,-1.3516662782568165,0.6525285481239804,58.287292817679564,0.5397806744872558,현대로템
064400,2025-09-15,71000,5,-3.3802816901408406,STOP,1.1780167264038233,4.221010196822393,-0.06929510155316607,1.1947431302270013,59.60264900662252,0.37332041674623095,LG씨엔에스
064400,2026-02-09,69400,1,-0.5763688760806907,STOP,0.06012269938650307,3.802198992579754,0.9828220858895705,1.8404907975460123,49.30555555555555,2.2514554183187285,LG씨엔에스
064400,2026-02-19,71700,3,-2.231520223152017,STOP,0.38672438672438675,5.248827303607053,0.9595959595959596,1.5007215007215007,49.37238493723849,0.4678628691309256,LG씨엔에스
064400,2026-02-25,71500,3,-5.454545454545457,STOP,0.3322314049586777,5.853110968569595,0.5917355371900826,1.5206611570247934,60.80402010050252,0.661690998089687,LG씨엔에스
064400,2026-04-16,67100,10,-3.129657228017879,TIMEOUT,1.9680672268907562,-0.8887229275578791,-0.6739495798319328,0.16806722689075632,60.56338028169014,0.2841717761464805,LG씨엔에스
064960,2025-10-29,34600,1,-2.6011560693641633,STOP,0.21626617375231053,0.3091339419407745,-0.7375231053604436,1.21996303142329,48.07692307692308,0.8571343387284526,SNT모티브
064960,2026-02-25,36950,4,-15.561569688768607,STOP,1.2445328031809144,3.579440404289412,-0.679920477137177,0.6759443339960238,64.16184971098266,0.18269869109916217,SNT모티브
064960,2026-04-03,33450,2,-0.8968609865470878,STOP,0.2209106239460371,-1.6170152495160621,-0.715008431703204,1.5177065767284992,53.11203319502075,0.8023148842699396,SNT모티브
066570,2025-09-15,77100,9,-1.037613488975353,STOP,1.428,1.3946349926598158,-0.556,0.48,60.714285714285715,0.06767404637577755,LG전자
066570,2025-10-10,79000,1,2.5316455696202445,STOP,0.9019073569482289,1.2447127247092065,0.782016348773842,2.6158038147138964,55.1912568306011,1.277646026726363,LG전자
066570,2025-10-15,84300,10,5.3380782918149405,TIMEOUT,2.749414519906323,1.433156020574148,0.9297423887587822,0.0936768149882904,55.73770491803279,0.354201460259917,LG전자
066570,2025-11-06,91700,8,-4.471101417666301,STOP,1.4863563402889246,4.48160972104266,1.7945425361155698,0.5136436597110754,67.44186046511628,1.3189026341792534,LG전자
066570,2025-12-08,97100,10,-3.2955715756951554,TIMEOUT,2.4086687306501546,5.73863989879087,0.14705882352941177,1.671826625386997,69.07630522088354,0.27026183884516747,LG전자
066570,2026-01-19,106900,10,-9.635173058933589,STOP,3.871287128712871,4.642044259128206,-0.27722772277227725,0.19801980198019803,77.03180212014135,0.32612322725003495,LG전자
066570,2026-02-05,100300,1,-1.0967098703888345,STOP,0.1659959758551308,4.249976922366847,0.864185110663984,2.27364185110664,52.49343832020997,2.07705070698296,LG전자
066570,2026-02-11,127900,10,-0.23455824863174435,TIMEOUT,4.175379426644182,5.011485803546816,0.9991568296795953,0.13490725126475547,71.6566866267465,0.20128447039812775,LG전자
066570,2026-04-14,120000,10,16.666666666666675,TIMEOUT,1.168110918544194,6.524677774284826,-0.10138648180242635,0.24263431542461006,56.20608899297424,0.6134362729216062,LG전자
066575,2025-09-12,38200,8,-1.963350785340312,STOP,1.992094861660079,0.614749550589234,-0.9209486166007905,0.31620553359683795,69.51219512195122,0.45630168792883047,LG전자우
066575,2025-10-17,40950,1,8.302808302808295,T_star,2.1797752808988764,0.6793718016587195,0.7662921348314606,0.0898876404494382,59.86394557823129,0.15241700142858888,LG전자우
066575,2025-12-09,51300,8,-3.1189083820662766,STOP,0.8887468030690537,10.345466523923248,0.1636828644501279,1.8414322250639386,60.36036036036035,0.32931213294757244,LG전자우
066575,2026-01-20,52700,1,1.7077798861480087,T_star,2.025714285714286,6.797449375891911,-0.6128571428571429,1.542857142857143,62.691131498470945,0.7637093271616323,LG전자우
066575,2026-02-03,50300,2,-1.7892644135188873,STOP,0.08852459016393442,4.010203373360162,0.41202185792349727,2.2295081967213113,54.891304347826086,0.8683195672194868,LG전자우
066575,2026-02-19,54800,8,-8.576642335766426,STOP,1.5034246575342465,1.797402245057149,0.678082191780822,1.1415525114155252,61.87845303867403,0.5150599560273791,LG전자우
066575,2026-04-16,54300,10,11.049723756906072,TIMEOUT,1.4610917537746806,1.4638113309840064,-0.42276422764227645,0.09291521486643438,58.072916666666664,0.31212909861613264,LG전자우
066970,2025-09-22,77900,9,-8.34403080872914,STOP,2.2857142857142856,8.95779500430664,-1.8768472906403941,1.354679802955665,74.54545454545455,0.2545178750239132,엘앤에프
066970,2025-10-14,82500,2,19.272727272727263,T_star,2.403041825095057,10.93293329539869,1.1596958174904943,0.050697084917617236,57.344632768361585,0.42231496287008086,엘앤에프
066970,2025-11-11,127100,2,11.408339889850506,T_star,0.4953271028037383,25.908137094893917,2.4294392523364485,2.046728971962617,56.54834761321909,0.8994706533997345,엘앤에프
066970,2025-12-09,132300,5,-10.657596371882082,STOP,0.7845487845487845,18.96966779008186,0.039294039294039296,1.2387612387612388,55.954631379962194,0.7192754362468304,엘앤에프
066970,2026-01-16,108700,10,16.19135234590616,TIMEOUT,0.3303030303030303,7.1420070810151355,-1.418939393939394,1.9393939393939394,53.13059033989267,0.32846493916417707,엘앤에프
066970,2026-02-09,120800,1,-2.3178807947019875,STOP,0.06670252824098978,-1.12173465269369,1.1463152232383003,2.162452931683701,54.20054200542005,1.4894856990337155,엘앤에프
067830,2026-02-25,3360,2,-3.8690476190476164,STOP,0.5337763012181617,10.279843502673005,0.9501661129568106,2.0376522702104096,62.6984126984127,1.5839335368993146,세이브존I&C
068270,2025-09-23,184200,9,-7.220412595005432,STOP,4.248025276461296,2.104064133727339,-0.3222748815165877,0.3791469194312796,71.67235494880546,0.3530253978062879,셀트리온
068270,2025-10-16,176000,2,0.6250000000000089,STOP,0.6142011834319526,0.8274676785524682,0.48994082840236686,2.224852071005917,55.77777777777777,0.68959661459663,셀트리온
068270,2025-10-28,179300,2,-2.342442833240377,STOP,0.8835341365461847,-0.2785888660188598,0.5324153757888698,1.1244979919678715,57.04697986577181,0.34606503060514726,셀트리온
068270,2025-10-31,175600,1,-0.5694760820045608,STOP,0.10222489476849068,-0.6748308150467117,0.38604930847865304,1.7799158147925436,57.91245791245792,0.6256678188549093,셀트리온
068270,2025-11-17,189900,10,-2.1590310689836745,TIMEOUT,1.88759367194005,0.3680276020701553,0.5978351373855121,2.2647793505412155,62.67942583732058,0.41379914447227245,셀트리온
068270,2025-11-28,185600,3,-1.2392241379310387,STOP,0.4698340874811463,1.771093599846237,0.6877828054298643,2.699849170437406,61.2781954887218,1.1980069251591625,셀트리온
068270,2025-12-15,187800,2,-1.4909478168264156,STOP,0.5229793977812995,2.710935411176038,0.48177496038034867,0.9086106708927628,63.73056994818653,0.45772357434586797,셀트리온
068270,2026-01-05,209500,10,-1.4319809069212375,TIMEOUT,4.881606765327696,2.6008597417012407,0.21141649048625794,0.5285412262156448,75.9090909090909,0.2734332686170434,셀트리온
068270,2026-01-27,211500,2,1.4184397163120588,STOP,0.46347769877181644,6.019338647770894,1.6405946994182288,1.4221073044602457,50.51546391752578,1.5253813157616003,셀트리온
068270,2026-02-04,214500,10,13.286713286713292,TIMEOUT,0.4305555555555556,6.621382914792489,1.2972222222222223,1.1111111111111112,53.57142857142857,0.5992413885743241,셀트리온
068270,2026-04-17,207500,9,-3.3734939759036187,STOP,0.9593231369996745,0.045552003895490856,-0.28961926456231696,0.45558086560364464,55.28169014084507,0.895690164277958,셀트리온
069260,2025-11-21,17980,1,-0.33370411568409697,STOP,0.09803921568627451,0.44768975194045824,-0.10457516339869281,1.4901960784313726,52.75080906148868,0.9679444028774279,TKG휴켐스
069260,2025-11-25,18200,10,6.208791208791209,TIMEOUT,0.7552083333333334,0.4077080248186402,-0.18229166666666666,0.9114583333333334,63.245033112582774,0.9502466048589558,TKG휴켐스
069260,2026-01-26,18540,10,14.347357065803678,TIMEOUT,0.1658711217183771,0.9389841569082273,-1.454653937947494,2.6968973747016705,68.04733727810651,2.337497617267115,TKG휴켐스
069260,2026-02-25,20700,1,-6.521739130434778,STOP,0.8066485753052918,3.9444135031709746,1.3507462686567164,1.153324287652646,61.1764705882353,0.8177283089714362,TKG휴켐스
069260,2026-03-25,18660,2,-2.4651661307609873,STOP,0.07365269461077845,-0.958748690056555,-0.9580838323353293,2.682634730538922,56.33802816901408,0.9166673502366519,TKG휴켐스
069620,2025-09-01,135600,10,3.834808259587019,TIMEOUT,0.16176470588235295,-2.321816601477612,-3.093582887700535,2.4331550802139037,58.730158730158735,1.379867097019176,대웅제약
069620,2025-12-19,180600,1,-0.6090808416389759,STOP,0.040697674418604654,9.260465116279056,1.198966408268734,2.4289405684754524,47.98850574712644,1.1230316502593416,대웅제약
069620,2026-02-04,167800,1,-1.9070321811680557,STOP,0.14272970561998216,5.835160556568776,-0.4826048171275647,1.4451382694023194,54.49101796407185,0.6770048400873114,대웅제약
069620,2026-02-09,168800,7,13.684834123222744,T_star,0.49248452696728556,4.968856028763857,-0.33156498673740054,0.8488063660477454,55.55555555555556,1.6125493500616388,대웅제약
069960,2025-09-04,74300,10,17.36204576043068,TIMEOUT,0.5241675617615468,1.7938548504741132,0.46186895810955964,1.2030075187969924,54.49438202247191,0.7187854836478299,현대백화점
069960,2025-11-06,88300,10,6.0022650056625215,TIMEOUT,2.1270903010033444,2.902851245000645,-1.0317725752508362,0.5016722408026756,73.25581395348837,1.7302957204851317,현대백화점
069960,2025-11-28,91200,1,6.578947368421062,T_star,0.20222222222222222,7.38619552812883,1.198888888888889,1.6,49.63768115942029,0.40632038933289605,현대백화점
069960,2025-12-11,95500,2,-2.7225130890052407,STOP,0.5522914218566393,7.77918989832732,0.7943595769682726,1.0105757931844888,49.83606557377049,0.475456746928849,현대백화점
069960,2026-01-16,96100,4,-5.306971904266389,STOP,1.361256544502618,2.0750335139625666,-0.23298429319371727,0.7591623036649214,58.13953488372093,0.34843867723709465,현대백화점
069960,2026-01-29,91400,1,2.516411378555805,STOP,0.09327036599763873,3.271476112583902,0.0755608028335301,1.79456906729634,49.166666666666664,1.223134322505764,현대백화점
069960,2026-02-05,101400,3,6.706114398422081,T_star,1.7649667405764966,3.9792127875126635,0.5221729490022173,1.1751662971175165,59.36395759717315,0.9725706826860322,현대백화점
069960,2026-04-17,90200,10,23.835920177383585,TIMEOUT,2.106002554278416,-3.160231116121759,-0.6411238825031929,0.45977011494252873,67.33333333333333,0.3254887260374229,현대백화점
069960,2026-06-05,146500,1,1.433447098976104,T_star,2.8465829846582986,4.597312449942155,0.6503951650395166,0.8740120874012087,61.18626430801249,0.2553958170599663,현대백화점
071050,2025-09-10,150200,10,-0.3994673768308976,TIMEOUT,3.3712632594021215,5.900640742098139,-0.46190935390549664,0.32786885245901637,78.75288683602771,0.16411418086728166,한국금융지주
071050,2025-10-21,173300,10,-0.11540680900172795,TIMEOUT,3.067185289957567,1.0995104111366787,0.635077793493635,1.4002828854314002,67.98179059180578,0.6339314796719079,한국금융지주
071050,2025-11-12,176500,2,-3.852691218130311,STOP,0.435377358490566,6.634174985320024,1.3867924528301887,1.028301886792453,57.21739130434783,0.7582225918804162,한국금융지주
071050,2025-12-12,167400,1,-4.420549581839905,STOP,1.1008737092930898,5.830282498224134,-0.7950754567116759,0.44479745830023826,64.0,1.2766557431670564,한국금융지주
071050,2025-12-16,164000,1,-3.9024390243902474,STOP,0.5380952380952381,5.263901109047256,-0.5087301587301587,0.8412698412698413,51.55875299760192,0.9316950062970488,한국금융지주
071050,2025-12-19,162700,1,-1.9668100799016597,STOP,0.2616233254531127,4.337582701307084,-0.3412135539795114,1.0401891252955082,53.359683794466406,1.1581362868949778,한국금융지주
071050,2026-01-05,167700,10,9.0041741204532,TIMEOUT,0.9217110573042776,2.996411859747781,0.2195318805488297,0.46811945117029863,58.320373250388805,0.4861869860217353,한국금융지주
071050,2026-04-13,246000,10,5.894308943089421,TIMEOUT,1.5476190476190477,9.609535754982247,-0.022108843537414966,0.40816326530612246,64.46280991735537,0.972250550630896,한국금융지주
071050,2026-05-06,291500,4,-14.4082332761578,STOP,2.6286201022146507,9.88042311819714,1.5502555366269166,0.3747870528109029,69.31818181818181,0.6562000954122683,한국금융지주
071050,2026-05-15,274000,1,-12.226277372262773,STOP,0.8226059654631083,8.016731083308084,0.9811616954474097,1.444270015698587,55.357142857142854,0.8665297177199813,한국금융지주
071055,2025-09-09,100700,10,11.618669314796426,TIMEOUT,2.6174617461746172,6.192049853649325,0.34563456345634563,0.18001800180018002,77.22222222222223,0.22457602562549062,한국금융지주우
071055,2025-10-22,119900,10,-1.4178482068390341,TIMEOUT,1.8836772983114447,4.600205693168541,0.7288930581613509,1.3133208255159474,63.244353182751546,0.9457218485774554,한국금융지주우
071055,2025-11-11,123900,5,-1.937046004842613,STOP,0.46092037983929873,8.764603445652359,1.3907962016070123,1.2125639152666179,54.73933649289099,1.0647103415695278,한국금융지주우
071055,2025-12-05,129600,8,-4.783950617283949,STOP,0.7387543252595156,10.175532248948068,0.21539792387543252,0.916955017301038,56.470588235294116,0.6374641141995316,한국금융지주우
071055,2026-01-07,132400,10,2.26586102719033,TIMEOUT,1.5186721991701244,5.624670457298387,0.24896265560165975,0.8575380359612724,60.311284046692606,0.26931977893079434,한국금융지주우
071055,2026-03-11,168600,1,-1.6607354685646447,STOP,0.0559889857732905,10.838065649749169,1.025699862322166,1.9825608077099588,48.72611464968153,1.061371044138662,한국금융지주우
071055,2026-04-15,175600,10,-1.1958997722095632,TIMEOUT,1.548206278026906,7.668280844465916,-0.14237668161434977,0.49327354260089684,59.73333333333333,0.4463417401452282,한국금융지주우
071055,2026-05-07,189200,3,-8.403805496828753,STOP,1.8635423845623709,7.751249424783016,1.5740868366643694,0.7029634734665747,70.48192771084337,0.7726848633419926,한국금융지주우
071055,2026-05-15,182500,1,-7.8904109589041145,STOP,0.632183908045977,6.649413532579204,1.3017241379310345,1.6954022988505748,55.83482944344704,1.089550919377652,한국금융지주우
071090,2025-10-23,4515,5,-5.980066445182719,STOP,1.332527206771463,-0.8370296179710974,-0.5949214026602176,1.3542926239419588,64.92146596858639,2.3276519776183378,하이스틸
071090,2026-05-06,4530,2,-2.428256070640178,STOP,0.13758389261744966,8.495004983427203,1.2729306487695748,2.5727069351230427,52.91479820627803,0.26181019623236956,하이스틸
071320,2025-09-04,80500,10,8.819875776397513,TIMEOUT,0.5074626865671642,2.028434857212894,-1.2537313432835822,3.1177446102819237,54.5945945945946,0.7168986600754521,지역난방공사
071320,2025-10-27,94400,10,14.936440677966111,TIMEOUT,1.2060301507537687,0.5145116112755576,0.9108040201005025,1.9597989949748744,56.011730205278596,0.4296257838130575,지역난방공사
071320,2025-11-26,106700,5,3.4676663542642983,STOP,0.646551724137931,8.877428498317016,1.1235632183908046,1.8773946360153257,64.1891891891892,2.1244116473873156,지역난방공사
071320,2025-12-05,110200,4,-3.539019963702361,STOP,0.6513859275053305,10.96503117375982,1.0820895522388059,1.3432835820895523,62.745098039215684,0.4458498649213831,지역난방공사
071320,2025-12-12,108400,4,-5.627306273062727,STOP,0.37884378843788435,10.385795786183664,0.5547355473554736,0.8856088560885609,61.53846153846153,0.9739408651495527,지역난방공사
071320,2026-01-19,105000,1,5.428571428571427,T_star,1.7437888198757765,3.6382588812858216,-1.450310559006211,1.2732919254658386,70.58823529411765,0.6794291796952964,지역난방공사
071320,2026-02-04,106400,1,3.289473684210531,STOP,0.9141689373297003,3.139264703458959,0.782016348773842,1.6076294277929155,56.343283582089555,2.5985742277066746,지역난방공사
071970,2025-10-17,89300,10,11.198208286674127,TIMEOUT,0.7085781433607521,18.151010556598475,-0.5828437132784959,1.1045828437132785,57.636887608069166,1.12016025639192,HD현대마린엔진
071970,2025-12-09,90200,6,-10.421286031042133,STOP,2.1443786982248523,-1.619685113604229,-1.1846153846153846,0.023668639053254437,66.1807580174927,0.6291117198041246,HD현대마린엔진
071970,2025-12-29,91200,2,-6.798245614035093,STOP,1.084623323013416,-1.0674944164742401,0.848297213622291,1.630546955624355,59.82532751091703,0.561300845723335,HD현대마린엔진
071970,2026-02-27,87300,1,-4.123711340206182,STOP,0.1807081807081807,0.8478128334095468,-0.6385836385836385,1.7338217338217339,46.46464646464646,0.805015873861355,HD현대마린엔진
072130,2026-04-14,6150,7,-10.406504065040656,STOP,1.9517766497461928,4.600905620172232,0.8032994923857868,1.3959390862944163,68.85964912280701,0.541731684343314,유엔젤
072710,2025-11-06,94900,1,-3.898840885142252,STOP,0.2652388797364086,3.793823745271834,-1.7841845140032948,1.2191103789126854,58.585858585858595,1.0396865289709376,농심홀딩스
072710,2025-11-19,95400,2,-1.4675052410901501,STOP,0.23319027181688126,4.913155056346945,0.10300429184549356,0.9155937052932761,53.211009174311926,0.5659185757414313,농심홀딩스
072710,2025-11-26,94900,1,-0.9483667017913588,STOP,0.21944035346097202,5.077615504730418,-0.07952871870397643,0.9720176730486009,50.0,0.7867712020269932,농심홀딩스
072710,2025-12-02,94400,1,1.0593220338983134,STOP,0.012519561815336464,5.114712308812824,-0.06416275430359937,1.189358372456964,45.197740112994346,0.8099257710962832,농심홀딩스
073240,2025-09-08,4890,1,-0.8179959100204526,STOP,0.02142857142857143,3.463148547507294,0.9738095238095238,2.380952380952381,50.74626865671642,1.9383366133728022,금호타이어
073240,2025-09-11,4960,3,-0.8064516129032251,STOP,0.4539170506912442,3.9702233250620216,0.9124423963133641,1.6589861751152073,48.75,1.3656889815404094,금호타이어
073240,2025-10-28,4770,2,-1.991614255765195,STOP,0.728310502283105,-0.8753525486689201,-0.9634703196347032,1.1415525114155252,55.55555555555556,0.3609844625912749,금호타이어
073240,2025-11-05,4735,3,14.044350580781417,T_star,0.5046904315196998,-0.7645944549681418,-0.35834896810506567,1.3883677298311445,58.18181818181818,1.3598797372520397,금호타이어
073240,2025-12-01,5670,10,6.701940035273379,TIMEOUT,1.4941921858500529,3.287191229530953,1.4329461457233368,1.1826821541710666,55.55555555555556,0.27615981335666373,금호타이어
073240,2025-12-22,6270,3,-5.901116427432218,STOP,1.1533180778032037,7.379960907623007,1.77116704805492,0.6407322654462243,63.3587786259542,1.1006568728447435,금호타이어
073240,2026-01-22,6260,7,-7.827476038338654,STOP,1.8433179723502304,7.391930607657855,-0.43317972350230416,0.5990783410138248,73.58490566037736,0.17345481825440634,금호타이어
073240,2026-02-04,6100,3,13.278688524590155,T_star,0.7423167848699763,7.610581425698182,0.3900709219858156,1.3711583924349882,58.503401360544224,0.9457759133043003,금호타이어
073240,2026-04-01,6200,2,-4.677419354838708,STOP,0.6505636070853462,-0.5322563389322681,-1.289855072463768,0.6763285024154589,54.92063492063492,1.2032140630087496,금호타이어
073240,2026-04-08,6230,2,-0.6420545746388395,STOP,0.7203947368421053,0.3059991947389612,-0.48519736842105265,0.5921052631578947,53.7593984962406,1.247464289738229,금호타이어
075580,2025-09-02,18510,10,29.659643435980556,TIMEOUT,4.305021116846551,10.029341944235556,0.7419052088221493,1.0605349601126233,81.55339805825243,0.10424134128020791,세진중공업
075580,2025-10-23,22500,8,-5.555555555555558,STOP,0.8171706638859924,23.55118262671813,-0.9144942648592284,1.4598540145985401,60.507880910683014,0.39692857621527844,세진중공업
075580,2025-12-22,18240,3,-3.289473684210531,STOP,0.4977890082122552,-4.383275820560143,-0.9128237523689198,1.2760581174984207,53.57142857142858,0.6529556733375584,세진중공업
075580,2026-03-25,17530,2,-2.452937820878498,STOP,0.12256637168141593,-0.8148812191842223,-0.5123893805309735,2.982300884955752,59.06821963394343,0.3918800275099782,세진중공업
077500,2025-10-10,7500,5,-8.933333333333337,STOP,1.4355670103092784,3.524990398858826,1.440721649484536,0.7731958762886598,62.86764705882353,0.4265079017963462,유니퀘스트
077500,2026-04-20,6520,10,28.067484662576693,TIMEOUT,1.3710482529118135,-1.3749902529046392,-0.08319467554076539,0.19966722129783693,72.22222222222223,0.2409674550413391,유니퀘스트
077970,2025-12-03,34500,10,8.115942028985511,TIMEOUT,1.3120936280884266,-2.9148466894434173,-1.0910273081924577,0.41612483745123535,57.857142857142854,0.4353983289281873,STX엔진
077970,2026-02-26,33900,1,-2.8023598820059004,STOP,0.005471956224350205,1.400967334588168,-0.9986320109439124,2.5444596443228455,49.36708860759493,0.761648780987153,STX엔진
077970,2026-03-19,34100,2,-7.624633431085048,STOP,0.39090909090909093,-1.0354572873868815,0.12727272727272726,1.4747474747474747,50.53475935828877,0.3555670983939144,STX엔진
078000,2026-03-12,19510,1,-6.714505381855462,STOP,0.8807241746538871,3.918380360274191,0.6900958466453674,4.22790202342918,60.34772854739203,3.140801520917922,텔코웨어
078520,2026-03-20,12840,9,-8.722741433021808,STOP,2.3284132841328415,3.76505054407315,0.24059040590405903,0.6789667896678967,60.33690658499234,0.06691483143444879,에이블씨엔씨
078520,2026-04-21,13380,10,5.30642750373691,TIMEOUT,1.4847625797306874,6.700720690134101,0.30049610205527993,0.5386250885896527,61.711711711711715,0.6025877911885958,에이블씨엔씨
078520,2026-05-14,15850,2,-9.779179810725546,STOP,1.7839841819080573,11.143377831775146,1.2975778546712802,0.9293129016312407,67.30245231607628,0.6985219369873571,에이블씨엔씨
078930,2025-09-08,45600,10,1.0964912280701844,TIMEOUT,0.5186074429771909,1.5686205314606243,-1.6158463385354143,2.2088835534213684,66.66666666666666,1.3221765865748065,GS
078930,2025-09-29,46300,1,-0.7559395248380119,STOP,0.2781136638452237,-0.84494848930828,0.7569528415961306,2.5151148730350665,52.22929936305732,1.7144971507777607,GS
078930,2025-12-02,57600,2,1.909722222222232,STOP,0.15191146881287726,8.368457076984036,1.9225352112676057,1.93158953722334,39.99999999999999,0.6533295570705562,GS
078930,2026-01-09,57200,10,8.74125874125875,TIMEOUT,0.6777777777777778,6.533841195429241,-0.425,1.2777777777777777,53.146853146853154,1.2467324106359767,GS
078930,2026-03-03,70500,1,-12.907801418439712,STOP,0.07086614173228346,8.035830949926684,1.3595800524934383,2.7559055118110236,52.7027027027027,0.5287230039263958,GS
078930,2026-03-27,67900,1,-2.945508100147276,STOP,0.4097677188802859,5.202327784544597,-0.631328171530673,2.334723049434187,54.90909090909091,0.5013411547186515,GS
078930,2026-04-01,67200,1,-6.547619047619047,STOP,0.36159039759939987,5.206935423264807,-0.5971492873218305,0.900225056264066,51.42857142857142,0.7235404720427567,GS
078930,2026-04-14,73200,10,4.918032786885251,TIMEOUT,1.8764227642276423,5.842015033627848,0.5609756097560976,0.35772357723577236,55.59701492537313,0.2591371695116138,GS
078930,2026-05-15,83000,1,-9.879518072289162,STOP,1.5692488262910798,5.364641570381407,1.1349765258215962,0.2347417840375587,59.171597633136095,1.9513335079074123,GS
079160,2025-09-12,5150,10,-5.436893203883497,STOP,2.684331797235023,-0.9303706636314149,-0.5529953917050691,0.4608294930875576,62.365591397849464,0.32415431037451686,CJ CGV
079160,2025-11-18,5340,10,23.03370786516854,TIMEOUT,2.1624548736462095,0.2435787599321278,-0.1407942238267148,1.1552346570397112,64.5631067961165,0.41255062896100686,CJ CGV
079160,2025-12-15,6120,10,-2.777777777777779,TIMEOUT,1.3137254901960784,6.64181234990847,1.5775401069518717,1.9251336898395721,59.7972972972973,0.8474241518479004,CJ CGV
079160,2025-12-26,5990,3,-2.8380634390651083,STOP,0.1866913123844732,6.584159229492294,1.0147874306839186,2.476894639556377,68.75,2.082539793088602,CJ CGV
079160,2026-01-20,6030,9,-2.487562189054726,STOP,0.35135135135135137,5.493578325677322,0.2,1.1891891891891893,51.85185185185185,0.6542924269868674,CJ CGV
079160,2026-01-29,6080,2,-3.289473684210531,STOP,0.3871794871794872,5.773325368013107,0.2128205128205128,1.2820512820512822,65.47619047619048,1.2631036437010843,CJ CGV
079550,2025-09-19,513000,1,-3.3138401559454245,STOP,0.6331994645247657,-0.2073700864810064,0.060240963855421686,1.6599732262382865,55.84795321637427,0.42608102593433994,LIG디펜스앤에어로스페이스
079550,2025-09-29,507000,4,-5.3254437869822535,STOP,0.3904881101376721,-1.87533216915951,0.1539424280350438,1.8523153942428034,60.06006006006007,0.9906279523990738,LIG디펜스앤에어로스페이스
079550,2026-02-26,503000,10,43.7375745526839,TIMEOUT,0.9343664539653601,3.119434602478305,-1.1741112123974475,1.3491340018231541,61.583577712609966,0.41267398059852717,LIG디펜스앤에어로스페이스
079550,2026-03-25,734000,2,0.13623978201635634,STOP,0.6671091934948556,21.99831304092708,1.5340192499170262,2.190507799535347,46.58823529411765,0.62377498701973,LIG디펜스앤에어로스페이스
079550,2026-04-06,810000,10,13.703703703703706,TIMEOUT,1.329173166926677,21.604728582104777,0.9247269890795632,1.2948517940717628,58.34658187599364,0.6546070688991688,LIG디펜스앤에어로스페이스
079900,2026-01-19,50100,2,-4.590818363273453,STOP,1.0630252100840336,0.8382184729768425,0.10224089635854341,0.2801120448179272,60.05830903790088,0.8764702023600984,전진건설로봇
079900,2026-01-22,49600,10,24.193548387096776,TIMEOUT,0.6905766526019691,0.9367514033394062,0.06891701828410689,0.5625879043600562,54.455445544554465,0.6458957968527074,전진건설로봇
079900,2026-02-24,59300,4,-4.721753794266437,STOP,0.47368421052631576,8.706740816832571,1.079484425349087,2.3200859291084854,62.25352112676056,0.617416048205262,전진건설로봇
079900,2026-03-25,55700,1,-5.565529622980248,STOP,0.26449033977348435,4.3859363289778,-0.5409726848767489,1.385742838107928,55.223880597014926,0.49462900776825036,전진건설로봇
079900,2026-04-01,58000,1,-7.413793103448274,STOP,1.051246537396122,4.040192926045011,-0.48961218836565096,0.13850415512465375,52.94117647058823,0.7173553170472692,전진건설로봇
079900,2026-04-08,73000,10,-7.260273972602738,TIMEOUT,4.472562943834732,4.730751476370115,0.25112976113621693,0.3486120077469335,72.14912280701755,0.14269904261723187,전진건설로봇
079980,2026-04-20,3175,7,8.18897637795275,STOP,0.30434782608695654,5.880688071951954,1.3685770750988142,3.5375494071146245,61.70212765957447,0.7248722831063777,휴비스
079980,2026-04-30,3485,3,-7.317073170731703,STOP,0.7449664429530202,9.713051913508771,1.2762863534675615,2.61744966442953,64.31924882629107,0.7229322939286303,휴비스
081660,2025-09-11,42100,1,-4.275534441805229,STOP,1.2422360248447204,5.03135920757249,1.805383022774327,0.5383022774327122,66.92307692307693,0.5754718500602647,미스토홀딩스
081660,2025-09-17,41500,1,-1.4457831325301207,STOP,0.4414784394250513,5.712577329071131,1.3408624229979467,1.0266940451745379,46.80851063829787,0.5087909067924238,미스토홀딩스
081660,2025-11-12,41000,10,2.195121951219514,TIMEOUT,1.922077922077922,1.5756302521008403,0.07992007992007992,0.27972027972027974,63.005780346820806,0.5982345820736059,미스토홀딩스
081660,2025-12-17,46050,5,-3.0401737242128135,STOP,1.8687943262411348,2.059323634989609,1.297872340425532,0.46099290780141844,61.29032258064516,1.2976061344212948,미스토홀딩스
081660,2026-01-20,45250,10,3.0939226519337115,TIMEOUT,1.5338345864661653,3.6037700979486234,-0.29699248120300753,0.2631578947368421,64.96350364963504,0.38425479932217554,미스토홀딩스
081660,2026-04-16,43100,6,-3.944315545243615,STOP,0.8665667166416792,-1.1587053729860277,-1.8695652173913044,1.1394302848575713,69.33333333333334,0.30855683030450487,미스토홀딩스
082640,2025-09-18,7650,1,5.35947712418301,T_star,0.23243243243243245,5.1788847187368185,-1.1369369369369369,3.7477477477477477,55.61797752808988,0.888247651118166,동양생명
082640,2025-10-15,7950,1,-3.396226415094339,STOP,0.1463917525773196,2.4548244118649847,1.3443298969072166,1.8556701030927836,59.61538461538462,2.6645658303685207,동양생명
082640,2026-02-26,7550,2,-4.1059602649006655,STOP,0.42458677685950413,4.121650684411608,0.9369834710743802,3.512396694214876,55.319148936170215,0.53024225229439,동양생명
082640,2026-03-06,8000,1,4.125000000000001,T_star,0.9496466431095406,4.6227605349482666,0.6828621908127208,2.208480565371025,55.888650963597435,0.5248224662105858,동양생명
082640,2026-04-06,8620,1,-4.292343387470998,STOP,0.060674157303370786,9.47851360764815,1.2741573033707865,1.7078651685393258,52.34657039711192,0.9863060744725106,동양생명
082640,2026-04-22,8840,4,-6.447963800904977,STOP,0.5345501955671447,9.5269546997062,0.05345501955671447,0.8083441981747066,62.184873949579824,1.7247825316006788,동양생명
082740,2025-09-16,44600,1,-1.905829596412556,STOP,0.31947069943289225,16.372509150061003,1.1710775047258979,1.5122873345935728,57.72357723577236,1.2127851069032922,한화엔진
082740,2025-10-10,47600,2,-8.193277310924374,STOP,1.2698412698412698,16.131481617557018,0.2253968253968254,1.3968253968253967,60.20408163265306,0.4007523410495974,한화엔진
082740,2025-10-15,47250,10,4.021164021164014,TIMEOUT,0.9690309690309691,16.465314732249862,0.16483516483516483,1.4585414585414584,60.63569682151589,0.8255138235880373,한화엔진
082740,2025-10-23,48600,8,-0.6172839506172867,STOP,1.0245901639344261,16.928346474793678,0.4690346083788707,0.8378870673952641,64.81069042316258,1.3585502152654112,한화엔진
082740,2025-12-03,43600,4,6.422018348623859,T_star,0.36036036036036034,1.3758974262845092,-1.3986486486486487,1.6441441441441442,52.58064516129033,0.6426572940416865,한화엔진
082740,2025-12-22,43350,2,3.114186851211076,STOP,0.021479713603818614,-0.6162475322422976,0.324582338902148,1.8615751789976134,51.72413793103448,1.4192441450249342,한화엔진
082740,2026-02-03,57200,3,-7.342657342657343,STOP,1.1931649331352154,3.9265062488341678,1.7184249628528974,0.5646359583952452,61.27450980392157,1.1144861807346427,한화엔진
082740,2026-02-12,55000,1,-1.8181818181818188,STOP,0.06153846153846154,6.077501061531935,1.0715384615384616,1.5076923076923077,52.94117647058823,0.983872974934827,한화엔진
082740,2026-02-19,55200,2,2.1739130434782705,STOP,0.10832025117739404,6.581850272098844,0.7409733124018838,1.4756671899529041,49.6031746031746,0.5805693583139971,한화엔진
082740,2026-04-16,48200,1,16.390041493775943,T_star,0.7280453257790368,0.18934716390878886,-0.509915014164306,1.9263456090651558,54.68277945619336,0.9792429388151526,한화엔진
084670,2026-02-10,57400,1,-2.4390243902439046,STOP,0.04302587176602925,46.10310068821066,-0.44769403824521936,2.857142857142857,53.31050228310502,0.2555447163130632,동양고속
084680,2026-05-06,1894,1,-0.2639915522703262,STOP,0.14896988906497527,6.362596213854799,1.6740623349181198,2.176439513998943,52.757793764988016,1.156831872346543,이월드
084690,2026-01-23,9720,10,2.1604938271605034,TIMEOUT,0.5470668485675307,1.2679583029958623,-0.10504774897680765,2.6193724420191,59.340659340659336,0.7044492147293526,대상홀딩스
085310,2025-10-24,1445,8,-5.605536332179928,STOP,1.1301177790241166,16.096921660711782,-0.7717330342120017,3.118339876612451,58.394160583941606,1.530152050501669,엔케이
085620,2025-09-25,7890,1,-1.7743979721166037,STOP,0.4851138353765324,6.97224639783387,1.4080560420315236,0.9457092819614711,56.15384615384615,1.235715135537925,미래에셋생명
085620,2025-09-29,7810,1,-0.3841229193341844,STOP,0.01981981981981982,7.1297945040666155,1.3423423423423424,1.2612612612612613,49.60629921259842,2.306792430952735,미래에셋생명
085620,2025-10-13,8180,10,4.400977995110034,TIMEOUT,1.0145454545454546,6.751365471384478,0.9890909090909091,0.43636363636363634,59.55882352941176,0.7780493562763544,미래에셋생명
085620,2025-11-27,9270,1,0.4314994606256839,STOP,0.15243101182654403,9.08558919785865,1.0578186596583443,2.181340341655716,52.52918287937743,2.726610074210862,미래에셋생명
085620,2026-02-20,12400,7,-15.806451612903228,STOP,5.32263660017346,0.8248476221759985,0.2810060711188205,0.0,72.79411764705883,0.20309440689936323,미래에셋생명
085620,2026-04-01,16630,4,-2.645820805772703,STOP,0.311967068509262,23.774501419628493,1.2413995883563658,2.51102616877389,59.031141868512115,1.115818599470973,미래에셋생명
085620,2026-04-17,17450,7,-3.8968481375358133,STOP,0.655645981688708,22.95432956892781,0.4409969481180061,1.0579857578840284,54.4147843942505,0.8872242842711894,미래에셋생명
086280,2025-10-28,169300,5,-1.594802126402839,STOP,0.5236167341430499,5.035257033496741,-1.4385964912280702,1.7453891138101665,57.48663101604278,0.835312322049194,현대글로비스
086280,2025-11-12,169500,1,-0.7669616519174083,STOP,0.15288713910761154,3.592623571115631,0.2723097112860892,3.3333333333333335,50.85271317829457,0.8635167678994237,현대글로비스
086280,2026-01-07,218500,10,19.90846681922196,TIMEOUT,4.958161865569273,1.032332699358836,1.213991769547325,0.13717421124828533,77.95031055900621,0.26048885928925897,현대글로비스
086280,2026-02-02,246000,2,2.0325203252032464,STOP,0.01848844472204872,15.25044241730951,1.775890068707058,2.4984384759525295,44.71153846153847,1.839969493749963,현대글로비스
086280,2026-02-20,270000,7,-14.074074074074073,STOP,1.4349442379182156,15.060273577074373,0.14312267657992564,1.933085501858736,65.77540106951872,0.3869728346105385,현대글로비스
086280,2026-04-20,226000,10,-2.6548672566371723,STOP,0.6835748792270532,0.6553218475848219,-0.4444444444444444,0.8695652173913043,62.41610738255034,0.9568245580584535,현대글로비스
086280,2026-05-07,230500,1,8.893709327548805,T_star,0.46618357487922707,-3.3959413521958552,0.6014492753623188,1.4492753623188406,56.32911392405063,0.8162533965662877,현대글로비스
086790,2025-09-11,87700,10,1.36830102622576,TIMEOUT,2.4066496163682864,3.7851775749884227,-0.37595907928388744,0.5115089514066496,69.01408450704226,0.39004734809465125,하나금융지주
086790,2025-10-02,88400,1,-2.714932126696834,STOP,0.23414634146341465,1.6526829268292569,1.578048780487805,1.853658536585366,48.87218045112782,1.4655062631000215,하나금융지주
086790,2025-10-28,87900,1,-2.3890784982935176,STOP,0.21710526315789475,-1.3056982897461462,-0.43859649122807015,1.5789473684210527,55.0,0.7204179226842562,하나금융지주
086790,2025-11-04,87900,1,-1.1376564277588153,STOP,0.42291666666666666,-1.2884328215338723,-0.45,1.1666666666666667,56.75675675675676,0.7854961564572271,하나금융지주
086790,2025-11-06,93000,10,-1.1827956989247324,TIMEOUT,2.217391304347826,-0.8388198936598981,-0.23251417769376181,0.30245746691871456,71.16564417177915,0.6917974977776654,하나금융지주
086790,2025-11-26,92900,2,0.43057050592034685,STOP,0.49768875192604006,2.875293843374202,0.7334360554699538,2.526964560862866,49.80392156862745,3.398918820185492,하나금융지주
086790,2025-12-05,95200,2,-2.310924369747902,STOP,0.5380622837370242,4.110436564711352,1.019031141868512,2.041522491349481,55.8011049723757,1.1605803449995467,하나금융지주
086790,2026-01-02,93400,4,-1.6059957173447548,STOP,0.005012531328320802,2.2376052385407035,0.20300751879699247,2.055137844611529,56.81818181818182,0.742358956703778,하나금융지주
086790,2026-01-12,94000,10,7.659574468085117,TIMEOUT,0.3887468030690537,1.7998706458468023,-0.13043478260869565,0.8184143222506394,57.324840764331206,0.9018893597183253,하나금융지주
086790,2026-04-08,117100,10,2.0495303159692613,TIMEOUT,1.305962854349951,5.5028795061885525,-0.4340175953079179,0.3519061583577713,55.65217391304348,0.9793704740224346,하나금융지주
086790,2026-05-14,126500,2,-9.723320158102766,STOP,0.48711943793911006,5.404200956653491,1.2868852459016393,1.053864168618267,64.0,0.8272761227014713,하나금융지주
088350,2025-09-10,3310,10,-3.776435045317217,STOP,2.0,1.7594210132268533,-1.382608695652174,1.0434782608695652,71.57894736842105,0.5499980853115546,한화생명
088350,2026-01-26,3530,3,1.1331444759206777,T_star,1.9851485148514851,0.9735557581934239,0.22112211221122113,2.4752475247524752,63.63636363636363,0.3643394354529768,한화생명
088350,2026-03-11,5100,1,-3.7254901960784292,STOP,0.4970414201183432,18.179217807364267,1.0862214708368554,4.158918005071851,52.331606217616574,2.0320083332267957,한화생명
088350,2026-03-25,4970,1,-4.828973843058348,STOP,0.23925233644859814,17.128457459513676,0.16947040498442367,1.8193146417445483,54.46153846153847,0.6336777402764197,한화생명
088350,2026-04-17,4900,10,2.857142857142847,TIMEOUT,0.7589013224821973,12.395146015028192,-0.28789420142421157,0.6917599186164801,58.33333333333333,0.44055809546421987,한화생명
088350,2026-05-04,5040,3,-4.761904761904767,STOP,1.0789115646258503,12.258102580239152,0.6979591836734694,0.8163265306122449,65.98360655737704,0.5466858673510657,한화생명
088350,2026-05-13,4980,1,10.24096385542168,T_star,0.2831858407079646,10.978918806094768,0.7511061946902655,1.9469026548672566,53.08988764044943,0.4302458113066895,한화생명
088980,2026-01-23,11380,3,-1.6695957820738183,STOP,1.2415458937198067,-0.42981612611824516,-1.7439613526570048,2.1256038647342996,69.64285714285714,0.7841247533691781,맥쿼리인프라
088980,2026-02-04,11330,2,-1.3239187996469504,STOP,0.89,-0.04381544932743285,-0.295,1.3,58.53658536585366,1.71853013312046,맥쿼리인프라
088980,2026-04-21,11400,7,-0.43859649122807154,STOP,0.6129032258064516,0.2131976709992301,-0.22580645161290322,1.1827956989247312,57.49999999999999,0.475386447359377,맥쿼리인프라
089590,2026-04-14,5180,10,2.1235521235521304,TIMEOUT,0.29222520107238603,-1.3862652645356945,-0.22386058981233245,1.447721179624665,49.33333333333333,0.900520472236552,제주항공
089860,2026-01-29,31150,4,7.223113964687,T_star,1.1792717086834734,1.0686816893806503,-1.084033613445378,0.33613445378151263,55.37190082644628,0.4077936849625403,롯데렌탈
089860,2026-04-15,32150,10,4.043545878693622,TIMEOUT,0.7942028985507247,0.4203005148681384,-0.3217391304347826,0.5217391304347826,53.793103448275865,0.34436964363669786,롯데렌탈
089860,2026-05-08,33250,1,-1.0526315789473717,STOP,0.37988826815642457,2.456066615881681,1.1229050279329609,1.3966480446927374,56.30252100840336,1.0229319481657637,롯데렌탈
090350,2026-03-24,9010,5,-8.657047724750278,STOP,1.1009174311926606,0.6603847973505829,-0.35124508519003933,0.6815203145478375,76.95473251028807,0.5257930080337022,노루페인트
090350,2026-04-21,8870,8,-1.5783540022547893,STOP,0.7837837837837838,1.1280183302978672,0.1554054054054054,3.75,58.1151832460733,0.7831346208687527,노루페인트
090370,2025-11-18,2040,2,-13.137254901960782,STOP,1.154730983302412,9.641283826305841,0.8922077922077923,2.1335807050092765,51.77053824362606,0.26272929493505753,메타랩스
090430,2026-01-23,133300,10,3.0007501875468856,TIMEOUT,3.3597122302158273,0.20581146586508126,0.02302158273381295,0.05755395683453238,60.91205211726385,0.4499457460917092,아모레퍼시픽
090430,2026-03-27,144400,4,-6.99445983379502,STOP,1.4178470254957507,2.9415861518785302,-1.6423512747875355,1.7988668555240792,72.45179063360882,0.6088203635349437,아모레퍼시픽
090430,2026-04-27,150800,5,-13.793103448275868,STOP,3.2859866539561486,2.610754640591829,-0.2688274547187798,0.5529075309818875,81.99445983379502,0.33197143572497745,아모레퍼시픽
090460,2025-10-30,17810,4,-5.951712521055585,STOP,0.7424863387978142,7.05784153089931,-0.6352459016393442,1.1612021857923498,54.310344827586206,1.3378698946825625,비에이치
090460,2025-12-02,17690,10,3.165630299604305,TIMEOUT,1.2846467391304348,-0.14583651059935945,-0.5373641304347826,1.046195652173913,55.92972181551977,0.3118645601662561,비에이치
090460,2026-02-02,17600,4,-3.409090909090906,STOP,1.223869532987398,-1.0604627824844988,0.18902891030392885,2.446256486286138,58.108108108108105,0.8675577780057723,비에이치
090460,2026-03-23,23000,10,-3.4782608695652195,TIMEOUT,3.079728280300322,1.5837958243666774,-0.20486235252055773,1.2870933142652843,69.90068754774637,0.09429818627131063,비에이치
090460,2026-04-08,22400,2,4.241071428571419,T_star,0.7689822294022617,6.851910917653253,1.081852450188476,1.2924071082390953,58.798882681564244,2.049365876801342,비에이치
090460,2026-05-14,37500,1,-5.066666666666664,STOP,1.6502963590177815,25.729490860945365,1.760372565622354,0.3386960203217612,54.791154791154796,1.0819432470645556,비에이치
090460,2026-05-22,39450,3,-18.50443599493029,STOP,1.7741194486983154,23.52908286339601,0.9050535987748851,0.27565084226646247,58.10147299509001,0.4319337721703275,비에이치
092200,2025-10-20,5220,8,-9.099616858237546,STOP,2.5312145289443815,0.7055924736802808,-0.15550510783200908,0.2724177071509648,72.24199288256227,0.18163910195968502,디아이씨
092200,2025-11-25,6760,2,8.136094674556205,T_star,0.6896077081899519,14.594564959154955,1.0966964900206468,1.610461114934618,47.28132387706856,0.5367265000692872,디아이씨
092200,2025-12-30,14420,3,-13.314840499306523,STOP,1.8120036934441366,44.30580312933255,1.932409972299169,0.38411819021237303,64.11042944785277,0.6691968967152697,디아이씨
092200,2026-01-07,12800,1,-6.874999999999998,STOP,0.1093269559275709,45.64534999857317,1.5384352579432867,1.6057396651861975,43.38747099767982,0.39552125659847226,디아이씨
092200,2026-01-13,12950,1,-6.177606177606176,STOP,0.1449016100178891,42.89097958265517,0.9148479427549195,1.5742397137745976,56.25692137320044,0.5093714006817429,디아이씨
092220,2025-10-20,843,1,-1.542111506524313,STOP,0.002547770700637522,1.7470010905125442,1.6267515923566884,2.522292993630573,48.21428571428571,1.0646714393889078,KEC
092220,2026-03-24,1789,9,-16.433761878144214,STOP,2.2150180105292328,32.15022603454272,2.020227209753394,1.3355500138542533,76.253081347576,0.2511128735223264,KEC
092220,2026-04-27,1838,1,0.0,T_star,1.6467935871743489,25.942912905586716,-0.2908316633266531,1.2124248496993988,65.9881812212738,0.668317921391248,KEC
092780,2026-02-04,5810,1,-9.294320137693635,STOP,0.13238157040882545,21.52689017795694,1.718364698247891,5.762491888384166,47.94952681388013,2.3565013386392635,DYP
092790,2026-03-19,12030,5,-4.2394014962593545,STOP,0.6130323989807063,5.5559168807518455,0.43829632326174006,1.3396432471787405,56.88259109311741,0.11616195036076754,넥스틸
092790,2026-04-02,12290,2,21.969080553295363,T_star,0.8353326063249727,6.856407731524864,0.15485278080697928,1.3231552162849873,55.88235294117647,0.19384856797674838,넥스틸
092790,2026-05-18,18930,1,4.384574749075543,T_star,0.3515967438948028,19.606933893427534,0.9502191609267376,2.548528490920476,58.67721876766535,0.3766757514250812,넥스틸
093050,2026-03-24,22800,10,7.456140350877183,TIMEOUT,1.2519685039370079,5.65505495382814,-0.08293963254593176,0.9973753280839895,81.11111111111111,0.43711604408501586,LF
093050,2026-04-22,25500,6,-2.7450980392156876,STOP,0.628361858190709,12.054161715232551,1.6723716381418092,0.9290953545232273,51.20000000000001,0.8765288544358312,LF
093240,2026-01-19,1648,1,-8.131067961165051,STOP,0.3137385882876867,6.067663808074952,1.0427521710086833,4.529058116232465,63.40540540540541,4.6119992832262895,형지엘리트
093370,2025-09-19,6230,5,-6.42054574638844,STOP,1.1565836298932384,7.3692884650959485,0.5462633451957295,2.3131672597864767,59.656652360515025,0.3402277527408845,후성
093370,2025-10-02,6060,3,-0.16501650165016146,STOP,0.42613636363636365,6.270754747396595,0.19507575757575757,3.106060606060606,58.394160583941606,1.0675784120612315,후성
093370,2025-10-20,7010,10,31.241084165477883,TIMEOUT,2.671641791044776,8.614929362352044,0.9817578772802653,1.7247097844112769,69.60352422907489,0.19399718496579013,후성
093370,2026-01-23,7730,10,3.2341526520051733,TIMEOUT,0.46187683284457476,3.5812087375549204,-0.27712609970674484,1.6422287390029326,45.92274678111588,0.6237575893215807,후성
093370,2026-05-14,13620,1,-7.856093979442003,STOP,0.355674709562109,21.7598296130797,1.6863270777479893,1.6085790884718498,46.875,1.4462335628986047,후성
093370,2026-06-11,15770,1,20.545339251743822,T_star,2.4493971501644136,16.506309698110584,-0.3967848008768725,0.8914870295944465,70.95890410958904,0.4411873642286157,후성
094800,2026-03-17,6820,2,-2.346041055718473,STOP,0.4462934947049924,8.630850300894883,1.524962178517398,1.573373676248109,55.0561797752809,0.5536028825874156,맵스리얼티
094800,2026-03-20,6900,1,-3.04347826086957,STOP,0.34532374100719426,9.414167672453813,1.451798561151079,1.2661870503597121,51.05633802816901,0.5124247601818039,맵스리얼티
095570,2026-03-24,5110,10,0.391389432485334,TIMEOUT,0.39791937581274384,2.555705721315458,-0.7919375812743823,1.092327698309493,66.66666666666666,1.0415655816707872,AJ네트웍스
096770,2025-09-12,107900,5,-3.6144578313253017,STOP,1.384297520661157,4.532011829589961,-0.3347107438016529,1.0330578512396693,57.31707317073171,0.4760933101906061,SK이노베이션
096770,2025-10-17,116600,10,10.548885077186965,TIMEOUT,3.6506410256410255,-2.110414436458174,0.17307692307692307,0.7692307692307693,71.83098591549296,0.20108476383445345,SK이노베이션
096770,2026-04-06,123200,10,4.545454545454541,TIMEOUT,1.6077922077922078,1.6046041282493693,-1.0744588744588746,0.5541125541125541,61.849710982658955,0.19391617605007094,SK이노베이션
097230,2025-10-28,29900,5,-11.204013377926426,STOP,1.2020942408376962,41.05524109460782,-0.7581151832460733,1.3193717277486912,57.718120805369125,0.38846953220301633,HJ중공업
097230,2025-12-09,22700,3,6.607929515418509,T_star,0.6896551724137931,4.7892186512440285,-1.3044235458028561,1.3932427725531173,57.80346820809249,0.5267551130799032,HJ중공업
097230,2025-12-18,22000,2,-1.5909090909090873,STOP,0.125676720804331,-3.413407382181127,0.14694508894044858,1.9721577726218098,55.08474576271186,0.968721465394492,HJ중공업
097230,2025-12-23,22850,2,-5.0328227571115995,STOP,0.5719844357976653,-5.907961808161052,0.3151750972762646,1.3229571984435797,52.35602094240838,0.9739264232165834,HJ중공업
097230,2026-02-27,25300,1,-7.707509881422925,STOP,0.3555992141453831,3.1074260994953082,-0.14538310412573674,1.7288801571709234,52.17391304347826,0.3353355978269956,HJ중공업
097230,2026-03-18,27600,7,-11.050724637681164,STOP,1.2963560885608856,4.2764950523447585,0.1856549815498155,0.7841328413284133,55.19630484988453,0.4084297947867721,HJ중공업
097230,2026-04-16,27500,10,5.454545454545445,TIMEOUT,1.1158301158301158,2.75048981325442,0.0489060489060489,0.9009009009009009,59.73597359735974,0.38283231226506087,HJ중공업
097520,2025-09-08,29650,9,-1.180438448566612,STOP,0.4819277108433735,2.220419445946754,0.006024096385542169,0.7831325301204819,51.96078431372549,0.5411536293605561,엠씨넥스
097520,2025-10-15,32000,10,0.31250000000000444,TIMEOUT,2.0833333333333335,3.234501347708895,0.27205882352941174,0.09803921568627451,60.83916083916084,0.5813994765997144,엠씨넥스
097520,2025-10-31,31150,3,-4.01284109149278,STOP,0.10173697270471464,3.624924240237805,0.9900744416873449,1.3399503722084367,47.99999999999999,0.887271724137931,엠씨넥스
097950,2025-09-10,234500,10,-0.6396588486140775,STOP,0.7926829268292683,-0.36565547128927406,-2.201219512195122,4.024390243902439,70.0,0.8168796977587617,CJ제일제당
097950,2026-04-27,234000,1,-0.42735042735042583,STOP,0.2084942084942085,3.590933484862839,1.9111969111969112,1.1583011583011582,44.44444444444444,2.3315449297188753,CJ제일제당
097950,2026-04-29,243500,3,-5.544147843942504,STOP,1.3409090909090908,3.8140869044429473,1.7121212121212122,0.22727272727272727,62.7906976744186,0.8941736984500948,CJ제일제당
097955,2026-02-12,142900,7,-2.3792862141357562,STOP,1.6737400530503979,0.31133100036201283,0.649867374005305,0.6896551724137931,59.3984962406015,0.9053804494428651,CJ제일제당 우
100090,2025-09-05,25600,10,-0.5859375,TIMEOUT,3.240776699029126,1.9500556436111018,0.05728155339805825,0.2912621359223301,70.73170731707317,0.3718937346232657,SK오션플랜트
100840,2026-03-23,54200,10,1.291512915129145,TIMEOUT,2.4639045825486505,3.876016888065087,-0.0696798493408663,1.0797237915881983,64.86486486486487,0.16230280279362286,SNT에너지
100840,2026-04-07,50700,2,14.39842209072979,T_star,0.5815416885159937,7.169087974172726,0.724698479286838,1.6360776088096487,61.24837451235371,0.9672204027171276,SNT에너지
100840,2026-04-24,57600,3,1.5625,STOP,0.6820011500862565,12.732312978291427,1.0339275445658425,1.863139735480161,53.982300884955755,1.3876769384029277,SNT에너지
100840,2026-05-06,64100,2,-11.388455538221532,STOP,1.7429274292742927,12.854467376704942,0.8874538745387454,0.8118081180811808,63.63636363636363,0.6152197163351879,SNT에너지
103140,2025-09-08,120500,10,4.066390041493784,TIMEOUT,0.2998790810157195,15.360133757681545,-2.879081015719468,1.596130592503023,64.76683937823834,0.8186682784084449,풍산
103140,2025-10-01,132300,2,-5.517762660619807,STOP,1.1797945205479452,1.9212246522917247,0.571917808219178,1.5753424657534247,60.46931407942238,1.1899917901278485,풍산
103140,2026-03-05,118400,2,-3.6317567567567544,STOP,0.38461538461538464,4.65422881758673,-0.4632606199770379,4.684270952927669,56.140350877192986,0.6342185967958142,풍산
103140,2026-04-10,99500,10,1.005025125628145,TIMEOUT,0.35378151260504204,-3.054702173818078,-1.326890756302521,3.327731092436975,57.2972972972973,0.8193309735604278,풍산
103590,2025-09-15,37500,2,-3.600000000000003,STOP,0.4154676258992806,5.272743830252254,-1.3902877697841727,1.9064748201438848,55.769230769230774,0.8648358291810754,일진전기
103590,2025-10-15,41250,10,28.242424242424246,TIMEOUT,2.699922057677319,0.12410459622460754,0.2338269680436477,1.2782540919719407,72.52252252252252,0.12944045516122757,일진전기
103590,2025-12-15,56700,3,-5.467372134038806,STOP,0.5739268680445151,13.705864409364757,-0.9872813990461049,1.8441971383147853,58.0188679245283,0.29829871483825676,일진전기
103590,2025-12-22,55400,1,-1.0830324909747335,STOP,0.19230769230769232,13.435835038622502,-0.38095238095238093,2.600732600732601,54.59183673469388,0.5027283554758555,일진전기
103590,2025-12-29,55300,1,-1.6274864376130238,STOP,0.16757741347905283,13.293208767517056,-0.051001821493624776,2.622950819672131,52.38095238095237,3.122330267119232,일진전기
103590,2026-01-06,62400,10,0.48076923076922906,TIMEOUT,2.0752864157119477,13.862496932300248,0.4337152209492635,0.4909983633387889,54.34782608695652,0.3480990596396899,일진전기
103590,2026-01-27,62800,4,-5.414012738853502,STOP,0.5530546623794212,11.526240998866381,1.0594855305466238,0.6752411575562701,47.40740740740741,0.5103393167904264,일진전기
103590,2026-02-03,65200,1,6.5950920245398725,T_star,0.7521489971346705,7.934846198848415,0.9398280802292264,0.9742120343839542,53.81818181818181,0.7633994476088208,일진전기
103590,2026-03-13,78700,1,-2.1601016518424387,STOP,0.0265914585012087,13.246252798005267,1.2022562449637388,3.1103948428686543,55.87188612099644,1.2419140796259354,일진전기
103590,2026-04-15,86800,10,37.788018433179715,TIMEOUT,1.8394088669950739,9.496601320066997,-0.1566502463054187,0.9655172413793104,59.166666666666664,0.24755143935720014,일진전기
105560,2025-09-11,117600,10,-2.8061224489795866,TIMEOUT,2.5759336099585064,1.785741286761922,-0.33195020746887965,0.13278008298755187,68.85245901639344,1.02216975577265,KB금융
105560,2025-09-30,115500,3,-2.3376623376623384,STOP,0.2977941176470588,1.4945408985144084,1.2886029411764706,2.2058823529411766,42.44604316546763,3.102098254333761,KB금융
105560,2025-10-27,118000,10,9.322033898305083,TIMEOUT,0.9467275494672754,-0.2369633369147625,-0.2968036529680365,0.791476407914764,54.61254612546125,1.2675288030389347,KB금융
105560,2025-11-26,124700,1,-0.8019246190858031,STOP,0.13649851632047477,3.8254183360829557,0.847675568743818,3.026706231454006,49.044585987261144,4.785254206330447,KB금융
105560,2025-12-08,127900,1,-1.4855355746677068,STOP,0.2816568047337278,4.967885699305283,0.8047337278106509,2.863905325443787,61.34453781512605,0.6051946757277388,KB금융
105560,2026-01-09,126600,10,7.109004739336489,TIMEOUT,0.5975855130784709,2.5473121703376616,-0.48893360160965793,0.482897384305835,56.353591160220994,1.5860929678059101,KB금융
105560,2026-03-26,152200,2,-4.139290407358742,STOP,0.21116043119847813,5.953391133247256,-0.8744451490171211,1.927710843373494,55.99999999999999,0.4718196754172981,KB금융
105560,2026-04-14,155900,10,1.8601667735728133,TIMEOUT,0.7724708537044002,5.9958722778384015,0.3189168860473862,1.022940955246333,57.4712643678161,1.2216196563860855,KB금융
105560,2026-05-04,157800,4,0.6337135614702172,STOP,0.09032258064516129,5.828606714847681,1.2376344086021505,1.8709677419354838,53.125,2.190043374083831,KB금융
105560,2026-06-05,171600,1,-11.713286713286708,STOP,2.3621366849960723,-0.0032346408470446167,-0.12175962293794187,0.6441476826394344,65.47619047619048,0.32130611022965105,KB금융
105630,2025-11-10,11420,10,16.549912434325755,TIMEOUT,2.1484888304862024,-0.34466577129079756,0.09855453350854139,0.4204993429697766,66.12377850162866,0.7154691980666187,한세실업
105630,2025-12-12,13170,3,14.123006833712992,T_star,0.08275058275058275,11.297467338619068,2.245920745920746,1.0955710955710956,47.602739726027394,1.0204402412027602,한세실업
105630,2026-01-20,14590,4,-8.773132282385198,STOP,1.3001508295625943,9.564910298064698,0.5098039215686274,0.9653092006033183,76.09561752988049,0.36175365106560226,한세실업
105630,2026-01-28,14100,4,5.81560283687943,STOP,0.49697533736621685,9.093405461809883,-0.24290367612843183,1.6007445323406235,52.976190476190474,1.161011855600699,한세실업
105630,2026-02-04,15120,3,-14.880952380952383,STOP,1.786511835640911,9.649618916808063,0.38231353282715497,0.321572130415364,63.797468354430386,0.6841632139244587,한세실업
105840,2025-09-04,11430,4,5.074365704286965,T_star,0.8323586744639376,7.294822761966263,0.15692007797270954,0.6627680311890838,53.37995337995338,0.38329284280426185,우진
105840,2025-09-16,12180,10,16.58456486042692,TIMEOUT,1.537490134175217,3.9803934091199387,0.345698500394633,0.23677979479084452,61.67664670658683,0.5181401645387538,우진
105840,2025-10-24,16820,4,-10.166468489892988,STOP,0.6550898203592814,16.784985970346064,1.4395209580838324,1.5748502994011977,62.90697674418605,0.5131631342052375,우진
105840,2025-11-26,15520,10,17.525773195876294,TIMEOUT,0.8926871484205972,9.006685401188236,-0.898745131977499,1.5404586758978798,60.24096385542169,0.3901493627448947,우진
105840,2026-01-14,21350,10,22.4824355971897,TIMEOUT,2.0015232292460015,9.086381255549068,0.5083777608530083,0.8758568164508759,67.05882352941177,0.34058223183360425,우진
105840,2026-02-11,25200,1,-1.1904761904761862,STOP,0.20930232558139536,18.660049627791555,1.3630121816168328,1.7940199335548173,51.64835164835165,0.5865308106835616,우진
105840,2026-02-20,27300,5,-7.14285714285714,STOP,0.8230683090705487,20.39429025814085,1.0382978723404255,1.2541993281075028,54.44015444015444,0.19865018189160386,우진
105840,2026-03-18,27150,2,14.917127071823199,T_star,0.661522633744856,14.875649129792782,0.13168724279835392,1.213991769547325,50.909090909090914,0.4831074991905257,우진
105840,2026-04-21,26350,10,7.400379506641364,TIMEOUT,1.3583460949464012,6.0735039608279155,-0.888208269525268,1.0719754977029097,57.65765765765766,0.14814614197702072,우진
108320,2025-12-08,52500,6,-2.857142857142858,STOP,0.6957446808510638,-1.2384601460206446,-1.4382978723404256,0.9361702127659575,68.62745098039215,0.7807153897107529,LX세미콘
108320,2026-04-15,52500,10,17.714285714285705,TIMEOUT,1.1597542242703534,-0.045926770556184424,-0.2119815668202765,0.4915514592933948,56.42857142857142,0.9962303345246273,LX세미콘
108670,2026-05-22,38950,1,-5.776636713735561,STOP,0.9330199764982373,7.60857398701589,1.4970622796709754,1.9036427732079906,56.67447306791569,1.2522005581191749,LX하우시스
109070,2026-04-10,1368,1,29.970760233918135,T_star,1.026928191489362,16.26435960741903,1.5598404255319143,1.3430851063829787,50.60908084163898,0.41740707376565167,주성코퍼레이션
109070,2026-04-30,1685,1,-0.8902077151335286,STOP,0.040840140023337225,31.46034263374333,1.0765460910151696,5.43757292882147,58.27676240208877,0.8865841627632587,주성코퍼레이션
111770,2025-09-04,59600,10,4.026845637583887,TIMEOUT,0.9393939393939394,0.08980439480256247,-0.30578512396694213,0.3856749311294766,57.142857142857146,0.3296773922288227,영원무역
111770,2025-11-14,69200,10,26.445086705202314,TIMEOUT,3.030249110320285,0.9239674941556314,-0.21352313167259787,0.6405693950177936,68.39378238341969,0.4618111709828459,영원무역
111770,2025-12-11,89100,3,-1.683501683501687,STOP,0.33122362869198313,16.300619606107542,3.151898734177215,1.540084388185654,51.99999999999999,0.8830922422600412,영원무역
111770,2025-12-17,90900,1,-3.190319031903188,STOP,0.2318668252080856,16.8248560071388,2.5850178359096314,1.3079667063020215,44.91803278688525,0.5943652159021026,영원무역
111770,2026-01-21,84800,3,-5.424528301886788,STOP,0.17567567567567569,10.100663463738268,-0.7417417417417418,1.8318318318318318,57.42574257425742,0.717293240979483,영원무역
111770,2026-02-03,89000,2,4.269662921348316,T_star,0.8955866523143164,10.858008962305611,0.08934337997847147,0.8180839612486545,53.60230547550432,0.4572784734493181,영원무역
111770,2026-02-24,91500,5,-6.010928961748629,STOP,0.521404109589041,8.616981678315893,0.5273972602739726,1.3184931506849316,50.63559322033898,2.4180194430510635,영원무역
111770,2026-03-05,92700,1,3.8834951456310662,T_star,0.23630907726931732,5.498777604104038,0.5581395348837209,1.5753938484621155,50.4424778761062,0.6447342331333606,영원무역
111770,2026-04-15,84200,10,0.0,TIMEOUT,0.7077922077922078,-1.4392324093816629,-0.9688311688311688,0.8831168831168831,56.69642857142857,1.204845708073268,영원무역
112610,2026-03-12,56000,10,10.89285714285715,TIMEOUT,1.795992714025501,5.154209502639616,1.1402550091074681,0.3400121432908318,56.91358024691358,0.688356729170204,씨에스윈드
112610,2026-04-08,64800,4,-3.240740740740744,STOP,0.3336236933797909,14.881076471145635,1.3096689895470384,2.543554006968641,49.892933618843685,0.9929044882357325,씨에스윈드
112610,2026-04-16,66600,1,-2.4024024024024038,STOP,0.28205128205128205,17.076671143903287,1.1467236467236468,2.4311490978157644,56.72268907563025,1.2561858862664756,씨에스윈드
112610,2026-04-22,69400,1,-0.8645533141210415,STOP,0.7901109989909183,17.605431939517715,0.5247225025227044,2.0181634712411705,54.966887417218544,0.9884035498880797,씨에스윈드
112610,2026-04-27,73900,5,-9.472259810554807,STOP,1.3891129032258065,18.620253609188943,0.4949596774193548,1.1088709677419355,65.21739130434783,0.6463979601073062,씨에스윈드
114090,2025-09-10,16630,2,-0.30066145520144527,STOP,0.09435626102292768,4.768868482456797,0.4620811287477954,1.2874779541446209,51.68986083499006,0.7127970176264565,GKL
114090,2025-09-17,17350,5,-7.20461095100865,STOP,1.3397887323943662,3.9189117662626374,0.10651408450704225,0.352112676056338,59.40959409594096,0.6907699600915843,GKL
114090,2025-10-27,16270,2,-1.4751075599262475,STOP,0.2945091514143095,-0.8541299815815535,-0.3951747088186356,2.3627287853577372,56.10389610389611,0.5727286648473122,GKL
117580,2026-03-20,11140,2,-7.271095152603236,STOP,0.3356516480193529,10.164449219072816,0.9561536135470214,3.0299364983368613,59.835025380710654,0.818780703645252,대성에너지
120110,2025-09-05,38150,10,0.0,TIMEOUT,1.4625,3.913345791143373,-1.7333333333333334,2.7916666666666665,72.26890756302521,0.25335336618584403,코오롱인더
120110,2025-12-08,43000,10,8.02325581395349,TIMEOUT,0.3578117299162149,5.330211417946423,1.2942336126170528,1.4588467225234105,47.094801223241596,0.7237305436105975,코오롱인더
120110,2026-01-22,46650,10,24.544480171489823,TIMEOUT,1.2177121771217712,7.203997301399899,-0.3677736777367774,1.0086100861008611,61.959654178674356,0.4976464366932969,코오롱인더
120110,2026-03-05,61400,1,2.442996742671011,T_star,0.013114754098360656,16.09027130824952,1.6387978142076502,2.2076502732240435,47.916666666666664,0.7484371442577692,코오롱인더
120110,2026-03-11,71900,2,4.311543810848395,T_star,1.805636540330418,15.097220433766848,1.0150631681243927,0.42759961127308066,59.62343096234309,0.53324515730654,코오롱인더
120110,2026-04-28,100000,7,-11.799999999999999,STOP,2.1408794788273617,23.948229270374057,1.238599348534202,0.7980456026058632,73.92550143266476,0.30245930706382235,코오롱인더
123690,2025-10-30,12750,4,-18.980392156862745,STOP,4.8678102926337035,0.5272896982003313,-0.18365287588294651,0.6659939455095862,76.21951219512195,0.05164575755959682,한국화장품
123890,2026-03-11,2835,1,1.5873015873015817,STOP,0.05037313432835821,5.326680601442917,1.041044776119403,4.7388059701492535,48.78048780487806,1.1834866997237101,한국자산신탁
123890,2026-03-25,2855,1,-1.4010507880910628,STOP,0.00975609756097561,4.4770257887158005,0.25121951219512195,2.097560975609756,55.6701030927835,1.4999370287105651,한국자산신탁
123890,2026-03-27,2840,1,-7.922535211267601,STOP,0.0327455919395466,4.121468009093862,-0.14105793450881612,1.5113350125944585,62.765957446808514,1.3925198340464338,한국자산신탁
126720,2026-02-05,25750,3,1.1650485436893288,STOP,0.726890756302521,5.409739878740465,1.7668067226890756,1.680672268907563,57.4712643678161,1.4328275854786037,수산인더스트리
126720,2026-02-19,27300,1,6.959706959706957,T_star,1.1130063965884862,7.564261381232573,1.4818763326226012,0.3837953091684435,58.06451612903226,0.3305748652184564,수산인더스트리
126720,2026-03-20,30700,5,-12.540716612377844,STOP,1.7425876010781671,8.687828402792778,0.3867924528301887,0.215633423180593,56.82382133995038,0.3782173864740352,수산인더스트리
126720,2026-04-01,27500,1,-6.000000000000005,STOP,0.03280839895013123,7.953523756829661,0.11548556430446194,2.152230971128609,45.090909090909086,2.546542581510744,수산인더스트리
126720,2026-04-03,27950,1,-1.9677996422182487,STOP,0.17237008871989862,8.161931622755727,0.07224334600760456,1.850443599493029,51.8151815181518,4.218649729682212,수산인더스트리
126720,2026-04-16,29700,10,14.64646464646464,TIMEOUT,0.9031296572280179,8.493771234428086,0.4247391952309985,1.1326378539493294,63.507109004739334,0.3575498235911128,수산인더스트리
128820,2026-02-02,8350,1,3.592814371257491,T_star,2.657973174366617,14.679121311673956,-1.7011922503725783,0.9687034277198212,70.09345794392523,0.0868032024827628,대성산업
128820,2026-02-24,9250,3,-8.97297297297297,STOP,0.9648622981956315,22.31178686086752,1.127255460588794,2.8964862298195633,60.532150776053214,0.5497787825458592,대성산업
128820,2026-03-03,10870,3,-22.447102115915364,STOP,1.7531129240017174,24.559378649213805,1.1867754401030486,1.227994847574066,57.67575322812052,0.22102425842123297,대성산업
128820,2026-04-17,7180,10,-0.139275766016711,TIMEOUT,0.568922305764411,-3.142298247804557,-1.2092731829573935,1.1027568922305764,61.53846153846153,0.5030477741254472,대성산업
128940,2025-09-22,366000,10,-4.6448087431694045,TIMEOUT,4.3996082272282075,1.1993657200518821,1.306562193927522,0.6660137120470128,75.67567567567568,0.19014940813350067,한미약품
128940,2025-10-29,393500,10,21.855146124523507,TIMEOUT,1.531442663378545,8.6116586876936,0.7163995067817509,2.2688039457459928,60.15625,0.7503607176120102,한미약품
128940,2025-11-26,455500,1,-1.3172338090010949,STOP,0.2181996086105675,17.320058079236677,1.847358121330724,1.5068493150684932,55.26315789473684,0.8998150725092839,한미약품
128940,2025-12-23,440000,10,8.4090909090909,TIMEOUT,0.048398576512455514,11.124463137281078,-0.6035587188612099,1.708185053380783,54.054054054054056,0.8126834250117665,한미약품
128940,2026-01-29,505000,3,-0.3960396039603964,T_star,1.713375796178344,7.108479074649919,0.362147406733394,1.637852593266606,55.78512396694215,0.5578349149237636,한미약품
128940,2026-03-27,549000,2,-6.193078324225865,STOP,0.7073872721458266,5.7187176835573945,-1.0195075151902782,1.4326830828269908,63.005780346820806,0.3350089088146514,한미약품
128940,2026-04-01,553000,1,-8.679927667269439,STOP,0.9283044512402311,5.504352278545827,-0.7706422018348624,0.4892966360856269,61.64874551971326,0.8506467637812283,한미약품
130660,2026-04-20,19530,10,4.966717869943671,TIMEOUT,0.4776251661497563,16.523332145946775,-0.9392999556933983,1.6127603012848915,58.7027027027027,0.4746896914567368,한전산업
133820,2025-10-17,2195,10,-0.2277904328018221,TIMEOUT,1.3781305114638442,28.4986387591478,-1.0236331569664896,1.6225749559082892,72.04433497536945,0.3219608706825358,화인베스틸
136490,2025-09-22,12320,4,-10.389610389610393,STOP,2.0446224256292904,1.6600920447074292,-0.36727688787185353,0.4576659038901602,66.53992395437263,0.35073407440334675,선진
136490,2025-09-29,11480,1,-1.8292682926829285,STOP,0.10067114093959731,0.08403930870890236,0.28635346756152125,2.3266219239373602,53.712871287128706,0.6133336602503366,선진
138040,2025-09-09,125900,4,0.2382843526608447,STOP,0.7611510791366907,3.490642201834858,1.5539568345323742,1.4676258992805755,65.19823788546256,1.7700163847663946,메리츠금융지주
138040,2026-04-08,117500,10,-1.7021276595744705,TIMEOUT,1.067448680351906,0.7479236422142018,-0.5503421309872922,0.2541544477028348,58.50515463917525,0.7562679249415382,메리츠금융지주
138930,2025-09-08,14560,10,2.6098901098901006,TIMEOUT,0.06097560975609756,9.336988840406224,0.21680216802168023,1.1111111111111112,49.73262032085562,0.5459482248384142,BNK금융지주
138930,2025-11-10,15430,10,-4.018146467919637,TIMEOUT,2.3544857768052516,-1.4415388427146019,-0.11597374179431072,0.087527352297593,70.10676156583631,0.9492801405410929,BNK금융지주
138930,2025-12-08,15600,3,-2.9487179487179493,STOP,0.9411042944785276,1.5517517197248483,1.1828220858895706,0.7607361963190185,70.83333333333333,0.6349059299903049,BNK금융지주
138930,2025-12-16,15320,10,2.6762402088772896,TIMEOUT,0.18503937007874016,1.0740209798166014,0.4671916010498688,1.5485564304461943,53.03030303030303,2.007044886610529,BNK금융지주
138930,2026-01-28,16390,10,23.550945698596703,TIMEOUT,2.323962516733601,2.7857882489171946,-0.428380187416332,0.428380187416332,73.45132743362832,0.33382502220731924,BNK금융지주
138930,2026-04-17,19160,10,-5.0104384133611735,STOP,1.3840224246671338,4.862279524358673,-0.15837421163279608,0.47652417659425367,61.879895561357706,0.5203660033962231,BNK금융지주
139130,2025-09-15,14860,6,-5.652759084791381,STOP,2.838351822503962,6.944941922939164,-0.05705229793977813,0.12678288431061807,70.49180327868852,0.703830842365879,iM금융지주
139130,2025-10-28,13620,1,-0.5873715124816492,STOP,0.0995850622406639,-1.835793249094496,-1.0318118948824344,1.4937759336099585,52.23880597014925,0.5037837632396358,iM금융지주
139130,2025-12-17,14570,2,1.0981468771448233,STOP,0.7491909385113269,0.7993643608696656,0.3122977346278317,1.4239482200647249,56.1576354679803,1.1845075501598974,iM금융지주
139130,2025-12-22,15270,10,-2.6850032743942376,STOP,2.4924698795180724,0.945632165930774,0.3328313253012048,0.0,63.17829457364341,0.2347386761998485,iM금융지주
139130,2026-02-02,15370,10,33.37670787247886,TIMEOUT,1.8304455445544554,2.634391553034311,-0.6497524752475248,1.311881188118812,71.69117647058823,0.3501996939330889,iM금융지주
139130,2026-04-01,17180,1,-3.5506402793946457,STOP,0.3611111111111111,4.537009977873347,-1.8958333333333333,0.8194444444444444,53.34728033472803,0.48183185818300245,iM금융지주
139130,2026-04-08,17060,2,5.978898007033995,T_star,0.3310554290053151,3.973625920774731,-0.6378132118451025,0.9719058466211086,52.43445692883895,1.043853509240729,iM금융지주
139130,2026-05-11,19230,1,-3.952158086323454,STOP,0.5081240768094535,7.720213912201109,1.653618906942393,0.4726735598227474,60.0,0.8370553671241612,iM금융지주
139130,2026-05-14,19280,1,-1.2966804979253066,STOP,0.45441696113074204,6.499750798909379,1.2473498233215548,0.38162544169611307,54.257907542579076,0.8749244011315443,iM금융지주
139480,2026-01-22,86000,10,20.465116279069772,TIMEOUT,1.2580645161290323,3.556221247459077,-0.5241935483870968,0.7258064516129032,67.6829268292683,0.5034486032940851,이마트
139480,2026-03-26,97800,5,-7.873210633946826,STOP,0.3612204724409449,4.655911782724117,-1.6948818897637796,2.263779527559055,59.09090909090909,1.1813773145001543,이마트
139480,2026-04-17,101700,10,4.129793510324475,TIMEOUT,1.3764705882352941,4.502170689439552,0.13647058823529412,0.5882352941176471,56.271186440677965,0.313622477962587,이마트
139480,2026-05-15,109700,1,-9.571558796718326,STOP,0.5859073359073359,3.9639918757960633,1.5202702702702702,1.7374517374517375,56.60377358490566,1.1147027180224849,이마트
145720,2026-03-30,51600,1,-0.7751937984496138,STOP,0.029023746701846966,2.0596701080680515,0.24450307827616535,1.4423922603342128,45.348837209302324,0.517278818711999,덴티움
145720,2026-04-16,56600,10,-5.830388692579502,TIMEOUT,2.091684434968017,3.679394022484244,-0.1439232409381663,0.1279317697228145,60.16949152542372,0.11373188700139816,덴티움
161000,2026-03-30,14820,10,-9.91902834008097,TIMEOUT,6.6320885200553255,-2.012136165105185,-0.3160442600276625,0.0,80.51612903225806,0.010726347950648222,애경케미칼
161000,2026-04-17,14520,10,4.06336088154271,TIMEOUT,1.4505622334238077,11.469889403599945,1.3144629701434665,2.853819309810004,48.14356435643565,0.6926178268574135,애경케미칼
161390,2025-12-04,62000,5,-4.354838709677422,STOP,1.1695402298850575,14.320035532585,2.7777777777777777,0.45977011494252873,59.689922480620154,0.5344082480853671,한국타이어앤테크놀로지
161390,2025-12-16,60400,2,-2.3178807947019875,STOP,0.15733333333333333,15.506950594940133,1.4866666666666666,1.4933333333333334,53.216374269005854,0.9573521127090142,한국타이어앤테크놀로지
161390,2026-01-19,62100,1,5.475040257648955,T_star,1.601010101010101,12.644552899329964,-0.4595959595959596,0.30303030303030304,67.85714285714286,0.451962022202909,한국타이어앤테크놀로지
161390,2026-02-06,67200,10,10.565476190476186,TIMEOUT,1.10207336523126,10.6308818403625,1.141945773524721,1.6905901116427433,66.45161290322581,0.9210451399984715,한국타이어앤테크놀로지
161390,2026-04-10,65000,10,-3.5384615384615348,TIMEOUT,2.7541528239202657,-1.1202056771079243,-0.6478405315614618,0.0,68.62068965517241,0.8203601740090433,한국타이어앤테크놀로지
161890,2025-09-17,78900,7,-1.3941698352344711,STOP,0.6636363636363637,-3.378280934525521,-2.0484848484848484,1.3333333333333333,56.043956043956044,0.38071679834567707,한국콜마
161890,2026-03-23,76700,10,-1.3037809647979182,TIMEOUT,1.4878048780487805,3.0406257885440247,0.0,0.8401084010840109,55.55555555555556,1.104045804561411,한국콜마
161890,2026-04-08,76800,3,6.640625,T_star,0.43546284224250326,5.804060105483147,0.8265971316818774,1.225554106910039,62.68115942028986,1.689008997194524,한국콜마
170900,2025-11-26,51215,10,3.9109635848872504,TIMEOUT,0.8981356133475848,4.37255908283521,1.5414083838023966,1.494834342714642,51.6414575455483,1.8279281320251644,동아에스티
170900,2026-02-02,51120,8,0.18583724569640747,STOP,0.7004432986449506,3.8151023686111416,-0.2623636306473418,1.4393058131857768,58.19397993311038,0.43062898033733443,동아에스티
175330,2025-11-10,23900,9,-3.1380753138075312,STOP,1.5128205128205128,-0.9733661354155525,-0.1762820512820513,0.32051282051282054,61.320754716981135,0.5879820054510442,JB금융지주
175330,2025-12-08,25150,10,2.1868787276341894,TIMEOUT,1.2005988023952097,1.6742276949665156,1.0449101796407185,0.8383233532934131,65.21739130434783,0.31902275159700244,JB금융지주
175330,2025-12-18,24550,9,1.6293279022403295,STOP,0.11186440677966102,0.906398315669277,0.6576271186440678,1.7627118644067796,53.65853658536585,1.2161669757807567,JB금융지주
175330,2026-02-03,26500,1,5.849056603773595,T_star,2.5137614678899083,2.530984542542816,-0.617737003058104,0.4892966360856269,64.23357664233578,0.3532474639332317,JB금융지주
175330,2026-03-30,30150,1,-1.4925373134328401,STOP,0.1118421052631579,6.135810937207707,-1.15,0.9736842105263158,48.13278008298755,0.4750270487776025,JB금융지주
175330,2026-04-08,30550,10,-1.6366612111292977,STOP,0.3712660028449502,5.754561542686266,-0.20625889046941678,0.7965860597439545,51.26353790613718,0.8236385953497416,JB금융지주
178920,2025-09-09,17260,10,3.997682502896871,TIMEOUT,0.4304878048780488,-1.3217746419813925,-0.8878048780487805,1.146341463414634,59.63636363636363,1.0316535538110414,PI첨단소재
178920,2026-03-18,22850,10,-1.3129102844638973,TIMEOUT,1.9889273356401385,6.815212366077718,0.4339100346020761,1.1072664359861593,56.135934550031465,0.44850799103982175,PI첨단소재
178920,2026-04-07,21900,2,1.1415525114155223,STOP,0.029411764705882353,11.12235945198084,0.785903550609433,3.179650238473768,46.46840148698884,0.6745692067679987,PI첨단소재
178920,2026-04-16,24600,10,4.674796747967469,TIMEOUT,1.1418020679468242,13.01718174509693,0.699261447562777,1.9497784342688331,52.30769230769231,0.4589405847937908,PI첨단소재
180640,2025-12-30,124000,4,-7.338709677419352,STOP,1.0385093167701864,2.123527334596,1.1801242236024845,1.9875776397515528,56.502242152466366,0.422814221331998,한진칼
180640,2026-01-19,128700,6,-7.459207459207462,STOP,1.33984375,6.1192091210852935,0.4984375,1.609375,64.53674121405751,0.41452629925161416,한진칼
180640,2026-02-19,145900,8,-22.549691569568196,STOP,3.3967906637490883,6.033818396119497,0.25309992706053974,0.27716994894237784,72.25913621262458,0.17596793198842434,한진칼
180640,2026-04-21,119000,6,-4.78991596638656,STOP,0.7156573116691285,-2.004327223011273,-0.47488921713441656,1.6100443131462334,52.145922746781125,0.6964244431904173,한진칼
181710,2025-09-16,26900,6,-4.460966542750933,STOP,0.8165137614678899,1.9993714189009588,-1.2477064220183487,1.7737003058103975,54.54545454545455,0.46539047624452684,NHN
181710,2025-09-29,28450,2,1.0544815465729274,T_star,1.9650872817955112,-3.2703340225399646,0.23192019950124687,0.8977556109725686,63.12849162011173,0.5469738562496514,NHN
181710,2026-01-07,31850,7,-4.2386185243328045,STOP,1.1437855402112105,3.4473850393248706,-0.9065800162469537,1.917140536149472,53.71621621621622,0.42205710478312636,NHN
181710,2026-01-23,31300,1,2.2364217252396124,STOP,0.17559262510974538,4.4476973313816055,0.5618964003511853,2.4582967515364356,47.49034749034749,1.4444461890537108,NHN
181710,2026-02-04,31850,2,-1.883830455259028,STOP,0.20867768595041322,4.167707206082303,0.5268595041322314,1.3636363636363635,50.30674846625767,0.978549075688691,NHN
181710,2026-02-09,32450,10,19.87673343605547,TIMEOUT,0.8298319327731093,3.4449603032883713,0.2184873949579832,0.7983193277310925,61.53846153846154,2.3661175886876706,NHN
181710,2026-03-10,36750,1,-0.40816326530612734,STOP,0.12238147739801543,4.589648650808446,1.1995589856670341,3.2635060639470783,54.15676959619952,1.3983270269928247,NHN
181710,2026-03-20,38400,1,-3.776041666666663,STOP,0.17079889807162535,6.528407750190072,1.162534435261708,2.5895316804407713,51.79856115107915,0.6819985709319841,NHN
181710,2026-03-25,37550,1,-1.464713715046606,STOP,0.00697350069735007,6.4557060362016845,0.45746164574616455,1.5620641562064157,62.10526315789473,0.8450548999767546,NHN
181710,2026-03-27,41850,2,-10.15531660692951,STOP,2.141057934508816,6.8769309989701295,0.08942065491183879,0.327455919395466,68.44106463878327,0.6640855976348022,NHN
181710,2026-04-01,38750,1,-7.870967741935486,STOP,0.30023923444976075,8.065012305168175,-0.05263157894736842,2.1052631578947367,50.154798761609904,0.5033922583869412,NHN
181710,2026-04-17,39400,1,10.91370558375635,T_star,0.5139353400222966,7.272772021363,0.05128205128205128,1.7614269788182833,43.0939226519337,0.39680131065805957,NHN
181710,2026-05-29,50900,7,-20.333988212180742,STOP,3.9901960784313726,3.7257989399214915,-0.2549019607843137,0.7486631016042781,72.67657992565056,0.28001403012052,NHN
183190,2026-04-17,11790,10,-1.1026293469041604,TIMEOUT,0.8398768283294842,-2.3132991121350477,-0.565050038491147,3.140877598152425,60.26785714285714,1.7061727723206321,아세아시멘트
185750,2025-09-12,81900,10,-2.564102564102566,STOP,0.740072202166065,-1.347027454078598,-0.5740072202166066,1.0108303249097472,55.71428571428571,0.3562338471882726,종근당
185750,2025-12-01,87700,5,-1.9384264538198415,STOP,0.9895615866388309,1.5564440455305841,0.8037578288100209,0.5010438413361169,64.44444444444444,1.1001144543554138,종근당
185750,2025-12-09,87200,5,-1.1467889908256867,STOP,0.4159090909090909,2.1566910372075028,0.7977272727272727,0.7727272727272727,54.629629629629626,0.7792085381592494,종근당
185750,2025-12-19,87000,1,-1.7241379310344862,STOP,0.17402597402597403,2.072716978079748,0.35584415584415585,1.0909090909090908,45.88235294117647,1.2873461769408292,종근당
185750,2026-01-26,86900,5,-3.5673187571921727,STOP,1.8651685393258426,0.9081376253882834,-0.7106741573033708,0.8426966292134831,65.48672566371681,0.1470623136597594,종근당
185750,2026-03-26,91700,8,-5.9978189749182125,STOP,1.262008733624454,0.22057695258555107,-0.9446870451237264,1.0771470160116448,62.869198312236286,0.6230053085916618,종근당
185750,2026-04-24,89200,1,-1.3452914798206317,STOP,0.2645161290322581,1.9133725820016934,0.04946236559139785,1.2473118279569892,51.07913669064748,0.5149020588868397,종근당
192080,2025-09-10,55400,10,-4.512635379061369,STOP,2.095419847328244,1.2560063256492826,-0.9312977099236641,0.3053435114503817,68.83116883116884,0.3849298946898525,더블유게임즈
192080,2026-02-04,52700,1,-1.1385199240986688,STOP,0.36363636363636365,1.2305926610769187,-0.5993265993265994,1.0101010101010102,53.57142857142857,0.3867821338180541,더블유게임즈
192080,2026-02-06,55600,10,0.5395683453237377,TIMEOUT,1.9852941176470589,1.1996436072042305,-0.28823529411764703,0.058823529411764705,67.3758865248227,0.47421773853000276,더블유게임즈
192080,2026-05-18,60400,3,7.615894039735105,T_star,1.0816696914700545,2.819226412040793,1.7132486388384756,1.2704174228675136,57.837837837837846,0.610177045714789,더블유게임즈
192650,2026-01-16,7200,3,-0.694444444444442,STOP,0.7655502392344498,3.662803682656277,-0.24641148325358853,0.861244019138756,57.55395683453237,0.39623449396173327,드림텍
192650,2026-01-22,7130,10,9.677419354838701,TIMEOUT,0.16942148760330578,4.302351457607003,0.08471074380165289,1.5289256198347108,50.649350649350644,0.8020209051902557,드림텍
192650,2026-02-23,8090,3,-1.8541409147095234,STOP,0.34870641169853767,4.843345447635331,1.1529808773903263,2.3172103487064115,48.85321100917431,0.8560484587925647,드림텍
192820,2025-09-05,214000,10,9.579439252336442,TIMEOUT,0.18785625774473358,-0.42942674282568305,-1.5439900867410161,5.551425030978934,70.58823529411765,0.9509328835886245,코스맥스
192820,2025-09-11,222500,10,3.146067415730336,TIMEOUT,1.7410404624277456,-1.8034023871587284,-1.9190751445086704,0.0,61.17647058823529,1.284873028021796,코스맥스
192820,2026-03-24,193500,9,-3.6175710594315236,STOP,1.340648854961832,2.7807805569016346,-0.9475190839694656,1.0973282442748091,74.2603550295858,0.23850621897022878,코스맥스
192820,2026-04-13,199100,1,-1.104972375690605,STOP,0.6890527950310559,3.768761339270988,0.781832298136646,0.6909937888198758,53.24825986078886,0.43300112779135436,코스맥스
192820,2026-04-20,210500,10,-0.7125890736342066,TIMEOUT,1.2706270627062706,3.8666351641161825,0.7009075907590759,0.4537953795379538,60.903426791277255,0.23343067008670215,코스맥스
192820,2026-05-11,213000,2,-12.159624413145542,STOP,0.22762645914396887,3.8317028214943942,1.166342412451362,2.0914396887159534,49.450549450549445,1.0653526015111494,코스맥스
194370,2026-02-02,12190,10,9.680065627563582,TIMEOUT,1.4458464773922186,4.325655002637594,-2.031545741324921,1.640378548895899,68.42105263157895,0.3276426348508019,제이에스코퍼레이션
194370,2026-04-14,12860,10,13.608087091757382,TIMEOUT,1.873769024171889,-2.7616413703669305,0.01342882721575649,1.450313339301701,57.56385068762279,1.043316019843956,제이에스코퍼레이션
195870,2025-09-12,25400,10,11.41732283464567,TIMEOUT,2.946708463949843,2.9058342633737633,-0.5768025078369906,0.6269592476489029,76.04166666666667,0.07306519495459442,해성디에스
195870,2025-11-20,52700,1,-8.633776091081591,STOP,0.048207663782447466,33.82130237253912,1.5822002472187886,1.4338689740420272,52.12355212355212,0.9381358147505392,해성디에스
195870,2025-12-10,53100,1,-2.4482109227871973,STOP,0.20909090909090908,28.339249921514643,-0.12954545454545455,1.6363636363636365,51.04712041884817,0.45779195832162933,해성디에스
195870,2025-12-12,52700,1,-5.123339658444026,STOP,0.14536741214057508,27.440844044458036,-0.11182108626198083,1.8530351437699681,60.77170418006431,0.37089651947947944,해성디에스
195870,2025-12-17,58500,10,-11.452991452991457,STOP,2.0454895913646878,25.49592910800235,-0.27833461835003853,0.09252120277563608,67.05882352941177,0.5588465248457013,해성디에스
195870,2026-01-23,55900,1,6.440071556350624,T_star,0.9424460431654677,9.362384846289205,-0.11366906474820145,0.6618705035971223,57.70676691729324,0.428710496573422,해성디에스
195870,2026-04-01,55700,1,-6.104129263913826,STOP,0.24862431215607803,0.3161331304566117,-0.567783891945973,1.4207103551775888,51.498929336188446,1.0619189051540256,해성디에스
195870,2026-04-16,59300,10,35.244519392917375,TIMEOUT,1.0461451885199775,0.7558634455631507,0.0686550365785031,0.7878446820483962,57.412790697674424,0.5285124836546053,해성디에스
195870,2026-05-22,83500,5,-3.473053892215572,STOP,0.14257294429708223,12.157556408818326,1.6830238726790452,1.7771883289124668,53.072625698324025,1.1763456898526745,해성디에스
200880,2025-12-22,13130,1,-2.361005331302357,STOP,0.8665730337078652,3.3493025221924704,1.3525280898876404,1.404494382022472,53.46534653465347,1.1494120781670942,서연이화
200880,2026-01-09,13570,10,11.348563006632272,TIMEOUT,1.6448717948717948,4.786946205824812,0.12051282051282051,0.07692307692307693,62.897526501766784,1.105717931425351,서연이화
200880,2026-02-04,15850,2,-6.18296529968454,STOP,1.05779427359491,6.717967834700181,1.1845174973488866,2.608695652173913,62.05479452054795,1.735480050906043,서연이화
200880,2026-02-19,16250,7,-7.692307692307687,STOP,1.2272411396803335,7.805062039903228,1.0861709520500347,0.5976372480889507,64.9789029535865,0.3218918376033208,서연이화
204320,2025-10-22,37600,10,-3.856382978723405,TIMEOUT,3.2106666666666666,0.24357045633641378,-0.25066666666666665,0.64,69.1275167785235,0.21426779070095936,HL만도
204320,2025-11-10,37150,4,-0.6729475100942128,STOP,0.5342465753424658,1.2208498259335139,1.0873287671232876,1.8493150684931507,50.97276264591439,1.777699634206664,HL만도
204320,2025-11-19,38900,10,34.19023136246786,TIMEOUT,1.2322357019064125,1.9914719264394032,0.8994800693240901,0.658578856152513,58.65724381625442,0.33380106193100817,HL만도
204320,2025-12-22,55600,3,-3.0575539568345356,STOP,1.0084415584415585,15.229851716055965,1.9805194805194806,1.4285714285714286,59.523809523809526,1.1404256029124114,HL만도
204320,2025-12-30,58700,1,11.413969335604769,T_star,1.1285347043701799,17.54668968964419,1.5944730077120823,0.6169665809768637,59.70873786407767,0.5303243802248784,HL만도
204320,2026-01-16,64200,3,11.214953271028039,T_star,1.4268817204301076,19.178480250731646,0.543010752688172,0.8817204301075269,64.60176991150442,0.5489074312608556,HL만도
204320,2026-02-04,63300,1,-2.843601895734593,STOP,0.0075675675675675675,20.129195129195125,0.7686486486486487,2.7027027027027026,51.273885350318466,1.9073145009487253,HL만도
207940,2025-09-12,1527670,3,-1.7340786950061249,STOP,0.9909247292403989,-0.3139691251696022,-0.3293085468892449,1.510588158013581,54.347858197932055,0.23420224477097593,삼성바이오로직스
207940,2025-12-17,1750000,8,-3.1428571428571472,STOP,0.9712171052631579,3.8291226770255795,-0.8404605263157895,1.4967105263157894,64.28571428571428,0.34531847968545215,삼성바이오로직스
207940,2026-01-05,1713000,3,10.040863981319315,T_star,0.23421478683216407,3.8995224533413584,0.24177010253642742,2.525634106853751,57.638888888888886,2.6240233906916552,삼성바이오로직스
207940,2026-02-27,1778000,1,-5.455568053993254,STOP,1.1864831038798498,-0.8060858060858104,-1.7784730913642053,0.9011264080100125,53.6964980544747,0.23022121614532876,삼성바이오로직스
210540,2026-02-10,14940,10,-2.6104417670682722,TIMEOUT,2.901531728665208,2.666140650054718,0.03391684901531729,0.10940919037199125,69.6078431372549,0.842933337176217,디와이파워
210540,2026-04-10,14980,10,1.2016021361815676,TIMEOUT,1.8603712671509283,0.2259846473922089,0.21388216303470542,1.0008071025020178,71.5261958997722,0.7846649018866338,디와이파워
210540,2026-05-06,15370,3,-3.0579050097592764,STOP,0.1682819383259912,4.197714258331935,1.7383259911894273,1.7973568281938326,52.785145888594165,0.848482949283083,디와이파워
213500,2026-04-07,8680,10,1.8433179723502224,TIMEOUT,1.0037313432835822,0.17270814308968915,-0.06343283582089553,1.1567164179104477,57.72727272727272,0.41023292876829476,한솔제지
214320,2025-09-17,18500,1,-0.9189189189189206,STOP,0.2534562211981567,-0.6319652079369394,-1.6105990783410138,1.3824884792626728,59.02777777777777,0.4658651737032317,이노션
214320,2025-09-23,18500,1,-1.0270270270270276,STOP,0.41797752808988764,-1.438757429058334,-0.6269662921348315,1.0786516853932584,53.57142857142857,0.6634587619818708,이노션
214320,2026-01-23,18750,10,3.3600000000000074,TIMEOUT,1.2408637873754154,0.9692426983716723,-0.9551495016611296,0.53156146179402,63.63636363636363,0.6808150477066469,이노션
214320,2026-04-17,18720,10,4.700854700854706,TIMEOUT,1.417687074829932,-0.4576399724544321,-1.7102040816326531,2.4489795918367347,66.93548387096774,0.11125631041405282,이노션
214420,2025-09-15,10730,9,-4.287045666356015,STOP,1.2141057934508817,2.3898151334104853,-0.9202350965575147,0.3022670025188917,57.5609756097561,0.9032606828031161,토니모리
214420,2025-09-29,10970,2,-5.46946216955333,STOP,1.2334448160535116,-0.9279926616725217,0.3759197324414716,0.882943143812709,56.1056105610561,0.5152581371055696,토니모리
217590,2026-05-06,32000,4,-5.625000000000002,STOP,1.1035257518147252,28.88778328324262,1.5012098167991703,2.3159350155547873,41.254125412541256,0.4580947977067843,티엠씨
229640,2025-09-16,39750,1,-1.8867924528301883,STOP,0.6144144144144145,4.2198416394969716,-1.1225225225225226,0.7567567567567568,46.15384615384615,0.8095746617914106,LS에코에너지
229640,2025-09-22,39950,3,-2.6282853566958697,STOP,0.5589941972920697,4.379578913309754,-0.425531914893617,1.4700193423597678,61.31386861313869,0.7273509235052097,LS에코에너지
229640,2025-10-15,43700,10,7.665903890160175,TIMEOUT,2.4258992805755395,5.261261261261255,0.1856115107913669,0.37410071942446044,62.750716332378225,1.116182646289673,LS에코에너지
229640,2025-12-11,36500,4,-1.9178082191780854,STOP,0.5413290113452188,-2.7934095849501133,-2.2852512155591573,1.5559157212317667,62.06896551724138,0.8682820756310844,LS에코에너지
229640,2026-03-20,45150,6,-6.866002214839428,STOP,0.36327503974562797,7.215651597214546,0.1931637519872814,1.4149443561208268,48.11783960720131,0.5138128641289075,LS에코에너지
229640,2026-04-01,44350,1,-3.269447576099216,STOP,0.1942985746436609,6.6725159964903895,-0.08177044261065267,1.5753938484621155,41.02564102564102,0.9217923752744844,LS에코에너지
229640,2026-04-14,44500,1,13.707865168539325,T_star,0.22577519379844962,6.772145310710946,0.20736434108527133,1.2015503875968991,49.86807387862797,1.0081629367632818,LS에코에너지
229640,2026-05-21,89400,2,-9.060402684563762,STOP,0.6984572230014026,30.0139301984112,1.7059373539036933,1.9074333800841514,48.90510948905109,0.8786115285310635,LS에코에너지
241560,2025-09-18,54900,10,2.0036429872495543,TIMEOUT,0.6466165413533834,1.7783899602081463,-0.6842105263157895,1.7293233082706767,61.53846153846153,0.2753423519429654,두산밥캣
241560,2025-09-26,54400,10,9.007352941176471,TIMEOUT,0.2222222222222222,-0.20510964316955163,-0.10317460317460317,1.5873015873015872,52.4390243902439,0.9003380183884726,두산밥캣
241560,2025-10-02,56000,10,8.749999999999991,TIMEOUT,1.0769230769230769,-0.5080567580567537,0.5101214574898786,0.32388663967611336,60.0,0.8973843637911206,두산밥캣
241560,2025-12-05,59800,10,0.16722408026756952,TIMEOUT,1.2903981264637003,1.3213266237014845,-0.990632318501171,1.1241217798594847,57.711442786069654,0.6448148302090694,두산밥캣
241560,2026-01-14,60300,10,-0.995024875621886,STOP,0.48863636363636365,2.0052435967616464,0.056818181818181816,1.7272727272727273,51.55555555555555,1.5073544291240948,두산밥캣
241560,2026-01-27,61100,1,-2.2913256955810146,STOP,0.4955947136563877,0.6349296737087948,0.28634361233480177,1.3215859030837005,53.932584269662925,2.183898235143365,두산밥캣
241560,2026-01-29,60200,1,-2.3255813953488413,STOP,0.00631578947368421,0.3865173648610201,0.3936842105263158,1.6421052631578947,60.47904191616767,2.106406008848647,두산밥캣
241560,2026-02-03,64900,3,-8.320493066255775,STOP,1.7028571428571428,0.10486636623869439,0.3923809523809524,0.0380952380952381,63.06818181818182,1.0847399042175356,두산밥캣
241560,2026-02-10,62200,10,4.5016077170418,TIMEOUT,0.47544204322200395,0.28817629608701795,0.3988212180746562,1.2573673870333988,56.01851851851852,1.3002936973388812,두산밥캣
241560,2026-02-23,65400,6,-18.80733944954128,STOP,1.0633561643835616,1.7692872058242566,0.5565068493150684,0.8561643835616438,59.774436090225564,1.0418002396217863,두산밥캣
241560,2026-03-26,60500,1,-1.4876033057851235,STOP,0.04619565217391304,0.7835779715263256,-0.5516304347826086,2.1467391304347827,52.46636771300448,0.7440003790481154,두산밥캣
241560,2026-04-01,62600,2,-3.194888178913735,STOP,0.8340874811463047,0.3757130320315848,-0.502262443438914,0.48265460030165913,53.87755102040816,0.7445653405691799,두산밥캣
241560,2026-04-08,66200,10,10.120845921450151,TIMEOUT,1.8045234248788369,0.8089727417320324,0.022617124394184167,0.25848142164781907,58.3969465648855,1.0090291148952966,두산밥캣
244920,2025-12-15,8820,1,6.009070294784591,T_star,0.5798611111111112,7.472103322859189,2.318576388888889,0.78125,57.03422053231939,0.5910151942251566,에이플러스에셋
244920,2026-01-05,9270,1,-0.7551240560949246,STOP,0.2184782608695652,9.519963896344505,1.1652173913043478,1.8695652173913044,58.36431226765799,0.6431787201719474,에이플러스에셋
244920,2026-01-07,9460,2,-2.5369978858350906,STOP,0.4521452145214521,9.881637272470055,1.0649064906490648,1.4741474147414741,60.884353741496604,0.4445348982464907,에이플러스에셋
244920,2026-01-15,9880,1,8.603238866396756,T_star,0.7935299714557564,11.207035476667352,0.7469077069457659,1.2749762131303521,52.601156069364166,0.3408331128316874,에이플러스에셋
248070,2025-09-03,17200,10,10.465116279069765,TIMEOUT,2.442359249329759,0.1497815685458706,-0.32439678284182305,0.33958891867739055,66.27906976744185,0.33629413465482344,솔루엠
248070,2025-10-29,18100,10,0.22099447513812542,TIMEOUT,1.5945945945945945,1.243084353566459,-1.47007722007722,1.332046332046332,66.31944444444444,0.9413727303590452,솔루엠
248070,2025-11-18,18040,2,-0.05543237250554833,STOP,0.1257606490872211,3.67641271840077,0.7336037863421231,2.244759972954699,49.35344827586207,0.5879282025372713,솔루엠
248070,2026-04-15,19580,10,1.8896833503575072,TIMEOUT,3.311843027330063,1.9906954455603845,-0.11983181499649614,0.23826208829712683,73.86363636363636,0.2581705999610646,솔루엠
249420,2025-09-10,23800,2,-4.411764705882348,STOP,0.4796101564503719,22.018358193386874,0.9179276737625032,1.000256476019492,57.61904761904762,0.8908623307513628,일동제약
249420,2025-09-18,27850,1,7.899461400359065,T_star,1.9403166869671133,22.22943531332685,0.6989037758830694,0.292326431181486,58.95522388059702,0.22864004270406235,일동제약
249420,2025-11-05,28400,10,0.35211267605634866,TIMEOUT,2.363517060367454,4.985962207061083,-1.1246719160104988,1.6535433070866141,67.58409785932722,0.15702513765653822,일동제약
249420,2025-11-27,28900,2,-5.363321799307963,STOP,0.07605633802816901,10.402098520147348,1.4009389671361503,1.5774647887323943,52.42424242424242,1.087374019068023,일동제약
249420,2025-12-11,40500,1,9.382716049382722,T_star,4.2392392392392395,9.25659151060337,0.4864864864864865,0.6006006006006006,72.13483146067415,0.07607469696845526,일동제약
249420,2026-01-06,39250,1,10.828025477707005,T_star,0.7274862960062647,13.53857800769668,1.4510571652310102,1.8167580266249022,34.26791277258566,0.44143010931388627,일동제약
249420,2026-01-16,39000,1,-0.512820512820511,STOP,0.061046511627906974,14.865306364905399,1.1327519379844961,1.9186046511627908,48.27586206896551,0.7659745019440186,일동제약
249420,2026-01-20,39750,1,-6.91823899371069,STOP,0.23904382470119523,15.839750749515014,0.8854581673306773,1.6733067729083666,55.13307984790874,0.7149386788370204,일동제약
251270,2025-09-04,60300,10,11.27694859038142,TIMEOUT,0.279126213592233,3.9039125431530453,0.30097087378640774,1.4077669902912622,56.60377358490566,1.1952616166984504,넷마블
251270,2026-04-20,51500,3,-3.592233009708734,STOP,0.5067934782608695,0.7421862503598916,-0.6494565217391305,0.9239130434782609,60.36036036036035,1.032518122857863,넷마블
251270,2026-04-24,50400,1,-0.7936507936507908,STOP,0.035961272475795295,0.385971068119118,-0.3499308437067773,1.5491009681881052,53.97727272727273,1.2725342299876101,넷마블
251270,2026-04-28,50600,2,-1.8774703557312256,STOP,0.10863095238095238,0.14981750952296538,-0.11607142857142858,1.5476190476190477,52.73972602739726,1.2632970756618283,넷마블
259960,2026-04-21,255000,10,5.882352941176472,TIMEOUT,0.7316017316017316,0.9599504541701073,0.5865800865800865,1.3852813852813852,45.2054794520548,0.48485613891888935,크래프톤
259960,2026-05-14,293500,3,-5.962521294718915,STOP,1.2729970326409497,3.669252419853084,1.1454005934718101,0.5934718100890207,62.06896551724138,0.9554752120020935,크래프톤
267250,2025-09-03,136400,10,18.621700879765402,TIMEOUT,0.7111111111111111,10.467416414214762,-0.5146198830409356,1.1228070175438596,57.692307692307686,0.18808030120851132,HD현대
267250,2025-10-02,164400,2,-4.744525547445255,STOP,1.8049010367577756,6.523206962088627,2.04995287464656,0.5089538171536286,67.24511930585683,1.0671169613991354,HD현대
267250,2025-10-20,171600,10,27.622377622377627,TIMEOUT,2.3089788732394365,6.583876871675826,1.2244718309859155,0.5809859154929577,62.81800391389432,0.5057035892756029,HD현대
267250,2025-11-20,213500,1,-4.683840749414525,STOP,0.04960053262316911,17.64639012356908,1.7706391478029295,1.5645805592543276,53.617021276595736,0.8693544903198699,HD현대
267250,2026-01-13,229500,10,3.4858387799564294,TIMEOUT,3.7813267813267815,7.312541473125416,-0.14127764127764128,0.4914004914004914,73.7984496124031,0.24554368752068015,HD현대
267250,2026-02-03,233500,2,3.426124197002145,STOP,0.04035542391706775,7.890432671230572,1.7597186227323214,2.6286560533135876,47.159090909090914,4.458021855565358,HD현대
267250,2026-02-19,270500,8,-3.3271719038816983,STOP,2.0377733598409544,5.489000217817469,1.099403578528827,0.35785288270377735,71.15384615384616,0.34401673245372627,HD현대
267250,2026-03-11,278000,2,-5.575539568345322,STOP,0.31850789096126253,10.007315972168174,1.2281205164992826,2.2381635581061694,58.66141732283465,1.5018287261159082,HD현대
267250,2026-04-17,259500,10,16.57032755298651,TIMEOUT,0.6330434782608696,6.126959721040068,-0.6191304347826087,1.0434782608695652,58.94039735099338,0.44140631999569946,HD현대
267260,2025-09-03,501000,10,17.365269461077837,TIMEOUT,0.8649045521292217,8.260918845398221,-0.027900146842878122,0.9397944199706314,55.465587044534416,0.3326445183372599,HD현대일렉트릭
267260,2025-10-14,648000,10,29.475308641975317,TIMEOUT,1.9565217391304348,8.922125697310939,2.1709486166007905,1.1462450592885376,67.64705882352942,0.6384215352880237,HD현대일렉트릭
267260,2025-11-17,840000,1,-3.3333333333333326,STOP,0.12106053026513257,21.310993533215747,2.097048524262131,2.72136068034017,50.12048192771084,1.5849281992629305,HD현대일렉트릭
267260,2025-12-10,849000,6,-6.949352179034163,STOP,1.0837988826815643,16.413680909961567,-0.8181253879577902,0.6703910614525139,55.44871794871794,0.4953734881741757,HD현대일렉트릭
267260,2026-01-12,876000,10,-0.45662100456621557,TIMEOUT,1.5082191780821919,9.784299141253634,0.22602739726027396,0.6027397260273972,63.35403726708074,1.2567255047087877,HD현대일렉트릭
267260,2026-01-29,897000,2,-6.800445930880716,STOP,0.3781038374717833,6.399152991000524,1.1602708803611739,1.1286681715575622,61.611374407582936,1.3729089277164357,HD현대일렉트릭
267260,2026-02-03,889000,1,3.937007874015741,STOP,0.09579439252336448,4.707673695847147,0.9567757009345794,1.355140186915888,43.42629482071713,2.104810762136055,HD현대일렉트릭
267260,2026-02-11,995000,10,-0.8040201005025116,TIMEOUT,1.9187562688064193,2.9838906516963632,0.506519558676028,0.06018054162487462,62.18678815489749,0.8039578298417823,HD현대일렉트릭
267260,2026-04-14,1061000,10,16.682375117813386,TIMEOUT,2.3445620789220403,4.1968777744895025,0.15399422521655437,0.1347449470644851,57.93103448275862,0.49284315997952893,HD현대일렉트릭
267270,2025-09-12,94300,10,0.10604453870626251,TIMEOUT,1.0571827057182706,7.9506908248531545,-1.2301255230125523,0.8647140864714087,63.05732484076433,0.2727592913314883,HD건설기계
267270,2025-10-23,114900,7,-13.141862489120971,STOP,3.7776606954689145,7.627775153519142,0.32982086406743943,0.5268703898840885,78.87323943661973,0.1819262513161321,HD건설기계
267270,2025-12-02,94900,10,10.642781875658592,TIMEOUT,0.5285035629453682,-0.49588776003869844,-1.507125890736342,1.2114014251781473,53.211009174311926,0.6476176234388413,HD건설기계
267270,2025-12-10,99800,8,-4.308617234468937,STOP,1.5760430686406461,0.9737370212023384,0.0026917900403768506,0.2960969044414536,64.9402390438247,0.40414621518595406,HD건설기계
267270,2025-12-29,104500,1,-5.837320574162675,STOP,1.2393736017897092,1.6383167644549783,0.7975391498881432,1.3646532438478747,59.375,1.6809107730147812,HD건설기계
267270,2026-01-09,110000,1,11.00000000000001,T_star,1.3738237810094098,2.28310502283105,0.5731394354148845,0.7527801539777588,54.52961672473867,0.5684381045907982,HD건설기계
267270,2026-02-09,123500,1,5.42510121457489,T_star,0.5662177328843996,6.216753080600633,0.7648709315375982,1.7845117845117846,55.55555555555556,2.0407332153792828,HD건설기계
267270,2026-03-27,130100,1,-3.2282859338970016,STOP,0.03876404494382023,9.200612196844832,-0.601685393258427,2.067415730337079,57.847533632286996,0.5444372641722532,HD건설기계
267270,2026-04-01,146200,10,9.302325581395344,TIMEOUT,1.9239698200812536,8.789667042726137,-0.4399303540336622,0.2089378990133488,63.56466876971609,0.5017812270730102,HD건설기계
271560,2026-01-19,113100,10,4.155614500442084,TIMEOUT,2.8774869109947643,0.7933698101062024,0.6701570680628273,0.2931937172774869,68.39080459770115,0.1595467189992665,오리온
271560,2026-03-24,133400,4,-4.797601199400303,STOP,0.4267399267399267,8.006910726519912,-0.07783882783882784,1.5567765567765568,63.53591160220994,0.6087978698233741,오리온
271560,2026-04-01,131800,1,-1.365705614567525,STOP,0.2719703977798335,7.441387820280186,-0.32469935245143383,1.1100832562442182,51.85185185185185,0.6656379368216909,오리온
271560,2026-04-06,131200,1,-0.9146341463414642,STOP,0.03006012024048096,7.610650019418602,-0.03006012024048096,1.3226452905811623,50.10845986984815,0.7041704386954455,오리온
271560,2026-04-16,137700,10,4.284676833696444,TIMEOUT,1.1479229989868287,7.315950278324196,0.2857142857142857,0.3444782168186423,55.88235294117647,1.4401986287583664,오리온
271560,2026-05-14,143200,2,-4.88826815642458,STOP,0.6366459627329193,5.815781200880226,1.0776397515527951,1.4285714285714286,58.68945868945868,1.329927651448873,오리온
271940,2025-09-17,18170,6,-3.577325261419928,STOP,0.5728067530901417,7.43479261226966,0.3870967741935484,2.809767862526379,57.231149567367126,0.616394969114349,일진하이솔루스
271940,2025-10-17,19800,10,-3.1818181818181857,TIMEOUT,2.5606299212598427,3.2851833328430002,0.4952755905511811,0.6299212598425197,70.12987012987013,0.20722381235101772,일진하이솔루스
271940,2025-11-03,18900,2,-3.3333333333333326,STOP,0.09266169154228855,3.7779424359356955,0.8016169154228856,2.8606965174129355,49.53846153846154,1.3297311551636453,일진하이솔루스
272210,2025-09-04,53300,2,-2.6266416510318913,STOP,0.3887240356083086,4.191551742860255,-1.002967359050445,1.9386745796241345,46.648044692737436,0.9485873437566376,한화시스템
272210,2025-09-10,53600,10,12.686567164179108,TIMEOUT,0.6153028692879915,2.227168073676141,-0.7715196599362381,0.9776833156216791,58.74125874125874,0.6439579685083467,한화시스템
272210,2026-02-24,110800,4,32.40072202166064,T_star,1.0427515268402443,27.79918372006735,1.2021857923497268,1.8257794921247188,60.17156862745099,0.9960466602982597,한화시스템
272210,2026-04-14,133100,9,-5.259203606311047,STOP,0.2844141069397042,24.20526872582854,-0.8486916951080774,1.8202502844141069,47.48923959827834,0.3664958073599513,한화시스템
278470,2025-09-01,225500,2,-5.986696230598665,STOP,0.6794222472331645,24.455157294232745,1.7598949540423936,1.0129431626336522,49.60629921259842,1.405814238911262,에이피알
278470,2025-09-08,223000,4,-2.2421524663677084,STOP,0.2975793915167666,22.279348757497853,1.3568731956473463,1.421274705751721,54.54545454545455,2.583875886197405,에이피알
278470,2025-09-19,223500,2,-2.460850111856827,STOP,0.22762148337595908,18.086660420507545,0.13043478260869565,1.8414322250639386,48.507462686567166,1.0746947893622847,에이피알
278470,2025-09-29,246500,10,-4.86815415821501,STOP,2.3046511627906976,15.435319967042027,0.013953488372093023,0.09302325581395349,61.8705035971223,0.463570439246033,에이피알
278470,2025-10-23,242500,1,-1.6494845360824795,STOP,0.2863247863247863,13.264132151933516,0.9914529914529915,1.9230769230769231,60.115606936416185,1.2127707545140156,에이피알
278470,2025-11-04,276000,2,-15.217391304347828,STOP,2.178714859437751,12.393809198320477,0.9618473895582329,0.28112449799196787,66.66666666666666,0.2380744547299755,에이피알
278470,2025-11-28,255500,10,-3.131115459882583,TIMEOUT,1.0913312693498451,3.5411035374309554,-0.05417956656346749,1.4860681114551084,70.58823529411765,0.24249039668479574,에이피알
278470,2025-12-12,247500,4,-1.6161616161616155,STOP,0.06593406593406594,3.606356968215163,0.6391941391941391,2.051282051282051,50.0,1.2111660330697693,에이피알
278470,2026-01-21,256500,10,2.923976608187129,TIMEOUT,2.231578947368421,-0.9945471381048694,-0.935672514619883,0.11695906432748537,64.91228070175438,0.3630264895181184,에이피알
278470,2026-02-10,275500,10,13.43012704174229,TIMEOUT,0.6401590457256461,3.2861406065653367,1.171636845593108,1.6434724983432738,57.421875,1.087138490976733,에이피알
278470,2026-03-09,296500,4,15.514333895446875,T_star,0.5034642032332564,6.874402077354103,0.5207852193995381,1.6397228637413395,54.57413249211356,0.7419234477376278,에이피알
278470,2026-04-01,344500,2,-5.079825834542817,STOP,0.6750788643533123,10.490819322985573,0.9169295478443743,1.3669821240799158,55.91397849462366,1.515277161344577,에이피알
278470,2026-04-10,393000,10,14.50381679389312,TIMEOUT,2.0660749506903353,13.043204631989685,0.7613412228796844,0.11834319526627218,68.36461126005361,0.41980776079037607,에이피알
278470,2026-05-11,438000,1,-5.136986301369861,STOP,0.5689828801611279,18.570143884892094,2.0171198388721048,1.4098690835850958,55.69230769230769,1.0439051757353093,에이피알
278470,2026-06-11,410500,1,-4.019488428745433,STOP,0.3673851921274602,9.795015415029058,-0.5876288659793815,0.993439550140581,55.43766578249337,1.0029455908187432,에이피알
280360,2026-01-27,113500,10,11.10132158590309,TIMEOUT,1.2237623762376237,-0.6382349211716472,-1.7722772277227723,1.6237623762376239,63.125,0.7677672271103755,롯데웰푸드
280360,2026-04-17,116200,10,4.302925989672968,TIMEOUT,1.0580357142857142,0.09689784402296633,-0.020833333333333332,0.5357142857142857,59.57446808510638,0.4447331662626844,롯데웰푸드
281820,2025-09-11,35550,10,8.860759493670889,TIMEOUT,2.0638297872340425,8.44726856592182,0.5531914893617021,0.3481624758220503,72.28260869565217,0.3708782355462918,케이씨텍
281820,2025-10-15,39800,2,-5.150753768844218,STOP,0.700066800267201,12.59838124476696,1.7100868403473615,1.0420841683366733,55.32786885245901,0.6338365057742106,케이씨텍
281820,2025-10-20,39300,1,-3.30788804071247,STOP,0.2561231630510847,12.566235620349772,1.5087473757872638,1.371588523442967,51.34228187919464,0.6453483312968099,케이씨텍
281820,2025-11-11,43500,4,3.7931034482758585,T_star,2.064516129032258,9.554314771424313,-0.010011123470522803,0.8676307007786429,63.930348258706466,0.20636210956269468,케이씨텍
281820,2026-01-02,41950,10,-3.933253873659115,STOP,2.54673721340388,1.5776070441988885,-0.30511463844797176,0.0,66.66666666666666,0.19371513451064531,케이씨텍
281820,2026-02-03,48650,10,-2.3638232271325776,TIMEOUT,2.8139059304703475,2.5141792939981378,0.5030674846625767,0.18404907975460122,69.23076923076923,0.45750561348038377,케이씨텍
281820,2026-02-25,47850,3,-2.925809822361547,STOP,0.5325131810193322,5.173753280839901,1.368189806678383,0.9314586994727593,57.42574257425742,0.7504411101641686,케이씨텍
281820,2026-03-25,49750,4,-11.758793969849247,STOP,0.7935356200527705,6.823331261403955,0.029683377308707123,0.46174142480211083,55.611390284757114,0.541962324717013,케이씨텍
281820,2026-04-01,47450,1,-9.062170706006324,STOP,0.15280594996619337,6.798531327727112,0.09803921568627451,1.0953346855983772,55.762081784386616,1.5615597169718467,케이씨텍
281820,2026-04-16,54500,10,12.477064220183486,TIMEOUT,2.0527950310559007,5.761897498474686,0.36257763975155277,0.21739130434782608,61.58536585365853,0.07054369796011314,케이씨텍
282330,2026-01-20,117800,10,3.5653650254668934,TIMEOUT,3.696178937558248,0.23887313524842357,-0.4175209692451072,0.1863932898415657,77.93427230046947,0.17844037883798874,BGF리테일
282330,2026-03-25,122900,10,8.706265256305933,TIMEOUT,0.34470046082949307,3.0351229810431297,-1.1622119815668204,2.783410138248848,62.58278145695365,1.0865539635610137,BGF리테일
282330,2026-04-15,132700,3,0.07535795026374359,STOP,0.20903954802259886,6.762240036193469,1.0967514124293785,2.132768361581921,55.81039755351682,1.7081794965341117,BGF리테일
282330,2026-04-21,134100,1,-0.6711409395973145,STOP,0.049408489909533754,7.2005960665232775,0.9178844815588031,1.906750173973556,47.08818635607321,1.1540544249477966,BGF리테일
282330,2026-05-14,146000,3,-8.287671232876715,STOP,1.930921052631579,3.7909781626906156,-0.033717105263157895,0.0,63.61702127659574,0.5402402324687232,BGF리테일
285130,2025-09-15,62300,8,-2.5682182985553803,STOP,1.0541310541310542,1.3396135632707915,-1.245014245014245,0.22792022792022792,54.961832061068705,0.3755037271220747,SK케미칼
285130,2025-12-16,72900,2,-4.663923182441698,STOP,0.5963302752293578,5.575121963945639,-0.4935779816513762,1.688073394495413,57.49999999999999,1.00768056808408,SK케미칼
285130,2026-01-23,68100,5,-1.3215859030836996,STOP,0.35990888382687924,2.7945286071481097,-0.6492027334851936,1.4123006833712983,53.17460317460316,0.8345660044040258,SK케미칼
293940,2025-11-20,5600,10,5.000000000000004,TIMEOUT,0.8795518207282913,0.09290616477356778,-0.10644257703081232,0.4481792717086835,54.76190476190476,0.655258735164744,신한알파리츠
293940,2026-01-09,5610,5,-1.4260249554367221,STOP,0.2602040816326531,-0.20483894908713074,-1.260204081632653,2.5510204081632653,58.33333333333333,0.4903919852062279,신한알파리츠
293940,2026-01-19,5580,10,2.3297491039426577,TIMEOUT,0.18674698795180722,-0.10098609956040265,-0.7530120481927711,1.2048192771084338,57.44680851063829,0.8410703139384836,신한알파리츠
293940,2026-04-14,6080,10,1.4802631578947345,TIMEOUT,2.5934579439252334,1.4153846153846155,0.7009345794392523,0.0,75.3623188405797,0.06661008622878928,신한알파리츠
294870,2026-01-05,20950,1,-0.9546539379474916,STOP,0.10353866317169069,0.519299072499886,0.9954128440366973,1.6382699868938402,47.99999999999999,1.8337637897151147,IPARK현대산업개발
294870,2026-02-03,21300,2,-3.2863849765258246,STOP,1.0698365527488856,1.7390431078491204,-0.33060921248142644,0.5943536404160475,56.98924731182796,0.8695868543955391,IPARK현대산업개발
294870,2026-02-06,20900,2,12.67942583732058,T_star,0.343070652173913,2.2364217252396044,-0.02377717391304348,1.0869565217391304,53.57142857142857,1.0088010619853647,IPARK현대산업개발
294870,2026-03-26,22100,2,-2.941176470588236,STOP,0.1434108527131783,2.35221587271477,-0.562015503875969,2.0930232558139537,52.401746724890835,0.9305036000510357,IPARK현대산업개발
294870,2026-04-16,23650,10,-2.959830866807611,TIMEOUT,1.332688588007737,1.5714729163433183,0.23597678916827852,0.5029013539651838,57.4468085106383,0.26248183108370643,IPARK현대산업개발
294870,2026-05-07,23400,2,-1.4957264957264904,STOP,0.25263157894736843,3.8356058557688586,0.9389473684210526,1.3894736842105264,49.31506849315069,1.1154575292630982,IPARK현대산업개발
298020,2026-01-16,288000,10,31.076388888888886,TIMEOUT,4.799112097669257,3.087129927903057,0.38179800221975585,1.9089900110987792,73.05936073059361,0.16743598711065666,효성티앤씨
298020,2026-02-20,393500,1,-2.287166454891998,STOP,0.21714818266542404,25.539740336165366,2.641192917054986,0.8760484622553588,52.08333333333333,1.2681874674836695,효성티앤씨
298020,2026-02-25,414500,3,-6.393244873341375,STOP,1.0960893854748603,25.02133409187882,2.17877094972067,0.4245810055865922,62.264150943396224,0.6746391834190123,효성티앤씨
298020,2026-03-24,392000,10,-0.6377551020408156,TIMEOUT,0.7628205128205128,16.08044576005572,-0.3888888888888889,1.3675213675213675,64.70588235294117,0.528235566282366,효성티앤씨
298020,2026-04-03,376000,4,20.744680851063823,T_star,0.22306525037936267,15.130670277589722,0.09635811836115327,1.25948406676783,59.50782997762864,0.5221376652708949,효성티앤씨
298040,2025-09-03,1258000,3,-4.292527821939585,STOP,0.8504587155963302,23.8958897656342,0.21284403669724772,1.0275229357798166,54.46685878962536,0.1715581948579042,효성중공업
298040,2025-09-09,1252000,1,11.261980830670936,T_star,0.7671102661596958,21.565191454457313,-0.004752851711026616,0.9125475285171103,67.88511749347259,1.1441942720945915,효성중공업
298040,2025-10-01,1375000,3,5.16363636363637,STOP,0.4275296262534184,16.41476552598225,1.3628076572470373,2.2424794895168643,48.28660436137072,0.7609566565994613,효성중공업
298040,2025-10-15,1640000,10,21.890243902439032,TIMEOUT,3.7110573042776434,15.441165302185716,1.3946731234866827,0.1937046004842615,72.89377289377289,0.3353228695795495,효성중공업
298040,2026-01-13,2032000,10,17.470472440944885,TIMEOUT,1.8113207547169812,8.244933319816042,-0.20144284128745837,0.97669256381798,63.74622356495468,0.3841928477371682,효성중공업
298040,2026-02-09,2396000,1,-2.045075125208684,STOP,0.3205259313367421,5.715579632746874,1.6023374726077428,1.6070124178232286,52.35934664246824,0.5712535668144513,효성중공업
298040,2026-02-11,2401000,1,0.16659725114536172,STOP,0.1799554565701559,5.166364391409733,1.4155902004454344,1.6035634743875278,52.260869565217384,0.8654604522118543,효성중공업
298040,2026-02-23,2744000,6,-16.290087463556844,STOP,1.9978304664497133,4.753388476282744,0.8724624205795753,0.5082907174957384,57.45481927710843,0.652232444017265,효성중공업
298040,2026-03-10,2550000,3,1.68627450980392,STOP,0.18525953541726412,7.997118738719777,0.5506165758531689,2.2426154287353026,54.591513616212794,1.0133653109940097,효성중공업
298040,2026-03-24,2701000,1,10.699740836727134,T_star,0.4974775784753363,11.008710223051251,0.5299887892376681,1.345291479820628,67.595818815331,0.6829131317409097,효성중공업
298040,2026-04-01,2653000,1,-5.088578967206936,STOP,0.21087737301180093,11.120599605041425,0.1275012827090816,2.1652129297075424,52.73809523809523,1.399169543763603,효성중공업
298040,2026-04-06,2633000,1,-0.8735282947208489,STOP,0.016675632060247445,11.24604966139955,0.08337816030123722,2.3776223776223775,52.42610150585611,1.1220546463780732,효성중공업
298040,2026-04-13,3058000,10,28.875081752779597,TIMEOUT,1.8147368421052632,12.437400577387631,0.5873684210526315,0.15789473684210525,59.71692977681001,0.5570704773590294,효성중공업
298050,2025-09-01,188800,10,5.137711864406769,TIMEOUT,0.5811764705882353,-1.6998687328176307,-1.3705882352941177,0.9647058823529412,55.4858934169279,0.6049250004134487,HS효성첨단소재
298050,2026-01-16,201500,10,17.617866004962778,TIMEOUT,2.491275167785235,0.5813452017457656,-0.7686800894854586,2.237136465324385,63.15789473684211,0.6526875868022972,HS효성첨단소재
298050,2026-02-23,253500,4,-0.9861932938856066,STOP,0.30287648054145516,8.515308083180313,2.001015228426396,1.3874788494077834,49.48453608247423,0.9983574134289833,HS효성첨단소재
298050,2026-03-26,221500,1,2.0316027088036037,T_star,0.09830752610731004,3.9369157967771815,-1.3539791141519626,3.276917536910335,55.124056094929884,0.8895329791628093,HS효성첨단소재
298050,2026-04-21,219500,10,15.717539863325737,TIMEOUT,0.30246913580246915,3.95138381319087,-0.1419753086419753,0.9876543209876543,47.95918367346939,0.8248074697737521,HS효성첨단소재
298050,2026-05-15,245000,1,-7.551020408163267,STOP,0.1038961038961039,0.6112558396763255,1.4025974025974026,2.74582560296846,54.22222222222222,3.9970447320109255,HS효성첨단소재
300720,2025-09-10,20950,9,-5.7279236276849606,STOP,2.8666666666666667,2.2371819822370047,-1.0646464646464646,0.30303030303030304,68.44783715012723,0.4888943338886014,한일시멘트
302440,2025-09-03,49150,7,6.612410986775186,T_star,1.314333612740989,3.0679301455905366,0.5850796311818944,0.7041072925398156,66.49484536082474,1.075330796275253,SK바이오사이언스
302440,2025-10-24,49150,1,7.019328585961349,T_star,1.1530172413793103,-0.1133075340794148,-0.8728448275862069,1.1637931034482758,61.36363636363636,0.8539351772710179,SK바이오사이언스
302440,2025-12-15,53000,1,-1.8867924528301883,STOP,0.09192200557103064,2.72036271502867,-0.6963788300835655,1.5041782729805013,60.65573770491804,1.4187365986460114,SK바이오사이언스
302440,2026-01-23,51500,6,-5.631067961165048,STOP,2.021978021978022,0.3463007314389328,-0.967032967032967,0.14652014652014653,60.75949367088607,0.6307474866188115,SK바이오사이언스
306200,2026-03-09,132500,3,4.377358490566041,STOP,0.612289685442575,1.9096979687631048,0.7885881492318947,1.6093635698610096,56.205673758865245,2.140805136864928,세아제강
306200,2026-03-18,138300,6,-4.772234273318876,STOP,0.7669902912621359,3.7736641648930127,0.7988904299583911,0.8876560332871013,55.11221945137157,0.4899211756144181,세아제강
306200,2026-04-10,156400,10,-1.3427109974424534,TIMEOUT,2.026570048309179,5.856057826872644,0.6485507246376812,0.04830917874396135,62.73381294964029,0.10762356918258535,세아제강
306200,2026-04-24,154300,2,18.600129617628003,T_star,1.2513157894736842,7.336920507859096,0.6802631578947368,0.5789473684210527,55.381604696673186,1.1737044900526854,세아제강
307950,2025-11-19,186500,2,-0.214477211796249,STOP,0.1531118747613593,6.583723223464742,1.3085147002672777,3.932798778159603,58.945117605131855,2.0226079003804327,현대오토에버
307950,2025-12-02,233500,10,20.770877944325484,TIMEOUT,3.617391304347826,7.240543759497315,0.77,0.08695652173913043,69.77186311787072,0.24030172185897322,현대오토에버
307950,2025-12-29,312000,5,26.442307692307686,T_star,1.261174584084987,21.869294305173163,2.048105832832231,0.38083784325516135,53.40136054421768,0.6579939495953091,현대오토에버
307950,2026-01-30,461500,1,-6.825568797399784,STOP,0.3641755634638197,43.408821126304574,1.9294187425860023,1.7200474495848161,50.30425963488843,0.7400437734635097,현대오토에버
307950,2026-02-25,495000,3,-9.696969696969692,STOP,1.70234375,28.87653294533361,-0.553125,1.09375,64.19213973799127,0.12247164459239022,현대오토에버
307950,2026-04-16,437000,10,3.089244851258588,TIMEOUT,1.6778325123152709,2.385701908158541,-0.31822660098522165,0.729064039408867,60.093896713615024,0.6008880653858006,현대오토에버
308170,2026-01-26,8530,1,-10.082063305978895,STOP,0.4161849710982659,21.652127531444112,1.8141396176078257,1.4851044908848376,50.921985815602845,0.5228177023375372,씨티알모빌리티
316140,2025-09-12,25650,10,2.1442495126705596,TIMEOUT,1.4796380090497738,7.595909613287169,-0.058823529411764705,0.45248868778280543,58.02469135802469,1.0866602997142203,우리금융지주
316140,2025-11-04,26250,3,-2.0952380952380945,STOP,0.8629629629629629,0.7049444938564369,-0.5111111111111111,0.5185185185185185,59.45945945945946,1.2945216001092381,우리금융지주
316140,2025-11-10,26200,6,-1.9083969465648831,STOP,0.5700325732899023,0.8853926667105572,-0.17263843648208468,0.9771986970684039,50.0,0.7950417062332703,우리금융지주
316140,2025-11-19,26100,1,-0.19157088122605526,STOP,0.08544303797468354,1.4633344294639872,0.4651898734177215,1.9620253164556962,55.0,0.9264825625768299,우리금융지주
316140,2025-11-26,26150,1,-0.19120458891013214,STOP,0.06472491909385113,1.6147559814893828,0.26537216828478966,1.941747572815534,45.45454545454546,4.641107306899668,우리금융지주
316140,2025-12-02,29000,10,-5.689655172413788,TIMEOUT,3.068452380952381,1.9462889666677665,0.4583333333333333,0.2976190476190476,68.51851851851852,0.7766041898541242,우리금융지주
316140,2025-12-19,27750,3,2.7027027027026973,STOP,0.4478114478114478,2.799262159800663,0.8720538720538721,2.0202020202020203,53.0,2.4086450415943506,우리금융지주
316140,2026-01-02,28050,1,-0.5347593582887722,STOP,0.13026819923371646,2.7465828146056555,1.2030651340996168,1.3793103448275863,57.57575757575758,0.8203039877050203,우리금융지주
316140,2026-01-06,28300,1,-1.9434628975265045,STOP,0.5686274509803921,2.5064657236821004,0.9568627450980393,0.6274509803921569,58.9041095890411,0.8621374539555662,우리금융지주
316140,2026-01-23,29550,10,9.81387478849407,TIMEOUT,2.1704545454545454,2.826366862418742,0.4393939393939394,0.0,67.36842105263159,0.3817540295955513,우리금융지주
316140,2026-04-01,32900,1,-2.127659574468088,STOP,0.08917197452229299,5.148713499444189,-1.585987261146497,1.1464968152866242,52.1978021978022,0.3189703917034122,우리금융지주
316140,2026-04-14,35000,9,-5.142857142857138,STOP,1.4666666666666666,5.474471924424163,0.23333333333333334,0.2222222222222222,61.49425287356322,0.8660612068196558,우리금융지주
322000,2025-09-08,52400,10,-2.099236641221369,TIMEOUT,3.908529048207664,-1.5355852830668142,-0.2088998763906057,0.049443757725587144,61.09725685785536,0.13099841261505776,HD현대에너지솔루션
322000,2025-10-24,52700,1,11.764705882352944,T_star,1.7117212249208025,2.5638699375816523,-0.5089757127771911,1.0559662090813093,66.13333333333333,0.6929623055236505,HD현대에너지솔루션
322000,2025-12-09,56200,3,2.313167259786475,T_star,0.8294736842105264,6.208987870351958,-1.6757894736842105,1.936842105263158,61.17647058823529,0.2023218950388409,HD현대에너지솔루션
322000,2026-01-05,57900,2,-3.1088082901554404,STOP,0.24378109452736318,4.648017988269892,0.912106135986733,2.288557213930348,56.928838951310865,0.7014717142268163,HD현대에너지솔루션
322000,2026-02-05,81900,1,2.8083028083027983,T_star,5.786214953271028,0.614063850716909,0.1927570093457944,1.7757009345794392,78.4090909090909,0.0741161114506273,HD현대에너지솔루션
322000,2026-03-05,90100,1,29.966703662597105,T_star,0.7653239929947461,15.355771806088741,1.4168126094570928,3.2399299474605954,52.657973921765304,1.173805396814916,HD현대에너지솔루션
322000,2026-04-01,136600,1,7.613469985358701,T_star,0.7317554240631163,34.74479166666667,1.2806424344885883,0.8058608058608059,53.83615084525358,0.428227002228257,HD현대에너지솔루션
322000,2026-04-21,170000,1,7.294117647058829,T_star,0.8696450428396573,41.8329637841833,1.1539167686658507,1.7074663402692778,64.08094435075886,0.5271525239137858,HD현대에너지솔루션
323410,2025-09-19,24750,2,-2.2222222222222254,STOP,0.3963963963963964,-4.344756581850281,-1.1801801801801801,1.4414414414414414,60.526315789473685,1.4109415839659352,카카오뱅크
323410,2026-03-30,24400,1,-1.8442622950819665,STOP,0.1656686626746507,3.572322546039693,-1.4810379241516967,2.2355289421157685,51.5625,0.4359268736780512,카카오뱅크
323410,2026-04-01,24700,1,-4.048582995951422,STOP,0.4309133489461358,3.6217160375004505,-1.3114754098360655,0.8430913348946136,49.645390070921984,0.6580306616913434,카카오뱅크
323410,2026-04-09,25250,2,-1.1881188118811892,STOP,1.0598726114649681,3.572437164642751,-0.2878980891719745,0.35668789808917195,51.0204081632653,1.0281769365840463,카카오뱅크
323410,2026-04-14,25250,6,-2.3762376237623783,STOP,0.8847682119205298,3.8899430740037952,0.31788079470198677,0.3708609271523179,56.60377358490566,0.9354523925755892,카카오뱅크
323410,2026-04-28,24950,1,-1.603206412825653,STOP,0.18867924528301888,3.995587272037779,0.5454545454545454,1.509433962264151,51.470588235294116,1.2808527528622082,카카오뱅크
326030,2025-09-03,105000,10,2.285714285714291,TIMEOUT,1.8760907504363002,3.0858960763520678,-0.1343804537521815,1.256544502617801,63.63636363636363,0.2614536552942542,SK바이오팜
326030,2025-10-27,115200,10,3.732638888888884,TIMEOUT,3.2106463878326994,2.4260803639120643,-0.7604562737642585,0.030418250950570342,76.33587786259542,0.41304944301157875,SK바이오팜
326030,2025-12-15,134700,1,-1.8559762435040872,STOP,0.2549800796812749,9.146649907261217,1.1772908366533865,1.8725099601593624,59.105431309904155,1.3782180411748117,SK바이오팜
329180,2025-09-15,498500,3,0.20060180541625616,STOP,0.04782608695652174,6.043336186104416,0.8945652173913043,1.5869565217391304,59.56112852664577,1.612315879413786,HD현대중공업
329180,2025-10-10,515000,2,-3.689320388349515,STOP,0.5582089552238806,6.461051062243748,0.049253731343283584,1.0149253731343284,58.128078817734,0.8127215545998955,HD현대중공업
329180,2025-10-15,507000,4,11.045364891518727,T_star,0.07192254495159059,6.946293830448291,0.0,1.3831258644536653,53.086419753086425,0.8821226088410192,HD현대중공업
329180,2026-01-09,609000,10,2.9556650246305383,TIMEOUT,3.1738648947951273,1.9635690027786354,-0.03322259136212625,0.0,71.02803738317758,0.3772336348411549,HD현대중공업
329180,2026-02-26,592000,3,-13.682432432432435,STOP,0.8403041825095057,0.3615457562826053,-1.064638783269962,0.7984790874524715,53.57142857142857,0.6944108523733765,HD현대중공업
329180,2026-03-09,576000,5,1.215277777777768,STOP,0.300763358778626,0.8375011097629478,-0.24732824427480915,1.6488549618320612,57.41444866920152,1.4190343947817754,HD현대중공업
329180,2026-03-18,590000,1,-3.898305084745768,STOP,0.26391096979332274,1.6959705873632471,0.46740858505564387,1.2718600953895072,49.152542372881356,0.3017506289892621,HD현대중공업
330590,2025-09-08,4045,10,-0.8652657601977753,TIMEOUT,2.5018155410312275,1.576158940397351,0.0036310820624546117,0.14524328249818447,74.39024390243902,0.18800497525031584,롯데리츠
330590,2025-11-18,3945,10,1.7743979721166037,TIMEOUT,1.6383928571428572,-0.2092407549748018,-0.22321428571428573,0.08928571428571429,64.78873239436619,0.13472180383604204,롯데리츠
330590,2026-01-09,4015,10,6.973848069738486,TIMEOUT,0.2746268656716418,0.24752998921023123,-0.4955223880597015,1.3134328358208955,59.75609756097561,0.6844250422315833,롯데리츠
330590,2026-03-10,4690,3,2.238805970149249,STOP,0.6939970717423133,4.830236503750953,0.698389458272328,0.9956076134699854,53.459119496855344,0.5985518271208408,롯데리츠
330590,2026-03-18,4790,3,-3.131524008350728,STOP,0.7841059602649006,4.846214272765726,0.5629139072847682,0.3708609271523179,53.142857142857146,0.34735221628466123,롯데리츠
330590,2026-03-30,4695,1,-1.4909478168264156,STOP,0.2506426735218509,4.8841516273937975,0.12467866323907455,0.8483290488431876,50.331125827814574,0.36684033310063197,롯데리츠
330590,2026-04-13,4825,10,-0.7253886010362698,TIMEOUT,0.8707964601769912,5.566074188562611,0.39469026548672564,0.17699115044247787,75.0,0.4526309137352988,롯데리츠
330590,2026-04-27,4790,1,-0.8350730688935326,STOP,0.2926829268292683,4.69803700572932,0.4878048780487805,0.975609756097561,70.0,0.8016162742824888,롯데리츠
336260,2025-09-11,30750,10,-5.203252032520322,TIMEOUT,2.3044892648015614,13.298163345056658,0.7338972023422251,0.3122966818477554,66.17100371747212,0.3108599479980948,두산퓨얼셀
336260,2025-10-02,30700,1,6.514657980456029,STOP,0.49533954727030627,11.362203441460466,0.8921438082556591,2.263648468708389,41.70040485829959,1.425590200557075,두산퓨얼셀
336260,2025-10-17,32950,4,-7.73899848254932,STOP,0.8299748110831234,11.281613123718397,1.1486146095717884,1.0075566750629723,56.86274509803922,0.698952976959044,두산퓨얼셀
336260,2025-12-12,32100,1,-2.8037383177570097,STOP,0.3095599393019727,5.186313384627501,-2.0227617602427923,2.276176024279211,59.13978494623657,0.9547043782174209,두산퓨얼셀
336260,2026-03-05,38050,3,9.724047306176086,T_star,0.5783699059561128,2.523491967262807,0.15047021943573669,1.7711598746081505,54.141414141414145,0.7236131786017866,두산퓨얼셀
336260,2026-03-16,42850,5,-6.651108518086346,STOP,1.0749163879598662,7.293048892518121,0.7939799331103679,1.3377926421404682,59.88286969253294,1.0020710330232816,두산퓨얼셀
336260,2026-04-16,46000,10,32.17391304347825,TIMEOUT,2.4180392156862744,6.637271369914154,-0.6635294117647059,0.6274509803921569,63.796133567662565,0.2331644454540166,두산퓨얼셀
336260,2026-06-01,89600,1,-7.58928571428571,STOP,0.27114769090077734,42.28304210768043,1.9133516232281664,1.7649748513946044,43.78283712784589,1.1338184883369136,두산퓨얼셀
33626K,2026-05-27,11750,2,-12.851063829787234,STOP,0.7892841062584421,15.990124335505687,1.4763619990995047,1.8280054029716344,50.92307692307692,1.6676753896971754,두산퓨얼셀1우
336370,2025-11-17,10150,1,-6.206896551724139,STOP,0.8447488584474886,2.8546102862668614,1.1741682974559686,2.2700587084148727,55.05226480836237,0.7663690270794217,솔루스첨단소재
336370,2026-03-24,8870,1,11.61217587373169,T_star,0.8184257602862254,1.2235166168196934,-0.33989266547406083,0.5724508050089445,68.46473029045643,0.5104445182229669,솔루스첨단소재
336370,2026-04-08,9510,5,9.35856992639328,T_star,1.040136635354398,5.433579143077972,0.7600341588385995,1.178479931682323,66.41975308641975,1.5903599709857636,솔루스첨단소재
348950,2025-09-29,2970,2,1.0101010101010166,STOP,0.06513409961685823,3.526648255721683,2.4827586206896552,1.7624521072796935,42.857142857142854,1.9679798301391624,제이알글로벌리츠
348950,2025-10-20,2995,1,-0.5008347245408995,STOP,0.09482758620689655,4.458977407847801,0.40948275862068967,1.206896551724138,60.65573770491803,1.1685707339739804,제이알글로벌리츠
348950,2025-10-22,2985,1,-0.335008375209378,STOP,0.03056768558951965,4.459808776355545,-0.039301310043668124,1.3973799126637554,55.319148936170215,1.60262035786201,제이알글로벌리츠
348950,2025-11-19,2945,10,2.716468590831922,TIMEOUT,0.3001200480192077,4.531767091022922,-0.6422569027611045,1.680672268907563,55.35714285714286,0.8112614539059495,제이알글로벌리츠
348950,2025-11-26,3000,10,1.0000000000000009,TIMEOUT,1.430232558139535,4.224564295807824,-0.12209302325581395,0.3488372093023256,68.62745098039215,1.373074474128695,제이알글로벌리츠
352820,2025-09-05,290500,3,0.344234079173833,STOP,0.32754342431761785,0.500429362470752,1.5136476426799008,1.5384615384615385,58.92857142857143,1.004308296247832,하이브
352820,2025-10-27,309500,10,-1.2924071082390909,TIMEOUT,3.2506265664160403,-0.09813250862376591,-0.39097744360902253,0.6516290726817042,74.85714285714286,0.39732920787476056,하이브
352820,2025-12-10,299000,10,8.026755852842804,TIMEOUT,0.5079726651480638,0.6487541623607695,-1.0956719817767653,1.1389521640091116,52.23880597014925,0.6007395883665655,하이브
352820,2026-01-19,366500,10,-2.592087312414737,TIMEOUT,2.5050847457627117,6.056642402183803,1.383050847457627,0.13559322033898305,75.74257425742574,1.0920673135037078,하이브
352820,2026-02-09,376500,4,3.585657370517925,STOP,0.8386581469648562,6.507503410641201,1.2476038338658146,1.182108626198083,53.14009661835749,2.5422895559769074,하이브
352820,2026-02-19,404500,7,-11.124845488257106,STOP,1.931484502446982,7.110300820419326,1.3115823817292007,0.06525285481239804,62.31884057971014,0.8069550229742859,하이브
353200,2025-09-03,23250,1,-2.580645161290318,STOP,0.10666666666666667,15.41086749285035,0.7973333333333333,1.6,43.47826086956522,0.7417298992146666,대덕전자
353200,2025-09-05,23400,2,8.119658119658112,T_star,0.21108179419525067,15.108887802309399,0.6675461741424802,1.424802110817942,54.621848739495796,0.7108661212995365,대덕전자
353200,2025-12-03,49900,1,-6.713426853707416,STOP,0.2130406714009038,30.500000000000004,1.5177533892834087,1.1362169141381537,50.754716981132084,1.992179703211959,대덕전자
353200,2026-01-21,49550,10,24.117053481331997,TIMEOUT,1.1257796257796258,12.70638040520109,-0.07588357588357589,1.4345114345114345,56.43044619422572,0.3842328914479044,대덕전자
353200,2026-02-23,60100,1,8.153078202995001,T_star,0.6424747174301011,9.140015740144529,1.3979773944080904,1.8084473527662106,59.895833333333336,0.6668682372502438,대덕전자
353200,2026-03-06,66700,6,0.4497751124437732,T_star,1.300303336703741,7.665051950497263,0.7775530839231547,0.46511627906976744,58.964143426294825,0.6645736988263475,대덕전자
353200,2026-04-09,87400,5,6.750572082379858,T_star,1.0248104755341143,20.973607404285875,1.518263266712612,0.5651274982770503,54.03508771929825,1.4523216665313745,대덕전자
35320K,2026-06-01,38900,1,-7.840616966580982,STOP,0.23255813953488372,37.90262104606935,1.5980066445182723,2.097769340294257,56.58307210031348,1.3263745631788217,대덕전자1우
361610,2025-09-19,28700,5,-4.703832752613235,STOP,0.7202572347266881,5.479579495767048,-0.729903536977492,1.864951768488746,70.58823529411765,0.49208214876183326,SK아이이테크놀로지
361610,2025-10-17,33950,10,-9.572901325478645,STOP,4.545263157894737,0.900023607176586,0.4610526315789474,0.16842105263157894,72.80701754385964,0.1558227079538555,SK아이이테크놀로지
361610,2025-12-11,30100,3,-5.481727574750828,STOP,0.6710280373831776,0.7972055550860547,-0.45981308411214955,2.616822429906542,62.31884057971015,0.3755208028379631,SK아이이테크놀로지
365550,2025-11-20,4440,7,-1.4639639639639657,STOP,0.9806201550387597,0.23377157711655422,-0.6744186046511628,0.6201550387596899,58.163265306122454,0.7992522221320537,ESR켄달스퀘어리츠
365550,2025-12-03,4430,2,-2.1444695259593693,STOP,0.4855072463768116,-0.2254644381090733,0.286231884057971,0.7246376811594203,53.684210526315795,1.1015030255709546,ESR켄달스퀘어리츠
365550,2026-03-26,4300,10,6.279069767441858,TIMEOUT,0.24912280701754386,-0.3782740767628909,-0.5210526315789473,3.473684210526316,58.47457627118644,1.7329301255602272,ESR켄달스퀘어리츠
365550,2026-04-24,4590,3,-4.575163398692805,STOP,0.7122641509433962,1.0789781329653763,1.3537735849056605,0.9433962264150944,57.6,0.5959527628593179,ESR켄달스퀘어리츠
373220,2025-09-25,361500,1,-3.457814661134162,STOP,1.1081081081081081,5.4977454040929645,-1.2137592137592137,0.5405405405405406,62.758620689655174,0.9003976558299899,LG에너지솔루션
373220,2025-09-29,351500,1,-1.1379800853485111,STOP,0.13231552162849872,5.218569141731308,-0.9236641221374046,1.424936386768448,52.694610778443106,0.9562378720111877,LG에너지솔루션
373220,2025-10-02,399000,3,-3.508771929824561,T_star,4.0412147505422995,5.091281851020221,-0.2472885032537961,0.0,68.51063829787235,0.7265739221482338,LG에너지솔루션
373220,2025-11-12,475500,2,-2.628811777076756,STOP,0.32694355697550587,9.4900914984597,2.2843450479233227,2.1938232161874334,59.5890410958904,1.2789288178986074,LG에너지솔루션
373220,2025-12-15,442500,1,-5.536723163841806,STOP,0.7573872472783826,5.906804672236767,-1.1057542768273716,1.4307931570762054,60.984848484848484,0.5623630658206323,LG에너지솔루션
373220,2026-01-19,398500,10,-4.642409033877037,STOP,1.2965641952983724,0.10932375449007369,-1.8752260397830018,0.18083182640144665,57.42574257425742,0.8341241548862938,LG에너지솔루션
373220,2026-04-20,429000,1,11.421911421911425,T_star,1.2755798090040928,2.0424784071668967,1.0859481582537518,0.35470668485675305,66.19718309859155,0.7215673973245122,LG에너지솔루션
373220,2026-05-15,466000,1,-12.446351931330469,STOP,0.27058823529411763,4.965136609719608,1.295294117647059,1.2705882352941176,49.848024316109424,1.244071017596909,LG에너지솔루션
375500,2026-02-06,45050,10,15.427302996670367,TIMEOUT,0.5665829145728644,1.8222267165537525,1.035175879396985,1.1557788944723617,56.95652173913044,1.523494021977965,DL이앤씨
375500,2026-03-20,67400,10,11.275964391691385,TIMEOUT,4.190700412007063,6.727852531694803,0.23543260741612712,0.0,68.11111111111111,0.1591672150316925,DL이앤씨
375500,2026-05-07,100300,1,-4.885343968095713,STOP,0.36115621955180255,35.12316230162594,1.7648587203637545,0.818447547905164,47.16494845360825,0.8222891623226894,DL이앤씨
377300,2025-09-25,55500,1,-4.504504504504503,STOP,0.4264705882352941,-6.815010465463972,-1.9730392156862746,2.549019607843137,68.14159292035399,0.45861433129308143,카카오페이
377300,2025-09-29,54300,1,-0.9208103130755041,STOP,0.09692671394799054,-8.996991962128316,-1.6524822695035462,2.2222222222222223,57.04225352112676,0.7923116002550321,카카오페이
377300,2026-02-19,64700,2,2.782071097372496,STOP,0.2589371980676328,7.585445050714687,1.4797101449275363,2.8019323671497585,41.048034934497814,1.2593123791158638,카카오페이
377300,2026-02-27,66900,1,-6.726457399103136,STOP,0.43283582089552236,9.291860350113737,1.1417910447761195,1.592039800995025,46.44351464435147,0.7036434446484822,카카오페이
377300,2026-04-17,56700,10,-1.2345679012345734,TIMEOUT,1.4543168482816429,1.9742797614771175,-1.1827326068734283,1.7435037720033528,63.169642857142854,0.13752899711802447,카카오페이
377300,2026-05-07,57800,4,-11.591695501730104,STOP,0.8839024390243903,-1.1074575450883302,1.2360975609756097,2.497560975609756,58.17307692307692,0.7401911786637644,카카오페이
381970,2026-02-12,15140,1,-0.4623513870541607,STOP,0.021702838063439065,-0.35236452372938787,-0.4273789649415693,1.3689482470784642,47.567567567567565,0.5295093455385592,케이카
383220,2025-12-15,74100,8,-1.619433198380571,STOP,0.2986111111111111,3.2072181363257264,0.953125,1.9097222222222223,61.68224299065421,0.6818582628235845,F&F
383220,2026-01-27,66700,10,16.191904047976013,TIMEOUT,0.5,0.7039039039038969,-2.3878923766816142,2.42152466367713,55.08474576271186,0.24775019219463665,F&F
383220,2026-02-25,72300,1,-0.8298755186721962,STOP,0.2273449920508744,1.4891481021130055,1.1971383147853736,1.9395866454689985,53.246753246753244,1.5484341329780364,F&F
383800,2025-12-11,8140,5,-0.8599508599508643,STOP,0.6077844311377245,0.9696843853820559,-0.625748502994012,2.215568862275449,65.51724137931035,0.5000781913359367,LX홀딩스
383800,2025-12-22,8170,3,-0.7343941248470043,STOP,0.39057239057239057,0.4399826485716057,-0.003367003367003367,1.4814814814814814,52.631578947368425,1.1670209869981722,LX홀딩스
383800,2026-01-23,8320,10,1.4423076923076872,TIMEOUT,1.9653979238754324,0.05961190593651986,-0.356401384083045,0.1384083044982699,66.0,0.28588124035462376,LX홀딩스
383800,2026-04-17,8480,10,8.490566037735858,TIMEOUT,1.3293556085918854,0.7165762698444191,-0.1288782816229117,0.5250596658711217,61.666666666666664,0.586825581648421,LX홀딩스
383800,2026-05-26,9490,1,-5.163329820864071,STOP,0.7003222341568206,1.0619330316032909,0.7937701396348013,1.8259935553168636,53.76623376623377,1.058193065498414,LX홀딩스
395400,2025-09-01,5030,10,2.5844930417495027,TIMEOUT,0.9363867684478372,0.4554576389494808,0.8193384223918575,0.6106870229007634,60.37735849056604,0.9474586533868952,SK리츠
395400,2025-10-22,5200,10,1.1538461538461497,TIMEOUT,1.2435233160621761,2.315721364232334,-0.2694300518134715,0.31088082901554404,63.41463414634146,0.4570150531114216,SK리츠
395400,2025-11-12,5340,4,-1.8726591760299671,STOP,0.8232323232323232,2.843459039453413,1.303030303030303,0.6060606060606061,58.57142857142857,0.8840654685715589,SK리츠
395400,2025-12-04,5530,10,3.797468354430378,TIMEOUT,2.0599078341013826,2.216986534465557,-0.02304147465437788,0.09216589861751152,63.95348837209303,0.5397551936347978,SK리츠
395400,2025-12-30,5790,7,-1.5544041450777257,STOP,0.8412162162162162,3.541840601117474,1.5506756756756757,0.6081081081081081,57.142857142857146,1.0163171441303587,SK리츠
395400,2026-02-26,5610,1,5.3475935828877,T_star,0.1686746987951807,1.7460413029080677,-0.0642570281124498,0.963855421686747,50.0,1.7050774727076075,SK리츠
395400,2026-03-05,5720,10,6.818181818181812,TIMEOUT,0.6081871345029239,1.953078123124925,0.14035087719298245,1.5204678362573099,55.9748427672956,1.3284908649441622,SK리츠
395400,2026-04-08,6340,10,8.517350157728698,TIMEOUT,0.31390134529147984,2.9548258238853373,1.4977578475336324,0.8968609865470852,57.324840764331206,1.256433215735112,SK리츠
402340,2025-09-01,145000,10,38.275862068965516,TIMEOUT,0.5470635559131134,8.670960187353623,-0.8173773129525342,1.3998390989541432,53.164556962025316,1.7589052274027417,SK스퀘어
402340,2025-11-07,279000,8,1.4336917562723928,STOP,0.703923900118906,21.78295967709708,1.4187871581450655,0.8799048751486326,55.12048192771084,0.6831884243054377,SK스퀘어
402340,2025-11-20,293500,1,-9.369676320272568,STOP,0.30800611932687405,26.398805660132425,0.9525752167261601,1.366649668536461,58.98123324396782,0.4028003621919554,SK스퀘어
402340,2025-11-25,290500,3,2.5817555938037806,STOP,0.1855361596009975,25.78850718860572,0.6214463840399003,1.4563591022443891,57.88113695090439,0.6031834884262388,SK스퀘어
402340,2025-12-05,302000,1,6.62251655629138,T_star,0.19494139420111042,25.474383690881485,0.6095003084515731,1.2338062924120914,48.97959183673469,0.17351901983789544,SK스퀘어
402340,2025-12-30,368000,1,6.521739130434789,T_star,3.143669985775249,17.115672074753093,0.7396870554765291,0.11379800853485064,67.04545454545455,0.32538572750763467,SK스퀘어
402340,2026-03-25,605000,1,-7.768595041322312,STOP,0.46303901437371664,22.46126675764631,0.22587268993839835,1.5605749486652978,55.4016620498615,0.9437820962541911,SK스퀘어
402340,2026-04-16,690000,10,21.884057971014492,TIMEOUT,3.1204498372299496,12.291979266130145,0.10772417875110979,0.0,68.25,0.11065559961685692,SK스퀘어
402340,2026-06-01,1256000,1,7.165605095541405,T_star,1.2548223350253807,31.668497704160675,2.1802030456852792,0.8223350253807107,55.519999999999996,1.0445362318176192,SK스퀘어
415640,2025-09-19,8790,2,0.0,STOP,0.14057507987220447,2.5579649877274626,1.281150159744409,1.2779552715654952,49.05660377358491,3.8920964364471953,KB발해인프라
415640,2025-09-30,8990,10,5.22803114571746,TIMEOUT,1.2118055555555556,2.5269453866687925,0.6388888888888888,0.625,66.66666666666666,1.070338765154198,KB발해인프라
415640,2025-12-15,9860,1,-1.5212981744421872,STOP,0.2494279176201373,3.9385968073222455,-1.0663615560640731,2.288329519450801,61.764705882352935,1.1342601581445992,KB발해인프라
415640,2025-12-18,9880,10,1.2145748987854255,TIMEOUT,0.5037220843672456,3.6744327426824257,-0.9255583126550868,0.6451612903225806,56.8421052631579,0.797160722992064,KB발해인프라
415640,2026-01-28,10000,1,-0.8000000000000007,STOP,0.23295454545454544,1.7688117126319312,0.011363636363636364,1.893939393939394,56.52173913043478,1.0634090256680142,KB발해인프라
415640,2026-01-30,10010,10,-0.09990009990009652,TIMEOUT,0.3179916317991632,1.253349615006269,-0.056485355648535567,1.3807531380753137,54.878048780487816,1.742986262053223,KB발해인프라
417310,2025-10-14,6580,1,5.319148936170204,T_star,0.8537549407114624,6.365471675027523,1.448616600790514,0.6719367588932806,53.086419753086425,1.3336121643080274,코람코더원리츠
417310,2025-10-24,6620,9,2.26586102719033,STOP,0.11460258780036968,7.421699721798439,1.1423290203327172,1.2939001848428835,56.89655172413793,1.4281547776393138,코람코더원리츠
417310,2025-10-29,7010,6,-3.4236804564907297,STOP,1.2915129151291513,7.7862414416550525,0.8874538745387454,0.11070110701107011,64.53488372093024,0.901244093849492,코람코더원리츠
417310,2025-11-03,7170,3,-5.57880055788006,STOP,1.3737201365187712,8.423123220105111,0.8327645051194539,0.8191126279863481,63.72093023255814,0.885610455609225,코람코더원리츠
417310,2025-11-10,6870,1,-2.7656477438136817,STOP,0.03697478991596639,8.810114889440552,0.8554621848739495,1.815126050420168,54.285714285714285,1.9583914815890755,코람코더원리츠
417310,2026-01-16,8710,3,-0.11481056257175437,STOP,0.29476248477466505,10.070840513115064,1.805115712545676,0.9013398294762485,55.26315789473684,1.2848871810320126,코람코더원리츠
417310,2026-01-26,8960,4,-2.2321428571428603,STOP,1.0236024844720497,9.738176068455564,1.11055900621118,0.09937888198757763,55.445544554455445,0.32823416812888817,코람코더원리츠
417310,2026-02-03,8820,4,-0.22675736961451642,STOP,0.28489208633093527,8.708478774912736,0.3539568345323741,0.920863309352518,55.55555555555556,1.0217824082242375,코람코더원리츠
417310,2026-03-11,9030,1,8.637873754152814,T_star,0.10622710622710622,7.825497566085403,0.47435897435897434,1.575091575091575,51.52838427947598,2.502759496341894,코람코더원리츠
417310,2026-03-26,9710,10,2.780638516992795,TIMEOUT,0.97265625,5.550010763420021,0.74609375,1.0416666666666667,60.18518518518518,2.3395144114113533,코람코더원리츠
439260,2026-04-14,90600,6,5.187637969094916,T_star,0.341046277665996,7.983862405775548,-1.1066398390342052,1.6297786720321932,51.670951156812336,0.8571202335705236,대한조선
443060,2025-09-02,206500,10,1.937046004842613,TIMEOUT,0.8256501182033097,5.232516608329161,0.47458628841607564,1.3002364066193854,62.72189349112426,0.15131263930907615,HD현대마린솔루션
443060,2025-10-13,239500,10,4.592901878914413,TIMEOUT,2.780354706684857,2.3034670131711064,0.3770804911323329,0.054570259208731244,70.71428571428572,0.16187856503034345,HD현대마린솔루션
443060,2025-12-19,194600,4,-1.3874614594039048,STOP,0.15855969677826912,-2.5612708018154353,-1.0764371446620342,2.324699936828806,61.930783242258656,0.5535883350631597,HD현대마린솔루션
450080,2025-09-23,51600,1,-3.100775193798455,STOP,0.6726973684210527,4.021185440070163,-0.9424342105263158,3.223684210526316,63.855421686746986,0.7207244807902162,에코프로머티
450080,2025-10-17,65800,10,-4.255319148936165,TIMEOUT,5.495300751879699,1.6100707380721824,0.37781954887218044,1.2781954887218046,75.2542372881356,0.08868296181535809,에코프로머티
450080,2025-12-09,65300,7,-14.241960183767233,STOP,1.8583061889250814,4.576168929110111,-0.5879478827361564,0.4560260586319218,66.81614349775785,0.14994884942972245,에코프로머티
450080,2026-01-20,61500,10,8.780487804878057,TIMEOUT,2.4553734061930785,0.32910069351262844,-1.2313296903460837,0.8378870673952641,61.13074204946997,0.42766538370257245,에코프로머티
450080,2026-02-12,69900,4,-6.294706723891275,STOP,0.9675544794188862,0.1956017548271678,1.2542372881355932,1.7433414043583535,57.735849056603776,0.7886013534009841,에코프로머티
450080,2026-03-10,66800,3,-4.940119760479044,STOP,0.057245080500894455,4.0010086576447845,-0.03130590339892665,1.4847942754919499,47.166361974405845,0.6151061730556384,에코프로머티
450080,2026-03-30,72100,10,-1.5256588072122046,TIMEOUT,1.1429856115107915,3.285593934288121,-0.15197841726618705,0.539568345323741,58.80398671096346,0.7811181863739155,에코프로머티
450080,2026-04-15,70900,4,17.34837799717912,T_star,0.23927038626609443,7.993009813146941,0.6899141630901288,1.6952789699570816,51.45348837209302,0.8241227282016589,에코프로머티
451800,2025-09-10,4025,10,0.248447204968949,TIMEOUT,1.1667859699355763,1.1365560447003047,-0.45812455261274165,0.572655690765927,62.06896551724138,1.0362635146536503,한화리츠
451800,2025-10-02,4040,1,-0.8663366336633671,STOP,0.13177710843373494,0.7381157080249038,0.8019578313253012,1.8072289156626504,51.31578947368422,2.2341900700687103,한화리츠
451800,2025-10-28,4025,1,-0.248447204968949,STOP,0.11342155009451796,-0.012499218798825073,-0.26465028355387527,0.6616257088846881,55.55555555555556,1.7855560346009205,한화리츠
451800,2026-03-12,5070,9,0.0,STOP,0.6047120418848168,6.870213980590162,1.1806282722513088,1.675392670157068,58.59375000000001,1.119897761174267,한화리츠
452260,2026-01-16,2235,10,-18.523489932885905,TIMEOUT,4.282735613010843,10.888687616094321,1.1131498470948016,2.2240756185710313,81.90255220417633,0.05872716520865583,한화갤러리아
452260,2026-02-04,2235,7,5.8165548098433995,T_star,1.7434331093463649,21.197427447336704,1.0816534310731016,1.6289961311341885,54.800590841949784,0.1746554857415447,한화갤러리아
452260,2026-03-12,2790,1,-3.2258064516129004,STOP,0.23040380047505937,38.43243937465702,1.4082343626286622,3.182897862232779,54.166666666666664,2.5693723995875963,한화갤러리아
452260,2026-04-21,2460,3,35.77235772357723,T_star,0.07050092764378478,14.03292149312013,-0.7810760667903525,2.0037105751391464,47.22222222222223,0.7800750667893317,한화갤러리아
452260,2026-05-15,3550,2,-14.929577464788736,STOP,1.892886345053148,13.053294109598411,1.1635322976287816,1.8642681929681113,66.27906976744185,1.8056656338320136,한화갤러리아
452260,2026-05-22,3145,2,-4.610492845786962,STOP,0.10893246187363835,12.161297923188267,0.9891067538126361,2.832244008714597,51.42857142857142,1.6649988126370332,한화갤러리아
45226K,2026-01-14,6200,1,30.000000000000004,STOP,0.4658363604912645,50.53361587362743,1.2558380902957966,2.6223836706452173,51.090047393364934,4.378939635530499,한화갤러리아우
45226K,2026-01-19,13610,1,0.0,T_star,3.7111383108935128,69.7196908524628,1.3043655650754793,0.0,70.30651340996168,0.21827994839172737,한화갤러리아우
45226K,2026-02-03,9940,1,11.368209255533191,T_star,0.42906437937493835,75.1639344262295,0.6153011929409445,2.3622202504190084,60.435267857142854,1.8885591702336664,한화갤러리아우
45226K,2026-02-20,10430,2,1.6299137104506256,STOP,0.178366566511882,68.8419691909943,0.6836929800600928,3.004643540016389,54.6875,0.4665218481423406,한화갤러리아우
45226K,2026-02-25,10700,2,-7.289719626168223,STOP,0.373015873015873,63.38588074023303,0.3903318903318903,2.59018759018759,60.3988603988604,0.22161457244986818,한화갤러리아우
454910,2025-09-02,62000,1,-1.4516129032258074,STOP,0.08229426433915212,7.779976491943283,0.3566084788029925,1.9950124688279303,51.59235668789809,0.4790112109237005,두산로보틱스
454910,2025-09-10,62400,1,0.6410256410256387,STOP,0.2549019607843137,7.470132598135749,0.25735294117647056,1.7647058823529411,63.93442622950819,0.9123351608246419,두산로보틱스
454910,2025-09-12,63300,10,5.213270142180093,TIMEOUT,0.6845310596833131,7.2452448108772645,0.1510353227771011,1.315468940316687,49.425287356321846,0.32184156827975563,두산로보틱스
454910,2025-10-14,68400,10,5.555555555555558,TIMEOUT,0.5527272727272727,3.188824138118835,0.8145454545454546,2.0072727272727273,60.95617529880479,1.5192380862722947,두산로보틱스
454910,2025-10-24,73100,10,5.471956224350216,TIMEOUT,0.8863328822733424,4.060695582113603,1.1028416779431665,1.1366711772665765,64.15929203539824,1.0260283676259823,두산로보틱스
454910,2025-12-08,81400,8,-4.545454545454541,STOP,1.434278350515464,6.875291690206578,-0.3556701030927835,1.4175257731958764,66.90647482014388,0.4349183412696036,두산로보틱스
454910,2026-01-12,82900,10,44.63208685162847,TIMEOUT,0.39377537212449254,6.588203155234814,0.36265223274695535,1.9215155615696888,58.496732026143796,0.527923735684619,두산로보틱스
454910,2026-04-14,90600,10,10.485651214128033,TIMEOUT,1.1076923076923078,1.4453524890253797,-0.33727810650887574,0.21301775147928995,52.67857142857143,0.9185126166669585,두산로보틱스
456040,2025-09-16,56900,8,-4.217926186291743,STOP,1.9275362318840579,-0.628526325021186,-1.6183574879227054,0.6763285024154589,67.14285714285714,0.11678225653986607,OCI
456040,2025-11-13,62400,2,-1.602564102564108,STOP,0.9699570815450643,1.3154409817250816,0.869098712446352,1.0300429184549356,49.425287356321846,0.37860545134743034,OCI
456040,2025-12-09,61600,7,-3.2467532467532423,STOP,1.0696202531645569,2.540449307414736,0.1360759493670886,1.3924050632911393,66.33663366336634,0.5319612966079178,OCI
456040,2025-12-22,62000,3,-2.580645161290318,STOP,1.2093862815884477,2.9274783765801686,0.37545126353790614,0.36101083032490977,61.320754716981135,1.892444865073534,OCI
456040,2026-01-15,73800,10,-2.8455284552845517,TIMEOUT,5.015414258188825,2.1470488658164912,0.007707129094412331,0.5394990366088632,72.55639097744361,0.2695747335334854,OCI
456040,2026-02-06,74800,10,18.983957219251344,TIMEOUT,0.8595696489241224,6.24024091010484,1.609286523216308,1.245753114382786,58.70445344129555,1.1772865215435304,OCI
456040,2026-03-06,83300,1,-6.48259303721489,STOP,0.20885547201336674,12.051508108252511,1.1436925647451963,1.3868003341687551,56.313131313131315,1.7805745318876658,OCI
456040,2026-03-11,83400,1,5.995203836930463,STOP,0.10245554614733277,12.116261298057923,0.9102455546147333,1.388653683319221,46.30071599045347,1.0927232858538023,OCI
456040,2026-03-19,95600,10,-5.962343096234313,STOP,1.845943482224248,13.083586742646874,0.7593436645396536,0.20054694621695535,56.03603603603604,0.3467576690561504,OCI
456040,2026-04-06,93900,1,-1.5974440894568676,STOP,0.31675392670157065,14.99252154507253,0.9616055846422339,1.4136125654450262,60.05361930294906,1.7688803634190478,OCI
456040,2026-04-21,98200,1,23.62525458248472,T_star,0.6781395348837209,13.92918559019357,0.3627906976744186,1.5255813953488373,56.26822157434403,0.3442219371422911,OCI
457190,2025-09-19,45900,2,11.546840958605674,T_star,0.3333333333333333,3.3755918741408335,-0.8637200736648251,2.467771639042357,68.03278688524591,0.17098527327477775,이수스페셜티케미컬
457190,2025-10-14,51200,2,8.3984375,T_star,2.0420382165605098,3.8522042024045784,0.845859872611465,0.7643312101910829,64.37125748502993,0.8827669422398865,이수스페셜티케미컬
457190,2025-12-08,59500,1,14.957983193277302,T_star,2.9354187689202824,3.9306513602873254,-0.6175580221997982,0.12108980827447023,71.38888888888889,0.44830009681190686,이수스페셜티케미컬
457190,2026-01-13,62700,10,66.34768740031897,TIMEOUT,1.2213855421686748,6.727528756546372,0.3192771084337349,0.8132530120481928,64.23357664233578,0.8068218287485115,이수스페셜티케미컬
457190,2026-04-07,94500,6,11.005291005290996,T_star,0.34185848252344414,13.297246888050932,-0.7067348678601876,1.7561807331628303,49.187935034802784,0.79352649812466,이수스페셜티케미컬
460860,2025-09-15,9690,5,-3.302373581011353,STOP,0.7713310580204779,0.8766755153541054,-1.2150170648464165,1.1945392491467577,57.065217391304344,0.5564957315323688,동국제강
460860,2026-03-11,9010,3,0.4439511653718142,STOP,0.2073490813648294,2.059816594409933,0.6824146981627297,4.776902887139108,53.67521367521367,0.25034553943351023,동국제강
460860,2026-03-18,9600,2,3.125,T_star,0.8409090909090909,2.6969836104844913,0.5081168831168831,3.4740259740259742,53.17725752508361,0.3468356262703635,동국제강
460860,2026-03-27,9260,1,-2.4838012958963263,STOP,0.04,2.8571428571428497,0.38264150943396225,3.7433962264150944,56.36363636363637,0.48600443083432926,동국제강
460860,2026-04-10,10410,10,13.44860710854947,TIMEOUT,2.0788126919140226,4.017482585705637,0.3295803480040942,1.2691914022517912,67.09265175718849,0.08762618975255874,동국제강
475150,2025-09-12,24600,10,-9.14634146341463,STOP,2.976461655277145,0.8194533611293557,-1.181979245760567,1.0630220197418374,71.19999999999999,0.47439735524185006,SK이터닉스
475150,2026-03-10,28600,2,30.594405594405604,T_star,0.8771603791116893,11.907406179551785,1.3989964690577958,2.0628136034194386,60.834990059642145,1.0659996319625398,SK이터닉스
475150,2026-04-13,58900,2,-6.112054329371819,STOP,0.505251312828207,48.6346456024122,2.1504126031507877,1.5603900975243812,57.76805251641138,0.857631429289236,SK이터닉스
483650,2026-02-27,169500,1,-6.4306784660767,STOP,0.26460239268121044,7.827152349088153,1.8184377199155524,1.477832512315271,64.07185628742515,0.8043153455527451,달바글로벌
483650,2026-03-27,154500,1,-3.9482200647249166,STOP,0.3243383497664764,1.7130127515747555,-0.9891022314478464,1.9615983393876493,59.254498714652954,0.6321182348120402,달바글로벌
483650,2026-04-01,152600,1,-3.5386631716906924,STOP,0.26614583333333336,1.0047133355829687,-0.8354166666666667,0.9583333333333334,53.48571428571429,1.2688130757642415,달바글로벌
483650,2026-04-09,177000,2,6.553672316384174,T_star,2.1523027815777476,0.8074339984692236,0.10533515731874145,0.729594163246694,59.095477386934675,0.2896171010853814,달바글로벌
483650,2026-05-15,248500,2,-12.273641851106643,STOP,1.5616348055372447,14.15312493430595,2.0603164139749506,1.7139090309822018,58.79629629629629,0.4353078464483679,달바글로벌
484870,2025-09-02,209000,10,4.306220095693769,TIMEOUT,4.572431077694236,10.73821639918027,-0.09573934837092732,0.05012531328320802,80.15184381778742,0.2332057957943146,엠앤씨솔루션
484870,2025-09-25,214500,1,-3.263403263403264,STOP,0.5006109979633401,14.051079381268067,2.3136456211812626,0.814663951120163,56.35876840696118,1.7003096246211749,엠앤씨솔루션
484870,2025-09-29,219000,4,-8.21917808219178,STOP,0.644191714053615,13.992676298697887,2.1348497156783104,0.44679122664500404,57.69669327251995,1.478725626740947,엠앤씨솔루션
487570,2026-01-23,62300,10,-5.296950240770471,STOP,1.7407407407407407,-1.0005854489328825,-0.975925925925926,0.7777777777777778,59.09090909090909,0.1468581900602231,HS효성
489790,2025-09-10,59500,10,-3.025210084033614,TIMEOUT,1.7529286474973376,0.8282330014311423,-0.6879659211927582,0.12779552715654952,68.79432624113475,0.37868082800502734,한화비전
489790,2026-02-25,75800,1,13.456464379947231,T_star,2.410729991204925,10.524880461065754,1.077396657871592,1.266490765171504,68.78727634194831,0.7932851146930076,한화비전
489790,2026-03-17,76900,1,9.102730819245775,T_star,0.30528255528255527,21.24052377670573,0.9889434889434889,2.14987714987715,47.474747474747474,0.9934007794980566,한화비전
489790,2026-04-21,85600,10,-3.0373831775700966,TIMEOUT,1.446524064171123,15.743649821609257,-0.23707664884135474,2.192513368983957,66.44736842105263,0.3311619499879916,한화비전
499790,2025-09-01,47950,3,17.205422314911356,T_star,0.43014996053670085,19.33102709023582,1.2809786898184687,0.8050513022888713,51.76056338028168,0.9881899856144616,GS피앤엘
499790,2025-11-14,40200,2,21.51741293532339,T_star,0.23789907312049433,-1.9051301428847658,-1.082389289392379,1.297631307929969,52.631578947368425,0.8700017346764756,GS피앤엘
499790,2026-01-30,51200,10,26.171875,TIMEOUT,2.5672664952870607,1.8083216809644382,0.12767780634104542,0.6169665809768637,66.49616368286445,0.4852639169706231,GS피앤엘
499790,2026-03-27,48000,1,-9.270833333333329,STOP,0.12135176651305683,0.4451826104823482,-1.7672811059907834,1.6897081413210446,62.311557788944725,2.7085573007340926,GS피앤엘
499790,2026-04-17,49050,10,12.538226299694188,TIMEOUT,1.448589626933576,1.2834132967786105,-0.4467697907188353,0.8553230209281165,64.1025641025641,0.5092118224162595,GS피앤엘
900140,2026-04-16,1688,10,0.82938388625593,TIMEOUT,0.859987929993965,2.67165345539802,1.2365721182860598,1.2190706095353048,53.49887133182845,0.6337996988025812,엘브이엠씨홀딩스
900140,2026-05-07,1711,1,-3.09760374050263,STOP,0.4653846153846163,4.559357780943243,0.9903846153846154,0.8269230769230769,56.928838951310865,0.8695406253179444,엘브이엠씨홀딩스
900140,2026-05-12,1758,1,-2.5028441410693936,STOP,0.9443620178041555,4.573334650032371,0.7856083086053385,1.4243323442136497,55.37757437070938,0.5442977611165971,엘브이엠씨홀딩스
950210,2025-09-10,14650,9,-1.8430034129692796,STOP,0.5271477663230241,2.549379880569591,-0.10309278350515463,1.7182130584192439,58.82352941176471,0.9035836899938245,프레스티지바이오파마
950210,2025-09-19,14690,2,-2.1102791014295463,STOP,0.5576631259484067,4.2585742339133175,0.15250379362670713,1.0015174506828528,67.53246753246754,1.4059367351650889,프레스티지바이오파마
