combo,tf,ma_len,window,last_date,close,ma,px_vs_ma_pct,ma_slope_last3_pct,verdict,a_pct,b_pct,vertex_pos,r2,symbol
1d_MA20,1D,20,10,2026-06-15,5370.0,5669.0,-5.274298818133705,-1.004103728280803,low_a,0.0006859791352613334,-0.4948000168293671,40.072486772329384,0.9994658360633858,000020
1w_MA10,1W,10,10,2026-06-21,5370.0,5817.0,-7.684373388344512,-1.7564600574227374,low_a,-0.025786800798483264,-0.31075623079892284,-0.6694989106752652,0.9609144964587804,000020
1w_MA20,1W,20,10,2026-06-21,5370.0,5975.0,-10.125523012552307,-1.1416280608868346,low_a,-0.0195638483011711,-0.12523355122725516,-0.3556263269639446,0.9763912416463395,000020
1M_MA10,1M,10,10,2026-06-30,5370.0,6040.0,-11.092715231788075,-3.11196663458454,low_a,-0.14117964507533345,0.7695013419293781,0.30280621918847206,0.9729994922133011,000020
1M_MA20,1M,20,10,2026-06-30,5370.0,6208.0,-13.498711340206182,-3.3322952351292456,low_a,0.050471553351818674,-2.197646602925716,2.4190156599552752,0.9977183098737323,000020
1d_MA20,1D,20,10,2026-06-15,340.0,351.0,-3.1339031339031376,-1.5427769985974726,low_a,0.04800402366629044,-1.5233483312355847,1.7629868578256471,0.9991018756288611,000040
1w_MA10,1W,10,10,2026-06-21,340.0,389.2,-12.641315519013363,-4.185130477597243,low_a,-0.21989004388184233,1.4614828097398311,0.36924586487244443,0.9878425152162396,000040
1w_MA20,1W,20,10,2026-06-21,340.0,397.5,-14.465408805031444,-2.4898810253894177,low_a,-0.01822563260259567,-0.7398877811349276,-2.2553333333331924,0.9972037314230006,000040
1M_MA10,1M,10,10,2026-06-30,340.0,432.8,-21.441774491682075,-10.207468879668047,low_a,-0.3754854070927126,2.847244854733035,0.42126875430962857,0.8807036988179759,000040
1M_MA20,1M,20,10,2026-06-30,340.0,444.65,-23.53536489373664,-4.40718047941524,vertex_out,0.3677895845965738,-6.571776351400792,0.9926835926835922,0.9883565490726857,000040
1d_MA20,1D,20,10,2026-06-15,8700.0,8917.0,-2.4335538858360484,-1.1419068736141957,low_a,0.04518140703921522,-1.3134423623824378,1.6150231901592653,0.9972672665037394,000050
1w_MA10,1W,10,10,2026-06-21,8700.0,9395.0,-7.3975518893028225,-1.4476030630441672,low_r2,-0.08302167789129465,0.4001778463430467,0.267786717147822,0.8011776037954962,000050
1w_MA20,1W,20,10,2026-06-21,8700.0,9593.0,-9.308871051808609,-0.45140870648057163,low_r2,-0.0444317850060831,0.5393505265778606,0.6743802469136039,0.8292819856088304,000050
1M_MA10,1M,10,10,2026-06-30,8700.0,8607.0,1.0805158591843833,3.053160919540221,low_a,-7.220770178864542e-16,2.752155107356484,211746811180593.53,0.9776411269921774,000050
1M_MA20,1M,20,10,2026-06-30,8700.0,7709.5,12.847785200077833,3.261451915349589,vertex_out,0.17956947746329896,-0.46461768882978327,0.14374432775833199,0.9709533937291775,000050
1d_MA20,1D,20,10,2026-06-15,57100.0,56965.0,0.23698762397963424,-0.8700948403375985,low_a,0.05329966415743127,-1.3553940546781618,1.4127606786025817,0.9983605477333154,000070
1w_MA10,1W,10,10,2026-06-21,57100.0,61960.0,-7.843770174306009,-3.202624589907832,low_a,-0.11076858144365875,-0.5486236227076304,-0.27516006572609913,0.9886463868966117,000070
1w_MA20,1W,20,10,2026-06-21,57100.0,65805.0,-13.22847807917331,-0.52154195011338,low_a,-0.06035180282079058,0.6088877323372224,0.5604985213350363,0.9492338636964225,000070
1M_MA10,1M,10,10,2026-06-30,57100.0,63545.9,-10.143691410460786,0.08804536147424269,low_a,-0.23708899971983743,5.20009532737431,1.2185052246013433,0.9820255716999136,000070
1M_MA20,1M,20,10,2026-06-30,57100.0,55365.25,3.13328306112588,1.3336298378742395,low_a,-0.018058282339191656,1.7816981728404107,5.4813204249024965,0.986256561500156,000070
1d_MA20,1D,20,10,2026-06-15,16020.0,16326.5,-1.8773160199675343,-0.3752745911642652,low_a,0.004202655637428025,-0.268910250933892,3.5547662416516697,0.979069785422617,000080
1w_MA10,1W,10,10,2026-06-21,16020.0,16722.0,-4.1980624327233595,-1.1117681845062122,low_r2,-0.007850387318487579,-0.17331514184487332,-1.2265151515144423,0.849531653228062,000080
1w_MA20,1W,20,10,2026-06-21,16020.0,16982.0,-5.664821575786128,-0.9622674520324281,low_a,0.0044391973931106055,-0.5391148916639441,6.746901446902459,0.9993211911665504,000080
1M_MA10,1M,10,10,2026-06-30,16020.0,17637.0,-9.168225888756588,-3.97974738675958,low_a,-0.1493792133807828,0.21664400693969066,0.0805719744462419,0.9953320289965039,000080
1M_MA20,1M,20,10,2026-06-30,16020.0,18675.5,-14.219164145538276,-2.4828990653229632,low_a,-0.057552573606774605,-0.29939364765455845,-0.2890049807137617,0.9994400459271181,000080
1d_MA20,1D,20,10,2026-06-15,12940.0,13293.5,-2.659194343100013,-0.7132720890283051,low_a,8.401700773038154e-05,-0.3910879687196651,258.6037037053148,0.9984419267500374,000087
1w_MA10,1W,10,10,2026-06-21,12940.0,13594.0,-4.810946005590699,-1.5640839971035492,low_a,-0.04491813649243968,-0.013777069087511171,-0.017039725751151313,0.9910911184315447,000087
1w_MA20,1W,20,10,2026-06-21,12940.0,13875.5,-6.742099383805988,-1.0200806077683033,low_a,-0.0015199995135994843,-0.5056798381824543,-18.482456140359133,0.9997209168066582,000087
1M_MA10,1M,10,10,2026-06-30,12940.0,14423.0,-10.282188171670247,-3.5573386827148057,low_a,-0.12843312782036062,0.40392792730195354,0.17472470527270442,0.9961927153801503,000087
1M_MA20,1M,20,10,2026-06-30,12940.0,14997.0,-13.716076548643063,-1.999607920015678,low_a,-0.06044766792921509,-0.030347196552222448,-0.027891156462588947,0.9985413972520546,000087
1d_MA20,1D,20,10,2026-06-15,78900.0,81160.0,-2.7846229669788114,-1.0967584694126287,low_a,0.011581713210622877,-0.7274860124697502,3.489629629628791,0.9975458886744253,000100
1w_MA10,1W,10,10,2026-06-21,78900.0,86340.0,-8.617095205003478,-3.3146696528555397,low_a,0.013622991275786579,-1.9094906246331318,7.787042532147059,0.9960731582631246,000100
1w_MA20,1W,20,10,2026-06-21,78900.0,94200.0,-16.242038216560506,-3.0914047631294683,low_a,-0.017881114305867887,-1.2133935945707717,-3.7699415204683393,0.99971990419257,000100
1M_MA10,1M,10,10,2026-06-30,78900.0,104000.0,-24.134615384615387,-6.111763112756163,low_a,-0.15487466222089968,0.4259645627815499,0.15279902853673427,0.9562341095033309,000100
1M_MA20,1M,20,10,2026-06-30,78900.0,109475.0,-27.928750856359898,-5.089080584333949,low_a,-0.3786726030020873,3.73039793735866,0.5472915870074617,0.9482148042222552,000100
1d_MA20,1D,20,10,2026-06-15,66200.0,69015.0,-4.078823444178803,-1.2731564265789252,low_a,-0.008832353289006523,-0.5193370366243333,-3.266633098355836,0.9982193747568076,000105
1w_MA10,1W,10,10,2026-06-21,66200.0,73250.0,-9.624573378839596,-4.981190815929438,low_a,-0.017642940403169508,-1.9995549696299482,-6.296364702434036,0.9978988556474339,000105
1w_MA20,1W,20,10,2026-06-21,66200.0,81475.0,-18.748082233814056,-3.6425994914552673,low_a,-0.014754705913582918,-1.532964547298125,-5.772036228368128,0.9997306178839385,000105
1M_MA10,1M,10,10,2026-06-30,66200.0,90680.0,-26.996029995588888,-7.1567523292720425,low_a,-0.20532554743107287,0.5114431331335206,0.13838271833097154,0.982045573729317,000105
1M_MA20,1M,20,10,2026-06-30,66200.0,97180.0,-31.878987445976538,-6.346070447646124,low_a,-0.4447991687905704,4.132077342734753,0.5160977548549313,0.920344321778952,000105
1d_MA20,1D,20,10,2026-06-15,85300.0,84965.0,0.39427999764609645,-1.2895730467615496,low_a,0.02810751842936766,-1.251223415596505,2.4730896166541245,0.9971859639322509,000120
1w_MA10,1W,10,10,2026-06-21,85300.0,92830.0,-8.111601852849294,-4.338417147568007,low_a,0.09678402283681536,-3.525446165986168,2.0236617015062017,0.9990440084461188,000120
1w_MA20,1W,20,10,2026-06-21,85300.0,105585.0,-19.212009281621445,-1.7905311133847968,low_a,-0.09029947302980802,0.5481441021083303,0.33723840345200085,0.9935994949226118,000120
1M_MA10,1M,10,10,2026-06-30,85300.0,96360.0,-11.47779161477792,-0.1761110535584809,low_a,0.005717773377178033,1.7027028290374189,-16.54395782644265,0.9012763775040935,000120
1M_MA20,1M,20,10,2026-06-30,85300.0,90655.0,-5.907010093210518,-0.5539710399297904,low_r2,0.13119732880733848,-1.2818885995497995,0.5428161834979277,0.5100480779460399,000120
1d_MA20,1D,20,10,2026-06-15,8380.0,8388.5,-0.10132920069142459,-0.5158918406072077,low_a,0.029026909851014828,-0.7537867487326037,1.4426972010178227,0.9959574381982722,000140
1w_MA10,1W,10,10,2026-06-21,8380.0,8766.0,-4.403376682637461,-1.4834794335805812,low_a,-0.02309453004594412,-0.48299724736586236,-1.1618846694794314,0.9951737291043057,000140
1w_MA20,1W,20,10,2026-06-21,8380.0,9052.5,-7.428887047776856,-1.2328841852599415,low_a,-0.006629667428224973,-0.5550129803193945,-4.650920245398205,0.99928357021312,000140
1M_MA10,1M,10,10,2026-06-30,8380.0,9346.0,-10.335972608602606,-3.8872891814068278,low_a,-0.2400327351730169,2.246920603660281,0.5200495771361926,0.8772576097628343,000140
1M_MA20,1M,20,10,2026-06-30,8380.0,9358.0,-10.450951057918356,-1.302536518483366,low_a,-0.07674236919684932,0.7713934019562796,0.5584293193717366,0.9519946496565687,000140
1d_MA20,1D,20,10,2026-06-15,9770.0,10125.0,-3.506172839506172,-1.6703894338156777,low_a,0.00833210335616995,-0.8771504581646704,5.848532948533721,0.9965676678938391,000145
1w_MA10,1W,10,10,2026-06-21,9770.0,10847.0,-9.929012630220335,-3.633617626154939,low_a,-0.14110448261513464,0.4367695942905791,0.17196461098100585,0.9952327933999753,000145
1w_MA20,1W,20,10,2026-06-21,9770.0,11295.5,-13.505378247974853,-2.1568712373857712,low_a,-0.05930369486460991,-0.26754842641953785,-0.2506387081224214,0.9956367094521695,000145
1M_MA10,1M,10,10,2026-06-30,9770.0,11675.0,-16.3169164882227,-4.318964104245204,low_a,-0.28158543757976384,2.9562243509008956,0.583249927882505,0.9122983559482862,000145
1M_MA20,1M,20,10,2026-06-30,9770.0,11515.0,-15.154146765089017,-1.3831199417633666,low_a,-0.05369522647973668,0.402026548558644,0.4159551922494755,0.868822245080996,000145
1d_MA20,1D,20,10,2026-06-15,1709000.0,1705400.0,0.21109417145537268,0.6491973559962227,low_r2,-0.007286831388923861,-0.0727487124013842,-0.5546437014521214,0.3981296493815437,000150
1w_MA10,1W,10,10,2026-06-21,1709000.0,1672600.0,2.1762525409541933,8.097977121437339,low_a,0.07088510101908563,3.5386381478925166,-2.7733755809040788,0.9979412628525121,000150
1w_MA20,1W,20,10,2026-06-21,1709000.0,1385550.0,23.34452022662481,6.979886499633237,low_a,0.07120459722216918,3.208560499953059,-2.5033968038935135,0.998434937801758,000150
1M_MA10,1M,10,10,2026-06-30,1709000.0,1157900.0,47.59478366007428,27.81763991610553,vertex_out,0.6244319175771273,4.822594154373255,-0.4290650268243026,0.9957885977737806,000150
1M_MA20,1M,20,10,2026-06-30,1709000.0,776725.0,120.02639286748851,27.08716815969239,vertex_out,0.72343343699078,3.6464383052833007,-0.2800256326162238,0.9957196274991632,000150
1d_MA20,1D,20,10,2026-06-15,564000.0,606900.0,-7.0687098368759305,-1.8834370705682613,low_a,-0.05951840494964357,-0.4241118293038321,-0.3958736514292028,0.979848165679954,000155
1w_MA10,1W,10,10,2026-06-21,564000.0,615200.0,-8.32249674902471,1.9724846676612007,low_a,-0.014523593064139488,2.0152990669170334,7.708909136927965,0.9918187961636326,000155
1w_MA20,1W,20,10,2026-06-21,564000.0,565325.0,-0.234378454871087,1.1133965301377113,low_a,-0.04092961722636055,1.6442599419077244,2.231825771671204,0.985505004999179,000155
1M_MA10,1M,10,10,2026-06-30,564000.0,525600.0,7.30593607305936,10.211784441182647,low_a,-0.32942915269931544,10.587472683072171,1.7854914236270178,0.9975542511559521,000155
1M_MA20,1M,20,10,2026-06-30,564000.0,374275.0,50.691336584062526,16.135288185555808,vertex_out,0.1366064543896016,7.387353352861087,-3.004312800864509,0.998762308619906,000155
1d_MA20,1D,20,10,2026-06-15,438500.0,494475.0,-11.320086960918141,-2.3307490988099366,low_a,-0.02338029871116699,-1.1187175496956516,-2.6582626574145083,0.9899678013622013,000157
1w_MA10,1W,10,10,2026-06-21,438500.0,510450.0,-14.095406014301105,0.8495505284994653,low_a,-0.04442457347015404,1.4820392181521767,1.853377662137402,0.9879359835378902,000157
1w_MA20,1W,20,10,2026-06-21,438500.0,483400.0,-9.28837401737691,0.17614754947674616,low_a,-0.07494490079888569,1.5365677957774488,1.1390351662785954,0.9819022878629491,000157
1M_MA10,1M,10,10,2026-06-30,438500.0,460600.0,-4.7980894485453724,4.337977120851733,low_a,-0.560391207531529,11.166276877706126,1.1069922352292005,0.9950643711692366,000157
1M_MA20,1M,20,10,2026-06-30,438500.0,344540.0,27.271144134207926,13.01025010250103,low_a,0.07165746826767025,6.994940362207518,-5.42313044676386,0.9989264437343753,000157
1d_MA20,1D,20,10,2026-06-15,5150.0,5582.25,-7.7432934748533295,-1.9066028203663876,low_a,0.04117294433726206,-1.7043160028291604,2.299670910193015,0.9988895871687349,000180
1w_MA10,1W,10,10,2026-06-21,5150.0,6202.0,-16.962270235407928,-6.278806195693242,low_a,-0.06906991355321228,-1.9272221904042843,-1.5501380262249542,0.9998132509767288,000180
1w_MA20,1W,20,10,2026-06-21,5150.0,7024.0,-26.679954441913445,-2.6202689588243455,low_a,-0.06363576652826197,-0.28427235788928706,-0.2481766093697182,0.9987911296420465,000180
1M_MA10,1M,10,10,2026-06-30,5150.0,7145.5,-27.92666713316073,-7.381723914452365,low_r2,-0.31243735418668556,2.8763187414960107,0.511448082303204,0.7699386833082784,000180
1M_MA20,1M,20,10,2026-06-30,5150.0,7143.25,-27.903965281909493,-2.736834938897781,low_a,0.055931345855927,-1.7223939862295363,1.7108216032743606,0.9892051371736357,000180
1d_MA20,1D,20,10,2026-06-15,55200.0,53672.5,2.845963948018082,-1.4686309605764336,low_a,0.059926161332871236,-1.9001244028296105,1.7615422792976925,0.9964454994582482,000210
1w_MA10,1W,10,10,2026-06-21,55200.0,60240.0,-8.366533864541836,-2.5715672003881584,low_a,-0.42065031491423505,4.611245052621188,0.6090100770598705,0.9607398989375339,000210
1w_MA20,1W,20,10,2026-06-21,55200.0,56927.5,-3.0345615036669438,2.622921267294598,low_a,-0.10744533745372126,2.986406191033357,1.5441475543680054,0.9996920445019736,000210
1M_MA10,1M,10,10,2026-06-30,55200.0,48550.0,13.697219361483004,4.29645542427497,vertex_out,0.18315824192413424,1.3574458296979046,-0.41174045138889326,0.9832896536773691,000210
1M_MA20,1M,20,10,2026-06-30,55200.0,43080.0,28.133704735376043,2.939068100358422,pass,0.31119716566188466,-2.955846310695998,0.5276837389514447,0.8970822070660465,000210
1d_MA20,1D,20,10,2026-06-15,24500.0,23725.0,3.2665964172813533,-1.1149317495050548,low_a,0.05996139946862747,-1.8102863932974687,1.677270163564545,0.995388624984983,000215
1w_MA10,1W,10,10,2026-06-21,24500.0,26555.0,-7.738655620410473,-2.889010788078261,low_a,-0.28407544780020744,2.394507269967596,0.468284685265818,0.9472831776483902,000215
1w_MA20,1W,20,10,2026-06-21,24500.0,26432.5,-7.31107538068666,0.2560212402806794,low_a,-0.05170545084535018,0.9332143017131594,1.0027035474293093,0.997514574255717,000215
1M_MA10,1M,10,10,2026-06-30,24500.0,25200.0,-2.777777777777779,-0.05948839976204212,low_a,-0.1328197741862643,3.048728839543895,1.275215422227553,0.9889075458132228,000215
1M_MA20,1M,20,10,2026-06-30,24500.0,23230.5,5.46479843309442,0.12930755802675886,low_r2,0.06230856245408539,-0.6856228422699948,0.6113149847094754,0.7128132502330816,000215
1d_MA20,1D,20,10,2026-06-15,3900.0,3873.75,0.6776379477250627,-0.24464044292795695,low_a,0.035775442732563986,-0.7063756229462352,1.0969281486476024,0.9980836023932936,000220
1w_MA10,1W,10,10,2026-06-21,3900.0,4069.5,-4.165130851455956,-1.1537527325722663,low_a,0.01062298566676942,-0.971407046275701,5.08021565869625,0.9947352821681885,000220
1w_MA20,1W,20,10,2026-06-21,3900.0,4224.75,-7.686845375466,-1.1812174726624214,low_a,-0.03988801869472173,-0.18978322377540588,-0.26432780511512816,0.9853696792693796,000220
1M_MA10,1M,10,10,2026-06-30,3900.0,4254.5,-8.332353978140794,-2.184159098746985,low_a,-0.03964019115534163,-0.1944782247812519,-0.27256038647343267,0.9492999884391583,000220
1M_MA20,1M,20,10,2026-06-30,3900.0,4378.0,-10.918227501142075,-1.268534701471502,low_a,-0.011500719898811943,-0.4888289533882222,-2.361344708510714,0.9859557756242961,000220
1d_MA20,1D,20,10,2026-06-15,3875.0,4009.0,-3.342479421302069,-1.2439955659564017,low_a,-0.0014652062955509083,-0.6837385178192857,-25.925000000017228,0.9986126525286084,000225
1w_MA10,1W,10,10,2026-06-21,3875.0,4209.0,-7.93537657400808,-2.013735304388309,low_a,-0.024543864379591822,-0.5902280850946134,-1.3359937402191715,0.9964669232716982,000225
1w_MA20,1W,20,10,2026-06-21,3875.0,4384.25,-11.615441637680334,-2.2191246166713086,low_a,-0.048074873890188316,-0.4500535101431352,-0.5200840015273057,0.9982288714227544,000225
1M_MA10,1M,10,10,2026-06-30,3875.0,4579.5,-15.383775521345122,-4.3546365914787,low_a,-0.2292069532969797,1.372123257832273,0.3325774754346215,0.97861311001976,000225
1M_MA20,1M,20,10,2026-06-30,3875.0,4729.5,-18.067448990379532,-2.3738259882340795,low_a,-0.05304913566721735,-0.02941146382132956,-0.03080107134159827,0.9461093273119758,000225
1d_MA20,1D,20,10,2026-06-15,10610.0,10592.0,0.16993957703927975,-0.10374422333302435,low_a,0.009834858323264146,-0.2425991001584756,1.3704038577455355,0.9829850546922568,000227
1w_MA10,1W,10,10,2026-06-21,10610.0,10706.0,-0.8966934429291973,-0.3165735567970174,low_r2,-0.0436442781751516,0.43112925847490274,0.5487918799964144,0.8479253297125355,000227
1w_MA20,1W,20,10,2026-06-21,10610.0,10678.5,-0.6414758627148021,-0.023406048122831535,low_a,0.004558704711118719,-0.2611979388881594,3.1831402831390467,0.9469689475999243,000227
1M_MA10,1M,10,10,2026-06-30,10610.0,10646.0,-0.33815517565283226,0.3393025447690823,low_a,-0.0752057530916536,1.2374224986066809,0.9141015353341005,0.9737947920820533,000227
1M_MA20,1M,20,10,2026-06-30,10610.0,10340.0,2.6112185686653744,0.36398932297985187,low_a,0.044989580325837636,-0.6957806034340236,0.8591873426824899,0.950246833000751,000227
1d_MA20,1D,20,10,2026-06-15,7300.0,7587.0,-3.7827863450639265,-1.6654785820750417,low_a,0.05472021723926244,-1.7267648552564672,1.7531249999999916,0.9995802551602977,000230
1w_MA10,1W,10,10,2026-06-21,7300.0,8563.0,-14.749503678617303,-6.025021949078136,low_a,-0.08518659699882694,-1.8524346554107236,-1.208089535647539,0.9987705002692748,000230
1w_MA20,1W,20,10,2026-06-21,7300.0,9723.0,-24.920292090918437,-4.657776034516569,low_a,-0.027509753679860093,-2.0998182788253374,-4.240553092674777,0.9978520366591049,000230
1M_MA10,1M,10,10,2026-06-30,7300.0,10536.0,-30.713743356112378,-2.5346901017576307,low_a,-0.45553990946482675,8.191921843799,0.9990491714208066,0.9666684379570519,000230
1M_MA20,1M,20,10,2026-06-30,7300.0,8845.0,-17.467495760316567,-0.6905069331387237,low_a,-0.15329227239395155,2.8684192607818875,1.0395607235142108,0.9528877752385251,000230
1d_MA20,1D,20,10,2026-06-15,30650.0,24975.0,22.722722722722732,2.0637515324887667,low_a,0.06738452510116366,-0.36390745258890506,0.3000255721774685,0.9268005723837196,000240
1w_MA10,1W,10,10,2026-06-21,30650.0,25685.0,19.330348452404134,3.9668083383930464,pass,0.29397624801850264,-3.502643571443747,0.6619286790557488,0.9651344994869357,000240
1w_MA20,1W,20,10,2026-06-21,30650.0,26677.5,14.890825602099156,0.8315222526693811,low_a,0.03827827517025718,-0.47620733305126384,0.6911482513153868,0.8731815582459258,000240
1M_MA10,1M,10,10,2026-06-30,30650.0,26470.0,15.791462032489601,2.477739063104911,low_a,-0.2712624619201055,6.171920004982157,1.2640320459165488,0.9848211081158617,000240
1M_MA20,1M,20,10,2026-06-30,30650.0,22502.5,36.20708810132207,4.921434233226085,low_a,-0.035391580281820136,3.001403831477225,4.711421642563479,0.9946353517107385,000240
1d_MA20,1D,20,10,2026-06-15,167500.0,163010.0,2.754432243420646,-0.7096086493071363,low_a,-0.06119695310196569,0.4285487590200439,0.3890432968179538,0.9524075801272297,000270
1w_MA10,1W,10,10,2026-06-21,167500.0,162630.0,2.994527454959117,2.2058823529411686,pass,0.1861968808008461,-1.9321393002217586,0.5764923223894005,0.9275717437578346,000270
1w_MA20,1W,20,10,2026-06-21,167500.0,163720.0,2.3088199364769135,0.6980963803548956,low_a,-0.06205888263646505,1.5532728870477286,1.3905009968486537,0.9831280905185208,000270
1M_MA10,1M,10,10,2026-06-30,167500.0,144830.0,15.652834357522604,9.744638933090854,vertex_out,0.2776108990135847,2.3641983682486845,-0.4731239092495656,0.9826617968420346,000270
1M_MA20,1M,20,10,2026-06-30,167500.0,120710.0,38.76232292270731,6.385228925219222,vertex_out,0.2236830519485466,-0.24193129039033526,0.060087821257907535,0.9905513000908376,000270
1d_MA20,1D,20,10,2026-06-15,4200.0,4200.0,0.0,0.0,low_r2,1.2862995499076464e-15,-5.130839675457471e-15,0.22160207446002128,0.0,000300
1w_MA10,1W,10,10,2026-06-21,4200.0,4200.0,0.0,0.0,low_r2,1.2862995499076464e-15,-5.130839675457471e-15,0.22160207446002128,0.0,000300
1w_MA20,1W,20,10,2026-06-21,4200.0,4200.0,0.0,0.0,low_r2,1.2862995499076464e-15,-5.130839675457471e-15,0.22160207446002128,0.0,000300
1M_MA10,1M,10,10,2026-06-30,4200.0,4200.0,0.0,0.0,low_r2,1.2862995499076464e-15,-5.130839675457471e-15,0.22160207446002128,0.0,000300
1M_MA20,1M,20,10,2026-06-30,4200.0,4200.0,0.0,0.0,low_r2,1.2862995499076464e-15,-5.130839675457471e-15,0.22160207446002128,0.0,000300
1d_MA20,1D,20,10,2026-06-15,17850.0,18134.0,-1.5661188926877734,-1.445652173913048,low_a,0.047729407990263546,-1.6030621465601549,1.86591478696736,0.9971142216855724,000320
1w_MA10,1W,10,10,2026-06-21,17850.0,19953.0,-10.5397684558713,-3.21125394130487,low_a,-0.015260077713513237,-1.7126545483532627,-6.235058346017385,0.9960050227134658,000320
1w_MA20,1W,20,10,2026-06-21,17850.0,21724.0,-17.832811636899283,-1.6345936155761853,low_a,-0.05471851491044988,0.06581003688950351,0.06681674688195433,0.99690653729493,000320
1M_MA10,1M,10,10,2026-06-30,17850.0,21860.0,-18.344007319304666,-8.497279196316454,low_a,-0.5926271791395229,7.115580394380064,0.667046729925519,0.9300149498992055,000320
1M_MA20,1M,20,10,2026-06-30,17850.0,19956.5,-10.555458121414073,2.517144838568819,low_a,-0.09003077839447864,3.291376680786097,2.0310194280724563,0.9963175472996616,000320
1d_MA20,1D,20,10,2026-06-15,27750.0,28062.5,-1.1135857461024523,-0.6549252146207607,low_a,0.020101182586406054,-0.5951409537380902,1.6448478181150774,0.9951336132081067,000325
1w_MA10,1W,10,10,2026-06-21,27750.0,29405.0,-5.628294507736776,-1.7705027559712705,low_a,-0.037079437197494854,-0.3798996408076994,-0.5691978410571363,0.9926494382295895,000325
1w_MA20,1W,20,10,2026-06-21,27750.0,30307.5,-8.438505320465229,-1.1013215859030812,low_a,-0.026807829211183222,-0.09882703171447207,-0.2048054919908852,0.9727339661113723,000325
1M_MA10,1M,10,10,2026-06-30,27750.0,30575.0,-9.239574816026163,-3.0596068484464167,low_a,-0.16682429971039667,1.3587800163592354,0.4524986996359002,0.9215601647909928,000325
1M_MA20,1M,20,10,2026-06-30,27750.0,30695.0,-9.594396481511646,-0.49436745279195504,low_a,0.0266950596669818,-0.4277768378828219,0.8902538589105897,0.9378972681057948,000325
1d_MA20,1D,20,10,2026-06-15,6720.0,6584.5,2.0578631634900146,0.06838905775075066,low_a,0.059332618946933424,-0.8706584261328582,0.8152330610283391,0.9686020504143973,000370
1w_MA10,1W,10,10,2026-06-21,6720.0,6595.0,1.8953752843062999,0.4416692049954207,pass,0.16551371255692146,-2.508513091391705,0.8419957250534312,0.9624747071362622,000370
1w_MA20,1W,20,10,2026-06-21,6720.0,6882.0,-2.3539668700959027,0.8425525679536916,low_a,-0.04827180702239493,1.2116421745993182,1.394467253176944,0.9935973233561646,000370
1M_MA10,1M,10,10,2026-06-30,6720.0,6156.0,9.161793372319682,2.208201892744488,low_a,-0.11447857188925022,4.127437944174808,2.0030133519794857,0.9730231968018102,000370
1M_MA20,1M,20,10,2026-06-30,6720.0,5397.25,24.507851220528963,3.0845628610991715,low_a,0.0418880457310504,0.7919811426553945,-1.0503940110323406,0.984599828029967,000370
1d_MA20,1D,20,10,2026-06-15,6600.0,7025.0,-6.049822064056942,-2.1178765500905694,low_a,0.05488132827449471,-1.9181634024472094,1.941728395061709,0.999766929658885,000390
1w_MA10,1W,10,10,2026-06-21,6600.0,7926.0,-16.72975018925057,-5.743845879414911,low_a,-0.23186943716745262,-0.005288250321339956,-0.0012670565302089147,0.9899385987601176,000390
1w_MA20,1W,20,10,2026-06-21,6600.0,8607.0,-23.318229348204945,-0.30694388139225204,low_a,-0.11783715886252884,1.3913804926044155,0.6559808213466798,0.8740965151626279,000390
1M_MA10,1M,10,10,2026-06-30,6600.0,7276.0,-9.29081913139087,2.0190689848569754,vertex_out,0.19848413030474346,0.7496989435339219,-0.2098401582206733,0.9523037291274212,000390
1M_MA20,1M,20,10,2026-06-30,6600.0,6697.0,-1.4484097357025494,-0.47555357408233245,low_r2,0.13378336976116426,-1.1498872971279959,0.4775079872204442,0.6759453623223318,000390
1d_MA20,1D,20,10,2026-06-15,1886.0,2038.35,-7.474182549611196,-0.6676250578689702,low_a,0.0333427185559999,-0.766601553947644,1.2773096215230422,0.9934366854129417,000400
1w_MA10,1W,10,10,2026-06-21,1886.0,2053.8,-8.170221053656645,-2.2139694329381565,low_a,-0.022405145248846646,-0.3583110744637011,-0.888464260438734,0.8627197340438884,000400
1w_MA20,1W,20,10,2026-06-21,1886.0,2085.45,-9.563883094775704,0.9952055789626435,low_a,-0.014273992837568895,0.933961794166994,3.6350562125858534,0.9930106394543056,000400
1M_MA10,1M,10,10,2026-06-30,1886.0,1941.4,-2.8536107963325508,2.975653742110018,vertex_out,0.2145498410631645,-0.9630035604894424,0.24936023042411998,0.9384251366822445,000400
1M_MA20,1M,20,10,2026-06-30,1886.0,1876.6,0.5009058936374267,-2.2502343994166063,vertex_out,0.19644292615655412,-4.147405325369143,1.172917811157666,0.993780183635876,000400
1d_MA20,1D,20,10,2026-06-15,5130.0,4754.5,7.897781049532027,1.8912402893115354,low_a,0.051433108318168955,0.47762645217872973,-0.5159089887134974,0.9861922027168732,000430
1w_MA10,1W,10,10,2026-06-21,5130.0,4650.0,10.322580645161295,4.0501230700380475,vertex_out,0.1412674802696548,-0.02528770764442475,0.00994477033377272,0.9938392794642253,000430
1w_MA20,1W,20,10,2026-06-21,5130.0,4379.0,17.150034254395983,1.8727463068512362,low_a,0.018530559284020903,0.5018808629437871,-1.504664254121402,0.9933592061993116,000430
1M_MA10,1M,10,10,2026-06-30,5130.0,4233.5,21.1763316404866,5.271664801690901,vertex_out,0.1493302995653402,-0.13616343847571974,0.05065707021878286,0.989148303923503,000430
1M_MA20,1M,20,10,2026-06-30,5130.0,4009.75,27.938150757528526,2.2373788883222945,pass,0.2030065086923856,-2.830743626163917,0.7746723777471819,0.9717424848550267,000430
1d_MA20,1D,20,10,2026-06-15,4880.0,4748.25,2.774706470805044,0.05794963649774498,low_a,0.027993780635988882,-0.5457680125348774,1.0831136220967053,0.9870639474745131,000480
1w_MA10,1W,10,10,2026-06-21,4880.0,4915.0,-0.7121057985757906,-0.31436973937734036,low_a,-0.03471579337159937,0.1753204852053594,0.280564723138994,0.9271553385433002,000480
1w_MA20,1W,20,10,2026-06-21,4880.0,4921.75,-0.8482755117590335,0.2852631042738585,low_r2,0.011261568755039073,-0.09317791134306763,0.4596651445966742,0.5779331265495622,000480
1M_MA10,1M,10,10,2026-06-30,4880.0,4871.5,0.17448424509904914,-1.2967277884712747,low_a,0.04889112963838363,-1.3032097834570195,1.4808523358100014,0.9898735182293694,000480
1M_MA20,1M,20,10,2026-06-30,4880.0,5128.25,-4.840832642714377,-1.668184650783755,low_a,0.030643521736707983,-1.3098558336353436,2.374719497339162,0.9991841433541626,000480
1d_MA20,1D,20,10,2026-06-15,8280.0,8493.0,-2.5079477216531254,-2.619962162472056,low_a,-0.0067884998314968045,-1.455762553435469,-11.913633265164158,0.99764499150312,000490
1w_MA10,1W,10,10,2026-06-21,8280.0,9315.0,-11.111111111111116,-3.2810715398193357,low_a,-0.05968801840361525,-0.6078401720603424,-0.5657567356223614,0.9763716477508079,000490
1w_MA20,1W,20,10,2026-06-21,8280.0,9939.0,-16.69182010262602,-1.8467311870432601,low_a,-0.09951489468329447,0.6496177391556507,0.3626580172987366,0.9485402988625364,000490
1M_MA10,1M,10,10,2026-06-30,8280.0,9566.0,-13.4434455362743,-3.1389226407452453,low_a,0.015255692985501723,-0.9943456269234359,3.6210366694235026,0.8920991585277084,000490
1M_MA20,1M,20,10,2026-06-30,8280.0,10035.5,-17.492900204274818,-0.1740773898338821,ma_not_rising,0.13664813329689626,-1.7178835817641334,0.6984213721918571,0.9433047743335551,000490
1d_MA20,1D,20,10,2026-06-15,252000.0,344475.0,-26.845199216198566,-5.48734481102956,low_a,-0.29043801121923835,1.0562614508225838,0.20204377335468682,0.9829323652382315,000500
1w_MA10,1W,10,10,2026-06-21,252000.0,295180.0,-14.628362355173119,11.049245701817089,low_a,-0.2006730867182864,12.919245952519582,3.5766424785137065,0.9890578897671153,000500
1w_MA20,1W,20,10,2026-06-21,252000.0,198270.0,27.099409895596914,8.966502706713197,low_a,-0.13833927700663673,9.530732233176678,3.8274388555606618,0.9895043497992055,000500
1M_MA10,1M,10,10,2026-06-30,252000.0,141560.0,78.01638881039841,46.66390385412349,vertex_out,1.7476611840503329,-5.591888882347253,0.17775784934683836,0.9758798322063444,000500
1M_MA20,1M,20,10,2026-06-30,252000.0,99335.0,153.68701867418332,33.48338764403533,vertex_out,1.1871340308516576,-3.070748582810147,0.14370504008470308,0.9745668216130727,000500
1d_MA20,1D,20,10,2026-06-15,7520.0,7440.0,1.0752688172043001,-1.6393442622950838,low_a,0.028840485385610473,-1.4242445587779122,2.7435286421830503,0.9980953282605658,000520
1w_MA10,1W,10,10,2026-06-21,7520.0,8307.0,-9.473937642951725,-5.192878338278928,low_a,-0.056056461525109645,-1.9318311334916083,-1.9145687926193977,0.9978817536919533,000520
1w_MA20,1W,20,10,2026-06-21,7520.0,9330.0,-19.399785637727764,-2.1858782827488654,low_a,-0.03247942260180893,-0.6662268976073425,-1.1395709177591336,0.9968470681946467,000520
1M_MA10,1M,10,10,2026-06-30,7520.0,9403.0,-20.02552376900989,-5.316685127378918,low_a,0.030743627897595032,-2.2069967367049617,3.988173751821064,0.9844001064057368,000520
1M_MA20,1M,20,10,2026-06-30,7520.0,10494.0,-28.34000381170193,-7.521480502313283,low_r2,-0.23684295720341983,1.7371689295091277,0.40748260413688075,0.7189090454608026,000520
1d_MA20,1D,20,10,2026-06-15,3715.0,3719.0,-0.10755579456843689,-0.9784996338946916,low_a,0.07008612016842017,-1.5076500330912952,1.1950773558368404,0.9977266914399994,000540
1w_MA10,1W,10,10,2026-06-21,3715.0,4011.0,-7.379705809025183,-2.787203102278235,low_a,0.00611290827724483,-1.9966492591848948,18.146020488565327,0.9873126417069186,000540
1w_MA20,1W,20,10,2026-06-21,3715.0,4324.5,-14.094114926581103,0.2201622247972157,low_a,-0.06449426380430028,1.0168529035597096,0.8759201926384765,0.9964858540809105,000540
1M_MA10,1M,10,10,2026-06-30,3715.0,3969.0,-6.39959687578735,-3.3953997809419545,low_r2,-0.15041875738676366,2.122701453795611,0.7839970266539236,0.7561211647059345,000540
1M_MA20,1M,20,10,2026-06-30,3715.0,3854.25,-3.612894856327431,0.2862160931503377,low_r2,0.11090859170900108,-1.0000790400144564,0.5009525935848728,0.6869011516229613,000540
1d_MA20,1D,20,10,2026-06-15,6150.0,6370.0,-3.4536891679748827,-1.2173373652787478,low_a,0.008024433070915792,-0.7500131623794131,5.192565947242937,0.9987915900725415,000545
1w_MA10,1W,10,10,2026-06-21,6150.0,6637.0,-7.337652553864693,-2.554690941124649,low_a,0.054562966970783285,-1.5162841595756662,1.5438678199156863,0.9416643977113004,000545
1w_MA20,1W,20,10,2026-06-21,6150.0,6989.0,-12.004578623551298,-1.5009513071665093,low_a,-0.022237726199618182,-0.3232674252501085,-0.8076051140108093,0.9974062961036119,000545
1M_MA10,1M,10,10,2026-06-30,6150.0,7123.0,-13.659974729748702,-4.4277472158862246,low_r2,-0.2591543567098625,1.4897504926379856,0.3193614697758086,0.8180793218678338,000545
1M_MA20,1M,20,10,2026-06-30,6150.0,7215.5,-14.766821426096598,1.4981009987339977,low_a,0.08620354406751156,-0.2919685951198865,0.18816485658590854,0.9296194489128012,000545
1d_MA20,1D,20,10,2026-06-15,72700.0,73885.0,-1.6038438113284204,-0.6187369695339284,low_a,0.026766799606763866,-0.7778843762642571,1.6145299145299072,0.994714832716809,000590
1w_MA10,1W,10,10,2026-06-21,72700.0,76050.0,-4.404996712689025,-1.0667360478730292,low_a,0.014594144078013755,-0.9276577429496194,3.531316464979899,0.9974515537079965,000590
1w_MA20,1W,20,10,2026-06-21,72700.0,78945.0,-7.910570650452842,-0.7293303992455202,low_a,-0.019908037709676155,0.06412909351592591,0.17895924598433943,0.9307137768900763,000590
1M_MA10,1M,10,10,2026-06-30,72700.0,78260.0,-7.104523383593153,-3.0355594102341676,low_a,-0.22382105186081136,2.063003550186886,0.5120667041409035,0.8771496044401593,000590
1M_MA20,1M,20,10,2026-06-30,72700.0,77730.0,-6.471117972468798,0.6800077715173991,low_a,-0.020970366419863534,0.8932575317147892,2.3664545213474786,0.9936294649800073,000590
1d_MA20,1D,20,10,2026-06-15,84800.0,87855.0,-3.4773205850549216,-1.375168387965875,low_a,-0.00275822502703081,-0.6596838438891369,-13.287205387204256,0.9993456633793747,000640
1w_MA10,1W,10,10,2026-06-21,84800.0,92090.0,-7.9161689651428,-2.2087713709249224,low_a,0.021334062793170773,-1.4433304828649567,3.7585446149290838,0.9970538994175606,000640
1w_MA20,1W,20,10,2026-06-21,84800.0,97760.85,-13.257710013773416,-2.141389247858616,low_a,-0.0022677406292610424,-0.763532053084845,-18.705158273512442,0.9927077540194187,000640
1M_MA10,1M,10,10,2026-06-30,84800.0,102169.7,-17.000832927962005,-3.9191364828112807,low_a,-0.26456831854197305,2.4540051047992213,0.5153059054259406,0.9051479604048023,000640
1M_MA20,1M,20,10,2026-06-30,84800.0,102055.55,-16.90799765421871,-2.5278348841596077,low_r2,-0.11192311769556039,0.8198191061452904,0.4069356432765562,0.827806615817647,000640
1d_MA20,1D,20,10,2026-06-15,199900.0,219830.0,-9.066096529136146,-2.809646970400337,low_r2,-0.09496483444466923,0.9434111646569595,0.551906731331886,0.7064709479474474,000650
1w_MA10,1W,10,10,2026-06-21,199900.0,219010.0,-8.725628966713849,-1.577386302354844,low_r2,0.13829796773085498,-2.0766041259401176,0.8341908256387426,0.6897934683320286,000650
1w_MA20,1W,20,10,2026-06-21,199900.0,234680.0,-14.820180671552752,-3.813759042564091,vertex_out,0.1318255813043436,-3.1727416566643107,1.337095756576282,0.9801216941504204,000650
1M_MA10,1M,10,10,2026-06-30,199900.0,202960.0,-1.5076862435947969,18.024016514988507,low_a,-0.2686894378289049,18.961061629939273,3.9204827747832027,0.9857227518042683,000650
1M_MA20,1M,20,10,2026-06-30,199900.0,121070.0,65.11109275625671,14.780053090633306,low_a,-0.14663524001778233,13.362993905551606,5.062824940433102,0.9850485115110535,000650
1d_MA20,1D,20,10,2026-06-15,2288000.0,2087050.0,9.628422893557897,1.1927561880288096,low_a,-0.11103896103896001,2.0169000564652704,1.009105291408884,0.9850984233332878,000660
1w_MA10,1W,10,10,2026-06-21,2288000.0,1792300.0,27.657200245494607,16.473875747335587,vertex_out,0.5356922780868164,2.471523128510472,-0.25631663193500714,0.9975745296367655,000660
1w_MA20,1W,20,10,2026-06-21,2288000.0,1365900.0,67.50860238670472,11.247760221534442,vertex_out,0.21659620173958774,3.782026747818723,-0.9700659356605765,0.9981492913050114,000660
1M_MA10,1M,10,10,2026-06-30,2288000.0,1077150.0,112.41238453325906,60.93679964141641,vertex_out,1.9308742122677462,-0.8160025347075381,0.02347821202561723,0.9899635332885257,000660
1M_MA20,1M,20,10,2026-06-30,2288000.0,645095.0,254.67644300451872,49.29644287069823,vertex_out,1.513288341323156,-1.0859667349978115,0.039867805513458775,0.9888667313659617,000660
1d_MA20,1D,20,10,2026-06-15,48850.0,51392.5,-4.947219925086344,-2.9414542020774315,low_a,0.014144508074823389,-1.8652630673756114,7.326216324890154,0.997578594528256,000670
1w_MA10,1W,10,10,2026-06-21,48850.0,57860.0,-15.572070515036296,-3.9588347580712058,low_a,-0.24612737909582785,1.859717337824238,0.41977300639478377,0.964417969953624,000670
1w_MA20,1W,20,10,2026-06-21,48850.0,58465.0,-16.44573676558625,-2.0563722410688157,low_r2,-0.0991872090721748,1.1832526941813015,0.6627493746700373,0.7559366976109918,000670
1M_MA10,1M,10,10,2026-06-30,48850.0,55864.7,-12.556587612571079,4.164165022729205,low_a,-0.01685958516845271,4.096377421627151,13.498346557753203,0.9893457479492659,000670
1M_MA20,1M,20,10,2026-06-30,48850.0,47629.3,2.562918203710729,3.1696486591864304,low_a,0.09092865024177478,1.9402754797638322,-1.1854688475247934,0.9815534808593553,000670
1d_MA20,1D,20,10,2026-06-15,3200.0,3402.0,-5.937683715461494,-1.654983016549827,low_a,0.07077878194624883,-1.9841810214059028,1.557419835943316,0.9990995013352583,000680
1w_MA10,1W,10,10,2026-06-21,3200.0,3615.5,-11.492186419582351,0.055348000553490095,low_a,-0.16517131852676778,2.4608163801835876,0.8276983094928481,0.9815882587710705,000680
1w_MA20,1W,20,10,2026-06-21,3200.0,3467.75,-7.7211448345469,-1.0133447513023586,low_a,-0.1407090467221841,1.6606511225005387,0.6556678326208074,0.9763169965507573,000680
1M_MA10,1M,10,10,2026-06-30,3200.0,3468.0,-7.7277970011534025,-3.9867109634551534,low_r2,-0.03387691381000832,-0.3193226376533792,-0.5236647776060948,0.779308334123127,000680
1M_MA20,1M,20,10,2026-06-30,3200.0,3537.0,-9.52784845914617,-0.183434457457321,ma_not_rising,0.16229906966018734,-2.3252095672311515,0.7959276018099538,0.960244595863266,000680
1d_MA20,1D,20,10,2026-06-15,5780.0,5533.5,4.454685099846389,-0.3062787136294043,low_a,0.048572049123384954,-0.9201472817706811,1.0524425951610346,0.998661014662624,000700
1w_MA10,1W,10,10,2026-06-21,5780.0,5877.0,-1.65050195678067,-2.0663222796200587,low_a,-0.11638106256092316,-0.10042647558072429,-0.047939488784551586,0.9657632785667553,000700
1w_MA20,1W,20,10,2026-06-21,5780.0,6154.0,-6.077348066298338,-0.4207119741100329,low_a,-0.03090091574085603,0.12841725082512165,0.23087638477568045,0.9541329396270561,000700
1M_MA10,1M,10,10,2026-06-30,5780.0,5898.0,-2.0006781959986397,-0.9239039139929406,low_a,-0.07403105192790131,1.2163731185834217,0.9128099980472797,0.9477124719578978,000700
1M_MA20,1M,20,10,2026-06-30,5780.0,5748.0,0.5567153792623625,0.81557484872401,low_a,0.04644437002560045,0.021395418064037594,-0.025592646347356935,0.9747882455884175,000700
1d_MA20,1D,20,10,2026-06-15,145000.0,139605.0,3.864474768095705,-0.975315647609587,low_a,0.028996513568190368,-1.3775277045794245,2.63925925925912,0.9852961799208707,000720
1w_MA10,1W,10,10,2026-06-21,145000.0,156250.0,-7.199999999999996,-1.7666289450521844,low_r2,-0.22568313710312027,1.9036037815176137,0.46860286948042984,0.7725622019652287,000720
1w_MA20,1W,20,10,2026-06-21,145000.0,152100.0,-4.667981591058512,3.073221969979323,low_a,-0.15659323067024447,3.9784296922620803,1.4114522757230288,0.9981367282809248,000720
1M_MA10,1M,10,10,2026-06-30,145000.0,112500.0,28.888888888888896,16.870974444213594,vertex_out,0.4669044886139984,5.291548158747728,-0.6296253406791373,0.9927577204604451,000720
1M_MA20,1M,20,10,2026-06-30,145000.0,79592.5,82.17796902974526,17.198601141174308,vertex_out,0.6655457971646058,2.0154422959424783,-0.16823638120511805,0.9950192892055789,000720
1d_MA20,1D,20,10,2026-06-15,57900.0,58330.0,-0.7371849819989729,-2.1883122327492233,low_a,0.03832988944621663,-1.8002709174911067,2.609322709163206,0.9982176098274849,000725
1w_MA10,1W,10,10,2026-06-21,57900.0,65640.0,-11.791590493601467,-4.938450398262129,low_a,-0.2234569830894429,0.8944471633668173,0.22237617455008923,0.9900486941227257,000725
1w_MA20,1W,20,10,2026-06-21,57900.0,68360.0,-15.30134581626682,-1.1924550119245536,low_a,-0.1580556528745545,1.811939367790703,0.6368851501343579,0.9785819463342392,000725
1M_MA10,1M,10,10,2026-06-30,57900.0,61230.0,-5.438510534051932,0.9729551451187257,low_a,-0.08176319064571223,2.4937970483685556,1.6944578528649332,0.9647837387354269,000725
1M_MA20,1M,20,10,2026-06-30,57900.0,56817.5,1.9052228626743606,2.171372055385712,low_a,0.08914035303132695,0.6210265216887079,-0.38704663212434715,0.9782654479019359,000725
1d_MA20,1D,20,10,2026-06-15,12580.0,13750.0,-8.509090909090911,-1.8628220683748475,low_a,0.002760106959665028,-1.0757845459455775,21.65343915343807,0.998224171886439,000760
1w_MA10,1W,10,10,2026-06-21,12580.0,14646.0,-14.106240611771137,-3.428722141632601,low_a,-0.07790221843134176,-0.16828253637448462,-0.12000980186234542,0.9918017236041284,000760
1w_MA20,1W,20,10,2026-06-21,12580.0,15256.0,-17.54063974829575,-1.510652033570048,low_r2,-0.036028177526543526,0.1215288663960539,0.18739786889568483,0.8340393273651201,000760
1M_MA10,1M,10,10,2026-06-30,12580.0,14501.0,-13.247362250879247,1.3276500593948803,low_a,-0.18475008154367537,4.535980329438745,1.3639988956187186,0.9877250509280697,000760
1M_MA20,1M,20,10,2026-06-30,12580.0,12869.5,-2.249504642760014,1.0164835164835129,low_a,0.06020421704325195,-0.10115995868747722,0.0933489044600036,0.9439984535497945,000760
1d_MA20,1D,20,10,2026-06-15,676000.0,610400.0,10.747051114023588,2.4676850763807323,low_a,-0.06144693768204686,2.0138505839482788,1.820767514502437,0.9976435270907769,000810
1w_MA10,1W,10,10,2026-06-21,676000.0,561300.0,20.4347051487618,8.067000385059675,pass,0.5254309487457336,-3.2171027395373213,0.3401549345369558,0.9870553750654749,000810
1w_MA20,1W,20,10,2026-06-21,676000.0,531900.0,27.091558563639783,3.2715270362100757,vertex_out,0.16881843085210463,-0.7146215337337217,0.23517098292022862,0.9954750023673357,000810
1M_MA10,1M,10,10,2026-06-30,676000.0,504900.0,33.88789859378094,7.689026341047245,low_a,0.00669325784348933,2.3184182291003634,-19.243396226410937,0.9785967636112483,000810
1M_MA20,1M,20,10,2026-06-30,676000.0,450950.0,49.90575451823926,6.670609107037251,low_a,0.03347349112621252,1.6183239959666937,-2.685913110342165,0.9817427435119144,000810
1d_MA20,1D,20,10,2026-06-15,424000.0,392525.0,8.01859754155787,1.0035381151495715,low_a,0.00311923310289446,0.34265880875357924,-6.102974628169065,0.9942510139965446,000815
1w_MA10,1W,10,10,2026-06-21,424000.0,388000.0,9.278350515463906,2.469298824772226,pass,0.19788644225691562,-2.0201426839374745,0.567144205674936,0.9718497856600468,000815
1w_MA20,1W,20,10,2026-06-21,424000.0,392650.0,7.9842098561059505,1.139802949320634,low_a,0.04613660313529118,-0.2073698276802726,0.24970511913186297,0.9914337973377627,000815
1M_MA10,1M,10,10,2026-06-30,424000.0,373300.0,13.581569783016345,3.564988209182962,low_a,-0.0756827859838153,3.080222413624511,2.2610619469026756,0.9905494127768715,000815
1M_MA20,1M,20,10,2026-06-30,424000.0,335250.0,26.47278150633856,3.937374050534803,low_a,-0.029663667939506772,2.1180839525930466,3.9668503213959005,0.9966476087534358,000815
1d_MA20,1D,20,10,2026-06-15,33700.0,33932.5,-0.685183820820745,-0.42550069694079484,low_a,0.04556481722045851,-1.0734591020453412,1.308830374359979,0.9951755369038561,000850
1w_MA10,1W,10,10,2026-06-21,33700.0,35540.0,-5.177265053460889,-1.3873473917869084,low_a,0.018983774926723887,-1.0417679989787707,3.0487087087084928,0.98939259280916,000850
1w_MA20,1W,20,10,2026-06-21,33700.0,37232.5,-9.487678775263541,-1.566424322538007,low_a,-0.0689153707288154,0.3508754095805385,0.28285530649956037,0.9971660226809614,000850
1M_MA10,1M,10,10,2026-06-30,33700.0,35450.0,-4.936530324400568,1.4596451058958237,low_a,-0.08920802202849591,2.9755318436863165,1.8530544775046722,0.9786175726941587,000850
1M_MA20,1M,20,10,2026-06-30,33700.0,32220.0,4.593420235878343,1.8411694982220395,low_a,0.0709033075204551,0.4124121595375658,-0.3231412954094701,0.9718820096084386,000850
1d_MA20,1D,20,10,2026-06-15,13320.0,13684.0,-2.6600409237065192,-1.4263074484944571,low_a,0.05472122348659452,-1.4250280856079838,1.4467554256643362,0.9978286248971188,000860
1w_MA10,1W,10,10,2026-06-21,13320.0,14741.0,-9.639780204870775,-0.8341742347796832,low_a,0.016665854422946318,-1.0450456500782774,3.4836552748881777,0.9779536391693041,000860
1w_MA20,1W,20,10,2026-06-21,13320.0,15417.5,-13.604670017836874,-2.4332362992026346,low_a,-0.21198080581288234,1.970399001238662,0.5163986935522502,0.9784786360960519,000860
1M_MA10,1M,10,10,2026-06-30,13320.0,14135.0,-5.765829501238063,1.6833321343788121,low_a,0.09836512744534069,1.1047952660900524,-0.6239763661861446,0.9229979330086816,000860
1M_MA20,1M,20,10,2026-06-30,13320.0,13221.45,0.745379667131818,0.3148722111995905,low_a,0.026057853418185405,0.44888960143732076,-0.9570362834859671,0.916340413968903,000860
1d_MA20,1D,20,10,2026-06-15,120200.0,128515.0,-6.470061860483211,-1.885712104439441,low_a,-0.027626792932036605,-0.5177008423858872,-1.0410603207213034,0.996984714433328,000880
1w_MA10,1W,10,10,2026-06-21,120200.0,131480.0,-8.579251597201099,-0.2125075895567652,low_a,-0.018801555222145806,0.9200955744740048,2.718733647305029,0.9575560201632088,000880
1w_MA20,1W,20,10,2026-06-21,120200.0,126770.0,-5.1826141831663675,0.11055831951354289,low_a,-0.18238468254170884,3.2611733627452884,0.9933745279780352,0.9826991037187708,000880
1M_MA10,1M,10,10,2026-06-30,120200.0,108670.0,10.610103984540341,6.916568280204638,low_a,-0.21369059207374097,7.921619196935866,2.0594727690840893,0.9923013546331455,000880
1M_MA20,1M,20,10,2026-06-30,120200.0,82852.5,45.077094837210694,13.48880213683994,vertex_out,0.26693278633653783,4.361908673185667,-0.9078250107347565,0.9982366844901207,000880
1d_MA20,1D,20,10,2026-06-15,1419.0,1512.5,-6.181818181818177,-4.592190752538949,low_a,0.011172294003089812,-2.483183678436062,12.347925033466778,0.9997530622974119,000890
1w_MA10,1W,10,10,2026-06-21,1419.0,1775.3,-20.069847349743707,-7.986938944749666,low_a,-0.21843295295738255,-0.7179288684679086,-0.18259578784748565,0.9966902591961535,000890
1w_MA20,1W,20,10,2026-06-21,1419.0,2015.4,-29.592140518011313,-3.2197651804364957,low_a,-0.1435376235290008,0.3740358415638849,0.1447687962562162,0.9889743583957166,000890
1M_MA10,1M,10,10,2026-06-30,1419.0,2024.2,-29.898231400059284,-7.990909090909093,low_a,-0.20451056031038484,0.3676604949384685,0.09987544418800337,0.9625977443870252,000890
1M_MA20,1M,20,10,2026-06-30,1419.0,2200.85,-35.52491082990662,-3.2805976708415785,low_a,-0.03247413961699668,-0.38781985210555925,-0.663467842206387,0.950798936950888,000890
1d_MA20,1D,20,10,2026-06-15,3155.0,3490.25,-9.605329131151063,-3.4508990318118937,low_a,0.011067834708852461,-1.8549590810632388,9.311060834588112,0.9996290891888313,000910
1w_MA10,1W,10,10,2026-06-21,3155.0,3907.0,-19.24750447914001,-5.775955625226093,low_a,-0.27781027020704274,1.257403843086393,0.25145135566188387,0.9911263184390228,000910
1w_MA20,1W,20,10,2026-06-21,3155.0,4143.5,-23.85664293471703,-2.9113701599203345,low_a,-0.14124041051949526,0.7317968060765025,0.2878452276216631,0.9924715149832846,000910
1M_MA10,1M,10,10,2026-06-30,3155.0,4141.0,-23.81067375030186,-6.121060983903881,low_a,0.0250847353145824,-1.899865086839237,4.207660916342211,0.964956213646109,000910
1M_MA20,1M,20,10,2026-06-30,3155.0,4543.25,-30.556319815110335,-2.32720627754488,low_a,0.042803842169333584,-1.1531154123412701,1.4966405842461823,0.9712145725726508,000910
1d_MA20,1D,20,10,2026-06-15,26900.0,27240.0,-1.2481644640234935,-0.963461188874748,low_a,0.061982921336720696,-1.4663109888429453,1.3142607648298317,0.9990724575535385,000950
1w_MA10,1W,10,10,2026-06-21,26900.0,29730.0,-9.519004372687522,-4.220360824742264,low_a,-0.01496647509578531,-2.395815192151395,-8.893265993266056,0.9964230317654749,000950
1w_MA20,1W,20,10,2026-06-21,26900.0,33612.5,-19.970249163257712,-2.7908321885619314,low_a,-0.03417343061245746,-0.8551335885942292,-1.3901859057501271,0.9993815021217491,000950
1M_MA10,1M,10,10,2026-06-30,26900.0,34040.0,-20.975323149236193,-3.8961038961038974,low_a,-0.6070904761080398,8.232075188610962,0.7533267749649188,0.9796547363518073,000950
1M_MA20,1M,20,10,2026-06-30,26900.0,29513.5,-8.855269622376206,2.4827681997326323,low_a,-0.07563792015048461,3.327211780795457,2.443815199642248,0.9942793431639492,000950
1d_MA20,1D,20,10,2026-06-15,6770.0,6728.5,0.6167793713309111,-0.23723033582919717,low_a,0.02845644878206695,-0.5938691179157524,1.1594113174757468,0.999026190262739,000970
1w_MA10,1W,10,10,2026-06-21,6770.0,6979.0,-2.994698380856853,-0.5840455840455894,low_a,-0.06120217301805542,0.6456261063469679,0.5860595343353976,0.9754828520065835,000970
1w_MA20,1W,20,10,2026-06-21,6770.0,6931.5,-2.32994301377768,0.02886211126342797,low_a,0.012548606755471215,-0.1850428463993706,0.8192270531400785,0.930681575378235,000970
1M_MA10,1M,10,10,2026-06-30,6770.0,6893.0,-1.7844189757725282,-0.7630290814857443,low_a,-0.13011818415689064,1.5119854347061656,0.6455607366586578,0.9235467928008312,000970
1M_MA20,1M,20,10,2026-06-30,6770.0,6757.5,0.18497965223824853,0.4608637478629385,low_a,-0.0015032277988009113,0.2730599115126456,10.091614255761241,0.9675230583894279,000970
1d_MA20,1D,20,10,2026-06-15,161200.0,174640.0,-7.695831424644983,-0.93314802734209,low_a,-0.07541320271043107,0.5542907854333756,0.40833609258471454,0.926588781392922,000990
1w_MA10,1W,10,10,2026-06-21,161200.0,162490.0,-0.7938950089236285,10.177651206943317,vertex_out,0.12296198333107179,5.338763873528669,-2.412111328549678,0.9977520419340283,000990
1w_MA20,1W,20,10,2026-06-21,161200.0,127170.0,26.759455846504675,5.767871252131251,low_a,-0.04965106628046904,4.910218732885034,5.494140409065695,0.9975229821046417,000990
1M_MA10,1M,10,10,2026-06-30,161200.0,103200.0,56.20155038759691,32.82708024969432,vertex_out,1.1301074639398823,-0.054880355183688494,0.0026978926505685113,0.9938853694656267,000990
1M_MA20,1M,20,10,2026-06-30,161200.0,71532.5,125.35211267605635,22.9873200085966,vertex_out,0.7736930794989276,-1.0470567798098351,0.07518462119141525,0.98962544786924,000990
1d_MA20,1D,20,10,2026-06-15,2520.0,2756.0,-8.563134978229314,-3.3067274800456126,low_a,0.021291415124256932,-2.042488932893245,5.329453524847292,0.9996891634673912,001020
1w_MA10,1W,10,10,2026-06-21,2520.0,2993.5,-15.81760481042258,-4.131305044035227,low_a,-0.16508081787719736,0.05405507529925291,0.018191451783824707,0.9790299327617675,001020
1w_MA20,1W,20,10,2026-06-21,2520.0,3157.25,-20.183704172935315,-1.9411444987964876,low_a,-0.1352646440896276,1.0422555380866705,0.4280725820037079,0.9041424643450187,001020
1M_MA10,1M,10,10,2026-06-30,2520.0,3218.5,-21.702656517011032,-6.343663611232353,low_a,-0.025594870140051903,-1.215831928315355,-2.6390529770277227,0.9249517858064086,001020
1M_MA20,1M,20,10,2026-06-30,2520.0,3530.5,-28.622008214133977,-3.3798576902025146,low_a,0.030153784299931336,-1.369712808048324,2.523569023568891,0.9717094355235937,001020
1d_MA20,1D,20,10,2026-06-15,174300.0,175495.0,-0.6809310806575652,-1.8648996253425087,low_a,0.017841256866878066,-1.2638129375786633,3.935363432596957,0.9984368836092262,001040
1w_MA10,1W,10,10,2026-06-21,174300.0,196520.0,-11.306737227763076,-2.330898066696485,low_r2,-0.13831326563348997,0.8370370634910662,0.3362082362082368,0.8278493438938024,001040
1w_MA20,1W,20,10,2026-06-21,174300.0,200725.0,-13.164777680906713,-1.520912547528519,low_a,-0.1479202930754256,1.6411668720442238,0.6163855914570083,0.9556741183676966,001040
1M_MA10,1M,10,10,2026-06-30,174300.0,188780.0,-7.670304057633226,1.119502919277937,low_a,-0.2659204389754898,6.410162068078204,1.3391979806638994,0.9892886333236883,001040
1M_MA20,1M,20,10,2026-06-30,174300.0,156685.0,11.242301432811065,3.7855203020467743,low_a,0.04643249709039141,2.1090267899478503,-2.523408438900203,0.9942918348919659,001040
1d_MA20,1D,20,10,2026-06-15,73100.0,79580.0,-8.142749434531293,-1.613401743215681,low_a,-0.0227203877612832,-0.5568652290857703,-1.361638608305355,0.9948626129195248,001045
1w_MA10,1W,10,10,2026-06-21,73100.0,83680.0,-12.643403441682599,-2.68635887893941,low_a,-0.03567779538112046,-0.5972152705100824,-0.929951690821291,0.9756427053012038,001045
1w_MA20,1W,20,10,2026-06-21,73100.0,88065.0,-16.993130074376882,-2.4804828082608976,low_a,-0.09140240147783349,0.40944693904208823,0.24886711728817554,0.9755831332433779,001045
1M_MA10,1M,10,10,2026-06-30,73100.0,89290.0,-18.131929667375967,-1.954540463379817,low_a,-0.37761378921680505,5.508376353747417,0.8104071336383927,0.9873147173765584,001045
1M_MA20,1M,20,10,2026-06-30,73100.0,79675.0,-8.252274866645749,2.252310061601648,low_a,-0.05057176109807679,2.444394154920471,2.685286656519539,0.9961966992990612,001045
1d_MA20,1D,20,10,2026-06-15,28050.0,27732.5,1.1448661317948305,-1.0172213794949592,low_a,0.02644272432919239,-0.9389655473531183,1.972745016032242,0.9972159484891742,001060
1w_MA10,1W,10,10,2026-06-21,28050.0,29425.0,-4.672897196261683,-2.0309638754786086,low_a,0.03379050180596793,-1.5959326932099411,2.62390087929659,0.9865592153228422,001060
1w_MA20,1W,20,10,2026-06-21,28050.0,31350.0,-10.526315789473683,-0.7440240620547711,low_a,-0.08779651414605408,1.0428872376134963,0.6599143534449817,0.9757383446134031,001060
1M_MA10,1M,10,10,2026-06-30,28050.0,28085.0,-0.12462168417304298,4.347018391231661,vertex_out,0.13179416089981513,1.7447713245244276,-0.7354782608695456,0.971281890023175,001060
1M_MA20,1M,20,10,2026-06-30,28050.0,25335.0,10.716400236826518,0.25722200237434656,low_r2,0.11234503280564909,-1.1203475366234223,0.5540211993180586,0.648500931699945,001060
1d_MA20,1D,20,10,2026-06-15,21050.0,23502.5,-10.435060099989368,-1.7761989342806372,low_a,-0.015253255137558482,-0.7082930322201408,-2.5797518330515152,0.9995624549803072,001065
1w_MA10,1W,10,10,2026-06-21,21050.0,24540.0,-14.221678891605539,-4.215456674473073,low_a,-0.07168783507052187,-0.6108781436230276,-0.4734091162376163,0.9934767357712785,001065
1w_MA20,1W,20,10,2026-06-21,21050.0,26255.0,-19.82479527709008,-2.59692079391578,low_a,-0.053364476966114155,-0.35635343889095294,-0.3709848647873143,0.9978285900102565,001065
1M_MA10,1M,10,10,2026-06-30,21050.0,26730.0,-21.249532360643475,-4.722865799322761,low_a,-0.11158228113730558,0.398158401372284,0.19823856406134813,0.8565998516533694,001065
1M_MA20,1M,20,10,2026-06-30,21050.0,27875.0,-24.484304932735423,-2.798361084473888,low_a,-0.07238922095073468,0.10131875243096389,0.077757703502967,0.9571429741102183,001065
1d_MA20,1D,20,10,2026-06-15,44450.0,48565.0,-8.473180273859771,-2.0224945781005754,low_a,-0.003434701838013343,-0.8980102622917472,-14.525120772947389,0.9998720511434925,001067
1w_MA10,1W,10,10,2026-06-21,44450.0,51035.0,-12.902909767806403,-4.123614503099759,low_a,-0.09892975487898616,-0.24700525895590422,-0.1387096774193458,0.9931481056207868,001067
1w_MA20,1W,20,10,2026-06-21,44450.0,54207.5,-18.000276714476783,-2.592093441150045,low_a,-0.0609905751190776,-0.2551984611937597,-0.2324571011318023,0.9986752620661343,001067
1M_MA10,1M,10,10,2026-06-30,44450.0,56405.0,-21.194929527524152,-5.360738255033559,low_a,-0.18444276092882786,0.8030971337519647,0.24189893496487602,0.9784518430747189,001067
1M_MA20,1M,20,10,2026-06-30,44450.0,59202.5,-24.918711203074196,-1.8688877838554663,low_r2,-0.05924435290882522,0.4197570950068061,0.39362128990382533,0.804199999293421,001067
1d_MA20,1D,20,10,2026-06-15,5920.0,5972.0,-0.8707300736771617,-0.9372148959110871,low_a,0.033228627740823614,-1.0289911308203952,1.7203892493048665,0.9987963092473459,001070
1w_MA10,1W,10,10,2026-06-21,5920.0,6352.0,-6.801007556675065,-2.6960784313725505,low_a,-0.07644803770939043,-0.31626773560573834,-0.22983493471299532,0.9949888167313202,001070
1w_MA20,1W,20,10,2026-06-21,5920.0,6643.5,-10.890343945209601,-0.8654778780869954,low_a,-0.04379914642147511,0.27695838872387185,0.351298561923162,0.9540058967268048,001070
1M_MA10,1M,10,10,2026-06-30,5920.0,6517.0,-9.160656743900564,-1.3771186440677985,low_a,-0.1497346529179548,2.688504889892253,0.9975071225071227,0.944780484449225,001070
1M_MA20,1M,20,10,2026-06-30,5920.0,6157.5,-3.8570848558668325,0.3176930596285432,low_r2,0.08921964955618117,-0.6147184011041185,0.3827746741154527,0.7924904014836254,001070
1d_MA20,1D,20,10,2026-06-15,4330.0,4826.5,-10.286957422562937,-3.1115125966074464,low_a,-0.07193516433930658,-0.10495593703888151,-0.08105751122699362,0.9850316260340181,001080
1w_MA10,1W,10,10,2026-06-21,4330.0,5007.0,-13.521070501298183,-3.4702139965297807,low_r2,-0.10015269445132248,0.591537368001839,0.3281308335362448,0.7408779179247225,001080
1w_MA20,1W,20,10,2026-06-21,4330.0,5105.0,-15.181194906953966,-1.7324350336862415,low_a,-0.12147004471916843,1.622823397687509,0.7422147216255756,0.9263062152939774,001080
1M_MA10,1M,10,10,2026-06-30,4330.0,4821.5,-10.193923052991805,9.604455558081382,vertex_out,0.15835262928286128,4.601235020670238,-1.614271698377665,0.9960889732797451,001080
1M_MA20,1M,20,10,2026-06-30,4330.0,3768.0,14.91507430997876,4.732124244319369,vertex_out,0.1917703754021243,-0.8119293883427404,0.23521457965902112,0.9871505436431812,001080
1d_MA20,1D,20,10,2026-06-15,40900.0,41690.0,-1.894938834252824,-1.2611759133163591,low_a,0.06806806597156878,-1.6586616875748927,1.3537606837606866,0.9997572635985461,001120
1w_MA10,1W,10,10,2026-06-21,40900.0,45805.0,-10.708437943455952,-4.093383584589616,low_a,-0.29120357126797897,2.5470366518661187,0.48592136284128074,0.9505829325376064,001120
1w_MA20,1W,20,10,2026-06-21,40900.0,45585.0,-10.277503564769109,0.7236369662486863,low_a,-0.14209228090288267,2.5922291935931723,1.0135155271089527,0.9992087363712816,001120
1M_MA10,1M,10,10,2026-06-30,40900.0,38850.0,5.276705276705274,5.714285714285716,vertex_out,0.2286565644244349,1.8647032350832013,-0.4530577306278225,0.9873093221546533,001120
1M_MA20,1M,20,10,2026-06-30,40900.0,33390.0,22.491764001197968,3.462700441552413,vertex_out,0.15679470889127878,0.3086159217035965,-0.10934890025799072,0.9893467872348459,001120
1d_MA20,1D,20,10,2026-06-15,11970.0,12191.0,-1.8128127307029729,-2.976522085157185,low_a,0.010326673467807426,-1.6698375628726538,8.983411142235138,0.9998324756318294,001130
1w_MA10,1W,10,10,2026-06-21,11970.0,13784.0,-13.1601857225769,-3.6286093826469967,low_a,-0.2126591357360578,0.8255846717385129,0.21567761449717582,0.9727328604126196,001130
1w_MA20,1W,20,10,2026-06-21,11970.0,14426.5,-17.027692094409595,-1.666553063867493,low_a,-0.09449382585825454,0.46715417099531037,0.27465296556698077,0.9820183732640322,001130
1M_MA10,1M,10,10,2026-06-30,11970.0,14079.0,-14.979757085020239,-3.9500613999181367,low_a,-0.20447963766208302,2.3331978655733927,0.6339120370370368,0.8684641903896598,001130
1M_MA20,1M,20,10,2026-06-30,11970.0,13812.5,-13.339366515837103,-1.2969844218950977,low_r2,-0.046013610826081505,0.5871774966273119,0.7089417989418121,0.7926720342262861,001130
1d_MA20,1D,20,10,2026-06-15,4795.0,4871.5,-1.570358205891409,-2.657608152662605,low_a,-0.011132607559843993,-1.4273598444597109,-7.1230184581986515,0.9965409662744468,001200
1w_MA10,1W,10,10,2026-06-21,4795.0,5206.5,-7.903582060885428,0.1827977679430548,low_r2,-0.08780871696279856,1.2053048495646999,0.762582381880621,0.7844073967006884,001200
1w_MA20,1W,20,10,2026-06-21,4795.0,5080.0,-5.6102362204724425,1.4731585518102275,low_a,-0.12626328718854432,2.9424739070413692,1.2946817420435481,0.9946187680937048,001200
1M_MA10,1M,10,10,2026-06-30,4795.0,4346.5,10.318647187392148,6.6625766871165615,low_a,0.07510565658226658,3.6032963857102565,-2.665353605160074,0.9925876673921744,001200
1M_MA20,1M,20,10,2026-06-30,4795.0,3623.75,32.32149016902379,1.82648401826484,pass,0.1634383479127337,-1.572394748145689,0.534484500739778,0.9204749461956647,001200
1d_MA20,1D,20,10,2026-06-15,512.0,618.2,-17.178906502749925,-4.914250557563626,low_a,0.022160560575716377,-2.7891906930648687,6.992379004771392,0.9997047064661484,001210
1w_MA10,1W,10,10,2026-06-21,512.0,739.6,-30.773391022174145,-8.11280904460181,low_a,-0.3590898122148118,1.8166918948169055,0.2810643021792335,0.9970957077284224,001210
1w_MA20,1W,20,10,2026-06-21,512.0,792.15,-35.365776683708894,-6.121118748518606,low_a,-0.4359267736613122,3.8156731693910357,0.48627855766584094,0.9239400417177197,001210
1M_MA10,1M,10,10,2026-06-30,512.0,748.6,-31.605663905957794,-13.715998155832176,low_a,-0.33251604232815035,0.8572237069105543,0.14322177943466047,0.8897227025439172,001210
1M_MA20,1M,20,10,2026-06-30,512.0,844.85,-39.397526188080725,-2.790242779887242,low_r2,0.0003798873173778245,0.25944516071825924,-37.94183006527679,0.31399108894184125,001210
1d_MA20,1D,20,10,2026-06-15,1955.0,2150.1,-9.073996558299612,-2.9102978031654403,low_a,0.016719091966517507,-1.7562918231488287,5.835948994605379,0.999752007130139,001230
1w_MA10,1W,10,10,2026-06-21,1955.0,2287.5,-14.535519125683061,-3.858277644685415,low_a,-0.3778669162715337,3.5786264941215453,0.5261444557477124,0.9671991665539895,001230
1w_MA20,1W,20,10,2026-06-21,1955.0,2224.95,-12.132856918132983,1.1065164046169196,low_a,-0.12317584443536204,2.6107209304290913,1.1775040175723457,0.9943839339949033,001230
1M_MA10,1M,10,10,2026-06-30,1955.0,1922.3,1.7010872392446474,2.4243393009377723,vertex_out,0.2020202020202018,-0.13709981167607294,0.03770244821092009,0.9610015432877675,001230
1M_MA20,1M,20,10,2026-06-30,1955.0,1804.25,8.355272273797976,1.191811553561406,pass,0.15372679258657396,-0.9586049321153494,0.34643167053636337,0.9185619726951033,001230
1d_MA20,1D,20,10,2026-06-15,3120.0,3275.75,-4.754636342822249,-2.825571047167008,low_a,0.08813030678685031,-2.8841478568683026,1.8181082346645256,0.9994927812094797,001250
1w_MA10,1W,10,10,2026-06-21,3120.0,3686.5,-15.366879153668789,-1.6802240298706472,low_a,-0.5238987273832298,7.624803880555922,0.8085536258166519,0.9971647357306878,001250
1w_MA20,1W,20,10,2026-06-21,3120.0,3207.5,-2.727981293842552,2.3125996810207328,low_a,-0.22370206133234105,4.346059864436174,1.0793274268838735,0.9972830288801907,001250
1M_MA10,1M,10,10,2026-06-30,3120.0,2854.5,9.301103520756705,4.140824516599784,pass,0.43916282390156336,-2.892978774977955,0.36597142177580094,0.8744461467241241,001250
1M_MA20,1M,20,10,2026-06-30,3120.0,2753.75,13.300045392646398,-1.139831269071978,low_r2,0.03821956496908673,-0.9707904196649736,1.4111306901614706,0.8419031824319424,001250
1d_MA20,1D,20,10,2026-06-15,8020.0,7967.5,0.6589268904926282,-1.1046980698814601,low_a,0.045351196401276946,-1.6436352394887592,2.0134654894774844,0.9921686844444259,001260
1w_MA10,1W,10,10,2026-06-21,8020.0,8844.0,-9.317051108095885,-3.639137066899112,low_a,-0.22188908150122386,1.6606508069408683,0.4157860203809654,0.9638710203649774,001260
1w_MA20,1W,20,10,2026-06-21,8020.0,8944.5,-10.335960646207166,-0.18413123535320208,low_a,-0.05534803934561783,0.6937322402031963,0.6963332480600352,0.8917425694564246,001260
1M_MA10,1M,10,10,2026-06-30,8020.0,8257.0,-2.8702918735618255,-2.9387563183260856,low_r2,-0.06253732865763165,0.5081203009144986,0.4513928914505394,0.3512254793246262,001260
1M_MA20,1M,20,10,2026-06-30,8020.0,8359.5,-4.061247682277647,2.119472269728795,low_a,0.03640722960737324,0.8154551409489353,-1.2443425076451609,0.9922492403568197,001260
1d_MA20,1D,20,10,2026-06-15,61700.0,61735.0,-0.05669393374908571,-1.7740652346857622,low_a,0.025223137183739548,-1.4004913373704349,3.0846707818928896,0.9980686546928423,001270
1w_MA10,1W,10,10,2026-06-21,61700.0,67570.0,-8.687287257658728,-3.650363610437757,low_a,-0.021917749854155517,-1.7218338478883437,-4.364382139148312,0.9948209622824659,001270
1w_MA20,1W,20,10,2026-06-21,61700.0,73300.0,-15.825375170532062,-1.1596548004314977,low_a,-0.11382892552948322,1.4043663098681243,0.6854176140670046,0.9849377933724809,001270
1M_MA10,1M,10,10,2026-06-30,61700.0,67990.0,-9.251360494190319,0.5025868440502679,low_a,-0.32515696051480214,9.16217296590697,1.5654273813212196,0.9779463120326628,001270
1M_MA20,1M,20,10,2026-06-30,61700.0,51895.0,18.893920416225065,6.675574284392827,low_a,0.007109557795312105,5.125037286176147,-40.048101706718505,0.9939542208524736,001270
1d_MA20,1D,20,10,2026-06-15,31950.0,31772.5,0.5586592178770999,-0.8503666718676861,low_a,0.027049435920584456,-0.9136672557174773,1.8765379113017577,0.9985273547819956,001275
1w_MA10,1W,10,10,2026-06-21,31950.0,33735.0,-5.291240551356157,-2.344767694311767,low_a,-0.20149653869928802,1.0358288167371923,0.2855932203389844,0.9448514012732845,001275
1w_MA20,1W,20,10,2026-06-21,31950.0,34332.5,-6.939488822544238,0.8666911494674912,low_a,-0.03334564383351406,0.8912406838313593,1.4848527613133373,0.9983667774016133,001275
1M_MA10,1M,10,10,2026-06-30,31950.0,31365.0,1.865136298421799,3.8920172242464357,low_a,0.04746836316388615,2.9281356579584488,-3.4270025839794718,0.9883536171882236,001275
1M_MA20,1M,20,10,2026-06-30,31950.0,27322.5,16.936590721932475,3.5727824109173634,low_a,0.07288349092669295,1.5768198106190556,-1.2019333799208072,0.99351564045011,001275
1d_MA20,1D,20,10,2026-06-15,946.0,1021.6,-7.4001566170712625,-2.346699804043406,low_a,0.046028164522957514,-2.0212187065669545,2.439591700133983,0.9981846934907694,001290
1w_MA10,1W,10,10,2026-06-21,946.0,1115.5,-15.194979829672794,-2.5423728813559254,low_a,-0.1722902876778049,0.26731022231162166,0.08619503807418803,0.9064890925875293,001290
1w_MA20,1W,20,10,2026-06-21,946.0,1145.05,-17.383520370289506,2.0270872315780064,low_a,-0.14792055368218154,3.4651637824298525,1.3014357655630535,0.9998071371494822,001290
1M_MA10,1M,10,10,2026-06-30,946.0,937.0,0.9605122732123883,6.731974028932686,vertex_out,0.1615665954629825,4.673829520484224,-1.6071217867677885,0.9762637918145014,001290
1M_MA20,1M,20,10,2026-06-30,946.0,735.4,28.637476203426715,7.601141268563882,vertex_out,0.47644089620057756,-1.2636330051433144,0.14734636379644173,0.9745013476864878,001290
1d_MA20,1D,20,10,2026-06-15,6380.0,6025.0,5.892116182572615,0.3079996670273921,low_a,0.089093050509297,-1.6937357631816505,1.0561590466368684,0.9833482369286303,001340
1w_MA10,1W,10,10,2026-06-21,6380.0,6735.0,-5.270972531551599,-1.2173657964212325,low_a,-0.09477636064031227,0.3960458272996209,0.2321522562423806,0.8535422700921754,001340
1w_MA20,1W,20,10,2026-06-21,6380.0,6750.5,-5.488482334641875,0.47629679243879064,low_a,-0.04047891203708381,1.002372695831231,1.3757131599685106,0.9808858854133072,001340
1M_MA10,1M,10,10,2026-06-30,6380.0,6360.0,0.3144654088050425,2.5475653015156308,pass,0.3249439171785151,-2.6715659352892893,0.45675675675675403,0.8999573182662091,001340
1M_MA20,1M,20,10,2026-06-30,6380.0,6451.0,-1.1006045574329604,-3.759510666865584,low_a,0.07940906715265841,-3.136650198366254,2.1944388796141023,0.9770511788953309,001340
1d_MA20,1D,20,10,2026-06-15,1430.0,1500.1,-4.6730217985467615,-2.381727077503748,low_a,0.03991176765988896,-1.8780539661056066,2.6141746549393936,0.9998039721053299,001360
1w_MA10,1W,10,10,2026-06-21,1430.0,1695.8,-15.674018162519165,-4.4781163746972386,low_a,-0.15727263686253326,-0.02390938597509182,-0.008445838051278153,0.9966183691543093,001360
1w_MA20,1W,20,10,2026-06-21,1430.0,1817.15,-21.305340780893157,-1.5894936366097956,low_a,-0.13868479051911764,1.475770912346002,0.5911771045780922,0.9664713696653837,001360
1M_MA10,1M,10,10,2026-06-30,1430.0,1659.4,-13.824273833915878,-1.1084624553039268,low_r2,0.031299532097883435,0.7020037913381971,-1.2460317460316652,0.8283498189433135,001360
1M_MA20,1M,20,10,2026-06-30,1430.0,1608.35,-11.089004259023216,-1.3675528163615835,low_r2,0.09020868038518912,-0.711479334488109,0.4381688050973141,0.3449525530265162,001360
1d_MA20,1D,20,10,2026-06-15,1498.0,1645.35,-8.955541374175702,-1.6468408153506031,low_a,0.09930524522666478,-2.458777038543973,1.3755439005438903,0.9960167746119936,001380
1w_MA10,1W,10,10,2026-06-21,1498.0,1864.3,-19.64812530172182,-8.630660654773582,low_a,0.026021172349014573,-4.898304246251741,10.457945938433395,0.9987663209371672,001380
1w_MA20,1W,20,10,2026-06-21,1498.0,2399.65,-37.574229575146376,-6.336846213895386,low_a,0.01658472122205014,-3.014596040490321,10.098304069311025,0.9996671635871989,001380
1M_MA10,1M,10,10,2026-06-30,1498.0,2828.8,-47.04468325791855,-10.946009759168895,vertex_out,0.37267563671286774,-8.060629825054876,1.2016153564758696,0.9709149195200355,001380
1M_MA20,1M,20,10,2026-06-30,1498.0,3765.55,-60.21829480421187,-10.218995505644756,low_a,-0.35384972436776857,1.1819320507003543,0.18556716929170042,0.9944665554220049,001380
1d_MA20,1D,20,10,2026-06-15,4780.0,4797.25,-0.3595810099536245,-1.534277504105086,vertex_out,0.11140053406726753,-2.565965349668106,1.2796494355317733,0.999511491581563,001390
1w_MA10,1W,10,10,2026-06-21,4780.0,5432.5,-12.01104463874827,-2.345856552220027,low_a,-0.23076119814027857,1.9515417715642969,0.4698319656115681,0.9035690612935913,001390
1w_MA20,1W,20,10,2026-06-21,4780.0,5468.0,-12.582297000731524,-1.4464020186545357,low_a,-0.10038010417102519,0.8999199420804099,0.4980623675446615,0.9493022204534838,001390
1M_MA10,1M,10,10,2026-06-30,4780.0,5335.5,-10.411395370630682,0.5180859080633038,low_a,-0.13771409274735785,4.084404928432362,1.6476990871891901,0.9852824349199472,001390
1M_MA20,1M,20,10,2026-06-30,4780.0,4728.0,1.0998307952622577,1.3722126929674117,pass,0.17601721416287205,-0.9851841523620711,0.31094943281149173,0.922236053209964,001390
1d_MA20,1D,20,10,2026-06-15,2390.0,2578.0,-7.292474786656323,-2.37621887721291,low_a,0.020486706495296447,-1.7624813114566908,4.779471431229862,0.9971992813964672,001420
1w_MA10,1W,10,10,2026-06-21,2390.0,2785.0,-14.183123877917414,-3.9489567166752892,low_r2,-0.18520957492344656,1.424487018474707,0.427289829512053,0.763317641624335,001420
1w_MA20,1W,20,10,2026-06-21,2390.0,2847.5,-16.066725197541697,-2.9151039890896735,low_a,-0.06010058635516726,-0.504228186382034,-0.46609656777193265,0.9962787277864198,001420
1M_MA10,1M,10,10,2026-06-30,2390.0,3100.5,-22.915658764715364,-6.0881417537483,low_a,-0.20112241269438774,0.12806700677038618,0.03537563822027696,0.9896394509917416,001420
1M_MA20,1M,20,10,2026-06-30,2390.0,3381.0,-29.310854776693283,-3.095442820292349,low_a,-0.0006032155269154085,-1.3762388473316935,-126.75024154570818,0.9953839710842198,001420
1d_MA20,1D,20,10,2026-06-15,46550.0,55960.0,-16.8155825589707,-4.321436204317164,low_a,-0.013546535193007959,-1.8870154384372069,-7.738819523268166,0.9994046052241625,001430
1w_MA10,1W,10,10,2026-06-21,46550.0,62550.0,-25.579536370903277,-5.449323558310026,low_a,-0.2845482337366957,1.5804748165442868,0.3085738938584713,0.9534213094524046,001430
1w_MA20,1W,20,10,2026-06-21,46550.0,66265.0,-29.75175431977666,-3.876699909338166,low_a,-0.37335125285419296,3.7700022354758547,0.5609853108470566,0.9920135280071368,001430
1M_MA10,1M,10,10,2026-06-30,46550.0,51265.0,-9.19730810494489,8.646815725336431,vertex_out,0.20910171351118922,7.862207793039544,-2.088884469194736,0.9733820560363593,001430
1M_MA20,1M,20,10,2026-06-30,46550.0,37264.0,24.919493344783163,8.701613138473196,vertex_out,0.36053108078715645,3.2038852373975453,-0.49369841820917565,0.9800605104425241,001430
1d_MA20,1D,20,10,2026-06-15,39950.0,46497.5,-14.081402225926121,-5.401556380652051,low_a,-0.06498631742625857,-2.0689709991307863,-1.7687235996326747,0.9961747181108569,001440
1w_MA10,1W,10,10,2026-06-21,39950.0,48875.0,-18.260869565217387,3.5816467097594673,low_a,-0.3352628460713185,7.946320824617402,1.316764661540785,0.9858408689155905,001440
1w_MA20,1W,20,10,2026-06-21,39950.0,39975.0,-0.0625390869293363,2.7106885919835566,low_a,-0.29578969328661303,6.48496030810851,1.2180125976316447,0.9884722019548664,001440
1M_MA10,1M,10,10,2026-06-30,39950.0,31862.0,25.384470529157,20.40662081475324,vertex_out,0.7401202930054104,3.024587207271772,-0.22703420540447367,0.9959861973548608,001440
1M_MA20,1M,20,10,2026-06-30,39950.0,22533.5,77.29158807996983,15.844536411073706,vertex_out,0.5574674007865982,0.9376916245249296,-0.09344757929659774,0.9913448210917564,001440
1d_MA20,1D,20,10,2026-06-15,40700.0,36655.0,11.035329422998231,2.3668225930321807,low_a,0.05386581690372046,0.37023843450176075,-0.3818525940770392,0.9982532124880599,001450
1w_MA10,1W,10,10,2026-06-21,40700.0,34470.0,18.0736872642878,6.028914180252221,pass,0.34184030902505896,-2.2363524877282397,0.36344983781501156,0.956134347052036,001450
1w_MA20,1W,20,10,2026-06-21,40700.0,33342.5,22.066431731273894,3.709175738724735,vertex_out,0.13900831080346748,-0.32189215287415085,0.1286462462462438,0.9982518125696487,001450
1M_MA10,1M,10,10,2026-06-30,40700.0,31460.0,29.370629370629374,7.170839720660882,low_a,0.07846714433540891,1.8898593748893144,-1.3380401234567707,0.9907670693635806,001450
1M_MA20,1M,20,10,2026-06-30,40700.0,28147.5,44.59543476330048,2.159513655748113,low_r2,0.047887216028810936,-0.7405926575813246,0.8591862284819785,0.7144665572468354,001450
1d_MA20,1D,20,10,2026-06-15,38400.0,39550.0,-2.9077117572692823,-2.1523998020781754,low_a,0.05667328238651658,-1.9424784465481126,1.9041683260320146,0.9991563076607773,001460
1w_MA10,1W,10,10,2026-06-21,38400.0,44025.0,-12.776831345826235,-4.12674216027874,low_a,-0.13037666407098844,-0.3367820114823132,-0.14350813377791274,0.981062599233778,001460
1w_MA20,1W,20,10,2026-06-21,38400.0,47265.0,-18.755950491907335,-0.8547904976663689,low_a,-0.08648443559141436,0.8713645649753216,0.5597439836149515,0.9620825413371603,001460
1M_MA10,1M,10,10,2026-06-30,38400.0,42850.0,-10.38506417736289,-0.11655011655011815,low_a,-0.1790149581692812,4.719825316377974,1.4647519975878167,0.9703310167601362,001460
1M_MA20,1M,20,10,2026-06-30,38400.0,37750.0,1.7218543046357615,1.8962143194547476,vertex_out,0.16944958072484625,-0.4628161196077597,0.15173839046923893,0.9374225937154687,001460
1d_MA20,1D,20,10,2026-06-15,25500.0,27442.5,-7.0784367313473595,-2.5133214920071034,low_a,0.025301614710124574,-1.6300208459354693,3.5790883190883815,0.9996627303016254,001465
1w_MA10,1W,10,10,2026-06-21,25500.0,29925.0,-14.786967418546372,-2.9197080291970767,low_a,-0.287803751993685,3.029679808665972,0.5848274866464579,0.9739326044658179,001465
1w_MA20,1W,20,10,2026-06-21,25500.0,29015.0,-12.114423574013443,0.5806395701533962,low_a,-0.09465579308243555,1.7681809711200394,1.0377840909091027,0.9976298618235194,001465
1M_MA10,1M,10,10,2026-06-30,25500.0,26465.0,-3.646325335348577,0.6465107434873607,low_a,-0.22484234758614047,6.613888458099436,1.6342039282943341,0.9840972184348832,001465
1M_MA20,1M,20,10,2026-06-30,25500.0,21638.0,17.84822996580091,6.7646913702077205,low_r2,2.14667638312695,-22.17077291630401,0.5737751699057534,0.760617428280951,001465
1d_MA20,1D,20,10,2026-06-15,347.0,347.0,0.0,0.0,low_r2,-1.1509961941112307e-15,1.5525595559741625e-14,0.7493796166010246,0.0,001470
1w_MA10,1W,10,10,2026-06-21,347.0,347.0,0.0,0.0,low_r2,-1.1509961941112307e-15,1.5525595559741625e-14,0.7493796166010246,0.0,001470
1w_MA20,1W,20,10,2026-06-21,347.0,347.0,0.0,0.0,low_r2,-1.1509961941112307e-15,1.5525595559741625e-14,0.7493796166010246,0.0,001470
1M_MA10,1M,10,10,2026-06-30,347.0,347.0,0.0,0.0,ma_not_rising,1.2187510910931887,-15.219817585089384,0.6937802374686878,0.9370334624094872,001470
1M_MA20,1M,20,10,2026-06-30,347.0,470.2,-26.20161633347512,-3.6574121503944346,vertex_out,0.8600306342440174,-15.686162791175928,1.0132819154339616,0.9966025736408617,001470
1d_MA20,1D,20,10,2026-06-15,9540.0,9740.0,-2.053388090349073,-1.8491459666448384,low_a,0.014946233952997955,-1.4965256432572742,5.56262626262561,0.991624774933956,001500
1w_MA10,1W,10,10,2026-06-21,9540.0,10507.0,-9.203388217378894,-1.8037383177570088,low_a,-0.018089530565309295,-0.7822877791404184,-2.402518518518814,0.9687328770962632,001500
1w_MA20,1W,20,10,2026-06-21,9540.0,10863.0,-12.178956089478044,0.11981566820276068,low_a,-0.11514610497526104,2.0894575521312233,1.0081189905932215,0.9920369022743808,001500
1M_MA10,1M,10,10,2026-06-30,9540.0,9562.0,-0.23007738966743796,2.9389600602863553,low_a,-0.012591667976526243,3.712952479461472,16.38187554916503,0.9695960772720621,001500
1M_MA20,1M,20,10,2026-06-30,9540.0,8273.0,15.314879729239706,2.036914841789117,vertex_out,0.10248646587793513,0.3672681123691665,-0.1990875950860756,0.9581981703171476,001500
1d_MA20,1D,20,10,2026-06-15,3225.0,3446.75,-6.4335968666134775,-3.3373063170440975,low_a,0.08096860701903633,-3.358420311829038,2.3043363728470494,0.9971996465710208,001510
1w_MA10,1W,10,10,2026-06-21,3225.0,3885.5,-16.999099215030245,-2.7968878993320567,low_a,-0.45839016749131806,3.943597487246475,0.47795254965982753,0.8651552121257071,001510
1w_MA20,1W,20,10,2026-06-21,3225.0,3771.8,-14.49705710801209,4.46318529904588,low_a,-0.2303002524183495,5.993857229463325,1.4459040526739189,0.9975790926129984,001510
1M_MA10,1M,10,10,2026-06-30,3225.0,2693.6,19.728244728244725,16.560647366826764,vertex_out,1.1410260543936142,0.7511800740806918,-0.03657429747298308,0.9802290404526458,001510
1M_MA20,1M,20,10,2026-06-30,3225.0,1890.2,70.61686594011216,13.222917727395256,vertex_out,0.8956109270532596,-1.3621805935158817,0.08449729380676808,0.9802559022385774,001510
1d_MA20,1D,20,10,2026-06-15,5660.0,6245.5,-9.37474981987031,-4.837726649398144,vertex_out,0.21925390370282583,-6.101629741256835,1.5460588128422696,0.9993131047403148,001515
1w_MA10,1W,10,10,2026-06-21,5660.0,8604.0,-34.21664342166434,-12.472024415055948,low_a,-0.869668020712135,7.389437146372398,0.472047121582574,0.9738220397173806,001515
1w_MA20,1W,20,10,2026-06-21,5660.0,8537.5,-33.70424597364568,0.6009544570788838,low_a,-0.3723824121877303,5.519405271708417,0.8234374561477381,0.9929321583283905,001515
1M_MA10,1M,10,10,2026-06-30,5660.0,7020.0,-19.373219373219374,4.3245653143111795,vertex_out,0.5924838677661154,2.23089536685502,-0.20918482043948353,0.9517397713838237,001515
1M_MA20,1M,20,10,2026-06-30,5660.0,5374.0,5.321920357275767,3.899619124954068,vertex_out,0.5060131815749791,-0.5280635407039874,0.05797648053580738,0.9431248235980186,001515
1d_MA20,1D,20,10,2026-06-15,558.0,610.6,-8.614477563052736,-2.2336081979024813,low_a,0.03519437693744628,-1.7224683005269348,2.718976486860091,0.999314377042421,001520
1w_MA10,1W,10,10,2026-06-21,558.0,685.3,-18.575806216255653,-5.645050254715677,low_a,-0.032891466930189066,-2.260525756698629,-3.8181563786006882,0.9992456363856471,001520
1w_MA20,1W,20,10,2026-06-21,558.0,779.2,-28.388090349075977,-3.49866864821351,low_a,-0.10076427512151745,-0.19948405770435304,-0.10998389694042728,0.9987010427707048,001520
1M_MA10,1M,10,10,2026-06-30,558.0,805.4,-30.717655823193446,-1.7685083546774005,low_a,-0.19485768462088052,4.189671117172019,1.1945102753448948,0.9471266685731159,001520
1M_MA20,1M,20,10,2026-06-30,558.0,727.75,-23.325317760219853,-2.7267259239457275,low_r2,-0.018340058021276247,-0.27861731119590033,-0.8439853076215197,0.8320616737659763,001520
1d_MA20,1D,20,10,2026-06-15,4440.0,4599.0,-3.4572733202870243,-0.4868549172346692,low_a,-0.022972867555965396,0.38386174234161724,0.9282973621103042,0.9265096681274247,001525
1w_MA10,1W,10,10,2026-06-21,4440.0,4510.5,-1.5630196208845981,0.30020013342229035,low_r2,0.09905886452272372,-0.8168246524211621,0.45810284193517514,0.726457903952197,001525
1w_MA20,1W,20,10,2026-06-21,4440.0,4535.0,-2.094818081587657,-1.0041475660336197,low_a,0.08514622665611007,-1.7566073552477652,1.1461376662985892,0.9799657918288563,001525
1M_MA10,1M,10,10,2026-06-30,4440.0,5219.5,-14.934380687805348,1.6554679131366212,low_a,-0.1120922396666167,1.8547539243893962,0.9192597542413785,0.9199020191996166,001525
1M_MA20,1M,20,10,2026-06-30,4440.0,4759.5,-6.7128900094547745,-0.1363827108686544,low_a,0.023354680371832543,-0.6751263030503128,1.6059743160246673,0.9462643220137141,001525
1d_MA20,1D,20,10,2026-06-15,7000.0,7429.0,-5.774666846143495,-0.9136378792930944,low_a,-0.022943714308798126,0.024958530054912213,0.06043419929261282,0.98483901940271,001527
1w_MA10,1W,10,10,2026-06-21,7000.0,7369.0,-5.007463699280768,0.9175568337441709,vertex_out,0.15733867408508762,-2.602899492851651,0.9190717299577957,0.98939375667331,001527
1w_MA20,1W,20,10,2026-06-21,7000.0,7847.5,-10.799617712647336,-2.2666417585154752,low_a,-0.0026525115732541093,-0.9169709443420915,-19.205507246375735,0.994826515519461,001527
1M_MA10,1M,10,10,2026-06-30,7000.0,8683.0,-19.38270183116434,-3.1455660903513705,low_r2,-0.15047876384269554,1.107871415010141,0.40901726179348513,0.8495755605176625,001527
1M_MA20,1M,20,10,2026-06-30,7000.0,8589.5,-18.505151638628558,-2.624419000113365,low_a,0.019369739937576878,-1.3975778192333301,4.008479846908181,0.9970064619856482,001527
1d_MA20,1D,20,10,2026-06-15,23450.0,25107.5,-6.6016130638255515,-2.4477901894123355,low_a,0.021451806522383706,-1.2390807789513711,3.2089521682486604,0.9967767005512173,001530
1w_MA10,1W,10,10,2026-06-21,23450.0,26405.0,-11.191062298807042,0.07580064430547928,low_a,-0.16144195448387996,3.0447502079973034,1.0477622739018158,0.9921698909148607,001530
1w_MA20,1W,20,10,2026-06-21,23450.0,24535.0,-4.42225392296719,1.3633546787853668,low_a,-0.12720674229851145,2.665809325355733,1.1642505373479055,0.9982671845089417,001530
1M_MA10,1M,10,10,2026-06-30,23450.0,21896.9,7.092784823422482,-12.665669558280978,vertex_out,0.4799665552670151,-10.582453691855985,1.2249063763722678,0.9940074820383662,001530
1M_MA20,1M,20,10,2026-06-30,23450.0,31440.35,-25.41431631645321,-3.154676646798815,low_a,-0.006257470090278335,-0.6049536230451611,-5.370946105812731,0.9371671716286791,001530
1d_MA20,1D,20,10,2026-06-15,11090.0,11467.0,-3.2876951251417097,-2.158703071672352,low_a,0.07650208836407649,-2.1954421410541927,1.594322592291712,0.9998862280411062,001550
1w_MA10,1W,10,10,2026-06-21,11090.0,13025.0,-14.856046065259122,-6.950992998999861,low_a,-0.3020749988973297,0.772781272658853,0.1421246150201388,0.9899326001087058,001550
1w_MA20,1W,20,10,2026-06-21,11090.0,14124.0,-21.481166808269613,-0.09549071618036864,low_a,-0.1180603753604435,1.5438047357279947,0.7264666870727471,0.9866805642045504,001550
1M_MA10,1M,10,10,2026-06-30,11090.0,12591.0,-11.921213565245015,-3.5984993492075623,low_r2,-0.0729172576419482,1.3974777296269483,1.064736307379692,0.7144586557287251,001550
1M_MA20,1M,20,10,2026-06-30,11090.0,12270.0,-9.616951915240424,0.29836105775125077,low_r2,0.1359897709203808,-0.9268842048913613,0.37865764895329795,0.8230342339255321,001550
1d_MA20,1D,20,10,2026-06-15,10250.0,9983.5,2.6694045174537884,-0.7555047467567966,low_a,0.04626700510199215,-1.238296379333662,1.486896399381434,0.9988121566030334,001560
1w_MA10,1W,10,10,2026-06-21,10250.0,10751.0,-4.6600316249651215,-1.700649172533597,low_a,-0.23191864673943152,1.903516628988898,0.45598284277473955,0.8715911223230961,001560
1w_MA20,1W,20,10,2026-06-21,10250.0,10656.5,-3.8145732651433395,0.5093138410752207,low_a,-0.06435287613012161,0.9947837036742128,0.8587924058512412,0.9752836662005705,001560
1M_MA10,1M,10,10,2026-06-30,10250.0,10132.0,1.1646269245953356,-0.15766653527788943,low_a,0.04891119560562146,0.5451403327857305,-0.61919512840882,0.9404961977437931,001560
1M_MA20,1M,20,10,2026-06-30,10250.0,9700.0,5.670103092783507,1.5653630699963283,low_a,0.06125091018852547,0.3864850765015749,-0.35054814814815205,0.9871979039575212,001560
1d_MA20,1D,20,10,2026-06-15,9900.0,9900.0,0.0,0.0,low_r2,-1.1717686353292468e-15,1.3060319173891744e-14,0.6192120744335817,0.0,001570
1w_MA10,1W,10,10,2026-06-21,9900.0,9900.0,0.0,0.0,low_r2,-1.1717686353292468e-15,1.3060319173891744e-14,0.6192120744335817,0.0,001570
1w_MA20,1W,20,10,2026-06-21,9900.0,9900.0,0.0,0.0,low_r2,-1.1717686353292468e-15,1.3060319173891744e-14,0.6192120744335817,0.0,001570
1M_MA10,1M,10,10,2026-06-30,9900.0,9900.0,0.0,0.0,ma_not_rising,0.792808500423253,-9.984103629632944,0.6996297637731891,0.9406691349454528,001570
1M_MA20,1M,20,10,2026-06-30,9900.0,12480.5,-20.676254957734063,-22.867031303111773,vertex_out,0.9454376314512234,-22.006435900830006,1.2931363546336778,0.9992670600291729,001570
1d_MA20,1D,20,10,2026-06-15,2480.0,2556.0,-2.9733959311424085,-2.8044490921190213,low_a,0.0016263822172637504,-1.5165010663530785,51.802127659500144,0.9992397545799777,001620
1w_MA10,1W,10,10,2026-06-21,2480.0,2885.0,-14.038128249566729,-4.816892114813598,low_a,-0.12436321045083314,-0.7478073334008404,-0.3340606253649825,0.9794600511912052,001620
1w_MA20,1W,20,10,2026-06-21,2480.0,3105.5,-20.141684108839154,-0.7034372501998454,low_a,-0.14319928554968028,1.781340212788976,0.6910882604970096,0.9836308218983882,001620
1M_MA10,1M,10,10,2026-06-30,2480.0,2798.0,-11.365260900643314,0.08942944017169552,vertex_out,0.12213104654028457,0.7533182445910691,-0.34267301209597256,0.876264711564099,001620
1M_MA20,1M,20,10,2026-06-30,2480.0,2641.5,-6.11395040696574,-1.6658911121451792,low_r2,0.04524102770556336,-0.49200772644252977,0.6041808501352693,0.1664914728302206,001620
1d_MA20,1D,20,10,2026-06-15,41200.0,43750.0,-5.828571428571427,-1.124357308322499,low_a,0.01658247805529389,-0.8753785212996997,2.9327426160337913,0.9984997804910676,001630
1w_MA10,1W,10,10,2026-06-21,41200.0,46040.0,-10.512597741094698,-2.5402201524132084,low_a,-0.06145196572610908,-0.3302729627340707,-0.2985827664398842,0.994643406950852,001630
1w_MA20,1W,20,10,2026-06-21,41200.0,48015.0,-14.193481203790482,-1.664021299472629,low_a,-0.05110630110630032,0.28865847414234597,0.3137887413029785,0.905751517651264,001630
1M_MA10,1M,10,10,2026-06-30,41200.0,47150.0,-12.61930010604454,-2.4112594432370904,low_r2,-0.13175676635511915,1.250398940074215,0.5272337027054083,0.6529427877760109,001630
1M_MA20,1M,20,10,2026-06-30,41200.0,47607.5,-13.459013810849129,-2.8765236905186953,low_a,0.0068908144190912325,-0.9746876657686862,7.858187940006701,0.9733928262905022,001630
1d_MA20,1D,20,10,2026-06-15,18550.0,19003.0,-2.383834131452933,-1.077563768870382,low_a,-0.005758443414927409,-0.4647063835846973,-4.483333333333867,0.9988920673557088,001680
1w_MA10,1W,10,10,2026-06-21,18550.0,19884.0,-6.708911687789176,-1.676309152944666,low_a,0.010271478672514647,-0.8323131678666033,4.501749155237568,0.9669475135391061,001680
1w_MA20,1W,20,10,2026-06-21,18550.0,20692.0,-10.35182679296346,-1.5557352871211738,low_a,-0.05231918735436433,0.0878990937273076,0.09333636915602955,0.9858847245577063,001680
1M_MA10,1M,10,10,2026-06-30,18550.0,20765.0,-10.666987719720689,-3.865740740740742,low_a,-0.14403387487566452,0.65326421376491,0.25197167230001827,0.9728404703278717,001680
1M_MA20,1M,20,10,2026-06-30,18550.0,21294.0,-12.886259040105196,-0.9650489500732551,low_a,-0.04775075670598102,-0.024197195838975775,-0.028152195911745573,0.902765648885565,001680
1d_MA20,1D,20,10,2026-06-15,14690.0,15249.0,-3.6658141517476595,-0.9708737864077666,low_a,0.006310527160848497,-0.6375861102317488,5.613073149924897,0.9992723819998376,001685
1w_MA10,1W,10,10,2026-06-21,14690.0,15823.0,-7.160462617708396,-2.1035698818288706,low_a,-0.051440896500640945,-0.30016762518125867,-0.3241774601756564,0.9972374416348716,001685
1w_MA20,1W,20,10,2026-06-21,14690.0,16411.5,-10.489595710325073,-1.4738548358047665,low_a,-0.057781068085467166,0.15364014189813244,0.14772249322493852,0.9982180532290368,001685
1M_MA10,1M,10,10,2026-06-30,14690.0,16547.0,-11.222578110835801,-2.4006134245605715,low_a,-0.11332463648337497,1.0213261885919989,0.5006885137371747,0.8909351879751372,001685
1M_MA20,1M,20,10,2026-06-30,14690.0,16574.5,-11.369875411022957,-1.053668437705213,low_a,0.013738827249222785,-0.5243521554145241,2.120317460317062,0.9633429209240738,001685
1d_MA20,1D,20,10,2026-06-15,182700.0,178100.0,2.582818641212792,-0.08695408263442728,low_a,0.02975466895049181,-0.8546895776158444,1.5958085230589172,0.9702849239058359,001720
1w_MA10,1W,10,10,2026-06-21,182700.0,190960.0,-4.325513196480935,-1.1031125381946283,low_a,0.07496406207290209,-1.7926913781034417,1.3285561467218345,0.9897471030770812,001720
1w_MA20,1W,20,10,2026-06-21,182700.0,199525.0,-8.43252725222403,0.688837303189338,low_a,-0.06450505939912674,1.6978990750505611,1.4623306647629388,0.9967764021387604,001720
1M_MA10,1M,10,10,2026-06-30,182700.0,168960.0,8.13210227272727,4.826901600694877,low_a,-0.07896430353812696,6.3319302531235575,4.454847154847113,0.9849452977714473,001720
1M_MA20,1M,20,10,2026-06-30,182700.0,133965.0,36.378904937856895,7.784214337436635,vertex_out,0.107710809170453,3.745983044659455,-1.9321196335867452,0.9951742404503121,001720
1d_MA20,1D,20,10,2026-06-15,12850.0,11145.0,15.298340062808435,5.624792683504709,low_a,-0.0029908088172463155,3.2941545146608684,61.19033189032955,0.998384533120212,001740
1w_MA10,1W,10,10,2026-06-21,12850.0,8886.0,44.60949808687824,20.7501019160212,vertex_out,0.8449297469699996,-1.6600630725809145,0.10915194616502222,0.998938727500461,001740
1w_MA20,1W,20,10,2026-06-21,12850.0,7127.0,80.30026659183387,12.249478284836801,vertex_out,0.4452076295538382,0.017689526586376618,-0.0022074003493735743,0.9986995778670054,001740
1M_MA10,1M,10,10,2026-06-30,12850.0,6434.0,99.7202362449487,30.865453066205628,vertex_out,0.8176776919603951,-3.344449802156317,0.22723228065693835,0.9405547237665117,001740
1M_MA20,1M,20,10,2026-06-30,12850.0,5360.25,139.72762464437292,15.039167292627976,pass,0.5114761996175716,-3.4502211010935606,0.3747563429228394,0.9244315716402551,001740
1d_MA20,1D,20,10,2026-06-15,23050.0,23220.0,-0.7321274763135266,-1.7038840088898333,low_a,0.04982674550915986,-1.7095610627928366,1.906117159149844,0.9978241828940942,001750
1w_MA10,1W,10,10,2026-06-21,23050.0,25830.0,-10.762679055361978,-1.6936251189343499,low_a,-0.20088586602131925,1.5906138592848875,0.43988877055969733,0.9154775336751161,001750
1w_MA20,1W,20,10,2026-06-21,23050.0,25590.0,-9.925752246971475,1.2162563037674268,low_a,-0.10767627605512164,2.228215304544759,1.149647291646723,0.9993602704025942,001750
1M_MA10,1M,10,10,2026-06-30,23050.0,22061.0,4.483024341598285,5.393655646856477,low_a,0.016629731806210385,4.523134937549506,-15.110602939156434,0.9928336318083304,001750
1M_MA20,1M,20,10,2026-06-30,23050.0,18121.5,27.196975967773085,6.054310294375842,low_a,0.0758295413732752,2.6788403508985446,-1.9626185421089548,0.9976361183147529,001750
1d_MA20,1D,20,10,2026-06-15,23700.0,23707.5,-0.03163555836760423,-1.587795765877953,low_a,0.041193681049082026,-1.575196154952142,2.1243767313018838,0.9992857357469542,001755
1w_MA10,1W,10,10,2026-06-21,23700.0,26105.0,-9.212794483815356,-0.9485866059571246,low_a,-0.2864104301803965,2.952735939956377,0.5727475966912601,0.9250449674519017,001755
1w_MA20,1W,20,10,2026-06-21,23700.0,25021.0,-5.27956516526118,1.8832583423254778,low_a,-0.106723645576867,2.4073733316593655,1.253170861499828,0.9981087922899843,001755
1M_MA10,1M,10,10,2026-06-30,23700.0,21870.0,8.367626886145407,6.8027543097133325,vertex_out,0.14191367755915002,3.067759923893518,-1.200949124949123,0.995861509053951,001755
1M_MA20,1M,20,10,2026-06-30,23700.0,18224.0,30.048287971905175,4.639412034910428,low_a,0.08953957781032004,1.500810858217743,-0.9311902406858,0.9947344986585234,001755
1d_MA20,1D,20,10,2026-06-15,13130.0,14242.5,-7.811128664209233,-2.0730198019802026,low_a,0.007509082966598525,-1.2775419556151726,9.451826994779093,0.9991765785418699,001770
1w_MA10,1W,10,10,2026-06-21,13130.0,15294.0,-14.14933961030469,-4.040657547998494,low_a,-0.14828256854904384,0.056101578452442895,0.021019020569758986,0.9961620419813123,001770
1w_MA20,1W,20,10,2026-06-21,13130.0,16279.0,-19.34394004545734,-2.7974324526048644,low_a,-0.08209714594827448,-0.1110455013378372,-0.07514505464849716,0.9989958368348797,001770
1M_MA10,1M,10,10,2026-06-30,13130.0,16844.0,-22.04939444312515,-4.159317211948787,low_a,-0.2948851820637742,3.162109109284223,0.59573264096931,0.959727644836874,001770
1M_MA20,1M,20,10,2026-06-30,13130.0,16372.5,-19.804550313024894,-2.344099490024154,low_r2,-0.02290620904011036,0.03445693169581799,0.08357009139962762,0.46349642307813876,001770
1d_MA20,1D,20,10,2026-06-15,2010.0,2246.45,-10.525495782234184,-3.407576213613106,low_a,0.021862998407386626,-2.0519644644202284,5.214199062586422,0.9996605379017587,001780
1w_MA10,1W,10,10,2026-06-21,2010.0,2461.5,-18.342474101157833,-3.885201093322921,low_a,-0.3138242584152885,3.8407107404468954,0.6799118079372846,0.9407003895712662,001780
1w_MA20,1W,20,10,2026-06-21,2010.0,2360.5,-14.848549036221137,-0.9545788314276771,low_a,-0.17712824523814033,2.363879848941595,0.7414213249725967,0.9893443037744724,001780
1M_MA10,1M,10,10,2026-06-30,2010.0,2263.0,-11.179849756959792,-1.3728481150577454,low_r2,0.06159432571575325,0.26216859979151,-0.2364653243848134,0.8451771794514618,001780
1M_MA20,1M,20,10,2026-06-30,2010.0,2209.6,-9.033309196234606,-1.1519448855883851,ma_not_rising,0.25117219212353137,-3.475056745696435,0.7686309000293167,0.9759924294991588,001780
1d_MA20,1D,20,10,2026-06-15,2465.0,2553.5,-3.465831212061876,-1.2567672080433079,low_a,0.010328255718112325,-0.7692211358000821,4.137630662020394,0.9995633822773079,001790
1w_MA10,1W,10,10,2026-06-21,2465.0,2735.5,-9.888503015902028,-3.764291996481972,low_a,-0.17807505211952465,0.9759776359845675,0.3044838630204476,0.9869643849022667,001790
1w_MA20,1W,20,10,2026-06-21,2465.0,2801.25,-12.003569834895133,-1.1294449836759868,low_a,-0.04034993053834098,0.07403797131043843,0.10193872885231511,0.9888386119783052,001790
1M_MA10,1M,10,10,2026-06-30,2465.0,2777.5,-11.25112511251125,-3.6593825875823827,low_a,-0.14725554131295154,0.9966486851581866,0.37600874577619137,0.8932165192606696,001790
1M_MA20,1M,20,10,2026-06-30,2465.0,2823.25,-12.689276542991234,-1.543156059285089,low_a,0.008905029691725618,-0.5795079028209711,3.6153594771243514,0.9855839844696387,001790
1d_MA20,1D,20,10,2026-06-15,2160.0,2211.25,-2.317693612210292,-0.9074613488684768,low_a,0.018243068135060714,-0.7768207333429297,2.365649631324852,0.9994399850056253,001795
1w_MA10,1W,10,10,2026-06-21,2160.0,2330.0,-7.296137339055797,-2.7545909849749584,low_a,-0.12081973131948295,0.6242822900526015,0.2870586539847238,0.9882367315279368,001795
1w_MA20,1W,20,10,2026-06-21,2160.0,2379.75,-9.234163252442485,-1.3166079203815073,low_a,-0.03122144498277125,-0.22643110571231714,-0.4029123533471364,0.9914053480977084,001795
1M_MA10,1M,10,10,2026-06-30,2160.0,2406.0,-10.224438902743138,-2.2944162436548177,low_r2,-0.1307687436214088,0.6768614527235292,0.28755659035053865,0.7147143837132004,001795
1M_MA20,1M,20,10,2026-06-30,2160.0,2443.25,-11.593164841911385,-1.4917851023082296,low_a,0.01952127073768313,-0.8645252396865994,2.4603511025475986,0.9962227276706587,001795
1d_MA20,1D,20,10,2026-06-15,26700.0,25605.0,4.276508494434683,0.9163464380727238,low_a,0.02452953626630044,0.05877321966653955,-0.1331121320401449,0.9717601887159429,001800
1w_MA10,1W,10,10,2026-06-21,26700.0,25710.0,3.850641773628949,2.328358208955228,low_a,0.018839476070357013,0.5197102107214507,-1.5325686009896502,0.9484692746443081,001800
1w_MA20,1W,20,10,2026-06-21,26700.0,24820.0,7.574536663980669,2.192485846628922,low_a,0.01607498831975267,0.9823944609201666,-3.39517945304237,0.9973589977120413,001800
1M_MA10,1M,10,10,2026-06-30,26700.0,22556.0,18.37205178223089,3.9878290535245053,low_a,-0.042990542597918784,2.6603035490715907,3.437840805997253,0.9972572546376575,001800
1M_MA20,1M,20,10,2026-06-30,26700.0,20258.0,31.799782801856047,4.9311094996374205,low_a,0.09585068974487151,1.2361433780889794,-0.7164750957854099,0.9995795293241718,001800
1d_MA20,1D,20,10,2026-06-15,140600.0,109440.0,28.472222222222232,6.713470820535328,low_a,0.09871760016632009,1.7269524095325905,-0.971881410892738,0.9992056369218396,001820
1w_MA10,1W,10,10,2026-06-21,140600.0,95850.0,46.68753260302556,18.377176732123,vertex_out,0.7000005236095562,0.4787318525655,-0.037994563053000516,0.9924823530366753,001820
1w_MA20,1W,20,10,2026-06-21,140600.0,72817.5,93.08545335942596,16.484703059388117,vertex_out,0.5793556571550458,1.167931047064147,-0.11199520945191356,0.9962107243940198,001820
1M_MA10,1M,10,10,2026-06-30,140600.0,62070.0,126.51844691477363,61.57750878563062,vertex_out,2.0973238213964156,-9.528747834571245,0.2524049335147208,0.9668562139916242,001820
1M_MA20,1M,20,10,2026-06-30,140600.0,44290.0,217.4531496951908,33.142943033218096,pass,1.107259998300127,-7.180358566190326,0.360266612941137,0.9001614020911334,001820
1d_MA20,1D,20,10,2026-06-15,23950.0,22555.0,6.184881401019737,-0.36443953616785985,low_a,0.08164169120845534,-1.426413403298783,0.9706460988151048,0.9988789568017448,001940
1w_MA10,1W,10,10,2026-06-21,23950.0,24490.0,-2.204981625153124,-1.7255216693418896,low_a,-0.1562417425682363,0.7600103082438031,0.2702401689100038,0.9502429946865913,001940
1w_MA20,1W,20,10,2026-06-21,23950.0,24872.5,-3.7089154688913495,-0.5795942840011947,low_a,-0.0522940034615637,0.08659886973234884,0.0919999999999993,0.9507614657856193,001940
1M_MA10,1M,10,10,2026-06-30,23950.0,25050.0,-4.3912175648702645,-2.052785923753664,low_a,-0.27639769563274696,3.776722102009875,0.7591159328437087,0.9883691509291344,001940
1M_MA20,1M,20,10,2026-06-30,23950.0,23515.5,1.8477174629499604,1.1006255508501983,low_a,0.051399103760883615,0.4913216812572911,-0.5310530137980979,0.9770967980308423,001940
1d_MA20,1D,20,10,2026-06-15,53500.0,57727.5,-7.323199514962542,-2.9912195941688036,low_a,-0.03470165217055367,-1.6844847803412388,-2.696773264189005,0.9885752354108842,002020
1w_MA10,1W,10,10,2026-06-21,53500.0,62370.0,-14.221580888247553,-3.0467899891186034,low_r2,-0.25406757260175017,2.5053803242668637,0.5478377046203365,0.7593433780801107,002020
1w_MA20,1W,20,10,2026-06-21,53500.0,62335.0,-14.173417823052858,-0.3715986734326937,low_a,-0.12059262950393795,2.261715550433686,1.0419448056639267,0.9747968339682502,002020
1M_MA10,1M,10,10,2026-06-30,53500.0,56560.0,-5.4101838755304055,3.258785942492004,low_a,-0.4231978789970668,10.453577390943886,1.3722996459084518,0.9917282385188476,002020
1M_MA20,1M,20,10,2026-06-30,53500.0,42409.0,26.152467636586564,10.703890781419268,vertex_out,0.16734107382845728,5.3526321722403,-1.7770201135328252,0.9973847033548425,002020
1d_MA20,1D,20,10,2026-06-15,24950.0,27377.5,-8.866770157976445,-2.6318129278918856,low_a,-0.03482071896913294,-1.081826292616355,-1.7260258397934274,0.9957560093251177,002025
1w_MA10,1W,10,10,2026-06-21,24950.0,28820.0,-13.428174878556554,-2.8975741239892217,low_r2,-0.17485298918545872,1.7887693242254872,0.568340718857708,0.6834446122411875,002025
1w_MA20,1W,20,10,2026-06-21,24950.0,28755.0,-13.232481307598675,-0.4931222424085169,low_a,-0.06226934550127794,1.2345274577332088,1.101422509114834,0.9492634707159648,002025
1M_MA10,1M,10,10,2026-06-30,24950.0,27085.0,-7.882591840502117,3.02396348421452,low_a,-0.32255780883667073,7.77012319091196,1.3382826233941858,0.991307691691983,002025
1M_MA20,1M,20,10,2026-06-30,24950.0,21883.0,14.015445779829093,6.748945096221859,low_a,0.06104265272454235,3.525071949267533,-3.2082047842610564,0.9979723933275018,002025
1d_MA20,1D,20,10,2026-06-15,200000.0,200575.0,-0.28667580705471485,-0.9775122806151448,vertex_out,0.15123642409877325,-2.9791619095400916,1.0943725756591203,0.9984858145936517,002030
1w_MA10,1W,10,10,2026-06-21,200000.0,227070.0,-11.9214339190558,-6.451612903225811,low_a,-0.1907590024780723,-0.7285457560983188,-0.21217747892310845,0.9965221181434554,002030
1w_MA20,1W,20,10,2026-06-21,200000.0,255135.0,-21.610127971466085,-3.3176702413884596,low_a,-0.012356230776044492,-1.656198539068186,-7.446528930700934,0.9984245033514771,002030
1M_MA10,1M,10,10,2026-06-30,200000.0,296100.0,-32.45525160418777,-8.765983669696498,low_a,-0.5585873022747719,5.342587379271514,0.5313590351066125,0.9784999497144532,002030
1M_MA20,1M,20,10,2026-06-30,200000.0,288650.0,-30.711934869218783,-1.811378518581508,low_a,-0.22896225379531748,2.829682501266324,0.6865960689931838,0.9924637138802391,002030
1d_MA20,1D,20,10,2026-06-15,7100.0,8094.5,-12.286120205077522,-3.9684422825957966,low_r2,-0.2955508967361172,1.4451825961821596,0.27165514602314034,0.8338147718872495,002070
1w_MA10,1W,10,10,2026-06-21,7100.0,6049.5,17.365071493511852,28.704550773354896,vertex_out,0.8645918904283959,16.660699935059014,-1.0705564684142364,0.9782247927468071,002070
1w_MA20,1W,20,10,2026-06-21,7100.0,3261.2,117.71127192444499,25.15638791879342,vertex_out,0.6945095380229727,13.783530759375227,-1.1025791107693184,0.9773436260579286,002070
1M_MA10,1M,10,10,2026-06-30,7100.0,1961.3,262.00479273950947,223.43337730870712,low_r2,3.9302289834088713,-27.009125288006082,0.38178614192176724,0.7497910681671732,002070
1M_MA20,1M,20,10,2026-06-30,7100.0,1393.8,409.3987659635529,91.83813915078109,low_r2,2.1141401000834357,-15.206150951813157,0.3995885438038283,0.7587189003749574,002070
1d_MA20,1D,20,10,2026-06-15,9210.0,9165.0,0.49099836333879043,-0.7042253521126751,low_a,0.034946099878052625,-0.9418659926023963,1.4973312804721133,0.9992889847578229,002100
1w_MA10,1W,10,10,2026-06-21,9210.0,9629.0,-4.351438363277604,-1.4532801146249108,low_a,-0.11496249667886341,0.9389145806199312,0.4537298915076714,0.9359839026352367,002100
1w_MA20,1W,20,10,2026-06-21,9210.0,9653.5,-4.594188636245922,0.09850684363335027,low_a,-0.037882927012332056,0.5098229917278847,0.747658688865775,0.9569325714166853,002100
1M_MA10,1M,10,10,2026-06-30,9210.0,9436.0,-2.395082662144976,-1.4516971279373347,low_r2,-0.055197431740640054,0.6116323091631696,0.6156006114731812,0.7833004570344502,002100
1M_MA20,1M,20,10,2026-06-30,9210.0,9386.5,-1.8803600916209473,-0.15954900813699435,low_a,0.04406120028488226,-0.631511767871803,0.7962558186601796,0.9194388446968749,002100
1d_MA20,1D,20,10,2026-06-15,1975.0,2158.7,-8.509751239171715,-2.3853128038164972,low_a,0.045161084667873455,-1.9533463073891606,2.402936955511077,0.9996157345108867,002140
1w_MA10,1W,10,10,2026-06-21,1975.0,2416.0,-18.25331125827815,-5.973924888110527,low_a,-0.3063159263746565,1.4439630093571827,0.26188702669149655,0.9928666962102898,002140
1w_MA20,1W,20,10,2026-06-21,1975.0,2545.25,-22.404478931342698,-1.613838422883651,low_a,-0.11022696714756272,0.7496743393366773,0.37784378437844096,0.986410832906611,002140
1M_MA10,1M,10,10,2026-06-30,1975.0,2485.5,-20.539126936230133,-5.4583491821985515,low_a,-0.07150178926077534,-0.32112883592797403,-0.24951111111109542,0.9459141860888585,002140
1M_MA20,1M,20,10,2026-06-30,1975.0,2627.0,-24.819185382565667,-3.5963302752293536,low_a,0.026091017585483676,-1.132955970478456,2.4124010554089477,0.9546197784811122,002140
1d_MA20,1D,20,10,2026-06-15,5350.0,5573.0,-4.001435492553385,-1.7280902839005519,low_a,0.04298233769908127,-1.7526570607410925,2.2653453004237067,0.9970491525136611,002150
1w_MA10,1W,10,10,2026-06-21,5350.0,6220.0,-13.9871382636656,-4.498694917856594,low_a,-0.22961531952132697,1.3867159998477292,0.3355167152170904,0.992888318502804,002150
1w_MA20,1W,20,10,2026-06-21,5350.0,6398.5,-16.38665312182542,-1.219606329602474,low_a,-0.09060181989302518,0.675209407062544,0.4140273757192448,0.9774794059440499,002150
1M_MA10,1M,10,10,2026-06-30,5350.0,6209.0,-13.834755999355774,-3.5270354257302627,low_r2,-0.041588739397527406,-0.05581739747222924,-0.07456264775410144,0.8386054400578686,002150
1M_MA20,1M,20,10,2026-06-30,5350.0,6409.0,-16.523638633172098,-1.8605007273562513,low_a,0.03605173056274073,-1.202363627713504,1.852836972726414,0.9924592480867404,002150
1d_MA20,1D,20,10,2026-06-15,54500.0,53350.0,2.1555763823805085,-1.3498520710059192,low_a,-0.007139640268966188,-0.7554903662454063,-5.878683719692663,0.9961022373692654,002170
1w_MA10,1W,10,10,2026-06-21,54500.0,56830.0,-4.099947210980115,-2.4879890185312337,low_a,-0.12330476826414129,0.5898452901048343,0.2657576283944214,0.9702460792445683,002170
1w_MA20,1W,20,10,2026-06-21,54500.0,58065.0,-6.139671058296736,-0.6416837782340812,low_a,-0.06326717950756154,0.624539299311418,0.5484143280858027,0.9756129871259293,002170
1M_MA10,1M,10,10,2026-06-30,54500.0,56360.0,-3.300212916962386,-0.3888299752562774,low_a,-0.07872478709349914,2.0117469128137784,1.4196763370830678,0.9514510849097756,002170
1M_MA20,1M,20,10,2026-06-30,54500.0,53502.5,1.8643988598663563,1.0816172303041771,low_a,0.04237580034814078,0.4478321583412747,-0.5871172732525067,0.9781450029255878,002170
1d_MA20,1D,20,10,2026-06-15,2550.0,2597.5,-1.8286814244465877,-0.5551301684532883,low_a,-0.0006463834415512674,-0.33283001609350915,-28.606172839551043,0.9945701807756311,002200
1w_MA10,1W,10,10,2026-06-21,2550.0,2704.0,-5.695266272189348,-2.1530667631626588,low_a,0.04436773461790429,-1.7420494343974597,2.181326699834188,0.9989797047676563,002200
1w_MA20,1W,20,10,2026-06-21,2550.0,2883.5,-11.565805444771982,-2.204510768187218,low_a,-0.02092942270852443,-0.6336319684575863,-1.6819277108433566,0.9991032478228867,002200
1M_MA10,1M,10,10,2026-06-30,2550.0,2919.0,-12.641315519013363,-2.2765316370940702,low_a,-0.1865170205469939,2.072437083651285,0.6172916187408943,0.862397739281751,002200
1M_MA20,1M,20,10,2026-06-30,2550.0,2879.75,-11.450646757531036,-0.043387712599796124,low_a,-0.018983666801896996,0.7875605599094809,2.3047899489598835,0.9311140732901895,002200
1d_MA20,1D,20,10,2026-06-15,973.0,973.0,0.0,0.0,low_r2,9.505703717514614e-16,2.7684386738079877e-15,-0.16179985524007234,0.0,002210
1w_MA10,1W,10,10,2026-06-21,973.0,973.0,0.0,0.0,low_r2,9.505703717514614e-16,2.7684386738079877e-15,-0.16179985524007234,0.0,002210
1w_MA20,1W,20,10,2026-06-21,973.0,973.0,0.0,0.0,low_r2,9.505703717514614e-16,2.7684386738079877e-15,-0.16179985524007234,0.0,002210
1M_MA10,1M,10,10,2026-06-30,973.0,973.0,0.0,0.0,vertex_out,0.8546711658065387,-13.256682545983855,0.8617142980022776,0.996386478575822,002210
1M_MA20,1M,20,10,2026-06-30,973.0,1320.0,-26.287878787878793,-8.81144001934302,vertex_out,0.10550949103408114,-5.488555985936027,2.889974863948044,0.9999348387955455,002210
1d_MA20,1D,20,10,2026-06-15,5650.0,5105.25,10.670388325743119,2.064174330267887,pass,0.14899043259595052,-1.0660610390437928,0.3975128620562206,0.9229553539548185,002220
1w_MA10,1W,10,10,2026-06-21,5650.0,5132.0,10.093530787217464,7.072814521176718,vertex_out,0.13050983311570696,1.0183066852383362,-0.4334738025003532,0.9942621848750715,002220
1w_MA20,1W,20,10,2026-06-21,5650.0,4653.75,21.407467096427602,2.34207488042224,low_r2,0.03512728897572412,-0.05543785416546951,0.08767772511846793,0.6202093963686686,002220
1M_MA10,1M,10,10,2026-06-30,5650.0,4513.0,25.1938843341458,11.971219451680938,low_a,-0.0717579211550338,7.860417317951408,6.085597854121597,0.9982611693024702,002220
1M_MA20,1M,20,10,2026-06-30,5650.0,3348.2,68.74738665551641,10.89692633810282,vertex_out,0.1736311873964071,2.6358005826023216,-0.8433586609404197,0.996796833289091,002220
1d_MA20,1D,20,10,2026-06-15,19600.0,19932.0,-1.665663255067229,-1.3901944293276625,low_a,0.06998311081487041,-1.946448410431129,1.5451731359554257,0.9981152117125435,002240
1w_MA10,1W,10,10,2026-06-21,19600.0,22062.0,-11.15945970446922,-2.440965773414694,low_a,-0.15388914562108,1.1888357804761056,0.429181876227308,0.9474984346608393,002240
1w_MA20,1W,20,10,2026-06-21,19600.0,22151.0,-11.516410094352402,-1.0541832313396116,low_a,-0.12851539749525898,1.4043649668117906,0.6070889360698324,0.988251826315019,002240
1M_MA10,1M,10,10,2026-06-30,19600.0,20626.0,-4.974304276156305,1.967569705358918,low_a,0.09335123115565873,1.2333608684446016,-0.7340026199833231,0.9693749719838749,002240
1M_MA20,1M,20,10,2026-06-30,19600.0,19109.0,2.5694698833010676,1.116520266694887,pass,0.13423869228869142,-0.7740518364832762,0.3203463850209834,0.9306369042866283,002240
1d_MA20,1D,20,10,2026-06-15,8120.0,7810.5,3.962614429293909,-0.3635667814772314,low_a,0.053404322328451,-1.2229684334139654,1.2722320550639032,0.9952892126144696,002310
1w_MA10,1W,10,10,2026-06-21,8120.0,8441.0,-3.802866958891127,-2.9547022303977877,low_a,-0.014716413863905218,-1.236935608709549,-4.669523809523578,0.9914302286639991,002310
1w_MA20,1W,20,10,2026-06-21,8120.0,8928.0,-9.050179211469533,0.22451728783117186,low_a,-0.04474671437371088,0.6257747909612827,0.7769345001326093,0.9451901798072784,002310
1M_MA10,1M,10,10,2026-06-30,8120.0,8246.0,-1.5280135823429575,-0.012125621438097145,low_a,-0.0047740900584360025,1.4770841748269983,17.188664421993806,0.8874344961393852,002310
1M_MA20,1M,20,10,2026-06-30,8120.0,7861.0,3.2947462154942153,-0.114358322744601,low_r2,0.09705850829591807,-0.8000543275231102,0.45794504181600004,0.5908067500811909,002310
1d_MA20,1D,20,10,2026-06-15,16910.0,16947.5,-0.22127157397846542,-0.891812865497077,low_a,0.024920183839386514,-0.9767020355430845,2.1774006382359747,0.9974177468836861,002320
1w_MA10,1W,10,10,2026-06-21,16910.0,18041.0,-6.2690538218502345,-2.41250608535728,low_a,-0.0058104540734530575,-1.0723869552281482,-10.253424657537098,0.9960717128691853,002320
1w_MA20,1W,20,10,2026-06-21,16910.0,19067.5,-11.315064901009574,-1.5540697524330738,low_a,-0.04076825092456194,-0.18221778204820235,-0.24831112162552987,0.9989339134429988,002320
1M_MA10,1M,10,10,2026-06-30,16910.0,19300.0,-12.383419689119169,-3.5867719052852465,low_r2,-0.13857187200142124,1.0793139299950743,0.43271324933180777,0.8252460081673744,002320
1M_MA20,1M,20,10,2026-06-30,16910.0,19489.0,-13.233105854584636,-1.1087149562349352,low_r2,0.014628874114175953,-0.30660659178221505,1.1643889618921572,0.6103405461943687,002320
1d_MA20,1D,20,10,2026-06-15,7430.0,6788.5,9.449804816969865,0.8242982325857628,low_a,0.05643621014328791,-0.6377599224305293,0.6278080457872484,0.9563714575410902,002350
1w_MA10,1W,10,10,2026-06-21,7430.0,7155.0,3.843466107617055,0.37878787878788955,vertex_out,0.16882367596344336,-2.6838047283741826,0.8831715210355945,0.9934376276193009,002350
1w_MA20,1W,20,10,2026-06-21,7430.0,7613.5,-2.410192421356805,-0.9303838646714357,low_a,-0.016594294132258016,-0.3203136740098003,-1.0723688497881378,0.9958331554852633,002350
1M_MA10,1M,10,10,2026-06-30,7430.0,7284.0,2.004393190554632,3.085196716671379,low_a,-0.11469168846442171,3.797084077590788,1.839271164685561,0.9746754298023165,002350
1M_MA20,1M,20,10,2026-06-30,7430.0,6560.0,13.262195121951216,0.06101281269066394,low_r2,0.09414653926036902,-1.20335560741834,0.7100960887806175,0.8496406521789626,002350
1d_MA20,1D,20,10,2026-06-15,4090.0,4048.0,1.037549407114624,-0.461056125899062,low_a,0.013307819095302004,-0.5711421758665804,2.3843216273264662,0.9948847221234929,002355
1w_MA10,1W,10,10,2026-06-21,4090.0,4188.0,-2.3400191021967554,-0.9109192002839217,low_a,-0.04643163624381341,-0.09249322908680824,-0.11066835336283376,0.957678256856538,002355
1w_MA20,1W,20,10,2026-06-21,4090.0,4260.5,-4.001877713883351,0.7031850144773477,low_a,-0.028575269709723655,0.7767574743380482,1.5101587301587636,0.9977937496189397,002355
1M_MA10,1M,10,10,2026-06-30,4090.0,3889.0,5.168423759321161,4.081359561086573,low_a,0.030701208999277967,2.8047015070821293,-5.075264312787035,0.9867637170699872,002355
1M_MA20,1M,20,10,2026-06-30,4090.0,3434.0,19.103086779266153,2.7989821882951738,vertex_out,0.11670010629692665,0.03872878965351439,-0.018436996275914334,0.9870561937205998,002355
1d_MA20,1D,20,10,2026-06-15,2040.0,2519.0,-19.015482334259627,-5.77894146250234,low_a,0.0061709194696332285,-2.8689301967694405,25.828405591089115,0.9999073872018021,002360
1w_MA10,1W,10,10,2026-06-21,2040.0,2968.0,-31.266846361185983,-13.11475409836066,low_a,-0.4457079910631368,0.7101978724640072,0.08852306476489098,0.9950042954108447,002360
1w_MA20,1W,20,10,2026-06-21,2040.0,3501.0,-41.73093401885176,-4.370390603660201,low_a,-0.1593277048418744,0.2250563431348047,0.07847430041476224,0.9924307870911065,002360
1M_MA10,1M,10,10,2026-06-30,2040.0,3461.0,-41.05749783299625,-12.40192356365477,low_a,-0.1198269621180754,-1.6418415457696531,-0.76120947737576,0.9619785230851159,002360
1M_MA20,1M,20,10,2026-06-30,2040.0,4108.5,-50.346841913106964,-6.942242355605888,low_a,0.010009218245876951,-2.562473797005889,14.222854561879258,0.9949470067998742,002360
1d_MA20,1D,20,10,2026-06-15,558000.0,531150.0,5.055069189494499,-0.8123249299719859,low_a,-0.026252522389452297,-0.4533027889737766,-0.9592788038698754,0.9613812834729003,002380
1w_MA10,1W,10,10,2026-06-21,558000.0,548400.0,1.7505470459518557,1.3303769401330268,low_a,0.08654892656959719,-0.729947214942218,0.46855142703284236,0.9153641887507786,002380
1w_MA20,1W,20,10,2026-06-21,558000.0,542775.0,2.805029708442719,0.9156828111927195,low_a,-0.05674656524739632,1.7023021975827126,1.6665738956683365,0.9935212028504204,002380
1M_MA10,1M,10,10,2026-06-30,558000.0,494600.0,12.81843914274161,7.381676074685184,low_a,0.014636573870786852,5.53091415478349,-20.993506493508644,0.9914357359074435,002380
1M_MA20,1M,20,10,2026-06-30,558000.0,391025.0,42.701873281759475,7.476121761836052,vertex_out,0.11211040087210714,2.3087084611538358,-1.1440649589820917,0.9977989965858464,002380
1d_MA20,1D,20,10,2026-06-15,8100.0,8448.5,-4.1249926022370875,-1.8358217626212703,low_a,0.019203955664540386,-1.2935092424216825,3.742021999752531,0.9990595865679475,002390
1w_MA10,1W,10,10,2026-06-21,8100.0,9281.0,-12.724921883417739,-5.09254525002556,low_a,-0.13420507247667546,-0.4900266628661799,-0.2028515240904696,0.9970582416404259,002390
1w_MA20,1W,20,10,2026-06-21,8100.0,10076.5,-19.614945665657725,-3.0219912419998995,low_a,-0.06983281980227996,-0.36804245152064835,-0.2927964661909683,0.9993918567488499,002390
1M_MA10,1M,10,10,2026-06-30,8100.0,10589.0,-23.50552460100104,-6.2837419240640795,low_a,-0.1993130138523043,0.9387839238002195,0.26167213783638515,0.9543022893861168,002390
1M_MA20,1M,20,10,2026-06-30,8100.0,11172.0,-27.497314715359835,-4.736729908335113,low_a,-0.09794378281427042,-0.7428515939660006,-0.4213593942595626,0.9993505641995918,002390
1d_MA20,1D,20,10,2026-06-15,1935.0,1935.0,0.0,0.0,low_r2,1.8664669049715737e-15,-6.9604414201942425e-15,0.20717816586020876,0.0,002410
1w_MA10,1W,10,10,2026-06-21,1935.0,1935.0,0.0,0.0,low_r2,1.8664669049715737e-15,-6.9604414201942425e-15,0.20717816586020876,0.0,002410
1w_MA20,1W,20,10,2026-06-21,1935.0,1935.0,0.0,0.0,low_r2,1.8664669049715737e-15,-6.9604414201942425e-15,0.20717816586020876,0.0,002410
1M_MA10,1M,10,10,2026-06-30,1935.0,1935.0,0.0,0.0,ma_not_rising,0.35418335817562463,-4.48431892176085,0.7033894259458158,0.9365511432282565,002410
1M_MA20,1M,20,10,2026-06-30,1935.0,2111.5,-8.358986502486388,4.143033292231824,low_a,0.08261214589158328,0.6852910945650217,-0.4608490321241417,0.9991187179279457,002410
1d_MA20,1D,20,10,2026-06-15,5310.0,5762.5,-7.852494577006508,0.2697059335305285,low_a,-0.015391422747370672,0.31879773989038124,1.1507048984468446,0.9452961072544065,002420
1w_MA10,1W,10,10,2026-06-21,5310.0,5685.0,-6.596306068601587,0.5305039787798504,low_a,0.0008165438312560841,0.48769441228169697,-33.181481481491446,0.9235973087182098,002420
1w_MA20,1W,20,10,2026-06-21,5310.0,5494.25,-3.3535059380261134,0.677997159741639,low_a,0.08988876230606427,-0.5621343097973244,0.3474258970358773,0.8508848572113766,002420
1M_MA10,1M,10,10,2026-06-30,5310.0,5363.0,-0.9882528435577131,0.884123401053416,low_a,-0.032579437978203084,0.6225894796054333,1.061660561660548,0.9012226939098351,002420
1M_MA20,1M,20,10,2026-06-30,5310.0,5267.75,0.8020502111907302,-0.6225534122529797,low_a,0.07816049212612458,-1.8158411535326435,1.2906784660767052,0.9540523298582749,002420
1d_MA20,1D,20,10,2026-06-15,1298.0,1289.1,0.6904041579396614,0.03880180040354286,low_a,-0.01698157463773845,0.2847008159057288,0.931404320987581,0.9775784587278283,002450
1w_MA10,1W,10,10,2026-06-21,1298.0,1272.3,2.0199638450051127,1.5970614070111022,low_a,0.009449055828324721,0.48603619141280074,-2.857641136281849,0.9572004257363592,002450
1w_MA20,1W,20,10,2026-06-21,1298.0,1236.35,4.986452056456514,1.1122469842567817,low_a,0.038692180025479896,-0.08879115726892772,0.12748938072880794,0.9831924581975895,002450
1M_MA10,1M,10,10,2026-06-30,1298.0,1217.1,6.646947662476377,-0.2785743547726427,low_r2,-0.0030547907264659013,-0.1853918549775652,-3.371604938276478,0.6868014436155672,002450
1M_MA20,1M,20,10,2026-06-30,1298.0,1221.35,6.275842305645396,1.3736719787516671,low_a,0.08464727773217681,-0.5661541067042462,0.37157728837459714,0.9835868509971137,002450
1d_MA20,1D,20,10,2026-06-15,13670.0,11624.5,17.59645576153812,-0.02150167713081963,low_a,0.0970803440323625,-2.006735935551994,1.1483821041644025,0.9865605865860592,002460
1w_MA10,1W,10,10,2026-06-21,13670.0,12721.0,7.460105337630685,2.143889513409336,low_r2,-5.913478710317332e-05,-0.379255043605981,-356.2999999985807,0.6212523563689714,002460
1w_MA20,1W,20,10,2026-06-21,13670.0,12811.0,6.705175240028094,1.06500473335438,low_r2,0.002726239437832859,0.07378723462071447,-1.5036429872500565,0.534308308220666,002460
1M_MA10,1M,10,10,2026-06-30,13670.0,11891.0,14.960894794382295,2.9612953502467843,low_a,-0.029101328819963357,2.2137564230542925,4.226146122341074,0.9792503383705721,002460
1M_MA20,1M,20,10,2026-06-30,13670.0,10933.5,25.028581881373757,3.321678321678312,low_a,0.09424428206874198,0.47683343956899293,-0.2810859827379174,0.9918052072946516,002460
1d_MA20,1D,20,10,2026-06-15,137900.0,140115.0,-1.5808443064625477,-0.5888821880875472,low_a,-1.333220276136587e-05,-0.3092084457904649,-1288.4777778911657,0.9989255300291061,002600
1w_MA10,1W,10,10,2026-06-21,137900.0,142730.0,-3.3840117704757255,-0.7509908907586405,low_a,0.041377181946356076,-0.9823295581580391,1.3189362294625624,0.9979688887686053,002600
1w_MA20,1W,20,10,2026-06-21,137900.0,147450.0,-6.476771787046454,-1.4338714529228969,low_a,-0.036512866774371516,-0.19415048379422792,-0.2954064947904622,0.9991906566500433,002600
1M_MA10,1M,10,10,2026-06-30,137900.0,151390.0,-8.910760287997888,-1.8541329011345198,low_a,-0.018146634144784814,-0.3364181638369495,-1.0299374441465197,0.9375844566454883,002600
1M_MA20,1M,20,10,2026-06-30,137900.0,156150.0,-11.687479987191807,-2.2412821636511593,low_a,-0.05089464327689932,-0.2202320291224795,-0.2404007954719286,0.9951911963519448,002600
1d_MA20,1D,20,10,2026-06-15,7350.0,7866.0,-6.559877955758964,-1.668854303393963,low_a,-0.0006247303247413406,-0.8712951872071578,-77.48189300434049,0.9994542372117684,002620
1w_MA10,1W,10,10,2026-06-21,7350.0,8277.0,-11.199710039869515,-2.7150916784203116,low_a,-0.17409489065683867,0.9625536441935336,0.3071612397896396,0.9783346080247848,002620
1w_MA20,1W,20,10,2026-06-21,7350.0,8431.0,-12.821729332226306,-0.9341401797779203,low_a,-0.06716208025821682,0.667640662009506,0.5522632376307188,0.936769424999821,002620
1M_MA10,1M,10,10,2026-06-30,7350.0,8266.0,-11.081538833776916,-2.7872515582735513,low_r2,-0.09322011425797942,1.0833058168261367,0.6456080532554094,0.7372787657470546,002620
1M_MA20,1M,20,10,2026-06-30,7350.0,8226.0,-10.649161196207146,-1.396463889721311,vertex_out,0.10142816208153208,-1.7596279762303133,0.9638063806380701,0.9857787672856682,002620
1d_MA20,1D,20,10,2026-06-15,996.0,609.05,63.53337164436419,8.972982644480233,vertex_out,0.3686972180824651,-0.6998778771319807,0.10545808966861644,0.9902419134620262,002630
1w_MA10,1W,10,10,2026-06-21,996.0,608.9,63.573657415010686,16.42447418738049,low_r2,0.4593675673694184,-4.335494523977411,0.5243313285413909,0.6433675307636111,002630
1w_MA20,1W,20,10,2026-06-21,996.0,593.95,67.69088307096555,7.990909090909093,low_r2,0.25649894627460346,-2.5072946137676073,0.5430593272698498,0.6884083092599894,002630
1M_MA10,1M,10,10,2026-06-30,996.0,608.5,63.681183237469185,3.451207072424345,vertex_out,1.0170772664648235,-17.996276411269054,0.9830060772417928,0.987117720246097,002630
1M_MA20,1M,20,10,2026-06-30,996.0,888.4,12.111661413777576,3.2123148417078085,low_a,0.07557924767319371,-0.24992481900361654,0.18371064272702714,0.8774550860826105,002630
1d_MA20,1D,20,10,2026-06-15,1421.0,1453.45,-2.232618941140052,-1.0181149550531177,low_a,0.04006698414022182,-1.2327586050584876,1.7093023255814437,0.9987396458745533,002690
1w_MA10,1W,10,10,2026-06-21,1421.0,1551.4,-8.405311331700405,-2.739640147953093,low_a,-0.14216809457395113,0.9396678983498987,0.3671975226719752,0.958907925251779,002690
1w_MA20,1W,20,10,2026-06-21,1421.0,1574.7,-9.760589318600365,-1.4179735186402365,low_a,-0.07636975723733903,0.3668289300498164,0.2668515095502176,0.99091218608447,002690
1M_MA10,1M,10,10,2026-06-30,1421.0,1588.6,-10.550169960971923,-1.907996295152825,low_a,-0.2627618858506679,3.5980030291349774,0.760723179189564,0.9822789852621385,002690
1M_MA20,1M,20,10,2026-06-30,1421.0,1497.55,-5.11168241461053,-0.5643902924869715,low_a,0.06606627081469134,-0.9399482002391361,0.7904085369703904,0.9656400810898758,002690
1d_MA20,1D,20,10,2026-06-15,1189.0,1246.35,-4.60143619368556,-1.9625580114843055,low_a,0.008239763336560237,-1.0716022936245944,7.225142073288562,0.9997736873158902,002700
1w_MA10,1W,10,10,2026-06-21,1189.0,1334.6,-10.909635845946342,-3.1635466550573255,low_a,-0.18042446073103394,1.169471865331318,0.3600989517819739,0.9848841428398455,002700
1w_MA20,1W,20,10,2026-06-21,1189.0,1359.25,-12.525289681809825,-1.1058969042162303,low_a,-0.08610069606776799,0.7712420529650603,0.49763570652852057,0.9783535513308489,002700
1M_MA10,1M,10,10,2026-06-30,1189.0,1322.4,-10.087719298245624,-2.5138223368964208,low_a,-0.004168320283201123,-0.8764003088067067,-11.680701754382866,0.9889374479157161,002700
1M_MA20,1M,20,10,2026-06-30,1189.0,1387.55,-14.309394256062847,-1.8566982600084825,vertex_out,0.10444126954142177,-2.072916009659424,1.1026484170700455,0.9936487126021419,002700
1d_MA20,1D,20,10,2026-06-15,13340.0,14475.5,-7.844288625608787,-3.057192606482717,low_a,0.050416764189458306,-2.4954486964861244,2.74980040711659,0.997893618074856,002710
1w_MA10,1W,10,10,2026-06-21,13340.0,16221.0,-17.760927193144692,-2.903148569376268,low_a,-0.25520136315344266,3.2970043094619976,0.717734826404869,0.9587378551770048,002710
1w_MA20,1W,20,10,2026-06-21,13340.0,15596.5,-14.467989613054211,-1.9211419947176456,low_a,-0.12802248996452428,1.6390378191266808,0.7112629713996462,0.9296610592910958,002710
1M_MA10,1M,10,10,2026-06-30,13340.0,15867.0,-15.926136005546098,-3.90625,ma_not_rising,0.4971307933912528,-7.53949363289678,0.8425564518460674,0.9755926170594008,002710
1M_MA20,1M,20,10,2026-06-30,13340.0,19352.0,-31.066556428276147,-12.138203446005768,vertex_out,0.35608551260435967,-9.334589648268917,1.4563589234502554,0.99729574751963,002710
1d_MA20,1D,20,10,2026-06-15,3530.0,3707.25,-4.7811720277833984,-2.0476913930906893,low_a,0.04083165805217659,-1.7026487503822276,2.3166239568959837,0.9989932571455552,002720
1w_MA10,1W,10,10,2026-06-21,3530.0,4141.0,-14.75489012315866,-6.057168784029043,low_a,-0.26820163539334496,0.564382431046244,0.11690674240887618,0.9934484201083867,002720
1w_MA20,1W,20,10,2026-06-21,3530.0,4478.5,-21.17896617170928,-2.1574089245726125,low_a,-0.10690657134126258,0.6103598816684097,0.31718239477224625,0.9981383064675825,002720
1M_MA10,1M,10,10,2026-06-30,3530.0,4328.5,-18.44749913364907,-4.868131868131864,low_r2,-0.026557543838649923,-0.4932554644536174,-1.031837941227601,0.812547021233278,002720
1M_MA20,1M,20,10,2026-06-30,3530.0,4588.75,-23.07273222555162,-3.774574049803403,low_a,-0.06136294807201354,-0.4995675039870272,-0.45228841008307846,0.9882813110988131,002720
1d_MA20,1D,20,10,2026-06-15,913.0,962.15,-5.1083510887075745,-1.307826443737814,low_a,0.041280059007436636,-1.1588247889135588,1.5595703225144182,0.9976480953342001,002760
1w_MA10,1W,10,10,2026-06-21,913.0,1032.9,-11.608093716719925,-4.299082738812176,low_a,-0.09389822938610987,-0.796870417752954,-0.4714740528494123,0.9987798271245943,002760
1w_MA20,1W,20,10,2026-06-21,913.0,1121.75,-18.609315801203476,-2.3036056436161023,low_a,-0.10266067186365717,0.726906129112448,0.3933704417326791,0.975863627756971,002760
1M_MA10,1M,10,10,2026-06-30,913.0,1075.3,-15.093462289593596,-1.4932209600586277,low_r2,0.0068989493113553405,0.4174504442070088,-3.3616265750295344,0.6708129680488091,002760
1M_MA20,1M,20,10,2026-06-30,913.0,1068.35,-14.541114803201193,-1.8015533802104966,low_r2,0.01788980632558436,-0.3605092394398124,1.1195364955598737,0.5197831771460439,002760
1d_MA20,1D,20,10,2026-06-15,904.0,982.95,-8.031944656391477,-2.889745109662123,low_a,0.06339538681276861,-2.597369719913114,2.2761643240559475,0.9978363773865493,002780
1w_MA10,1W,10,10,2026-06-21,904.0,1078.0,-16.141001855287573,-1.3001281816517163,low_a,-0.4946469978353322,6.527173075441183,0.7330899166482263,0.9627450446731709,002780
1w_MA20,1W,20,10,2026-06-21,904.0,974.55,-7.239238622954181,2.1059248782020923,low_a,-0.1636882222719305,3.5372412543303415,1.2005347745294117,0.9947700455038887,002780
1M_MA10,1M,10,10,2026-06-30,904.0,846.5,6.792675723567632,5.037845886586423,pass,0.5219968037901666,-3.3703209312949576,0.35869961344413887,0.932319091185469,002780
1M_MA20,1M,20,10,2026-06-30,904.0,807.55,11.943532908179066,1.8733442664311761,pass,0.3154091671397574,-3.061781698357938,0.539296256937063,0.9263067886236589,002780
1d_MA20,1D,20,10,2026-06-15,3140.0,3186.25,-1.4515496273048267,-1.3544891640866918,low_a,-0.04289603526244395,-0.1759921780740872,-0.22793116348676568,0.9882828685263325,002785
1w_MA10,1W,10,10,2026-06-21,3140.0,3305.5,-5.0068068370896945,-1.3725197672683875,low_a,-0.03632120962552143,-0.21075214763077976,-0.32235855487388226,0.9592695410285801,002785
1w_MA20,1W,20,10,2026-06-21,3140.0,3397.5,-7.579102281089034,-1.077303828796039,low_a,0.020364208845321963,-0.7759878299790348,2.1169707758491456,0.9947357664820677,002785
1M_MA10,1M,10,10,2026-06-30,3140.0,3472.5,-9.575233981281494,-1.6706781820756023,low_a,-0.17047982164261014,1.5775137868160938,0.5140764107956542,0.8655035185329961,002785
1M_MA20,1M,20,10,2026-06-30,3140.0,3430.75,-8.474823289368217,-2.583942642152337,low_a,-0.026441795168554782,-0.8561382035664228,-1.7987898789879166,0.9985964012113312,002785
1d_MA20,1D,20,10,2026-06-15,7300.0,7913.0,-7.746745861241,-1.0874999999999968,low_a,0.0022359725906487497,-0.3457190209998809,8.589824561399706,0.9801166969394977,002787
1w_MA10,1W,10,10,2026-06-21,7300.0,8002.0,-8.772806798300426,-1.4532019704433519,low_r2,-0.017372377471500684,-0.006463271618419508,-0.020669056152895847,0.6560040910745706,002787
1w_MA20,1W,20,10,2026-06-21,7300.0,8120.5,-10.104057631919217,-1.4143498846667435,low_a,-0.026858033718066592,0.043951598376954705,0.09091341127269034,0.9100336113535203,002787
1M_MA10,1M,10,10,2026-06-30,7300.0,8111.0,-9.99876710639872,-0.6491915727584563,ma_not_rising,0.1909656639200273,-2.7436821663652915,0.7981894959092086,0.9787825092625717,002787
1M_MA20,1M,20,10,2026-06-30,7300.0,8557.0,-14.689727708308986,-4.010320264737222,low_a,0.030050103579514858,-2.397861765508817,4.4330809767684105,0.9994213980327064,002787
1d_MA20,1D,20,10,2026-06-15,24650.0,23442.5,5.150901141089892,-0.45647558386412435,low_a,0.08516458813194788,-1.5890918271549581,1.036614879762084,0.9965644092874227,002790
1w_MA10,1W,10,10,2026-06-21,24650.0,25755.0,-4.290429042904287,-2.165242165242165,low_a,-0.004472274375822577,-1.4154266769928057,-17.582735042732267,0.9853015781156961,002790
1w_MA20,1W,20,10,2026-06-21,24650.0,27705.0,-11.026890452986827,-1.4495331258337019,low_a,-0.06889840155708382,0.20873515734435572,0.16831156265119038,0.9860801647707224,002790
1M_MA10,1M,10,10,2026-06-30,24650.0,27045.0,-8.855611018672583,-3.805797616930462,low_a,-0.3338538287508457,4.006904268062436,0.6667762161154231,0.8836617785468925,002790
1M_MA20,1M,20,10,2026-06-30,24650.0,25892.5,-4.798686878439707,-0.5091258405379495,low_a,0.04289510170352854,-0.9139069737422728,1.1836458624871835,0.8836826268282247,002790
1d_MA20,1D,20,10,2026-06-15,10870.0,10636.0,2.2000752162466997,-0.45858680393074946,low_a,0.045807619710578215,-1.0140008165887897,1.2297818366311732,0.9966208879317934,002795
1w_MA10,1W,10,10,2026-06-21,10870.0,11293.0,-3.7456831665633628,-1.21588523442967,low_a,-0.00791435139975584,-1.1087240406082741,-7.782795698924015,0.9889732427090505,002795
1w_MA20,1W,20,10,2026-06-21,10870.0,11893.0,-8.601698478096365,-1.1675738563177829,low_a,-0.047046355864434945,0.05660220832505523,0.0668397598791896,0.9928944619316349,002795
1M_MA10,1M,10,10,2026-06-30,10870.0,11656.0,-6.743308167467399,-1.7200674536256289,low_a,-0.2969398794098774,4.1314353227470155,0.772965170771944,0.9559932024425247,002795
1M_MA20,1M,20,10,2026-06-30,10870.0,10906.0,-0.33009352649917556,0.9487666034155628,low_a,0.02195423478879328,0.25086846330878504,-0.6348268106161634,0.949008696525356,002795
1d_MA20,1D,20,10,2026-06-15,21700.0,21257.5,2.081618252381512,-0.0470201010932203,low_a,-0.006300545117802579,0.1572991413027405,1.3869976359336667,0.9553589460765317,002810
1w_MA10,1W,10,10,2026-06-21,21700.0,20829.0,4.181669787315756,2.550342179114762,vertex_out,0.11420919974795204,-0.49966760430893326,0.2430567013144146,0.973901221544951,002810
1w_MA20,1W,20,10,2026-06-21,21700.0,20301.0,6.891286143539732,2.3545427044469047,low_a,0.02111498831545263,1.1088627961095618,-2.9175241658869404,0.998275921460047,002810
1M_MA10,1M,10,10,2026-06-30,21700.0,18185.0,19.329117404454223,5.843664513124969,low_a,0.09208995096004116,1.8508315065963128,-1.116560184002058,0.99499818665536,002810
1M_MA20,1M,20,10,2026-06-30,21700.0,16185.5,34.07061876370825,5.5151732455425595,vertex_out,0.16309309677595107,0.4141989141682666,-0.14109150688785635,0.9984809660956817,002810
1d_MA20,1D,20,10,2026-06-15,1969.0,2128.9,-7.510921132979476,-1.6469936014414155,low_a,-0.0031338466950958195,-0.8060904443911073,-14.290042501521716,0.9996910341504376,002820
1w_MA10,1W,10,10,2026-06-21,1969.0,2237.7,-12.007865218751391,-3.3808290155440512,low_a,-0.14680609361801375,0.7630033109046362,0.288741916519697,0.9676640719165661,002820
1w_MA20,1W,20,10,2026-06-21,1969.0,2295.85,-14.23655726637193,-1.9705380017079444,low_a,-0.039924710677022274,-0.34677417559685364,-0.48253905040044853,0.9960867849962165,002820
1M_MA10,1M,10,10,2026-06-30,1969.0,2376.4,-17.143578522134327,-6.219415943172846,low_a,-0.10165043973671352,-1.073106379156507,-0.5864905377553252,0.9960321127900758,002820
1M_MA20,1M,20,10,2026-06-30,1969.0,2626.2,-25.02475059020638,-4.240656335460358,low_a,-0.1798829412312638,0.4198894325863365,0.12967983811900574,0.9918825090366521,002820
1d_MA20,1D,20,10,2026-06-15,122300.0,122515.0,-0.17548871566747115,-1.3805039040489464,low_a,0.036711689358894954,-1.2630368147438917,1.9113452188005857,0.9994000803190795,002840
1w_MA10,1W,10,10,2026-06-21,122300.0,132510.0,-7.70507886197268,-2.004141399201298,low_a,-0.08442409038397765,0.04909450356875634,0.032306802573547115,0.9815718840655485,002840
1w_MA20,1W,20,10,2026-06-21,122300.0,136905.0,-10.667981446988783,-1.4291885664914683,low_a,-0.04446049285827801,-0.277399758781418,-0.34662453606178173,0.9910241413808804,002840
1M_MA10,1M,10,10,2026-06-30,122300.0,141170.0,-13.366862647871358,-4.698575575508002,low_a,0.002367439340889716,-2.3567810323465546,55.30544217686374,0.9909583838399834,002840
1M_MA20,1M,20,10,2026-06-30,122300.0,158985.0,-23.07450388401422,-4.7280898876404525,low_a,-0.09464098688789702,-0.7681737129634085,-0.4509284908176883,0.9973359487006483,002840
1d_MA20,1D,20,10,2026-06-15,921.0,1025.35,-10.17701272736138,-1.9554408108624965,low_a,-0.012076826232799352,-0.6632308806435795,-3.0509803921566943,0.994298622486115,002870
1w_MA10,1W,10,10,2026-06-21,921.0,1076.9,-14.476738787259736,-4.181866714120474,low_a,-0.13525679909638183,0.07320782446486748,0.030069478106317993,0.9649297370836464,002870
1w_MA20,1W,20,10,2026-06-21,921.0,1137.15,-19.008046431869154,-1.160365058670132,low_r2,-0.030806309500019616,0.08227714985015215,0.14837716180998528,0.8307810589349275,002870
1M_MA10,1M,10,10,2026-06-30,921.0,1103.3,-16.52315779932928,-2.2850057567974424,low_r2,0.06970671119308665,-1.0580794439135315,0.8432787937118947,0.6970368831819291,002870
1M_MA20,1M,20,10,2026-06-30,921.0,1137.2,-19.011607456911715,0.3928492606488643,low_a,-0.14325321542247746,1.8802633835336806,0.7291918478403097,0.9523927057595901,002870
1d_MA20,1D,20,10,2026-06-15,810.0,799.5,1.31332082551594,-1.12540192926045,low_a,0.05569571817337389,-1.4908441984439957,1.4870923727657144,0.9992497428932537,002880
1w_MA10,1W,10,10,2026-06-21,810.0,865.9,-6.455710821110983,-2.1913475657968973,low_a,-0.06581751727223686,-0.542400877412445,-0.4578322508555033,0.9890819538034642,002880
1w_MA20,1W,20,10,2026-06-21,810.0,915.9,-11.562397641663935,-2.548278980688412,low_a,-0.038347435544415595,-0.9473294472524476,-1.3724363308542369,0.9974891094628137,002880
1M_MA10,1M,10,10,2026-06-30,810.0,1008.8,-19.706582077716096,-6.713519511744048,low_a,-0.27196516829992634,1.8182364142006648,0.3714193797452058,0.9238710285412299,002880
1M_MA20,1M,20,10,2026-06-30,810.0,1048.65,-22.757831497639824,-2.378514243157692,low_a,-0.056799231434749936,-0.30530365679059146,-0.2986187284176347,0.9780890745797386,002880
1d_MA20,1D,20,10,2026-06-15,6800.0,7092.5,-4.124074726824112,-2.6490975224761515,low_a,-0.04083322079299349,-1.1285505481411673,-1.5354471544715238,0.9954019233407393,002900
1w_MA10,1W,10,10,2026-06-21,6800.0,7439.0,-8.58986422906305,-0.5215298208076979,low_r2,-0.0752961994565878,1.3213218606490957,0.9749067093138442,0.7647413606719419,002900
1w_MA20,1W,20,10,2026-06-21,6800.0,7313.0,-7.014904963763158,-0.2523358112255347,low_a,-0.09747779834025941,1.6774381617777163,0.9560229157244104,0.972867164285648,002900
1M_MA10,1M,10,10,2026-06-30,6800.0,6667.0,1.994900254987253,4.662480376766087,low_a,0.04233867921037942,3.0514853971941363,-4.004068376068411,0.990707060950572,002900
1M_MA20,1M,20,10,2026-06-30,6800.0,5773.25,17.78461005499501,7.035921205098483,vertex_out,0.2569119522325326,0.4555865110415236,-0.09851764974180928,0.997015635425339,002900
1d_MA20,1D,20,10,2026-06-15,1763.0,1750.25,0.7284673618054516,-0.4096844860451254,low_a,0.018138235323422965,-0.6031772227364273,1.8474700052163326,0.9929211349745068,002920
1w_MA10,1W,10,10,2026-06-21,1763.0,1829.1,-3.61379913618719,-1.0816072684008415,low_a,0.07838900891917183,-1.9447834310722543,1.378299399854181,0.9971526408271331,002920
1w_MA20,1W,20,10,2026-06-21,1763.0,1941.95,-9.214964339967558,-2.0873774169964943,low_a,-0.030688304890850625,-0.699084611705532,-1.2655646547365929,0.998039068204461,002920
1M_MA10,1M,10,10,2026-06-30,1763.0,2005.6,-12.09613083366573,-4.59518599562363,low_r2,-0.2599237483314717,2.6174794916496733,0.5594545640686415,0.8116275461892896,002920
1M_MA20,1M,20,10,2026-06-30,1763.0,1990.3,-11.420388886097577,-1.523922616397011,low_a,0.07122469808768182,-1.7912552260246701,1.3971863959477222,0.9947310180958704,002920
1d_MA20,1D,20,10,2026-06-15,498000.0,509225.0,-2.2043301094800904,0.5826872747024758,low_a,0.02763261444323642,-0.14495226508006406,0.291427495291898,0.9619884785068745,002960
1w_MA10,1W,10,10,2026-06-21,498000.0,509550.0,-2.2667059169855786,0.44352454169129807,low_a,-0.011356829786844866,0.40167076264648666,1.96490066225152,0.9132816188446299,002960
1w_MA20,1W,20,10,2026-06-21,498000.0,498850.0,-0.17039190137315696,1.4644564222515921,low_a,0.021143927636426557,0.5057494238818634,-1.3288538770466425,0.9902839084084282,002960
1M_MA10,1M,10,10,2026-06-30,498000.0,467900.0,6.432998503953846,2.295583734149531,low_a,-0.15508641145284005,3.755099660527715,1.3451639370128383,0.9981156446889446,002960
1M_MA20,1M,20,10,2026-06-30,498000.0,419425.0,18.73398104547892,4.354046152889213,low_a,-0.026652966246403356,2.512579106103261,5.237230514096505,0.9987892945829576,002960
1d_MA20,1D,20,10,2026-06-15,4015.0,4013.25,0.04360555659377319,-1.5274199484725748,low_a,0.09967514608603552,-2.3668661509007864,1.3192111484384839,0.9991798793121957,002990
1w_MA10,1W,10,10,2026-06-21,4015.0,4606.5,-12.840551394768262,-4.4690999585234366,low_a,-0.26964715134282036,1.2794852143858066,0.2636130645413371,0.9774557338194482,002990
1w_MA20,1W,20,10,2026-06-21,4015.0,4794.5,-16.25821253519658,-0.6063747084737003,low_a,-0.13148240874034184,1.4622147809698667,0.6178328741965115,0.9750172239889897,002990
1M_MA10,1M,10,10,2026-06-30,4015.0,4210.5,-4.643154019712625,2.1098581302291697,low_a,-0.03291692389483036,4.239078723618335,7.154507337526095,0.9836677094366061,002990
1M_MA20,1M,20,10,2026-06-30,4015.0,3600.75,11.504547663681187,2.790465315443913,pass,0.25978777777629486,-1.5286623707819307,0.3269040906874108,0.9490842206630563,002990
1d_MA20,1D,20,10,2026-06-15,12420.0,13224.0,-6.079854809437391,-1.7350919561582745,low_a,0.002601659146502223,-1.0323985982808157,22.045730994153708,0.9988723785995584,002995
1w_MA10,1W,10,10,2026-06-21,12420.0,14086.0,-11.827346301292064,-3.65253077975376,low_a,-0.11992502045552486,0.6350538644968492,0.2941902374985135,0.8772434210804144,002995
1w_MA20,1W,20,10,2026-06-21,12420.0,14448.0,-14.036544850498334,-2.404755471494191,vertex_out,0.23250661017454127,-4.640355935643192,1.1087751517543964,0.9169129490727161,002995
1M_MA10,1M,10,10,2026-06-30,12420.0,14010.0,-11.34903640256959,2.1062604766416415,low_r2,0.00331698175705963,1.325763294691642,-22.20498084290001,0.8480395374475668,002995
1M_MA20,1M,20,10,2026-06-30,12420.0,13452.5,-7.675153317227279,2.99353060521379,low_a,0.06062814028896746,1.154288214107901,-1.0577121894280461,0.9662416108962403,002995
1d_MA20,1D,20,10,2026-06-15,4775.0,4851.25,-1.5717598557072887,-2.511931675458423,low_a,0.023453006937290816,-1.856263683647804,4.397123169681217,0.998890905027986,003000
1w_MA10,1W,10,10,2026-06-21,4775.0,5769.0,-17.230022534234703,-10.363579863269113,low_a,-0.6794898894298232,4.53686741470117,0.3709373658482549,0.9728741726462515,003000
1w_MA20,1W,20,10,2026-06-21,4775.0,5991.0,-20.29711233516942,1.0883320678309216,low_a,-0.15388319518864005,2.7255363381058806,0.9839845427222108,0.9969875692416889,003000
1M_MA10,1M,10,10,2026-06-30,4775.0,4790.0,-0.31315240083507057,6.8242640499553975,vertex_out,0.5671348344802741,-1.9343723741424683,0.189487799661055,0.9561696124443605,003000
1M_MA20,1M,20,10,2026-06-30,4775.0,4325.15,10.400795348138224,0.6398845880888349,low_r2,0.3304360262494284,-3.0406329512619776,0.511215604319052,0.7976326827226219,003000
1d_MA20,1D,20,10,2026-06-15,5070.0,5391.5,-5.963090049151443,-2.5661877654287513,low_a,0.05195037188606389,-2.3506154795543868,2.513740404987637,0.9959664367746699,003010
1w_MA10,1W,10,10,2026-06-21,5070.0,6071.0,-16.488222698072807,-2.473895582329322,low_a,-0.33096027376223514,3.908757760339998,0.6561307387115063,0.9899457486698805,003010
1w_MA20,1W,20,10,2026-06-21,5070.0,5800.0,-12.586206896551722,-0.38643194504078826,low_a,-0.1429719098744243,1.9238308133748327,0.7475558641261072,0.9933396104777945,003010
1M_MA10,1M,10,10,2026-06-30,5070.0,5534.0,-8.384531984098299,-0.2343609158103499,low_a,0.03740711748844611,0.6213556452947797,-0.9228125658865396,0.9365809891747487,003010
1M_MA20,1M,20,10,2026-06-30,5070.0,5307.5,-4.474799811587371,0.549398503362708,low_r2,0.09145164853267695,-0.6660879192336036,0.40463878995734565,0.8117092862164175,003010
1d_MA20,1D,20,10,2026-06-15,138600.0,155380.0,-10.799330673188312,-2.9390636224505773,low_a,0.09607748032734482,-2.86251642473813,1.6552129564743376,0.999835448792178,003030
1w_MA10,1W,10,10,2026-06-21,138600.0,181750.0,-23.7414030261348,-10.300069094857367,low_a,-0.747710282186322,6.919956423267669,0.5141590702628206,0.976470247422885,003030
1w_MA20,1W,20,10,2026-06-21,138600.0,177220.0,-21.79212278523869,0.06775832862788711,low_a,-0.1826810611600432,3.0447599969991446,0.9259489302967607,0.9983768643093486,003030
1M_MA10,1M,10,10,2026-06-30,138600.0,157190.0,-11.826452064380689,-5.670907345175225,vertex_out,0.24407866792410313,-5.621744075133886,1.279583824106793,0.975264135805824,003030
1M_MA20,1M,20,10,2026-06-30,138600.0,183860.0,-24.616556075274666,-1.4208353439493893,ma_not_rising,0.2204253936781306,-2.9859976963709105,0.7525846189560581,0.9459329555413808,003030
1d_MA20,1D,20,10,2026-06-15,2565.0,3034.0,-15.458141067897168,-7.415318889227951,low_a,-0.6230681951563053,6.12098329829853,0.545774331488617,0.9776163058506036,003060
1w_MA10,1W,10,10,2026-06-21,2565.0,2268.3,13.080280386192289,25.59105254415592,vertex_out,0.8408065794309914,14.052677089906288,-0.9285182845511348,0.9752429200336445,003060
1w_MA20,1W,20,10,2026-06-21,2565.0,1299.6,97.36842105263159,18.815139879319798,vertex_out,0.6148486193834055,8.66233368120221,-0.7826979599456475,0.9706666890545049,003060
1M_MA10,1M,10,10,2026-06-30,2565.0,941.1,172.55339496334074,92.25740551583247,low_r2,1.887452099218439,-15.213360694521583,0.44779239992430864,0.6220516005197632,003060
1M_MA20,1M,20,10,2026-06-30,2565.0,813.2,215.42056074766353,32.68069831946485,low_r2,0.9671432131725815,-10.861875169636628,0.6239381109285383,0.7842811885015817,003060
1d_MA20,1D,20,10,2026-06-15,9650.0,9416.5,2.479689906016036,-1.1079605124973746,low_a,0.04731769925521923,-1.3515796587261275,1.586885245901635,0.9974504732663592,003070
1w_MA10,1W,10,10,2026-06-21,9650.0,10396.0,-7.1758368603308975,-4.069391898126784,low_a,-0.2771240033677086,1.9448075502458948,0.3898791248305828,0.9732899733328925,003070
1w_MA20,1W,20,10,2026-06-21,9650.0,10493.5,-8.038309429646928,0.41146356633654513,low_a,-0.058394899079098866,0.9956165335644322,0.9472065285624605,0.9952605129810034,003070
1M_MA10,1M,10,10,2026-06-30,9650.0,9666.0,-0.1655286571487724,0.603663613655292,low_a,0.04516992199655535,0.4836073506166716,-0.5948001202284213,0.9447010217500138,003070
1M_MA20,1M,20,10,2026-06-30,9650.0,9388.0,2.7907967618236107,0.2134927412468013,low_r2,0.00859353843191187,-0.22900673024997725,1.4804839968776684,0.4629447924994121,003070
1d_MA20,1D,20,10,2026-06-15,13950.0,13397.0,4.127789803687398,-1.0597836121265858,low_a,0.04471763579803888,-1.415532750331745,1.758606128171303,0.9971939000840014,003075
1w_MA10,1W,10,10,2026-06-21,13950.0,14616.0,-4.556650246305416,-3.153988868274582,low_a,-0.16793875278070974,0.49366295515690983,0.1633078683557407,0.9849096140371308,003075
1w_MA20,1W,20,10,2026-06-21,13950.0,15234.0,-8.428515163450179,-0.48015678588927413,low_a,-0.03690360102641568,0.06652456450808711,0.1001476559616148,0.963418119914516,003075
1M_MA10,1M,10,10,2026-06-30,13950.0,15124.0,-7.762496693996301,-1.6133229247983327,low_r2,-0.03902068769901698,0.29398225727351623,0.41855611957136024,0.41571970949956416,003075
1M_MA20,1M,20,10,2026-06-30,13950.0,15338.5,-9.052384522606516,-1.9716239534735114,low_a,-0.14052721816992825,0.8174664937806797,0.32317444123259664,0.9236390699700967,003075
1d_MA20,1D,20,10,2026-06-15,2245.0,2317.75,-3.138819976270091,-0.6536648092584696,low_a,0.03482640291895479,-0.9989804421289411,1.5935873015872604,0.9986421648244787,003080
1w_MA10,1W,10,10,2026-06-21,2245.0,2448.0,-8.292483660130722,-3.0110935023771823,low_a,-0.0957463704287169,-0.10046409518433214,-0.058292952478100325,0.997731457770991,003080
1w_MA20,1W,20,10,2026-06-21,2245.0,2559.25,-12.278987984761159,-2.0195252679938713,low_a,-0.04956941155237156,-0.2929541547351187,-0.3283321368748233,0.9979551897223768,003080
1M_MA10,1M,10,10,2026-06-30,2245.0,2670.0,-15.917602996254676,-3.6101083032490933,low_a,-0.22551300021044193,2.3887632007439827,0.5884763476347659,0.9420896583763061,003080
1M_MA20,1M,20,10,2026-06-30,2245.0,2627.75,-14.565693083436404,-1.2309716218755873,low_a,-0.015730423063351637,-0.16039362903693177,-0.5664664664664043,0.9724729018274517,003080
1d_MA20,1D,20,10,2026-06-15,18470.0,18861.0,-2.0730608133184836,-1.5631116098222875,low_a,0.024455190150899437,-1.3198168826050292,2.9982657952069567,0.9969290050727462,003090
1w_MA10,1W,10,10,2026-06-21,18470.0,20670.0,-10.643444605708751,-3.9453506203819932,low_a,-0.03835030529837812,-1.6533091139092844,-2.3950397686189486,0.994130920044432,003090
1w_MA20,1W,20,10,2026-06-21,18470.0,22702.5,-18.643321220129938,-2.226576799672686,low_a,-0.05743053183483352,0.010361728022190021,0.010023441162688012,0.9850779169876094,003090
1M_MA10,1M,10,10,2026-06-30,18470.0,22366.0,-17.419297147455957,-4.5819112627986325,low_r2,-0.2437103278500107,2.722248519544999,0.6205565032791219,0.7750848893564086,003090
1M_MA20,1M,20,10,2026-06-30,18470.0,22130.0,-16.53863533664709,-2.6696573866385243,low_r2,-0.15119277085968347,1.9491752553449406,0.7162215069550366,0.7765013442461972,003090
1d_MA20,1D,20,10,2026-06-15,20000.0,19576.0,2.1659174499387035,-0.28778810645613273,low_a,0.06172412687228199,-1.181200580420993,1.0631540338126917,0.9982247772062972,003120
1w_MA10,1W,10,10,2026-06-21,20000.0,21059.0,-5.02872880953511,-2.6263466962593074,low_a,-0.03511833872933737,-1.1586097274172165,-1.832865944338158,0.9945553735426427,003120
1w_MA20,1W,20,10,2026-06-21,20000.0,22417.0,-10.781995806753809,-0.7702182284980763,low_a,-0.021332369110246902,-0.05842402590071309,-0.15215277777784128,0.9888865497272281,003120
1M_MA10,1M,10,10,2026-06-30,20000.0,22399.0,-10.710299566944947,-3.846318952564931,low_a,-0.4027782396860529,5.429273298191376,0.7488644237063776,0.9657309306022517,003120
1M_MA20,1M,20,10,2026-06-30,20000.0,20443.5,-2.169393694817423,1.8001195100089573,low_a,0.06299015058871218,0.3735761706360912,-0.3294837606837572,0.9868173103272491,003120
1d_MA20,1D,20,10,2026-06-15,29300.0,28560.0,2.591036414565817,-0.9021512838306767,low_a,0.0839182315607877,-1.745198250658676,1.155356310144536,0.9915547019460648,003160
1w_MA10,1W,10,10,2026-06-21,29300.0,30670.0,-4.46690577111184,-0.663967611336036,low_a,-0.03637082879719815,-0.9877569835493896,-1.508774745853288,0.9584690129651108,003160
1w_MA20,1W,20,10,2026-06-21,29300.0,32260.0,-9.175449473031616,-0.7766243752402868,low_a,-0.20960080093762787,2.68081793608543,0.7105618352424289,0.9884265250745388,003160
1M_MA10,1M,10,10,2026-06-30,29300.0,27199.0,7.724548696643252,12.578642384105954,vertex_out,0.2773834553993229,4.891300675181035,-0.9796508086891821,0.989754357555631,003160
1M_MA20,1M,20,10,2026-06-30,29300.0,20604.5,42.20194617680604,6.162248499368839,vertex_out,0.1263795954736785,1.9460724303795185,-0.855479356583333,0.9902477425723825,003160
1d_MA20,1D,20,10,2026-06-15,10970.0,10713.5,2.3941755728753344,-1.057443664573332,low_a,0.06902942179784528,-1.6071930156671743,1.293484698914075,0.9987968794681852,003200
1w_MA10,1W,10,10,2026-06-21,10970.0,11731.0,-6.487085499957379,-1.791544579321891,low_a,-0.016356527377409846,-1.1318228690618357,-3.8442786069649437,0.9911557596813779,003200
1w_MA20,1W,20,10,2026-06-21,10970.0,12490.0,-12.16973578863091,-1.5178395426769131,low_a,-0.04960555227120323,0.04988960434506917,0.05587367862944159,0.9940365651289145,003200
1M_MA10,1M,10,10,2026-06-30,10970.0,12079.0,-9.181223611226097,0.9780973081424449,low_a,-0.2886747709205996,5.646511593294558,1.0866730317858175,0.9888318076007626,003200
1M_MA20,1M,20,10,2026-06-30,10970.0,10518.0,4.297394942004185,2.519615965690325,low_a,-0.006837573175705966,2.0781768263626716,16.885269841275097,0.9936855150977909,003200
1d_MA20,1D,20,10,2026-06-15,9430.0,9482.5,-0.5536514632217271,-0.5610318791946289,low_r2,0.0042376239892941035,-0.047688191090788964,0.6251956181533698,0.0039883423882587365,003220
1w_MA10,1W,10,10,2026-06-21,9430.0,10089.0,-6.531866389136686,-1.838879159369522,low_a,0.03967977874990241,-1.2098817506355948,1.6939523084728367,0.9809201876157871,003220
1w_MA20,1W,20,10,2026-06-21,9430.0,10501.0,-10.19902866393677,-2.084013240710525,low_a,0.007966205554981932,-0.9694248718237585,6.7606763285013285,0.9920874470301676,003220
1M_MA10,1M,10,10,2026-06-30,9430.0,11280.0,-16.400709219858157,-6.753740596842195,low_a,-0.13432003588878502,-0.8884720665710975,-0.3674772637405997,0.9986769093742562,003220
1M_MA20,1M,20,10,2026-06-30,9430.0,12546.5,-24.83959670027498,-4.144701657880667,low_a,-0.09608911427053014,-0.5278603571301683,-0.30519144253486385,0.9984894073472758,003220
1d_MA20,1D,20,10,2026-06-15,1139000.0,1222650.0,-6.8416963153805295,-1.8070112034694663,low_a,-0.0002686534123813845,-0.7721397575647712,-159.67283950648687,0.9974178593834312,003230
1w_MA10,1W,10,10,2026-06-21,1139000.0,1276000.0,-10.736677115987458,-1.4976069167824568,low_a,-0.1885763336038793,2.633238725953943,0.7757656410802399,0.9258218918983897,003230
1w_MA20,1W,20,10,2026-06-21,1139000.0,1217550.0,-6.451480432015111,-0.5350870026958554,low_r2,-0.05826118400160122,0.6773255246243275,0.6458707706906276,0.8495404554853513,003230
1M_MA10,1M,10,10,2026-06-30,1139000.0,1283900.0,-11.285925695147592,-4.917425757239135,low_a,-0.5300726024872029,6.308540482031369,0.6611820146513349,0.9950721140355231,003230
1M_MA20,1M,20,10,2026-06-30,1139000.0,1150550.0,-1.003867715440443,5.8950759318914026,low_a,-0.1687991805813305,5.417112271557338,1.7828918405689886,0.9944983306573594,003230
1d_MA20,1D,20,10,2026-06-15,935000.0,953000.0,-1.8887722980062915,-1.3253261544833306,low_a,0.05648085244082082,-1.6889880816863583,1.6613182547680763,0.9980788621526792,003240
1w_MA10,1W,10,10,2026-06-21,935000.0,1056000.0,-11.458333333333337,-3.7988521453949153,low_a,-0.1541354876916557,-0.21965704640230602,-0.07917170424104214,0.9697808836192631,003240
1w_MA20,1W,20,10,2026-06-21,935000.0,1111200.0,-15.856731461483086,0.894356925591322,low_a,-0.09604775196515188,2.0148195656146575,1.1654038540385363,0.9993940389957195,003240
1M_MA10,1M,10,10,2026-06-30,935000.0,972200.0,-3.82637317424398,0.3302373581011375,low_a,-0.07156415270574774,3.0067071139156085,2.3341194968553967,0.9370480548831271,003240
1M_MA20,1M,20,10,2026-06-30,935000.0,877250.0,6.583072100313481,3.522539532688218,vertex_out,0.19228468962678544,0.616443787303751,-0.17810506462528045,0.9673637095052637,003240
1d_MA20,1D,20,10,2026-06-15,1884.0,2180.2,-13.585909549582597,-4.112239961296559,low_a,-0.0050073152975736645,-1.788824780392983,-19.84679385267227,0.9994698868558912,003280
1w_MA10,1W,10,10,2026-06-21,1884.0,2480.0,-24.03225806451613,-12.921348314606739,low_a,-0.8090253317071932,6.500001761971727,0.44635340186001077,0.9849919379349669,003280
1w_MA20,1W,20,10,2026-06-21,1884.0,2510.2,-24.946219424747028,0.6980102695763657,low_a,-0.19690753736338454,3.438654817864742,0.9701831698687788,0.9987291567978085,003280
1M_MA10,1M,10,10,2026-06-30,1884.0,2090.2,-9.865084680891778,2.859111264209435,vertex_out,0.47847243642599924,-1.1115075981019662,0.1290574282147311,0.8987998650175312,003280
1M_MA20,1M,20,10,2026-06-30,1884.0,1876.8,0.38363171355499937,-0.7561736555443899,low_r2,0.332103752721981,-3.5143616467666656,0.5878955359854224,0.8007691566380328,003280
1d_MA20,1D,20,10,2026-06-15,17110.0,16657.0,2.719577354865832,-0.5967655308229403,low_a,-0.02352004922740569,-0.1617084391679809,-0.38196357878073495,0.981123042899939,003300
1w_MA10,1W,10,10,2026-06-21,17110.0,17216.0,-0.6157063197026025,0.05811926072301077,low_r2,-0.08861580285219693,0.6871756674692064,0.43080832923430434,0.6879221238745568,003300
1w_MA20,1W,20,10,2026-06-21,17110.0,17163.5,-0.3117079849681015,0.6981724309894632,low_a,0.021943035122244527,-0.025566369035676002,0.06472914195336014,0.9825701325117379,003300
1M_MA10,1M,10,10,2026-06-30,17110.0,16572.0,3.246439777938681,-1.8653402025226473,low_a,-0.1826433301093548,2.195367329369638,0.6677761052572904,0.9637069811907687,003300
1M_MA20,1M,20,10,2026-06-30,17110.0,16087.5,6.3558663558663575,1.7680921052631637,low_a,-0.014003907815680977,1.1389197491247343,4.51826163301131,0.9989795903985241,003300
1d_MA20,1D,20,10,2026-06-15,8270.0,8758.0,-5.572048412879649,-1.5955056179775329,low_a,0.01920520816947546,-1.0405976877179015,3.010172143974916,0.9991260685874693,003350
1w_MA10,1W,10,10,2026-06-21,8270.0,9311.0,-11.18032434754591,-1.8551702329503539,low_a,-0.034975469065596086,-0.20022371682219642,-0.31803833145434834,0.9675376798722387,003350
1w_MA20,1W,20,10,2026-06-21,8270.0,9577.5,-13.651788044896895,-1.6481823783117688,low_a,-0.07669061268265662,0.3766532912056514,0.2728519451441361,0.9885308198056815,003350
1M_MA10,1M,10,10,2026-06-30,8270.0,9903.0,-16.489952539634455,-6.856659142212185,low_a,-0.26863709296141575,1.6074735669330245,0.3324339392872354,0.9774793203631698,003350
1M_MA20,1M,20,10,2026-06-30,8270.0,10205.0,-18.961293483586473,-5.957701700225771,low_a,-0.41433589691940254,3.307889314137523,0.44353296426774086,0.9840378480864049,003350
1d_MA20,1D,20,10,2026-06-15,3215.0,3121.5,2.995354797373051,-0.6761594145254901,low_a,0.04025372845381778,-1.2054889031438252,1.6637367096826217,0.9923698274584367,003460
1w_MA10,1W,10,10,2026-06-21,3215.0,3325.5,-3.3228086002104917,-1.041511679809548,low_a,-0.03254600123177442,-0.9321131502280091,-1.591103728313009,0.9691180336635858,003460
1w_MA20,1W,20,10,2026-06-21,3215.0,3468.25,-7.301953434729336,0.9753257151175587,low_a,-0.0393845522276758,1.0767787108052038,1.5188960164727054,0.9986785718973629,003460
1M_MA10,1M,10,10,2026-06-30,3215.0,3119.0,3.0779095864059025,2.598684210526314,low_a,0.008153221263600092,2.6030338068939973,-17.736914600553135,0.9759514153833435,003460
1M_MA20,1M,20,10,2026-06-30,3215.0,2785.25,15.429494659366295,3.387156644394951,low_a,0.09916690882705786,1.072235701988815,-0.6006908031627209,0.9850637908018144,003460
1d_MA20,1D,20,10,2026-06-15,3140.0,3122.0,0.5765534913517056,-0.8101667990468631,low_a,0.024422875924466667,-0.9082533845912524,2.06603520085985,0.9891764349324125,003465
1w_MA10,1W,10,10,2026-06-21,3140.0,3228.5,-2.7412110887409025,-1.1935730680948775,low_a,-0.13276024039712198,0.37725473387975433,0.15786802030457428,0.926552475056906,003465
1w_MA20,1W,20,10,2026-06-21,3140.0,3286.75,-4.464896934661899,1.278792080733382,low_a,-0.04177774806915645,1.0717029416038386,1.4251379038613303,0.9948047670268146,003465
1M_MA10,1M,10,10,2026-06-30,3140.0,2996.5,4.788920407141672,3.363228699551568,low_a,0.05564123651926381,1.9656072687356876,-1.96258046459558,0.9844978709713634,003465
1M_MA20,1M,20,10,2026-06-30,3140.0,2697.25,16.414866994160725,3.4916067146282925,vertex_out,0.11098865489988588,0.7739913991801987,-0.38742268041237354,0.9895788671897658,003465
1d_MA20,1D,20,10,2026-06-15,5190.0,5342.75,-2.859014552430861,-2.5934366453965407,low_a,-0.007235696330451942,-1.6021413969119798,-12.301214882305523,0.9823294982167584,003470
1w_MA10,1W,10,10,2026-06-21,5190.0,5514.5,-5.884486354157225,1.4814133235185878,low_a,-0.06691669894413262,1.755192807406731,1.4571954842543244,0.9054628348432354,003470
1w_MA20,1W,20,10,2026-06-21,5190.0,5248.5,-1.1146041726207478,1.4693088448525904,low_a,-0.11123678065407144,2.8583216960771924,1.4275462562683765,0.986598925911067,003470
1M_MA10,1M,10,10,2026-06-30,5190.0,4481.5,15.809438803971876,7.70247536649844,low_a,0.049905845975813254,3.619312388727526,-4.0290452261306635,0.9949376154862049,003470
1M_MA20,1M,20,10,2026-06-30,5190.0,3758.25,38.09618838555178,6.511265410230971,vertex_out,0.13928691951597935,1.378183664297569,-0.5496981295423,0.9982257290907933,003470
1d_MA20,1D,20,10,2026-06-15,4320.0,4230.0,2.127659574468077,-0.5758608532142384,low_a,0.044190362173257385,-1.2286137331305247,1.5445973997596685,0.9842534053789751,003475
1w_MA10,1W,10,10,2026-06-21,4320.0,4386.0,-1.5047879616963078,0.3202195791399909,low_a,0.01265150922773349,-0.6767922745738109,2.971943515421369,0.9144388675446912,003475
1w_MA20,1W,20,10,2026-06-21,4320.0,4487.5,-3.7325905292479145,0.2177432862486839,low_a,-0.060006681546261424,1.1411241950894708,1.0564788283985924,0.9887986719990739,003475
1M_MA10,1M,10,10,2026-06-30,4320.0,4136.0,4.448742746615086,3.516456013014646,low_a,-0.07542507306899361,3.510687819549352,2.5858538051236466,0.9885279750266734,003475
1M_MA20,1M,20,10,2026-06-30,4320.0,3649.0,18.388599616333234,3.849163998577021,low_a,0.03222283276010603,1.6416459196848747,-2.8303703703703813,0.9973865424774767,003475
1d_MA20,1D,20,10,2026-06-15,5040.0,5222.75,-3.4991144511990813,-1.1451284720579213,low_a,0.06003354515432763,-1.6821375040132425,1.5566644168032207,0.9934025264355367,003480
1w_MA10,1W,10,10,2026-06-21,5040.0,5570.0,-9.51526032315978,0.8509867825457151,low_a,-0.15298527181203084,2.4706594346867465,0.8972030827336344,0.9774891233281998,003480
1w_MA20,1W,20,10,2026-06-21,5040.0,5279.75,-4.540934703347698,0.2849138135713858,low_a,-0.09748042021971742,1.649561064627868,0.9401096257243908,0.9951170948296931,003480
1M_MA10,1M,10,10,2026-06-30,5040.0,5023.0,0.33844316145730247,0.661322645290574,low_a,-0.18916757835526404,2.835624731488983,0.8327785801068257,0.9452387488475599,003480
1M_MA20,1M,20,10,2026-06-30,5040.0,4689.25,7.479874180306023,3.509740080569501,low_a,0.04531677894549788,1.3462474993715576,-1.6504157948387168,0.9958785722307809,003480
1d_MA20,1D,20,10,2026-06-15,30000.0,26007.5,15.351340959338655,0.6871854432830116,low_r2,0.015069780747459306,-0.20872193663830063,0.7694646220070077,0.4194225680377288,003490
1w_MA10,1W,10,10,2026-06-21,30000.0,26265.0,14.220445459737284,3.5073891625615694,low_a,0.0974717399176151,-0.45610799002368463,0.25996594295444875,0.9229841796644959,003490
1w_MA20,1W,20,10,2026-06-21,30000.0,25617.5,17.107446081780033,1.828480572393909,low_a,0.006153683388480168,0.6363367283319276,-5.744858523118798,0.9868050109165,003490
1M_MA10,1M,10,10,2026-06-30,30000.0,24560.0,22.1498371335505,3.95767195767196,vertex_out,0.16910391557915308,-0.6892329889940663,0.22643308689596006,0.9282033102129567,003490
1M_MA20,1M,20,10,2026-06-30,30000.0,23882.5,25.614990055479957,2.2148512732719894,low_a,0.06578342979382466,-0.015912699975068254,0.013438625658079932,0.9886106778860132,003490
1d_MA20,1D,20,10,2026-06-15,23000.0,22470.0,2.3587004895416097,-0.46511627906976605,low_a,0.008546583026321409,-0.47202031265557703,3.068284789643538,0.9932652043478213,003495
1w_MA10,1W,10,10,2026-06-21,23000.0,23080.0,-0.34662045060658286,-0.7951859015688845,low_a,-0.0427264760230576,-0.026663891051982365,-0.034670008354217643,0.9658777700843247,003495
1w_MA20,1W,20,10,2026-06-21,23000.0,23485.0,-2.0651479667873063,-0.4239983040067785,low_a,-0.00782776363987515,-0.13319978210063818,-0.9453514739233905,0.9644040861801952,003495
1M_MA10,1M,10,10,2026-06-30,23000.0,23460.0,-1.9607843137254943,-0.9917704156995111,low_a,-0.07967570771157001,1.0844812146889886,0.7561772352209869,0.8780430448826863,003495
1M_MA20,1M,20,10,2026-06-30,23000.0,23262.5,-1.1284255776464303,-0.19307089992491866,low_r2,0.00903232106239714,-0.07764541223187975,0.4775775775775388,0.12520165685631546,003495
1d_MA20,1D,20,10,2026-06-15,1271.0,1349.95,-5.848364754250158,-2.042667440679191,low_a,0.05500277239407842,-1.8856306899785193,1.9045814600727349,0.9995645313450822,003520
1w_MA10,1W,10,10,2026-06-21,1271.0,1525.6,-16.688515993707387,-5.803902198073596,low_a,-0.14753929085825773,-0.8482174376570754,-0.3193941810810267,0.9974301959322848,003520
1w_MA20,1W,20,10,2026-06-21,1271.0,1684.8,-24.56077872744539,-3.6926946381616643,low_a,-0.09507683813687635,-0.514317831942108,-0.3005275884809879,0.99796477999236,003520
1M_MA10,1M,10,10,2026-06-30,1271.0,1798.3,-29.322137574375795,-8.099959116925593,low_a,-0.3061617441717305,1.4454113002979059,0.2622817165206844,0.9819284440252826,003520
1M_MA20,1M,20,10,2026-06-30,1271.0,1933.6,-34.26768721555648,-5.371081801942889,low_a,-0.1919508007199533,0.6773893165160056,0.19605409128430287,0.9881521205923185,003520
1d_MA20,1D,20,10,2026-06-15,5900.0,6150.0,-4.0650406504065035,-2.28013029315961,low_a,0.048676112281918385,-2.3429302461341983,2.6740589038424747,0.9927387315427194,003530
1w_MA10,1W,10,10,2026-06-21,5900.0,6899.0,-14.480359472387306,-3.0358397751229838,low_a,-0.08763557465828681,-0.34935594300211403,-0.22147014583742636,0.9757175234120574,003530
1w_MA20,1W,20,10,2026-06-21,5900.0,7192.5,-17.97010775112965,-0.08335069806210127,low_a,-0.1702666287360606,2.90041696320457,0.9463643987652453,0.9953449670585324,003530
1M_MA10,1M,10,10,2026-06-30,5900.0,6206.5,-4.93837106259567,1.0090324680608775,low_a,-0.17611248106575988,5.324521180231965,1.6796466124661305,0.9541632148791765,003530
1M_MA20,1M,20,10,2026-06-30,5900.0,5253.75,12.30073756840353,5.1275637818909425,vertex_out,0.1652720636243562,1.6381733912679508,-0.5506655562495643,0.9841832848091707,003530
1d_MA20,1D,20,10,2026-06-15,7250.0,7305.0,-0.7529089664613298,-1.8804566823371394,low_a,0.06125385173763397,-2.122071038497222,1.9246599540716767,0.9971208309251508,003535
1w_MA10,1W,10,10,2026-06-21,7250.0,8194.0,-11.520624847449357,-4.130104130104129,low_a,-0.09448759377893806,-0.42371672962974666,-0.2491313131313001,0.9760699895271008,003535
1w_MA20,1W,20,10,2026-06-21,7250.0,8699.5,-16.66187711937468,-2.0216240567631494,low_a,-0.13626171842213988,1.2606135973950234,0.5139674558279224,0.9756544486631651,003535
1M_MA10,1M,10,10,2026-06-30,7250.0,8925.0,-18.76750700280112,-0.8002667555851994,low_a,-0.24294377669578002,4.556380684034194,1.0419376189294205,0.9572227933365491,003535
1M_MA20,1M,20,10,2026-06-30,7250.0,7914.5,-8.395982058247519,0.7638933095677647,low_a,0.0695275661815543,0.41241035089642686,-0.3295338441889986,0.9323249807735474,003535
1d_MA20,1D,20,10,2026-06-15,29800.0,30965.0,-3.762312288067171,-1.9163763066202044,low_a,0.042995938555231934,-1.835177317325479,2.3712540959189,0.996266758374302,003540
1w_MA10,1W,10,10,2026-06-21,29800.0,34270.0,-13.043478260869568,-4.005602240896355,low_a,-0.025693171540912805,-1.6891194758673553,-3.6523311546841404,0.996227387214842,003540
1w_MA20,1W,20,10,2026-06-21,29800.0,36985.0,-19.426794646478307,-0.17543859649122862,low_a,-0.11406262658360702,1.8429369930506188,0.8976243277000504,0.9972827053645925,003540
1M_MA10,1M,10,10,2026-06-30,29800.0,31935.0,-6.685454830123694,2.224711907810506,low_a,-0.13616557734204948,6.171236570871014,2.517864520915345,0.9774461120710133,003540
1M_MA20,1M,20,10,2026-06-30,29800.0,26046.0,14.412961683175919,5.445123679203268,low_a,0.08576904478096144,3.1111164924310994,-2.015176985781555,0.9911123268953987,003540
1d_MA20,1D,20,10,2026-06-15,20600.0,20774.0,-0.8375854433426366,-0.8116883116883078,low_a,0.03201413166419412,-1.0594111495115317,1.8384435845464442,0.9962149276736646,003545
1w_MA10,1W,10,10,2026-06-21,20600.0,22165.0,-7.060681254229639,-2.976581308820314,low_a,0.01569422132493179,-2.0625973434077673,7.3013333333330905,0.9960659016907297,003545
1w_MA20,1W,20,10,2026-06-21,20600.0,24062.5,-14.389610389610386,-0.8651766402307137,low_a,-0.07462700599742485,0.7722426085182467,0.5748906386701755,0.993376784553429,003545
1M_MA10,1M,10,10,2026-06-30,20600.0,22250.0,-7.415730337078652,0.5286224190123257,low_a,-0.1545174371595801,4.0318098713257715,1.4496062154108076,0.9745176692823609,003545
1M_MA20,1M,20,10,2026-06-30,20600.0,19842.5,3.817563311074723,2.6539744949429567,low_a,-0.0049708057713606,2.205136793247107,24.645420734535502,0.9903525803638719,003545
1d_MA20,1D,20,10,2026-06-15,19940.0,19978.5,-0.19270716019721412,-0.6934088875633737,low_a,0.03382701594443988,-1.0293372819088804,1.6905246577001976,0.9960931116123467,003547
1w_MA10,1W,10,10,2026-06-21,19940.0,21275.0,-6.274970622796705,-2.5602271686360756,low_a,0.035518082774598746,-2.2214624022382874,3.4746970630517464,0.9954106223556954,003547
1w_MA20,1W,20,10,2026-06-21,19940.0,23075.0,-13.586132177681476,-0.7292047581148209,low_a,-0.06551053941608993,0.696414587805447,0.5905874026893192,0.9955949982210871,003547
1M_MA10,1M,10,10,2026-06-30,19940.0,21286.0,-6.323405054965702,0.8337280909521461,low_a,-0.14396653102787854,4.030992887750129,1.5555285504245826,0.9768085871880557,003547
1M_MA20,1M,20,10,2026-06-30,19940.0,18913.5,5.42734025960292,2.7460886571056164,low_a,-0.0035789262348390983,2.183127545074834,33.88861788617481,0.9907372547988218,003547
1d_MA20,1D,20,10,2026-06-15,118400.0,120840.0,-2.0191989407481015,-0.033090668431501324,low_a,-0.1082918798712382,1.3440509765786313,0.6895207543501579,0.9652946720143776,003550
1w_MA10,1W,10,10,2026-06-21,118400.0,113770.0,4.069614133778687,4.156367298361263,vertex_out,0.2276325588089881,0.3382043944445101,-0.08254150075456215,0.9699707538379556,003550
1w_MA20,1W,20,10,2026-06-21,118400.0,103865.0,13.994126991768162,1.9583783253165787,low_a,0.044605316765285036,1.3884190148067708,-1.7292644757433628,0.9756554640129503,003550
1M_MA10,1M,10,10,2026-06-30,118400.0,95810.0,23.57791462269074,13.143599433160125,vertex_out,0.32752088244972516,0.26743547439487847,-0.045363600159301826,0.9872528438454553,003550
1M_MA20,1M,20,10,2026-06-30,118400.0,84095.0,40.793150603484165,7.01151619265763,vertex_out,0.24702187403901119,-1.2602381259842688,0.2834292691435551,0.9660552762670163,003550
1d_MA20,1D,20,10,2026-06-15,71700.0,74745.0,-4.073851093718639,-0.5984440454817497,low_a,-0.05464118952213834,0.370185278288742,0.37637996122845335,0.9104024064966735,003555
1w_MA10,1W,10,10,2026-06-21,71700.0,73440.0,-2.3692810457516367,0.8098833218943113,low_r2,0.10092837192707542,-0.4757266737094662,0.2618615474112873,0.8462658896559342,003555
1w_MA20,1W,20,10,2026-06-21,71700.0,72415.0,-0.9873644963060091,-0.22046159145711064,low_a,-0.010890204638101109,0.5744184524477423,2.9303523035230317,0.9129260363981372,003555
1M_MA10,1M,10,10,2026-06-30,71700.0,70130.0,2.238699557963786,4.26702349093071,low_a,0.024338177924072408,1.7612140212360738,-4.02023617820738,0.9844095217534096,003555
1M_MA20,1M,20,10,2026-06-30,71700.0,64570.0,11.04227969645346,2.72033089405026,low_a,0.07459094399800079,0.14073069729672666,-0.10481663929940237,0.9864842539013092,003555
1d_MA20,1D,20,10,2026-06-15,42800.0,44070.0,-2.881778987973682,-1.946823895872729,low_a,0.06342559051299676,-1.9187888812295273,1.6806998788396874,0.9995712425764797,003570
1w_MA10,1W,10,10,2026-06-21,42800.0,49020.0,-12.688698490412076,-4.889406286379517,low_a,-0.1801851990480638,0.7978635432244222,0.2460010735373056,0.9936691819131287,003570
1w_MA20,1W,20,10,2026-06-21,42800.0,50742.5,-15.652559491550477,-1.604615086290484,low_a,-0.17088888042651318,1.3676727699347582,0.4446270603581211,0.9420827167146154,003570
1M_MA10,1M,10,10,2026-06-30,42800.0,51480.0,-16.860916860916863,-6.382978723404253,low_a,-0.5458885842031562,7.236729499974373,0.7364882494533571,0.9730806654061716,003570
1M_MA20,1M,20,10,2026-06-30,42800.0,44162.5,-3.085196716671379,4.341405788541053,low_a,-0.05349692671642985,4.3565792646826935,4.524225899072597,0.9971908066759593,003570
1d_MA20,1D,20,10,2026-06-15,1500.0,1649.35,-9.055082305150508,-2.727648030195806,low_a,0.041929946481245206,-1.9988006558070415,2.648333475165248,0.9998404110907898,003580
1w_MA10,1W,10,10,2026-06-21,1500.0,1868.0,-19.700214132762316,-5.689907608421263,low_a,-0.27510653204635077,1.4577673993619045,0.2943844231538751,0.9950278869936352,003580
1w_MA20,1W,20,10,2026-06-21,1500.0,1957.05,-23.354027745841954,-4.319448518627167,low_a,-0.17301114848876112,0.4332883300475831,0.1391330795835743,0.9960227880755321,003580
1M_MA10,1M,10,10,2026-06-30,1500.0,2024.9,-25.92226776630945,-6.768267415626871,vertex_out,0.46358000098890684,-9.068483021106957,1.0867695138034557,0.9956146863234923,003580
1M_MA20,1M,20,10,2026-06-30,1500.0,2682.2,-44.075758705540224,-9.991778385543382,vertex_out,0.19459108570150474,-6.83645836588853,1.9518018576244875,0.9944407891834905,003580
1d_MA20,1D,20,10,2026-06-15,5150.0,5198.0,-0.9234320892650971,-0.2781774580335683,low_a,0.03657923400849473,-0.6507355633475774,0.988319649698968,0.9934547344235701,003610
1w_MA10,1W,10,10,2026-06-21,5150.0,5350.0,-3.738317757009346,0.2623688155922066,low_a,0.06467435897868423,-0.8786714649417079,0.7547826086956533,0.9611824986570123,003610
1w_MA20,1W,20,10,2026-06-21,5150.0,5457.0,-5.625801722558177,-0.4287929933400214,low_a,0.004691740974254905,-0.3635928023624966,4.305352798053329,0.9948070543229327,003610
1M_MA10,1M,10,10,2026-06-30,5150.0,5392.5,-4.496986555401017,2.3244781783681168,low_a,-0.12842769078154928,4.015101791181707,1.7368622706190735,0.9911442146757494,003610
1M_MA20,1M,20,10,2026-06-30,5150.0,4761.0,8.170552404956943,4.3049622083470185,low_a,-0.12229420390304178,4.576151637377723,2.078844609206056,0.9991784269137357,003610
1d_MA20,1D,20,10,2026-06-15,3250.0,3362.25,-3.3385381812774173,-2.0466132556445693,low_a,0.05772882627295577,-2.052447617572081,1.9751807719726777,0.9984002091647967,003620
1w_MA10,1W,10,10,2026-06-21,3250.0,3756.5,-13.48329562092373,-1.9574579146548365,low_r2,-0.12125756192779079,1.0247770441407025,0.469513464584749,0.8371153223709697,003620
1w_MA20,1W,20,10,2026-06-21,3250.0,3762.75,-13.627001528137662,-1.2790240062967362,low_a,-0.12062083184961342,1.2490463235949334,0.5752858884977349,0.9830746221149237,003620
1M_MA10,1M,10,10,2026-06-30,3250.0,3619.0,-10.196186791931472,-0.5632641846407438,low_r2,0.20581456752994093,-2.112302991235988,0.5701742475673185,0.7136917900035091,003620
1M_MA20,1M,20,10,2026-06-30,3250.0,3737.65,-13.04696801466162,-4.885931317038416,vertex_out,0.14511083118756818,-4.302752458717201,1.6473050378512732,0.9924343656076522,003620
1d_MA20,1D,20,10,2026-06-15,125900.0,123015.0,2.3452424501077207,0.5065566403856359,low_r2,0.023086544512406545,-0.18128117611302463,0.4362357669122554,0.8228350486997066,003650
1w_MA10,1W,10,10,2026-06-21,125900.0,123670.0,1.8031858979542292,1.4104141041410445,pass,0.17826081216435727,-1.5798858782064904,0.49237651625424383,0.8854020131300203,003650
1w_MA20,1W,20,10,2026-06-21,125900.0,124130.0,1.4259244340610655,0.25846054438252164,low_r2,-0.006790181134441541,0.15911095775213388,1.3018058690747032,0.7682906341265396,003650
1M_MA10,1M,10,10,2026-06-30,125900.0,118920.0,5.869492095526407,2.17372626514305,low_a,-0.0972656898139937,2.655653030125938,1.5168378462496115,0.9918986864599436,003650
1M_MA20,1M,20,10,2026-06-30,125900.0,109450.0,15.029693924166288,2.789256198347112,low_a,-0.023746526627449284,2.0766104360854776,4.8582787815308075,0.9941962442855508,003650
1d_MA20,1D,20,10,2026-06-15,210500.0,219075.0,-3.9141846399634805,-2.0587446351931327,low_a,-0.0031937113694007675,-1.613933975598356,-28.074859708182228,0.9847503411139815,003670
1w_MA10,1W,10,10,2026-06-21,210500.0,237140.0,-11.233870287593827,-0.7989960259359941,low_a,-0.10752349058109982,2.044220965536638,1.0562141426486087,0.9478830491149312,003670
1w_MA20,1W,20,10,2026-06-21,210500.0,226850.0,-7.207405774741016,-0.6046532007185745,low_a,-0.09812708526490375,1.888017281073648,1.068918420081219,0.9661255307572078,003670
1M_MA10,1M,10,10,2026-06-30,210500.0,213550.0,-1.4282369468508582,8.77094687515918,vertex_out,0.15211791378165332,4.186723358214165,-1.5290489879901452,0.9951688192761982,003670
1M_MA20,1M,20,10,2026-06-30,210500.0,173826.55,21.097726440523612,-0.11317437012817733,ma_not_rising,0.2397253509495123,-2.8028069577561148,0.6495412230553428,0.94061948093929,003670
1d_MA20,1D,20,10,2026-06-15,4590.0,4677.25,-1.8654123683788604,-0.9109686986918053,low_a,0.012892940497083267,-0.7149954888528974,3.080908626850867,0.9980077206973201,003680
1w_MA10,1W,10,10,2026-06-21,4590.0,4879.5,-5.932984936981245,-1.949161056967752,low_a,-0.06828084229505282,0.06635891864167041,0.05399181479445544,0.9925607772012461,003680
1w_MA20,1W,20,10,2026-06-21,4590.0,5002.75,-8.250462245764833,-1.3604771528565096,low_a,-0.003504254348247531,-0.6550460455351904,-10.384933100639945,0.9984875438197687,003680
1M_MA10,1M,10,10,2026-06-30,4590.0,5179.5,-11.381407471763684,-2.347285067873306,low_a,-0.17646444833929814,1.9276992283259347,0.6068893909312917,0.9563172429451369,003680
1M_MA20,1M,20,10,2026-06-30,4590.0,5094.5,-9.902836392187652,-1.2167337243686127,low_a,-0.03742024809624248,-0.8371930051350889,-1.2429292929293878,0.8889033329459886,003680
1d_MA20,1D,20,10,2026-06-15,13820.0,13564.5,1.883593202845657,1.3713474329272834,low_a,0.02256068395072343,0.2609547704323277,-0.6425996338544315,0.9964732366689137,003690
1w_MA10,1W,10,10,2026-06-21,13820.0,13008.0,6.24231242312423,2.5867507886435437,pass,0.15273346383970937,-1.4145637150087844,0.5145360491432244,0.8624462402539754,003690
1w_MA20,1W,20,10,2026-06-21,13820.0,13021.0,6.136241456109359,1.7742691886821982,low_a,0.047199246401926756,0.2661977274744751,-0.3133262449051969,0.992680583154607,003690
1M_MA10,1M,10,10,2026-06-30,13820.0,12159.0,13.660662883460816,4.4408177289125605,low_a,-0.06864766426058148,3.7799749726606873,3.0590787298329793,0.9918956431487581,003690
1M_MA20,1M,20,10,2026-06-30,13820.0,10559.0,30.883606402121423,5.846678194621968,low_a,0.056351308150461604,2.35071084814132,-2.3175158022998343,0.9986998095729478,003690
1d_MA20,1D,20,10,2026-06-15,8660.0,9632.0,-10.091362126245851,-4.05896708003387,low_a,-0.031093996064391678,-1.8494822769562123,-3.3044647967947323,0.9970139112995874,003720
1w_MA10,1W,10,10,2026-06-21,8660.0,10108.0,-14.325286901464185,2.328406560032392,low_a,-0.2502137579493563,5.34191649886211,1.1860784205388906,0.9874673631377955,003720
1w_MA20,1W,20,10,2026-06-21,8660.0,8834.0,-1.9696626669685302,3.170802919708038,low_a,-0.12084971407894977,3.7706341537859838,1.7333899116507774,0.9952257265052259,003720
1M_MA10,1M,10,10,2026-06-30,8660.0,7275.5,19.029619957391255,13.795260811761946,vertex_out,0.5516760028824294,1.4144457200280327,-0.14243925305571398,0.9927919804980557,003720
1M_MA20,1M,20,10,2026-06-30,8660.0,5682.5,52.39771227452705,7.776197249881456,vertex_out,0.26841705439120706,1.2743276625694802,-0.2637536628007165,0.9950678360288797,003720
1d_MA20,1D,20,10,2026-06-15,5380.0,5167.25,4.117277081619819,-0.34713851791138284,low_a,0.060258790623969764,-0.968859385162891,0.893239323932393,0.992688439019198,003780
1w_MA10,1W,10,10,2026-06-21,5380.0,5436.0,-1.0301692420897735,-1.0016390457111668,low_a,0.017339129767523116,-1.052991600214526,3.373844831291557,0.9942976865477493,003780
1w_MA20,1W,20,10,2026-06-21,5380.0,5668.0,-5.081157374735357,-1.648446989415231,low_a,0.013282522343659533,-1.221816656161839,5.1103774843265635,0.998137390949964,003780
1M_MA10,1M,10,10,2026-06-30,5380.0,6074.5,-11.433039756358543,-2.636640487257569,ma_not_rising,0.34126682780175,-4.746507401729762,0.7726940744584763,0.9194708874044022,003780
1M_MA20,1M,20,10,2026-06-30,5380.0,6588.25,-18.33946799225895,-2.454101273319509,low_a,-0.09849786976351821,0.5458039404512948,0.3078486997635954,0.9876540613993,003780
1d_MA20,1D,20,10,2026-06-15,114500.0,114815.0,-0.27435439620259183,-0.3731181396156025,low_a,0.012362805478726414,-0.3967514592024763,1.7829082380532277,0.9967680588401224,003830
1w_MA10,1W,10,10,2026-06-21,114500.0,117700.0,-2.7187765505522488,-1.2003693444136654,low_a,-0.027310987483372327,-0.5307766276541697,-1.0796969696970677,0.9808252599691443,003830
1w_MA20,1W,20,10,2026-06-21,114500.0,121420.0,-5.69922582770549,0.03707518022657563,low_r2,-0.00070199058321823,-0.002467886894769765,-0.19530864197445647,0.1574313469857277,003830
1M_MA10,1M,10,10,2026-06-30,114500.0,118200.0,-3.130287648054142,-2.063136962465817,low_a,-0.17502723914945398,1.7735649416093746,0.5629488651239611,0.8952275089597599,003830
1M_MA20,1M,20,10,2026-06-30,114500.0,117380.0,-2.4535696029988063,-0.5507074472591689,low_a,0.002353602954243358,0.37529506662592343,-8.858641975305147,0.8944033144977727,003830
1d_MA20,1D,20,10,2026-06-15,9250.0,8949.0,3.3635043021566613,-0.7431233362910405,low_a,0.028868859958211267,-0.9470016361081165,1.8224204932984227,0.9974494601469486,003850
1w_MA10,1W,10,10,2026-06-21,9250.0,9462.0,-2.240541111815686,-0.9836751778987018,low_a,-0.06509920035108575,0.289238219281407,0.24683544303797522,0.9191890184989846,003850
1w_MA20,1W,20,10,2026-06-21,9250.0,9532.5,-2.9635457644899055,-0.25635659725855575,low_a,-0.047118661982815634,0.5631953584297428,0.6640390390390475,0.9792677857872684,003850
1M_MA10,1M,10,10,2026-06-30,9250.0,9191.0,0.6419323251006359,1.6141514648977395,pass,0.1968851048822729,-1.3890037775387998,0.3919386211368053,0.87388429446094,003850
1M_MA20,1M,20,10,2026-06-30,9250.0,9174.5,0.8229331298708287,-1.966127050275146,low_a,0.048853698874137895,-1.3070359490171415,1.4863379836561343,0.9549748541299913,003850
1d_MA20,1D,20,10,2026-06-15,43050.0,46095.0,-6.605922551252852,-1.643017176997763,low_a,-0.010744262404993925,-0.6039308191838741,-3.1227562127752098,0.9994023302746916,003920
1w_MA10,1W,10,10,2026-06-21,43050.0,48535.0,-11.301122900999284,-3.2106890018945067,low_a,-0.14052544568125652,0.5237105426664496,0.20704456767303336,0.987373953350816,003920
1w_MA20,1W,20,10,2026-06-21,43050.0,50070.0,-14.020371479928095,-1.110946526440526,low_a,-0.05385812722306874,0.2834640235907195,0.29239786310004257,0.9926335736286253,003920
1M_MA10,1M,10,10,2026-06-30,43050.0,49845.0,-13.63226000601866,-5.623402442487935,low_a,0.022007174469486575,-3.5862551938890994,9.053247609626174,0.9886080284350369,003920
1M_MA20,1M,20,10,2026-06-30,43050.0,58617.5,-26.5577685844671,-3.02742048885396,low_a,-0.03612439795801623,-0.07062969632832408,-0.10862110484998395,0.8552306748839327,003920
1d_MA20,1D,20,10,2026-06-15,33350.0,34335.0,-2.8687927770496557,-0.7156798959011113,low_a,0.03649224453431593,-0.8885105787562082,1.3526627218934548,0.9979134728575328,003925
1w_MA10,1W,10,10,2026-06-21,33350.0,35805.0,-6.856584275939115,-2.7698574338085535,low_a,-0.2093827456624295,1.0241264891660733,0.271731636170778,0.9513025101688318,003925
1w_MA20,1W,20,10,2026-06-21,33350.0,36837.5,-9.467254835425853,0.21082698585419557,low_a,-0.033662777644058055,0.555018609633463,0.9159781028141553,0.990937664210138,003925
1M_MA10,1M,10,10,2026-06-30,33350.0,35280.0,-5.470521541950113,-0.8571027118167818,low_a,0.022594689764102262,-1.31260221652363,3.227410782080338,0.9869956921359638,003925
1M_MA20,1M,20,10,2026-06-30,33350.0,37135.0,-10.19254072976976,-1.4856081708449431,low_a,0.08051517662122501,-1.1144836936054792,0.7689949069743209,0.8617401265818289,003925
1d_MA20,1D,20,10,2026-06-15,26550.0,27680.0,-4.082369942196529,-1.371815428469625,low_a,0.026637407006144784,-1.1570907657954839,2.413253673945906,0.9988768185353174,003960
1w_MA10,1W,10,10,2026-06-21,26550.0,29825.0,-10.980720871751881,-3.8523533204384286,low_a,-0.02284366383710726,-1.3647356782559636,-3.319023136246565,0.9958568850614075,003960
1w_MA20,1W,20,10,2026-06-21,26550.0,32345.0,-17.916215798423252,-2.991677288745598,low_a,-0.05446030747112351,-0.6252131716246362,-0.637786797451972,0.9998371185638579,003960
1M_MA10,1M,10,10,2026-06-30,26550.0,34380.0,-22.774869109947648,-7.630306286942501,low_a,-0.24242148147183862,0.6032385182836122,0.13824373488802955,0.9831586649535201,003960
1M_MA20,1M,20,10,2026-06-30,26550.0,37405.0,-29.0201844673172,-5.321774346643037,low_a,-0.27388197512751655,0.011097439965417828,0.0022510588447310757,0.9523738414861318,003960
1d_MA20,1D,20,10,2026-06-15,49550.0,50735.0,-2.3356657140041426,-1.7905536198219107,low_a,0.06283750676019252,-1.9658416654349575,1.73802926768387,0.9992193955560063,004000
1w_MA10,1W,10,10,2026-06-21,49550.0,55555.0,-10.80910809108091,-0.11686443725278384,low_a,-0.2644742581168703,3.36975162284548,0.7078512095067067,0.9784755969547073,004000
1w_MA20,1W,20,10,2026-06-21,49550.0,52522.5,-5.659479270788714,0.38224473218977373,low_a,-0.11914059594471998,2.078974576397261,0.9694310042835086,0.9971927969514189,004000
1M_MA10,1M,10,10,2026-06-30,49550.0,50115.0,-1.1274069639828355,3.629032258064524,vertex_out,0.19090365848283683,1.0288981160414077,-0.29942331593338184,0.9809184577596481,004000
1M_MA20,1M,20,10,2026-06-30,49550.0,44450.0,11.473565804274454,0.9080590238365494,vertex_out,0.10484248633232669,-0.45156373598809907,0.23928156512848625,0.9334199411502124,004000
1d_MA20,1D,20,10,2026-06-15,36650.0,38135.0,-3.894060574275604,-2.2805893657911636,low_a,-0.043709830100313624,-0.6650401140246655,-0.8452714850773398,0.9968325554120477,004020
1w_MA10,1W,10,10,2026-06-21,36650.0,40240.0,-8.921471172962224,-0.7522505857688988,low_a,-0.0790749111883933,1.3084516027245892,0.9192771084337479,0.9062474369815718,004020
1w_MA20,1W,20,10,2026-06-21,36650.0,38805.0,-5.553408065970878,0.7006617360840739,low_a,-0.09583239745015285,2.1540613657835372,1.248743421441684,0.9902340055104945,004020
1M_MA10,1M,10,10,2026-06-30,36650.0,35895.0,2.103357013511631,2.5717959708529747,low_a,-0.00842680605900451,2.964479657100896,19.543978243975268,0.9782087557774838,004020
1M_MA20,1M,20,10,2026-06-30,36650.0,31282.5,17.158155518261008,3.911310413552571,vertex_out,0.22337945870088086,-0.7632668710258318,0.18982817535506652,0.9788103936087911,004020
1d_MA20,1D,20,10,2026-06-15,3015.0,3087.5,-2.348178137651824,-2.671605327448967,vertex_out,0.11787867533996654,-2.6941909067253,1.269756995183184,0.9952635481223587,004060
1w_MA10,1W,10,10,2026-06-21,3015.0,3728.0,-19.1255364806867,-10.01689596910451,low_a,-0.15363707634393953,-2.989144167784315,-1.0808820945352298,0.9883052980270711,004060
1w_MA20,1W,20,10,2026-06-21,3015.0,4564.5,-33.946763062767005,-0.45796532548250113,low_a,-0.11997318568218687,1.2709200911448035,0.5885204375359873,0.9109390279980611,004060
1M_MA10,1M,10,10,2026-06-30,3015.0,3899.5,-22.682395178869086,-1.3284412955465563,vertex_out,0.13079522212747333,1.5973259643476172,-0.6784676833696484,0.8569628673133705,004060
1M_MA20,1M,20,10,2026-06-30,3015.0,3578.75,-15.75270695075096,-1.763656327202856,low_r2,0.15925371013309392,-1.0164181276837436,0.35457681778977684,0.4823040548256674,004060
1d_MA20,1D,20,10,2026-06-15,13760.0,13731.0,0.2112009321972197,-0.029122679286497366,low_a,0.007880469045517069,-0.15973559472262103,1.1261004459957256,0.9970624738353042,004080
1w_MA10,1W,10,10,2026-06-21,13760.0,13859.0,-0.7143372537701143,-0.35947947372204636,low_a,-0.019778765517341524,0.16161921288578052,0.4539638812366078,0.9117065574917671,004080
1w_MA20,1W,20,10,2026-06-21,13760.0,13840.0,-0.5780346820809301,0.1773370489667414,low_r2,0.0010954156308149979,-0.019388856665410795,0.9833333333325894,0.12372305568367292,004080
1M_MA10,1M,10,10,2026-06-30,13760.0,13785.0,-0.18135654697134518,-0.5267715399047468,low_a,0.01667480440292533,-0.6273719774353665,2.09021934555914,0.9935497390299608,004080
1M_MA20,1M,20,10,2026-06-30,13760.0,14088.0,-2.3282226007950046,-0.43464433372204514,low_a,0.011146891255885411,-0.3295351333498641,1.642386831275461,0.9923402502628066,004080
1d_MA20,1D,20,10,2026-06-15,11850.0,12788.5,-7.338624545490092,-1.823276523875328,low_a,0.028075212066050816,-1.3438319649246009,2.6591902924565045,0.9998305320932637,004090
1w_MA10,1W,10,10,2026-06-21,11850.0,13984.0,-15.260297482837526,-6.078312848411582,low_a,-0.13007557769149575,-1.7102860169153171,-0.730466791037291,0.9765636267728195,004090
1w_MA20,1W,20,10,2026-06-21,11850.0,15784.5,-24.926351800817258,-1.8590480927658803,low_a,-0.11437314769572021,0.9001507609704935,0.43723878040425007,0.993446752340472,004090
1M_MA10,1M,10,10,2026-06-30,11850.0,14453.0,-18.010101708987758,-2.3511924869941248,low_a,-0.08142392203939929,2.1275081819525794,1.4515991865409474,0.8941990703280114,004090
1M_MA20,1M,20,10,2026-06-30,11850.0,13824.5,-14.282614199428556,-3.3488307057713107,low_a,-0.15677610885924076,0.8650760001226443,0.30655039300497733,0.9766597673122339,004090
1d_MA20,1D,20,10,2026-06-15,3040.0,2843.75,6.901098901098912,1.444751627575136,pass,0.15821787885490743,-1.6537304029009405,0.5806797053354935,0.9610541626717786,004100
1w_MA10,1W,10,10,2026-06-21,3040.0,3033.5,0.21427394099224895,-0.2958093672966289,low_r2,-0.22658709964112925,1.907389183753602,0.46766151264533157,0.7227289730681776,004100
1w_MA20,1W,20,10,2026-06-21,3040.0,2952.5,2.9635901778154006,2.8387321490769724,low_a,-0.008779372551362196,1.1065978632958264,7.002511707109589,0.9885277781768882,004100
1M_MA10,1M,10,10,2026-06-30,3040.0,2597.0,17.058144012321907,5.1204209674154955,pass,0.40185089046988876,-3.7577780540058296,0.5195097295931248,0.9632007822561857,004100
1M_MA20,1M,20,10,2026-06-30,3040.0,2631.75,15.512491688040274,-1.3586956521739135,low_r2,-0.0012470676095898362,-0.08819974745100886,-3.9292063492147875,0.2505446464426997,004100
1d_MA20,1D,20,10,2026-06-15,3745.0,3696.0,1.325757575757569,0.3393511605809696,low_a,0.06941675360830633,-1.1223867184330971,0.8982675571746458,0.9844452860022138,004105
1w_MA10,1W,10,10,2026-06-21,3745.0,3903.0,-4.048168075839098,-0.9516558812333487,low_r2,-0.15664374866413,1.2880917663291716,0.45683695835441096,0.8396748047599405,004105
1w_MA20,1W,20,10,2026-06-21,3745.0,3854.75,-2.8471366495881667,1.4942074776197911,low_a,-0.01203625974761223,0.5998680886238731,2.7688007422870515,0.9708973244745825,004105
1M_MA10,1M,10,10,2026-06-30,3745.0,3511.0,6.664767872401023,2.6008182349503306,pass,0.427881037249666,-5.228413388357704,0.6788508608172578,0.9817851221699502,004105
1M_MA20,1M,20,10,2026-06-30,3745.0,3774.0,-0.7684154742978233,-4.097579569277688,low_a,0.023826375469973137,-1.6191168980961184,3.775267408862801,0.9817512125255881,004105
1d_MA20,1D,20,10,2026-06-15,2005.0,2108.2,-4.895171236125595,-2.3732894950103,low_a,0.07358651844815052,-2.4221477878827233,1.828646997184668,0.9992936833796043,004140
1w_MA10,1W,10,10,2026-06-21,2005.0,2439.5,-17.8110268497643,-6.442953020134223,low_a,-0.3337341225798486,1.6044882790165778,0.26709356847925003,0.9919817357290395,004140
1w_MA20,1W,20,10,2026-06-21,2005.0,2580.0,-22.28682170542635,-2.180094786729858,low_a,-0.11190272453985599,0.5806144668183678,0.28825356487364584,0.9966190880220731,004140
1M_MA10,1M,10,10,2026-06-30,2005.0,2615.0,-23.32695984703633,-7.417241989732693,low_a,-0.3400108825990391,3.7241953263344905,0.6085091711488084,0.8533753651449806,004140
1M_MA20,1M,20,10,2026-06-30,2005.0,2539.5,-21.047450285489266,-2.025462962962965,low_r2,-0.14144104079554495,1.1090585713563335,0.4356187194946925,0.8296212323127441,004140
1d_MA20,1D,20,10,2026-06-15,3640.0,3756.75,-3.1077394024089933,-0.6085058535617471,low_a,-0.09318801578222828,0.7030916318954177,0.41915954415955364,0.8668950363061456,004150
1w_MA10,1W,10,10,2026-06-21,3640.0,3652.0,-0.3285870755750264,1.5996661566281878,low_a,0.07886329248930564,0.2900476911388203,-0.2043252330735301,0.9265609323504069,004150
1w_MA20,1W,20,10,2026-06-21,3640.0,3514.25,3.578288397239815,1.260625270133997,low_a,0.043473911156971565,0.5853381354160602,-0.7480068950657882,0.969403439616759,004150
1M_MA10,1M,10,10,2026-06-30,3640.0,3342.5,8.900523560209429,4.322721598002488,low_a,-0.06665305242617152,2.7054480145652726,2.2550005139274267,0.9920699731070071,004150
1M_MA20,1M,20,10,2026-06-30,3640.0,3008.5,20.99052684061824,5.478131299850997,vertex_out,0.17158452116894504,-0.3868733850968053,0.12526168265230092,0.9929273148943634,004150
1d_MA20,1D,20,10,2026-06-15,705000.0,581725.0,21.191284541664878,3.3993956629932542,low_a,0.013806909991566571,1.8663716560692025,-7.509813150762934,0.9976527160418961,004170
1w_MA10,1W,10,10,2026-06-21,705000.0,526250.0,33.966745843230406,16.723965842297872,vertex_out,0.5782305347309628,-0.3144482442362474,0.030211733647275862,0.9982282519504945,004170
1w_MA20,1W,20,10,2026-06-21,705000.0,433150.0,62.76116818654045,10.04128294696729,vertex_out,0.2367309394579897,1.7326772699446966,-0.40662132525074185,0.9993422936903367,004170
1M_MA10,1M,10,10,2026-06-30,705000.0,344080.0,104.89421064868635,34.516595644864935,vertex_out,0.957357984317547,-0.04570335324206678,0.0026521690127489787,0.9888908526009053,004170
1M_MA20,1M,20,10,2026-06-30,705000.0,249090.0,183.0302300373359,22.26176160208113,vertex_out,0.7067185106323491,-1.3009271175170822,0.102266641758514,0.9928213947256455,004170
1d_MA20,1D,20,10,2026-06-15,3195.0,3204.0,-0.2808988764044895,-0.996523754345302,low_a,0.06839859437750946,-1.5705891748813328,1.2756834399036254,0.9994105849862361,004250
1w_MA10,1W,10,10,2026-06-21,3195.0,3493.5,-8.544439673679694,-4.235197368421051,low_a,-0.1690869305748949,0.2738143319006676,0.0899650095728537,0.9953759452880698,004250
1w_MA20,1W,20,10,2026-06-21,3195.0,3691.0,-13.438092657816314,-1.5142418784604095,low_a,-0.050325406021483145,-0.043089725433365936,-0.04756789511375405,0.9975312742892406,004250
1M_MA10,1M,10,10,2026-06-30,3195.0,3779.0,-15.453823762900242,-5.335671342685366,low_a,-0.1476889829909436,0.3159955163139729,0.11886672997784732,0.9669217706141346,004250
1M_MA20,1M,20,10,2026-06-30,3195.0,4005.0,-20.2247191011236,-4.266762280387237,low_a,-0.023609107176584043,-1.035919829401955,-2.437665312923066,0.9856319992696018,004250
1d_MA20,1D,20,10,2026-06-15,2060.0,2163.15,-4.768508887502032,-1.3341543513957332,low_a,0.010747796109399143,-0.8845182313088127,4.5720909886264725,0.9983831908529754,004255
1w_MA10,1W,10,10,2026-06-21,2060.0,2253.5,-8.586642999778126,-2.9291406418264,low_a,-0.12949124258484757,0.40386231025814856,0.1732688216320123,0.9867991902976995,004255
1w_MA20,1W,20,10,2026-06-21,2060.0,2333.25,-11.711132540447878,-1.415443118200066,low_a,-0.04308487720809955,-0.1421958767930373,-0.18335368335369037,0.9971287672289068,004255
1M_MA10,1M,10,10,2026-06-30,2060.0,2378.5,-13.390792516291782,-3.3522958147094717,low_r2,-0.12641183029512715,0.8796349460951628,0.3865825532492246,0.8408431183737073,004255
1M_MA20,1M,20,10,2026-06-30,2060.0,2427.0,-15.121549237742071,-2.1765417170495738,low_a,-0.0202746111125728,-0.41382104759857297,-1.133933374715336,0.9885377780609722,004255
1d_MA20,1D,20,10,2026-06-15,6980.0,7077.5,-1.3776050865418554,-0.2536819110703914,low_a,0.010019081020045202,-0.18520377851521014,1.0269503546098824,0.9036659057840151,004270
1w_MA10,1W,10,10,2026-06-21,6980.0,7199.0,-3.0420891790526428,-1.4105724459052338,low_a,-0.002036548717910381,-0.7052160900382686,-19.23777777778492,0.9964359955657331,004270
1w_MA20,1W,20,10,2026-06-21,6980.0,7459.0,-6.421772355543642,-1.5183522577237873,low_a,0.02637846091252796,-1.236075680023557,2.603293321021845,0.9956666332656565,004270
1M_MA10,1M,10,10,2026-06-30,6980.0,8110.0,-13.933415536374849,-7.90370202134908,low_a,-0.06776041820396927,-2.5735311620165944,-2.109992193598817,0.9993313761070421,004270
1M_MA20,1M,20,10,2026-06-30,6980.0,9563.0,-27.010352399874517,-6.364437481641049,vertex_out,0.1445522541822032,-5.24102793128714,2.0142765676821166,0.9999013969935838,004270
1d_MA20,1D,20,10,2026-06-15,7440.0,6668.0,11.577684463107385,-1.7099056603773533,low_a,0.04865817854150761,-1.973725439115993,2.2535042735042836,0.9970980708098414,004310
1w_MA10,1W,10,10,2026-06-21,7440.0,7485.0,-0.6012024048096198,-5.205167173252279,vertex_out,0.19921475455483054,-5.285679904740718,1.4740318017754284,0.9914320429751183,004310
1w_MA20,1W,20,10,2026-06-21,7440.0,9076.5,-18.030077673111876,-5.620255797026097,low_a,-0.356550522809505,2.362946851174959,0.3681801502655824,0.9832816080017958,004310
1M_MA10,1M,10,10,2026-06-30,7440.0,7515.5,-1.004590512939929,9.356129501636957,vertex_out,0.19001741188633406,7.956274173728901,-2.3261827823348926,0.962075718815197,004310
1M_MA20,1M,20,10,2026-06-30,7440.0,5512.0,34.97822931785195,5.710313084336205,low_a,0.07173800930878282,4.266161193441994,-3.303812824956729,0.9533969350974132,004310
1d_MA20,1D,20,10,2026-06-15,13600.0,13704.0,-0.7589025102159974,-0.9576121128898163,low_a,0.03458999908935723,-1.1791569029079345,1.8938629243379923,0.9968398509613531,004360
1w_MA10,1W,10,10,2026-06-21,13600.0,14607.0,-6.893954953104675,-2.202731655061596,low_a,-0.1085871723750662,0.3628303290134155,0.1856318758455286,0.9849652595517542,004360
1w_MA20,1W,20,10,2026-06-21,13600.0,14987.5,-9.257714762301916,-0.5309440849510572,low_a,-0.0306257133841738,0.25731887890218885,0.46678074378281065,0.9512263466115871,004360
1M_MA10,1M,10,10,2026-06-30,13600.0,14367.0,-5.3386232337996775,-0.6225357958082545,low_a,-0.1606688034328669,2.9099015200875833,1.0061766323415051,0.9693607981579353,004360
1M_MA20,1M,20,10,2026-06-30,13600.0,13471.0,0.957612649395001,0.8610362383947301,low_a,-0.020301438531635976,0.8357781694444344,2.287134502923774,0.991292988492714,004360
1d_MA20,1D,20,10,2026-06-15,9780.0,9392.5,4.125632153313807,-0.550584996558845,low_a,0.01597886065864966,-0.6722616775646997,2.3373300370824337,0.9968747030320781,004365
1w_MA10,1W,10,10,2026-06-21,9780.0,9725.0,0.5655526992287996,0.7563199336924953,low_a,-0.01818200708578881,0.3881189477923043,1.1859066859066552,0.919503585469871,004365
1w_MA20,1W,20,10,2026-06-21,9780.0,9601.0,1.8643891261326928,0.7503016947373986,low_a,-0.002819299460471672,0.31083876278423717,6.1252167060645455,0.9895327211616181,004365
1M_MA10,1M,10,10,2026-06-30,9780.0,9321.0,4.92436433859027,0.258147789609553,low_a,-0.13474451868199952,2.2752718404530987,0.9381011737820657,0.9628248900773113,004365
1M_MA20,1M,20,10,2026-06-30,9780.0,8856.5,10.42736972844802,1.9394567219152892,low_a,0.021922666139806597,0.7773866893445571,-1.9700226757370105,0.9977985106140076,004365
1d_MA20,1D,20,10,2026-06-15,377500.0,384375.0,-1.788617886178867,0.02602303038188314,low_r2,-0.0009603593221328807,0.002930327162404804,0.16951566951563177,0.05020677242893756,004370
1w_MA10,1W,10,10,2026-06-21,377500.0,382900.0,-1.410289892922434,0.3012442698100859,low_r2,0.135995387510341,-1.482621221006557,0.6056664650131034,0.8124068198469392,004370
1w_MA20,1W,20,10,2026-06-21,377500.0,391750.0,-3.63752393107849,-0.8165073738844231,low_a,0.019699890306459952,-0.6399690718834026,1.8047733654231033,0.9954029962238894,004370
1M_MA10,1M,10,10,2026-06-30,377500.0,409150.0,-7.735549309544176,-0.8361609306834716,low_a,-0.21769365217876485,2.3697192195405408,0.6047538200339599,0.9185817099774184,004370
1M_MA20,1M,20,10,2026-06-30,377500.0,396050.0,-4.68375205150865,0.03788835564535464,low_r2,-0.08007090508026776,0.5031555409255415,0.34910415436109676,0.6023586509086167,004370
1d_MA20,1D,20,10,2026-06-15,10230.0,11220.5,-8.827592353281943,-2.4007306571565246,low_a,-0.036693826200309726,-0.6760496232852855,-1.0235594456601274,0.9993487747939462,004380
1w_MA10,1W,10,10,2026-06-21,10230.0,11391.0,-10.192257045035557,-4.534026148172976,low_a,-0.13647472548835818,0.07046596432552009,0.028684987508519826,0.9491472334497402,004380
1w_MA20,1W,20,10,2026-06-21,10230.0,12126.5,-15.639302354347917,-2.723407668859301,low_a,-0.0786073358752153,0.11628355696227426,0.08218313897917154,0.9525306417402508,004380
1M_MA10,1M,10,10,2026-06-30,10230.0,12419.0,-17.626217891939767,-3.6166084594489667,low_a,-0.11563958781104638,0.6405046874794491,0.30771117765484796,0.8592904600995014,004380
1M_MA20,1M,20,10,2026-06-30,10230.0,12602.4,-18.82498571700628,-1.2324005752508915,vertex_out,0.16323489299114577,-2.711325492802779,0.9227757085782466,0.9899217346397193,004380
1d_MA20,1D,20,10,2026-06-15,1066.0,1206.15,-11.619616133980026,-4.174942400889803,low_a,-0.0011681179249789734,-2.074799662077738,-98.67723577247779,0.9998347131637719,004410
1w_MA10,1W,10,10,2026-06-21,1066.0,1367.3,-22.036129598478748,-8.627372360331476,low_a,-0.22021971690113243,-1.8300727316213965,-0.461678494291884,0.9855271133062076,004410
1w_MA20,1W,20,10,2026-06-21,1066.0,1610.65,-33.81554030981281,-2.367097047948108,low_a,-0.12546802194379333,0.6616760974847917,0.29298129215798935,0.9838387400466714,004410
1M_MA10,1M,10,10,2026-06-30,1066.0,1557.6,-31.56137647663071,-4.908424908424913,low_r2,-0.15038402510946772,1.9826549075689006,0.7324414596880237,0.5968326790006633,004410
1M_MA20,1M,20,10,2026-06-30,1066.0,1536.8,-30.63508589276418,-3.010413379615018,low_r2,-0.0050725819480393385,-0.36505362389081514,-3.998113207547492,0.6623778116043562,004410
1d_MA20,1D,20,10,2026-06-15,7840.0,9183.5,-14.629498557194964,-4.482812418742521,low_a,-0.03526065181545394,-1.7388746576972802,-2.739715310864149,0.9996584707640628,004415
1w_MA10,1W,10,10,2026-06-21,7840.0,10322.0,-24.045727572175934,-7.550380653828926,low_a,-0.26717389594645247,0.8580996893339063,0.17843137254902086,0.9861837239480179,004415
1w_MA20,1W,20,10,2026-06-21,7840.0,11188.0,-29.924919556667863,-3.887290064859761,low_a,-0.1425153812641467,0.19936938211721753,0.07771846579676046,0.9982152552522013,004415
1M_MA10,1M,10,10,2026-06-30,7840.0,11746.0,-33.25387365911799,-5.7605905006418485,low_a,-0.20972584813279607,1.55339024371746,0.41148699005217265,0.8656844056699073,004415
1M_MA20,1M,20,10,2026-06-30,7840.0,12007.0,-34.70475555925711,-3.42636531810504,low_a,0.06874229139082992,-2.0917221356021285,1.6904700579522887,0.9923303130678767,004415
1d_MA20,1D,20,10,2026-06-15,10580.0,10874.5,-2.7081704905972726,-1.5837820715869477,vertex_out,0.1318480026615024,-2.736526269188764,1.1530643931517348,0.9993207143113281,004430
1w_MA10,1W,10,10,2026-06-21,10580.0,11532.0,-8.255289628858831,2.1615875265768913,low_a,-0.240939258215029,4.67638863701944,1.078277449046686,0.9868582572322449,004430
1w_MA20,1W,20,10,2026-06-21,10580.0,10368.5,2.039832184018908,1.4183009732479102,low_a,-0.12854835674525017,2.5826170695640758,1.1161459369817623,0.9889599182395821,004430
1M_MA10,1M,10,10,2026-06-30,10580.0,10219.0,3.5326352872101063,-0.22456551454793638,ma_not_rising,0.2746914406190267,-3.8412704304681395,0.7768859208822539,0.9485557240854313,004430
1M_MA20,1M,20,10,2026-06-30,10580.0,10841.5,-2.4120278559239927,-2.592093441150045,vertex_out,0.1766200050978557,-2.771623117253191,0.8718098608609494,0.9611578388168548,004430
1d_MA20,1D,20,10,2026-06-15,4725.0,5289.0,-10.663641520136135,-3.4413509812870835,low_a,0.07570992045089013,-2.8518600192605694,2.0926804148403453,0.9999121931547699,004440
1w_MA10,1W,10,10,2026-06-21,4725.0,6251.5,-24.41813964648485,-10.801170007847617,low_a,-0.7356163542406627,5.4446965806627725,0.4111968713398047,0.9650187120295626,004440
1w_MA20,1W,20,10,2026-06-21,4725.0,6581.25,-28.205128205128204,-1.5777470370508806,low_a,-0.2567281878217777,2.662139026554531,0.5760824856872887,0.9488161927498375,004440
1M_MA10,1M,10,10,2026-06-30,4725.0,5894.0,-19.83372921615202,-0.050873325419709126,vertex_out,0.1090376265571558,3.1085858833361963,-1.5838497332879269,0.9437010848503131,004440
1M_MA20,1M,20,10,2026-06-30,4725.0,5036.5,-6.184850590687974,1.5269868467469694,vertex_out,0.18917667247747635,0.4304562168652534,-0.1264121731136756,0.9425593623942091,004440
1d_MA20,1D,20,10,2026-06-15,25100.0,25945.0,-3.2568895740990533,-0.802905754157901,low_a,0.020775319234341904,-0.7768686526589093,2.0774347246043066,0.9995086873682122,004450
1w_MA10,1W,10,10,2026-06-21,25100.0,26950.0,-6.864564007421148,-1.8572469045884943,low_a,-0.054857387107983414,-0.09588826549507691,-0.09710863279637225,0.995823801839583,004450
1w_MA20,1W,20,10,2026-06-21,25100.0,27685.0,-9.337186201914394,-1.2396325693391552,low_a,-0.014673944943359288,-0.38712534750569183,-1.4656565656564777,0.9994254901713657,004450
1M_MA10,1M,10,10,2026-06-30,25100.0,29460.0,-14.799728445349626,-6.4910331693382,low_a,-0.2496288138187799,0.7230162419254487,0.16090918504711652,0.9926770228285642,004450
1M_MA20,1M,20,10,2026-06-30,25100.0,31362.5,-19.968114786767632,-1.8771998435666792,low_a,-0.04469084485331462,-0.127297109425452,-0.15824408014570826,0.9912279140717685,004450
1d_MA20,1D,20,10,2026-06-15,58000.0,55692.5,4.143286798042833,-1.1185583026321666,low_a,0.028698778407209323,-1.2289032891090672,2.3789306980869003,0.9964918901747405,004490
1w_MA10,1W,10,10,2026-06-21,58000.0,59790.0,-2.9938116741930143,-1.5640434639446865,low_a,-0.040836849601013706,-0.23899075380034124,-0.325129490392652,0.9789145311800627,004490
1w_MA20,1W,20,10,2026-06-21,58000.0,61555.0,-5.775322881975464,-1.3383555056900143,low_a,-0.04712219606394058,0.026481050321580234,0.031220307735950345,0.9883666597139329,004490
1M_MA10,1M,10,10,2026-06-30,58000.0,63090.0,-8.067839594230463,-2.3072158563022582,low_a,0.04107977970160286,-1.2638725031340443,1.7092384519350958,0.9572936454664173,004490
1M_MA20,1M,20,10,2026-06-30,58000.0,66295.0,-12.512255826231245,-3.034956852420656,low_a,-0.019075817304954917,-1.9379987987447085,-5.64414086217398,0.9876903206596892,004490
1d_MA20,1D,20,10,2026-06-15,1586.0,1725.2,-8.06862972408996,-1.647568553674239,low_a,0.0008776486696704306,-0.8301224080920193,52.54712182038135,0.9992647925058566,004540
1w_MA10,1W,10,10,2026-06-21,1586.0,1836.4,-13.635373556959273,-4.834948437580966,low_a,-0.20447279512419997,0.9786525617095643,0.2659013231007945,0.9921263626471281,004540
1w_MA20,1W,20,10,2026-06-21,1586.0,1905.5,-16.76725268958279,-1.7580944524644204,low_a,-0.06350255634799895,0.32108139165501837,0.2808997955010289,0.985398033950135,004540
1M_MA10,1M,10,10,2026-06-30,1586.0,1916.8,-17.257929883138566,-3.755774251857802,low_a,0.03905238575445608,-1.8318368901214557,2.605953878406681,0.9923898177049923,004540
1M_MA20,1M,20,10,2026-06-30,1586.0,2084.9,-23.92920523766128,-2.4060291157608993,low_a,0.02420597126433548,-1.2184643912290085,2.7965193150140557,0.9933376635772212,004540
1d_MA20,1D,20,10,2026-06-15,8700.0,9505.0,-8.46922672277749,-1.5178987722115789,low_a,-0.024715253952814757,-0.3521797886278666,-0.7916383885843497,0.9971995750808805,004545
1w_MA10,1W,10,10,2026-06-21,8700.0,9879.0,-11.934406316428792,-3.30821180385632,low_a,-0.07499733880410851,-0.02265315512262447,-0.016780710329079542,0.9753316620456993,004545
1w_MA20,1W,20,10,2026-06-21,8700.0,10249.0,-15.113669626305004,-2.5019025875190226,low_a,-0.04935243091722578,-0.33713414366268724,-0.3795086543830152,0.9975083643163123,004545
1M_MA10,1M,10,10,2026-06-30,8700.0,10858.0,-19.874746730521274,-4.996062647650712,low_a,-0.14704684159679615,0.13168258057507073,0.049750806215185364,0.9900844091931493,004545
1M_MA20,1M,20,10,2026-06-30,8700.0,11642.5,-25.27378140433756,-2.756316558780536,low_a,0.0010893085744222292,-1.234935322686934,62.98262910804812,0.9956725412528652,004545
1d_MA20,1D,20,10,2026-06-15,13850.0,14605.0,-5.1694625128380745,-2.1604421369954774,low_a,0.00949612949509672,-1.4146100203941625,8.275945017181236,0.9967784839540673,004560
1w_MA10,1W,10,10,2026-06-21,13850.0,15617.0,-11.31459307165269,-1.7242464287961723,low_a,0.0405371135408284,-1.6885750713370455,2.3141688687554822,0.9883049544949227,004560
1w_MA20,1W,20,10,2026-06-21,13850.0,16566.0,-16.39502595677894,0.5462490895848493,low_a,-0.13250029328034083,2.523914379103848,1.0582426803320404,0.9941932656080613,004560
1M_MA10,1M,10,10,2026-06-30,13850.0,14023.0,-1.2336875133708958,3.1861662987490824,vertex_out,0.2868164602595898,-0.36186921673282185,0.07009306702917334,0.9082418372525449,004560
1M_MA20,1M,20,10,2026-06-30,13850.0,13034.0,6.260549332514964,0.2576823968308828,pass,0.3622553250660852,-4.313807252436516,0.6615664198310283,0.9298050280990668,004560
1d_MA20,1D,20,10,2026-06-15,124600.0,123700.0,0.7275666936135794,-1.0677010437077583,low_a,0.036701395325145485,-1.2961399919156715,1.9619901829539768,0.9978943598213924,004690
1w_MA10,1W,10,10,2026-06-21,124600.0,133150.0,-6.421329327825765,-1.7488193624557224,low_a,-0.0735996628761888,-0.347415311934802,-0.2622410199828351,0.9738377340914837,004690
1w_MA20,1W,20,10,2026-06-21,124600.0,139300.0,-10.552763819095478,-1.023163279806738,low_a,-0.07318519404353364,0.795044410481822,0.6035255421934539,0.9801539510925821,004690
1M_MA10,1M,10,10,2026-06-30,124600.0,132930.0,-6.266456029489209,-1.2186965891357704,low_a,-0.2839420940634265,4.842002858698914,0.9473768223901227,0.9640454802271059,004690
1M_MA20,1M,20,10,2026-06-30,124600.0,119890.0,3.9286012177829788,2.9452172419714984,low_a,0.04450793761072657,1.6658926455449294,-2.0793951907773405,0.9909074314134039,004690
1d_MA20,1D,20,10,2026-06-15,62300.0,62015.0,0.4595662339756501,0.04839880616278602,low_a,0.03889396578735339,-0.6624081254912303,0.9461738002594053,0.9858505455159422,004700
1w_MA10,1W,10,10,2026-06-21,62300.0,65160.0,-4.38919582565992,-1.4817054732385815,low_a,0.0012325592861013972,-0.8225204268688893,37.07373737374501,0.9945557181187755,004700
1w_MA20,1W,20,10,2026-06-21,62300.0,67670.0,-7.9355696763706245,-1.3341109572063914,low_a,-0.02811159261506216,-0.0068227743878445995,-0.013483512895809088,0.9724698052631651,004700
1M_MA10,1M,10,10,2026-06-30,62300.0,66630.0,-6.498574215818698,-1.4786337424219975,low_a,-0.2093480759886684,3.60783825742761,0.9574268012705667,0.9648820373016488,004700
1M_MA20,1M,20,10,2026-06-30,62300.0,62045.0,0.4109920219195651,1.3890023694746345,low_a,-0.039856519100555314,1.7003028710054306,2.3700331274061686,0.9912859729411001,004700
1d_MA20,1D,20,10,2026-06-15,12860.0,12758.0,0.7994983539739708,-1.5244490756821438,low_a,-0.2232346037032915,2.014682464619594,0.5013864415874479,0.904937002547757,004710
1w_MA10,1W,10,10,2026-06-21,12860.0,11259.0,14.219735322852834,15.779731605738089,vertex_out,0.4830050754347519,3.9286811102414174,-0.4518794372577209,0.9908890477831698,004710
1w_MA20,1W,20,10,2026-06-21,12860.0,8355.25,53.915203016067736,8.640249650554232,vertex_out,0.2132129151779808,2.6092916060164963,-0.6798867913685598,0.9896097642234885,004710
1M_MA10,1M,10,10,2026-06-30,12860.0,7540.0,70.55702917771882,21.777892628722782,vertex_out,0.3302933275186619,0.49673781991881927,-0.08355162896678948,0.9101820326619001,004710
1M_MA20,1M,20,10,2026-06-30,12860.0,6230.6,106.40066767245528,14.846594103388867,pass,0.4773915357341435,-2.9102597169505398,0.3386760830132949,0.8986311641817459,004710
1d_MA20,1D,20,10,2026-06-15,3200.0,3347.5,-4.406273338312172,-1.8975749139131026,low_a,0.03841471342623694,-1.5727252311061246,2.274483294483326,0.999793070870959,004720
1w_MA10,1W,10,10,2026-06-21,3200.0,3623.0,-11.6754071211703,-2.725198013156127,low_a,-0.14125749943457086,0.6308436049713262,0.24810623919535565,0.9680613676526072,004720
1w_MA20,1W,20,10,2026-06-21,3200.0,3751.0,-14.689416155691815,-2.640970735189152,low_a,-0.09397726429557529,0.042018750162595306,0.02483978467058847,0.9964369704173914,004720
1M_MA10,1M,10,10,2026-06-30,3200.0,3904.5,-18.043283390959154,-6.1981981981982015,low_a,-0.1640825592630772,0.6762198573756972,0.2289565083755926,0.9243092757612437,004720
1M_MA20,1M,20,10,2026-06-30,3200.0,4102.5,-21.99878123095673,-3.7423744720788354,low_a,0.00034306223526535314,-1.5373304886612906,248.95555555396692,0.9973726056811686,004720
1d_MA20,1D,20,10,2026-06-15,1642.0,1641.05,0.05788976569880422,-0.4066150811713021,low_a,0.03143359142829822,-0.6341929298367625,1.1208690749466257,0.9967918107218178,004770
1w_MA10,1W,10,10,2026-06-21,1642.0,1708.6,-3.8979281282921607,-0.6223463037282606,low_a,-0.10431366318841893,1.2672599572900471,0.674919553284123,0.9735391717049368,004770
1w_MA20,1W,20,10,2026-06-21,1642.0,1675.3,-1.9877036948606208,0.20935518602702707,low_a,-0.04567193288282931,0.7558133421476843,0.919374930486073,0.9919134281068175,004770
1M_MA10,1M,10,10,2026-06-30,1642.0,1605.9,2.2479606451211165,-1.2847307597737778,ma_not_rising,0.27286187048780347,-4.0760763457211775,0.8299022705831693,0.9815498461051498,004770
1M_MA20,1M,20,10,2026-06-30,1642.0,1736.8,-5.458314140948872,0.09509264328730893,pass,0.15168354449119878,-1.8359076680100754,0.6724188229325185,0.9723170064197869,004770
1d_MA20,1D,20,10,2026-06-15,191400.0,196675.0,-2.682089741960092,-3.0297801005817915,low_a,-0.02164878576660585,-1.548116064267835,-3.9728070175440617,0.9895226214980946,004800
1w_MA10,1W,10,10,2026-06-21,191400.0,201850.0,-5.177111716621252,4.412373267121872,low_a,-0.09579340018096866,4.350336939713344,2.522985770241466,0.9837235396429163,004800
1w_MA20,1W,20,10,2026-06-21,191400.0,175645.0,8.96979703378975,1.8970268310369853,low_a,-0.16780930713971295,4.0555040183507245,1.3426298137902428,0.982776773175571,004800
1M_MA10,1M,10,10,2026-06-30,191400.0,152500.0,25.50819672131148,16.49224658162096,vertex_out,0.28581575254649816,6.889821397777079,-1.3392118944521405,0.9982029877951969,004800
1M_MA20,1M,20,10,2026-06-30,191400.0,106162.5,80.28965030024726,15.6989891834455,vertex_out,0.3804210194464333,3.7776451057597265,-0.5516760689185801,0.998372251078546,004800
1d_MA20,1D,20,10,2026-06-15,3695.0,3844.0,-3.8761706555671127,-1.4548484265846318,low_a,0.042409012876505725,-1.4828075746643425,1.9424691358025068,0.9990994692070964,004830
1w_MA10,1W,10,10,2026-06-21,3695.0,4239.5,-12.843495695247075,-3.5051781040173036,low_a,-0.09548958750500652,-0.39156154051527214,-0.22780932964418327,0.997868340645055,004830
1w_MA20,1W,20,10,2026-06-21,3695.0,4479.25,-17.508511469554055,-2.4606674288202957,low_a,-0.0712400986998453,-0.12068887008057284,-0.09411746122009586,0.9976065648117235,004830
1M_MA10,1M,10,10,2026-06-30,3695.0,4681.5,-21.072305884865962,-7.223543400713439,vertex_out,0.10624707768352502,-4.233448556097361,2.213628756457768,0.9940521940739084,004830
1M_MA20,1M,20,10,2026-06-30,3695.0,5524.25,-33.11309227496946,-5.0897689201958585,low_a,0.079669921621165,-3.295586463454309,2.298083556918346,0.9991294124997071,004830
1d_MA20,1D,20,10,2026-06-15,5210.0,5752.5,-9.430682312038241,-1.8260943766532978,low_a,0.004335503095549988,-1.0967817497688312,14.054267310786464,0.9990466074865236,004835
1w_MA10,1W,10,10,2026-06-21,5210.0,6133.0,-15.04973096363933,-3.0509010433133144,low_r2,-0.0641618822792406,0.15421532226335272,0.13352971576227576,0.8414777087466657,004835
1w_MA20,1W,20,10,2026-06-21,5210.0,6290.5,-17.176695016294406,-2.811896485129395,low_a,-0.057502040246953975,-0.38154396161467524,-0.36862842892767966,0.9981291361325811,004835
1M_MA10,1M,10,10,2026-06-30,5210.0,6684.0,-22.0526630760024,-6.0312104597216365,vertex_out,0.17592527801135807,-4.718908962819678,1.4901872659175903,0.9878731375822569,004835
1M_MA20,1M,20,10,2026-06-30,5210.0,7846.0,-33.59673719092531,-5.167099776394513,vertex_out,0.13285822959291468,-4.211368631256873,1.76101190476192,0.9995362112935803,004835
1d_MA20,1D,20,10,2026-06-15,4495.0,4579.75,-1.850537693105514,-1.0799719207300607,low_a,0.0320689836627309,-1.1291960985562017,1.9561928512053595,0.9971622275968219,004840
1w_MA10,1W,10,10,2026-06-21,4495.0,4910.5,-8.461460136442323,-3.2413793103448274,low_a,-0.03929164550413345,-1.2705726202395877,-1.7964981330105525,0.9975749243108384,004840
1w_MA20,1W,20,10,2026-06-21,4495.0,5299.75,-15.184678522571815,-2.028838155097512,low_a,-0.10862850053549528,0.8572326531709048,0.4384119826058994,0.9751466772066262,004840
1M_MA10,1M,10,10,2026-06-30,4495.0,5113.0,-12.08683747310777,-2.321138599675232,low_a,-0.2013004259668307,3.3456978939444397,0.9233567406845062,0.8994103110006975,004840
1M_MA20,1M,20,10,2026-06-30,4495.0,4823.75,-6.81523710805908,-0.2893907291612874,low_r2,0.10372040940859638,-0.9970212819496532,0.5340325162159882,0.5377945462838222,004840
1d_MA20,1D,20,10,2026-06-15,362.0,306.5,18.10766721044046,2.6113157013726296,low_a,0.058860008586636633,0.044856712426163,-0.0423384168482276,0.9684813492475737,004870
1w_MA10,1W,10,10,2026-06-21,362.0,293.3,23.423116263211718,-0.71090047393364,vertex_out,0.32828759470888624,-5.550193326240882,0.9392498487598276,0.981132855077543,004870
1w_MA20,1W,20,10,2026-06-21,362.0,339.1,6.753170156296062,-4.032828640158481,low_a,0.05698127132170224,-3.0551866864535224,2.978743537215832,0.9973477204800825,004870
1M_MA10,1M,10,10,2026-06-30,362.0,407.8,-11.230995586071602,-12.395273899033299,low_a,-0.02369936236241842,-5.46346528473051,-12.80734243014973,0.9884700363896048,004870
1M_MA20,1M,20,10,2026-06-30,362.0,552.7,-34.503347204631815,-6.662163303217083,low_a,-0.2577416386546703,1.234249122082194,0.26603926330702143,0.9784763120804758,004870
1d_MA20,1D,20,10,2026-06-15,36250.0,36685.0,-1.1857707509881465,-0.2515124736591656,low_a,0.006313344313949116,-0.30469170942869245,2.6811965811974785,0.988766777033733,004890
1w_MA10,1W,10,10,2026-06-21,36250.0,37385.0,-3.0359769961214367,-0.8486938071873729,low_a,-0.005268121542917838,-0.3738775919158026,-3.942767295598754,0.9917265333328249,004890
1w_MA20,1W,20,10,2026-06-21,36250.0,38175.0,-5.042567125081865,-0.36539214406889897,low_a,0.00108251819712999,-0.19593579368067476,10.055555555563078,0.974698488080384,004890
1M_MA10,1M,10,10,2026-06-30,36250.0,38690.0,-6.306539157405011,-2.617669267556,low_a,-0.10037895159096448,0.1157211212656457,0.06404680542612337,0.9945560241453246,004890
1M_MA20,1M,20,10,2026-06-30,36250.0,40057.5,-9.505086438245025,-1.0131587076048665,low_a,0.018963822306347473,-0.6521100459262716,1.910392077058574,0.9939838299842179,004890
1d_MA20,1D,20,10,2026-06-15,3650.0,3726.25,-2.046293190204629,-1.6106673707835473,low_a,0.06756458302335833,-1.8253480229876278,1.5009080047789825,0.9994341323191223,004910
1w_MA10,1W,10,10,2026-06-21,3650.0,4176.0,-12.595785440613028,-5.78680203045685,low_a,-0.13746073244193202,-0.8353258462757531,-0.3376018055146616,0.9980765246729888,004910
1w_MA20,1W,20,10,2026-06-21,3650.0,4615.0,-20.91007583965331,-2.8676664035780064,low_a,-0.0831664163301057,-0.19988369553466226,-0.1335232446213493,0.9974261473474617,004910
1M_MA10,1M,10,10,2026-06-30,3650.0,4768.0,-23.44798657718121,-8.2724124663332,low_a,-0.1300092987535592,-0.630364037397216,-0.2693670732447251,0.9774538970988981,004910
1M_MA20,1M,20,10,2026-06-30,3650.0,5265.5,-30.68084702307473,-5.0148822945792375,low_a,-0.11729720043269591,-0.7161244246322028,-0.33917851500788976,0.9980773736586972,004910
1d_MA20,1D,20,10,2026-06-15,1069.0,1019.5,4.8553212358999565,0.06379741865829569,low_a,0.08497970190844367,-1.5994505104575483,1.045642190976631,0.989452847405328,004920
1w_MA10,1W,10,10,2026-06-21,1069.0,1112.1,-3.8755507598237537,0.02698327037236048,low_r2,-0.0798486842176159,0.5755234517370434,0.40042644922442616,0.7209074563670183,004920
1w_MA20,1W,20,10,2026-06-21,1069.0,1110.25,-3.715379419049769,-0.7775146342553274,low_a,-0.0919327857718737,0.5662965760383016,0.3422165512212949,0.8821538989243054,004920
1M_MA10,1M,10,10,2026-06-30,1069.0,1127.9,-5.222094157283452,-2.8175081854213135,low_a,-0.13090795538419575,0.5329869982399533,0.22619243195882432,0.9331657100483024,004920
1M_MA20,1M,20,10,2026-06-30,1069.0,1155.85,-7.513950772159006,-2.5585904569212725,low_a,-0.010692411820687512,-0.2746431483472421,-1.4269888722801574,0.8539381867884492,004920
1d_MA20,1D,20,10,2026-06-15,11420.0,11677.5,-2.2050952686790803,-3.0188522547961116,low_a,0.030905828593940754,-2.1574422491831844,3.878164999462202,0.9955271565619844,004960
1w_MA10,1W,10,10,2026-06-21,11420.0,13288.0,-14.057796508127629,-7.0509233351986556,low_a,-0.39335664335664416,2.4404230521251966,0.3446720952631135,0.960111688346196,004960
1w_MA20,1W,20,10,2026-06-21,11420.0,13874.5,-17.69072759378716,0.704046452549445,low_a,-0.09654492188381732,1.8528838210798773,1.0662185856224455,0.9927047417065297,004960
1M_MA10,1M,10,10,2026-06-30,11420.0,11122.0,2.679374213271002,6.2070282658517995,vertex_out,0.21416521027588917,3.379500079133374,-0.876659678546472,0.9827276639287824,004960
1M_MA20,1M,20,10,2026-06-30,11420.0,9156.5,24.720144159886416,5.3743023188906225,vertex_out,0.23227243317238194,1.0937763783184582,-0.261612424346234,0.9845947629421108,004960
1d_MA20,1D,20,10,2026-06-15,9110.0,9124.0,-0.1534414730381406,-0.20780925298041764,low_a,0.013202483152647231,-0.3696777541202547,1.5555901696085719,0.9919626853262838,004970
1w_MA10,1W,10,10,2026-06-21,9110.0,9375.0,-2.826666666666666,-1.0449651678277383,low_a,-0.007823991487496951,-0.3865051794823629,-2.7444444444445404,0.9952637065983612,004970
1w_MA20,1W,20,10,2026-06-21,9110.0,9564.5,-4.751947305138793,0.0,low_a,-0.013422421733206897,0.17622033803409812,0.7293779747250632,0.9192520299138999,004970
1M_MA10,1M,10,10,2026-06-30,9110.0,9283.0,-1.8636216740277933,-0.8544269998931986,low_r2,-0.08829344854444075,1.0553558266815215,0.6640456367560934,0.8130587812979088,004970
1M_MA20,1M,20,10,2026-06-30,9110.0,9219.0,-1.1823408178761263,-0.3243593902043429,low_r2,-0.02034912360402495,-0.11488429443684707,-0.3136479450537439,0.8243065060048381,004970
1d_MA20,1D,20,10,2026-06-15,8550.0,8846.0,-3.3461451503504436,-2.0430762416256076,low_a,0.0446735644585506,-1.8586783237252844,2.311432009626955,0.9983503742786068,004980
1w_MA10,1W,10,10,2026-06-21,8550.0,9868.0,-13.35630320226996,-2.093461652941764,low_a,-0.1704187290183189,1.4470590317875955,0.47173317683881194,0.9409052288572723,004980
1w_MA20,1W,20,10,2026-06-21,8550.0,9862.5,-13.307984790874528,-1.2910974328179003,low_a,-0.09206379709958748,0.8014028306467867,0.4836035540899555,0.9883881535679323,004980
1M_MA10,1M,10,10,2026-06-30,8550.0,9608.0,-11.01165695253955,-3.359485013075836,low_a,-0.23981771611540234,3.364510437155298,0.7794138378779383,0.9596092215123251,004980
1M_MA20,1M,20,10,2026-06-30,8550.0,9082.5,-5.862923203963666,0.8886420438767084,low_a,0.01700439280147426,0.5139792426174681,-1.6792368125700723,0.9795105182789716,004980
1d_MA20,1D,20,10,2026-06-15,10300.0,10492.0,-1.8299656881433424,-0.7661023361392183,low_a,0.012401518185742403,-0.669516158031543,2.9992571518885236,0.9969980200574092,004985
1w_MA10,1W,10,10,2026-06-21,10300.0,10994.0,-6.312534109514278,-0.9371057848260977,low_a,-0.054828403054690715,0.2972548182453618,0.3011971104231156,0.94924888610492,004985
1w_MA20,1W,20,10,2026-06-21,10300.0,11091.5,-7.136095208042192,-0.9023899932990798,low_a,-0.03220896829334511,-0.006992603961061892,-0.012061174834868512,0.9871990619183757,004985
1M_MA10,1M,10,10,2026-06-30,10300.0,11140.0,-7.540394973070019,-2.6819253953000777,low_a,-0.14586821629075436,0.8732985324534919,0.332605596818971,0.9132760472314223,004985
1M_MA20,1M,20,10,2026-06-30,10300.0,11338.5,-9.15905984036689,-0.8352282665733735,low_a,0.01754937223388363,-0.6233582898187398,1.9733478576616494,0.9932746621775308,004985
1d_MA20,1D,20,10,2026-06-15,27300.0,26188.75,4.24323421316406,-0.6355228835665194,low_a,0.041134074726986325,-1.0407361691125752,1.4056150878696525,0.9971881108179711,004990
1w_MA10,1W,10,10,2026-06-21,27300.0,27785.0,-1.7455461579989229,-0.7855740046420312,low_a,0.08546408347776778,-2.32952326860956,1.5142964635063798,0.9915946015718026,004990
1w_MA20,1W,20,10,2026-06-21,27300.0,29915.0,-8.74143406317901,-1.2869163504372172,low_a,-0.06613155219019386,0.5653746715654084,0.4749579124579134,0.9010646147045852,004990
1M_MA10,1M,10,10,2026-06-30,27300.0,28985.0,-5.813351733655336,-1.5622346748174532,low_a,-0.2623812197708884,4.044251484498548,0.8563137187329509,0.9529112585396071,004990
1M_MA20,1M,20,10,2026-06-30,27300.0,26710.0,2.20891052040435,0.7829450051881848,low_a,0.05013110875532614,0.23554673696577752,-0.2610341194586441,0.9228104624767937,004990
1d_MA20,1D,20,10,2026-06-15,4635.0,5108.5,-9.268865616129984,-2.467662641401369,low_a,0.06946041537643906,-1.9565133303033617,1.5648507776376297,0.9972367026236214,005010
1w_MA10,1W,10,10,2026-06-21,4635.0,5385.5,-13.935567728158949,-4.2577777777777825,low_a,-0.45657994145784625,4.971420038558106,0.6049105032083769,0.9626412228649873,005010
1w_MA20,1W,20,10,2026-06-21,4635.0,5156.0,-10.104732350659429,0.9594673976894397,low_a,-0.13495126965112123,2.65706109410354,1.093835616438367,0.9947219615403713,005010
1M_MA10,1M,10,10,2026-06-30,4635.0,4621.5,0.2921129503407949,2.4041657434079378,low_r2,0.28244406056129673,-2.4770212702462655,0.48721963746727187,0.7023034862019226,005010
1M_MA20,1M,20,10,2026-06-30,4635.0,4579.0,1.2229744485695582,1.608787307222892,pass,0.2069290121006221,-1.5422027611480569,0.41404504039883,0.9116295593165459,005010
1d_MA20,1D,20,10,2026-06-15,486.0,486.0,0.0,0.0,low_r2,2.4023003929746362e-15,-1.2470790877848017e-14,0.28839928489464134,0.0,005030
1w_MA10,1W,10,10,2026-06-21,486.0,486.0,0.0,0.0,low_r2,2.4023003929746362e-15,-1.2470790877848017e-14,0.28839928489464134,0.0,005030
1w_MA20,1W,20,10,2026-06-21,486.0,486.0,0.0,0.0,low_r2,2.4023003929746362e-15,-1.2470790877848017e-14,0.28839928489464134,0.0,005030
1M_MA10,1M,10,10,2026-06-30,486.0,486.0,0.0,0.0,low_r2,2.4023003929746362e-15,-1.2470790877848017e-14,0.28839928489464134,0.0,005030
1M_MA20,1M,20,10,2026-06-30,486.0,486.0,0.0,0.0,low_r2,2.4023003929746362e-15,-1.2470790877848017e-14,0.28839928489464134,0.0,005030
1d_MA20,1D,20,10,2026-06-15,48200.0,48697.5,-1.021613019148826,-1.8690176322418095,low_a,0.025613839489036443,-1.8220949424508432,3.952062588904459,0.9905331767925711,005070
1w_MA10,1W,10,10,2026-06-21,48200.0,53915.0,-10.600018547713997,-2.345589567107409,low_a,-0.16669659722776387,1.6839543370491565,0.5612173270527419,0.915043672500385,005070
1w_MA20,1W,20,10,2026-06-21,48200.0,53132.5,-9.283395285371476,-0.5754116766467088,low_a,-0.08828052687995912,1.5115404514620792,0.9512230215827405,0.9746416384830918,005070
1M_MA10,1M,10,10,2026-06-30,48200.0,50750.0,-5.024630541871922,3.825695581014732,vertex_out,0.344009579440429,-0.6813024819001958,0.11002640666260456,0.9443217195439338,005070
1M_MA20,1M,20,10,2026-06-30,48200.0,47642.5,1.1701736894579318,-11.883294030609882,vertex_out,0.3572326548841973,-9.93537943638081,1.5451149739441004,0.9994347349081816,005070
1d_MA20,1D,20,10,2026-06-15,56300.0,50792.5,10.843136289806576,1.0846310761729372,vertex_out,0.10662922184559241,-1.6883895952486179,0.8796783877320756,0.9725865604786895,005090
1w_MA10,1W,10,10,2026-06-21,56300.0,55160.0,2.0667150108774512,0.18162005085360367,low_r2,-0.3470400314825591,2.8627119900347875,0.45827437924816283,0.7265296444739594,005090
1w_MA20,1W,20,10,2026-06-21,56300.0,53580.0,5.07652108995893,7.170717071707178,low_a,-0.040445371838961124,3.8382698770395214,5.272227839568844,0.9983268520396433,005090
1M_MA10,1M,10,10,2026-06-30,56300.0,38650.0,45.666235446313074,17.943240768996027,vertex_out,1.0977556391733712,-3.64130295908111,0.18428018187196085,0.9848290375221812,005090
1M_MA20,1M,20,10,2026-06-30,56300.0,31250.0,80.16000000000001,9.00845905642278,vertex_out,0.5216261651055744,-1.8581548247598851,0.1979019276705148,0.9790783635436436,005090
1d_MA20,1D,20,10,2026-06-15,1254.0,1254.0,0.0,0.0,low_r2,-6.29894216565922e-16,6.444236434486057e-15,0.5683702530260608,0.0,005110
1w_MA10,1W,10,10,2026-06-21,1254.0,1254.0,0.0,0.0,low_r2,-6.29894216565922e-16,6.444236434486057e-15,0.5683702530260608,0.0,005110
1w_MA20,1W,20,10,2026-06-21,1254.0,1254.0,0.0,0.0,low_r2,-6.29894216565922e-16,6.444236434486057e-15,0.5683702530260608,0.0,005110
1M_MA10,1M,10,10,2026-06-30,1254.0,1254.0,0.0,0.0,low_r2,-6.29894216565922e-16,6.444236434486057e-15,0.5683702530260608,0.0,005110
1M_MA20,1M,20,10,2026-06-30,1254.0,1254.0,0.0,0.0,low_r2,-0.011514457625525778,0.13126481693100076,0.6333333333333667,0.575757575757573,005110
1d_MA20,1D,20,10,2026-06-15,70000.0,71215.0,-1.7061012427157185,-0.44037466797147706,low_a,0.003439039429560219,-0.3342168776924421,5.399067005934618,0.9963777312138309,005180
1w_MA10,1W,10,10,2026-06-21,70000.0,73020.0,-4.135853190906602,-0.9361009361009365,low_a,0.05211609563617339,-1.0920902541484445,1.164163969795023,0.9690529354032632,005180
1w_MA20,1W,20,10,2026-06-21,70000.0,75465.0,-7.241767706883984,-0.8604834471886535,low_a,-0.032817070949164986,0.127155607785033,0.215259931132933,0.9535102797326291,005180
1M_MA10,1M,10,10,2026-06-30,70000.0,73980.0,-5.379832387131655,-1.254671649759742,low_a,0.02894961190208319,-1.910809034894973,3.6669250645990954,0.9725570665366825,005180
1M_MA20,1M,20,10,2026-06-30,70000.0,78950.0,-11.33628879037365,0.9526245124992005,low_r2,-0.034917637631728074,0.25281523153015667,0.4022405750554539,0.11361556745616874,005180
1d_MA20,1D,20,10,2026-06-15,10970.0,12728.0,-13.812067881835322,-4.322333308276328,low_a,-0.05622961019742365,-0.854153501248822,-0.8439143028911738,0.997451384826532,005250
1w_MA10,1W,10,10,2026-06-21,10970.0,13139.0,-16.508105639698613,-4.304442825928623,low_a,-0.08706059655228315,-0.2394639120185808,-0.15280794291031136,0.8944500768340803,005250
1w_MA20,1W,20,10,2026-06-21,10970.0,13915.5,-21.167043943803677,-3.169577621599051,low_a,-0.049837622312629136,-0.4918379402404943,-0.5482671272308403,0.9833881455294042,005250
1M_MA10,1M,10,10,2026-06-30,10970.0,14630.0,-25.017088174982916,-4.7215890589384575,low_r2,-0.2432806701063309,2.191399528795386,0.5004278318256825,0.7216248605574827,005250
1M_MA20,1M,20,10,2026-06-30,10970.0,14827.0,-26.01335401632158,-2.6205175357940313,low_r2,-0.09029132644189891,0.5574726015351813,0.3430085846088109,0.7764637330698654,005250
1d_MA20,1D,20,10,2026-06-15,20750.0,22740.0,-8.751099384344762,-2.965649669298054,low_a,-0.08704963708658553,0.15620951412149092,0.09969376818252317,0.9893614407707666,005257
1w_MA10,1W,10,10,2026-06-21,20750.0,22860.0,-9.230096237970253,-2.077532662240311,low_a,-0.036126376986226366,-0.1516985994873705,-0.23328384063350027,0.9189459709366501,005257
1w_MA20,1W,20,10,2026-06-21,20750.0,23380.0,-11.248930710008553,-1.8059638807223832,low_a,-0.009342125922436958,-0.5329094049301273,-3.1690943043883513,0.9869078762229061,005257
1M_MA10,1M,10,10,2026-06-30,20750.0,24370.0,-14.854329093147312,-5.156645261724069,low_r2,-0.40979658977717714,3.13873618847069,0.4255141136914545,0.8223383960700963,005257
1M_MA20,1M,20,10,2026-06-30,20750.0,25140.0,-17.462211614956246,-1.1501032143910406,low_a,-0.007256755044365775,-0.3690630903020251,-2.8254371122390745,0.964126356474596,005257
1d_MA20,1D,20,10,2026-06-15,107900.0,109420.0,-1.3891427526960376,-0.8742129818362976,low_a,0.01782955872972529,-0.7799428293596975,2.430242825606794,0.9988316036991535,005300
1w_MA10,1W,10,10,2026-06-21,107900.0,114990.0,-6.165753543786412,-1.5580857803270232,low_a,0.0562661101252958,-1.5056305306741307,1.4866167290886187,0.9934505806926966,005300
1w_MA20,1W,20,10,2026-06-21,107900.0,121195.0,-10.969924501835882,-2.072559793148032,low_a,-0.02491609774910127,-0.524056552560559,-1.1684916800858682,0.9983995825487593,005300
1M_MA10,1M,10,10,2026-06-30,107900.0,121540.0,-11.222642751357581,-2.6199823732072747,low_a,-0.21610754022593795,3.049423278627012,0.783926392346369,0.9097101459844621,005300
1M_MA20,1M,20,10,2026-06-30,107900.0,117440.0,-8.123297002724794,-1.4723771970300725,low_a,-0.0653815887722891,0.32934927815563136,0.27985221013032735,0.8595158142377722,005300
1d_MA20,1D,20,10,2026-06-15,72700.0,74070.0,-1.8496017280950405,-0.9362043600374514,low_a,-0.0033082779781295774,-0.6099121381067286,-10.242188805353429,0.9904290019010363,005305
1w_MA10,1W,10,10,2026-06-21,72700.0,77050.0,-5.645684620376379,-1.9720101781170452,low_a,-0.004376983055710603,-0.8872097589590708,-11.261051373953645,0.9917331334393904,005305
1w_MA20,1W,20,10,2026-06-21,72700.0,80465.0,-9.6501584539862,-1.0270602706027088,low_a,-0.0703180041481795,0.5802784248245316,0.45845570645173317,0.9912754377464239,005305
1M_MA10,1M,10,10,2026-06-30,72700.0,76100.0,-4.46780551905388,0.22389042539181503,low_a,-0.05546302988404428,2.0515036294503965,2.0549260308467785,0.9337680890761106,005305
1M_MA20,1M,20,10,2026-06-30,72700.0,72010.0,0.9582002499652909,0.974549533758684,low_a,0.02339304980521939,0.5978393091151047,-1.419793281653626,0.9619159120434185,005305
1d_MA20,1D,20,10,2026-06-15,1094.0,1112.8,-1.6894320632638404,-0.7757467677218077,low_a,-0.0009383237141695748,-0.32795754272861255,-19.417460317570328,0.9971986002602165,005320
1w_MA10,1W,10,10,2026-06-21,1094.0,1126.4,-2.8764204545454586,1.1131059245960584,low_a,-0.06299221542271304,1.3277401509818745,1.1709913872090691,0.948913847496588,005320
1w_MA20,1W,20,10,2026-06-21,1094.0,1073.9,1.8716826520160046,2.4029751120434817,low_a,0.014289965530601686,0.9542990962810805,-3.7100590863236147,0.9990756369471184,005320
1M_MA10,1M,10,10,2026-06-30,1094.0,1029.3,6.285825318177407,0.26300409117474555,low_r2,0.05364861842751702,0.04472727513845141,-0.04631710362047921,0.8254645334740971,005320
1M_MA20,1M,20,10,2026-06-30,1094.0,998.75,9.536921151439293,1.6435986159169635,pass,0.2338894114609281,-2.3345060464658802,0.5545132614132104,0.9522024731713304,005320
1d_MA20,1D,20,10,2026-06-15,1380.0,1407.35,-1.9433687426723911,-1.3839254432065018,low_a,0.04286108278612443,-1.4754905204219253,1.9124970777810784,0.9992176857705432,005360
1w_MA10,1W,10,10,2026-06-21,1380.0,1538.5,-10.302242443938903,-3.867783054236451,low_a,-0.12173936291233728,-0.3788401664694262,-0.17288307915758952,0.9963469382559828,005360
1w_MA20,1W,20,10,2026-06-21,1380.0,1647.55,-16.239264362234827,-3.0453716236097272,low_a,-0.06483014394469894,-0.6810367268317907,-0.5836077387881691,0.9984785052940446,005360
1M_MA10,1M,10,10,2026-06-30,1380.0,1782.9,-22.598014470805992,-7.669601242879331,low_a,-0.2202212897240909,0.48034455250559915,0.1211772417915052,0.9882728080567257,005360
1M_MA20,1M,20,10,2026-06-30,1380.0,1933.3,-28.619458956188904,-4.556674565560814,low_a,-0.0025551480521722103,-2.1595846096695714,-46.95497885432687,0.9996535146337623,005360
1d_MA20,1D,20,10,2026-06-15,647000.0,662700.0,-2.3690961219254514,-1.2516763522574914,low_a,-0.1583329352975822,1.6670931335421353,0.5849464296402745,0.9846465151850005,005380
1w_MA10,1W,10,10,2026-06-21,647000.0,622700.0,3.902360687329365,4.946490267127324,vertex_out,0.2621156190573703,-0.298680443209002,0.06330549097275967,0.9799249105147011,005380
1w_MA20,1W,20,10,2026-06-21,647000.0,570950.0,13.319905420789912,2.1834451901566077,low_a,-0.06835937212330957,3.4777190791762447,2.8263368943950646,0.986629798065768,005380
1M_MA10,1M,10,10,2026-06-30,647000.0,458350.0,41.15850332715174,25.695872754696293,vertex_out,0.9020362053712547,1.6499279444225374,-0.10161749942321202,0.9938189060043192,005380
1M_MA20,1M,20,10,2026-06-30,647000.0,331130.0,95.39153806662036,15.949996498354224,vertex_out,0.5337407933879024,-0.2568650208873872,0.026736346771638057,0.994655170168505,005380
1d_MA20,1D,20,10,2026-06-15,256500.0,261775.0,-2.0150892942412346,-1.2542436816295743,low_a,-0.0823482722453751,0.43850100632142514,0.2958309428189022,0.967144519841615,005385
1w_MA10,1W,10,10,2026-06-21,256500.0,259600.0,-1.1941448382126296,0.8742957062366497,pass,0.12692590862856426,-1.3764328362227116,0.6024655779698926,0.8872650613688013,005385
1w_MA20,1W,20,10,2026-06-21,256500.0,262000.0,-2.099236641221369,-0.9077155824508298,low_a,-0.1169374367489772,1.7379812794560752,0.8256937915665578,0.9424629042001168,005385
1M_MA10,1M,10,10,2026-06-30,256500.0,237360.0,8.063700707785637,9.407697626181143,vertex_out,0.18331081622813258,3.3721393077143835,-1.0219859171738714,0.9884695716921056,005385
1M_MA20,1M,20,10,2026-06-30,256500.0,195985.0,30.87736306349975,5.4675097538006145,low_a,0.07920646250703363,1.6567805466431658,-1.1620688614167631,0.9907189940679596,005385
1d_MA20,1D,20,10,2026-06-15,257000.0,260825.0,-1.4665005271733866,-1.3334594287875867,low_a,-0.08598232837444168,0.4712286565487186,0.30447384134859024,0.9707493169627284,005387
1w_MA10,1W,10,10,2026-06-21,257000.0,258750.0,-0.6763285024154575,0.778967867575453,pass,0.1302351146684295,-1.462412886039432,0.6238345206849101,0.9154230889788364,005387
1w_MA20,1W,20,10,2026-06-21,257000.0,262100.0,-1.9458222052651686,-1.1409712399811367,low_a,-0.1181514093181751,1.631364104304462,0.7670779354308046,0.9292229379266975,005387
1M_MA10,1M,10,10,2026-06-30,257000.0,239770.0,7.1860533010801975,8.793502427514866,vertex_out,0.16143921082009846,3.45755557961012,-1.1898374633626316,0.9865904391815085,005387
1M_MA20,1M,20,10,2026-06-30,257000.0,198890.0,29.217155211423407,5.088238402198031,low_a,0.055467644571705985,1.8610002603924283,-1.8639497702390904,0.9899319352924859,005387
1d_MA20,1D,20,10,2026-06-15,244500.0,249825.0,-2.1314920444311047,-1.254940711462449,low_a,-0.0756715179528457,0.3479702821627754,0.2554684095860591,0.9780976026858418,005389
1w_MA10,1W,10,10,2026-06-21,244500.0,249100.0,-1.8466479325572105,0.5449041372351138,low_r2,0.1073500253861117,-1.1413235275294686,0.5906553110953361,0.8319949290743989,005389
1w_MA20,1W,20,10,2026-06-21,244500.0,251025.0,-2.5993426949507015,-1.0641442506650889,low_a,-0.11883332588249107,1.6090625350683796,0.7522499466837317,0.9311339936648886,005389
1M_MA10,1M,10,10,2026-06-30,244500.0,230940.0,5.8716549753182745,8.244668385282395,vertex_out,0.13827951366399807,3.4582704572819853,-1.3894041960728059,0.9880844604394466,005389
1M_MA20,1M,20,10,2026-06-30,244500.0,192755.0,26.84495862623537,4.7866268007610735,low_a,0.044431832283718345,1.840588652353024,-2.3013888888888783,0.9919602663120037,005389
1d_MA20,1D,20,10,2026-06-15,13450.0,13470.0,-0.14847809948033142,-1.8614986703580971,low_a,0.0718938685457978,-2.500264830868481,1.932064646464689,0.9933772108103308,005420
1w_MA10,1W,10,10,2026-06-21,13450.0,15363.0,-12.451995053049536,-2.8211778101081664,low_a,-0.1747717138205184,1.264749323619438,0.40203216971568057,0.9495717836263942,005420
1w_MA20,1W,20,10,2026-06-21,13450.0,15561.0,-13.565966197545142,-1.8697777077092859,low_a,-0.09725139563862197,0.9124571649350257,0.5212476837554085,0.8636468521190181,005420
1M_MA10,1M,10,10,2026-06-30,13450.0,15929.0,-15.5628099692385,-3.043398867855618,low_r2,0.04713455743071967,-0.4742371207231425,0.5589637018564657,0.06678824833675345,005420
1M_MA20,1M,20,10,2026-06-30,13450.0,16152.0,-16.728578504210002,-5.099882491186836,vertex_out,0.29856251234012593,-5.778393177546905,1.0752248856726474,0.9922363531437576,005420
1d_MA20,1D,20,10,2026-06-15,84200.0,77825.0,8.191455187921616,2.5294776365193394,low_a,0.012329607863671132,0.7500562189527403,-3.3796524919983755,0.9695028752099191,005430
1w_MA10,1W,10,10,2026-06-21,84200.0,71590.0,17.61419192624669,8.436837322023628,vertex_out,0.44478403457018045,-2.0569989333325687,0.2569285532672254,0.9894127975970425,005430
1w_MA20,1W,20,10,2026-06-21,84200.0,66950.0,25.765496639283047,2.7234369006520875,vertex_out,0.1237251291820265,-0.39803466618663935,0.17872712808273394,0.9864972720883608,005430
1M_MA10,1M,10,10,2026-06-30,84200.0,67200.0,25.297619047619047,5.7435090479937,low_a,0.02864826664936562,1.8493357206474694,-3.5862858520125838,0.979256107747068,005430
1M_MA20,1M,20,10,2026-06-30,84200.0,60932.5,38.1856972879826,4.897783516247034,low_r2,0.10661312005061073,-0.8213382340708097,0.4279951836243196,0.39755737967196614,005430
1d_MA20,1D,20,10,2026-06-15,13900.0,13492.0,3.024014230655192,-0.8487966195112939,low_a,0.03281820670246625,-0.9068156961301895,1.5350823474831925,0.9933204014249101,005440
1w_MA10,1W,10,10,2026-06-21,13900.0,14138.0,-1.6834064224076961,0.49758316747228193,low_r2,-0.02784136739045679,-0.1323812113985008,-0.2641577060932023,0.8459855241698393,005440
1w_MA20,1W,20,10,2026-06-21,13900.0,14108.5,-1.4778325123152691,3.5486238532110193,low_a,-0.05163635612562249,2.6782839079521064,2.881565656565584,0.9991658797479475,005440
1M_MA10,1M,10,10,2026-06-30,13900.0,11318.0,22.8132178830182,11.178781925343806,vertex_out,0.27059535147681946,3.840438318421696,-0.7884750539590779,0.9882770805896898,005440
1M_MA20,1M,20,10,2026-06-30,13900.0,8840.0,57.23981900452488,11.725488956997054,vertex_out,0.3839512577030414,1.8964937928107428,-0.2744118274219913,0.9948272973443778,005440
1d_MA20,1D,20,10,2026-06-15,395000.0,410075.0,-3.676156800585262,-2.299124426707966,low_a,-0.00687855738222558,-1.4298141422447388,-11.548078266942571,0.9913582633036829,005490
1w_MA10,1W,10,10,2026-06-21,395000.0,428750.0,-7.871720116618075,1.3114366729678695,low_a,-0.09262703892906297,2.785540805802298,1.6707029478458366,0.9809159580664291,005490
1w_MA20,1W,20,10,2026-06-21,395000.0,396150.0,-0.29029408052505534,0.7182355558380538,low_a,-0.13683021985365507,2.8550494735740695,1.1592019643953446,0.987548357997885,005490
1M_MA10,1M,10,10,2026-06-30,395000.0,357450.0,10.504965729472659,6.701492537313425,vertex_out,0.25665346134241274,0.9480913584971365,-0.20522513845413565,0.9917234283748694,005490
1M_MA20,1M,20,10,2026-06-30,395000.0,314375.0,25.64612326043738,1.5833266015025549,pass,0.2363840923255583,-2.225321684717717,0.5230004323389514,0.9310347402854326,005490
1d_MA20,1D,20,10,2026-06-15,19540.0,20435.5,-4.382080203567318,-0.5595970900951319,low_a,-0.025829334006434192,0.40778814611452713,0.8770995411929393,0.857842679012627,005500
1w_MA10,1W,10,10,2026-06-21,19540.0,19613.0,-0.37220211084484367,1.16572961262702,low_a,0.08985107996965702,-0.13824010859583313,0.08547483275321123,0.9088063726613844,005500
1w_MA20,1W,20,10,2026-06-21,19540.0,19169.0,1.9354165579842375,0.010434601137365718,low_r2,0.06026423267405213,-0.530285573909097,0.488852315119598,0.6383090424918005,005500
1M_MA10,1M,10,10,2026-06-30,19540.0,19423.0,0.6023786232816741,0.4187777892668887,low_a,-0.1128053542719103,1.6210675081211878,0.798360207172882,0.9774037501535128,005500
1M_MA20,1M,20,10,2026-06-30,19540.0,18858.0,3.616502280199385,0.758709125881607,low_r2,0.015414057862561828,-0.16172872789494064,0.5829048656499204,0.2785634694426333,005500
1d_MA20,1D,20,10,2026-06-15,41400.0,42555.0,-2.714134649277411,-1.1326014985189037,low_a,0.021977372906208246,-0.9965759209961446,2.5191968658178636,0.9992151128715483,005610
1w_MA10,1W,10,10,2026-06-21,41400.0,45400.0,-8.81057268722467,-3.670698069170375,low_a,-0.11687970773022385,-0.30306594417418137,-0.1440540640076546,0.9961766979266341,005610
1w_MA20,1W,20,10,2026-06-21,41400.0,48252.5,-14.201336718304747,-1.950723901447804,low_a,-0.03914080994174004,-0.40292187939934876,-0.5718979471512757,0.9994476596289152,005610
1M_MA10,1M,10,10,2026-06-30,41400.0,49565.0,-16.473317865429237,-4.792547061083363,low_a,-0.18561968439719181,0.7123204555967511,0.21319591600847823,0.9723386019132663,005610
1M_MA20,1M,20,10,2026-06-30,41400.0,51492.5,-19.599941739088212,-1.6802711346603605,low_a,-0.0017184677282498938,-0.5261661772613706,-17.010185185187037,0.9902546805936226,005610
1d_MA20,1D,20,10,2026-06-15,13650.0,13553.5,0.7119932120854378,-0.553965808203094,low_a,0.04338901603997708,-1.1395188300982433,1.4590467231106645,0.9908566052490099,005680
1w_MA10,1W,10,10,2026-06-21,13650.0,14303.0,-4.565475774313077,-1.9738194777602636,low_a,-0.31631168508801705,3.2096534011642017,0.563729025036928,0.9463235281856474,005680
1w_MA20,1W,20,10,2026-06-21,13650.0,13856.0,-1.4867205542725137,1.687949508292963,low_a,-0.05265902593847996,1.8179013156318413,1.9178956643271619,0.9988547295164426,005680
1M_MA10,1M,10,10,2026-06-30,13650.0,12445.0,9.682603455202887,5.492921929304062,vertex_out,0.26512409202362225,-0.43066498850666607,0.09024390243902473,0.9894289370183067,005680
1M_MA20,1M,20,10,2026-06-30,13650.0,11457.5,19.135937159066117,3.9559043687338313,vertex_out,0.20773308602606383,-0.36426539053820384,0.09741811729727172,0.9833952028795576,005680
1d_MA20,1D,20,10,2026-06-15,14680.0,14902.0,-1.4897329217554711,-2.3011866518061974,low_a,0.05536296399921576,-2.2055832405917632,2.2132558194831056,0.9958211207706819,005690
1w_MA10,1W,10,10,2026-06-21,14680.0,16584.0,-11.480945489628558,-1.3737734165923277,low_a,-0.21489392097510354,2.0786286681563544,0.5373784885544045,0.8693052907683843,005690
1w_MA20,1W,20,10,2026-06-21,14680.0,16230.5,-9.553002064015281,0.4735669184102953,low_a,-0.05259358020296005,1.0319062490253617,1.0900213433773216,0.976776801941625,005690
1M_MA10,1M,10,10,2026-06-30,14680.0,15320.0,-4.177545691906004,3.8503253796095427,low_a,-0.2485301809295225,5.7909612142259395,1.294490939706953,0.9945114991467249,005690
1M_MA20,1M,20,10,2026-06-30,14680.0,12700.25,15.588275821342101,8.176997934456253,low_a,0.015115050545164507,4.625386702438227,-17.000666133759072,0.9988234135176183,005690
1d_MA20,1D,20,10,2026-06-15,6400.0,6439.0,-0.6056841124398193,-1.0754340144415453,low_a,0.020508431357939057,-0.9622100250225606,2.6065432098764525,0.9983278564781802,005720
1w_MA10,1W,10,10,2026-06-21,6400.0,6770.0,-5.465288035450522,-0.6311463378834592,low_r2,-0.05518983313776579,0.346176709116988,0.3484706929151404,0.788955278444964,005720
1w_MA20,1W,20,10,2026-06-21,6400.0,6808.5,-5.999853124770505,0.628140703517599,low_a,-0.026241928403606073,0.8207212862696088,1.7375105332850722,0.9924827669406296,005720
1M_MA10,1M,10,10,2026-06-30,6400.0,6236.0,2.6298909557408656,1.945398070949822,low_a,-0.10886869924855215,3.0396010056983216,1.5511044377710925,0.9879345544289629,005720
1M_MA20,1M,20,10,2026-06-30,6400.0,5688.0,12.517580872011248,3.5876889455472627,low_a,0.048337409469672306,1.3258657534736864,-1.5238551121058923,0.9989873712656722,005720
1d_MA20,1D,20,10,2026-06-15,4380.0,4414.5,-0.7815154604145391,-0.26546173397344885,low_a,0.022776554835690268,-0.5533791762879118,1.3497777777777318,0.9934872330474043,005725
1w_MA10,1W,10,10,2026-06-21,4380.0,4522.5,-3.1509121061359835,0.04424289348523569,low_r2,0.005628163027621334,-0.15177696532116777,1.4981893004114801,0.3982193087437712,005725
1w_MA20,1W,20,10,2026-06-21,4380.0,4567.75,-4.110338788243661,-0.1530138258921232,low_r2,-0.012400676584225695,0.12084759514651756,0.5414023372287515,0.4472544947117094,005725
1M_MA10,1M,10,10,2026-06-30,4380.0,4499.0,-2.645032229384303,-0.6075334143377908,low_a,-0.3012285127204255,4.689447178134162,0.8648744465683186,0.9935206558475759,005725
1M_MA20,1M,20,10,2026-06-30,4380.0,4048.75,8.181537511577641,3.0937679037494448,low_a,-0.018356707540934904,2.0213516321894343,6.117508417508608,0.9995209029536073,005725
1d_MA20,1D,20,10,2026-06-15,5940.0,6194.0,-4.100742654181467,-1.9704043681253447,low_a,0.008931755106752074,-1.2008410163883285,7.469236337315021,0.9978948681240078,005740
1w_MA10,1W,10,10,2026-06-21,5940.0,6656.0,-10.757211538461542,-2.232667450058756,low_a,-0.12070571912621883,0.7101418807306147,0.3268472032050288,0.8751280384440854,005740
1w_MA20,1W,20,10,2026-06-21,5940.0,6785.0,-12.453942520265294,-1.0716629000510292,low_a,-0.05371155097540789,0.3973329924057535,0.4109740778805604,0.8982744876099613,005740
1M_MA10,1M,10,10,2026-06-30,5940.0,6699.0,-11.33004926108374,-4.545454545454541,low_a,-0.36218783224836426,3.637021259936387,0.5578783125010549,0.9479675059366335,005740
1M_MA20,1M,20,10,2026-06-30,5940.0,6550.0,-9.31297709923664,0.1758813183451835,low_a,-0.016085717359707995,0.4995127990742265,1.7251770896578162,0.9645981069811337,005740
1d_MA20,1D,20,10,2026-06-15,6210.0,6542.5,-5.082155139472677,-1.7199939912873718,low_a,0.004580465961641375,-0.9739292092039171,11.812592592592397,0.9997589079924725,005745
1w_MA10,1W,10,10,2026-06-21,6210.0,6910.0,-10.130246020260492,-3.4781394049448244,low_a,-0.10319757211409061,-0.009253623818448502,-0.004981611501166643,0.9887033242317266,005745
1w_MA20,1W,20,10,2026-06-21,6210.0,7254.0,-14.392059553349878,-2.0854423972464065,low_a,-0.04111241321297258,-0.43093124601527744,-0.5823210779335211,0.999650420045421,005745
1M_MA10,1M,10,10,2026-06-30,6210.0,7563.0,-17.88972629908766,-5.54514799550393,low_a,-0.2505952328267583,1.1197679255804112,0.24824625950453877,0.9844069152040383,005745
1M_MA20,1M,20,10,2026-06-30,6210.0,7956.5,-21.950606422421913,-2.9931723969763513,low_a,-0.013947637350697343,-1.190591782159377,-4.742307692308629,0.9987903238688368,005745
1d_MA20,1D,20,10,2026-06-15,4500.0,4703.0,-4.316393791197104,-1.5387836281796297,low_a,0.040076520054266915,-1.338640833337963,1.8556734737632086,0.9991998512174316,005750
1w_MA10,1W,10,10,2026-06-21,4500.0,5090.0,-11.591355599214149,-4.859813084112153,low_a,-0.24145634593532006,1.1799155265232892,0.271481216742121,0.9684869112110865,005750
1w_MA20,1W,20,10,2026-06-21,4500.0,5330.5,-15.580151955726485,-0.39706638015601925,low_a,-0.06157201041308498,0.7231857539543527,0.6525202939006057,0.9732761454116602,005750
1M_MA10,1M,10,10,2026-06-30,4500.0,4876.0,-7.711238720262514,0.4635829813536718,low_a,-0.06357267400868553,2.680260693074151,2.342254343699765,0.9822898547996948,005750
1M_MA20,1M,20,10,2026-06-30,4500.0,4461.75,0.8572869389813498,2.3395836917254442,low_a,0.07106099740447618,0.7081561666304313,-0.5536371665783573,0.9867484654067445,005750
1d_MA20,1D,20,10,2026-06-15,13510.0,13830.0,-2.313810556760665,-0.7641803896243693,low_a,0.020921052702253685,-0.6596496542789272,1.7516902011124995,0.9965488513385565,005800
1w_MA10,1W,10,10,2026-06-21,13510.0,14375.0,-6.01739130434783,-2.1576368091478337,low_a,0.01847588482872218,-1.5623753807767942,4.697941834452353,0.9987631328457538,005800
1w_MA20,1W,20,10,2026-06-21,13510.0,15385.5,-12.190049072178354,-1.264238729343814,low_a,0.0005643245995083066,-0.531519329918552,52.326004728254155,0.9905869974142937,005800
1M_MA10,1M,10,10,2026-06-30,13510.0,15077.0,-10.393314319824897,-0.02652344009017593,low_a,-0.29154798317459857,5.658418232412686,1.0782326979059003,0.9852141841857387,005800
1M_MA20,1M,20,10,2026-06-30,13510.0,13123.5,2.945098487446174,3.648856770524822,low_a,-0.024416517378020367,2.873649348157554,6.5384912818265635,0.9955918089796145,005800
1d_MA20,1D,20,10,2026-06-15,39300.0,38865.0,1.1192589733693525,-1.1068702290076282,low_a,0.026674374478862856,-1.1111500014395694,2.3142269253379415,0.9976480681801312,005810
1w_MA10,1W,10,10,2026-06-21,39300.0,41460.0,-5.209840810419686,-1.4499643451390543,low_a,-0.09900142935027549,1.3039850314957984,0.7317431004411665,0.9471318553711441,005810
1w_MA20,1W,20,10,2026-06-21,39300.0,40522.5,-3.0168424949102324,-0.4789095597716009,low_a,-0.0917063662094889,1.1428785654749969,0.6923538273499942,0.9935865572006157,005810
1M_MA10,1M,10,10,2026-06-30,39300.0,39370.0,-0.17780035560071017,-2.489164086687301,low_a,-0.36981369353692184,4.991618150596736,0.749869797479281,0.9704560565988759,005810
1M_MA20,1M,20,10,2026-06-30,39300.0,35942.5,9.341309035264667,3.4763207139772545,low_a,0.05786281637462949,1.1662318982216027,-1.1197287839020456,0.9973421792907147,005810
1d_MA20,1D,20,10,2026-06-15,14500.0,14476.0,0.1657916551533578,-1.0965736344071275,low_a,0.035666528195128805,-1.1855867301816336,1.8467154721140178,0.9992519226128276,005820
1w_MA10,1W,10,10,2026-06-21,14500.0,15445.0,-6.1184849465846565,-1.2972903885480558,low_a,-0.11210738618456226,0.7643300833728989,0.3787688202782559,0.8661553673392912,005820
1w_MA20,1W,20,10,2026-06-21,14500.0,15490.0,-6.39122014202711,-0.009682729238613685,low_a,-0.0536882699126358,0.6880131522627321,0.7119423472889589,0.9609130427761687,005820
1M_MA10,1M,10,10,2026-06-30,14500.0,15092.0,-3.9226080042406575,-0.6713176253784425,low_a,-0.07019082303374426,1.2895757257103126,1.0206903520472,0.9410230188191302,005820
1M_MA20,1M,20,10,2026-06-30,14500.0,14704.5,-1.390730728688494,-0.9164111721303159,low_a,0.09456562854621074,-1.4496830030810495,0.851661918328581,0.9763125869159465,005820
1d_MA20,1D,20,10,2026-06-15,152400.0,148525.0,2.6089883857936425,-1.1053034590671529,low_a,0.01433616144449253,-0.8150813447170984,3.1586067933214874,0.9984073181744169,005830
1w_MA10,1W,10,10,2026-06-21,152400.0,158560.0,-3.884964682139258,-1.8993998638866527,low_a,-0.03009665325215827,-1.1805770531650155,-2.1792328042327997,0.9868296210534201,005830
1w_MA20,1W,20,10,2026-06-21,152400.0,168190.0,-9.388191925798207,0.8393788596438689,low_a,-0.07832914060495337,1.5951622064695383,1.1313812700766037,0.9993772085122422,005830
1M_MA10,1M,10,10,2026-06-30,152400.0,147350.0,3.4272141160502256,2.4758328117393313,low_a,-0.01472004130090369,3.8806503761736053,14.646133333332749,0.9701050998880923,005830
1M_MA20,1M,20,10,2026-06-30,152400.0,126875.0,20.11822660098521,2.999675271959723,low_a,0.04538070456526088,1.4938031351324488,-1.8287301587301112,0.9920308833899949,005830
1d_MA20,1D,20,10,2026-06-15,75900.0,69220.0,9.650390060676095,0.5082038623493546,low_r2,-0.03736945402705905,0.3993671629857379,0.5937219364846278,0.5303062010296125,005850
1w_MA10,1W,10,10,2026-06-21,75900.0,68930.0,10.111707529377622,4.820559610705599,vertex_out,0.17076454332884677,-0.38768038923923887,0.12612571077301393,0.9792668189217537,005850
1w_MA20,1W,20,10,2026-06-21,75900.0,64805.0,17.120592546871393,2.531445297049295,low_a,-0.02016025326726032,2.200242214436434,6.063201536178574,0.9897493062003704,005850
1M_MA10,1M,10,10,2026-06-30,75900.0,55250.0,37.37556561085973,17.828961399018972,vertex_out,0.6075648426880349,0.5211996470547187,-0.047658346752549194,0.996960979320016,005850
1M_MA20,1M,20,10,2026-06-30,75900.0,44070.0,72.22600408441116,10.312891113892375,vertex_out,0.30940251551440756,0.13182187512514873,-0.02366961204170199,0.9983534363379527,005850
1d_MA20,1D,20,10,2026-06-15,5570.0,6286.5,-11.397438956494078,-3.993585827733659,low_a,0.03426101104598724,-2.4504361019292396,3.973476988561126,0.9999451637623811,005870
1w_MA10,1W,10,10,2026-06-21,5570.0,7505.0,-25.78281145902731,-8.442112968159087,low_a,-0.3909536395841888,1.7160639117425265,0.24385726166175223,0.9948844594885964,005870
1w_MA20,1W,20,10,2026-06-21,5570.0,8106.0,-31.285467554897608,-3.0324780190202794,low_a,-0.20356725322795693,1.4646236962708366,0.3997105714986525,0.9904480621253401,005870
1M_MA10,1M,10,10,2026-06-30,5570.0,7782.0,-28.424569519403754,-7.113869658629746,low_a,-0.18545412228900504,0.9987345161539932,0.2991858590825921,0.87983064864822,005870
1M_MA20,1M,20,10,2026-06-30,5570.0,8084.5,-31.102727441400212,-2.4494720965309247,low_a,-0.08423791898645044,1.3569444562259871,0.8949153069153056,0.8659156628607467,005870
1d_MA20,1D,20,10,2026-06-15,2115.0,2225.25,-4.954499494438824,-1.7549668874172197,low_a,0.02466643796650314,-1.4386103696896553,3.24014348665286,0.9968480016025979,005880
1w_MA10,1W,10,10,2026-06-21,2115.0,2414.5,-12.40422447711742,-5.257994898960172,low_a,-0.3108274325986504,3.0289430658434404,0.5413763301463844,0.930666909556448,005880
1w_MA20,1W,20,10,2026-06-21,2115.0,2372.5,-10.853530031612223,0.6597509493200926,low_a,-0.10715020040800607,2.1873344027253987,1.1340956663307293,0.9938272592287095,005880
1M_MA10,1M,10,10,2026-06-30,2115.0,2054.9,2.9247165312180634,4.0455696202531755,vertex_out,0.2586778996304754,0.297669206686104,-0.06392961351878752,0.9733744074763798,005880
1M_MA20,1M,20,10,2026-06-30,2115.0,1862.6,13.550950284548492,1.357712295594915,low_r2,0.13863367417390288,-1.4304632392600818,0.5732386480589526,0.6782312596850203,005880
1d_MA20,1D,20,10,2026-06-15,337000.0,309275.0,8.964513782232642,1.3019980347199533,low_a,-0.09913285734412555,1.720657305444592,0.9642824295164348,0.9712039326922642,005930
1w_MA10,1W,10,10,2026-06-21,337000.0,279300.0,20.658789831722157,10.583204656134937,vertex_out,0.3700816404388727,0.9101943200474579,-0.13663566518399023,0.9979398545942005,005930
1w_MA20,1W,20,10,2026-06-21,337000.0,234120.0,43.94327695199043,8.00138392342291,vertex_out,0.1047124275304383,3.1214754400428713,-1.6561100369313353,0.9993265691134017,005930
1M_MA10,1M,10,10,2026-06-30,337000.0,183050.0,84.10270417918602,38.926836672738304,vertex_out,1.2738192712392005,0.8477451075574042,-0.036973023947140325,0.9973379047574895,005930
1M_MA20,1M,20,10,2026-06-30,337000.0,120760.0,179.06591586618083,28.33838142302991,vertex_out,0.9148894918073245,-1.5468577413774682,0.09393106157321057,0.9934964659819492,005930
1d_MA20,1D,20,10,2026-06-15,216000.0,198295.0,8.928616455281269,1.0240211936724641,low_a,-0.06987431420988052,1.117903387530095,0.8888207985143979,0.9294919308036999,005935
1w_MA10,1W,10,10,2026-06-21,216000.0,184470.0,17.09221011546593,9.380373554699073,vertex_out,0.2794091951213005,1.128278375104421,-0.22433811429517656,0.9991646776761057,005935
1w_MA20,1W,20,10,2026-06-21,216000.0,157785.0,36.895142123776026,6.561085972850678,low_a,0.04836246365727512,2.9825520460713206,-3.4261558109834933,0.999639766779192,005935
1M_MA10,1M,10,10,2026-06-30,216000.0,126700.0,70.48145224940805,31.609016308299577,vertex_out,0.9868962718487332,1.534091028900579,-0.08635890297134359,0.9980017927174161,005935
1M_MA20,1M,20,10,2026-06-30,216000.0,87447.5,147.00534606478172,22.36409431190094,vertex_out,0.7341522249132997,-1.3300455021067958,0.10064863154564048,0.9943644186116797,005935
1d_MA20,1D,20,10,2026-06-15,32700.0,31315.0,4.4228005748043975,-0.6503807106599035,low_a,0.03796311771457755,-1.1172439763815247,1.6349845201238447,0.9856438741136747,005940
1w_MA10,1W,10,10,2026-06-21,32700.0,33245.0,-1.6393442622950838,0.13554216867470714,low_r2,-0.025525395857285933,-0.05129817440568479,-0.11164953499752008,0.6921181781537094,005940
1w_MA20,1W,20,10,2026-06-21,32700.0,33087.5,-1.1711371363808065,2.0667849155548756,low_a,-0.08497525080536887,2.5277630650365044,1.6526139088729144,0.9993016720619196,005940
1M_MA10,1M,10,10,2026-06-30,32700.0,27022.0,21.01250832654873,9.422960113383283,vertex_out,0.2139252484615972,3.6377404232697064,-0.9447070490042216,0.9897980915189505,005940
1M_MA20,1M,20,10,2026-06-30,32700.0,21652.5,51.02182196051264,9.097092759611014,vertex_out,0.22363506907489097,2.3511473327483143,-0.5840734049633933,0.9963324976456844,005940
1d_MA20,1D,20,10,2026-06-15,25150.0,24945.0,0.8218079775506038,-0.7855225216267248,low_a,0.017773926883458045,-0.8411834227867928,2.6292677292679354,0.990987704800212,005945
1w_MA10,1W,10,10,2026-06-21,25150.0,26185.0,-3.9526446438800877,0.21048603138156263,low_r2,-0.05710803201842667,0.42788641952322914,0.4162543675751307,0.5243775680819549,005945
1w_MA20,1W,20,10,2026-06-21,25150.0,25992.5,-3.2413196114263743,1.069310780596866,low_a,-0.07904375146557406,1.916856225644964,1.3472540278178955,0.9992012580640274,005945
1M_MA10,1M,10,10,2026-06-30,25150.0,22444.0,12.056674389591882,7.562541934247102,low_a,0.07746512045550247,4.013085778606037,-2.878059294448837,0.995397228666026,005945
1M_MA20,1M,20,10,2026-06-30,25150.0,18400.5,36.68106844922691,7.576953433307021,vertex_out,0.14563709382986686,2.484130461238885,-0.9476105586659447,0.9984603717732505,005945
1d_MA20,1D,20,10,2026-06-15,15340.0,13590.5,12.872962731319681,4.578507945057897,vertex_out,0.14304915241711813,-0.34326763286946355,0.13331378568882346,0.9774182477994512,005950
1w_MA10,1W,10,10,2026-06-21,15340.0,12413.0,23.58011761862564,14.935185185185196,vertex_out,0.5326284559603708,-0.31163622110035805,0.032505066525684245,0.9925888011816674,005950
1w_MA20,1W,20,10,2026-06-21,15340.0,10452.5,46.75914852906003,6.898138678666399,vertex_out,0.24621884460630633,0.028943193268328282,-0.006530593481359424,0.9902648917492876,005950
1M_MA10,1M,10,10,2026-06-30,15340.0,9990.0,53.553553553553556,21.296745993200574,vertex_out,0.4528810500198834,1.2954078535742697,-0.15890950388228575,0.9822463524771432,005950
1M_MA20,1M,20,10,2026-06-30,15340.0,8010.0,91.51061173533084,8.558650132140677,pass,0.4462032001317593,-4.357714039294126,0.5425672077962259,0.935044610971101,005950
1d_MA20,1D,20,10,2026-06-15,6540.0,6827.0,-4.203896294126263,-2.4923230736270785,low_a,0.07554210760684862,-2.600049044655265,1.9121411054517519,0.998060046191149,005960
1w_MA10,1W,10,10,2026-06-21,6540.0,7927.0,-17.49716159959631,-5.473408061054141,low_a,-0.3296912635188773,1.8858515524449857,0.3177807308970116,0.9766925787517414,005960
1w_MA20,1W,20,10,2026-06-21,6540.0,8169.5,-19.946141134708363,1.251781619879777,low_a,-0.1339164997745338,2.543452616319315,1.055156932616616,0.9982432566863848,005960
1M_MA10,1M,10,10,2026-06-30,6540.0,6817.0,-4.063370984303949,3.9335264522030844,low_a,0.06300789903579618,4.307158604590838,-3.7977236633138878,0.982823379520888,005960
1M_MA20,1M,20,10,2026-06-30,6540.0,5591.75,16.95801850941119,4.8223826038054085,vertex_out,0.2664074113617889,-0.08654391051174122,0.018047527296080636,0.9804782668924996,005960
1d_MA20,1D,20,10,2026-06-15,16810.0,17165.0,-2.0681619574716037,-1.114727655039316,low_a,0.0267992769183629,-1.2043287253436008,2.4966028602858668,0.9957459798755207,005965
1w_MA10,1W,10,10,2026-06-21,16810.0,18616.0,-9.701332187365708,-2.9253793606924927,low_a,-0.10108993794095723,0.3441894915770901,0.18915471520140478,0.963253971324288,005965
1w_MA20,1W,20,10,2026-06-21,16810.0,19146.5,-12.203274749954296,-1.0465657139903883,low_a,0.07984164494868196,-2.005440036072476,1.395428856819902,0.9265427685120834,005965
1M_MA10,1M,10,10,2026-06-30,16810.0,18743.0,-10.31318358853972,-2.476715750039027,low_r2,-0.08699655856558577,0.6271066174156826,0.40046706556591594,0.40476657275674166,005965
1M_MA20,1M,20,10,2026-06-30,16810.0,19103.0,-12.003350259121603,-2.7168792809309172,low_a,-0.008959242252237466,-0.8745808152003277,-5.423206751056501,0.9776472491550076,005965
1d_MA20,1D,20,10,2026-06-15,34400.0,34877.5,-1.3690774854849153,-1.1198525763696954,low_a,-0.0013169458908033264,-0.6729172079314153,-28.387111111086696,0.9954040437404482,006040
1w_MA10,1W,10,10,2026-06-21,34400.0,36945.0,-6.888618216267428,-2.1713226532503627,low_a,-0.007286639374533904,-0.9007557761043598,-6.867636092468798,0.9739248630046765,006040
1w_MA20,1W,20,10,2026-06-21,34400.0,38867.5,-11.494178941274846,-1.8621386188612532,low_a,-0.02427463345538861,-0.447712769163541,-1.0246470524841353,0.997337634915798,006040
1M_MA10,1M,10,10,2026-06-30,34400.0,41210.0,-16.525115263285606,-4.540189946722261,low_a,-0.4151437114339919,3.727294521438778,0.49879574748330124,0.9728204825895768,006040
1M_MA20,1M,20,10,2026-06-30,34400.0,40563.6,-15.194903805382165,1.3774462698485035,low_a,-0.033890389527720784,1.4758045769720962,2.4192446386033155,0.9975948275914273,006040
1d_MA20,1D,20,10,2026-06-15,2780.0,2856.25,-2.669584245076584,-1.6696789740941576,low_a,0.035258544562633214,-1.504337211331316,2.370327265492914,0.9986766914629298,006060
1w_MA10,1W,10,10,2026-06-21,2780.0,3121.5,-10.940253083453467,-4.027671022290546,low_a,-0.1706817405473138,0.6786854012425175,0.22090672612411788,0.9916474915781834,006060
1w_MA20,1W,20,10,2026-06-21,2780.0,3253.0,-14.540424223793424,-1.951623841458816,low_a,-0.0327123646347199,-0.45695837686572777,-0.776054460630336,0.9990186437034945,006060
1M_MA10,1M,10,10,2026-06-30,2780.0,3442.5,-19.244734931009443,-8.480659311444905,low_a,-0.10337245797517133,-2.335530566683459,-1.2551863493489308,0.9973750584766033,006060
1M_MA20,1M,20,10,2026-06-30,2780.0,4031.5,-31.04303609078507,-3.199471757008221,low_a,-0.11649000961199932,0.37619896242161555,0.17941403238242648,0.9744433499239488,006060
1d_MA20,1D,20,10,2026-06-15,8130.0,8098.0,0.3951592985922403,-0.0617055411575973,low_a,0.022303118120105,-0.37848321679895974,0.942776039856305,0.9979792642712634,006090
1w_MA10,1W,10,10,2026-06-21,8130.0,8234.0,-1.2630556230264767,-0.31476997578692156,low_a,0.01639419514338617,-0.39936259369282917,1.3533333333331368,0.9654586251444879,006090
1w_MA20,1W,20,10,2026-06-21,8130.0,8340.0,-2.517985611510787,-0.35247027898919203,low_a,0.034201309398581986,-0.7716092406353076,1.2533783293417462,0.9993975645776794,006090
1M_MA10,1M,10,10,2026-06-30,8130.0,8751.0,-7.096331847788829,-3.856295319709957,low_a,-0.24454757456506201,1.889682792065816,0.42929224517440123,0.9669249774845206,006090
1M_MA20,1M,20,10,2026-06-30,8130.0,8820.5,-7.828354401677906,-1.0267055655296176,low_a,-0.08356366533348257,0.18639328206536052,0.12391967604148789,0.9301109523475622,006090
1d_MA20,1D,20,10,2026-06-15,59300.0,76270.0,-22.249901665137017,-3.687334259376185,low_a,-0.1911231601799051,1.128646472200747,0.3280742204655269,0.9934247947285265,006110
1w_MA10,1W,10,10,2026-06-21,59300.0,70910.0,-16.37286701452545,4.080434463525617,low_a,-0.24654167228691767,9.77875967534706,2.203539958859107,0.9882320089898134,006110
1w_MA20,1W,20,10,2026-06-21,59300.0,52415.0,13.135552799771055,5.974524868580677,low_a,-0.10512561907309118,6.937494249194541,3.66624568374246,0.9929769776649425,006110
1M_MA10,1M,10,10,2026-06-30,59300.0,39845.0,48.82670347596938,26.231585616980823,pass,1.598194839078935,-8.651837517229954,0.30075033912831256,0.9870273624298295,006110
1M_MA20,1M,20,10,2026-06-30,59300.0,33478.0,77.13125037337953,4.7070966127670255,pass,0.971047789229609,-12.455183637001815,0.712585574237361,0.9891906351187901,006110
1d_MA20,1D,20,10,2026-06-15,46450.0,48565.0,-4.354988160197671,-1.5956638468162754,low_a,0.029378344590149888,-1.501461391924819,2.839320014020418,0.9913858729028777,006120
1w_MA10,1W,10,10,2026-06-21,46450.0,53110.0,-12.540011297307474,-3.2516622643227966,low_a,-0.1183334675363019,0.06449123654615913,0.030277541505216905,0.9823805997085726,006120
1w_MA20,1W,20,10,2026-06-21,46450.0,55090.0,-15.683427119259397,-2.465365378657103,low_a,-0.09549509586475442,0.14855195368108282,0.0864220957200139,0.9891359334588737,006120
1M_MA10,1M,10,10,2026-06-30,46450.0,55125.0,-15.736961451247167,-2.104421949920088,low_a,-0.4608584072035972,6.299875113017142,0.759437294326425,0.9883986540212754,006120
1M_MA20,1M,20,10,2026-06-30,46450.0,49497.5,-6.156876609929796,2.851948051948061,low_a,0.011653871292503101,1.61932806495993,-7.719552414606156,0.9978457496950232,006120
1d_MA20,1D,20,10,2026-06-15,38500.0,39095.0,-1.5219337511190645,-0.6480304955527316,low_a,0.021791607426657346,-0.7738863020040254,1.9729468599032556,0.995000146645474,006125
1w_MA10,1W,10,10,2026-06-21,38500.0,40445.0,-4.808999876375319,-0.7362866609399887,low_a,-0.08964539355864448,0.9135820268856053,0.5661702741702789,0.9226467641639174,006125
1w_MA20,1W,20,10,2026-06-21,38500.0,40032.5,-3.8281396365453024,-0.14342728860065046,low_a,-0.040035743153412795,0.47308508329802856,0.6564760026298608,0.950429973221213,006125
1M_MA10,1M,10,10,2026-06-30,38500.0,39020.0,-1.332649923116347,1.0226537216828424,low_a,-0.15076558251732652,2.3641987408042726,0.8711827480521404,0.9865182453006122,006125
1M_MA20,1M,20,10,2026-06-30,38500.0,37017.5,4.004862565003031,2.0187405263883074,low_a,0.008610881844155363,0.8962483938833292,-5.782401656313375,0.9981854601369877,006125
1d_MA20,1D,20,10,2026-06-15,2475.0,2890.25,-14.367269267364414,-5.011913565031634,low_a,-0.01934407311604361,-2.254328520831382,-6.474358974359394,0.9993423421115967,006200
1w_MA10,1W,10,10,2026-06-21,2475.0,3387.5,-26.937269372693727,-8.56950067476383,low_a,-0.5044574260683288,2.7745693177102715,0.3055614446478863,0.9852220403399212,006200
1w_MA20,1W,20,10,2026-06-21,2475.0,3643.25,-32.0661497289508,-2.292993630573248,low_a,-0.17696955806991418,1.6721440161973533,0.5249314673207337,0.970180716739304,006200
1M_MA10,1M,10,10,2026-06-30,2475.0,3493.5,-29.154143409188492,-5.261016949152541,low_r2,-0.02608856112040754,0.3550165333604837,0.7560072267389575,0.048687289157295144,006200
1M_MA20,1M,20,10,2026-06-30,2475.0,3532.25,-29.931346875221177,-3.0533827363798505,vertex_out,0.10398018325086533,-1.982279032639219,1.0591115487718146,0.9504705072849382,006200
1d_MA20,1D,20,10,2026-06-15,12290.0,10927.0,12.473689027180379,0.48740114033474224,pass,0.13053133664088548,-1.5337820695647355,0.6527943187331833,0.9797093314733898,006220
1w_MA10,1W,10,10,2026-06-21,12290.0,11853.0,3.686830338310987,-0.5287009063444148,vertex_out,0.1591017097291696,-3.5607093194553454,1.2433378921629414,0.9911842198072477,006220
1w_MA20,1W,20,10,2026-06-21,12290.0,13082.0,-6.054120165112364,-0.7586102260658478,low_a,-0.0504575812022468,0.30642578797899234,0.3373854727496085,0.9421423561474134,006220
1M_MA10,1M,10,10,2026-06-30,12290.0,12785.0,-3.871724677356281,-4.439793706555051,low_a,-0.5037007442281228,6.280629072528347,0.6927205118534838,0.9348590129195555,006220
1M_MA20,1M,20,10,2026-06-30,12290.0,11619.0,5.775023668129786,2.19446765469018,vertex_out,0.13451380375859195,-0.5561162139412495,0.22968159665163654,0.9155725858980628,006220
1d_MA20,1D,20,10,2026-06-15,419500.0,457850.0,-8.376105711477555,-2.3044916248799785,low_a,-0.0373969389522758,-0.9369757210566824,-1.3919376340347094,0.990807436384975,006260
1w_MA10,1W,10,10,2026-06-21,419500.0,440300.0,-4.724051782875316,5.87952386677888,low_a,-0.1992224187744706,7.136032604647423,1.989968088192635,0.993145723546546,006260
1w_MA20,1W,20,10,2026-06-21,419500.0,351875.0,19.218472468916524,5.217911340360315,low_a,-0.14239642720938162,5.599188106803975,2.1845070977529417,0.9954248084359465,006260
1M_MA10,1M,10,10,2026-06-30,419500.0,284280.0,47.565780216687784,22.102912120951814,vertex_out,0.6711282387324099,1.5250316658830974,-0.12624112136597299,0.9954763576582637,006260
1M_MA20,1M,20,10,2026-06-30,419500.0,209985.0,99.77617448865395,17.902863559797865,vertex_out,0.6506117918167337,-0.7641558961310245,0.06525105427626617,0.9885305607922217,006260
1d_MA20,1D,20,10,2026-06-15,129800.0,132570.0,-2.089462170928569,-1.0006720931969193,low_a,-0.016625268351389787,-0.31384594819577255,-1.0487581699346646,0.9941416016672626,006280
1w_MA10,1W,10,10,2026-06-21,129800.0,137150.0,-5.359095880422893,-2.049707184687899,low_a,0.09202924672190282,-2.1466600265353737,1.2958803272991792,0.9858823906234563,006280
1w_MA20,1W,20,10,2026-06-21,129800.0,146945.0,-11.667630746197554,-2.3329234654880238,low_a,-0.045839932649585496,-0.32763358397615217,-0.3970744441444437,0.9906693228060214,006280
1M_MA10,1M,10,10,2026-06-30,129800.0,143870.0,-9.779662195037186,-0.2634315424610012,low_r2,0.005514770035736088,1.2272475952858988,-12.363239358760907,0.7839551489948346,006280
1M_MA20,1M,20,10,2026-06-30,129800.0,140375.0,-7.533392698130004,-1.4981404813697252,low_a,-0.15907539548328098,2.060778361825844,0.7197070698474879,0.8601960116389025,006280
1d_MA20,1D,20,10,2026-06-15,10690.0,12176.0,-12.20433639947438,-3.5869823422282066,low_a,0.029356571094312944,-2.6958898674598832,5.101810385898275,0.9946721432086855,006340
1w_MA10,1W,10,10,2026-06-21,10690.0,12067.0,-11.411286981022627,9.391714259813245,low_a,-0.4176066561407815,12.095812848303757,1.6091448562951163,0.9955198763121579,006340
1w_MA20,1W,20,10,2026-06-21,10690.0,8647.75,23.615969471827935,8.663965067697044,low_a,-0.23393172424947323,9.122365047343822,2.166435782969309,0.9945657044253391,006340
1M_MA10,1M,10,10,2026-06-30,10690.0,6741.5,58.570051175554404,33.38939453897902,vertex_out,1.8148151453060497,-6.411485503972914,0.1962699286651247,0.983795488929924,006340
1M_MA20,1M,20,10,2026-06-30,10690.0,4838.5,120.93624057042472,21.12905244711478,vertex_out,0.9166881339720582,-2.7557683579227557,0.16701235287451252,0.962815514638868,006340
1d_MA20,1D,20,10,2026-06-15,12350.0,13203.0,-6.460652881920781,-5.756807880366899,low_a,-0.24498539115590462,-0.4362831559082403,-0.09893632020934963,0.9830815925036578,006345
1w_MA10,1W,10,10,2026-06-21,12350.0,12265.5,0.6889242183359734,14.470368642090525,low_a,-0.19520029320798785,14.226536521895234,4.048985414500126,0.9836612119888413,006345
1w_MA20,1W,20,10,2026-06-21,12350.0,8091.5,52.62930235432244,10.84246575342467,low_a,-0.1343277159576618,10.009279082812412,4.139659907055301,0.9823809825154309,006345
1M_MA10,1M,10,10,2026-06-30,12350.0,6360.5,94.16712522600426,42.10232350312779,pass,1.569301319760248,-9.125311165811404,0.3230493245946028,0.9337581939136458,006345
1M_MA20,1M,20,10,2026-06-30,12350.0,5117.25,141.3405637793737,22.21028121081856,low_r2,0.7906158196655676,-5.456306045247727,0.3834075996014064,0.7922050679773577,006345
1d_MA20,1D,20,10,2026-06-15,30250.0,29157.5,3.7468918803052365,-1.5198851642320377,low_a,0.04327288124082755,-1.84612163430762,2.370129052565223,0.9920979970402556,006360
1w_MA10,1W,10,10,2026-06-21,30250.0,33655.0,-10.11736740454613,-1.7085280373831724,low_a,-0.486178486048452,6.627695454869148,0.7573459410780902,0.9950808533648396,006360
1w_MA20,1W,20,10,2026-06-21,30250.0,29443.5,2.739144463124288,3.714466870971145,low_a,-0.12791627884857132,3.6278019149721716,1.5755973566927937,0.9989026257297353,006360
1M_MA10,1M,10,10,2026-06-30,30250.0,24118.0,25.42499378057883,10.405127031357297,vertex_out,0.45043110545817683,-1.2600685472661257,0.15541512860272785,0.9800139317309006,006360
1M_MA20,1M,20,10,2026-06-30,30250.0,21473.5,40.8713064940508,6.086505446730728,vertex_out,0.22284585676970523,-0.05969067914971202,0.014880908668082901,0.9922483129559063,006360
1d_MA20,1D,20,10,2026-06-15,4545.0,5021.25,-9.484690067214341,-0.4263546675920882,low_a,0.04990321866927846,-1.1190686381234847,1.2458210422812404,0.9953258403298622,006370
1w_MA10,1W,10,10,2026-06-21,4545.0,5344.5,-14.959303957339321,-3.2669683257918525,low_a,-0.19503744915747448,2.2545092573935133,0.6421869996797978,0.9269196257250558,006370
1w_MA20,1W,20,10,2026-06-21,4545.0,5191.25,-12.448832169516011,-0.4649602147445142,low_a,0.016017392290614652,-0.4099298019745382,1.4218218218216854,0.9605910025685225,006370
1M_MA10,1M,10,10,2026-06-30,4545.0,5452.5,-16.643741403026134,-5.272758860319671,low_a,0.035725359289037244,-3.6145057207407976,5.620821661998189,0.9598890784703151,006370
1M_MA20,1M,20,10,2026-06-30,4545.0,6222.75,-26.961552368325904,-4.3536735321241915,low_a,0.009818295699160241,-1.7215214003399129,9.741006049027625,0.993548438337532,006370
1d_MA20,1D,20,10,2026-06-15,3660.0,3660.0,0.0,0.0,low_r2,-1.4470981259389326e-16,5.8878488079020156e-15,2.260404499783836,0.0,006380
1w_MA10,1W,10,10,2026-06-21,3660.0,3660.0,0.0,0.0,low_r2,-1.4470981259389326e-16,5.8878488079020156e-15,2.260404499783836,0.0,006380
1w_MA20,1W,20,10,2026-06-21,3660.0,3660.0,0.0,0.0,low_r2,-1.4470981259389326e-16,5.8878488079020156e-15,2.260404499783836,0.0,006380
1M_MA10,1M,10,10,2026-06-30,3660.0,3660.0,0.0,0.0,low_r2,-1.4470981259389326e-16,5.8878488079020156e-15,2.260404499783836,0.0,006380
1M_MA20,1M,20,10,2026-06-30,3660.0,3660.0,0.0,0.0,low_r2,-1.4470981259389326e-16,5.8878488079020156e-15,2.260404499783836,0.0,006380
1d_MA20,1D,20,10,2026-06-15,553000.0,590350.0,-6.326755314643851,-1.4851898206090897,low_a,0.0007487527002469195,-1.1564072877292175,85.80249433104356,0.9900182153183642,006400
1w_MA10,1W,10,10,2026-06-21,553000.0,613600.0,-9.876140808344203,2.8925966294961025,low_a,-0.19259019244986994,5.754892605897329,1.6600858632321327,0.9952925925560794,006400
1w_MA20,1W,20,10,2026-06-21,553000.0,513625.0,7.666098807495736,3.308694121788114,low_a,-0.1393239381244075,4.9905872570376815,1.9900015126304673,0.9959562409662656,006400
1M_MA10,1M,10,10,2026-06-30,553000.0,429600.0,28.724394785847295,24.05428818943114,vertex_out,1.11179727772726,-0.7891033330595144,0.039430816154252424,0.9950220210449169,006400
1M_MA20,1M,20,10,2026-06-30,553000.0,316718.4,74.60305432207284,9.513932651288236,pass,0.6325982918037744,-4.168675049578563,0.36609814049538725,0.9730828603774687,006400
1d_MA20,1D,20,10,2026-06-15,252500.0,275000.0,-8.18181818181818,-2.395740905057675,low_a,0.029062844156799276,-1.8789000150715223,3.5916420845624484,0.9977462495401308,006405
1w_MA10,1W,10,10,2026-06-21,252500.0,289850.0,-12.885975504571334,1.328439084076205,low_a,-0.23271527332384043,4.639830760776929,1.1076555995532558,0.9949374612030976,006405
1w_MA20,1W,20,10,2026-06-21,252500.0,256925.0,-1.7222924978106402,1.631724683544311,low_a,-0.17148026130730357,4.168858501460984,1.3506117165643805,0.9950627077711982,006405
1M_MA10,1M,10,10,2026-06-30,252500.0,224620.0,12.412073724512517,14.87751240218893,vertex_out,0.7166115472923559,1.0668199454157785,-0.08270558152357203,0.9911419474296927,006405
1M_MA20,1M,20,10,2026-06-30,252500.0,173767.8,45.30885468999435,4.13279451505606,pass,0.3933285582765869,-2.9666875372788097,0.4190287504559212,0.9358726226798215,006405
1d_MA20,1D,20,10,2026-06-15,317.0,337.75,-6.143597335307183,-2.763782927882541,low_a,0.03270482298127558,-2.2674449795517293,3.8516999649492822,0.994728192774233,006490
1w_MA10,1W,10,10,2026-06-21,317.0,389.4,-18.592706728299945,-8.030231459612658,low_r2,-0.051970467036442855,-0.44868137819532383,-0.4796328502415488,0.7512682789956978,006490
1w_MA20,1W,20,10,2026-06-21,317.0,422.0,-24.881516587677723,-8.578856152513003,low_a,-0.14586834173534768,-1.842972616458257,-0.7019163059163177,0.9978275044809823,006490
1M_MA10,1M,10,10,2026-06-30,317.0,530.0,-40.18867924528302,-20.65868263473054,low_a,0.02769466654641302,-10.445072081292581,20.95283513601971,0.9961556867496532,006490
1M_MA20,1M,20,10,2026-06-30,317.0,963.25,-67.09057876978977,-9.537002253944404,low_a,-0.14460626000766963,-1.4793942093612469,-0.5683610597658554,0.9963149071205472,006490
1d_MA20,1D,20,10,2026-06-15,1910.0,1900.7,0.4892934182143316,-0.2702206364614157,low_a,0.009271748585964586,-0.3772094153197769,2.260207816743376,0.9947651981761297,006570
1w_MA10,1W,10,10,2026-06-21,1910.0,1942.7,-1.6832243784423717,-1.0945932186131713,low_a,-0.0191209386292535,-0.45312265962743004,-1.3165400286311977,0.9891721944545477,006570
1w_MA20,1W,20,10,2026-06-21,1910.0,2000.1,-4.504774761261931,-1.149084439172654,low_a,-0.0003574776290490266,-0.756248507301746,-117.52849002880144,0.9949318245206041,006570
1M_MA10,1M,10,10,2026-06-30,1910.0,2200.9,-13.217320187196147,-8.123565017741596,low_a,-0.2916800076348592,0.7552353966028676,0.14384778159364747,0.9993370828149312,006570
1M_MA20,1M,20,10,2026-06-30,1910.0,2419.95,-21.072749436971826,-3.788887784514472,low_a,-0.08198959565927755,-0.8137119955642027,-0.5513653483992237,0.995803330046688,006570
1d_MA20,1D,20,10,2026-06-15,141500.0,128190.0,10.38302519697325,-0.9924695887236878,vertex_out,0.1051136363636357,-2.609569964349359,1.37923217334982,0.9945908130166342,006650
1w_MA10,1W,10,10,2026-06-21,141500.0,145880.0,-3.002467781738416,-1.432432432432429,low_r2,-0.0642909869351289,0.4685985035020587,0.40492845786963844,0.5996423325249498,006650
1w_MA20,1W,20,10,2026-06-21,141500.0,146700.0,-3.5446489434219464,-1.6854873839761364,low_a,-0.13809743920293788,1.11375977255279,0.44805713470668834,0.9442945771583167,006650
1M_MA10,1M,10,10,2026-06-30,141500.0,145930.0,-3.035702048927569,3.2109767310276593,low_a,-0.05890159947511868,5.762625179952814,5.4352657004832015,0.9858877992820458,006650
1M_MA20,1M,20,10,2026-06-30,141500.0,118130.0,19.783289596207567,1.9812664565977522,vertex_out,0.13836619483675153,-0.09976724944812942,0.040057652636034925,0.9678863230382027,006650
1d_MA20,1D,20,10,2026-06-15,12160.0,13156.0,-7.5706901793858306,-0.7543753771876882,low_a,-0.05294665999778634,0.059105674934433056,0.06201805000741859,0.9193588919316502,006660
1w_MA10,1W,10,10,2026-06-21,12160.0,12990.0,-6.389530408006161,0.6352649519677733,vertex_out,0.13451552574578993,-0.5528527787288342,0.2283308420528127,0.8586071451567251,006660
1w_MA20,1W,20,10,2026-06-21,12160.0,12739.5,-4.548844146159581,-1.3550660110728252,low_a,0.0344577127584021,-0.6824614509087693,1.1003204222033625,0.8728658833128231,006660
1M_MA10,1M,10,10,2026-06-30,12160.0,13607.0,-10.63423238039245,1.1221759809750376,low_r2,-0.05467075282144722,-0.0809236210590894,-0.08223330562481831,0.5353755745606326,006660
1M_MA20,1M,20,10,2026-06-30,12160.0,13444.0,-9.550728949717346,2.2124230213639517,low_r2,-0.14539033625326797,1.5820911449498247,0.6045377895275131,0.5240308541218968,006660
1d_MA20,1D,20,10,2026-06-15,5550.0,6179.5,-10.186908325916333,-2.013795290573217,low_a,0.005850828951772431,-1.0524499230536932,9.993360026691105,0.9998837932580037,006740
1w_MA10,1W,10,10,2026-06-21,5550.0,6522.7,-14.91253621966363,-2.8014961181396902,low_r2,0.03282517309462044,-1.0154266149873563,1.7185770676336505,0.7136940291615427,006740
1w_MA20,1W,20,10,2026-06-21,5550.0,6937.55,-20.000576572421103,-5.632749110743839,low_a,-0.06502125579610701,-1.4419235549606546,-1.2320104123439122,0.9975640790430292,006740
1M_MA10,1M,10,10,2026-06-30,5550.0,8385.9,-33.817479340321256,-11.856336518147137,low_a,-0.2759083964563748,-1.194343483412485,-0.24048712035347342,0.9964572932028836,006740
1M_MA20,1M,20,10,2026-06-30,5550.0,10271.05,-45.96462873805501,-8.340026415363756,vertex_out,0.1359140616415956,-5.45709039100893,2.230613114843455,0.99930382741347,006740
1d_MA20,1D,20,10,2026-06-15,51600.0,59825.0,-13.748432929377351,-3.3365648731620623,low_a,-0.038090823404723535,-1.496819670572056,-2.183115011233971,0.9905603412244556,006800
1w_MA10,1W,10,10,2026-06-21,51600.0,64080.0,-19.475655430711612,-3.855963990997746,low_a,-0.18641062197125738,1.2018367532855312,0.3581808150726406,0.9394714987144701,006800
1w_MA20,1W,20,10,2026-06-21,51600.0,64630.9,-20.162027760715073,2.108012120714231,low_a,-0.22482134629401834,5.264979710290034,1.301028027878477,0.9961178698336964,006800
1M_MA10,1M,10,10,2026-06-30,51600.0,44610.1,15.66887319239365,20.186165555331037,vertex_out,0.7937000402457128,6.13360205747395,-0.42932550407100034,0.9883648193654728,006800
1M_MA20,1M,20,10,2026-06-30,51600.0,28777.75,79.30519237952933,19.91778447280803,vertex_out,0.851572910461279,3.67451222729583,-0.23972059899430523,0.990918278107435,006800
1d_MA20,1D,20,10,2026-06-15,15310.0,17198.0,-10.978020700081403,-3.31412508784259,low_a,0.01643553369609457,-2.2682039890946615,7.667005833672693,0.9937071758191616,006805
1w_MA10,1W,10,10,2026-06-21,15310.0,19389.0,-21.037701789674557,-5.5715190181658825,low_a,-0.17121807059497235,-0.3992420334990635,-0.12954306105129942,0.993240463945944,006805
1w_MA20,1W,20,10,2026-06-21,15310.0,20968.6,-26.98606487796037,-1.121825855280223,low_a,-0.2606630197609399,3.4491960699140436,0.735133062065553,0.9957509062098412,006805
1M_MA10,1M,10,10,2026-06-30,15310.0,16392.9,-6.605908655576509,9.820459569906891,vertex_out,0.10421810181454909,9.784162472921455,-5.215644618016702,0.982813600652863,006805
1M_MA20,1M,20,10,2026-06-30,15310.0,11169.1,37.074607622816515,12.004612916165257,vertex_out,0.30547034531918205,6.0990859137855296,-1.1092340435447856,0.9894350384317091,006805
1d_MA20,1D,20,10,2026-06-15,6790.0,7174.5,-5.3592584849118445,-1.7528243752139683,low_a,0.022156361154447572,-1.2210757168504933,3.061763587989267,0.9994398981738373,006840
1w_MA10,1W,10,10,2026-06-21,6790.0,7666.0,-11.427080615705709,-4.485422377273862,low_a,-0.1574255806346091,0.5646876022244076,0.19927849927850094,0.9764678726096875,006840
1w_MA20,1W,20,10,2026-06-21,6790.0,7958.5,-14.682415027957529,-1.7287151941717593,low_a,-0.039016024181254966,-0.22730874206426618,-0.32366863905323207,0.9956373105133517,006840
1M_MA10,1M,10,10,2026-06-30,6790.0,8493.0,-20.051807370775933,-9.658546963089032,low_a,-0.27269690136139396,-0.13014889562122334,-0.026514764799607307,0.9991335678054195,006840
1M_MA20,1M,20,10,2026-06-30,6790.0,9668.0,-29.768307819611085,-5.549042594763575,low_a,0.045747119864912165,-3.1482649999109173,3.823270440251526,0.9994305890997313,006840
1d_MA20,1D,20,10,2026-06-15,5260.0,5659.75,-7.063032819470827,-2.016879463319632,low_a,0.043173488014330866,-1.6532749549105177,2.127430810678349,0.9998917919837952,006880
1w_MA10,1W,10,10,2026-06-21,5260.0,6253.0,-15.880377418838954,-5.984062546985413,low_a,-0.2559385022969287,0.9992095399557946,0.21689445163765578,0.9987599709049922,006880
1w_MA20,1W,20,10,2026-06-21,5260.0,6632.5,-20.69355446664154,-2.341161746300524,low_a,-0.10011456147287635,0.35868231825874786,0.19903993151104216,0.998209177717088,006880
1M_MA10,1M,10,10,2026-06-30,5260.0,6592.0,-20.20631067961165,-4.863616683504112,low_a,-0.1961369959165332,1.0745183933880231,0.30435597333579145,0.9883510821848092,006880
1M_MA20,1M,20,10,2026-06-30,5260.0,6822.5,-22.90216196408941,-3.082605298671781,low_a,0.014444252209093894,-0.9327475617144646,3.5875383670960983,0.9423222803376718,006880
1d_MA20,1D,20,10,2026-06-15,6460.0,7140.0,-9.523809523809524,-2.2252653200958594,low_a,0.02054679730506707,-1.390507651255124,3.7597307221538756,0.9996702527433226,006890
1w_MA10,1W,10,10,2026-06-21,6460.0,7771.0,-16.870415647921753,-6.045218232378192,low_a,-0.3104020731696881,1.6395713477317921,0.2934493837817114,0.9919279784050948,006890
1w_MA20,1W,20,10,2026-06-21,6460.0,8125.5,-20.49720017229709,-1.1796898753420493,low_a,-0.05825774752263346,0.3371601118548888,0.32152148206544473,0.9858141028130281,006890
1M_MA10,1M,10,10,2026-06-30,6460.0,8151.0,-20.745920745920742,-7.30126236779256,low_a,0.060780036490327496,-3.819806230375932,3.491466433668209,0.9956559017856241,006890
1M_MA20,1M,20,10,2026-06-30,6460.0,9626.5,-32.893575027268476,-3.864782543566181,vertex_out,0.10153143364667733,-3.2320958627974363,1.768525025376715,0.9933015631497707,006890
1d_MA20,1D,20,10,2026-06-15,18120.0,19104.0,-5.150753768844218,-2.3961579727175164,low_a,0.024787499204225447,-1.6262931760546422,3.644967172667541,0.9988089321319444,006980
1w_MA10,1W,10,10,2026-06-21,18120.0,20839.0,-13.047651038917419,-3.3979232338216203,low_a,-0.2348640682463792,1.7335417056251765,0.41005792522380347,0.983139489601048,006980
1w_MA20,1W,20,10,2026-06-21,18120.0,20892.0,-13.268236645605969,0.6819112792462834,low_a,-0.10949857465436533,1.9976590593026164,1.013538844687792,0.9978018335298641,006980
1M_MA10,1M,10,10,2026-06-30,18120.0,18606.0,-2.6120606256046397,1.6554663169972228,low_a,0.07683907976270106,1.1413360938272625,-0.8251993772439777,0.9740169482375675,006980
1M_MA20,1M,20,10,2026-06-30,18120.0,17288.0,4.812586765386406,1.194099742449084,pass,0.19140622219242573,-1.4108912742371562,0.4095104520161866,0.8776904263839427,006980
1d_MA20,1D,20,10,2026-06-15,24850.0,25557.5,-2.768267631810628,-1.1219653738272606,low_a,-0.0618826125811901,0.33018872047882547,0.2964292721208574,0.9745176675810566,007070
1w_MA10,1W,10,10,2026-06-21,24850.0,25175.0,-1.2909632571996066,2.3582028867656035,low_a,-0.005340377012977376,2.2059545954940347,22.948386000687236,0.9547967170403288,007070
1w_MA20,1W,20,10,2026-06-21,24850.0,23114.0,7.510599636583892,1.348299826803756,low_a,0.005056140094402251,1.040611806981995,-11.433972551227322,0.9662280947049641,007070
1M_MA10,1M,10,10,2026-06-30,24850.0,21598.0,15.056949717566436,9.025744573447758,vertex_out,0.1560909396570752,2.2991362732668303,-0.8183036968057529,0.997636767338301,007070
1M_MA20,1M,20,10,2026-06-30,24850.0,18806.5,32.13516603302049,3.7703054648185796,low_a,0.0820729605459052,0.4789756704366943,-0.324220782237066,0.99427626250659,007070
1d_MA20,1D,20,10,2026-06-15,1146.0,1173.05,-2.305954562891599,-2.9976019184652314,low_a,0.065826752133726,-2.7529630154289277,2.3234078059229097,0.9978713219011003,007110
1w_MA10,1W,10,10,2026-06-21,1146.0,1396.1,-17.91418952797077,-5.954866958571914,low_a,-0.1533316988280766,-0.6568716421471275,-0.23799950882362186,0.9985272948993573,007110
1w_MA20,1W,20,10,2026-06-21,1146.0,1538.65,-25.51912390732136,-2.9977304249148906,low_a,-0.12073640601130997,0.16512653987025225,0.07598119707653973,0.99314718983453,007110
1M_MA10,1M,10,10,2026-06-30,1146.0,1590.5,-27.94718641936498,-11.722262307820397,low_a,-0.24868571352546068,-0.6976068835793647,-0.15584304151297176,0.9885859424611303,007110
1M_MA20,1M,20,10,2026-06-30,1146.0,1846.0,-37.91982665222102,-1.6175020651797323,low_a,-0.17768506718447127,2.6825126737234988,0.8387226019325948,0.9769577507678279,007110
1d_MA20,1D,20,10,2026-06-15,1291.0,1348.75,-4.281742354031515,-2.381210871059969,low_a,0.05218794620758878,-2.3769940885691248,2.5303779270686584,0.9974954227664875,007120
1w_MA10,1W,10,10,2026-06-21,1291.0,1605.0,-19.563862928348907,-7.375346260387805,low_a,-0.7310068103087523,5.788036673635714,0.43988316995835786,0.9451467173311497,007120
1w_MA20,1W,20,10,2026-06-21,1291.0,1600.55,-19.340226797038518,1.464388728644317,low_a,-0.2299687739207073,4.005552500892469,0.9676561330485421,0.9969931709315072,007120
1M_MA10,1M,10,10,2026-06-30,1291.0,1229.5,5.002033346888979,5.310492505353315,vertex_out,0.49334991152367974,-0.9522542868067709,0.10723223962951955,0.958398171482395,007120
1M_MA20,1M,20,10,2026-06-30,1291.0,1093.0,18.115279048490397,1.5799256505576231,pass,0.32396440308183566,-2.0292918975747276,0.3479963776318753,0.8606139456068627,007120
1d_MA20,1D,20,10,2026-06-15,44400.0,45392.5,-2.186484551412682,-1.5133434584508554,low_a,0.005576670950512501,-1.0386879448444595,10.347550776577387,0.9978554945492037,007160
1w_MA10,1W,10,10,2026-06-21,44400.0,49130.0,-9.627518827600245,-3.4299754299754293,low_a,-0.009374520539788449,-1.4539094183732586,-8.616200169635963,0.9896319785999074,007160
1w_MA20,1W,20,10,2026-06-21,44400.0,53475.0,-16.97054698457223,-2.6266672736377283,low_a,-0.0652649758017549,-0.1688205465541429,-0.14370524370524246,0.9976835121222859,007160
1M_MA10,1M,10,10,2026-06-30,44400.0,51630.0,-14.003486345148175,-2.058237693256193,low_a,-0.4598452891590369,6.248886063120103,0.7549502952936433,0.9464640356348233,007160
1M_MA20,1M,20,10,2026-06-30,44400.0,46980.0,-5.4916985951468655,-4.410193804364415,low_a,-0.2784592274582711,3.1084541451557515,0.6201694177255314,0.8830057753653981,007160
1d_MA20,1D,20,10,2026-06-15,1644.0,1679.65,-2.1224659899383824,-1.3595254874324558,low_a,0.055342000877730134,-1.7042949263502891,1.7108714893249521,0.9985419926938421,007210
1w_MA10,1W,10,10,2026-06-21,1644.0,1874.8,-12.310646468956687,-2.9204639602319893,low_a,-0.18335732082168224,1.2225204436529842,0.37041227544558675,0.9737449205018418,007210
1w_MA20,1W,20,10,2026-06-21,1644.0,1893.2,-13.162898795689838,-0.2423859205395673,low_a,-0.0785392887134422,1.0019979896194928,0.7087733526842245,0.9841725122934468,007210
1M_MA10,1M,10,10,2026-06-30,1644.0,1814.2,-9.381545584830786,-5.5005729763517035,low_a,-0.03645917084439221,-1.4314672193495064,-2.181233275159905,0.9833422443182334,007210
1M_MA20,1M,20,10,2026-06-30,1644.0,1965.5,-16.357161027728317,-1.9480681449701942,low_a,0.0662129269098737,-1.3923124211165263,1.1682113096633806,0.9724033017843892,007210
1d_MA20,1D,20,10,2026-06-15,2260.0,2328.25,-2.9313862342961405,-1.313976899438385,low_a,0.0915769638360442,-2.138068478039644,1.297068357998584,0.9992190577528406,007280
1w_MA10,1W,10,10,2026-06-21,2260.0,2601.5,-13.127042091101293,-5.39655987490455,low_a,-0.2588680736393435,1.3561599319401918,0.29104484528319624,0.9981259355102957,007280
1w_MA20,1W,20,10,2026-06-21,2260.0,2703.15,-16.393836820006292,-1.9549881213616005,low_a,-0.07704494667856925,0.04755136807281643,0.03428833148179527,0.9894107180770065,007280
1M_MA10,1M,10,10,2026-06-30,2260.0,2826.2,-20.033967872054347,-5.192888292519293,low_a,-0.019474064653498702,-1.3375440863624874,-3.8157419172666565,0.9724091973818699,007280
1M_MA20,1M,20,10,2026-06-30,2260.0,3019.15,-25.144494311312794,-2.423929027358074,low_a,0.016215332668410718,-0.9612893197084117,3.2934854497349733,0.9819604674927053,007280
1d_MA20,1D,20,10,2026-06-15,335500.0,336375.0,-0.2601263470828674,-0.6424457244129322,low_a,0.012404148256589465,-0.5673585584534178,2.5410789408562904,0.9951755881277082,007310
1w_MA10,1W,10,10,2026-06-21,335500.0,350050.0,-4.156549064419368,-1.6160764474423828,low_a,0.0025608253508767127,-0.7547954329090965,16.374829931961152,0.9888868892334789,007310
1w_MA20,1W,20,10,2026-06-21,335500.0,363600.0,-7.728272827282723,-1.5167930660888396,low_a,-0.035549925677089776,-0.19342909667410652,-0.3022808267997188,0.9985985550353825,007310
1M_MA10,1M,10,10,2026-06-30,335500.0,375100.0,-10.557184750733139,-2.911867477675678,low_a,-0.10014216984344881,0.31931906042859165,0.1771476275111783,0.990062142306821,007310
1M_MA20,1M,20,10,2026-06-30,335500.0,385925.0,-13.066010235149317,-2.2603520324173787,low_a,-0.06110549873816022,-0.10030382486369822,-0.09119367045064196,0.9967048853006589,007310
1d_MA20,1D,20,10,2026-06-15,43850.0,43442.5,0.9380215227024147,-1.2670454545454568,low_a,0.02461863721272613,-1.2274819019521563,2.769992441421198,0.9930222416125376,007340
1w_MA10,1W,10,10,2026-06-21,43850.0,44855.0,-2.240552892654113,2.654765991532204,low_a,-0.34283985019670393,6.378846190624578,1.0336614711512164,0.9744771024985753,007340
1w_MA20,1W,20,10,2026-06-21,43850.0,38602.5,13.593679165857143,4.521762675150609,low_a,-0.0555051231837444,3.5311994131398747,3.534407887448692,0.996680154076643,007340
1M_MA10,1M,10,10,2026-06-30,43850.0,32170.0,36.30711843332297,11.39196675900278,vertex_out,0.5552220484001685,-0.8437096430469809,0.0844216437047392,0.9879880512017928,007340
1M_MA20,1M,20,10,2026-06-30,43850.0,27083.0,61.90968504227745,9.90139187598913,vertex_out,0.36832897030105394,0.10959833881195372,-0.01653086531772783,0.995489136270621,007340
1d_MA20,1D,20,10,2026-06-15,3240.0,3717.0,-12.832929782082324,-7.352941176470584,low_a,-0.6468686919767183,6.029000098457343,0.5177935708880341,0.967692403530055,007460
1w_MA10,1W,10,10,2026-06-21,3240.0,2796.4,15.863252753540259,26.84962576547971,vertex_out,0.8661198614469633,14.194246563405441,-0.910462037211708,0.9765138439728442,007460
1w_MA20,1W,20,10,2026-06-21,3240.0,1593.15,103.37068072686186,19.314735068339274,vertex_out,0.5978400617125232,8.537046993462516,-0.7933231961188931,0.9713974722552323,007460
1M_MA10,1M,10,10,2026-06-30,3240.0,1150.9,181.51881136501865,102.80176211453744,low_r2,2.055957499828578,-14.451617839635954,0.3905079058416795,0.7013719964921713,007460
1M_MA20,1M,20,10,2026-06-30,3240.0,936.8,245.85824081981212,34.71383376473971,low_r2,0.7458411148628146,-8.677234495614252,0.6463421947157598,0.63431277207544,007460
1d_MA20,1D,20,10,2026-06-15,42850.0,44687.5,-4.111888111888106,-1.3629842180774787,low_a,0.014310391241189584,-0.9558850707129415,3.710920634920706,0.9988342234557616,007540
1w_MA10,1W,10,10,2026-06-21,42850.0,48015.0,-10.757055086951993,-3.9988003598920296,low_a,-0.0697934115019549,-1.1733368403080484,-0.9339761248851972,0.9934887233819636,007540
1w_MA20,1W,20,10,2026-06-21,42850.0,51792.5,-17.266013418931315,-1.0885652900453624,low_a,-0.05932696264117106,0.3647995469525113,0.3416092885108756,0.9980650527587783,007540
1M_MA10,1M,10,10,2026-06-30,42850.0,50155.0,-14.564848968198586,-2.088823816495855,low_a,-0.17671076254310614,3.450606674014948,1.084825666641813,0.951213307698591,007540
1M_MA20,1M,20,10,2026-06-30,42850.0,46442.5,-7.735371696183457,-0.33263587102312364,low_r2,0.02017834865654798,0.045017032827682366,-0.12394206834130626,0.7215041204674949,007540
1d_MA20,1D,20,10,2026-06-15,8500.0,8905.5,-4.55336589747909,-1.5314020344980084,low_a,0.05086662438200764,-1.613125586407322,1.7618249534451023,0.999726750157803,007570
1w_MA10,1W,10,10,2026-06-21,8500.0,9912.0,-14.245359160613402,-6.552276798340717,low_a,-0.041447991675041165,-3.3413743718418862,-4.478670788253266,0.9953175551748975,007570
1w_MA20,1W,20,10,2026-06-21,8500.0,11913.5,-28.652369161035796,-4.859447372624182,low_a,-0.08726523793063704,-1.111605599723465,-0.7076800352093282,0.9995835853736407,007570
1M_MA10,1M,10,10,2026-06-30,8500.0,12747.0,-33.317643367066765,-8.215064912621772,low_a,-0.49270040688994343,3.9501988536760324,0.4454136607196093,0.927580876388742,007570
1M_MA20,1M,20,10,2026-06-30,8500.0,13059.65,-34.914029089600405,-4.161667308786033,low_a,-0.141137141642816,0.41340141951352694,0.16272644649877177,0.9695384804540584,007570
1d_MA20,1D,20,10,2026-06-15,8000.0,8332.0,-3.9846375420067193,-1.6583062850398345,low_a,0.07027748237120747,-2.0080757095183857,1.5874183006535263,0.9989221071131045,007575
1w_MA10,1W,10,10,2026-06-21,8000.0,9416.0,-15.038232795242145,-5.811743523056922,low_a,0.052632786981261566,-4.933525713424896,5.207490949596094,0.9914679898329337,007575
1w_MA20,1W,20,10,2026-06-21,8000.0,11769.5,-32.027698712774544,-5.764842467672848,low_a,-0.09139940976711007,-1.4898874733639629,-0.905602415911696,0.9995665152373194,007575
1M_MA10,1M,10,10,2026-06-30,8000.0,12944.0,-38.195302843016066,-10.755038300043429,low_a,-0.6152719557444725,4.609838400542993,0.4162421689667601,0.9598102352428531,007575
1M_MA20,1M,20,10,2026-06-30,8000.0,13504.55,-40.7607065766723,-4.2305210231825985,low_a,-0.07419617351586255,-0.44622568525348044,-0.3341185221919242,0.9837985766495788,007575
1d_MA20,1D,20,10,2026-06-15,5840.0,5927.0,-1.467858950565215,-0.2776142003869775,low_a,0.0007297195085105394,-0.17357806222030978,13.214975845430368,0.997637327597488,007590
1w_MA10,1W,10,10,2026-06-21,5840.0,5964.0,-2.079141515761229,-0.36752422318743205,low_a,-0.02324982200546017,0.2971657577637917,0.7100789313904401,0.9269300648611035,007590
1w_MA20,1W,20,10,2026-06-21,5840.0,5933.0,-1.5675037923478796,0.0252887128045165,low_a,0.012469464163843707,-0.16381240313043416,0.7298380221653898,0.9570506595245137,007590
1M_MA10,1M,10,10,2026-06-30,5840.0,5991.0,-2.5204473376731817,-1.236399604352123,low_a,-0.036126467963643626,0.02907497868414863,0.04471172203131978,0.996094493965153,007590
1M_MA20,1M,20,10,2026-06-30,5840.0,6079.5,-3.93946870630808,-0.5236030434426886,low_a,0.0011698775495318384,-0.2753399171578822,13.075438596499446,0.9913448232671912,007590
1d_MA20,1D,20,10,2026-06-15,5800.0,7717.0,-24.841259556822603,-8.278362156058716,low_a,-0.16799790252429142,-1.8062478195841818,-0.597311630563367,0.9963943652177683,007610
1w_MA10,1W,10,10,2026-06-21,5800.0,6925.0,-16.245487364620935,8.457321848081435,low_a,-0.32070717096722734,12.665098397321378,2.1939533672007205,0.9791732080422202,007610
1w_MA20,1W,20,10,2026-06-21,5800.0,4962.5,16.876574307304782,5.753862546616939,low_a,-0.20100160537366557,7.937786680601515,2.1939533672007325,0.9791732080422202,007610
1M_MA10,1M,10,10,2026-06-30,5800.0,4292.0,35.13513513513513,21.071932299012698,vertex_out,1.0644436387990228,-5.624888724069826,0.29357479025987304,0.9354439072726308,007610
1M_MA20,1M,20,10,2026-06-30,5800.0,3646.0,59.07844212835984,11.41329258976318,vertex_out,0.5563478987877137,-2.9399349185662262,0.2935747902598722,0.935443907272631,007610
1d_MA20,1D,20,10,2026-06-15,118900.0,125645.0,-5.3682995741971435,-0.9577486993536222,low_a,0.03924530018935804,-1.2219420167096582,1.7297782732565068,0.978470968278449,007660
1w_MA10,1W,10,10,2026-06-21,118900.0,131060.0,-9.278193193956962,1.849549269505757,low_a,-0.17977700733089583,3.060772578110913,0.9458546647913794,0.9664390233990993,007660
1w_MA20,1W,20,10,2026-06-21,118900.0,121575.0,-2.2002878881348997,0.16065249629262368,low_a,-0.04614860532727847,0.8339198183449587,1.0039063687490706,0.9902353790367264,007660
1M_MA10,1M,10,10,2026-06-30,118900.0,118990.0,-0.07563660811833461,10.853363145146266,low_a,-0.2317940480713795,11.72167830745167,2.8094092830780864,0.9989681349644758,007660
1M_MA20,1M,20,10,2026-06-30,118900.0,80161.05,48.32640041516423,12.422715654616034,low_a,0.01969521105375723,6.446496304347485,-18.184049035947684,0.9965130300169874,007660
1d_MA20,1D,20,10,2026-06-15,37300.0,33532.5,11.23536867218371,-1.2297496318114831,low_a,0.05146655323460112,-1.5693348096819943,1.694017992756125,0.9990863927150668,007690
1w_MA10,1W,10,10,2026-06-21,37300.0,37190.0,0.2957784350631876,-1.352785145888591,low_a,-0.13628425710940387,0.8826873846520209,0.3598228370343419,0.9132662761326737,007690
1w_MA20,1W,20,10,2026-06-21,37300.0,37430.0,-0.3473149879775539,-0.4719803230738506,low_a,-0.1277652485842137,1.5149075719561294,0.658720056572091,0.9780690560897607,007690
1M_MA10,1M,10,10,2026-06-30,37300.0,35535.0,4.966934008723789,-1.6196013289036526,low_r2,-0.03519015120962345,1.1271432711629732,1.779448751076714,0.8462894975826155,007690
1M_MA20,1M,20,10,2026-06-30,37300.0,34295.0,8.762210234728096,0.45401288810780205,pass,0.10977099943711782,-1.0412881459789525,0.5270002253775057,0.8895005213950214,007690
1d_MA20,1D,20,10,2026-06-15,17000.0,17175.0,-1.0189228529839833,-1.0114982277167783,low_a,0.03660591719837234,-1.300921411396734,1.9743641814137252,0.9932401279398076,007700
1w_MA10,1W,10,10,2026-06-21,17000.0,18275.0,-6.976744186046513,-1.7895528804815153,low_a,-0.03737657751495288,-0.38251755861460945,-0.5685639748606662,0.9575247784091362,007700
1w_MA20,1W,20,10,2026-06-21,17000.0,18976.5,-10.415513925117914,-1.8617640214102837,low_a,-0.05381999980725467,0.08015099754688006,0.08273565984756232,0.9639050022494496,007700
1M_MA10,1M,10,10,2026-06-30,17000.0,18984.0,-10.45090602612726,-1.8762598852535284,low_a,-0.45834629358505585,6.484959346132147,0.7860334517196373,0.9677305782380957,007700
1M_MA20,1M,20,10,2026-06-30,17000.0,16970.0,0.1767825574543247,2.145845246335809,low_a,0.005661186827313133,1.368941298372129,-13.433984193399688,0.9929080908535928,007700
1d_MA20,1D,20,10,2026-06-15,136800.0,110470.0,23.834525210464385,3.2381664408205113,low_a,0.05171091322197928,0.5979464167600912,-0.6424029920523829,0.9834661135069933,007810
1w_MA10,1W,10,10,2026-06-21,136800.0,108200.0,26.432532347504623,12.837626446970486,vertex_out,0.1684461993422328,3.7552390295664373,-1.2385223967422723,0.9988028530549218,007810
1w_MA20,1W,20,10,2026-06-21,136800.0,85785.0,59.46843853820598,8.671142639979724,low_a,0.04503197428737598,3.824905958755583,-4.718753260302668,0.9994186068122247,007810
1M_MA10,1M,10,10,2026-06-30,136800.0,66594.0,105.42391206414993,53.29757602265141,vertex_out,2.05403011998584,0.7318753783341726,-0.01979510565359561,0.9981429662089197,007810
1M_MA20,1M,20,10,2026-06-30,136800.0,38594.5,254.45465027400277,43.79738817787218,vertex_out,1.6686435598569391,-1.718592154189929,0.057218536178946594,0.9976896647841725,007810
1d_MA20,1D,20,10,2026-06-15,29800.0,22531.0,32.26221650170875,2.3508301723942138,low_r2,0.07985429899787583,-0.5577766912779474,0.38805166846070815,0.6753908176407771,007815
1w_MA10,1W,10,10,2026-06-21,29800.0,23042.0,29.329051297630414,10.36497748826517,vertex_out,0.126300090844627,1.766578229933378,-0.777063851181497,0.9897653363925861,007815
1w_MA20,1W,20,10,2026-06-21,29800.0,20030.5,48.773120990489495,5.011926918136789,low_a,-0.08266403980343126,3.153817501200539,2.1195683614866976,0.9953752538154492,007815
1M_MA10,1M,10,10,2026-06-30,29800.0,16771.0,77.68767515353885,30.982505467041555,vertex_out,0.969191416153568,3.271844440420129,-0.18754719919031435,0.9978709269314084,007815
1M_MA20,1M,20,10,2026-06-30,29800.0,11242.0,165.0773883650596,22.043098301036746,vertex_out,0.6785286774546034,0.9890544633049767,-0.08098032111146258,0.9972054354103084,007815
1d_MA20,1D,20,10,2026-06-15,8790.0,8675.0,1.3256484149855918,-0.5331651665424486,low_a,0.03124892521663847,-0.8363547044326451,1.486903947068178,0.9943412782476478,007860
1w_MA10,1W,10,10,2026-06-21,8790.0,9041.0,-2.776241566198434,-1.180456880533387,low_a,0.0636755485893425,-1.882940528072991,1.6428253769716963,0.9943347479466251,007860
1w_MA20,1W,20,10,2026-06-21,8790.0,9621.0,-8.637355784222011,-2.1957913998170153,low_a,-0.0652026270094643,0.0343650379061792,0.02928054988165417,0.9784389236753938,007860
1M_MA10,1M,10,10,2026-06-30,8790.0,9544.0,-7.900251466890196,-1.6589386913961834,low_a,-0.3548434263114104,4.890020257096974,0.7655990555748029,0.960247063388535,007860
1M_MA20,1M,20,10,2026-06-30,8790.0,8797.5,-0.08525149190110604,1.822916666666674,vertex_out,0.10559584219814348,-0.4416189597356944,0.23234235497592698,0.94840673877105,007860
1d_MA20,1D,20,10,2026-06-15,1852.0,1826.35,1.4044405508254254,-0.9356693425905838,low_a,0.03914739596772414,-1.2408191490905198,1.760893552882289,0.9978473541690772,007980
1w_MA10,1W,10,10,2026-06-21,1852.0,1970.2,-5.999390924779213,0.015229199451738396,low_a,-0.09372285149873417,0.9908184652539027,0.5873217621065119,0.8756046044239726,007980
1w_MA20,1W,20,10,2026-06-21,1852.0,1945.5,-4.805962477512205,-0.35341118623233303,low_a,-0.07369364812662194,0.7810437967931785,0.5888068123525331,0.9642229772324027,007980
1M_MA10,1M,10,10,2026-06-30,1852.0,1851.3,0.03781126775779242,1.8036843552378334,low_a,-0.012877695088466578,2.9340830691138726,12.657902973394645,0.9816831255555165,007980
1M_MA20,1M,20,10,2026-06-30,1852.0,1647.25,12.4298072545151,2.702786956792802,vertex_out,0.14011829833850284,-0.38855681760078176,0.15405903527718182,0.9853327366692788,007980
1d_MA20,1D,20,10,2026-06-15,940.0,931.2,0.9450171821305808,-1.2146607966901701,low_a,0.003377485067611496,-1.010828568541386,16.62691072575403,0.9896038060223623,008040
1w_MA10,1W,10,10,2026-06-21,940.0,993.7,-5.4040454865653675,-1.2422977539256586,low_a,-0.07794635014025769,-0.19968278462899175,-0.14232209737828927,0.929727377269036,008040
1w_MA20,1W,20,10,2026-06-21,940.0,1035.55,-9.226980831442223,-1.357401409792336,low_a,-0.04361404348730898,-0.14146738622547742,-0.18020111428181798,0.9867647898429035,008040
1M_MA10,1M,10,10,2026-06-30,940.0,1060.1,-11.329119894349581,-3.337284581015787,low_a,-0.25121024473515347,2.1316115068109904,0.4714093631585391,0.9805920162393407,008040
1M_MA20,1M,20,10,2026-06-30,940.0,1053.65,-10.786314240971873,-0.9261871180065717,low_a,-0.08320652373428256,0.7892263764537222,0.5269527896995806,0.897522167026668,008040
1d_MA20,1D,20,10,2026-06-15,21500.0,20417.0,5.304403193417251,0.6383240911891574,low_r2,-0.052605138214594144,0.6977700512518665,0.7369052560833577,0.819133259802347,008060
1w_MA10,1W,10,10,2026-06-21,21500.0,19313.0,11.32397866721897,9.082180175091793,low_a,0.05053154644700639,4.012961814805491,-4.411943404078368,0.997775381380036,008060
1w_MA20,1W,20,10,2026-06-21,21500.0,15924.5,35.01208829162612,7.069858132185836,vertex_out,0.12386611340820831,2.412383156807824,-1.0819850789024779,0.9970814058886959,008060
1M_MA10,1M,10,10,2026-06-30,21500.0,13374.0,60.7596829669508,24.990654205607488,vertex_out,0.7200126164355157,-0.30629919254181803,0.023633782824696914,0.9888471842927669,008060
1M_MA20,1M,20,10,2026-06-30,21500.0,10390.5,106.91978249362397,17.30074508918491,vertex_out,0.49956323754515064,-0.15396246357692622,0.01712189680079303,0.992401910330418,008060
1d_MA20,1D,20,10,2026-06-15,2835.0,3067.75,-7.586993725042779,-2.595650103190983,low_a,0.03151452468145995,-1.8804434571813582,3.3149502335975014,0.9996191842623309,008250
1w_MA10,1W,10,10,2026-06-21,2835.0,3459.5,-18.051741581153347,-6.030150753768848,low_a,-0.16438847291086722,-0.282622099562871,-0.09551294853871027,0.9940615204039717,008250
1w_MA20,1W,20,10,2026-06-21,2835.0,3805.25,-25.49766769594639,-3.640162066345909,low_a,-0.05442760212534326,-0.9510760651657466,-0.9707860922146323,0.9986195765937304,008250
1M_MA10,1M,10,10,2026-06-30,2835.0,4064.0,-30.24114173228346,-9.698922341962001,low_a,-0.24258578187305946,-0.5618237708934393,-0.12866554451503284,0.9981670066345055,008250
1M_MA20,1M,20,10,2026-06-30,2835.0,4678.25,-39.40041682252979,-4.320482666939363,low_a,-0.06031594186665032,-0.8002843374422492,-0.7371225515686866,0.9957490010944934,008250
1d_MA20,1D,20,10,2026-06-15,3135.0,3220.0,-2.6397515527950333,-1.7543859649122862,low_a,0.049423970871320035,-1.7462615730746196,1.962904439428093,0.9978406997718253,008260
1w_MA10,1W,10,10,2026-06-21,3135.0,3494.5,-10.287594791815714,-3.226253115480471,low_a,-0.1985819836806233,1.3171084804871465,0.36847599164927103,0.9728227417733533,008260
1w_MA20,1W,20,10,2026-06-21,3135.0,3561.25,-11.969111969111967,-0.9319145976771637,low_a,-0.08071799657722027,0.6736321982930784,0.4636389975373063,0.9811263604331029,008260
1M_MA10,1M,10,10,2026-06-30,3135.0,3486.0,-10.068846815834764,-2.8969359331476374,low_r2,-0.0803510486025538,0.7093971833538341,0.49048463356974736,0.49478581358073725,008260
1M_MA20,1M,20,10,2026-06-30,3135.0,3510.75,-10.702841273232211,-2.533314825097166,low_a,0.07388840708613559,-1.8359920832308405,1.3804541768045548,0.9921307768808654,008260
1d_MA20,1D,20,10,2026-06-15,1249.0,1482.05,-15.724840592422652,-4.688253641596196,low_a,-0.0004838869783809685,-2.1617074703208874,-248.18783068743747,0.9999146635188747,008350
1w_MA10,1W,10,10,2026-06-21,1249.0,1767.2,-29.323223177908552,-7.857552531414569,low_a,-0.634223562147024,7.013654281041387,0.6143692592227089,0.9901862944649077,008350
1w_MA20,1W,20,10,2026-06-21,1249.0,1616.05,-22.712787351876486,0.10530554092977873,low_a,-0.27452141883804515,3.981890337694373,0.8058246631838109,0.9951831292051523,008350
1M_MA10,1M,10,10,2026-06-30,1249.0,1354.3,-7.775234438455292,2.8634361233480288,pass,0.5382512769760035,-3.9122955841462694,0.4038072253091611,0.8713146006374222,008350
1M_MA20,1M,20,10,2026-06-30,1249.0,1332.85,-6.291030498555717,-0.19469092815156408,ma_not_rising,0.35330370039846404,-4.156170875567096,0.6535407970976166,0.9455383154744035,008350
1d_MA20,1D,20,10,2026-06-15,10210.0,11676.0,-12.555669749914355,-3.340370048429153,low_a,-0.04121314016834436,-0.9697370001201048,-1.3072111846947025,0.9995312660287585,008355
1w_MA10,1W,10,10,2026-06-21,10210.0,12568.0,-18.761935073201784,-5.970372587161455,low_a,-0.197512354896025,1.0509960697384302,0.2956203452273202,0.937906968725944,008355
1w_MA20,1W,20,10,2026-06-21,10210.0,13188.0,-22.581134364573852,-3.666910153396641,low_a,-0.19568993325761974,0.7818445393948906,0.22196240256763083,0.9840674406291274,008355
1M_MA10,1M,10,10,2026-06-30,10210.0,13740.0,-25.691411935953422,-2.4355606049847323,low_r2,0.07272150126696808,-0.40588014879794754,0.3100719424460479,0.22124794871899534,008355
1M_MA20,1M,20,10,2026-06-30,10210.0,14082.0,-27.496094304786254,-4.37971073538399,low_a,0.07237277589725218,-2.183162219134985,1.6758620689654737,0.950514924883393,008355
1d_MA20,1D,20,10,2026-06-15,2235.0,2213.95,0.9507893132184586,-1.171770377644854,vertex_out,0.14250653532422783,-2.4560464959817483,0.9574790885491686,0.994201457626389,008420
1w_MA10,1W,10,10,2026-06-21,2235.0,2379.0,-6.052963430012614,-0.8543446551364853,low_a,-0.27261520201065065,3.0371960161407356,0.6189424168694252,0.9372660219608039,008420
1w_MA20,1W,20,10,2026-06-21,2235.0,2293.25,-2.5400632290417557,0.8021978021978127,low_a,-0.09349352508863569,1.4702847396310705,0.87366997294862,0.9753590297293488,008420
1M_MA10,1M,10,10,2026-06-30,2235.0,2227.0,0.35922766052987054,-1.132075471698113,ma_not_rising,0.1220378095322644,-1.614193770490931,0.7348331802877178,0.866993167702079,008420
1M_MA20,1M,20,10,2026-06-30,2235.0,2289.5,-2.3804324088228856,-0.9624743159943772,vertex_out,0.1345666393851028,-2.26432186098698,0.934820543327378,0.9867683075079734,008420
1d_MA20,1D,20,10,2026-06-15,19340.0,20366.5,-5.040139444676306,-0.08094981111710364,low_a,0.023236599085832015,-0.4991162540222441,1.193319240762754,0.9866141434315299,008490
1w_MA10,1W,10,10,2026-06-21,19340.0,20131.0,-3.9292633252198117,1.0643104573522688,low_r2,0.13910145223276385,-1.4323632887044575,0.572069787799207,0.6726032908226415,008490
1w_MA20,1W,20,10,2026-06-21,19340.0,20595.5,-6.095991842878301,-1.0592813220599573,low_r2,-0.005655623476294847,-0.14040652657859126,-1.3792224005707228,0.677115673391506,008490
1M_MA10,1M,10,10,2026-06-30,19340.0,22015.0,-12.15080626845333,-4.082432903450684,low_a,-0.4881451220126639,6.363870788057943,0.7242689953688772,0.982060275430306,008490
1M_MA20,1M,20,10,2026-06-30,19340.0,19574.5,-1.1979871771948147,1.6645891762750553,low_a,0.052239534469655985,-0.25375403151214865,0.2698616352201234,0.9018217422446596,008490
1d_MA20,1D,20,10,2026-06-15,779.0,1709.35,-54.427121420422964,-8.485692105897158,low_a,-0.22119674738754402,-0.78563034717535,-0.19731813832759976,0.9963559012764891,008500
1w_MA10,1W,10,10,2026-06-21,779.0,2067.7,-62.32528896841901,-15.953987480692632,low_a,-0.39757547598179377,0.5200219173967539,0.07266571573787124,0.9874253244145776,008500
1w_MA20,1W,20,10,2026-06-21,779.0,2460.1,-68.33462054388033,-8.660218686765553,low_a,-0.1736608281258062,-0.522356195070169,-0.16710612823973406,0.9896306884857471,008500
1M_MA10,1M,10,10,2026-06-30,779.0,3050.3,-74.46152837425828,-5.91301665638494,low_r2,-0.469952762117032,4.451037118975768,0.5261802033658828,0.7841343273770376,008500
1M_MA20,1M,20,10,2026-06-30,779.0,2798.55,-72.16415643815549,-5.1081649260816375,low_a,-0.2339802891281439,2.3344638847121195,0.5542878783628375,0.867567650581374,008500
1d_MA20,1D,20,10,2026-06-15,2620.0,2620.0,0.0,0.0,low_r2,7.741975433872318e-16,0.0,-0.0,0.0,008600
1w_MA10,1W,10,10,2026-06-21,2620.0,2620.0,0.0,0.0,ma_not_rising,0.14388760122901,-1.948628912425892,0.7523731084316115,0.9536845921128464,008600
1w_MA20,1W,20,10,2026-06-21,2620.0,2757.2,-4.976062672276216,-1.6093922849088393,low_a,0.07048719339909972,-1.7154160614961511,1.3520313082370354,0.9938887796902942,008600
1M_MA10,1M,10,10,2026-06-30,2620.0,3013.7,-13.063675880147319,-8.342457420924577,vertex_out,0.49988278135565434,-11.658189167060996,1.2956581024682798,0.9975673871431464,008600
1M_MA20,1M,20,10,2026-06-30,2620.0,4343.95,-39.68623027428953,-4.297202026878166,low_a,-0.025277787151690833,-1.6791727366720448,-3.6904881625810373,0.9977931823294608,008600
1d_MA20,1D,20,10,2026-06-15,1247.0,1251.05,-0.3237280684225241,-0.9814397087340332,low_a,0.016466734899872104,-0.841316241598279,2.838437096613939,0.9952463225653885,008700
1w_MA10,1W,10,10,2026-06-21,1247.0,1352.2,-7.779914213873695,-4.153671675645021,low_a,-0.3281315628950937,2.3774750359343364,0.40252740478679316,0.9355800267324227,008700
1w_MA20,1W,20,10,2026-06-21,1247.0,1378.25,-9.5229457645565,-1.0695187165775444,low_a,-0.10571290758394401,0.8355275128272394,0.4390967594965573,0.9080915569291674,008700
1M_MA10,1M,10,10,2026-06-30,1247.0,1337.1,-6.738463839652975,-1.6838235294117765,low_r2,0.03682872417956039,-0.7154118753164056,1.0791876468613304,0.8072228133263999,008700
1M_MA20,1M,20,10,2026-06-30,1247.0,1357.4,-8.133195815529692,-0.12508277536603662,ma_not_rising,0.2469077599534921,-3.223398539899348,0.7252817679557995,0.9829388630770405,008700
1d_MA20,1D,20,10,2026-06-15,18830.0,19474.0,-3.3069734004313456,-2.4373136945467277,low_a,0.05791594480392889,-2.181253827950024,2.09235588972426,0.9989963667173579,008730
1w_MA10,1W,10,10,2026-06-21,18830.0,22201.0,-15.184000720688262,-5.724234574716547,low_a,-0.16621746547812588,-0.03656194981847209,-0.012220252718429688,0.9968287671508208,008730
1w_MA20,1W,20,10,2026-06-21,18830.0,23950.5,-21.379511909980998,-3.4915582060684236,low_a,-0.07837011148269402,-0.3493150844144128,-0.24762493266152724,0.995759380223429,008730
1M_MA10,1M,10,10,2026-06-30,18830.0,25752.0,-26.879465672569125,-9.131968948482704,low_a,-0.383933903082513,2.2992447134226945,0.332702625078983,0.9711983840113257,008730
1M_MA20,1M,20,10,2026-06-30,18830.0,26918.5,-30.048108178390333,-2.345365499727914,low_a,0.07960040515593507,-1.6698153049150546,1.1654151352370148,0.9674751290584598,008730
1d_MA20,1D,20,10,2026-06-15,55500.0,55920.0,-0.7510729613733891,-1.419127368884976,low_a,0.02670973701665029,-1.0584836663256274,2.201618387052779,0.9975506234871582,008770
1w_MA10,1W,10,10,2026-06-21,55500.0,58710.0,-5.467552376085849,3.1266467591779312,low_a,-0.1320751615369918,3.793221313189891,1.5955650929899905,0.9959037109238752,008770
1w_MA20,1W,20,10,2026-06-21,55500.0,52527.5,5.6589405549474,1.792548810619632,low_a,-0.0849402316873437,2.1390854440648974,1.399078833022948,0.9980589497627397,008770
1M_MA10,1M,10,10,2026-06-30,55500.0,50445.0,10.020814748736239,3.4450938172869927,low_a,-0.0011171094569351091,1.2497263081830352,62.15079365095284,0.9476427539031272,008770
1M_MA20,1M,20,10,2026-06-30,55500.0,46830.0,18.513773222293395,1.981707317073167,pass,0.22801351084696403,-2.4426542038609993,0.5951533785061138,0.9478358329733602,008770
1d_MA20,1D,20,10,2026-06-15,32750.0,34040.0,-3.7896592244418326,-1.5971670159716678,low_a,0.031285115536734937,-1.1954550695470765,2.122867996201252,0.9986705828345499,008775
1w_MA10,1W,10,10,2026-06-21,32750.0,36275.0,-9.717436250861478,-1.1715025200926266,low_a,-0.1359019845839422,1.445457657713736,0.5908905852417337,0.9557220808223474,008775
1w_MA20,1W,20,10,2026-06-21,32750.0,35897.5,-8.76802005710704,-0.5815966212005863,low_a,-0.049706332581539635,0.34477525520972024,0.3853468934479005,0.9433526294592127,008775
1M_MA10,1M,10,10,2026-06-30,32750.0,36995.0,-11.474523584268148,-4.676629734604488,low_a,-0.35628635331035624,2.9885012373643205,0.46599552572706987,0.95595027005416,008775
1M_MA20,1M,20,10,2026-06-30,32750.0,36855.0,-11.138244471577806,-1.3319054949467946,low_a,0.060146099251618,-1.2406802306249012,1.1459875259875139,0.9867317239240256,008775
1d_MA20,1D,20,10,2026-06-15,41050.0,43000.0,-4.534883720930227,-0.8302583025830312,low_a,-0.021911381978762603,-0.16306999875410655,-0.4134583744653314,0.9956585040160749,008870
1w_MA10,1W,10,10,2026-06-21,41050.0,43740.0,-6.149977137631457,-2.070972797492443,low_a,0.011836465379600829,-0.7216214446532053,3.3869976359330507,0.960111293136153,008870
1w_MA20,1W,20,10,2026-06-21,41050.0,45355.0,-9.491787013559694,-1.8290043290043245,low_a,0.004510338339809283,-0.8228790133957017,10.135714285713364,0.9985806205643335,008870
1M_MA10,1M,10,10,2026-06-30,41050.0,49715.0,-17.42934727949311,-5.529691211401422,low_a,-0.16819837797264764,-0.0700739892563864,-0.023145285050047607,0.998419372400946,008870
1M_MA20,1M,20,10,2026-06-30,41050.0,53207.5,-22.849222384062394,-2.812913831681807,low_a,-0.04439732882053969,-0.8092390187140147,-1.0126222558031635,0.9966388137349244,008870
1d_MA20,1D,20,10,2026-06-15,30350.0,31785.0,-4.514708195689787,-1.4724116553006872,low_a,0.005548874024770643,-0.9877338993413577,9.889232531501285,0.9967130285562866,008930
1w_MA10,1W,10,10,2026-06-21,30350.0,34650.0,-12.409812409812416,-4.426975589573856,low_a,-0.06873299324873348,-0.8775332369155302,-0.7092932257275958,0.9971347466811118,008930
1w_MA20,1W,20,10,2026-06-21,30350.0,37527.5,-19.12597428552395,-2.9042690815006433,low_a,-0.1056184034054463,0.4419256710789769,0.23245405515937068,0.9951041074999241,008930
1M_MA10,1M,10,10,2026-06-30,30350.0,37640.0,-19.36769394261424,-7.302056396995448,low_a,-0.5193206119912128,5.742729609620956,0.6143421356694182,0.8838490240054167,008930
1M_MA20,1M,20,10,2026-06-30,30350.0,36100.0,-15.927977839335183,-2.3730647015076767,low_r2,-0.053222504180412536,1.0715990609254904,1.1185734696120755,0.7374055406807813,008930
1d_MA20,1D,20,10,2026-06-15,1427.0,1446.6,-1.354901147518317,-1.3300593411090689,low_a,0.08124240195083393,-2.0908492817728828,1.429774239098977,0.9976779677080811,008970
1w_MA10,1W,10,10,2026-06-21,1427.0,1630.7,-12.491568038265777,-5.428289740764358,low_a,-0.24266011499344473,1.0823801649155276,0.24780434718668293,0.9945445470469653,008970
1w_MA20,1W,20,10,2026-06-21,1427.0,1710.35,-16.56678457625632,-2.5524883913055962,low_a,-0.08368527236504915,0.18036928718925077,0.1197404952121947,0.9912161689909865,008970
1M_MA10,1M,10,10,2026-06-30,1427.0,1844.1,-22.618079279865512,-13.487521110902613,low_a,-0.8276709531729611,5.264786418400886,0.3533869749014649,0.980877081789121,008970
1M_MA20,1M,20,10,2026-06-30,1427.0,1981.65,-27.989301844422577,-0.3645231032228913,low_a,-0.17330327629550749,1.9446950350325996,0.6234077933595725,0.8547235478694892,008970
1d_MA20,1D,20,10,2026-06-15,4510.0,4824.5,-6.5188102394030505,-1.7863504504046057,low_a,0.03601541407553292,-1.5710434133117686,2.4234120825428858,0.9983970229217334,009070
1w_MA10,1W,10,10,2026-06-21,4510.0,5319.0,-15.209625869524345,-5.582675068784948,low_a,-0.02181655048482587,-2.1672098956073285,-5.518771165941437,0.9986951724050119,009070
1w_MA20,1W,20,10,2026-06-21,4510.0,5998.5,-24.81453696757523,-3.401908289383626,low_a,-0.11811679493848788,0.17280276470083328,0.08127678709441993,0.9966128287099673,009070
1M_MA10,1M,10,10,2026-06-30,4510.0,5739.0,-21.414880641226695,-2.794715447154472,low_a,-0.3571897774544188,6.481004927630162,1.00802389104972,0.9474171285864512,009070
1M_MA20,1M,20,10,2026-06-30,4510.0,5038.25,-10.484791346201561,-0.5134027743496028,low_a,-0.14829907409795356,2.7084999011339432,1.0146537842190069,0.9731335369788296,009070
1d_MA20,1D,20,10,2026-06-15,26600.0,26622.5,-0.08451497793220408,-0.9395348837209272,low_a,-0.13187338463035425,1.267345174794821,0.5339065609314209,0.9006902837364172,009140
1w_MA10,1W,10,10,2026-06-21,26600.0,25260.0,5.304829770387975,3.0179445350734024,low_a,0.04847362131665036,1.2093563606424484,-1.386041782214813,0.9891842831374983,009140
1w_MA20,1W,20,10,2026-06-21,26600.0,23470.0,13.33617383894332,2.675153662751284,low_a,0.07713438302446463,0.5006629401379735,-0.3605993422754292,0.9943028088054603,009140
1M_MA10,1M,10,10,2026-06-30,26600.0,22230.0,19.658119658119656,5.455407969639459,vertex_out,0.14736622272982017,-0.09969830375296011,0.0375852386682734,0.9944350051803201,009140
1M_MA20,1M,20,10,2026-06-30,26600.0,21048.0,26.377803116685673,2.8588183550799062,pass,0.1333303928973784,-1.1803461260675192,0.49182173213875074,0.8750611032539672,009140
1d_MA20,1D,20,10,2026-06-15,1999000.0,1601950.0,24.78541777209027,5.464300997399518,low_a,-0.005839180047806926,3.1199680798666405,29.684229390681462,0.9991158047662593,009150
1w_MA10,1W,10,10,2026-06-21,1999000.0,1316000.0,51.89969604863223,25.716469239587305,vertex_out,1.0668218615494682,2.605170646704427,-0.13566623239655018,0.9959412398912904,009150
1w_MA20,1W,20,10,2026-06-21,1999000.0,865175.0,131.05152136850927,22.359721387405873,vertex_out,0.8178529478768823,2.670863530799496,-0.18142785650138127,0.9973389054732147,009150
1M_MA10,1M,10,10,2026-06-30,1999000.0,703750.0,184.04973357015984,118.50839879529293,vertex_out,3.965961273032855,-17.145988374707187,0.24018260495456525,0.9542759575251754,009150
1M_MA20,1M,20,10,2026-06-30,1999000.0,417565.0,378.72786272795855,86.57119878468345,vertex_out,2.7587563338705468,-12.615766639588369,0.25405503045578665,0.9475938099222424,009150
1d_MA20,1D,20,10,2026-06-15,627000.0,548925.0,14.223254542970354,3.7420269312544274,low_a,-0.02401301426271283,2.2804152040386834,5.275877995642855,0.9985031686541818,009155
1w_MA10,1W,10,10,2026-06-21,627000.0,471650.0,32.93755963108238,20.46638741315896,vertex_out,0.7437428115449068,4.2497231159907525,-0.3174427033126323,0.9953246929050442,009155
1w_MA20,1W,20,10,2026-06-21,627000.0,318390.0,96.92829548666731,17.359332092371773,vertex_out,0.5583578811995483,3.552119698324744,-0.353429207117679,0.9966440168771754,009155
1M_MA10,1M,10,10,2026-06-30,627000.0,262930.0,138.46651199939149,91.01343988376316,vertex_out,3.1803090973601407,-12.219405008573252,0.21345592929099835,0.96468790845826,009155
1M_MA20,1M,20,10,2026-06-30,627000.0,161310.0,288.6925795053004,65.01457725947522,vertex_out,2.163356531737041,-9.344163509698651,0.2399605369561702,0.9572873138461809,009155
1d_MA20,1D,20,10,2026-06-15,4540.0,5093.75,-10.871165644171777,-3.6734114977307164,low_a,-0.039848042473486216,-1.3035179443073874,-1.8173455727672787,0.9988397726050539,009160
1w_MA10,1W,10,10,2026-06-21,4540.0,5448.0,-16.666666666666664,-2.827075715687144,low_a,-0.24264957478948257,2.9792416035875307,0.6821088500366229,0.9214765435581687,009160
1w_MA20,1W,20,10,2026-06-21,4540.0,5293.0,-14.226336671075002,-0.8337236533957793,low_a,-0.10307970383043928,1.2656911012720675,0.6821534179857469,0.9629873363466098,009160
1M_MA10,1M,10,10,2026-06-30,4540.0,4964.5,-8.550710041293186,0.2018367140983024,low_a,-0.1604593962160528,3.1025579928877036,1.074192830104654,0.9864043410172424,009160
1M_MA20,1M,20,10,2026-06-30,4540.0,4598.5,-1.2721539632488899,1.5681943677526178,low_a,0.05262661520721772,0.7434421245312304,-0.7848184818481433,0.9862106614382261,009160
1d_MA20,1D,20,10,2026-06-15,2845.0,2848.25,-0.1141051522864922,-0.9045838044707266,low_a,0.04028468783168539,-1.4109735873012916,1.945836637589229,0.9898235882844408,009180
1w_MA10,1W,10,10,2026-06-21,2845.0,3049.0,-6.690718268284678,-1.6451612903225832,low_a,-0.1546775017089484,1.5718625038638852,0.5645662342246944,0.9269785635086565,009180
1w_MA20,1W,20,10,2026-06-21,2845.0,3009.0,-5.450315719508147,0.14144271570013522,low_a,-0.04227387320912406,0.6907569938962956,0.9077802821604612,0.9901984753576901,009180
1M_MA10,1M,10,10,2026-06-30,2845.0,2832.5,0.44130626654899086,-0.9095679552212688,low_a,-0.1322421483079798,3.0271789774140907,1.27173228814062,0.9711848747270863,009180
1M_MA20,1M,20,10,2026-06-30,2845.0,2600.5,9.402038069602003,1.9104536102674707,low_a,0.039431691865467224,0.10504122935721907,-0.14799324038868986,0.8846446613675328,009180
1d_MA20,1D,20,10,2026-06-15,1905.0,1854.1,2.7452672455638982,2.837017110846096,low_a,-0.04513564801688977,2.028221768143499,2.496452185131335,0.9993070493242606,009190
1w_MA10,1W,10,10,2026-06-21,1905.0,1739.6,9.50793285812832,6.358522866226468,vertex_out,0.2900767101960524,0.7895664326234354,-0.15121793743029707,0.9846500988545253,009190
1w_MA20,1W,20,10,2026-06-21,1905.0,1514.3,25.800699993396293,4.143598913379876,vertex_out,0.19534989567844843,-0.06235222937389818,0.017732350104226358,0.9807594485864787,009190
1M_MA10,1M,10,10,2026-06-30,1905.0,1521.2,25.23008151459374,8.378455400398988,low_r2,0.19146340579185037,-2.5623166180870953,0.7434889327196958,0.5746189798401785,009190
1M_MA20,1M,20,10,2026-06-30,1905.0,1537.05,23.93871376988388,2.730249966581999,vertex_out,0.1519575217769632,-2.76606068614487,1.011269704336912,0.9370368550082175,009190
1d_MA20,1D,20,10,2026-06-15,1530.0,1604.45,-4.6402193898220645,-2.066166147836168,low_a,0.04331471168844446,-1.7314796644623498,2.2208000686754037,0.9997993408090983,009200
1w_MA10,1W,10,10,2026-06-21,1530.0,1796.9,-14.853358561967834,-5.911613781547798,low_a,-0.23587663373476198,0.5670579600903314,0.13355803627604368,0.9974245730250001,009200
1w_MA20,1W,20,10,2026-06-21,1530.0,1917.8,-20.22108666179998,-2.063119191093865,low_a,-0.07967451716461271,0.11522175600768418,0.08034198254215025,0.9980915346165592,009200
1M_MA10,1M,10,10,2026-06-30,1530.0,1925.2,-20.527737377934763,-5.423462369817244,low_a,-0.1320367677991332,0.3653214606819167,0.15371200797210188,0.9583274820976034,009200
1M_MA20,1M,20,10,2026-06-30,1530.0,2010.6,-23.903312444046556,-2.6838653469180462,low_a,-0.04437219546954879,-0.1269585892545954,-0.1589566367846066,0.9697294283661755,009200
1d_MA20,1D,20,10,2026-06-15,34950.0,31800.0,9.905660377358494,-0.5161895823556972,vertex_out,0.11627744502748273,-2.2356020978386595,1.068135927111547,0.9977677681490614,009240
1w_MA10,1W,10,10,2026-06-21,34950.0,36180.0,-3.3996683250414605,-2.715783812852912,low_a,-0.03241158954799451,-1.893806325829798,-3.2461062235255262,0.9878684509485506,009240
1w_MA20,1W,20,10,2026-06-21,34950.0,40087.5,-12.815715622076706,-2.89468903288318,low_a,-0.0673778571541482,-0.6198718457616649,-0.5111074501189709,0.9945613973520206,009240
1M_MA10,1M,10,10,2026-06-30,34950.0,43185.0,-19.069121222646757,-5.12961335676626,low_r2,-0.16020048503568896,1.3481343489849105,0.4675163917556101,0.4981746528567992,009240
1M_MA20,1M,20,10,2026-06-30,34950.0,44330.0,-21.159485675614707,-4.702531305422686,low_a,-0.12230318027026098,-0.267485063785893,-0.12150363783346278,0.9961093362246407,009240
1d_MA20,1D,20,10,2026-06-15,1160.0,1119.3,3.6362011971768027,-1.047606418246927,low_a,0.06510057447816647,-1.780452951049027,1.5194036862029692,0.9934498039548195,009270
1w_MA10,1W,10,10,2026-06-21,1160.0,1250.8,-7.2593540134313965,-3.584367532567645,low_a,-0.06442592728884051,-0.8511086998746676,-0.7339252789908077,0.9971221206057831,009270
1w_MA20,1W,20,10,2026-06-21,1160.0,1339.5,-13.400522583053377,-2.065435934929627,low_a,-0.048335996261225825,-0.5512783725288862,-0.6336183925140862,0.9923618379106551,009270
1M_MA10,1M,10,10,2026-06-30,1160.0,1408.7,-17.65457514020019,-7.8739127591393565,low_a,-0.38552490229987557,2.1828246047210498,0.31455304928989286,0.9711142063988568,009270
1M_MA20,1M,20,10,2026-06-30,1160.0,1482.55,-21.756433172574276,-0.4699405860830397,low_a,-0.06469154370502349,0.9918759696639597,0.8517994374681718,0.985853145751751,009270
1d_MA20,1D,20,10,2026-06-15,6300.0,6773.0,-6.983611398198731,-2.0039065325906047,low_a,0.023823971308511813,-1.4236335068822086,3.319797079930475,0.9994558091624945,009290
1w_MA10,1W,10,10,2026-06-21,6300.0,7408.0,-14.956803455723545,-5.232186260713833,low_a,-0.1696099301302329,-0.4888282737921796,-0.16011519078473463,0.9797999841576306,009290
1w_MA20,1W,20,10,2026-06-21,6300.0,7952.0,-20.774647887323937,0.4928598508783022,low_a,-0.09369441255194802,1.7119269192395858,1.0150770838777035,0.9990600835594895,009290
1M_MA10,1M,10,10,2026-06-30,6300.0,6864.0,-8.216783216783218,1.298701298701288,vertex_out,0.138935282041064,1.3433015125144379,-0.5371411833626285,0.9344242761283422,009290
1M_MA20,1M,20,10,2026-06-30,6300.0,6255.5,0.711373990888009,1.4515082711644478,pass,0.1971072414264785,-1.189992144627353,0.3354045961126144,0.8697903507081783,009290
1d_MA20,1D,20,10,2026-06-15,5330.0,5330.0,0.0,0.0,low_a,-0.40306636636568627,6.078240804794541,0.8377777777777768,0.9871794871794872,009310
1w_MA10,1W,10,10,2026-06-21,5330.0,3624.0,47.07505518763797,30.783110790328404,vertex_out,1.7607213711353062,-0.5695729614066327,0.017971578478635286,0.9856386930483003,009310
1w_MA20,1W,20,10,2026-06-21,5330.0,2363.2,125.54163845633042,21.632611045344575,vertex_out,1.119415891884477,-0.15942311346153834,0.00791201884926085,0.9854417780714811,009310
1M_MA10,1M,10,10,2026-06-30,5330.0,2036.9,161.67214885365016,65.69592450988368,low_r2,1.7573337977605816,-13.407084464739134,0.42384550207138116,0.7928346510475315,009310
1M_MA20,1M,20,10,2026-06-30,5330.0,1773.1,200.60346286165475,23.01661636660075,low_r2,0.782918450445671,-8.544589855623641,0.6063204107060144,0.8153046185085394,009310
1d_MA20,1D,20,10,2026-06-15,947.0,949.65,-0.27905017638076846,-1.5396578538102612,low_a,0.030019198493912477,-1.2343120473269487,2.2843012125080406,0.9994432689906303,009320
1w_MA10,1W,10,10,2026-06-21,947.0,1010.9,-6.321100009892177,-1.2792968750000022,low_a,-0.06114504557339425,0.19526115272444708,0.17741162372679642,0.9134713017384417,009320
1w_MA20,1W,20,10,2026-06-21,947.0,1029.85,-8.044860902073115,-1.5110218524363006,low_a,-0.1347216683058723,1.3060474866063894,0.5385784975258674,0.9353690989738535,009320
1M_MA10,1M,10,10,2026-06-30,947.0,1003.2,-5.602073365231264,-1.7433888344760007,low_r2,0.025651379796358186,-0.1966705936187486,0.4259476167235923,0.07654258257430868,009320
1M_MA20,1M,20,10,2026-06-30,947.0,1011.1,-6.339630105825345,-1.5625760599717764,low_a,0.08595728691798701,-1.7351530718412258,1.1214569041952445,0.9844213614005505,009320
1d_MA20,1D,20,10,2026-06-15,1829.0,1707.15,7.137627039217409,-0.11409513779181424,low_a,0.06893326894931198,-1.3326867149616162,1.0740554156171331,0.9874650942075784,009410
1w_MA10,1W,10,10,2026-06-21,1829.0,1853.8,-1.3377926421404673,-1.1886360002132057,low_a,-0.16413742101597867,1.2764943872628922,0.43205476489748673,0.8789978697504051,009410
1w_MA20,1W,20,10,2026-06-21,1829.0,1836.3,-0.39753852856286853,1.1011396795683526,low_a,-0.020585102751703294,0.502280695361852,1.3555668588221899,0.9536689475942919,009410
1M_MA10,1M,10,10,2026-06-30,1829.0,1729.5,5.753107834634297,-2.8425369361271824,low_a,0.07487591511900843,-4.712269211814018,3.496354382762094,0.9852166899726342,009410
1M_MA20,1M,20,10,2026-06-30,1829.0,2117.0,-13.604156825696744,-11.683110489977267,low_a,0.04775172852208545,-5.759203950305936,6.700401952340112,0.9999040874405768,009410
1d_MA20,1D,20,10,2026-06-15,9660.0,8666.5,11.4636819938845,-0.852305228234751,vertex_out,0.10096418956377091,-2.690730495382856,1.480574728199568,0.9778434467223558,009415
1w_MA10,1W,10,10,2026-06-21,9660.0,10235.0,-5.61797752808989,5.919486701852428,low_a,-0.2008062041625905,5.885877694767034,1.628401904355866,0.9964351827053914,009415
1w_MA20,1W,20,10,2026-06-21,9660.0,8442.5,14.421083802191292,2.5508654722137925,low_r2,-0.013010763148213342,-0.2748473329144878,-1.1735895964814258,0.2874630188629659,009415
1M_MA10,1M,10,10,2026-06-30,9660.0,7839.0,23.23000382701874,12.807598215570582,vertex_out,0.12001299310813833,2.9583541654438448,-1.369460130397994,0.914942900879059,009415
1M_MA20,1M,20,10,2026-06-30,9660.0,6606.75,46.21409921671018,2.6171708150506845,low_a,-0.16306241898535723,3.9794086461621117,1.3557891480805875,0.949676571647323,009415
1d_MA20,1D,20,10,2026-06-15,51300.0,53235.0,-3.6348267117497834,1.163950781509815,low_a,-0.04173810021910031,1.067515872539016,1.4209184666277332,0.9950278615913675,009420
1w_MA10,1W,10,10,2026-06-21,51300.0,51820.0,-1.0034735623311475,1.687598116169542,pass,0.20734256347319374,-2.5407363308625177,0.680767209668939,0.9049838122595698,009420
1w_MA20,1W,20,10,2026-06-21,51300.0,53200.0,-3.57142857142857,0.09407337723423836,low_a,0.010730122647847087,0.49145416659029534,-2.54451977401158,0.9291700415572915,009420
1M_MA10,1M,10,10,2026-06-30,51300.0,49450.0,3.7411526794742134,12.989832057580264,vertex_out,0.46682982433410647,1.6245836369262512,-0.1933352193695926,0.9890081385067266,009420
1M_MA20,1M,20,10,2026-06-30,51300.0,40370.0,27.07456031706712,3.972699761766796,low_a,0.05938363183505847,1.6815902103692042,-1.573189033188958,0.9785737678937082,009420
1d_MA20,1D,20,10,2026-06-15,756.0,756.0,0.0,0.0,low_r2,1.1362696364229241e-15,5.344624661934865e-15,-0.2613143771617941,0.0,009440
1w_MA10,1W,10,10,2026-06-21,756.0,756.0,0.0,0.0,low_r2,1.1362696364229241e-15,5.344624661934865e-15,-0.2613143771617941,0.0,009440
1w_MA20,1W,20,10,2026-06-21,756.0,756.0,0.0,0.0,low_r2,1.1362696364229241e-15,5.344624661934865e-15,-0.2613143771617941,0.0,009440
1M_MA10,1M,10,10,2026-06-30,756.0,756.0,0.0,0.0,ma_not_rising,0.14203739269553686,-1.7469061348643793,0.6832731788722026,0.9009481446777585,009440
1M_MA20,1M,20,10,2026-06-30,756.0,788.4,-4.109589041095885,-1.573033707865168,vertex_out,0.7960041020561945,-12.557084024239293,0.8763972161982104,0.9987367550900585,009440
1d_MA20,1D,20,10,2026-06-15,71200.0,69525.0,2.4092053218266907,-0.6643806258036844,low_a,0.028067487094314343,-0.6668063613352673,1.319847328244198,0.9931100320212063,009450
1w_MA10,1W,10,10,2026-06-21,71200.0,71300.0,-0.14025245441795509,1.7408675799086781,low_a,-0.03196639470213846,1.4140709954168464,2.4575652173914047,0.9905212111379311,009450
1w_MA20,1W,20,10,2026-06-21,71200.0,67500.0,5.481481481481487,1.8406759203379641,low_a,-0.031076623605111067,1.4196871851176702,2.5379690949226315,0.9985817768346215,009450
1M_MA10,1M,10,10,2026-06-30,71200.0,66200.0,7.552870090634434,-3.2729398012858013,vertex_out,0.1888217522658609,-3.5220096324227055,1.0362535007394813,0.9837964672685959,009450
1M_MA20,1M,20,10,2026-06-30,71200.0,72270.0,-1.4805590148055936,-1.1286681715575675,low_r2,-0.04277087060659339,0.7199500175292078,0.9351510181768733,0.8456351215412802,009450
1d_MA20,1D,20,10,2026-06-15,2350.0,2169.5,8.319889375432133,-1.8103643358225896,low_a,0.08956056632593047,-2.122476798332375,1.316599286074321,0.9987870408511814,009460
1w_MA10,1W,10,10,2026-06-21,2350.0,2440.3,-3.7003647092570646,-3.499683644416318,low_a,-0.3172532692254216,1.7556825794288011,0.30744496760433104,0.9378908062259935,009460
1w_MA20,1W,20,10,2026-06-21,2350.0,2549.9,-7.839523118553671,-0.8746695692738338,low_a,-0.09358853210284158,0.39673056535317935,0.23550521061539667,0.9322569586221499,009460
1M_MA10,1M,10,10,2026-06-30,2350.0,2629.3,-10.622599170881985,-8.434616054327005,low_a,-0.02896256106273087,-3.099813176853592,-5.946015712682803,0.9979003985765176,009460
1M_MA20,1M,20,10,2026-06-30,2350.0,3108.65,-24.40448426165699,-5.166259914582061,low_a,-0.004708746844919064,-2.0813277152262573,-24.556282450677664,0.9971047384261105,009460
1d_MA20,1D,20,10,2026-06-15,33300.0,35247.5,-5.525214554223701,-1.749128919860632,low_a,0.08262689986296784,-2.3301998262485824,1.566748191174955,0.998735859874894,009470
1w_MA10,1W,10,10,2026-06-21,33300.0,39070.0,-14.76836447402099,-2.4469413233458193,low_a,-0.09137426900584612,0.4041211250176373,0.24570564401072842,0.9340731233378335,009470
1w_MA20,1W,20,10,2026-06-21,33300.0,40472.5,-17.721909938847368,-3.648375193429354,low_a,-0.24103239938648605,2.9883348163223165,0.6887812647983104,0.9575620986931113,009470
1M_MA10,1M,10,10,2026-06-30,33300.0,38895.0,-14.384882375626685,5.306619737376472,vertex_out,0.3256438712605974,-0.02317650601494601,0.003953962537395977,0.9406032620668683,009470
1M_MA20,1M,20,10,2026-06-30,33300.0,34397.5,-3.1906388545679176,-2.071174377224194,low_a,0.03845419056221153,-2.259339327571949,3.2641137336829242,0.8868463012574208,009470
1d_MA20,1D,20,10,2026-06-15,422000.0,401500.0,5.105853051058529,-0.9620128268376882,low_a,0.024843682190361715,-1.2207527467810295,2.729852866565071,0.9940408874904935,009540
1w_MA10,1W,10,10,2026-06-21,422000.0,426800.0,-1.1246485473289547,1.2093905620109036,low_a,-0.009681305886921983,0.4747459064362522,2.7242990654205257,0.893335867767805,009540
1w_MA20,1W,20,10,2026-06-21,422000.0,416075.0,1.4240221113981821,-0.35325110765177525,low_r2,-0.06314452012428842,0.5597153809998822,0.4924465160750687,0.8271931147232954,009540
1M_MA10,1M,10,10,2026-06-30,422000.0,421600.0,0.0948766603415585,1.9219146621539895,low_a,-0.3729787411648957,6.967744537604709,1.0378524994395852,0.9960103712694804,009540
1M_MA20,1M,20,10,2026-06-30,422000.0,350775.0,20.305038842562894,7.244405038522683,low_a,-0.11633242006995378,5.42489839130275,2.5907072489339957,0.9983892862159794,009540
1d_MA20,1D,20,10,2026-06-15,1836.0,2024.6,-9.315420329941714,-3.2703471011203855,low_a,0.07372369518436857,-2.850604080773608,2.1481138863192744,0.9996974795029518,009580
1w_MA10,1W,10,10,2026-06-21,1836.0,2462.1,-25.429511392713533,-6.632536973833902,low_a,-0.41780283658985,2.8026423151791158,0.37266944407113867,0.9913646604181391,009580
1w_MA20,1W,20,10,2026-06-21,1836.0,2511.3,-26.890455142754753,-2.1221864951768366,low_a,-0.1430499654672162,0.9457396238613582,0.36729187625397314,0.98394016804394,009580
1M_MA10,1M,10,10,2026-06-30,1836.0,2473.6,-25.77619663648124,-5.695768204346175,low_a,-0.044485800715268815,-0.7765672230448981,-0.9698066081496098,0.9462975838751351,009580
1M_MA20,1M,20,10,2026-06-30,1836.0,2625.55,-30.07179448115633,-3.267937736022841,low_a,-0.001329113930988765,-1.0148922146151116,-42.42142038945136,0.9885990659995438,009580
1d_MA20,1D,20,10,2026-06-15,10140.0,10169.5,-0.2900830915974262,-0.40154742666862475,low_a,0.021170455407683513,-0.5902851311783028,1.5490275370690718,0.997132486489409,009680
1w_MA10,1W,10,10,2026-06-21,10140.0,10541.0,-3.8041931505549798,-1.1070456890890368,low_a,-0.05175119877403594,0.04456080154951996,0.04783657470223616,0.98552344995408,009680
1w_MA20,1W,20,10,2026-06-21,10140.0,10689.0,-5.13612124614089,-0.1354697061708765,low_a,0.019053112236710176,-0.2747144469985081,0.801019462465233,0.8991408678778695,009680
1M_MA10,1M,10,10,2026-06-30,10140.0,10521.0,-3.621328771029375,-0.5670541536716756,low_a,-0.16992636106330855,2.520435424589431,0.8240286520512279,0.9959129962246318,009680
1M_MA20,1M,20,10,2026-06-30,10140.0,9995.5,1.4456505427442368,1.4256722475900485,low_a,-0.028316813739841247,1.352292212408899,2.653100233100199,0.9988741130313936,009680
1d_MA20,1D,20,10,2026-06-15,26300.0,27247.5,-3.4773832461693743,-1.357588922074393,low_a,0.012196805509203395,-0.9712678110218814,4.424053724053618,0.9979774266588749,009770
1w_MA10,1W,10,10,2026-06-21,26300.0,28945.0,-9.138020383485923,-4.012601558613826,low_a,-0.04156254855013853,-1.1833166115161209,-1.5817079087821357,0.9995921707156351,009770
1w_MA20,1W,20,10,2026-06-21,26300.0,31155.0,-15.583373455304129,-1.812165143397415,low_a,-0.05592046446253186,0.09523352788565068,0.09461208164227167,0.9958178812966171,009770
1M_MA10,1M,10,10,2026-06-30,26300.0,30495.0,-13.756353500573859,-0.9741841207988267,low_a,-0.17008592919162177,2.9936284533829105,0.9778156996587024,0.9575844945482042,009770
1M_MA20,1M,20,10,2026-06-30,26300.0,28712.5,-8.402263822377009,0.03484017071684331,low_a,-0.05519826236957602,1.441952637171764,1.451286261631121,0.9773341744304894,009770
1d_MA20,1D,20,10,2026-06-15,1934.0,2008.95,-3.730804649194852,-2.1527896159559745,low_a,-0.002249419007206197,-1.1972693338634697,-29.569841269825176,0.9985057046895944,009810
1w_MA10,1W,10,10,2026-06-21,1934.0,2147.4,-9.937598956878091,-1.6578127862245773,low_r2,-0.10071358036950669,0.6846523674759724,0.3776674654798625,0.6698570682235392,009810
1w_MA20,1W,20,10,2026-06-21,1934.0,2199.15,-12.056931087010891,-3.0677685950413203,low_a,-0.08855498913481227,-0.10098112195233734,-0.06335117180292228,0.9915848503112791,009810
1M_MA10,1M,10,10,2026-06-30,1934.0,2461.3,-21.42363791492301,-11.179675940962063,low_a,-0.18912873483787632,-1.7188084081462693,-0.5048907882241206,0.994964910966007,009810
1M_MA20,1M,20,10,2026-06-30,1934.0,2958.9,-34.63787218222989,-5.248494940438075,vertex_out,0.1645630486537991,-6.486001984324258,2.189637628381718,0.9635088679757392,009810
1d_MA20,1D,20,10,2026-06-15,38700.0,39797.5,-2.7577109114894194,-1.879930966469423,low_a,0.03084566027377772,-1.4337117248838747,2.582232011747516,0.997280541980461,009830
1w_MA10,1W,10,10,2026-06-21,38700.0,43065.0,-10.135841170323934,-0.9886193815381028,low_a,0.027376342710173935,-1.2970293410078313,2.632096857290123,0.9085628432595518,009830
1w_MA20,1W,20,10,2026-06-21,38700.0,44620.0,-13.267593007619904,2.099422229849557,low_a,-0.11447591423130879,2.8580827489407064,1.3870374043950973,0.9991605484437659,009830
1M_MA10,1M,10,10,2026-06-30,38700.0,36295.0,6.626257060201124,6.296675940840535,vertex_out,0.10859700369984847,3.0117914483499293,-1.5407584134918917,0.9898618998729292,009830
1M_MA20,1M,20,10,2026-06-30,38700.0,30266.0,27.86625256062909,5.812225776565816,vertex_out,0.3142429513686801,-0.7869742616587535,0.1391305425434365,0.9780609624237526,009830
1d_MA20,1D,20,10,2026-06-15,20700.0,22487.5,-7.948860478043363,-2.1325209444021276,low_a,0.043605482376715285,-1.768635188115164,2.2533292855696185,0.9977893002186381,009835
1w_MA10,1W,10,10,2026-06-21,20700.0,24585.0,-15.80231848688225,-2.2465208747514898,low_a,-0.017673966884199834,-1.2342223628413305,-3.8795992714028955,0.9669812180809425,009835
1w_MA20,1W,20,10,2026-06-21,20700.0,26227.5,-21.075207320560484,-0.10474195391354524,low_a,-0.1117518559379009,1.59679520144636,0.793819876907398,0.9947858181959863,009835
1M_MA10,1M,10,10,2026-06-30,20700.0,23515.0,-11.971082287901336,-1.1351692243010247,low_a,-0.18405784324926575,2.680128618448075,0.8089632679036641,0.9750944100414346,009835
1M_MA20,1M,20,10,2026-06-30,20700.0,22023.5,-6.0094898631007805,0.777907429015956,low_a,0.09169558231061237,-0.37630032186516565,0.22798888354443816,0.8893609165629728,009835
1d_MA20,1D,20,10,2026-06-15,8780.0,9539.5,-7.961633209287699,-3.2652233433047684,low_a,0.03227312918513186,-2.2711290884393702,3.9095632011029045,0.9992105939841459,009900
1w_MA10,1W,10,10,2026-06-21,8780.0,10656.0,-17.6051051051051,-1.9236079153244323,low_a,-0.31702910051342564,3.3598313090589755,0.5887702253371414,0.9645118807458055,009900
1w_MA20,1W,20,10,2026-06-21,8780.0,10301.0,-14.765556742063879,-0.6749590203451894,low_a,-0.18109484727879238,2.407341233591377,0.7385145499919894,0.9889695385451377,009900
1M_MA10,1M,10,10,2026-06-30,8780.0,9722.0,-9.68936432832751,1.1338812025382339,vertex_out,0.303910526607093,-1.4251286493436044,0.26051685256293006,0.8808469515829417,009900
1M_MA20,1M,20,10,2026-06-30,8780.0,9497.0,-7.549752553437927,-4.1336496239842475,vertex_out,0.1830380666043842,-3.5402967869725597,1.0745478166403328,0.9832005139080586,009900
1d_MA20,1D,20,10,2026-06-15,190400.0,190590.0,-0.0996904349651051,-0.625684342249333,low_a,0.029546272630345538,-0.8487970809798188,1.5959845080200303,0.9938907607692584,009970
1w_MA10,1W,10,10,2026-06-21,190400.0,200040.0,-4.81903619276145,-2.4433065106071683,low_a,-0.015767330859249463,-1.1971853143293953,-4.218234261349667,0.9966850097708447,009970
1w_MA20,1W,20,10,2026-06-21,190400.0,212295.0,-10.313478885513083,-0.6156078835260481,low_a,-0.040429227286425166,0.5030259220824751,0.6912297472853465,0.9201016356396282,009970
1M_MA10,1M,10,10,2026-06-30,190400.0,190360.0,0.021012817818877316,6.061956763984844,low_a,-0.14165001801329646,7.545224292841624,2.9592592592592717,0.9871044121946402,009970
1M_MA20,1M,20,10,2026-06-30,190400.0,148175.0,28.496709971317703,7.307093456928704,vertex_out,0.10436644209158644,3.8929133492215313,-2.0722462077978188,0.9924700365757247,009970
1d_MA20,1D,20,10,2026-06-15,1629.0,1646.75,-1.077880674054954,-1.0128636691512316,low_a,0.047292079421673364,-1.4389267697412764,1.6903544330110787,0.99831826802138,010040
1w_MA10,1W,10,10,2026-06-21,1629.0,1797.0,-9.348914858096824,-3.3559212649241776,low_a,-0.09124668000647362,-0.45355662080872117,-0.2761480203240411,0.9974464650261834,010040
1w_MA20,1W,20,10,2026-06-21,1629.0,1906.4,-14.550986151909362,-2.2083151658159994,low_a,-0.07042693604046645,-0.1606175618328035,-0.12670149208923467,0.9972252443052341,010040
1M_MA10,1M,10,10,2026-06-30,1629.0,1973.3,-17.447929863680123,-6.704174743510938,low_a,-0.2350254608007001,0.7319823121786045,0.1730267174942662,0.990716903522623,010040
1M_MA20,1M,20,10,2026-06-30,1629.0,2111.9,-22.865665987972918,-3.1260750900208745,low_a,0.04550805464803034,-1.8415188937933369,2.2480988475996946,0.9972410066953127,010040
1d_MA20,1D,20,10,2026-06-15,283000.0,307650.0,-8.012351698358522,-1.8347160178685429,low_a,-0.012229159562528704,-0.7390075215829842,-3.357219538379094,0.9972648005272842,010060
1w_MA10,1W,10,10,2026-06-21,283000.0,317450.0,-10.852102693337528,5.209955920856402,low_a,-0.33814567534131745,8.601393889465223,1.4131637661758172,0.9991872965351994,010060
1w_MA20,1W,20,10,2026-06-21,283000.0,245285.0,15.375991193917283,7.541048293399388,low_a,-0.11682576837707596,6.275620140773788,2.984320738649079,0.9987233149906921,010060
1M_MA10,1M,10,10,2026-06-30,283000.0,187760.0,50.72432893054963,31.632080762759387,vertex_out,1.5910852775259567,-3.694646703121287,0.12900512189552094,0.9877407783493241,010060
1M_MA20,1M,20,10,2026-06-30,283000.0,130450.0,116.94135684170179,23.28702391078348,vertex_out,1.1398137452337413,-4.358033110984889,0.2124144858076102,0.9825658456359724,010060
1d_MA20,1D,20,10,2026-06-15,4130.0,4211.25,-1.929355891956075,-2.624429157754782,low_a,-0.06668455712594018,-0.4590904831275831,-0.38247276340536523,0.9962074791557439,010100
1w_MA10,1W,10,10,2026-06-21,4130.0,4433.5,-6.845607307995937,-1.7833407177669458,low_a,0.05057439407371277,-1.423183924697455,1.5633558254610775,0.9120884012888135,010100
1w_MA20,1W,20,10,2026-06-21,4130.0,4687.25,-11.888634060483227,-4.346717004234479,low_a,-0.17974649076104013,1.1421052704616363,0.35299878475945756,0.9047481402164642,010100
1M_MA10,1M,10,10,2026-06-30,4130.0,4533.0,-8.890359585263619,-0.2859656841179059,low_r2,0.06193350199890499,0.31771886525437487,-0.28499999999999304,0.5877775149368318,010100
1M_MA20,1M,20,10,2026-06-30,4130.0,4378.5,-5.675459632294166,1.090909090909098,low_r2,0.1611825895367986,-1.3391432929928508,0.4615687700794065,0.6539567016159624,010100
1d_MA20,1D,20,10,2026-06-15,257500.0,246450.0,4.483668086833026,-1.6952532907858031,low_a,0.02829594345867747,-1.666104380139413,3.271188132933732,0.9865574531343795,010120
1w_MA10,1W,10,10,2026-06-21,257500.0,249250.0,3.3099297893681046,7.255045397822624,low_a,-0.2517255415364014,7.379043346096424,1.6285469089024927,0.9956466671424744,010120
1w_MA20,1W,20,10,2026-06-21,257500.0,198915.0,29.45227861146722,7.136509304392313,low_a,-0.125911092020623,5.969779689024772,2.634036619376799,0.9974808248287514,010120
1M_MA10,1M,10,10,2026-06-30,257500.0,151910.0,69.50826147060761,33.35966991484505,vertex_out,1.4047133087628398,0.21515399103171456,-0.008509209265119853,0.9967692510583334,010120
1M_MA20,1M,20,10,2026-06-30,257500.0,98966.0,160.19036840935271,28.340595497458242,vertex_out,1.0553292020932385,0.5259603321487114,-0.02768806017567644,0.9941210134311583,010120
1d_MA20,1D,20,10,2026-06-15,1253000.0,1318350.0,-4.956953767967532,-2.0724233983286933,low_a,0.01564076816365034,-1.4257939449599566,5.06437880104163,0.9970991320537771,010130
1w_MA10,1W,10,10,2026-06-21,1253000.0,1440700.0,-13.028388977580342,-4.068451191903044,low_a,-0.028482117309610082,-1.3541996287077946,-2.6414227526759153,0.9844842708536704,010130
1w_MA20,1W,20,10,2026-06-21,1253000.0,1546300.0,-18.967858759619737,-3.162575150300606,low_r2,-0.15102144368024456,1.4112932961659153,0.5191658959792144,0.8165297026236934,010130
1M_MA10,1M,10,10,2026-06-30,1253000.0,1415300.0,-11.467533385148021,7.643748098570136,low_a,0.08656457339163909,6.0118151192398575,-3.8582726831634506,0.9778077586757379,010130
1M_MA20,1M,20,10,2026-06-30,1253000.0,1132650.0,10.6255242131285,4.329203702850837,low_a,-0.07980243107416574,6.058011498807595,4.217367689781474,0.9860723924780868,010130
1d_MA20,1D,20,10,2026-06-15,28650.0,27982.5,2.385419458590188,-0.9994693083318573,low_a,0.0007160266820191128,-0.9680029807539813,75.10606060597291,0.9872780494526072,010140
1w_MA10,1W,10,10,2026-06-21,28650.0,29780.0,-3.7944929482874423,-0.3013056578506812,low_a,-0.11328055882511359,1.4030505614664144,0.6880902974281617,0.9109597363859444,010140
1w_MA20,1W,20,10,2026-06-21,28650.0,29037.5,-1.334481274214383,-0.7349799162464699,low_a,-0.14368483651493846,1.770962367500849,0.6847403009312166,0.9838948989576588,010140
1M_MA10,1M,10,10,2026-06-30,28650.0,27195.0,5.350248207391073,6.359263170245222,low_a,-0.14066465791256028,6.788608797185453,2.6811634050353277,0.9971405387988809,010140
1M_MA20,1M,20,10,2026-06-30,28650.0,21194.0,35.17976785882797,9.558025329542508,low_a,0.021911974378617236,5.050458500028385,-12.80491766425025,0.9988732657837948,010140
1d_MA20,1D,20,10,2026-06-15,3780.0,3683.25,2.6267562614538775,-0.6406797949824683,low_a,0.04352724861211911,-0.9210285153634267,1.1755452615324997,0.9982386627363861,010400
1w_MA10,1W,10,10,2026-06-21,3780.0,3887.5,-2.7652733118971096,-0.47363031233998987,low_r2,-0.06345187477335171,0.48895154499758176,0.42810357958873274,0.8257371516281284,010400
1w_MA20,1W,20,10,2026-06-21,3780.0,3878.0,-2.527075812274371,-0.5768491219074523,low_a,-0.045982037507462714,0.18001437492964167,0.2174935942231621,0.9193141917928056,010400
1M_MA10,1M,10,10,2026-06-30,3780.0,3702.5,2.0931802835921776,5.80082868981282,vertex_out,0.12367360789931783,2.1082560622981323,-0.947051992610193,0.9890977341853856,010400
1M_MA20,1M,20,10,2026-06-30,3780.0,3280.5,15.22633744855968,1.3829869427489871,pass,0.18605870568887214,-1.9714788585967666,0.5886669094566668,0.9430968874345803,010400
1d_MA20,1D,20,10,2026-06-15,2060.0,2143.25,-3.884287880555226,-0.13977868375072422,low_r2,-0.012065271533777492,0.04813779138950906,0.22165450121654381,0.8352898841620676,010580
1w_MA10,1W,10,10,2026-06-21,2060.0,2141.0,-3.783278841662774,0.11690437222351413,low_a,0.03305948218289278,0.2542180137573823,-0.4272064186725088,0.9292566527083764,010580
1w_MA20,1W,20,10,2026-06-21,2060.0,2104.4,-2.109865044668313,-2.070826934710779,low_a,-0.08122744312594869,0.22501878575578582,0.15390172547614842,0.9521038860611444,010580
1M_MA10,1M,10,10,2026-06-30,2060.0,2235.5,-7.850592708566317,6.113827312858988,low_a,-0.20199283498936177,6.569109641018617,1.806749905913078,0.9983719793541831,010580
1M_MA20,1M,20,10,2026-06-30,2060.0,1780.55,15.694588750666938,5.736512366756719,low_a,0.06414012910676095,2.038125543230073,-1.7653409561687299,0.9992284511863783,010580
1d_MA20,1D,20,10,2026-06-15,2205.0,2048.8,7.623975009761796,0.024410486745107818,pass,0.1056515253958479,-1.5053993470895974,0.79159573652327,0.9951055667645328,010640
1w_MA10,1W,10,10,2026-06-21,2205.0,2213.1,-0.3660024400162665,-0.8067769261799085,low_a,0.07990860577023935,-2.5555481430019653,1.7767159802745394,0.9903698271226243,010640
1w_MA20,1W,20,10,2026-06-21,2205.0,2417.8,-8.80138969310944,-2.7746501528068235,low_a,0.019001556381691098,-1.8604124135043518,5.439356814701498,0.9990622739437821,010640
1M_MA10,1M,10,10,2026-06-30,2205.0,2874.3,-23.285669554326272,-8.557885025291888,vertex_out,0.2962638303488807,-7.09146091553394,1.3297946306812307,0.9904530714435624,010640
1M_MA20,1M,20,10,2026-06-30,2205.0,3649.55,-39.58159225109945,-9.684723700165797,low_a,-0.145843308414177,-1.9448296391388324,-0.7408368079283479,0.9989649323790954,010640
1d_MA20,1D,20,10,2026-06-15,2980.0,3715.0,-19.784656796769852,-4.363495945424123,low_a,-0.05291300908645118,-1.7412944223862568,-1.8282569956171595,0.9962713346041138,010660
1w_MA10,1W,10,10,2026-06-21,2980.0,4204.0,-29.115128449096094,-12.371026576341848,low_a,-0.3356532382102528,-0.43419684055481417,-0.07186597342576405,0.998624119845054,010660
1w_MA20,1W,20,10,2026-06-21,2980.0,5068.0,-41.19968429360694,-5.847382843342153,low_a,-0.1632764997201053,0.585856446966656,0.19934026294555995,0.9619137602235014,010660
1M_MA10,1M,10,10,2026-06-30,2980.0,4911.5,-39.32607146492925,-4.917239376633431,low_a,-0.5621684652579559,7.312173919367076,0.7226159230096247,0.9532370043087379,010660
1M_MA20,1M,20,10,2026-06-30,2980.0,4398.5,-32.24963055587132,1.3888088514954156,vertex_out,0.14524550757906984,0.6843397501581311,-0.2617559444176823,0.9201742999776023,010660
1d_MA20,1D,20,10,2026-06-15,10780.0,11115.5,-3.018307768431472,-3.9490170663210145,low_a,-0.08926197753046226,-0.5060123570286232,-0.3149358594829208,0.9913085893388779,010690
1w_MA10,1W,10,10,2026-06-21,10780.0,11653.0,-7.491633055865443,-0.6564364876385342,low_a,-0.03740590877797988,-0.2211477868497865,-0.3284504657070113,0.8816274167566771,010690
1w_MA20,1W,20,10,2026-06-21,10780.0,11760.5,-8.337230559925167,0.9744998712114761,low_a,-0.11719149200876118,2.3971054324206142,1.1363668278360304,0.9817024793154882,010690
1M_MA10,1M,10,10,2026-06-30,10780.0,10265.0,5.017048222113973,4.712843007242684,vertex_out,0.1781629406176627,1.6164253103008026,-0.5040408842405448,0.9679647022126457,010690
1M_MA20,1M,20,10,2026-06-30,10780.0,9050.0,19.116022099447516,2.369775465188617,pass,0.24786067896130862,-2.330249414776958,0.5223026958671033,0.9725042584847522,010690
1d_MA20,1D,20,10,2026-06-15,4250.0,4444.0,-4.365436543654367,0.3726708074534235,low_a,-0.006563625069897744,0.28976790677432,2.4526411657557667,0.9847226190423193,010770
1w_MA10,1W,10,10,2026-06-21,4250.0,4270.0,-0.4683840749414525,2.4103609545509164,low_a,0.09093595199029478,0.19901449677629934,-0.1215840455840461,0.9625776573500601,010770
1w_MA20,1W,20,10,2026-06-21,4250.0,4091.5,3.8738848832946315,0.9997531473710186,low_a,0.04026567823118136,0.26738220038905813,-0.3689138576778715,0.9414175198763974,010770
1M_MA10,1M,10,10,2026-06-30,4250.0,3997.5,6.316447779862422,-0.6585487077534813,low_a,0.05218530094459355,-3.419196228980428,3.6400162999184116,0.919762336732361,010770
1M_MA20,1M,20,10,2026-06-30,4250.0,4380.25,-2.973574567661663,3.969855210064077,low_a,0.0773206111029532,0.5814722361517968,-0.4177930393815841,0.9967924161012863,010770
1d_MA20,1D,20,10,2026-06-15,25850.0,27955.0,-7.529958862457519,-0.9127159946832109,low_a,-0.035308115209138596,0.261118797597105,0.41085738450154285,0.903801835789112,010780
1w_MA10,1W,10,10,2026-06-21,25850.0,27780.0,-6.947444204463638,-1.8894578845135124,low_a,0.057736629224859774,-1.296305963007436,1.2473363774733328,0.9422532644307575,010780
1w_MA20,1W,20,10,2026-06-21,25850.0,28777.5,-10.172878116584139,0.9736842105263266,low_a,-0.017544737172753948,1.0441189114722003,3.3062111801242153,0.9794437785513007,010780
1M_MA10,1M,10,10,2026-06-30,25850.0,23967.0,7.856636208119494,6.53420456060807,vertex_out,0.20766978323030882,1.0500795501677445,-0.2809159420289831,0.9660541380017823,010780
1M_MA20,1M,20,10,2026-06-30,25850.0,21729.0,18.965437894058624,2.851868506378241,pass,0.2518650760369609,-2.2553601027987793,0.4974797834632451,0.916537468457953,010780
1d_MA20,1D,20,10,2026-06-15,8050.0,9434.0,-14.670341318634728,-4.4222683754622345,low_a,0.036256584217254036,-2.781523213484648,4.262096685387021,0.999827880829768,010820
1w_MA10,1W,10,10,2026-06-21,8050.0,11153.0,-27.822110642876353,-4.018932874354563,low_a,-0.6465002576574548,8.807785825526492,0.7568774009843265,0.9962498777417081,010820
1w_MA20,1W,20,10,2026-06-21,8050.0,9290.25,-13.3500174914561,3.906162621630682,low_a,-0.32482284998959526,7.152875086236789,1.2233805264873028,0.9997169700259945,010820
1M_MA10,1M,10,10,2026-06-30,8050.0,6593.0,22.09919611709388,15.332808536692033,vertex_out,0.9226480233609327,-1.498693749623059,0.09024109059991642,0.9789610074318585,010820
1M_MA20,1M,20,10,2026-06-30,8050.0,5075.5,58.60506354053787,12.55128062978157,vertex_out,0.6943658310289735,-1.701704705446671,0.13615178927006857,0.9825690499786093,010820
1d_MA20,1D,20,10,2026-06-15,113700.0,110045.0,3.3213685310554686,-0.23571007660577736,low_a,0.05322506380188379,-0.7933159958058236,0.8280518186347657,0.9769054947975909,010950
1w_MA10,1W,10,10,2026-06-21,113700.0,115440.0,-1.5072765072765115,-0.6027208541415585,low_r2,-0.06858589772189076,0.6134638389578347,0.49691446082316915,0.4237207718471304,010950
1w_MA20,1W,20,10,2026-06-21,113700.0,113995.0,-0.258783279968422,0.8716042828068371,low_a,-0.10882533915031363,2.2808874369583827,1.1643976458909564,0.9988873006417642,010950
1M_MA10,1M,10,10,2026-06-30,113700.0,97070.0,17.13196662202534,11.242264496905797,vertex_out,0.4051973820872047,2.5413216647914227,-0.34843398100353906,0.9934047077655523,010950
1M_MA20,1M,20,10,2026-06-30,113700.0,77305.0,47.07974904598669,7.10772428126083,vertex_out,0.3323752014676505,-0.38193607457627876,0.06383951244286329,0.9926718190540362,010950
1d_MA20,1D,20,10,2026-06-15,56400.0,53950.0,4.541241890639491,-0.4245108896271721,low_a,0.03079802081571313,-0.581454133240225,1.0488663409745391,0.9820134235074608,010955
1w_MA10,1W,10,10,2026-06-21,56400.0,55880.0,0.9305654974946398,0.17927572606668551,low_r2,-0.01261456997673015,-0.020520599930053146,-0.09037433155076977,0.670233531033306,010955
1w_MA20,1W,20,10,2026-06-21,56400.0,55905.0,0.885430641266427,-0.10720986330742255,low_a,-0.07230588579200196,1.2267502944533852,0.9425621910275779,0.9959676852187036,010955
1M_MA10,1M,10,10,2026-06-30,56400.0,51200.0,10.15625,5.610561056105601,vertex_out,0.13449232685882237,2.2058715016980126,-0.911192628034763,0.9868814178125171,010955
1M_MA20,1M,20,10,2026-06-30,56400.0,44912.5,25.577511828555522,2.85697927401809,vertex_out,0.15457601879346006,-0.533181755987131,0.19162874614807304,0.97895120273509,010955
1d_MA20,1D,20,10,2026-06-15,3250.0,3275.0,-0.7633587786259555,-1.4296463506395796,low_a,0.03880796943887681,-1.481525307325971,2.1208778173190517,0.9983768746295297,010960
1w_MA10,1W,10,10,2026-06-21,3250.0,3598.5,-9.684590801722937,-3.318108543793663,low_a,-0.14214738950787237,-0.05848991520182045,-0.02285965113171853,0.9880210475160563,010960
1w_MA20,1W,20,10,2026-06-21,3250.0,3812.5,-14.754098360655743,-1.3583441138421692,low_a,-0.09851449777031467,0.6564858128412469,0.37021387584768123,0.9785469137917442,010960
1M_MA10,1M,10,10,2026-06-30,3250.0,3609.5,-9.959828231056933,-0.9059711736444709,low_a,-0.11193263905741406,2.2927870803097004,1.1379796017484187,0.965699499928661,010960
1M_MA20,1M,20,10,2026-06-30,3250.0,3423.0,-5.0540461583406415,0.16826395493452218,low_a,0.0010135772045143847,0.4400501743240179,-24.119753086399374,0.9747042952176757,010960
1d_MA20,1D,20,10,2026-06-15,914.0,1128.45,-19.003943462271256,-1.1518920812894073,low_a,-0.18062387277415654,1.6127369959075173,0.4960390805298867,0.8770254113175134,011000
1w_MA10,1W,10,10,2026-06-21,914.0,1033.3,-11.545533726894408,2.520091278896719,low_r2,0.47002001727908127,-4.6806811560764165,0.5532484414378549,0.8360001281874618,011000
1w_MA20,1W,20,10,2026-06-21,914.0,1121.3,-18.487469901007756,-7.734715708055628,low_a,0.08292462205336462,-3.966011341000842,2.6570391028993026,0.9957675459055224,011000
1M_MA10,1M,10,10,2026-06-30,914.0,1538.2,-40.579898582759064,-13.999776361399974,low_a,-0.6725063599830188,1.350159757666294,0.11153630640429814,0.973819580487074,011000
1M_MA20,1M,20,10,2026-06-30,914.0,1944.15,-52.9871666280894,-7.337591153901135,low_a,-0.27732159378710874,0.05148442349131567,0.010313822701139024,0.9892122416302332,011000
1d_MA20,1D,20,10,2026-06-15,1209000.0,1059450.0,14.115814809571003,3.578237278193286,low_a,-0.10096452947150737,3.2985465350623557,1.815019455252913,0.9991520957299138,011070
1w_MA10,1W,10,10,2026-06-21,1209000.0,859200.0,40.7122905027933,21.846415656243344,vertex_out,0.9175016077390398,3.7119316471457537,-0.2247608321358761,0.9935024153107416,011070
1w_MA20,1W,20,10,2026-06-21,1209000.0,574150.0,110.57215013498217,17.653688524590173,vertex_out,0.6972408777179078,1.8796948403418519,-0.14977247385709436,0.9947660856063791,011070
1M_MA10,1M,10,10,2026-06-30,1209000.0,503430.0,140.1525534831059,86.94715733967098,vertex_out,2.7316484798309246,-11.524828589971284,0.23438896319413471,0.9489315750121934,011070
1M_MA20,1M,20,10,2026-06-30,1209000.0,329335.0,267.1034053471389,52.63596968924524,vertex_out,1.5049733517175552,-8.111057159019088,0.29941678774438546,0.899058828420012,011070
1d_MA20,1D,20,10,2026-06-15,1460.0,1545.4,-5.526077390966744,-4.315522258683657,low_a,0.0202896071667291,-2.4813097302203966,6.794145368858946,0.9998098969870177,011090
1w_MA10,1W,10,10,2026-06-21,1460.0,1804.3,-19.08219254004323,-6.667701220773847,low_a,-0.18480842597860095,-0.8644359340042485,-0.25985946420728845,0.9930132084948669,011090
1w_MA20,1W,20,10,2026-06-21,1460.0,2054.4,-28.93302180685359,-5.429603885193446,low_a,-0.060846226656974006,-1.7379685906686833,-1.5868496026390475,0.99675160092977,011090
1M_MA10,1M,10,10,2026-06-30,1460.0,2279.4,-35.948056506098105,-12.499040307101728,low_a,-0.44781811279747535,1.1029487410198386,0.13682995016409516,0.9890185078426511,011090
1M_MA20,1M,20,10,2026-06-30,1460.0,2622.45,-44.32686991172376,-4.992301421972655,low_a,-0.21237408394568588,0.9456054066086189,0.2473636741567496,0.987505314130484,011090
1d_MA20,1D,20,10,2026-06-15,2115.0,2204.7,-4.0685807592869665,-1.8038482095136255,low_a,0.030168505230437768,-1.466222021773976,2.700060157612957,0.999262185629815,011150
1w_MA10,1W,10,10,2026-06-21,2115.0,2419.5,-12.585244885306878,-4.556213017751476,low_a,-0.1387591021076972,-0.19552942355093242,-0.07828492392807868,0.9963013987275657,011150
1w_MA20,1W,20,10,2026-06-21,2115.0,2595.25,-18.504960986417494,-2.6994095041709576,low_a,-0.10288409017941547,0.08587225277588778,0.04636946977372442,0.9963849793548453,011150
1M_MA10,1M,10,10,2026-06-30,2115.0,2638.5,-19.840818646958503,-5.430107526881722,low_a,-0.10448217885856187,-0.24180161392983227,-0.12857142857143797,0.985291357348954,011150
1M_MA20,1M,20,10,2026-06-30,2115.0,2810.25,-24.739791833466775,-4.062473329350514,low_a,-0.12673475720619984,-0.6088267379417595,-0.26688580472363455,0.9577001600753083,011150
1d_MA20,1D,20,10,2026-06-15,9720.0,11540.5,-15.774879771240414,-3.000630384534564,low_a,-0.027851711225103788,-1.1442170819488882,-2.282359426681519,0.9981514338127155,011155
1w_MA10,1W,10,10,2026-06-21,9720.0,12075.0,-19.50310559006211,-5.219780219780223,low_a,-0.07586286893174969,-0.861027739630549,-0.6305439683141195,0.9908409952390725,011155
1w_MA20,1W,20,10,2026-06-21,9720.0,13163.0,-26.1566512193269,-4.411604516902068,low_a,-0.10052529815375504,-0.35496124428930603,-0.19617021276595978,0.9977354215619786,011155
1M_MA10,1M,10,10,2026-06-30,9720.0,14379.0,-32.401418735656165,-8.015609007164793,low_a,-0.21953281786416395,-0.03936865677032812,-0.00996273641285314,0.9935745770338343,011155
1M_MA20,1M,20,10,2026-06-30,9720.0,15913.5,-38.91978508813272,-4.161522478846091,low_a,-0.04439918821900536,-1.2955846956948374,-1.6211316113160799,0.9983656787699499,011155
1d_MA20,1D,20,10,2026-06-15,80900.0,79665.0,1.5502416368543326,-1.2702937166935158,low_a,0.07096279248177936,-2.0074685800672274,1.5716127892598486,0.9961430638153785,011170
1w_MA10,1W,10,10,2026-06-21,80900.0,88420.0,-8.50486315313278,-1.6681494661921703,low_a,-0.2348115491631959,2.734646152707034,0.6470072992700753,0.9782083748016076,011170
1w_MA20,1W,20,10,2026-06-21,80900.0,85200.0,-5.046948356807512,-0.3683564286967145,low_a,-0.15534898723824564,2.3018242403150433,0.8231732097862308,0.9947495655422086,011170
1M_MA10,1M,10,10,2026-06-30,80900.0,81630.0,-0.8942790640695808,4.027016694278074,vertex_out,0.19908837465408896,1.531618921908035,-0.42739783402141673,0.9813562366341027,011170
1M_MA20,1M,20,10,2026-06-30,80900.0,71700.0,12.831241283124118,-2.4025045940243683,ma_not_rising,0.23917708550308414,-3.5614981810431283,0.8272573839662418,0.9723187306240053,011170
1d_MA20,1D,20,10,2026-06-15,21300.0,19678.5,8.239957313819657,0.3621063368608901,low_a,0.02772697205724694,-0.5577619972497125,1.1175680330692683,0.9563447879771326,011200
1w_MA10,1W,10,10,2026-06-21,21300.0,20405.0,4.38617985787797,-0.1712328767123239,low_a,0.04254378937495586,-0.8318463126642969,1.086261584025937,0.9793203817497318,011200
1w_MA20,1W,20,10,2026-06-21,21300.0,20745.5,2.6728688149237234,0.24159841511439684,low_r2,-0.00020098579512774483,-0.02092079412922255,-5.782828282832812,0.31463449305000557,011200
1M_MA10,1M,10,10,2026-06-30,21300.0,20252.0,5.174797550859167,-2.2634042758554074,low_r2,-0.15246025467008031,1.3180483443744768,0.4802885065308391,0.8194462957153144,011200
1M_MA20,1M,20,10,2026-06-30,21300.0,20197.0,5.461207109966826,1.3066486093346485,low_a,-0.01746643623336554,0.8141214127533868,2.589478859390263,0.9872075632721425,011200
1d_MA20,1D,20,10,2026-06-15,82000.0,83225.0,-1.4719134875337936,-2.093994470913474,low_a,-0.09343942530428652,0.11437265232897423,0.06800166225130966,0.9908964632826538,011210
1w_MA10,1W,10,10,2026-06-21,82000.0,85180.0,-3.733270720826487,0.41258988565366916,low_r2,0.06377201678533274,-0.5406524454621731,0.47099415204677864,0.5338260403595965,011210
1w_MA20,1W,20,10,2026-06-21,82000.0,85070.0,-3.6087927589044333,-0.8450375896031259,low_a,-0.13544808325217458,1.624059367218706,0.6661262251534348,0.964222523822991,011210
1M_MA10,1M,10,10,2026-06-30,82000.0,76470.0,7.2315940891853,10.529739105297399,vertex_out,0.12411587772222483,5.3072536240815555,-2.3755818270081774,0.9934537774992878,011210
1M_MA20,1M,20,10,2026-06-30,82000.0,59935.0,36.81488278968883,7.132004647421564,vertex_out,0.21477978119125726,0.6517849468300532,-0.16859256780621865,0.991730532437591,011210
1d_MA20,1D,20,10,2026-06-15,2875.0,2639.5,8.922144345519989,1.0334928229664975,low_r2,-0.018919097589489006,0.3055035582400867,0.8971051511281652,0.5923836042480497,011230
1w_MA10,1W,10,10,2026-06-21,2875.0,2593.0,10.875433860393358,-0.3650336215177741,low_r2,0.11766110894418678,-1.1131917517209435,0.5256111111111075,0.4552329315386253,011230
1w_MA20,1W,20,10,2026-06-21,2875.0,2615.25,9.932128859573663,-1.4878990488746635,low_a,0.011105235625425003,-0.5401827872111843,2.70234291799795,0.8929963676599907,011230
1M_MA10,1M,10,10,2026-06-30,2875.0,2916.5,-1.4229384536259215,-9.02994385527136,low_a,-0.3912438476632919,-0.5156170077653958,-0.07321620388763854,0.9837381258683825,011230
1M_MA20,1M,20,10,2026-06-30,2875.0,3498.25,-17.816050882584143,0.22920994198123434,vertex_out,0.13314816170543278,-2.433130787525882,1.0152144115919202,0.9923612075641772,011230
1d_MA20,1D,20,10,2026-06-15,2090.0,1860.75,12.32030095391643,1.0151733123422213,low_a,0.07302879258112976,-0.8933126186018053,0.6795741385985221,0.960417351336953,011280
1w_MA10,1W,10,10,2026-06-21,2090.0,1996.9,4.662226450999052,-0.47348484848485084,low_a,-0.023828842920267487,-0.30727913199170676,-0.716403349736653,0.9521445829659386,011280
1w_MA20,1W,20,10,2026-06-21,2090.0,2037.0,2.6018654884634174,0.1598033189920134,low_r2,-0.050467776315596416,0.28537636118144727,0.31414584602885776,0.7057505456511313,011280
1M_MA10,1M,10,10,2026-06-30,2090.0,1951.9,7.075157538808341,-0.6363266137242918,low_a,0.08259964629794081,-1.43632937280665,0.966058328860246,0.9536119958565523,011280
1M_MA20,1M,20,10,2026-06-30,2090.0,2018.1,3.5627570487091864,-1.0589792616561344,vertex_out,0.18989990853800412,-3.130549512633297,0.9158478206097214,0.9918050096938369,011280
1d_MA20,1D,20,10,2026-06-15,2550.0,2532.75,0.6810778797749384,-1.3630610456625503,low_a,0.029406916101051644,-1.0160306805397474,1.9194854953476823,0.9977649409852548,011300
1w_MA10,1W,10,10,2026-06-21,2550.0,2873.0,-11.24260355029586,-5.508962341720114,low_a,-0.04097809157332879,-1.547182425158613,-2.0975739932072224,0.9904586488093963,011300
1w_MA20,1W,20,10,2026-06-21,2550.0,3163.5,-19.39307728781413,-4.085499886303346,low_a,-0.08564465490624731,-0.5934638089760935,-0.3849651988892301,0.9989623603902346,011300
1M_MA10,1M,10,10,2026-06-30,2550.0,3461.5,-26.332514805720063,-7.631754503001997,vertex_out,0.255322481291422,-6.6347402791176,1.4436514963697546,0.9958135192491884,011300
1M_MA20,1M,20,10,2026-06-30,2550.0,4324.25,-41.030236457189105,-3.6754469009300017,vertex_out,0.43034535693562953,-9.671772562645709,1.2485802141584004,0.996458944285575,011300
1d_MA20,1D,20,10,2026-06-15,396.0,485.55,-18.44300278035218,-3.565044687189667,low_a,0.0018817262667282122,-1.5940537449971388,47.06239316237429,0.9993648738013238,011330
1w_MA10,1W,10,10,2026-06-21,396.0,543.1,-27.08525133492912,-8.073798239675,vertex_out,0.3235919203440878,-7.527935101514188,1.2924260170219335,0.9829255152375712,011330
1w_MA20,1W,20,10,2026-06-21,396.0,717.75,-44.827586206896555,-9.819072747832635,low_a,-0.05236956155636068,-3.51113207612015,-3.72473794549258,0.9999311400975246,011330
1M_MA10,1M,10,10,2026-06-30,396.0,998.3,-60.332565361113886,-19.795934763396804,low_a,-0.664157843490701,1.9716729672568711,0.1649267386410981,0.9948972826728286,011330
1M_MA20,1M,20,10,2026-06-30,396.0,1267.2,-68.75,-7.304048864342927,low_a,-0.09160805055460253,-1.6579192388642459,-1.0054424673784241,0.9967542453217357,011330
1d_MA20,1D,20,10,2026-06-15,51000.0,52070.0,-2.054926061071638,-3.390695301266289,low_a,0.05151198560566717,-2.7553569826771964,2.9716460378430853,0.9982313652989573,011390
1w_MA10,1W,10,10,2026-06-21,51000.0,62465.0,-18.3542783959017,-7.4181117533718695,low_a,-0.18466590514913103,-0.9487204324882923,-0.28541646954931704,0.9985313605004474,011390
1w_MA20,1W,20,10,2026-06-21,51000.0,70942.5,-28.110793952849132,-3.8328588857259094,low_a,-0.14572892214206976,0.182426953845731,0.06954577458088193,0.9962358114083689,011390
1M_MA10,1M,10,10,2026-06-30,51000.0,72040.0,-29.205996668517486,-10.319930287563794,low_a,-0.4490265995591522,2.4381644060658236,0.3016604767908056,0.9707083068088933,011390
1M_MA20,1M,20,10,2026-06-30,51000.0,77595.0,-34.274115600231966,-0.23785034713293962,low_a,-0.09028645364937385,2.02747017255599,1.2475540599489174,0.9804913212053386,011390
1d_MA20,1D,20,10,2026-06-15,1430.0,1537.65,-7.000942997431148,-1.969972267380693,low_a,0.024500854589811664,-1.4845091130112171,3.366116402115961,0.9984111222026275,011420
1w_MA10,1W,10,10,2026-06-21,1430.0,1670.1,-14.376384647625883,-3.8403961308152934,low_a,-0.13109525769143354,0.24120930267474763,0.10221969162916117,0.9861490929914238,011420
1w_MA20,1W,20,10,2026-06-21,1430.0,1752.65,-18.409265968676014,-3.171183116488485,low_a,-0.10524004502777094,0.21503853338117251,0.11351748457244036,0.9952926249094275,011420
1M_MA10,1M,10,10,2026-06-30,1430.0,1841.5,-22.345913657344553,-8.131703666749813,low_a,-0.3136750771944285,1.073548634234544,0.19013812421520415,0.9930844851768705,011420
1M_MA20,1M,20,10,2026-06-30,1430.0,2013.25,-28.970569973922768,-3.6952882085625416,low_a,-0.013358517166123896,-0.8922420785596069,-3.7106666666660826,0.9424756336429899,011420
1d_MA20,1D,20,10,2026-06-15,17000.0,17835.5,-4.684477586835245,-2.4129346428473752,low_a,0.05396477110250609,-2.250049631400965,2.3163770501798457,0.9970374283227661,011500
1w_MA10,1W,10,10,2026-06-21,17000.0,20236.0,-15.991302628978055,-3.6747905559786798,low_a,-0.07515860397043377,-0.7168066958989938,-0.5298474441100098,0.9918830870148203,011500
1w_MA20,1W,20,10,2026-06-21,17000.0,21635.5,-21.425435048878004,-3.4840407735373446,low_a,-0.24569099290462104,2.981360462258202,0.6741441142550207,0.9668520094452105,011500
1M_MA10,1M,10,10,2026-06-30,17000.0,19180.0,-11.366006256517203,3.2681849997307832,vertex_out,0.19476164449387273,1.5759862601223136,-0.44954843371006725,0.9386157299936401,011500
1M_MA20,1M,20,10,2026-06-30,17000.0,17032.5,-0.19081168354616596,-0.5227193084920034,low_r2,0.08997204970064063,0.26754834188290555,-0.16520460321542163,0.7625508043005744,011500
1d_MA20,1D,20,10,2026-06-15,4290.0,5159.0,-16.844349680170577,-6.063364894391842,low_a,0.04505335827260931,-3.8077588770683963,4.6953694008142906,0.9983079636407303,011690
1w_MA10,1W,10,10,2026-06-21,4290.0,6316.0,-32.07726409119695,-3.7488570557756784,low_a,-0.23081337051629514,1.2559181902606595,0.30229285520239374,0.9785398835704333,011690
1w_MA20,1W,20,10,2026-06-21,4290.0,6513.5,-34.136792814922856,-1.1233396584440225,low_a,-0.30802461406257015,4.399823226409129,0.7935554904704569,0.9947315588313617,011690
1M_MA10,1M,10,10,2026-06-30,4290.0,5101.0,-15.898843364046266,6.326211568525264,vertex_out,0.18496184411388078,6.160558299303907,-1.8503991484832523,0.9748409206756921,011690
1M_MA20,1M,20,10,2026-06-30,4290.0,3865.5,10.981761738455575,5.012224938875298,vertex_out,0.3449067238067765,0.35190043518970265,-0.05668206163518577,0.9611816121842424,011690
1d_MA20,1D,20,10,2026-06-15,2860.0,3224.0,-11.290322580645162,-3.8186157517899777,low_a,0.08155795430859542,-3.3239169293153683,2.2641819941917056,0.9973640331402983,011700
1w_MA10,1W,10,10,2026-06-21,2860.0,3768.5,-24.107735173145816,-7.612159843098798,low_a,-0.2468161667448128,-0.3384734164520502,-0.07618657618656888,0.992093726178751,011700
1w_MA20,1W,20,10,2026-06-21,2860.0,4242.5,-32.586918090748384,-3.050731261425965,low_a,-0.24082133139774492,2.6510066698643833,0.6115660413925367,0.9762471490580077,011700
1M_MA10,1M,10,10,2026-06-30,2860.0,3690.5,-22.503725782414307,-2.919900039458112,low_r2,-0.0825917196023976,2.515324401445414,1.6919401266551253,0.8366750362766391,011700
1M_MA20,1M,20,10,2026-06-30,2860.0,3487.25,-17.986952469711092,-0.8881625692766848,ma_not_rising,0.23830404089017596,-2.7645574306036385,0.6444981937725753,0.8971899059694951,011700
1d_MA20,1D,20,10,2026-06-15,25450.0,26110.0,-2.5277671390271927,-1.1452910553715112,low_a,0.03544521003299032,-1.2190702927851413,1.9107272128989168,0.9971582413144907,011760
1w_MA10,1W,10,10,2026-06-21,25450.0,27885.0,-8.732293347677967,-0.9765625,low_a,-0.1517225420402441,1.858874022262849,0.6806554756195052,0.9860589656276376,011760
1w_MA20,1W,20,10,2026-06-21,25450.0,27110.0,-6.123201770564368,0.9119672436255444,low_a,-0.08654874826466756,1.8973388747776674,1.217899939385459,0.998418611866474,011760
1M_MA10,1M,10,10,2026-06-30,25450.0,24470.0,4.004903964037587,2.4277940560904154,low_a,0.0423096357191493,0.13349904394284695,-0.17529372272575805,0.8697128978244602,011760
1M_MA20,1M,20,10,2026-06-30,25450.0,23765.0,7.090258783925951,3.274449731655915,low_a,0.09227498454169283,0.3749169423383985,-0.22572443790970048,0.9904306207365231,011760
1d_MA20,1D,20,10,2026-06-15,134700.0,132440.0,1.7064331017819345,-1.1789285181316167,low_a,-0.021992635703692028,-0.5354860997689829,-1.3526904262752517,0.9894370357793122,011780
1w_MA10,1W,10,10,2026-06-21,134700.0,137210.0,-1.8293127323081415,0.6012170980277176,low_r2,0.014310465434929389,0.39674920312118556,-1.5402449693789555,0.8120987921363989,011780
1w_MA20,1W,20,10,2026-06-21,134700.0,134860.0,-0.11864155420435729,-1.2231743939061013,low_a,-0.11606196302354822,1.4188364009022205,0.6791565681047017,0.9289064238468988,011780
1M_MA10,1M,10,10,2026-06-30,134700.0,128700.0,4.66200466200466,2.8037383177569986,low_a,0.020931531030346638,1.4493549415133096,-3.846814590687311,0.9888868785597281,011780
1M_MA20,1M,20,10,2026-06-30,134700.0,119540.0,12.681947465283594,-1.381842181248194,low_a,0.032803166931019166,-0.7035314507676443,1.1915032679738928,0.9034833643350819,011780
1d_MA20,1D,20,10,2026-06-15,55300.0,55775.0,-0.8516360376512822,-0.9237054800603994,low_a,-0.00960243161286813,-0.5753869416961443,-3.3289423444061916,0.9901905432008035,011785
1w_MA10,1W,10,10,2026-06-21,55300.0,57950.0,-4.572907679033644,-1.1935208866155178,low_a,0.050105730722137136,-1.110719421642503,1.2315284827975197,0.959646574348439,011785
1w_MA20,1W,20,10,2026-06-21,55300.0,60165.0,-8.08609656777196,-2.5746903084770456,low_a,-0.08447839711984342,0.24989676551400156,0.16433969053617015,0.9674054318870048,011785
1M_MA10,1M,10,10,2026-06-30,55300.0,60680.0,-8.866183256427163,-1.2048192771084376,low_a,-0.21076375499681999,3.1079892932525657,0.8192398728612988,0.9731795362171404,011785
1M_MA20,1M,20,10,2026-06-30,55300.0,57562.5,-3.9305103148751352,-1.9002172894209912,low_a,-0.03072145784156526,-0.14455119349335316,-0.2614010670377966,0.9253043479739921,011785
1d_MA20,1D,20,10,2026-06-15,143100.0,138335.0,3.4445368128094733,-0.24877415633112188,low_r2,-0.04929730009723787,-0.1174653658707959,-0.13237750640738039,0.8162889067509044,011790
1w_MA10,1W,10,10,2026-06-21,143100.0,134830.0,6.133649781205963,7.846744520876658,vertex_out,0.16763777148145206,2.1666207360425025,-0.718023256962383,0.995905150830861,011790
1w_MA20,1W,20,10,2026-06-21,143100.0,116208.8,23.140416216327854,2.9738765665331846,low_a,0.029379268073317505,1.5393790875724755,-2.9109323012156327,0.9908738105079361,011790
1M_MA10,1M,10,10,2026-06-30,143100.0,112038.7,27.723724034641606,9.704839249799768,pass,0.4142125666262247,-3.059302920410981,0.41032379761074345,0.8832112524910294,011790
1M_MA20,1M,20,10,2026-06-30,143100.0,107255.1,33.42022896813297,0.24365761198719138,low_r2,-0.04830561869239886,-0.26451884577913004,-0.3042190914839955,0.7587362399339628,011790
1d_MA20,1D,20,10,2026-06-15,3530.0,3530.0,0.0,0.0,low_r2,4.196060806922171e-16,6.1046817668332505e-15,-0.8082556536997827,0.0,011810
1w_MA10,1W,10,10,2026-06-21,3530.0,3530.0,0.0,0.0,low_r2,4.196060806922171e-16,6.1046817668332505e-15,-0.8082556536997827,0.0,011810
1w_MA20,1W,20,10,2026-06-21,3530.0,3530.0,0.0,0.0,low_r2,4.196060806922171e-16,6.1046817668332505e-15,-0.8082556536997827,0.0,011810
1M_MA10,1M,10,10,2026-06-30,3530.0,3530.0,0.0,0.0,ma_not_rising,0.1906713037927736,-2.1533857036736213,0.6274281274281241,0.8820305278210822,011810
1M_MA20,1M,20,10,2026-06-30,3530.0,3687.75,-4.277676089756621,-4.480994625396617,vertex_out,0.309922112609133,-6.990529387262123,1.2530978847146002,0.999721448823344,011810
1d_MA20,1D,20,10,2026-06-15,23500.0,25281.0,-7.044816265179388,-6.5691002827207745,low_a,-0.007950858564483,-3.18564741789457,-22.25928315412839,0.9995118809624174,011930
1w_MA10,1W,10,10,2026-06-21,23500.0,32270.0,-27.176944530523706,-7.970911164979322,low_a,-0.7508050842635893,8.139783110868354,0.6023003603785663,0.9742735071599479,011930
1w_MA20,1W,20,10,2026-06-21,23500.0,29525.0,-20.40643522438611,1.678863538527775,low_a,-0.32047255344647707,5.69326457992307,0.986956521739131,0.9962865454880122,011930
1M_MA10,1M,10,10,2026-06-30,23500.0,22333.0,5.225451126136216,8.01934703748488,vertex_out,0.46854968063883795,1.5403864737834279,-0.182642374666914,0.9810572219900829,011930
1M_MA20,1M,20,10,2026-06-30,23500.0,17799.5,32.026180510688505,4.7091005353256055,pass,0.5018315244266652,-3.347968051387542,0.37063878218807755,0.9246805093115069,011930
1d_MA20,1D,20,10,2026-06-15,1961.0,2017.85,-2.8173551056817847,-1.5490827478532365,low_a,-0.05577605506752407,0.011082181808829685,0.011038370612834646,0.9948047451828356,012030
1w_MA10,1W,10,10,2026-06-21,1961.0,2003.0,-2.0968547179231134,3.1357808557746836,low_a,0.050798946323540005,0.6529842842208634,-0.7141271090130131,0.986184815280502,012030
1w_MA20,1W,20,10,2026-06-21,1961.0,1898.4,3.297513695743781,1.3047306491635435,low_a,-0.049067799983774085,1.83705895879346,2.079955308325017,0.9934682876481344,012030
1M_MA10,1M,10,10,2026-06-30,1961.0,1743.8,12.455556829911686,8.176178660049626,vertex_out,0.18386179248177426,1.343502056043591,-0.4059516776490233,0.9915753620193772,012030
1M_MA20,1M,20,10,2026-06-30,1961.0,1540.6,27.288069583279253,3.3196968680839545,vertex_out,0.17758382954401775,-0.21622286149058614,0.06764344042340825,0.9770065440726154,012030
1d_MA20,1D,20,10,2026-06-15,376.0,397.6,-5.432595573440646,-1.8635073429593918,low_a,0.05309773444858603,-1.831989032117561,1.916789285040501,0.9990367745440114,012160
1w_MA10,1W,10,10,2026-06-21,376.0,451.1,-16.648193305253834,-6.216216216216209,low_a,-0.13214127530263353,-1.437128031842963,-0.6042052040942179,0.9940684397003311,012160
1w_MA20,1W,20,10,2026-06-21,376.0,503.8,-25.36720921000397,-1.9462826002335398,low_a,-0.047363013380195565,-0.22565715454638835,-0.2646898432174608,0.9936091383721394,012160
1M_MA10,1M,10,10,2026-06-30,376.0,515.1,-27.004465152397593,-6.920852909288033,low_a,-0.3859083817184364,4.236813629271735,0.6099337203079356,0.9140440686765221,012160
1M_MA20,1M,20,10,2026-06-30,376.0,495.4,-24.10173597093258,-1.5500794912559623,low_r2,-0.02720958581149855,0.3473008699760898,0.7091064491064666,0.3747175832461077,012160
1d_MA20,1D,20,10,2026-06-15,1062.0,1142.55,-7.05001969279243,-0.6046107003044865,low_a,0.01827977829504961,-0.6658356435723314,2.0235950617283653,0.9898477925191301,012170
1w_MA10,1W,10,10,2026-06-21,1062.0,1255.9,-15.43912731905407,-3.0342804200123474,vertex_out,0.1313220455738523,-2.2614307526779176,0.9566942189061911,0.9153393001025176,012170
1w_MA20,1W,20,10,2026-06-21,1062.0,1337.1,-20.574377383890507,-5.75838736960812,low_a,-0.09397674020938383,-1.1135899990620277,-0.6583130136367938,0.9912902157851247,012170
1M_MA10,1M,10,10,2026-06-30,1062.0,1593.8,-33.36679633580123,-12.182489393355011,low_a,-1.078892490345396,4.704657685448699,0.2422575685276499,0.8736141946677692,012170
1M_MA20,1M,20,10,2026-06-30,1062.0,1868.85,-43.17360943895978,4.510121910300846,low_a,0.03030851080662514,1.6404672076277347,-3.0069793818608885,0.9952090597393413,012170
1d_MA20,1D,20,10,2026-06-15,6200.0,7355.5,-15.709333152063088,-6.590894659978408,low_a,-0.2713759218803142,1.022541114396966,0.20933264563454704,0.9883015831906984,012200
1w_MA10,1W,10,10,2026-06-21,6200.0,7322.0,-15.323682054083587,-1.1208642808912872,low_r2,0.022591617942326305,0.32231408779670484,-0.7926098191214452,0.69099900996814,012200
1w_MA20,1W,20,10,2026-06-21,6200.0,7268.0,-14.694551458447991,-3.357489528621771,low_a,-0.554823278134634,5.366114570921305,0.5373196978407119,0.9192986271155068,012200
1M_MA10,1M,10,10,2026-06-30,6200.0,5468.6,13.374538273049774,24.688768297688,vertex_out,0.8654036890196781,8.104723316707416,-0.5202917577041979,0.9801248243439313,012200
1M_MA20,1M,20,10,2026-06-30,6200.0,3473.95,78.47119273449532,18.266153741403947,vertex_out,0.6123644436288684,4.593911887701303,-0.41677358924058416,0.980071862972573,012200
1d_MA20,1D,20,10,2026-06-15,9600.0,11746.0,-18.270049378511832,-8.68382181450672,low_a,-0.41864074140742347,2.764753204976977,0.36689549077359596,0.9478123157847373,012205
1w_MA10,1W,10,10,2026-06-21,9600.0,10645.0,-9.816815406294033,-1.2431579923926184,low_a,-0.10585768772292262,6.121221839844331,3.212500549619627,0.9304956395182629,012205
1w_MA20,1W,20,10,2026-06-21,9600.0,8860.0,8.352144469525967,2.244532917892794,low_a,-0.19638284477359835,3.8711853459084518,1.0951356407857828,0.9978505204239184,012205
1M_MA10,1M,10,10,2026-06-30,9600.0,7487.5,28.213689482470784,27.84939810467002,vertex_out,0.6999222224739297,2.773335145625206,-0.22013042279521958,0.9778613230582303,012205
1M_MA20,1M,20,10,2026-06-30,9600.0,5544.0,73.16017316017316,16.41555987190928,vertex_out,0.4037926381250647,0.9389155165721792,-0.12918009943198364,0.9757908284858251,012205
1d_MA20,1D,20,10,2026-06-15,853.0,895.4,-4.73531382622292,-1.7663192539769668,low_a,0.02667278728448071,-1.3519996035802309,2.816019499075495,0.9991047343689069,012280
1w_MA10,1W,10,10,2026-06-21,853.0,974.5,-12.467932272960491,-3.9806877524879325,low_a,-0.1763172871806842,0.6978918257799602,0.2198977123505458,0.9931678511617511,012280
1w_MA20,1W,20,10,2026-06-21,853.0,1005.9,-15.200318123073863,-1.1351909184726616,low_a,-0.10874854964658975,1.0112403693700711,0.5166047795867894,0.9824947923525426,012280
1M_MA10,1M,10,10,2026-06-30,853.0,957.1,-10.87660641521262,0.2513878705352468,low_a,0.05043382342054155,1.246123451904566,-1.3726716708368372,0.9387347617128866,012280
1M_MA20,1M,20,10,2026-06-30,853.0,900.75,-5.30113794060505,1.1340032560489544,low_a,0.07889514492217667,-0.07590781087119107,0.05345196600012422,0.9674285165297408,012280
1d_MA20,1D,20,10,2026-06-15,50000.0,52122.5,-4.072137752410187,-2.0345832158631727,low_a,0.042841424526798975,-1.7484519072741316,2.267343304843251,0.9989816266035183,012320
1w_MA10,1W,10,10,2026-06-21,50000.0,57345.0,-12.80844014299416,-2.5242223355430915,vertex_out,0.20963779234932198,-4.855846465025669,1.2868349978016456,0.9750792634403544,012320
1w_MA20,1W,20,10,2026-06-21,50000.0,65212.5,-23.32758290205099,-1.4321342200725562,low_a,-0.13415037174116037,1.445504175607151,0.5986251584056623,0.9982399409720262,012320
1M_MA10,1M,10,10,2026-06-30,50000.0,59500.0,-15.966386554621847,-3.48742903487429,low_r2,0.08462108377398958,-0.7533352660914443,0.494580751755471,0.06843380151844858,012320
1M_MA20,1M,20,10,2026-06-30,50000.0,61125.0,-18.20040899795501,-3.8990645389513356,low_a,-0.008703262328546527,-1.3366942911671078,-8.532523914642248,0.9707932271853191,012320
1d_MA20,1D,20,10,2026-06-15,640000.0,647250.0,-1.1201235998455017,-0.40009232899900216,low_a,-0.21568455836662592,2.9004977230191353,0.7471038428075336,0.992921723103081,012330
1w_MA10,1W,10,10,2026-06-21,640000.0,577050.0,10.908933367992368,8.58029918148462,vertex_out,0.4919658152224825,-0.5623294293593462,0.0635014118596209,0.9782163709842036,012330
1w_MA20,1W,20,10,2026-06-21,640000.0,501975.0,27.496389262413466,3.5106712032168197,vertex_out,0.11975005127054562,1.354561099817336,-0.6284205612929553,0.9796675273039009,012330
1M_MA10,1M,10,10,2026-06-30,640000.0,447400.0,43.04872597228431,21.60913291655342,vertex_out,0.5259665946468559,0.8732626229740559,-0.0922389190853441,0.9903622665205672,012330
1M_MA20,1M,20,10,2026-06-30,640000.0,357000.0,79.27170868347339,15.179867720600093,vertex_out,0.3906814374577786,0.36722623338318633,-0.052220186203194845,0.9925718988259594,012330
1d_MA20,1D,20,10,2026-06-15,1084000.0,1145300.0,-5.352309438575043,-1.8426465546794613,low_a,0.049395035596446556,-1.7040706532023429,1.916601348727141,0.9996844777420877,012450
1w_MA10,1W,10,10,2026-06-21,1084000.0,1247100.0,-13.07834175286665,-5.985676592536748,low_a,-0.31774355121462433,1.8338789309863712,0.32064273985456415,0.9706241317185342,012450
1w_MA20,1W,20,10,2026-06-21,1084000.0,1288700.0,-15.884224412198344,-1.501891695647184,low_a,-0.2358631068011465,2.745810357761976,0.6467523554002632,0.9855433557911152,012450
1M_MA10,1M,10,10,2026-06-30,1084000.0,1129700.0,-4.045321766840759,3.4523809523809623,low_a,-0.17735902746334986,6.310439256900229,1.9766682515730674,0.9950608263456667,012450
1M_MA20,1M,20,10,2026-06-30,1084000.0,892312.15,21.48215173356094,9.863118672652927,vertex_out,0.1022781135813925,5.640308080430321,-3.0637097023053,0.9975300095121105,012450
1d_MA20,1D,20,10,2026-06-15,119600.0,119960.0,-0.30010003334445257,0.020844624171423298,low_r2,1.455758372551234e-15,-0.002727863764428252,104102431948.98546,0.3944805194804982,012510
1w_MA10,1W,10,10,2026-06-21,119600.0,119800.0,-0.16694490818029983,0.0919040855543507,low_a,-0.11945932765749762,1.4803318179903162,0.6884406447591112,0.8600736478622274,012510
1w_MA20,1W,20,10,2026-06-21,119600.0,114975.0,4.022613611654702,1.9598279608034508,low_a,-0.030424449616830804,1.6431848397404216,3.0004830917876357,0.9979807277459007,012510
1M_MA10,1M,10,10,2026-06-30,119600.0,105130.0,13.76391134785504,9.191940174491076,vertex_out,0.28080298345766497,2.602789686552418,-0.5149497532047779,0.9916654326931702,012510
1M_MA20,1M,20,10,2026-06-30,119600.0,85770.0,39.44269558120554,8.049886621315183,vertex_out,0.146467444167041,1.9782965576211686,-0.7503740161325129,0.997261330280562,012510
1d_MA20,1D,20,10,2026-06-15,4310.0,4849.75,-11.129439661838237,-2.064822294022617,low_a,-0.008057547149589738,-1.1425010478507156,-7.877370030578431,0.9961924144425297,012610
1w_MA10,1W,10,10,2026-06-21,4310.0,4874.0,-11.571604431678296,1.0260130583480187,low_a,-0.05913405963484261,2.284356146379308,2.146118084611835,0.9319125823676867,012610
1w_MA20,1W,20,10,2026-06-21,4310.0,4596.0,-6.222802436901653,-1.0122765453370652,low_a,-0.20048574262804342,2.451166216775998,0.6792298501975969,0.9858319043836298,012610
1M_MA10,1M,10,10,2026-06-30,4310.0,4122.0,4.560892770499758,7.078841407975056,vertex_out,0.12901450401450482,2.5902292152292086,-1.1153910497699608,0.9830688426643893,012610
1M_MA20,1M,20,10,2026-06-30,4310.0,3577.0,20.492032429410113,4.422712012844832,vertex_out,0.17183852125564447,-0.0071214428077696216,0.002302369158276035,0.9710097528949435,012610
1d_MA20,1D,20,10,2026-06-15,21450.0,21492.5,-0.19774339886007297,-1.342666972687634,low_a,0.07332124893918625,-2.1532836530462776,1.6315443523459678,0.9954254400939242,012630
1w_MA10,1W,10,10,2026-06-21,21450.0,24270.0,-11.619283065512976,-4.5615414864333514,low_a,-0.36730372430111025,2.5910086493586415,0.3918961759461089,0.9705014266688604,012630
1w_MA20,1W,20,10,2026-06-21,21450.0,24584.5,-12.749903394415185,1.1499691421518188,low_a,-0.11276208456383842,2.3395637025711484,1.1526548285861906,0.998782433118964,012630
1M_MA10,1M,10,10,2026-06-30,21450.0,21501.0,-0.2371982698479158,-0.4859761177450683,low_a,-0.13781772972609857,3.5115019458267276,1.4155177408779736,0.9781835062169895,012630
1M_MA20,1M,20,10,2026-06-30,21450.0,19353.5,10.832665926059892,5.852271173462409,vertex_out,0.1047304061999833,3.1090953484855524,-1.649258564227129,0.9939585252478871,012630
1d_MA20,1D,20,10,2026-06-15,1744.0,1825.2,-4.448827525750609,-2.5546568431168315,low_a,0.03922369765066619,-1.8430624057590446,2.6104717813049785,0.9999285809597915,012690
1w_MA10,1W,10,10,2026-06-21,1744.0,2031.9,-14.169004380136819,-5.011453414987599,low_a,-0.291473874796538,1.7577173553416692,0.3350247573777001,0.9730911398574336,012690
1w_MA20,1W,20,10,2026-06-21,1744.0,2111.7,-17.412511246862707,-2.3739626915697865,low_a,-0.10948557237769362,0.616342850466823,0.3127468645115775,0.9955642756079832,012690
1M_MA10,1M,10,10,2026-06-30,1744.0,2155.5,-19.090698213871494,-6.829479144153883,low_a,0.02584074214611457,-2.8681492823382935,6.166294524189219,0.9965713748225243,012690
1M_MA20,1M,20,10,2026-06-30,1744.0,2485.25,-29.825973242128555,-6.674802853924144,low_a,-0.029672121565639115,-1.9652921032629747,-3.6796457032636547,0.9876806267744855,012690
1d_MA20,1D,20,10,2026-06-15,77500.0,72355.0,7.1107732706792826,1.3304390448848125,low_r2,0.07129304674162136,-0.6193306184940964,0.4826172839506124,0.8498549938657594,012750
1w_MA10,1W,10,10,2026-06-21,77500.0,79270.0,-2.2328749842311035,-1.221183800623049,low_a,-0.007716918518001941,-1.243813829295634,-8.954450942173924,0.9759306239075156,012750
1w_MA20,1W,20,10,2026-06-21,77500.0,83525.0,-7.213409158934447,0.6082871597205441,low_r2,-0.011385316187272322,0.13751916641850037,0.6710357063651349,0.14921656435813913,012750
1M_MA10,1M,10,10,2026-06-30,77500.0,79130.0,-2.05990142802982,-1.0503938977116434,low_a,-0.10997116446704075,2.8624501737463444,1.446060978105181,0.9652759450603934,012750
1M_MA20,1M,20,10,2026-06-30,77500.0,72550.0,6.822880771881468,1.5537513997760266,low_a,0.023932669497102765,1.253777923019215,-2.9104287369637247,0.9851140053967066,012750
1d_MA20,1D,20,10,2026-06-15,1310.0,1429.4,-8.353155170001402,-3.5525117236260506,low_a,-0.03696984307214761,-1.1011287598922532,-1.6546951490876434,0.999561918660919,012800
1w_MA10,1W,10,10,2026-06-21,1310.0,1490.2,-12.092336599114217,-1.947624687458871,low_a,-0.14062063438942252,1.9804789084400178,0.7824357108199879,0.9150764131191412,012800
1w_MA20,1W,20,10,2026-06-21,1310.0,1448.55,-9.564737150944048,-0.6788028386300549,low_a,-0.13760350124464155,1.9749712397002974,0.7973679698216761,0.9806456076438408,012800
1M_MA10,1M,10,10,2026-06-30,1310.0,1374.3,-4.678745543185614,0.11655860712462829,low_a,0.03432294235939624,0.31177897789331527,-0.5046494600036701,0.9225848048751877,012800
1M_MA20,1M,20,10,2026-06-30,1310.0,1339.05,-2.1694484896008337,0.6010292626122293,low_r2,0.1116200564315491,-1.103795805078842,0.5493814564468746,0.8339232319201418,012800
1d_MA20,1D,20,10,2026-06-15,1357.0,1360.45,-0.2535925612848766,-1.1049322138625417,low_a,-0.055789357633543264,0.042885438067980536,0.042705713744901425,0.9806965580714122,013000
1w_MA10,1W,10,10,2026-06-21,1357.0,1348.0,0.667655786350152,2.082544490723204,low_a,-0.09392001939363612,2.5134953732535106,1.486782400056435,0.9654075394338202,013000
1w_MA20,1W,20,10,2026-06-21,1357.0,1254.35,8.183521345716915,1.5462456992511475,low_a,-0.009118201241199083,0.8768961642974925,5.342770167427945,0.9737006315852453,013000
1M_MA10,1M,10,10,2026-06-30,1357.0,1206.4,12.483421750663126,4.468306200207839,pass,0.2945155450207358,-2.862972726678474,0.5400531247334599,0.9817696253971417,013000
1M_MA20,1M,20,10,2026-06-30,1357.0,1222.0,11.04746317512275,0.6631245108941863,pass,0.11201354445744209,-1.6258245696507074,0.8063630843958716,0.9941036679481616,013000
1d_MA20,1D,20,10,2026-06-15,1290.0,1368.2,-5.715538663938025,-2.802543245835265,low_a,0.038160610962768515,-2.1818479632135293,3.1764107721531882,0.9983695402869014,013360
1w_MA10,1W,10,10,2026-06-21,1290.0,1609.6,-19.855864811133195,-8.269219809654082,low_a,-0.32734269933352617,1.1387208511778564,0.19326005937717167,0.9914915968549708,013360
1w_MA20,1W,20,10,2026-06-21,1290.0,1761.1,-26.750326500482647,-4.155215107894095,low_a,-0.07569500808152642,-0.912494115470462,-0.6697154648763267,0.9981425506635491,013360
1M_MA10,1M,10,10,2026-06-30,1290.0,1636.2,-21.158782544921163,-2.2347036328871805,vertex_out,0.75005691757906,-11.70088791423329,0.8666666666666631,0.9943219323321777,013360
1M_MA20,1M,20,10,2026-06-30,1290.0,2087.5,-38.203592814371255,0.02395783421178521,low_a,-0.03708188789839006,1.3034147782347714,1.9527574303275372,0.9477990212610651,013360
1d_MA20,1D,20,10,2026-06-15,2490.0,2648.75,-5.993393109957523,-3.11814191660571,low_a,0.022557773814166515,-1.8394053943577195,4.530109638356823,0.9993215832697931,013520
1w_MA10,1W,10,10,2026-06-21,2490.0,2850.0,-12.631578947368416,-2.28013029315961,low_a,-0.1954128350550791,1.5048978159620725,0.4278400351571078,0.9431256727198517,013520
1w_MA20,1W,20,10,2026-06-21,2490.0,2852.75,-12.715800543335376,0.5463036390871423,low_a,-0.13641151453515266,2.3968115339065568,0.9761360452737168,0.9906748627267438,013520
1M_MA10,1M,10,10,2026-06-30,2490.0,2531.0,-1.6199130778348447,5.274103651942452,low_a,0.07624149333046702,3.1401320395671375,-2.2881474687253935,0.9918630818203262,013520
1M_MA20,1M,20,10,2026-06-30,2490.0,2155.25,15.531840853729273,3.1072094914605497,vertex_out,0.14773529528705362,0.4013016045195934,-0.1509086473960267,0.9806243091657436,013520
1d_MA20,1D,20,10,2026-06-15,4110.0,4118.0,-0.19426906265177513,-1.7769827072152689,low_a,0.058491507918889935,-1.9612762768865435,1.862830982430097,0.9986118754338639,013570
1w_MA10,1W,10,10,2026-06-21,4110.0,4582.0,-10.301178524661726,-3.526687019686281,low_a,-0.16486304338103336,0.32568547709267903,0.10974950628833004,0.98151163813927,013570
1w_MA20,1W,20,10,2026-06-21,4110.0,4844.0,-15.152766308835675,-2.141414141414144,low_a,-0.15963774479623177,1.1581075618502845,0.40303318663019094,0.9725697478309511,013570
1M_MA10,1M,10,10,2026-06-30,4110.0,4590.5,-10.4672693606361,-1.4173735638355,low_a,-0.11730719220288986,2.453069413993417,1.1617500304247166,0.9299182404889821,013570
1M_MA20,1M,20,10,2026-06-30,4110.0,4366.75,-5.879658785137687,-1.6940567312021648,vertex_out,0.10131254335618196,-1.561635098118264,0.8563352826510682,0.9303595203353499,013570
1d_MA20,1D,20,10,2026-06-15,20750.0,21293.5,-2.5524221006410386,-2.417396086338852,low_a,0.05388610711862822,-2.222508069672168,2.2913637139443432,0.9983085237881923,013580
1w_MA10,1W,10,10,2026-06-21,20750.0,24470.0,-15.202288516550876,-4.618982654453319,low_a,-0.24749208025343175,1.037295377976487,0.2328459195125888,0.9833265464060361,013580
1w_MA20,1W,20,10,2026-06-21,20750.0,25475.0,-18.54759568204122,-0.3325508607198713,low_a,-0.1417584575088906,1.9037063324592998,0.7460680990252208,0.9962296252133335,013580
1M_MA10,1M,10,10,2026-06-30,20750.0,22165.0,-6.383938642003162,1.0347342510711899,low_a,-0.1300784604271454,3.7797949002217286,1.6143226547909877,0.988836859858256,013580
1M_MA20,1M,20,10,2026-06-30,20750.0,19644.0,5.630217878232546,3.774531815420379,vertex_out,0.12029960913792757,1.511174971708943,-0.6978756265008726,0.9864343273315204,013580
1d_MA20,1D,20,10,2026-06-15,1170.0,1243.6,-5.918301704728202,-0.6034448307557172,low_a,0.039893851130837765,-1.00933673729141,1.405586615314533,0.9958364295423604,013700
1w_MA10,1W,10,10,2026-06-21,1170.0,1297.7,-9.840487015488941,-2.946675641313279,low_r2,-0.13301175164680948,1.1935869656366436,0.498530288931836,0.7192342296223511,013700
1w_MA20,1W,20,10,2026-06-21,1170.0,1311.75,-10.806174957118353,-0.4704275579498485,low_a,-0.07072389519244636,1.0108792394650175,0.7940733127783757,0.9804776017285878,013700
1M_MA10,1M,10,10,2026-06-30,1170.0,1211.3,-3.4095599768843354,1.2200217264142887,pass,0.23512924687555414,-1.4556661591728712,0.3439399532422801,0.8519127509584596,013700
1M_MA20,1M,20,10,2026-06-30,1170.0,1200.8,-2.5649566955363023,-0.9077405512460834,vertex_out,0.11993299955869012,-1.8945731238372585,0.8776071875355407,0.984994399193653,013700
1d_MA20,1D,20,10,2026-06-15,4060.0,4101.0,-0.9997561570348701,-1.1092355919942176,low_a,0.047629116497331814,-1.2491171842632378,1.4569953051642888,0.9994496559733105,013870
1w_MA10,1W,10,10,2026-06-21,4060.0,4429.5,-8.341799300146747,-3.967479674796748,low_a,-0.052675201524374424,-1.521571911859057,-1.6047736018996206,0.9962528769617738,013870
1w_MA20,1W,20,10,2026-06-21,4060.0,4859.75,-16.456607850198058,-1.6394272124677478,low_a,-0.13623288974965186,1.3289684908360486,0.5419512348295732,0.9868436773537961,013870
1M_MA10,1M,10,10,2026-06-30,4060.0,4398.5,-7.695805388200528,-0.47516687408077907,low_a,-0.04071811247427883,2.135553286649316,2.913736468831655,0.9364978690591726,013870
1M_MA20,1M,20,10,2026-06-30,4060.0,4121.75,-1.4981500576211615,0.1518649009840889,low_r2,0.08143783548872814,-0.32779021726066765,0.22361310951238605,0.8110499376501983,013870
1d_MA20,1D,20,10,2026-06-15,9710.0,9952.0,-2.4316720257234747,-1.6795099782651701,low_a,0.08200620204502547,-2.004051917749794,1.3576560659599528,0.9988556720049201,013890
1w_MA10,1W,10,10,2026-06-21,9710.0,10909.0,-10.990924924374369,-2.493743296388984,low_a,-0.12125450270451983,0.1625830387688176,0.07449118046133722,0.979302365887049,013890
1w_MA20,1W,20,10,2026-06-21,9710.0,11363.0,-14.547214644020068,-2.5638826959355154,low_a,-0.12138435534063183,0.3102058770253505,0.1419759555206284,0.9899377932211553,013890
1M_MA10,1M,10,10,2026-06-30,9710.0,12165.0,-20.18084669132758,-13.912674262260282,low_a,0.0008788581874446735,-4.597814963244201,290.6432098759484,0.9913751968800943,013890
1M_MA20,1M,20,10,2026-06-30,9710.0,15841.0,-38.70336468657282,-6.254900742397751,low_a,-0.20921686286289704,1.0997198797087464,0.29202019395895906,0.9579756856712974,013890
1d_MA20,1D,20,10,2026-06-15,2400.0,2403.5,-0.1456209694195909,-1.34427911749615,low_a,0.00030567438647379614,-0.6881341788286764,125.06666666646068,0.998160838699612,014130
1w_MA10,1W,10,10,2026-06-21,2400.0,2561.5,-6.304899472965064,-2.4562071591774592,low_a,-0.06061002112086114,-0.2781837305446587,-0.25498509010758624,0.9958289688583799,014130
1w_MA20,1W,20,10,2026-06-21,2400.0,2653.75,-9.561940650023548,-1.7584451642758014,low_a,-0.008539446067738989,-0.7865001303208558,-5.1167782240073425,0.9994138543423714,014130
1M_MA10,1M,10,10,2026-06-30,2400.0,2891.5,-16.998097873076258,-6.605297157622736,low_a,-0.18525275378570616,-0.1875067796872796,-0.05623151668778995,0.9986863155537886,014130
1M_MA20,1M,20,10,2026-06-30,2400.0,3159.5,-24.038613704700108,-3.813075576527891,low_a,0.044898451154101265,-2.451521178152891,3.0334146837502454,0.9986295917532588,014130
1d_MA20,1D,20,10,2026-06-15,838.0,909.65,-7.876655856648163,-2.4085398562386007,low_a,0.038643079429602496,-1.9132687245976092,2.7506272401433924,0.9993075105491808,014160
1w_MA10,1W,10,10,2026-06-21,838.0,1023.3,-18.10808169647219,-6.479619813562431,low_a,-0.36982348452422714,2.325047720030965,0.3492728914867931,0.9813286624187604,014160
1w_MA20,1W,20,10,2026-06-21,838.0,1065.05,-21.318247969578884,-1.8432330307359135,low_a,-0.10844522103947052,0.6948892144443451,0.35598577777777984,0.9950340480046362,014160
1M_MA10,1M,10,10,2026-06-30,838.0,1050.6,-20.236055587283452,-5.300162249864804,vertex_out,0.1501164811615828,-3.397720945095111,1.2574387120380586,0.9562902538524805,014160
1M_MA20,1M,20,10,2026-06-30,838.0,1147.6,-26.978041129313347,-1.3284037659601955,ma_not_rising,0.1065882063532139,-1.502612106970145,0.7831865573438576,0.9117603285058877,014160
1d_MA20,1D,20,10,2026-06-15,4525.0,4599.75,-1.6250883200173871,-1.483186977939599,low_a,0.028109624268799795,-1.6790115738559122,3.3183802059320673,0.98886596129859,014280
1w_MA10,1W,10,10,2026-06-21,4525.0,5024.0,-9.932324840764329,-2.1997274673934197,low_r2,-0.06779046408790079,0.15630096136286487,0.12809156655310738,0.8162199066885628,014280
1w_MA20,1W,20,10,2026-06-21,4525.0,5209.5,-13.139456761685386,-3.0655440293994474,low_a,-0.0040746631691670285,-1.193451721815684,-16.271988795520187,0.99362741109287,014280
1M_MA10,1M,10,10,2026-06-30,4525.0,5394.0,-16.110493140526515,0.5499114549352146,low_a,-0.3308475261910339,5.19534590359448,0.8723968146305974,0.9916519312391953,014280
1M_MA20,1M,20,10,2026-06-30,4525.0,4866.5,-7.017363608342753,0.7817758219000881,low_a,-0.010652981335022954,0.5586883652621216,2.9135733498866054,0.9097861224448154,014280
1d_MA20,1D,20,10,2026-06-15,5930.0,6586.0,-9.960522320072885,-1.355500636561069,low_a,-0.006479332209432226,-0.6772487231544339,-5.806914639962909,0.9910915540913374,014285
1w_MA10,1W,10,10,2026-06-21,5930.0,6804.0,-12.845385067607285,-2.0161290322580627,low_a,-0.009169138019042013,-0.44277228132900803,-2.6827450980396312,0.8848169331200362,014285
1w_MA20,1W,20,10,2026-06-21,5930.0,7048.5,-15.868624530041853,-2.9132231404958686,vertex_out,0.16791949948624055,-3.565992785144022,1.1797957407681074,0.991048220299189,014285
1M_MA10,1M,10,10,2026-06-30,5930.0,7883.0,-24.774831916782947,-1.7449831733765464,low_a,-0.39872666832503934,5.069836359470796,0.7063926190573988,0.9639435754919297,014285
1M_MA20,1M,20,10,2026-06-30,5930.0,7328.5,-19.083031998362554,-1.472169938155421,low_a,-0.10657312407126354,0.5863737900223474,0.30567107750472794,0.8642720348955346,014285
1d_MA20,1D,20,10,2026-06-15,4615.0,4536.0,1.7416225749559144,-0.2309468822170868,low_a,0.016493450345591507,-0.4551407875967318,1.533069114170406,0.9967908959298706,014440
1w_MA10,1W,10,10,2026-06-21,4615.0,4657.5,-0.9125067096081629,0.04295993985607982,low_a,0.008580616218765135,-0.33672271702431295,2.1801251956184085,0.9649853780943847,014440
1w_MA20,1W,20,10,2026-06-21,4615.0,4702.75,-1.8659295093296446,-0.11681622683586967,low_a,0.03201823285560647,-0.5505098708836428,0.9552020517085664,0.9690192298419211,014440
1M_MA10,1M,10,10,2026-06-30,4615.0,4651.5,-0.7846931097495458,0.5947231833909994,low_a,-0.08336631341336552,1.3681902797377163,0.9117660117660135,0.953286776027058,014440
1M_MA20,1M,20,10,2026-06-30,4615.0,4453.0,3.637996856052106,2.5918672963944234,low_a,0.0010856890977267572,1.4082835182985807,-72.06296296299435,0.9994205151941558,014440
1d_MA20,1D,20,10,2026-06-15,3265.0,3404.75,-4.104559806153163,-0.9311122426711282,low_a,0.019909365191789756,-0.7782663076687923,2.171692400847658,0.9990334280965505,014530
1w_MA10,1W,10,10,2026-06-21,3265.0,3605.5,-9.443905144917487,-3.5833667602620634,low_a,-0.16630295373188617,0.7428198600024292,0.24814814814814964,0.9648128629786649,014530
1w_MA20,1W,20,10,2026-06-21,3265.0,3706.25,-11.905564924114675,-0.3696236559139754,low_a,-0.05912633876178143,0.7536545049400607,0.7081394788807105,0.9835208302429924,014530
1M_MA10,1M,10,10,2026-06-30,3265.0,3454.5,-5.485598494717037,-0.7042253521126751,low_r2,0.07234277503558983,-0.40362279312959787,0.30996168582375216,0.6914106101947165,014530
1M_MA20,1M,20,10,2026-06-30,3265.0,3455.25,-5.506113884668262,-1.3279074748340114,low_a,0.04565518161379378,-0.9460836701039782,1.1512429046779973,0.9780063503581935,014530
1d_MA20,1D,20,10,2026-06-15,4100.0,4224.75,-2.9528374460027207,-1.048132099777488,low_a,0.023637004933656277,-1.0558829927091373,2.481708931663066,0.9956231700526925,014580
1w_MA10,1W,10,10,2026-06-21,4100.0,4442.5,-7.7096229600450155,-1.801503094606538,low_a,-0.10324152612846305,0.6564131989488754,0.3532241464178662,0.9377689413583417,014580
1w_MA20,1W,20,10,2026-06-21,4100.0,4507.0,-9.03039715997338,-1.037492452105171,low_a,-0.02670154566402347,-0.0393331127769132,-0.0818369453044414,0.9927878289215902,014580
1M_MA10,1M,10,10,2026-06-30,4100.0,4565.5,-10.196035483517685,-3.4573905688306206,low_a,-0.1340888387495708,0.996510870661511,0.4128734020893876,0.926186115374842,014580
1M_MA20,1M,20,10,2026-06-30,4100.0,4612.0,-11.101474414570689,-0.6837146702557195,low_a,0.07643463127324057,-1.3587866073522736,0.9876170473439855,0.991045017708692,014580
1d_MA20,1D,20,10,2026-06-15,303500.0,279700.0,8.509116910976044,-1.514084507042257,low_a,-0.005431523694479059,-0.5539166618605815,-5.665656565656369,0.9894284462315387,014680
1w_MA10,1W,10,10,2026-06-21,303500.0,288800.0,5.0900277008310235,1.5649727448566964,low_r2,0.08373510396571589,-0.9647362732313851,0.6400715719647297,0.7442814532742889,014680
1w_MA20,1W,20,10,2026-06-21,303500.0,290500.0,4.475043029259895,0.5973508787117998,low_a,-0.08209337088475495,1.6399132932838574,1.1097886843899134,0.9850947896407154,014680
1M_MA10,1M,10,10,2026-06-30,303500.0,263850.0,15.027477733560746,8.831050981686195,low_a,-0.13396346077277746,8.099091400130035,3.358748121568983,0.9947555948485555,014680
1M_MA20,1M,20,10,2026-06-30,303500.0,196800.0,54.217479674796756,8.627256168239782,vertex_out,0.2514674259693347,0.7497104620317339,-0.16563012510838804,0.9965779752201215,014680
1d_MA20,1D,20,10,2026-06-15,7300.0,7351.5,-0.7005373053118436,-0.3118855515628183,low_a,0.01078363451210884,-0.4330544848220469,2.2310272536683775,0.9947935445205244,014710
1w_MA10,1W,10,10,2026-06-21,7300.0,7556.0,-3.388035997882477,-0.21130480718436484,ma_not_rising,0.11323399436014127,-1.667146755191842,0.8179457476590337,0.9817786959016535,014710
1w_MA20,1W,20,10,2026-06-21,7300.0,7872.0,-7.266260162601624,-1.9981325863678845,low_a,-0.04501415164003128,-0.5515819876446998,-0.680751333560345,0.9900642645848032,014710
1M_MA10,1M,10,10,2026-06-30,7300.0,8138.0,-10.297370361268122,-3.6466966611413687,low_a,-0.544067806082344,7.296578958677452,0.7450642974507323,0.9765320556123315,014710
1M_MA20,1M,20,10,2026-06-30,7300.0,7203.75,1.3361096651049786,-0.5316027477648477,low_a,-0.3404808564029183,4.915182028581286,0.8020000629091917,0.9902092078046948,014710
1d_MA20,1D,20,10,2026-06-15,2745.0,2750.0,-0.181818181818183,-1.2035207472606446,low_a,0.054651657429750415,-1.7266245270858165,1.7551816239315652,0.9946903089806385,014790
1w_MA10,1W,10,10,2026-06-21,2745.0,3089.5,-11.15067162971355,-4.394244159059257,low_a,-0.19522039477876774,0.6115388396978375,0.17403089478286554,0.9931492685162413,014790
1w_MA20,1W,20,10,2026-06-21,2745.0,3223.5,-14.844113541181947,-0.37858301784748916,low_a,-0.09979897719406196,1.3927567671543135,0.7753123140987587,0.9939340348118597,014790
1M_MA10,1M,10,10,2026-06-30,2745.0,2904.5,-5.49147873988638,2.001755926251092,low_a,0.039753494017528285,1.994481414240564,-2.787290167865704,0.9743643543916767,014790
1M_MA20,1M,20,10,2026-06-30,2745.0,2656.5,3.3314511575381234,1.5967109666316093,low_a,-0.003175340487224908,1.5203227839449984,26.599470899465405,0.9836470921116318,014790
1d_MA20,1D,20,10,2026-06-15,22000.0,21811.0,0.8665352345146982,-1.3344793268795785,low_a,0.06771291204346984,-1.9193556715291797,1.5747494447152988,0.997278605521377,014820
1w_MA10,1W,10,10,2026-06-21,22000.0,24340.0,-9.613804437140505,-2.523027633159791,low_a,-0.14724223946784942,0.5690257405196454,0.21469750293279768,0.9731426732417806,014820
1w_MA20,1W,20,10,2026-06-21,22000.0,25337.5,-13.172175629008386,-2.171814671814676,low_a,-0.08694492529273833,0.40700684576887797,0.2600668337510534,0.9921689716397875,014820
1M_MA10,1M,10,10,2026-06-30,22000.0,25920.0,-15.123456790123457,-5.694014917227575,vertex_out,0.12327049732181561,-3.659901717364656,1.649444738233742,0.9916995380871977,014820
1M_MA20,1M,20,10,2026-06-30,22000.0,30387.5,-27.601809954751133,-7.755938377475902,low_a,-0.09186634638014606,-1.707704462734113,-1.0327227966518846,0.9971037027931046,014820
1d_MA20,1D,20,10,2026-06-15,14160.0,15322.0,-7.583866335987466,-1.3139250289836424,low_a,-0.012619258597543917,-0.5005463142399584,-2.2036261761288314,0.9984556239545742,014825
1w_MA10,1W,10,10,2026-06-21,14160.0,15707.0,-9.84911186095372,-2.5680789032938356,low_a,-0.053421752724252265,-0.11931245390951191,-0.12407810159007335,0.9750671620668421,014825
1w_MA20,1W,20,10,2026-06-21,14160.0,16239.5,-12.80519720434743,-1.86723872254283,low_a,-0.02417665291103087,-0.4115900210334661,-0.945793132067677,0.9974165110657655,014825
1M_MA10,1M,10,10,2026-06-30,14160.0,16827.0,-15.84952754501694,-3.5093755375881663,low_a,-0.08571433998533691,0.2142923254863983,0.1388930859845085,0.9279191110417815,014825
1M_MA20,1M,20,10,2026-06-30,14160.0,17598.5,-19.53859703952041,-4.23887906407292,low_a,-0.021546523253007065,-1.5825482509981965,-4.080442410373908,0.9993517732820233,014825
1d_MA20,1D,20,10,2026-06-15,70500.0,70820.0,-0.45184975995481436,-1.4883850326888326,low_a,0.06620735632747972,-1.7441829552100698,1.4635692835692886,0.9996496348791475,014830
1w_MA10,1W,10,10,2026-06-21,70500.0,79190.0,-10.973607778759941,-2.905836194212852,low_a,-0.24804893059910313,1.6231021912430244,0.36352643706286486,0.9518924427695454,014830
1w_MA20,1W,20,10,2026-06-21,70500.0,80560.0,-12.487586891757696,-1.0623272950567975,low_a,-0.14792988826937062,1.811582704826115,0.6803458366586855,0.9978341804652515,014830
1M_MA10,1M,10,10,2026-06-30,70500.0,74880.0,-5.849358974358976,-2.3983315954118845,low_a,-0.03150962309779282,-0.26085256205626783,-0.45991692627199693,0.910004103061749,014830
1M_MA20,1M,20,10,2026-06-30,70500.0,76545.0,-7.897315304722707,-0.40335697091926637,ma_not_rising,0.13173819428135236,-2.001563128535754,0.8440828583685832,0.947777735888687,014830
1d_MA20,1D,20,10,2026-06-15,2120.0,2678.25,-20.843834593484555,-4.356753861262385,low_a,-0.2734052896916075,2.771877377744825,0.563241434817116,0.9477917616431646,014910
1w_MA10,1W,10,10,2026-06-21,2120.0,2321.7,-8.687599603738628,4.2523574315222135,vertex_out,0.28328844132355896,1.4965966129625061,-0.2934968186038034,0.9459546835753498,014910
1w_MA20,1W,20,10,2026-06-21,2120.0,2027.3,4.5725842253243165,0.037008709382946314,low_a,-0.18772493305600027,3.622319681523347,1.0719938957006883,0.9544272116158684,014910
1M_MA10,1M,10,10,2026-06-30,2120.0,1738.0,21.979286536248566,19.71345915415348,vertex_out,0.5994716771174146,-0.6366686876594702,0.05900275859208034,0.9846649034136383,014910
1M_MA20,1M,20,10,2026-06-30,2120.0,1447.6,46.449295385465604,10.491165133763293,vertex_out,0.4270416451999781,-2.200445801856202,0.28626479493531487,0.9768232640676339,014910
1d_MA20,1D,20,10,2026-06-15,4455.0,4857.0,-8.27671402100062,-4.783375808664969,low_a,-0.1706658866491047,0.9567291777245823,0.3114367026023232,0.9239617922591113,014915
1w_MA10,1W,10,10,2026-06-21,4455.0,4661.0,-4.4196524350997635,1.0186389250108396,low_a,0.061783663994100915,0.3524032157215565,-0.31687917425623474,0.8836348509607732,014915
1w_MA20,1W,20,10,2026-06-21,4455.0,4530.5,-1.6664827281757,-0.7122507122507171,low_a,-0.0723672748396804,0.419170833491683,0.32179280730005955,0.8653656601558307,014915
1M_MA10,1M,10,10,2026-06-30,4455.0,4642.5,-4.038772213247177,1.2099411379986824,low_r2,-0.04544092958033959,0.557332181069487,0.6813878860810365,0.23727147236697255,014915
1M_MA20,1M,20,10,2026-06-30,4455.0,4626.75,-3.7121089317555533,-0.4785975478597493,low_a,0.09482927818157037,-1.9962940245907692,1.1695251267865283,0.9794517986601775,014915
1d_MA20,1D,20,10,2026-06-15,480.0,524.55,-8.492993994852727,-3.0764966740576716,low_a,0.09073218793283713,-2.952752626176239,1.8079781420764987,0.9996327576635272,014990
1w_MA10,1W,10,10,2026-06-21,480.0,625.6,-23.273657289002557,-8.067597354886114,low_a,-0.15936009424686085,-1.4094629906088265,-0.4913620304275805,0.9994145275581379,014990
1w_MA20,1W,20,10,2026-06-21,480.0,720.6,-33.38884263114071,-4.054323946474925,low_a,-0.09667754174177866,-0.7319401323537121,-0.4206079297602259,0.9971793645575072,014990
1M_MA10,1M,10,10,2026-06-30,480.0,794.6,-39.592247671784556,-17.134216289498383,low_a,-0.6504931472709045,3.7036727056981174,0.3163132396155987,0.9538036966774407,014990
1M_MA20,1M,20,10,2026-06-30,480.0,896.0,-46.42857142857143,-2.1406727828746197,low_a,-0.1372305885345369,1.8872872065131525,0.7640373066267454,0.9370154127615165,014990
1d_MA20,1D,20,10,2026-06-15,928.0,928.0,0.0,0.0,low_r2,-3.6120268777035367e-16,8.708052250911116e-15,1.339360688572042,0.0,015020
1w_MA10,1W,10,10,2026-06-21,928.0,928.0,0.0,0.0,low_a,0.04960191616267694,-0.6242685750231256,0.6991985428051062,0.9199068701351759,015020
1w_MA20,1W,20,10,2026-06-21,928.0,945.8,-1.8820046521463296,-2.323660022720231,low_a,0.00648726311246818,-1.2439687421659749,10.653086419749462,0.9982050211852577,015020
1M_MA10,1M,10,10,2026-06-30,928.0,1058.4,-12.320483749055189,-6.303116147308763,vertex_out,0.9261488536592456,-17.83574274068944,1.0698869763645333,0.9935103264797603,015020
1M_MA20,1M,20,10,2026-06-30,928.0,1690.3,-45.09850322427971,-2.4751903992614843,low_a,-0.014900756702997254,-0.9082649814336636,-3.3863492063496206,0.9975113984901698,015020
1d_MA20,1D,20,10,2026-06-15,6250.0,6237.5,0.2004008016031955,-1.0391876884023432,low_a,0.035173621934516154,-1.1398075365229587,1.8002877564281528,0.9978062133338965,015230
1w_MA10,1W,10,10,2026-06-21,6250.0,6627.0,-5.688848649464317,-1.8658374055975147,low_a,-0.12860565945489794,1.0392546109997745,0.4489411082100428,0.8844179583998824,015230
1w_MA20,1W,20,10,2026-06-21,6250.0,6660.0,-6.156156156156156,-0.6192643438036272,low_a,-0.05959998782445125,0.6701491913482783,0.6246731247684227,0.9715217038045331,015230
1M_MA10,1M,10,10,2026-06-30,6250.0,6478.0,-3.519604816301325,-0.43037196434060343,low_a,-0.15290644572025192,3.256060902606454,1.1830258136924747,0.9818668432951105,015230
1M_MA20,1M,20,10,2026-06-30,6250.0,5957.5,4.909777591271514,1.8289035125202968,low_a,0.07880588399614984,0.04373544523836079,-0.03083205002567345,0.9748910787111502,015230
1d_MA20,1D,20,10,2026-06-15,535.0,563.1,-4.990232640738768,-1.8476555691127827,low_a,0.06137906717585291,-1.8725905688609374,1.694923272181801,0.9979707092802534,015260
1w_MA10,1W,10,10,2026-06-21,535.0,640.1,-16.419309482893297,-2.8679817905918004,low_r2,-0.4191075978490029,3.794220058101593,0.5029496108152404,0.8443266435845005,015260
1w_MA20,1W,20,10,2026-06-21,535.0,611.25,-12.474437627811863,2.028042063094637,low_a,-0.09432903706548328,2.4557354820203896,1.4463176265270592,0.997769773679989,015260
1M_MA10,1M,10,10,2026-06-30,535.0,533.4,0.29996250468691255,1.5033301617507044,pass,0.43722617418300674,-2.528380346336221,0.32126524689179065,0.8706914507699673,015260
1M_MA20,1M,20,10,2026-06-30,535.0,519.3,3.0233005969574567,-3.4309623430962444,vertex_out,0.48443254600930585,-7.614011900355923,0.8731879486948404,0.9886691732517562,015260
1d_MA20,1D,20,10,2026-06-15,15280.0,15418.0,-0.8950577247373248,-0.9635149023638268,low_a,-0.006043293100766341,-0.5862280946151301,-5.389152393500228,0.992998398399858,015360
1w_MA10,1W,10,10,2026-06-21,15280.0,15931.0,-4.086372481325718,-1.1969734557181866,low_r2,-0.09504069628465064,0.9667171726605186,0.5650896057347677,0.5416896052323503,015360
1w_MA20,1W,20,10,2026-06-21,15280.0,15917.5,-4.005025914873572,0.48292405782464076,low_a,-0.0523451967783514,1.2810057315791177,1.359570494864613,0.9874433827217267,015360
1M_MA10,1M,10,10,2026-06-30,15280.0,14321.0,6.696459744431249,4.433748997301823,low_a,0.04238428270480866,3.101016420673744,-4.064683393070246,0.9885735473388744,015360
1M_MA20,1M,20,10,2026-06-30,15280.0,12425.0,22.977867203219326,4.653611286586656,low_a,0.03812628329370206,2.423687486426279,-3.531666167515,0.9981565026547063,015360
1d_MA20,1D,20,10,2026-06-15,2115.0,2371.75,-10.82533993886371,-2.0545116663225227,low_a,-0.048475795591789286,-0.42992066790778155,-0.4927094286716112,0.9954745925749506,015590
1w_MA10,1W,10,10,2026-06-21,2115.0,2474.5,-14.52818751262881,-3.865578865578867,low_r2,-0.15952377582456928,1.1448558447624337,0.3987060998151597,0.8342706710017,015590
1w_MA20,1W,20,10,2026-06-21,2115.0,2524.75,-16.22932963659768,-1.9324140609827123,low_r2,-0.07967195770936132,0.5717825194128913,0.3987060998151673,0.8342706710017007,015590
1M_MA10,1M,10,10,2026-06-30,2115.0,2514.0,-15.87112171837709,-2.3689320388349477,low_r2,-0.058424865622809824,0.3714405093232084,0.353198653198664,0.7374744955792347,015590
1M_MA20,1M,20,10,2026-06-30,2115.0,2544.5,-16.879544114757316,0.8122028526148961,low_r2,-0.06286199447629984,0.9586510790063263,0.8472272272272345,0.8444747127804282,015590
1d_MA20,1D,20,10,2026-06-15,41400.0,38295.0,8.108108108108114,-0.17595307917888103,low_a,0.04062313870850434,-1.145958021792903,1.5671938842756683,0.9838008407567103,015760
1w_MA10,1W,10,10,2026-06-21,41400.0,41420.0,-0.04828585224528892,-1.110182642950941,vertex_out,0.22388495530449973,-4.217160682083879,1.0464602422327516,0.9980295757540721,015760
1w_MA20,1W,20,10,2026-06-21,41400.0,46502.5,-10.972528358690392,-4.167954662545082,low_a,-0.1093741486444469,-0.11266319508196312,-0.057226195321431444,0.9938538239593807,015760
1M_MA10,1M,10,10,2026-06-30,41400.0,46060.0,-10.117238384715588,1.1862917398945516,low_a,-0.5759164492608216,10.292893565395083,0.9928999615025008,0.9840351649264398,015760
1M_MA20,1M,20,10,2026-06-30,41400.0,36940.0,12.073632918245814,5.219682404044712,low_a,-0.11516954692987326,5.417380223671199,2.613239141810563,0.9924052997142219,015760
1d_MA20,1D,20,10,2026-06-15,7400.0,8946.5,-17.286089532219307,-7.208421926048847,low_a,-0.0885481451917128,-2.2686295660082902,-1.4233496999454378,0.9984332233188847,015860
1w_MA10,1W,10,10,2026-06-21,7400.0,9558.0,-22.577945176815227,0.2727654217373088,low_a,-0.2463619588611167,4.6335404064174215,1.0448809250325495,0.9578045124979454,015860
1w_MA20,1W,20,10,2026-06-21,7400.0,8671.0,-14.658055587590823,-0.4820383335246148,low_a,-0.2168883615452988,3.7244190294131356,0.9540030955396125,0.9679009601081522,015860
1M_MA10,1M,10,10,2026-06-30,7400.0,7623.0,-2.925357470812018,6.096033402922751,low_a,-0.057776162701597925,6.27163464426681,6.03058650162094,0.9934520193658123,015860
1M_MA20,1M,20,10,2026-06-30,7400.0,6029.25,22.735000207322642,7.535559816292858,vertex_out,0.17847934116474784,2.1521757626539415,-0.6699112590127435,0.9962262122228291,015860
1d_MA20,1D,20,10,2026-06-15,4775.0,4823.5,-1.0054939359386283,-0.1397443196521908,low_a,0.018784668105414914,-0.47275589846349175,1.398173043777873,0.9876716498207888,015890
1w_MA10,1W,10,10,2026-06-21,4775.0,4935.0,-3.2421479229989836,-0.6742477608936315,low_a,-0.052984800233558615,0.5169300942671212,0.5420108869676645,0.8781304562057473,015890
1w_MA20,1W,20,10,2026-06-21,4775.0,4915.25,-2.8533645287625253,0.09163569719492504,low_a,0.021341898445847506,-0.24804371067350017,0.6456879261933235,0.8755508104221973,015890
1M_MA10,1M,10,10,2026-06-30,4775.0,4942.0,-3.3791987049777372,-2.322363869947619,low_a,-0.10196134093087537,0.7157656188753991,0.3899983684124686,0.9755346715477833,015890
1M_MA20,1M,20,10,2026-06-30,4775.0,5003.5,-4.566803237733586,-0.8078505228725774,low_a,0.06061108076865926,-1.241796279144084,1.1382189741507456,0.993746035763862,015890
1d_MA20,1D,20,10,2026-06-15,1552.0,1610.95,-3.659331450386416,-1.083752916615488,low_a,0.015332444850693698,-0.8300732194453563,3.007685943575327,0.9972826436168714,016090
1w_MA10,1W,10,10,2026-06-21,1552.0,1682.1,-7.734379644491995,-2.157980456026065,low_a,-0.11956587764223468,0.9856845851706282,0.45799232867721124,0.9061387103598081,016090
1w_MA20,1W,20,10,2026-06-21,1552.0,1687.3,-8.018728145557985,-0.5159046018690439,low_a,-0.023956269502945552,0.1485824044814123,0.3445685909373404,0.9214443446422276,016090
1M_MA10,1M,10,10,2026-06-30,1552.0,1694.3,-8.398748745794727,-3.188389234900857,vertex_out,0.16415754671064314,-3.3371860401236493,1.1293981188578124,0.992118995737593,016090
1M_MA20,1M,20,10,2026-06-30,1552.0,1874.5,-17.20458789010403,-2.1608643457383003,low_a,-0.009907863700593173,-0.5714992442691591,-3.204521072797201,0.9908619738907075,016090
1d_MA20,1D,20,10,2026-06-15,122500.0,120160.0,1.9474034620506009,-0.6860071080254548,low_a,0.0019440405330298182,-0.760138217301961,21.722747156616162,0.9511620407926965,016360
1w_MA10,1W,10,10,2026-06-21,122500.0,120390.0,1.7526372622310715,3.5345717234262164,low_a,0.07494159085350181,1.330281865480128,-0.9861619861620002,0.9797474806090007,016360
1w_MA20,1W,20,10,2026-06-21,122500.0,110310.0,11.050675369413465,3.0164363093014623,low_a,-0.014217670176360159,2.2191858808857643,8.671470287631635,0.9944608645601226,016360
1M_MA10,1M,10,10,2026-06-30,122500.0,94280.0,29.93211709800594,12.224735150577315,vertex_out,0.11176268027872363,4.389857802625173,-2.1821326083673,0.997664680173485,016360
1M_MA20,1M,20,10,2026-06-30,122500.0,74812.5,63.742690058479525,11.377847253238048,vertex_out,0.2111306787387064,2.5917515606406525,-0.6819766728054039,0.9991879348609752,016360
1d_MA20,1D,20,10,2026-06-15,6220.0,6146.0,1.2040351448096231,-1.1261261261261257,low_a,0.06623932988144114,-1.688000401042052,1.4157419802667164,0.9946296639154137,016380
1w_MA10,1W,10,10,2026-06-21,6220.0,6412.0,-2.9943855271366226,2.3300351101180894,low_a,-0.09492563170041488,2.0867818035474555,1.2212962962962974,0.9481731364777942,016380
1w_MA20,1W,20,10,2026-06-21,6220.0,6076.5,2.3615568172467682,1.014047045133415,low_a,-0.07359487960238736,1.6441521805369417,1.241143246664742,0.9805643481235125,016380
1M_MA10,1M,10,10,2026-06-30,6220.0,5753.0,8.117503911002967,1.553398058252431,low_r2,0.12033005420683437,-1.38660509160456,0.640186000978948,0.8119824253443455,016380
1M_MA20,1M,20,10,2026-06-30,6220.0,5863.0,6.089032918301207,-1.1548512180730053,ma_not_rising,0.11738183961703551,-1.7416558100313526,0.8243068640646048,0.9685962784813423,016380
1d_MA20,1D,20,10,2026-06-15,4505.0,4321.0,4.25827354778987,0.377489981996626,low_a,0.033903151251977785,-0.4537947731577503,0.7436129032257855,0.9812023498837258,016450
1w_MA10,1W,10,10,2026-06-21,4505.0,4482.5,0.5019520356943641,0.7756294964028854,low_r2,-0.04218404152894549,-0.23480795508310834,-0.30923747276692276,0.8135010102963776,016450
1w_MA20,1W,20,10,2026-06-21,4505.0,4524.5,-0.43098684937562526,0.8807134894091462,low_a,0.011721196560900272,0.1715711380653275,-0.8132045088565676,0.9887253261965434,016450
1M_MA10,1M,10,10,2026-06-30,4505.0,4331.0,4.0175479104133105,1.6666666666666607,low_a,0.010545599170814832,0.8642186998399317,-4.5528138528137845,0.954720634000241,016450
1M_MA20,1M,20,10,2026-06-30,4505.0,4185.25,7.639925930350633,-0.7587883099176018,low_a,0.04287912234932111,-0.7517069146208137,0.9739354018605064,0.956587740471423,016450
1d_MA20,1D,20,10,2026-06-15,10240.0,10512.5,-2.5921521997621877,-1.0029192956022226,low_a,0.022465450981895903,-0.7998719311210217,1.978029710711522,0.9989189336123561,016580
1w_MA10,1W,10,10,2026-06-21,10240.0,10842.0,-5.552481092049433,-0.2667647870481127,low_a,-0.05579664958522665,0.8220847006500961,0.8185325211790341,0.8958099619559372,016580
1w_MA20,1W,20,10,2026-06-21,10240.0,10687.5,-4.187134502923973,-0.4424778761061954,low_r2,-0.006306495986812552,-0.03721184950431628,-0.32780881440105214,0.8230207860145323,016580
1M_MA10,1M,10,10,2026-06-30,10240.0,10909.0,-6.132551104592543,-1.7384255089173073,low_a,-0.05488168557798216,-0.14091679855756278,-0.14264705882350834,0.9804298685574373,016580
1M_MA20,1M,20,10,2026-06-30,10240.0,11294.0,-9.332388879050823,-2.675686156232493,low_a,0.007563472853666359,-1.3959328664254282,10.253467872887372,0.9969187146726767,016580
1d_MA20,1D,20,10,2026-06-15,10580.0,9957.5,6.2515691689681185,-1.3376269507059724,low_a,0.08660685169608355,-2.122983682538517,1.3618268717663136,0.9993105969992659,016590
1w_MA10,1W,10,10,2026-06-21,10580.0,11353.0,-6.808773011538804,-3.73102688035275,low_a,-0.05951749856819127,-1.50368373072988,-1.403586962661687,0.994711369422581,016590
1w_MA20,1W,20,10,2026-06-21,10580.0,12340.5,-14.266034601515331,-1.3864471791593447,low_a,-0.04366622253735349,-0.4402954203680461,-0.5601779880590557,0.9896012310011576,016590
1M_MA10,1M,10,10,2026-06-30,10580.0,12438.0,-14.938092940987302,-0.7342378292098939,low_a,-0.5595141878924446,8.866888321398273,0.8804153985797443,0.9933370405270479,016590
1M_MA20,1M,20,10,2026-06-30,10580.0,10309.0,2.6287709768163747,4.479578392621875,low_a,-0.06947730533209968,4.569626502297351,3.653972153972243,0.9966949169217884,016590
1d_MA20,1D,20,10,2026-06-15,10940.0,11286.5,-3.0700394276347853,-2.6270382193080866,low_a,0.019238415667515617,-1.8799954401524908,5.428939312083716,0.9945025815645077,016610
1w_MA10,1W,10,10,2026-06-21,10940.0,12527.0,-12.668635746786938,-2.8387497091444946,low_a,-0.02556086966411175,-1.251041295780696,-2.719089574155688,0.986115012832437,016610
1w_MA20,1W,20,10,2026-06-21,10940.0,13385.0,-18.266716473664545,-1.4323060495599949,low_a,-0.16391828275525488,1.8654612038231007,0.6322463352087884,0.9791426262701852,016610
1M_MA10,1M,10,10,2026-06-30,10940.0,11782.0,-7.146494652860291,3.6509193278789542,low_a,-0.2067153401546249,7.685494962838132,2.0655068078668837,0.9852915560923423,016610
1M_MA20,1M,20,10,2026-06-30,10940.0,9234.0,18.47520034654537,6.315122905992743,low_a,0.0031528435495962303,5.187068216824761,-91.40017636687654,0.9929837678227351,016610
1d_MA20,1D,20,10,2026-06-15,7280.0,7467.0,-2.504352484264094,-1.749999999999996,low_a,0.004179559753040461,-0.8549912742524466,11.364717348924861,0.9992908126965183,016710
1w_MA10,1W,10,10,2026-06-21,7280.0,7938.0,-8.289241622574961,-3.076923076923077,low_a,-0.08600083347093532,-0.4939262413963386,-0.31907070707070206,0.9949971153440779,016710
1w_MA20,1W,20,10,2026-06-21,7280.0,8393.5,-13.266217906713528,-1.6809183553941676,low_a,-0.044177354424637584,-0.07758702763166117,-0.09757013474707493,0.9978125885740486,016710
1M_MA10,1M,10,10,2026-06-30,7280.0,8298.0,-12.268016389491443,-3.9916695591808438,low_a,-0.3108459613943165,3.372943938746541,0.6028251856137322,0.9190672673518187,016710
1M_MA20,1M,20,10,2026-06-30,7280.0,8096.5,-10.08460445871673,-0.7599436170864782,low_r2,0.03311854850675383,-0.44509934727874456,0.7466432748537607,0.7436186789456309,016710
1d_MA20,1D,20,10,2026-06-15,4415.0,4644.0,-4.9310938845822605,-0.7533258535021625,low_a,-0.0020775750543947256,-0.4488201371359396,-12.001709401719825,0.9919958529955248,016740
1w_MA10,1W,10,10,2026-06-21,4415.0,4735.5,-6.768028719248232,-0.6295247088448197,low_a,-0.13368700571939415,1.608756506903866,0.6685418752085449,0.9837230713036896,016740
1w_MA20,1W,20,10,2026-06-21,4415.0,4658.25,-5.2219181022916334,0.07519200816370475,low_a,-0.09017863767714997,1.7079378591687648,1.0521941677605273,0.9935288999085927,016740
1M_MA10,1M,10,10,2026-06-30,4415.0,4192.5,5.307096004770417,4.969954932398601,vertex_out,0.14418752095386944,1.889292199019449,-0.7279456434852171,0.9910941758564679,016740
1M_MA20,1M,20,10,2026-06-30,4415.0,3707.25,19.090970395845975,2.786442087752139,vertex_out,0.17606533666106736,-0.42997351951237267,0.13567359824308622,0.9792777655283962,016740
1d_MA20,1D,20,10,2026-06-15,26950.0,28665.0,-5.982905982905984,-1.401668243185139,low_a,0.05757560539353968,-1.5621504564705475,1.5073421439060348,0.999802086993029,016800
1w_MA10,1W,10,10,2026-06-21,26950.0,31745.0,-15.104740904079383,-6.673526385418194,low_a,-0.09102043731827364,-1.5897641136825815,-0.9703340385971718,0.9994702323521106,016800
1w_MA20,1W,20,10,2026-06-21,26950.0,35822.5,-24.767953102100638,-4.217914438502679,low_a,-0.025634961615979366,-1.7021614513011964,-3.68888888888925,0.9984101457154061,016800
1M_MA10,1M,10,10,2026-06-30,26950.0,39655.0,-32.03883495145631,-7.9396401625072555,low_a,-0.3557938915126995,2.313410620351684,0.36122827093891463,0.9868360574616055,016800
1M_MA20,1M,20,10,2026-06-30,26950.0,41450.0,-34.98190591073582,-3.3348880597014907,low_a,-0.20543808401038158,1.5250285576314948,0.41240556328895595,0.9719763828538116,016800
1d_MA20,1D,20,10,2026-06-15,2025.0,2141.0,-5.418028958430643,-2.02493993822217,low_a,0.06582263003005999,-2.285143269766217,1.9287045172446635,0.9977039052262405,016880
1w_MA10,1W,10,10,2026-06-21,2025.0,2464.5,-17.833231892878874,-5.102040816326525,low_a,-0.46125220513784126,3.9582731668505113,0.4767545008469107,0.9175598659477977,016880
1w_MA20,1W,20,10,2026-06-21,2025.0,2454.25,-17.490068248955893,-1.475311120032119,low_a,-0.1413757797990385,1.3820331493196985,0.5430889188783955,0.9383357766987909,016880
1M_MA10,1M,10,10,2026-06-30,2025.0,2757.5,-26.563916591115145,-12.181528662420382,low_a,-0.9442441899959344,11.084040866907825,0.6521406800122298,0.9747198180797656,016880
1M_MA20,1M,20,10,2026-06-30,2025.0,2304.35,-12.122724412524132,5.235877060784588,low_a,-0.04281546613768806,3.921650087197855,5.088568896765821,0.9910938369081859,016880
1d_MA20,1D,20,10,2026-06-15,932.0,932.0,0.0,0.0,low_r2,-1.7220500021135773e-15,1.445113106016723e-14,0.46621213871162837,0.0,017040
1w_MA10,1W,10,10,2026-06-21,932.0,932.0,0.0,-0.23549561121816165,vertex_out,0.40087702074742876,-6.832834208644117,0.9469285612142772,0.9946829967352913,017040
1w_MA20,1W,20,10,2026-06-21,932.0,1099.55,-15.238051930335129,-4.416047289955227,low_a,-0.04655053246183321,-1.1321280145362014,-1.3511338642395807,0.9957558653583711,017040
1M_MA10,1M,10,10,2026-06-30,932.0,1210.8,-23.026098447307564,-2.220786562222399,low_a,-0.3081934839186069,0.3110039757480953,0.05606218026736424,0.9087940257890573,017040
1M_MA20,1M,20,10,2026-06-30,932.0,1349.45,-30.934825299195968,-4.392645860639766,low_a,0.09556086799186313,-3.9883228752739712,2.3186634626387326,0.9960103153593858,017040
1d_MA20,1D,20,10,2026-06-15,1307.0,1449.55,-9.834086440619505,-2.498822896347619,low_a,0.003158220843922565,-1.2737302052340151,22.40590277777374,0.9999273902002199,017180
1w_MA10,1W,10,10,2026-06-21,1307.0,1577.8,-17.163138547344403,-6.222882615156022,low_a,-0.22524483284207802,0.3313724596044774,0.08173142467620921,0.9974686203992037,017180
1w_MA20,1W,20,10,2026-06-21,1307.0,1707.6,-23.45982665729679,-2.853079220594512,low_a,-0.10827702589917951,0.17720920841328647,0.09092377576132668,0.9975196540503156,017180
1M_MA10,1M,10,10,2026-06-30,1307.0,1687.6,-22.5527376155487,-3.510577472841625,low_r2,-0.06800633096646996,1.145437860518584,0.9357281269423561,0.6035009526339977,017180
1M_MA20,1M,20,10,2026-06-30,1307.0,1688.1,-22.575676796398312,-4.734762979683982,low_a,-0.0730709356451617,-0.5541956822129517,-0.42135287772066843,0.9768506378422058,017180
1d_MA20,1D,20,10,2026-06-15,4770.0,4775.75,-0.12039993718264697,-2.0509665179715975,low_a,0.04616262171370074,-1.8229372415791003,2.193859175220575,0.9990016982874641,017370
1w_MA10,1W,10,10,2026-06-21,4770.0,5344.0,-10.741017964071853,-3.5553149251037697,low_a,-0.0872689534801452,-0.7204274868375736,-0.4586252919586117,0.9947694429549244,017370
1w_MA20,1W,20,10,2026-06-21,4770.0,5771.5,-17.35250801351469,-2.7138643067846635,low_a,-0.09018684666062592,-0.05226340255235361,-0.03219452139119168,0.9974906266597845,017370
1M_MA10,1M,10,10,2026-06-30,4770.0,6026.0,-20.843013607699966,-8.070175438596493,low_a,-0.4085348985899124,2.810280423483968,0.38216243148978535,0.9681377165687151,017370
1M_MA20,1M,20,10,2026-06-30,4770.0,6270.5,-23.929511203253327,-3.708538083538082,low_a,0.017684425241397097,-1.3385460877729771,4.205037513397203,0.9841325491931119,017370
1d_MA20,1D,20,10,2026-06-15,57200.0,57625.0,-0.7375271149674623,-0.723576535446635,low_a,0.023417562236257457,-0.8595558774429252,2.0392004863959965,0.9972273235512746,017390
1w_MA10,1W,10,10,2026-06-21,57200.0,60400.0,-5.298013245033117,-1.6606968414197287,low_a,-0.04906625076610073,-0.6451824453713153,-0.7305116781423028,0.9854323455723458,017390
1w_MA20,1W,20,10,2026-06-21,57200.0,63340.0,-9.693716450899903,-1.3395638629283502,low_a,-0.034789665087580905,0.01221451647764702,0.019505340078723742,0.981427334627652,017390
1M_MA10,1M,10,10,2026-06-30,57200.0,62720.0,-8.801020408163263,-1.692789968652042,low_a,-0.23919922765762353,3.7198435101049836,0.8639575253119501,0.9787652886856254,017390
1M_MA20,1M,20,10,2026-06-30,57200.0,58417.5,-2.0841357469936206,0.5940849799819237,low_a,-0.0015643451784205687,0.6686810107134313,23.747281323896985,0.985873426276302,017390
1d_MA20,1D,20,10,2026-06-15,2560.0,2617.5,-2.1967526265520565,-1.3938594838952767,low_a,0.02644428084249246,-1.7113441938459044,3.595283154121974,0.9762227139481118,017550
1w_MA10,1W,10,10,2026-06-21,2560.0,2966.0,-13.688469318948082,0.6105834464043447,low_a,-0.3484456753732713,6.706993491384686,1.0693510519888454,0.9952498847163046,017550
1w_MA20,1W,20,10,2026-06-21,2560.0,2484.9,3.0222544166767173,3.6389798344212076,low_a,-0.11930386704220154,3.7637783094951867,1.7526573124238292,0.9990205430795603,017550
1M_MA10,1M,10,10,2026-06-30,2560.0,2092.0,22.37093690248566,8.635820740509947,pass,0.5481354396325865,-3.7746994869192294,0.38257976384747766,0.9357315426437767,017550
1M_MA20,1M,20,10,2026-06-30,2560.0,1987.0,28.837443381982887,5.182361971309102,pass,0.29877306269287873,-2.3821891378109403,0.44295774122561515,0.8722074133073847,017550
1d_MA20,1D,20,10,2026-06-15,105400.0,104220.0,1.1322203032047673,-0.004797313504434353,low_a,-0.07455969531861274,1.0981428332199001,0.8182428176266111,0.9833786458132643,017670
1w_MA10,1W,10,10,2026-06-21,105400.0,100640.0,4.729729729729737,3.549747916452306,low_a,0.05529750055297336,1.8058157384479814,-1.8142428785607925,0.9930539805463708,017670
1w_MA20,1W,20,10,2026-06-21,105400.0,90340.0,16.67035643125969,4.222427318874011,low_a,-0.001715556743752802,2.820003974451454,91.32130898032227,0.9985466658416645,017670
1M_MA10,1M,10,10,2026-06-30,105400.0,74340.0,41.78100618778584,14.775358962482631,vertex_out,0.6380797858438826,-2.20436832556081,0.19192726316135605,0.9984512065842314,017670
1M_MA20,1M,20,10,2026-06-30,105400.0,64985.0,62.191274909594526,7.742684241067721,vertex_out,0.2988057736895615,-0.6911190976268791,0.12849653120694304,0.9984614557558483,017670
1d_MA20,1D,20,10,2026-06-15,83500.0,80640.0,3.546626984126977,-1.2913887018789372,low_a,0.045922256337180306,-1.552441734649556,1.878103776147819,0.9979672725006116,017800
1w_MA10,1W,10,10,2026-06-21,83500.0,88880.0,-6.053105310531048,-2.0174181457391693,low_a,-0.04268657983278709,-0.23083652207841204,-0.3004281738385674,0.9462249127392433,017800
1w_MA20,1W,20,10,2026-06-21,83500.0,91785.0,-9.02652938933377,-1.3223673601032049,low_a,-0.08439689653135128,0.5844809688244327,0.38474358974359324,0.9761247298766179,017800
1M_MA10,1M,10,10,2026-06-30,83500.0,86820.0,-3.824003685786681,-0.16099356025759404,low_a,-0.33167617152862594,5.55312370123977,0.9301448182703472,0.9858804391162961,017800
1M_MA20,1M,20,10,2026-06-30,83500.0,76780.0,8.752279239385263,4.740467908055379,low_a,-0.025312902051369657,3.7409634640431406,8.210488988428994,0.9974258290533156,017800
1d_MA20,1D,20,10,2026-06-15,10050.0,10235.5,-1.8123198671291085,-0.9914877152253809,low_a,0.039833723782705145,-1.159078898022075,1.616551655165504,0.9991399338130049,017810
1w_MA10,1W,10,10,2026-06-21,10050.0,10987.0,-8.528260671702926,-3.6903927068723696,low_a,-0.0707232360181606,-0.7149108829492881,-0.5615873015872984,0.9971158968611534,017810
1w_MA20,1W,20,10,2026-06-21,10050.0,11733.5,-14.347807559551706,-2.5173430814605546,low_a,-0.06801327422595971,-0.327157666622079,-0.2672335089039358,0.9985294549459102,017810
1M_MA10,1M,10,10,2026-06-30,10050.0,12472.0,-19.419499679281593,-6.478704259148172,low_a,-0.1808519878080427,0.516207263240833,0.1585726628650417,0.891477804880771,017810
1M_MA20,1M,20,10,2026-06-30,10050.0,12880.0,-21.972049689440997,-0.48674959437533527,low_r2,-0.06907570138449254,0.42451163042854523,0.3414222222222285,0.5682204899039791,017810
1d_MA20,1D,20,10,2026-06-15,14980.0,16722.5,-10.420092689490213,-2.9538925804485916,low_a,0.07670829720841295,-2.7657493015294308,2.0030784747625123,0.9983230804770387,017860
1w_MA10,1W,10,10,2026-06-21,14980.0,19152.0,-21.78362573099415,-4.483566904393799,low_a,-0.38992897546166494,3.2804047509053365,0.4673792404574633,0.96960373178305,017860
1w_MA20,1W,20,10,2026-06-21,14980.0,19183.5,-21.912059843094323,-2.227262302183941,low_a,-0.17456080925616735,1.6532947873398092,0.5261760116669605,0.9871308703736942,017860
1M_MA10,1M,10,10,2026-06-30,14980.0,19273.7,-22.277507691828767,-6.6734779850764365,vertex_out,0.19849631328517545,-4.754070190603271,1.3305789221869437,0.9867776146842565,017860
1M_MA20,1M,20,10,2026-06-30,14980.0,24330.55,-38.43131371876098,-4.198929399002638,vertex_out,0.34763756003801194,-6.03678603675289,0.9647317798604842,0.9891053414019731,017860
1d_MA20,1D,20,10,2026-06-15,9000.0,10396.0,-13.428241631396688,-2.2656764125223328,low_a,-0.06539393526705128,-0.5762541776115276,-0.489557951325014,0.9895413821637624,017900
1w_MA10,1W,10,10,2026-06-21,9000.0,10673.0,-15.675067928417509,3.2055311125078534,low_a,-0.5271491163489894,14.218281273614183,1.498446057676489,0.9888409165544246,017900
1w_MA20,1W,20,10,2026-06-21,9000.0,6944.7,29.595230895503043,11.642150952495767,low_a,-0.12150110323328493,9.643639945753613,4.409488971762027,0.9981474632426467,017900
1M_MA10,1M,10,10,2026-06-30,9000.0,4371.6,105.87427944002195,56.514267301564594,vertex_out,2.68178251755426,-13.999376694525168,0.2900097769319233,0.9503756294853014,017900
1M_MA20,1M,20,10,2026-06-30,9000.0,3101.1,190.2195994969527,34.383463696834426,pass,1.6104320353303978,-9.4622118506525,0.3264207520806753,0.9433400072227293,017900
1d_MA20,1D,20,10,2026-06-15,88500.0,88055.0,0.5053659644540298,-1.2780985481248952,low_a,0.028602202307535553,-1.2093871476634745,2.3490559974289673,0.9990534839991052,017940
1w_MA10,1W,10,10,2026-06-21,88500.0,95170.0,-7.0085110854260835,-1.7244940107393636,low_a,-0.11974648524997941,0.3261070524425573,0.15129511677282464,0.9440433423608866,017940
1w_MA20,1W,20,10,2026-06-21,88500.0,98255.0,-9.928247926314182,0.07129398584304614,low_a,-0.07570195000388827,1.2450336386952352,0.9136955584303433,0.9967448595878717,017940
1M_MA10,1M,10,10,2026-06-30,88500.0,89060.0,-0.6287895800583865,1.945970695970689,low_a,-0.006750910422074459,3.043557634709192,25.046478873239717,0.9725755390686381,017940
1M_MA20,1M,20,10,2026-06-30,88500.0,79690.0,11.05533944033128,1.5288571792585026,low_a,0.03617583375869697,0.9941440903318743,-1.5267160836999887,0.9877628761107067,017940
1d_MA20,1D,20,10,2026-06-15,32800.0,33600.0,-2.3809523809523836,-2.8410323140316662,low_a,0.0700215628045455,-2.6479350042277243,2.10088855979267,0.999292129572706,017960
1w_MA10,1W,10,10,2026-06-21,32800.0,40285.0,-18.580116668735258,-6.281260904966846,low_a,-0.44215635900070926,2.8289033086474604,0.35544280145614005,0.9448306930419914,017960
1w_MA20,1W,20,10,2026-06-21,32800.0,41122.5,-20.238312359413946,-0.5140921737026738,low_a,-0.22172620044215752,2.661156229931851,0.6667773699236765,0.9735561537357323,017960
1M_MA10,1M,10,10,2026-06-30,32800.0,35565.0,-7.7744973991283555,0.6082036775105992,low_a,-0.2403534038894495,7.69419453578408,1.7784447612175793,0.98462825913431,017960
1M_MA20,1M,20,10,2026-06-30,32800.0,27560.5,19.010903285499168,8.533679878709123,vertex_out,0.13935610336452958,4.568538903531044,-1.8212888473131466,0.9959315591943808,017960
1d_MA20,1D,20,10,2026-06-15,12290.0,12420.0,-1.046698872785834,-0.9687836383207804,low_a,0.04372305946230362,-1.3876281266170372,1.7631531833948806,0.9955792816310611,018250
1w_MA10,1W,10,10,2026-06-21,12290.0,13658.0,-10.016107775662618,-3.244545196939641,low_a,-0.1193817579022691,0.10845609011791184,0.050471181240408475,0.9847741888824265,018250
1w_MA20,1W,20,10,2026-06-21,12290.0,14163.5,-13.227662654005012,-0.39032280751107873,low_a,-0.04618712645476717,0.5034998004481068,0.6056278725934638,0.8710192322252592,018250
1M_MA10,1M,10,10,2026-06-30,12290.0,14124.0,-12.984990087793824,-4.276516435106748,low_r2,-0.1600201923455674,1.330803070729194,0.46202609086819824,0.7233690012213421,018250
1M_MA20,1M,20,10,2026-06-30,12290.0,14236.5,-13.672602114283706,-2.7993035878878914,low_a,0.06787631920014582,-2.454673825834699,2.009106706269876,0.9750031406739023,018250
1d_MA20,1D,20,10,2026-06-15,239500.0,234695.0,2.0473380344702807,2.495851166040697,low_a,-0.09470297767996581,2.4364293602644875,1.4292812116085651,0.9960100653683717,018260
1w_MA10,1W,10,10,2026-06-21,239500.0,210560.0,13.7443009118541,9.098445595854932,vertex_out,0.5365532804147761,-1.980045661078408,0.2050169866477045,0.9791779692456787,018260
1w_MA20,1W,20,10,2026-06-21,239500.0,187670.0,27.61762668513881,3.55635260035867,vertex_out,0.2083047191561245,-0.6716358620173924,0.17912749935081645,0.974205053951941,018260
1M_MA10,1M,10,10,2026-06-30,239500.0,191010.0,25.38610543950579,13.791254616942684,vertex_out,0.10396961992746265,2.3438791439186364,-1.2524380495603267,0.9692508002810606,018260
1M_MA20,1M,20,10,2026-06-30,239500.0,164000.0,46.03658536585367,7.919586746948304,vertex_out,0.18941145548071217,-0.5579699395925092,0.16365604656112356,0.9428257462119876,018260
1d_MA20,1D,20,10,2026-06-15,1130.0,1278.95,-11.646272332772977,-3.08415110067064,low_a,0.030608955142591116,-1.9784695236928111,3.5909417040357345,0.999958772618792,018470
1w_MA10,1W,10,10,2026-06-21,1130.0,1450.7,-22.10656924243469,-4.40827622561939,low_a,-0.3880795225943567,4.427006151073371,0.6337484248758435,0.9943715459012656,018470
1w_MA20,1W,20,10,2026-06-21,1130.0,1372.1,-17.644486553458194,-1.1740132526649516,low_a,-0.16815973045789395,1.9597035877208944,0.6474345626244363,0.9911976393654482,018470
1M_MA10,1M,10,10,2026-06-30,1130.0,1358.5,-16.820022083179975,-3.9929328621908122,low_a,0.07104737811880611,-1.7485278580899093,1.3672627918529425,0.9055362556945353,018470
1M_MA20,1M,20,10,2026-06-30,1130.0,1438.9,-21.46778789352979,-3.110901622786333,vertex_out,0.17756524187101122,-3.4688004686193166,1.0852976354770425,0.9822315423115388,018470
1d_MA20,1D,20,10,2026-06-15,1604.0,1546.1,3.744906539033699,-1.1729361756527945,low_a,0.05353830469203222,-1.750904308729175,1.8168760134562452,0.997014997272363,018500
1w_MA10,1W,10,10,2026-06-21,1604.0,1673.7,-4.164426121766152,-0.005974429441979456,low_r2,-0.1619619814846408,1.7064675538797356,0.5853457220286544,0.8365811471308373,018500
1w_MA20,1W,20,10,2026-06-21,1604.0,1644.75,-2.477580179358563,-0.3091190108191588,low_a,-0.15097007255150338,2.0053585742227718,0.7379529452172435,0.9780083182176792,018500
1M_MA10,1M,10,10,2026-06-30,1604.0,1515.9,5.811729005871102,1.8681540219071424,pass,0.4587793123713173,-4.336820354266357,0.5251641859799165,0.887868409753227,018500
1M_MA20,1M,20,10,2026-06-30,1604.0,1535.75,4.4440826957512725,1.5405467949353602,pass,0.1905744338263953,-1.9442182349516515,0.5667713239141762,0.9818792045350281,018500
1d_MA20,1D,20,10,2026-06-15,230500.0,235550.0,-2.1439184886436036,-2.058212058212061,low_a,-0.0046804194269642425,-0.9646114254409075,-11.449726775953614,0.9987992950154616,018670
1w_MA10,1W,10,10,2026-06-21,230500.0,251650.0,-8.40453010133121,-1.8717098849678315,low_a,-0.23838435731577284,2.6016003860853676,0.6063038548752852,0.9216708154407126,018670
1w_MA20,1W,20,10,2026-06-21,230500.0,246000.0,-6.3008130081300795,-0.24330900243308973,low_a,-0.08072260064353327,1.2563556374168459,0.8646591519055389,0.9668797375480006,018670
1M_MA10,1M,10,10,2026-06-30,230500.0,244750.0,-5.822267620020427,-2.178257394084737,low_r2,-0.04811877327551479,0.7929352948407992,0.9154838709677716,0.5731468968610385,018670
1M_MA20,1M,20,10,2026-06-30,230500.0,240125.0,-4.008328995314936,2.0766026186022746,low_a,-0.004649609166172551,1.7034463409449216,20.35351885461278,0.9915510181491859,018670
1d_MA20,1D,20,10,2026-06-15,5680.0,4866.5,16.71632590157197,0.3505516032580758,low_a,-0.03047002284983955,-0.24956363257114034,-0.45502579116133657,0.8708612825222629,018880
1w_MA10,1W,10,10,2026-06-21,5680.0,4819.5,17.85454922709824,5.89980224126565,vertex_out,0.275077978476242,-0.8375559037825777,0.16915524754554398,0.9742065732348353,018880
1w_MA20,1W,20,10,2026-06-21,5680.0,4498.5,26.26431032566412,4.306996695843712,low_a,0.08964471192521728,1.393697239212767,-0.8637165844796328,0.9882242505750843,018880
1M_MA10,1M,10,10,2026-06-30,5680.0,4081.7,39.15770389788569,13.766096214950663,pass,0.6100115045085629,-3.4123021823095545,0.3107684724968672,0.9682109679024226,018880
1M_MA20,1M,20,10,2026-06-30,5680.0,3753.5,51.325429599040895,5.13269378895036,pass,0.3700599856854937,-3.9129151528106996,0.5874295615978873,0.9726793817534392,018880
1d_MA20,1D,20,10,2026-06-15,9230.0,9850.0,-6.294416243654821,-2.2478042971269763,low_a,-0.003667666899645599,-1.114193411074728,-16.87711442786074,0.9991215983734854,019170
1w_MA10,1W,10,10,2026-06-21,9230.0,10820.0,-14.695009242144174,-2.3113037197544206,low_a,-0.05633407138352762,-0.22234164955829017,-0.2192689709972096,0.9659654713182164,019170
1w_MA20,1W,20,10,2026-06-21,9230.0,11152.5,-17.23828737951132,-3.2195079619907196,low_a,-0.024876096679582498,-1.1036716100751232,-2.464819551008716,0.999609472310062,019170
1M_MA10,1M,10,10,2026-06-30,9230.0,12202.0,-24.35666284215703,-4.1401524078874985,low_a,-0.5606750401391678,6.47738831125743,0.6418243731549866,0.9299465157370558,019170
1M_MA20,1M,20,10,2026-06-30,9230.0,11456.5,-19.434382228429282,-2.3066427901424102,low_a,-0.08988470441200104,0.4944929254674475,0.30563408282141546,0.9505790583601417,019170
1d_MA20,1D,20,10,2026-06-15,14110.0,15686.5,-10.05004303063144,-3.151818237945303,low_a,-0.019025823936037693,-1.3856389713528028,-4.046076696164638,0.9988455376135863,019175
1w_MA10,1W,10,10,2026-06-21,14110.0,17652.0,-20.065714933152044,-1.9442284190645531,low_r2,-0.11309136775205539,0.8717289964000372,0.4282324075792317,0.6841340256133064,019175
1w_MA20,1W,20,10,2026-06-21,14110.0,17624.0,-19.93871992737176,-3.2950149523992445,low_a,-0.012758086161197092,-1.3198555828743692,-5.747359692765005,0.9985216132795991,019175
1M_MA10,1M,10,10,2026-06-30,14110.0,20449.0,-30.99907085921072,-6.274635621963521,low_a,-0.8577249176401359,7.849401791502664,0.5084122757042986,0.8908886608136231,019175
1M_MA20,1M,20,10,2026-06-30,14110.0,19935.0,-29.2199648858791,-2.265038976320044,low_a,-0.07578828831314219,0.188060150117105,0.1378548895899161,0.9467512262294926,019175
1d_MA20,1D,20,10,2026-06-15,7360.0,7600.5,-3.1642655088481075,-1.015823403008398,low_a,-0.040033321767067455,-0.06002560182126239,-0.08329949925564416,0.9882797795839287,019180
1w_MA10,1W,10,10,2026-06-21,7360.0,7522.0,-2.1536825312416963,-0.21225789334040623,low_a,0.006216458048209155,-0.8022363585457172,7.169466316709492,0.9612495555093844,019180
1w_MA20,1W,20,10,2026-06-21,7360.0,7775.0,-5.337620578778135,0.025730091341813477,low_a,0.007101030652799423,-0.23057264650032014,1.803905953735056,0.8950246110584902,019180
1M_MA10,1M,10,10,2026-06-30,7360.0,7235.0,1.727712508638568,12.127082526152645,vertex_out,0.10322782584833265,7.455635974879443,-4.01250336525521,0.9965050802944501,019180
1M_MA20,1M,20,10,2026-06-30,7360.0,5210.5,41.253238652720455,9.487287245219589,vertex_out,0.12669790741694165,3.565658875311675,-1.56349985392931,0.9988921537616138,019180
1d_MA20,1D,20,10,2026-06-15,541.0,541.0,0.0,0.0,low_r2,-6.433913848228756e-16,1.7426835311743258e-14,1.5047722741665273,0.0,019490
1w_MA10,1W,10,10,2026-06-21,541.0,541.0,0.0,0.0,low_r2,-6.433913848228756e-16,1.7426835311743258e-14,1.5047722741665273,0.0,019490
1w_MA20,1W,20,10,2026-06-21,541.0,541.0,0.0,0.0,low_r2,-6.433913848228756e-16,1.7426835311743258e-14,1.5047722741665273,0.0,019490
1M_MA10,1M,10,10,2026-06-30,541.0,574.0,-5.749128919860624,-6.908855011352577,low_r2,0.7328528760766939,-11.163797701272008,0.8462967174588732,0.8332487207276168,019490
1M_MA20,1M,20,10,2026-06-30,541.0,886.1,-38.945942895835685,-25.16047297297297,low_a,-0.4999349115212155,0.7512242802939152,0.08348023167967891,0.9359416057724919,019490
1d_MA20,1D,20,10,2026-06-15,1150.0,1168.25,-1.5621656323560829,-1.4051818718879283,low_a,0.05899078839747199,-1.5242939184471413,1.4355291354762545,0.999331951802358,019680
1w_MA10,1W,10,10,2026-06-21,1150.0,1312.5,-12.380952380952381,-5.677326625943224,low_a,-0.12455198995756286,-1.2841289779683522,-0.5727768685215433,0.997126124580602,019680
1w_MA20,1W,20,10,2026-06-21,1150.0,1473.45,-21.951881638331805,-3.8280791071078846,low_a,-0.031931787287692776,-1.515132648512065,-2.636057771213158,0.9968070836935952,019680
1M_MA10,1M,10,10,2026-06-30,1150.0,1674.7,-31.330984653967874,-11.904260915307729,low_a,-0.2878609152569617,-0.49168327331112055,-0.09489213699536012,0.9946594322763397,019680
1M_MA20,1M,20,10,2026-06-30,1150.0,1988.35,-42.1631000578369,-5.10201646581554,low_a,-0.042106364133262866,-1.3896663841622494,-1.8335396465168807,0.9982440612933534,019680
1d_MA20,1D,20,10,2026-06-15,708.0,842.55,-15.9693786718889,-3.199678308823528,low_a,-0.024282350555041406,-1.2000014439288669,-2.745481609526305,0.9999141673797765,019685
1w_MA10,1W,10,10,2026-06-21,708.0,910.7,-22.2576040408477,-6.374010486275317,low_a,-0.15786604079068228,-0.11670986177564052,-0.04107204549682039,0.9934003842713737,019685
1w_MA20,1W,20,10,2026-06-21,708.0,989.85,-28.474011213820283,-4.4546332046332076,low_a,-0.09842997315764085,-0.6118740051201929,-0.34535212389028647,0.9997861860304892,019685
1M_MA10,1M,10,10,2026-06-30,708.0,1081.4,-34.529313852413544,-8.557415863351924,low_a,-0.22171799059727093,0.230452711659418,0.05774420195237332,0.9830169652060754,019685
1M_MA20,1M,20,10,2026-06-30,708.0,1193.2,-40.66376131411331,-4.433142445236471,low_a,-0.044632017938500364,-0.9504037803333936,-1.1830119375573982,0.9950927079135614,019685
1d_MA20,1D,20,10,2026-06-15,23100.0,23517.5,-1.7752737323269874,-1.6004184100418373,low_a,0.003937260801663169,-0.7141723300849884,10.077117711764787,0.997254501551021,020000
1w_MA10,1W,10,10,2026-06-21,23100.0,24535.0,-5.848787446504988,0.08158270446665394,low_r2,-0.21343517965139608,2.1540736067763144,0.5606889929180178,0.8392284611562193,020000
1w_MA20,1W,20,10,2026-06-21,23100.0,23790.0,-2.90037831021438,2.4967148488830526,low_a,-0.07704462780459422,2.6767970826774565,1.930192321972237,0.9991663369511201,020000
1M_MA10,1M,10,10,2026-06-30,23100.0,19934.0,15.882411959466246,7.797966688297642,vertex_out,0.39195076980892724,-0.5077521821306324,0.07196938170720855,0.9885975074542558,020000
1M_MA20,1M,20,10,2026-06-30,23100.0,17743.5,30.188519739622954,4.00035167926851,pass,0.3134846626315945,-1.9182521501668535,0.339951444525369,0.9688615452594076,020000
1d_MA20,1D,20,10,2026-06-15,3200.0,3492.0,-8.361970217640325,-1.3837898898616197,low_a,0.0032331130853257644,-0.9367475841865986,16.096415770612424,0.9936580332952728,020120
1w_MA10,1W,10,10,2026-06-21,3200.0,3666.0,-12.711402073104205,-0.972447325769854,low_r2,-0.024061266860074593,0.6827775076527542,1.5764790764790488,0.7913526715617349,020120
1w_MA20,1W,20,10,2026-06-21,3200.0,3590.25,-10.869716593551981,0.15342771462445448,low_a,-0.035415474568427335,0.7383578509986181,1.1582473794549486,0.9874890293064417,020120
1M_MA10,1M,10,10,2026-06-30,3200.0,3574.0,-10.46446558477896,-2.1893814997263283,low_r2,-0.1214853462784602,1.0653386348145242,0.48718204725907593,0.7949920292869065,020120
1M_MA20,1M,20,10,2026-06-30,3200.0,3575.0,-10.48951048951049,-1.003807545863622,vertex_out,0.17418377650622952,-2.7507267219485505,0.8773386034255523,0.9859662675375918,020120
1d_MA20,1D,20,10,2026-06-15,56800.0,56435.0,0.6467617613183263,-1.8436385772675923,low_a,-0.010793677176213013,-1.6361093298424272,-8.421130378934905,0.9805783161564025,020150
1w_MA10,1W,10,10,2026-06-21,56800.0,60510.0,-6.131217980499093,4.076367389060898,low_a,-0.19379398084293353,5.368484700452713,1.539001101726045,0.9990947158342227,020150
1w_MA20,1W,20,10,2026-06-21,56800.0,51667.5,9.933710746600855,3.562838244137101,low_a,-0.12296058423556515,4.1132539334679095,1.8584338130428983,0.9981243542629175,020150
1M_MA10,1M,10,10,2026-06-30,56800.0,42280.0,34.342478713339645,17.167798254122204,vertex_out,0.7275926792600562,0.383693974866881,-0.029297067637798564,0.9947829940556396,020150
1M_MA20,1M,20,10,2026-06-30,56800.0,32987.5,72.18643425539977,5.366126327557286,pass,0.429160767903744,-3.7720436709729217,0.4882971543375544,0.9013899725820712,020150
1d_MA20,1D,20,10,2026-06-15,8050.0,7154.5,12.516597945349073,0.36473311355824656,low_a,0.0180662365897194,-0.2540964596312747,0.7813730274930776,0.8692893442569251,020560
1w_MA10,1W,10,10,2026-06-21,8050.0,7259.0,10.89681774349085,1.5102782827576489,low_r2,0.1024622666049145,-0.9115863781227634,0.4942667125329607,0.761023540973075,020560
1w_MA20,1W,20,10,2026-06-21,8050.0,7277.5,10.614908965991066,-0.15777198518315272,low_a,0.0372862622115732,-0.7734654021465862,1.1524432209221909,0.982812221398975,020560
1M_MA10,1M,10,10,2026-06-30,8050.0,7895.0,1.9632678910703083,-4.3378165515570055,low_a,0.001746390679007134,-2.6511488354214743,84.33739837413691,0.9966603841808456,020560
1M_MA20,1M,20,10,2026-06-30,8050.0,8973.5,-10.291413606730925,-2.2707471139185365,low_a,0.02777528156845192,-1.72618025927929,3.4526707877632834,0.998889551207404,020560
1d_MA20,1D,20,10,2026-06-15,902.0,902.0,0.0,0.0,low_r2,1.4927744259756626e-15,-2.9863534696398805e-15,0.11114105601230964,0.0,020760
1w_MA10,1W,10,10,2026-06-21,902.0,902.0,0.0,0.0,low_r2,1.4927744259756626e-15,-2.9863534696398805e-15,0.11114105601230964,0.0,020760
1w_MA20,1W,20,10,2026-06-21,902.0,902.0,0.0,0.0,low_r2,1.4927744259756626e-15,-2.9863534696398805e-15,0.11114105601230964,0.0,020760
1M_MA10,1M,10,10,2026-06-30,902.0,902.0,0.0,-0.7263922518159882,low_r2,-0.07281434335258914,1.304339087625229,0.9951786874593768,0.8079831847740729,020760
1M_MA20,1M,20,10,2026-06-30,902.0,879.85,2.517474569528888,-0.6380575945793332,low_a,0.05037535225492861,-1.5698648599424416,1.731297361453465,0.9776783028751757,020760
1d_MA20,1D,20,10,2026-06-15,1161.0,1302.95,-10.894508615065812,-3.6065695050676916,low_a,0.02454776958483795,-2.049918116992796,4.63929480189004,0.9980553596886003,021050
1w_MA10,1W,10,10,2026-06-21,1161.0,1387.9,-16.34844008934362,-1.3364612212980687,low_a,-0.22104691801705742,2.8974758128499323,0.7282204155374894,0.9818240865370292,021050
1w_MA20,1W,20,10,2026-06-21,1161.0,1326.95,-12.506123064169717,-0.8147400680195704,low_a,-0.1784232141919438,2.6749506496446935,0.8328981747007178,0.9876596459697511,021050
1M_MA10,1M,10,10,2026-06-30,1161.0,1218.5,-4.718916700861719,-0.11476350520535084,low_r2,0.10467226829898067,-0.815815030459979,0.43299966633299747,0.6820439103298896,021050
1M_MA20,1M,20,10,2026-06-30,1161.0,1215.9,-4.51517394522577,-0.40953395036448237,ma_not_rising,0.10112930716803696,-1.2298672554873529,0.6756296522891778,0.9215218478896505,021050
1d_MA20,1D,20,10,2026-06-15,91300.0,91790.0,-0.5338272142934919,-0.5687049775226161,low_a,-0.05585529099390949,0.6172514433369798,0.6139390958645912,0.980303749849852,021240
1w_MA10,1W,10,10,2026-06-21,91300.0,89630.0,1.8632154412585145,3.798494499131433,vertex_out,0.16153196919585505,0.2154983316317337,-0.07411616161615843,0.9801801225511984,021240
1w_MA20,1W,20,10,2026-06-21,91300.0,83875.0,8.852459016393443,1.1761158021712959,low_a,0.06952658555818546,-0.16846648346110865,0.13461396106299695,0.9818725740156498,021240
1M_MA10,1M,10,10,2026-06-30,91300.0,86550.0,5.488157134604266,-3.543965229020396,low_a,-0.26115516379772175,1.9037818411949154,0.4049916390934662,0.9659748668085617,021240
1M_MA20,1M,20,10,2026-06-30,91300.0,86205.0,5.910330027260602,3.085201793721981,low_a,-0.057974758401926486,1.942380888605722,1.8613281424799994,0.9914112913992431,021240
1d_MA20,1D,20,10,2026-06-15,12100.0,12287.0,-1.5219337511190645,-1.9862795149968138,low_a,0.034279314035627416,-1.6188646737869707,2.6236501182031966,0.9986073531693109,021820
1w_MA10,1W,10,10,2026-06-21,12100.0,13554.0,-10.727460528257337,-3.3651789533723053,low_a,-0.18670640176329306,0.044531947972368445,0.013250735305330162,0.9682366715551705,021820
1w_MA20,1W,20,10,2026-06-21,12100.0,14375.5,-15.829014642968941,-0.46390860308118675,low_a,-0.12008477522755677,1.5715188143798318,0.7270413808364662,0.9930923729106149,021820
1M_MA10,1M,10,10,2026-06-30,12100.0,12865.0,-5.946366109599688,2.395733842725245,low_a,-0.14964359815813177,5.199180603823339,1.9302086453030027,0.9813958671548451,021820
1M_MA20,1M,20,10,2026-06-30,12100.0,10866.5,11.351401095108816,4.576075449908568,low_a,0.0985412137455368,1.783039371644141,-1.0052417572703738,0.9936159656281217,021820
1d_MA20,1D,20,10,2026-06-15,28650.0,30780.0,-6.9200779727095485,-2.005730659025784,low_a,-0.05025208480377011,-0.6099533155501101,-0.674326158619337,0.9867838728941062,022100
1w_MA10,1W,10,10,2026-06-21,28650.0,32295.0,-11.286576869484444,-1.838905775075983,low_r2,0.03336681481073875,-0.7132701313115999,1.1875906834669385,0.7901830815877312,022100
1w_MA20,1W,20,10,2026-06-21,28650.0,33347.5,-14.086513231876452,-3.1440604124310156,low_a,-0.2325108190181798,2.274983202767222,0.54357881600085,0.9164110315245795,022100
1M_MA10,1M,10,10,2026-06-30,28650.0,30485.0,-6.019353780547809,5.06634499396863,low_a,0.03234711470068123,3.410560055181191,-5.857572162910312,0.9897242935445536,022100
1M_MA20,1M,20,10,2026-06-30,28650.0,26389.0,8.56796392436243,0.6291946308724761,pass,0.36548386448982884,-3.914062522412419,0.5949590092447227,0.8636428482522795,022100
1d_MA20,1D,20,10,2026-06-15,2270.0,2258.0,0.5314437555358653,-0.2760295903720844,low_a,0.02279083844759692,-0.5370847550672601,1.3092121212121206,0.9979420822388887,023000
1w_MA10,1W,10,10,2026-06-21,2270.0,2317.0,-2.0284851100561108,-0.3226500322650039,low_a,-0.024070024709735398,-0.023229997001762127,-0.0536167039523148,0.9646610219432834,023000
1w_MA20,1W,20,10,2026-06-21,2270.0,2339.5,-2.970720239367386,-0.47857066893544076,low_a,-0.013516427337923426,-0.13428450591940885,-0.551939513478137,0.9924931689043707,023000
1M_MA10,1M,10,10,2026-06-30,2270.0,2372.0,-4.300168634064083,-2.1452145214521434,low_a,-0.10631025158895166,0.7696987194028088,0.4022287533676259,0.9552098940886145,023000
1M_MA20,1M,20,10,2026-06-30,2270.0,2401.25,-5.465903175429466,-1.3759112845261323,low_a,0.023028944246082407,-0.9121757165061708,2.2005537098561585,0.9981892607656964,023000
1d_MA20,1D,20,10,2026-06-15,4265.0,4002.0,6.571714142928542,0.5338190039565482,low_a,0.08155289588038016,-0.9161850170622025,0.624124588895341,0.9892432090079095,023150
1w_MA10,1W,10,10,2026-06-21,4265.0,4256.5,0.19969458475272983,-2.4297994269340983,low_a,-0.12398505754589899,0.5898630985081099,0.26430743178231775,0.9809610554770546,023150
1w_MA20,1W,20,10,2026-06-21,4265.0,4327.25,-1.4385579756196254,-0.4085155350978087,low_a,0.01696905133870818,-0.960541752361436,3.1447503824223153,0.976370782327573,023150
1M_MA10,1M,10,10,2026-06-30,4265.0,4518.5,-5.610268894544646,-5.5892185541161705,low_a,-0.16391999047622477,-0.015632613036522806,-0.005298185410491531,0.9942430226361613,023150
1M_MA20,1M,20,10,2026-06-30,4265.0,4862.75,-12.292427124569427,-3.5072923901180664,low_a,-0.022181174384992917,-1.3531240067320596,-3.3890701468186877,0.9988536746002962,023150
1d_MA20,1D,20,10,2026-06-15,4515.0,4675.5,-3.4327879371190195,-1.094716801523088,low_a,0.024290692198535805,-1.038199855979703,2.374480286738262,0.9965397422848695,023350
1w_MA10,1W,10,10,2026-06-21,4515.0,4956.5,-8.907495208312321,-1.2354289130218188,low_a,-0.1435458301851303,1.7832467156040095,0.6901577137436274,0.9584891538578635,023350
1w_MA20,1W,20,10,2026-06-21,4515.0,4821.0,-6.34723086496577,-0.20183201366247294,low_a,-0.04340167008996007,0.560251758043311,0.7171405525307855,0.9710229710229712,023350
1M_MA10,1M,10,10,2026-06-30,4515.0,4717.5,-4.292527821939585,-2.065600996470829,low_a,0.05888170050958707,-1.9007924641148137,1.793419354838745,0.9861121335829446,023350
1M_MA20,1M,20,10,2026-06-30,4515.0,5010.0,-9.880239520958078,0.10490034467256493,low_a,0.09106204231158135,-1.3529036518079995,0.8253857708589325,0.9918871949488269,023350
1d_MA20,1D,20,10,2026-06-15,28900.0,29125.0,-0.7725321888412018,-0.3847798204360875,low_a,0.01321382900330302,-0.47249060406954385,1.986515641855366,0.9932822611645297,023450
1w_MA10,1W,10,10,2026-06-21,28900.0,29750.0,-2.857142857142858,-0.8663778740419903,low_a,-0.029207138524217663,-0.11667877389928186,-0.22193732193726734,0.9872976744599468,023450
1w_MA20,1W,20,10,2026-06-21,28900.0,30305.0,-4.636198647087941,-1.0448979591836771,low_a,-0.03436255573728284,-0.2540153102518968,-0.4106784660766565,0.9846263757180929,023450
1M_MA10,1M,10,10,2026-06-30,28900.0,31195.0,-7.356948228882832,-1.7789672544080593,low_a,-0.05410170372457941,-0.25335488988259497,-0.26016318694506296,0.987150952946154,023450
1M_MA20,1M,20,10,2026-06-30,28900.0,32015.0,-9.729814149617367,-1.0125995207544203,low_a,-0.05505290785325378,0.2487366653181634,0.25100769727952044,0.9704152092895906,023450
1d_MA20,1D,20,10,2026-06-15,186300.0,167375.0,11.306945481702769,1.3963772944811215,low_a,0.006986539630732921,1.1157563098772894,-8.872269383140496,0.9909143348577195,023530
1w_MA10,1W,10,10,2026-06-21,186300.0,156350.0,19.15574032619123,12.652208372361118,vertex_out,0.28682090914322067,1.6828451492847882,-0.3259573978123206,0.9951388783368633,023530
1w_MA20,1W,20,10,2026-06-21,186300.0,130910.0,42.31151172561303,9.128042680893621,vertex_out,0.15317903744095487,2.5603985756197307,-0.9286150878643394,0.9992978186912753,023530
1M_MA10,1M,10,10,2026-06-30,186300.0,104910.0,77.58078352873892,22.989449003517002,vertex_out,0.7251236830776192,-1.5971850264833571,0.12236878141214905,0.9869851666278344,023530
1M_MA20,1M,20,10,2026-06-30,186300.0,84930.0,119.35711762628047,13.839554989611958,vertex_out,0.5615731056238674,-2.232911554660716,0.2208984737397351,0.9974348099445783,023530
1d_MA20,1D,20,10,2026-06-15,39900.0,40355.0,-1.1274934952298366,-1.030042918454932,low_a,0.04074367608624344,-1.4454955862668193,1.9709883364027294,0.9905152121611644,023590
1w_MA10,1W,10,10,2026-06-21,39900.0,43780.0,-8.862494289629963,-2.7651304830649592,low_a,0.023993724076348623,-1.8902079284894064,4.376625789668809,0.9935533849832565,023590
1w_MA20,1W,20,10,2026-06-21,39900.0,47177.5,-15.425785596947694,-1.6418221619931228,low_a,-0.11814198848216567,1.378557710772432,0.6482584259102647,0.9617438761759125,023590
1M_MA10,1M,10,10,2026-06-30,39900.0,42690.0,-6.535488404778633,2.4600984039361506,low_a,-0.3317667432481978,8.487188827895576,1.4212108357283466,0.9815841924134705,023590
1M_MA20,1M,20,10,2026-06-30,39900.0,33642.5,18.599985137846463,6.757528638974386,low_a,0.0672504901377958,3.9437715069770833,-3.2579452819652506,0.992601911002002,023590
1d_MA20,1D,20,10,2026-06-15,5900.0,6446.0,-8.470369221222462,-3.1550480769230727,low_a,0.02000102893576454,-1.8499371302806833,5.138449894036163,0.9998308814555714,023800
1w_MA10,1W,10,10,2026-06-21,5900.0,7071.0,-16.560599632300942,-3.401639344262297,low_a,-0.22807173458437208,2.175313052316406,0.5298803262443823,0.8736482845109336,023800
1w_MA20,1W,20,10,2026-06-21,5900.0,7052.0,-16.335791264889387,-1.810080757449184,low_a,-0.18027016985408745,1.8477360298456231,0.5694342094489496,0.9615472241399813,023800
1M_MA10,1M,10,10,2026-06-30,5900.0,6579.0,-10.32071743426053,1.1065006915629283,low_a,0.04301339710851915,1.1988158982424473,-1.5483753368203665,0.9716104919288949,023800
1M_MA20,1M,20,10,2026-06-30,5900.0,6201.5,-4.86172700153189,-0.23326898326898604,low_r2,0.14212952772275103,-1.4352055665615189,0.5609928060992768,0.8129702087391283,023800
1d_MA20,1D,20,10,2026-06-15,5700.0,5905.5,-3.479806959613918,-3.944372153545872,low_a,0.07669065013397199,-3.1915924238968363,2.3120248675261497,0.9996318683020134,023810
1w_MA10,1W,10,10,2026-06-21,5700.0,7151.0,-20.290868410012585,-5.907894736842101,low_a,-0.3452733693381508,1.774176144043856,0.28547044194201293,0.9834902247377468,023810
1w_MA20,1W,20,10,2026-06-21,5700.0,7616.5,-25.162476202980365,-4.72825067233723,low_a,-0.3754572819449259,1.8829754291969276,0.27861956898159373,0.9590190908849419,023810
1M_MA10,1M,10,10,2026-06-30,5700.0,7356.0,-22.51223491027733,-1.9853431045969372,low_a,-0.0973121639531517,3.8254792203174524,2.183967704728925,0.9369849647354098,023810
1M_MA20,1M,20,10,2026-06-30,5700.0,6627.0,-13.98822996831145,-2.4365108575634897,low_r2,0.0718618900605975,-0.8904963283725205,0.6884319101710317,0.4097233817081666,023810
1d_MA20,1D,20,10,2026-06-15,987.0,1039.9,-5.08702759880758,-2.163891240944582,low_a,0.05437817707792581,-2.0126083475342704,2.056184684212292,0.9983306641081373,023960
1w_MA10,1W,10,10,2026-06-21,987.0,1178.3,-16.23525417975048,-6.4172821856881885,low_a,-0.146115441166697,-1.0978228376885706,-0.4174107620821807,0.9961893232333225,023960
1w_MA20,1W,20,10,2026-06-21,987.0,1339.15,-26.296531381846698,-4.329344525808176,low_a,-0.1678289953157469,0.7824736417925092,0.25901816188303717,0.9953586742383052,023960
1M_MA10,1M,10,10,2026-06-30,987.0,1321.2,-25.295186194368757,-3.27964860907759,low_r2,-0.1327752382154182,2.0839818981936373,0.8719756309834618,0.758969579105035,023960
1M_MA20,1M,20,10,2026-06-30,987.0,1307.35,-24.503767162580793,-6.966731898238754,low_a,-0.16540279825749846,0.5988644072119611,0.2011468076453819,0.8617301448111218,023960
1d_MA20,1D,20,10,2026-06-15,1931.0,1934.9,-0.20156080417592648,-1.2251773954770506,vertex_out,0.10230702480352963,-2.323448580472609,1.2616971018442653,0.9977324843018763,024070
1w_MA10,1W,10,10,2026-06-21,1931.0,2104.2,-8.231156734150735,-0.9415309292910234,low_a,-0.2557387233951379,2.9640288123851186,0.6438925836831618,0.9755025758580517,024070
1w_MA20,1W,20,10,2026-06-21,1931.0,2023.2,-4.557137208382766,0.4642848275690836,low_a,-0.0985730093876146,1.3860565932195066,0.7811787886575936,0.9696190825683213,024070
1M_MA10,1M,10,10,2026-06-30,1931.0,1969.3,-1.9448535012440926,-1.4709561214789613,low_r2,0.04351108878069745,-0.23691430559623702,0.3024954381811872,0.42870506672502817,024070
1M_MA20,1M,20,10,2026-06-30,1931.0,1971.9,-2.074141690755116,-1.0835214446952568,vertex_out,0.13134912113455258,-2.0162473827512994,0.8527940082022909,0.978513835904007,024070
1d_MA20,1D,20,10,2026-06-15,11120.0,11384.0,-2.319044272663384,-1.030210823733968,low_a,-0.0011539046116794522,-0.5009733754225554,-24.119718309847162,0.9984447014243928,024090
1w_MA10,1W,10,10,2026-06-21,11120.0,11911.0,-6.640920157837293,-2.1764126149802943,low_a,-0.1186873843602444,0.7647724952197084,0.35797705943691643,0.9866880242393985,024090
1w_MA20,1W,20,10,2026-06-21,11120.0,12042.5,-7.660369524600375,-0.782698249227598,low_a,-0.010175903088061586,-0.10436680054045867,-0.5697927285081419,0.9806366147008989,024090
1M_MA10,1M,10,10,2026-06-30,11120.0,12000.0,-7.333333333333336,-2.7473863360077844,low_a,-0.17076264133802763,1.3021777461071713,0.42364774607731925,0.9657474350494764,024090
1M_MA20,1M,20,10,2026-06-30,11120.0,12123.5,-8.277312657235946,-0.8140391066023045,low_a,-0.05484739665612235,0.6937038690867096,0.702660585328777,0.9082890182100462,024090
1d_MA20,1D,20,10,2026-06-15,22400.0,20702.5,8.199492814877441,0.5097706032285432,low_a,0.04340035333638064,-0.5812544062083367,0.744047201775885,0.9808596034542574,024110
1w_MA10,1W,10,10,2026-06-21,22400.0,21625.0,3.5838150289017268,0.2317497103128563,vertex_out,0.1296446608946624,-2.4528500624582716,1.051099574590802,0.9919603560818605,024110
1w_MA20,1W,20,10,2026-06-21,22400.0,22890.0,-2.1406727828746197,0.2189141856392185,low_a,-0.013613817825866513,0.2080589816997165,0.8490514905149469,0.8647837843172116,024110
1M_MA10,1M,10,10,2026-06-30,22400.0,21474.0,4.31219148738009,1.975496248456654,low_a,-0.11776520465263264,4.062660343816369,1.916553816553803,0.9808500510950986,024110
1M_MA20,1M,20,10,2026-06-30,22400.0,18853.5,18.810830880207916,4.007833618359347,low_a,0.021818797146050874,2.182691111544464,-5.55762155431073,0.9962138338299892,024110
1d_MA20,1D,20,10,2026-06-15,8320.0,8897.0,-6.485332134427335,-1.9884329385844168,low_a,-0.03661716743293648,-0.5341213282522584,-0.8103687206136753,0.9985993802453491,024720
1w_MA10,1W,10,10,2026-06-21,8320.0,9261.0,-10.160889752726487,-1.1949215832711024,low_r2,-0.017583605416490237,-0.07653897991590404,-0.24182557843886768,0.6942068075543548,024720
1w_MA20,1W,20,10,2026-06-21,8320.0,9412.5,-11.606905710491366,-1.7484342379958218,low_a,-0.051577880944054515,0.2116743615502253,0.22799864084268576,0.9291902577463249,024720
1M_MA10,1M,10,10,2026-06-30,8320.0,10005.0,-16.84157921039481,-9.726608319047191,low_a,-0.7384174586746923,5.453439408423337,0.41029481692819886,0.9688349027505069,024720
1M_MA20,1M,20,10,2026-06-30,8320.0,10311.5,-19.31338796489357,1.3265857613128373,low_a,-0.02606416420536588,0.7962215819571951,1.6971398730617508,0.911075166027714,024720
1d_MA20,1D,20,10,2026-06-15,2930.0,3466.25,-15.470609448250993,-4.570170004817953,low_a,-0.02816569585116412,-1.8432806375627413,-3.635787321063621,0.9996904543475565,024890
1w_MA10,1W,10,10,2026-06-21,2930.0,3817.0,-23.238145140162437,-4.943344539907857,low_a,-0.3300878522046292,2.556631883477643,0.43029485541199475,0.9702489504040092,024890
1w_MA20,1W,20,10,2026-06-21,2930.0,3885.0,-24.581724581724586,-3.5920342453005794,low_a,-0.2755437446448693,2.228759068646725,0.44936584721868755,0.9531935910073638,024890
1M_MA10,1M,10,10,2026-06-30,2930.0,3859.5,-24.08343049617826,-6.4703744093057125,low_a,0.02760851130962862,-1.914955028603479,3.8533910533911406,0.9570480806573588,024890
1M_MA20,1M,20,10,2026-06-30,2930.0,4293.25,-31.753333721539622,-5.875582351329134,vertex_out,0.21595604034267674,-5.594646651863862,1.4392452389297832,0.9988853683983542,024890
1d_MA20,1D,20,10,2026-06-15,1916.0,1923.1,-0.3691955696531579,-1.1005399845718689,low_a,0.022938617291077015,-0.956489748165852,2.316544134646591,0.9961764923534968,024900
1w_MA10,1W,10,10,2026-06-21,1916.0,2091.8,-8.40424514771968,-1.311568220418935,low_a,-0.10362867702518191,0.8612722240608713,0.4617298827489942,0.8843337336228554,024900
1w_MA20,1W,20,10,2026-06-21,1916.0,2083.35,-8.032735738114095,-1.4731615039016321,low_a,-0.08511129460440772,0.42424952720879694,0.2769246818276676,0.9826169092633151,024900
1M_MA10,1M,10,10,2026-06-30,1916.0,2111.4,-9.254523065264753,-5.1013528697918975,low_a,0.05681294225909335,-2.904321459363917,2.8400428805649254,0.9974457315590445,024900
1M_MA20,1M,20,10,2026-06-30,1916.0,2404.7,-20.322701376471073,-6.466481261790391,vertex_out,0.15281407785174403,-5.15810990598869,1.8752307737107197,0.9992583364720702,024900
1d_MA20,1D,20,10,2026-06-15,50700.0,50432.5,0.5304119367471438,-0.18801642669833418,low_a,0.029491864990654582,-0.6433082198332094,1.2118374188141217,0.9914689321083204,025000
1w_MA10,1W,10,10,2026-06-21,50700.0,51610.0,-1.7632241813602012,0.08726849607292309,low_r2,0.0038165025570562824,-0.031530182663678824,0.45897435897433664,0.04101531924411994,025000
1w_MA20,1W,20,10,2026-06-21,50700.0,51530.0,-1.610712206481657,0.6101430175233125,low_a,-0.003324568426192086,0.4236695525414825,7.079775280900105,0.9931603946315622,025000
1M_MA10,1M,10,10,2026-06-30,50700.0,49296.2,2.8476839999837855,0.6254363153145981,low_a,-0.053152673050110844,1.911934885195376,1.99836807140323,0.9849470255194984,025000
1M_MA20,1M,20,10,2026-06-30,50700.0,46371.8,9.333689871861761,1.20935795554995,low_a,0.01912819043535006,0.43148076378276107,-1.2531845928920997,0.9961239890101777,025000
1d_MA20,1D,20,10,2026-06-15,3600.0,3536.75,1.7883650243867955,-0.4153174714909169,low_a,0.030766498304820547,-0.793208144425446,1.4323085681753551,0.9970863835553897,025530
1w_MA10,1W,10,10,2026-06-21,3600.0,3661.0,-1.6662114176454468,-0.2995642701525081,low_r2,-0.047228999078236425,0.3696401510012308,0.4348083665820436,0.7595232047725089,025530
1w_MA20,1W,20,10,2026-06-21,3600.0,3661.0,-1.6662114176454468,-0.37417511395333447,low_a,-0.020522245807005554,-0.002802913472253293,-0.007587737550245433,0.9601992133396705,025530
1M_MA10,1M,10,10,2026-06-30,3600.0,3685.0,-2.3066485753052923,-0.09488952148569707,low_a,-0.1389697427280276,2.298423964484768,0.9188346883468834,0.9866724622571912,025530
1M_MA20,1M,20,10,2026-06-30,3600.0,3515.5,2.4036410183473134,0.007111869710541008,low_a,0.0402066849668993,-0.47054200979601585,0.6501710545887193,0.8830132496327724,025530
1d_MA20,1D,20,10,2026-06-15,76800.0,78730.0,-2.4514162326940148,-1.5813488343021431,low_a,0.006206751908530042,-0.9226568307250101,8.258540630182175,0.997156506089348,025540
1w_MA10,1W,10,10,2026-06-21,76800.0,82730.0,-7.167895563882509,0.07257771864037643,low_a,-0.15436261727062736,2.2785720708569275,0.8200647249190998,0.9805411147023568,025540
1w_MA20,1W,20,10,2026-06-21,76800.0,78860.0,-2.6122241947755476,-0.025354969574031827,low_a,-0.11251756844651074,1.7977534376632638,0.8876408578698685,0.9916433666236627,025540
1M_MA10,1M,10,10,2026-06-30,76800.0,73070.0,5.104694128917475,3.733674048835889,vertex_out,0.3306027887997437,-1.7120321238421456,0.28769538246884213,0.9485600936270652,025540
1M_MA20,1M,20,10,2026-06-30,76800.0,70115.0,9.5343364472652,0.6748510302247102,low_a,0.062029521613681304,0.025721722916029303,-0.02303716954881196,0.9534078608542096,025540
1d_MA20,1D,20,10,2026-06-15,43800.0,33353.0,31.3225197133691,7.6667312286138545,vertex_out,0.1332727792662457,1.9214900502000094,-0.800984625825767,0.9992359308165508,025560
1w_MA10,1W,10,10,2026-06-21,43800.0,27758.0,57.79234815188414,30.184785667385803,vertex_out,1.2651672165898655,-3.1037352188979273,0.13629007464166332,0.9957077139243729,025560
1w_MA20,1W,20,10,2026-06-21,43800.0,20830.5,110.26859652912795,18.51335590134555,vertex_out,0.697193560349075,-1.2071680444924664,0.09619264315510048,0.9966746322427216,025560
1M_MA10,1M,10,10,2026-06-30,43800.0,18648.0,134.8777348777349,47.56666930442353,pass,1.3447462037892903,-7.879775473894172,0.32553749017597206,0.8962904388267273,025560
1M_MA20,1M,20,10,2026-06-30,43800.0,15679.3,179.34920564055795,14.950458392747823,pass,0.7821772470325413,-9.740810955289298,0.69185873948111,0.9364097217996311,025560
1d_MA20,1D,20,10,2026-06-15,6440.0,6760.5,-4.740773611419269,-1.5078671328671356,low_a,0.04788369099715805,-1.5055640527211716,1.7467836257309965,0.9981256737051285,025620
1w_MA10,1W,10,10,2026-06-21,6440.0,7619.0,-15.474471715448225,-6.709930206930325,low_a,-0.055457214306011166,-2.2660637755374915,-2.2700821444011705,0.9996586602943,025620
1w_MA20,1W,20,10,2026-06-21,6440.0,8802.0,-26.834810270393096,-5.674328886031188,low_a,-0.03944719116642714,-1.64023666146848,-2.3100316214155567,0.9947016629456016,025620
1M_MA10,1M,10,10,2026-06-30,6440.0,10122.0,-36.3762102351314,-1.3450292397660824,low_a,-0.799752114509441,11.889581142489654,0.8259212744927006,0.99678170937445,025620
1M_MA20,1M,20,10,2026-06-30,6440.0,7864.25,-18.11043646883047,1.533148279646257,low_a,-0.20749708148960216,4.44736024109056,1.1907423814144424,0.9974188293154254,025620
1d_MA20,1D,20,10,2026-06-15,2000.0,2105.6,-5.015197568389052,-2.165226280085486,low_a,0.04258340974689729,-1.8728859533823854,2.443421516754796,0.9994430134935545,025750
1w_MA10,1W,10,10,2026-06-21,2000.0,2334.6,-14.332219652188805,-5.6460413046114155,low_a,-0.09953560575920131,-1.4866959575483107,-0.8297957221821581,0.9987522178218105,025750
1w_MA20,1W,20,10,2026-06-21,2000.0,2626.8,-23.861732906959045,-3.8383394651584135,low_a,-0.08952435874600514,-0.7261284129414407,-0.45060883932257956,0.9983693281681049,025750
1M_MA10,1M,10,10,2026-06-30,2000.0,2868.0,-30.264993026499297,-9.683514407179972,low_a,-0.032745484599527405,-2.747749869354488,-4.661796042618253,0.9831905594130429,025750
1M_MA20,1M,20,10,2026-06-30,2000.0,3332.0,-39.975990396158466,-4.369663485685582,low_a,-0.07657169554649672,-0.5999465082566069,-0.4352830550757788,0.9966420589243641,025750
1d_MA20,1D,20,10,2026-06-15,4890.0,5230.25,-6.50542517088093,-3.4786620530565138,low_a,-0.029732491558411553,-1.0905932085841867,-2.037787901796929,0.998726008204873,025820
1w_MA10,1W,10,10,2026-06-21,4890.0,5467.0,-10.554234497896475,-1.0945273631840835,low_a,-0.08897996318651641,1.4764917394301849,0.9218628095551124,0.9023783576918866,025820
1w_MA20,1W,20,10,2026-06-21,4890.0,5340.0,-8.42696629213483,-1.856276419775782,low_a,-0.13236132037204368,1.1978961215236794,0.5027887629258603,0.928692737636651,025820
1M_MA10,1M,10,10,2026-06-30,4890.0,5251.0,-6.874880975052367,1.4391963682024445,low_a,-0.07909028190266851,2.468431525186534,1.7339056257423493,0.9900954435302227,025820
1M_MA20,1M,20,10,2026-06-30,4890.0,4842.5,0.9808982963345425,0.8066614623991608,low_r2,0.06471042532524471,-0.3427084826191497,0.2942239994531564,0.7238481181453376,025820
1d_MA20,1D,20,10,2026-06-15,6480.0,7067.0,-8.306211971133436,-3.627437610800488,vertex_out,0.10263488912894932,-3.137836680006518,1.6984892903361846,0.9986745577779311,025860
1w_MA10,1W,10,10,2026-06-21,6480.0,8162.0,-20.60769419259986,-4.066760695815708,low_a,-0.44886312375927534,4.094327047644942,0.5067527308838143,0.9272626831044061,025860
1w_MA20,1W,20,10,2026-06-21,6480.0,8008.5,-19.08597115564713,-0.49698701621420094,low_a,-0.1979608491981243,2.639503665164252,0.7407479463899702,0.9874025700399859,025860
1M_MA10,1M,10,10,2026-06-30,6480.0,7378.0,-12.171320140959608,-1.4558568184853793,low_a,0.08192089307890424,0.3468055771230666,-0.2351900203075123,0.8652010728772312,025860
1M_MA20,1M,20,10,2026-06-30,6480.0,7087.5,-8.571428571428575,0.2687981891490443,low_r2,0.16013729357237685,-0.955708838081027,0.33155884094512167,0.8407450734122321,025860
1d_MA20,1D,20,10,2026-06-15,2060.0,1943.8,5.977981273793609,-0.6135596686777767,low_a,0.025399382742778157,-0.911451390044133,1.9935991692625927,0.9921486681753937,025890
1w_MA10,1W,10,10,2026-06-21,2060.0,2047.5,0.6105006105006083,0.6934198878725262,low_a,-0.13822445786159887,2.80152522681873,1.1259967504061945,0.9907181904254698,025890
1w_MA20,1W,20,10,2026-06-21,2060.0,1900.55,8.389676672542157,1.3032354352113362,low_a,-0.043098494425927066,0.9845223616757823,1.269085787991286,0.9833424648790493,025890
1M_MA10,1M,10,10,2026-06-30,2060.0,1874.3,9.907698874246385,1.8032697843680445,low_a,0.09105995948101574,-0.5297393455288473,0.3231932433115907,0.9297731471992321,025890
1M_MA20,1M,20,10,2026-06-30,2060.0,1861.65,10.654526898181715,0.1641020122673087,pass,0.16757888893034692,-2.370384799473752,0.7858271722397189,0.995590927943636,025890
1d_MA20,1D,20,10,2026-06-15,7160.0,7783.5,-8.010535106314641,-2.46851701021239,low_a,0.02640944549172261,-1.7885313582252604,3.7623983156283805,0.9992635970958939,026890
1w_MA10,1W,10,10,2026-06-21,7160.0,8657.0,-17.292364560471295,-4.826297273526825,low_a,-0.005710609169712928,-1.9463025074650384,-18.934567901243117,0.9960743244159261,026890
1w_MA20,1W,20,10,2026-06-21,7160.0,9608.0,-25.47876769358868,-4.231248442561675,low_a,-0.11039334873531684,0.25633836514665437,0.1290025209767849,0.9709297189420033,026890
1M_MA10,1M,10,10,2026-06-30,7160.0,9868.0,-27.442237535468184,-4.868408367878141,low_a,-0.3862572086677924,3.961690802707961,0.5698118469889101,0.918726046624114,026890
1M_MA20,1M,20,10,2026-06-30,7160.0,9608.0,-25.47876769358868,-0.6206040546131608,low_a,-0.1154974544002903,1.5404157128427207,0.7409570293808084,0.961916941540444,026890
1d_MA20,1D,20,10,2026-06-15,2250.0,2146.35,4.829128520511561,-1.196860542730227,vertex_out,0.1127267079698794,-2.6279749911040664,1.2951554538069494,0.9971023526360766,026940
1w_MA10,1W,10,10,2026-06-21,2250.0,2421.1,-7.067035644954767,-1.2843513006605245,low_a,-0.27934115015256744,3.826305385019409,0.7609781848247802,0.9930766541127194,026940
1w_MA20,1W,20,10,2026-06-21,2250.0,2258.95,-0.3962017751610203,0.7021219686162539,low_a,-0.11951186415972313,1.7586824110661654,0.8175303688844334,0.9795250141709939,026940
1M_MA10,1M,10,10,2026-06-30,2250.0,2197.9,2.370444515219061,-1.0133309313637207,vertex_out,0.16057186688476735,-2.4957097125838845,0.8634796510617557,0.9225895512431112,026940
1M_MA20,1M,20,10,2026-06-30,2250.0,2300.95,-2.2143027879788724,-1.593105807886408,vertex_out,0.17028090451562264,-3.0199534977503837,0.9852848432812559,0.992520987092743,026940
1d_MA20,1D,20,10,2026-06-15,25450.0,24882.5,2.280719381091134,0.15093580197222956,low_a,0.04608328572914772,-0.5190225111527702,0.6257059039237253,0.9573293198864343,026960
1w_MA10,1W,10,10,2026-06-21,25450.0,25695.0,-0.9534928974508694,-1.4384349827387788,low_a,-0.01394153307103352,-0.4573537797712314,-1.8225071225068912,0.9440503486513993,026960
1w_MA20,1W,20,10,2026-06-21,25450.0,26385.0,-3.5436801212810343,-0.23631723225258083,low_a,0.02429288525319525,-0.5149807546364482,1.1777128005198163,0.9665047901433346,026960
1M_MA10,1M,10,10,2026-06-30,25450.0,26565.0,-4.197252023338982,-2.585258525852585,low_r2,-0.15631489702747248,1.520926384605738,0.5405493133583046,0.8459633556459939,026960
1M_MA20,1M,20,10,2026-06-30,25450.0,26590.0,-4.287326062429486,0.7979681191834676,low_a,-0.0715067509149483,2.1408562003512066,1.6632898859652103,0.9935155128829869,026960
1d_MA20,1D,20,10,2026-06-15,4230.0,4428.25,-4.476937842262741,-1.5397443023902113,low_a,0.024470509094981923,-1.1796756163037267,2.6782252050708446,0.9994453997531451,027410
1w_MA10,1W,10,10,2026-06-21,4230.0,4694.0,-9.884959522795056,-3.226471497783734,low_a,-0.25316364785475304,2.7955092080546446,0.6134611680238162,0.9711658781704482,027410
1w_MA20,1W,20,10,2026-06-21,4230.0,4562.25,-7.282590826894619,0.37401683075737324,low_a,-0.07460347009059373,1.4768844738522624,1.09980323082293,0.9979351112805616,027410
1M_MA10,1M,10,10,2026-06-30,4230.0,4257.5,-0.6459189665296572,1.6837831382851665,low_a,0.0002834425342945132,1.4922871507184885,-292.4925925917659,0.99160841766287,027410
1M_MA20,1M,20,10,2026-06-30,4230.0,3988.0,6.068204613841521,1.9362259569301488,vertex_out,0.10977697782933588,-0.048784231182429326,0.024688556009475584,0.982549444999904,027410
1d_MA20,1D,20,10,2026-06-15,1200.0,1296.4,-7.435976550447398,-3.080143540669844,low_a,0.06964816757553623,-2.5990329714963107,2.0731445731445333,0.9972492724670187,027740
1w_MA10,1W,10,10,2026-06-21,1200.0,1448.1,-17.132794696498856,-5.210447077305758,low_a,-0.2476645174198158,0.7656822655849902,0.1717561485463201,0.9837362726570508,027740
1w_MA20,1W,20,10,2026-06-21,1200.0,1546.65,-22.412957036174962,-1.8155848278051057,low_a,-0.12362576714203632,0.711351399596555,0.3196705922512398,0.9613392140224153,027740
1M_MA10,1M,10,10,2026-06-30,1200.0,1527.4,-21.435118502029592,-6.121696373693908,low_a,-0.12736255476727268,-0.05749876258044006,-0.025080964375678253,0.9767770316008803,027740
1M_MA20,1M,20,10,2026-06-30,1200.0,1630.0,-26.38036809815951,-3.959462644355416,low_a,0.05744913847680874,-2.3671183888575262,2.2890957226771724,0.9974933414317653,027740
1d_MA20,1D,20,10,2026-06-15,615.0,671.9,-8.468522101503195,-1.3941884355738177,low_a,0.008622644899178725,-0.8084984788125996,5.209142053447391,0.999798151854111,027970
1w_MA10,1W,10,10,2026-06-21,615.0,708.7,-13.221391279808103,-4.961780877028299,low_a,-0.12661958044398652,-0.07470257784377712,-0.032776472635518625,0.989514028664835,027970
1w_MA20,1W,20,10,2026-06-21,615.0,749.95,-17.994532968864597,-2.1974439227960274,low_a,-0.0949440928177355,0.3317136700944213,0.19409882890602978,0.9969359753636372,027970
1M_MA10,1M,10,10,2026-06-30,615.0,759.1,-18.983006191542618,-4.117721359100668,low_a,-0.07460374264967178,0.06949676869561822,0.05175251880232577,0.8806880052808236,027970
1M_MA20,1M,20,10,2026-06-30,615.0,790.6,-22.210979003288646,-4.279920092015255,low_a,-0.04251723101424344,-1.3448584692566279,-1.75727246626471,0.9995830890257585,027970
1d_MA20,1D,20,10,2026-06-15,52100.0,49565.0,5.1144961162110425,-0.8005603922745963,low_a,0.0018928918712529737,-1.0099552145458652,29.641747572821217,0.9650105538222782,028050
1w_MA10,1W,10,10,2026-06-21,52100.0,52250.0,-0.2870813397129135,1.5450393547760122,low_a,-0.21467595795629582,5.563984933784401,1.4398923710034766,0.9931224484097183,028050
1w_MA20,1W,20,10,2026-06-21,52100.0,44332.5,17.521006033948016,4.960047351287367,low_a,-0.08956348287103257,4.3567832873365075,2.7024799416484417,0.998663304041578,028050
1M_MA10,1M,10,10,2026-06-30,52100.0,36335.0,43.3879179854135,15.734989648033126,vertex_out,0.5639272128569699,0.8474531706960167,-0.08348724911999494,0.9962460678498068,028050
1M_MA20,1M,20,10,2026-06-30,52100.0,28535.5,82.57959383925287,12.884467037205539,vertex_out,0.510064411252982,-2.066031120714881,0.22502943584012147,0.9885246322794377,028050
1d_MA20,1D,20,10,2026-06-15,16650.0,15041.0,10.697427032777075,0.06320061204803107,vertex_out,0.10074959658539699,-1.8492827167360286,1.019735385446182,0.9917253582389276,028100
1w_MA10,1W,10,10,2026-06-21,16650.0,16520.0,0.7869249394673039,-2.0049827974848777,low_a,-0.12093343048194931,0.2302081531453507,0.10575522244295658,0.9666432713954138,028100
1w_MA20,1W,20,10,2026-06-21,16650.0,17172.5,-3.0426554083563873,-0.5242425997798783,low_a,-0.052079531114749514,0.20427256388597057,0.217906642562471,0.9461265030859587,028100
1M_MA10,1M,10,10,2026-06-30,16650.0,16449.0,1.2219587816888478,-0.2425859664018426,low_a,-0.12323755163771148,2.483631919491787,1.1196226251597683,0.9555821564453613,028100
1M_MA20,1M,20,10,2026-06-30,16650.0,15530.0,7.211848036059232,1.9129179381172756,low_a,0.008531345475792176,1.1776936944838596,-7.669063180828496,0.9909563884522786,028100
1d_MA20,1D,20,10,2026-06-15,495000.0,428100.0,15.627189908899798,0.6642760566692107,low_r2,-0.15340535259099944,1.823981359805828,0.6605525560581762,0.8479685749300123,028260
1w_MA10,1W,10,10,2026-06-21,495000.0,397100.0,24.653739612188375,10.015237567530132,vertex_out,0.4258987542589863,-0.39100942057674926,0.0510044825686147,0.9943515499695881,028260
1w_MA20,1W,20,10,2026-06-21,495000.0,347800.0,42.323174238067864,4.822182037371903,low_a,0.08679323558631877,1.5828878432457203,-1.013192018013819,0.9943726953669663,028260
1M_MA10,1M,10,10,2026-06-30,495000.0,300660.0,64.63779684693674,24.47627722116419,vertex_out,0.43141494957237814,4.197879963821608,-0.5405829208672763,0.9933473643853125,028260
1M_MA20,1M,20,10,2026-06-30,495000.0,218430.0,126.61722290894106,18.20125003382127,vertex_out,0.42593782294102184,0.8603615251124085,-0.11221793400785478,0.9913012481256656,028260
1d_MA20,1D,20,10,2026-06-15,5340.0,5472.5,-2.421196893558708,-1.538323137819364,low_a,-0.015061348326786366,-0.519767466199524,-1.9172234595399773,0.9962060875590416,028670
1w_MA10,1W,10,10,2026-06-21,5340.0,5577.0,-4.249596557288859,-0.1611170784103111,low_a,-0.07879543870298637,1.5076193938504654,1.0629629629629578,0.9599157328880122,028670
1w_MA20,1W,20,10,2026-06-21,5340.0,5375.75,-0.6650234850951064,1.3145495665284557,low_a,-0.07370725519247015,2.221296070758974,1.67426309583964,0.9897876585953134,028670
1M_MA10,1M,10,10,2026-06-30,5340.0,4655.5,14.703039415744822,6.217202829112489,vertex_out,0.22326671648273222,0.89076091238833,-0.2216484307849558,0.9888975877256407,028670
1M_MA20,1M,20,10,2026-06-30,5340.0,4132.5,29.219600725952823,4.132543782285492,vertex_out,0.23916632475626826,-1.2401627493503793,0.28807538264293114,0.9927213070618924,028670
1d_MA20,1D,20,10,2026-06-15,33350.0,32792.5,1.700083860638868,-1.7600359496704576,low_a,0.030600432537251112,-1.532251595715304,2.7818263205013225,0.9961358888011389,029460
1w_MA10,1W,10,10,2026-06-21,33350.0,35850.0,-6.973500697350065,1.4861995753715496,low_a,-0.14209036816757692,2.192024298868428,0.8570540655598148,0.9711412672896255,029460
1w_MA20,1W,20,10,2026-06-21,33350.0,33940.0,-1.7383618149675928,0.6151337730675221,low_a,-0.1644470947718596,2.774308307454385,0.9372512145431712,0.997916717345611,029460
1M_MA10,1M,10,10,2026-06-30,33350.0,30575.0,9.076042518397376,6.961693195732033,low_a,0.05358727643764446,4.094697656139376,-4.245097311179073,0.9943871183297834,029460
1M_MA20,1M,20,10,2026-06-30,33350.0,25097.0,32.88440849503924,5.405291894162123,vertex_out,0.2141642945288163,0.42506586029250704,-0.1102647388921918,0.9913487584650129,029460
1d_MA20,1D,20,10,2026-06-15,43500.0,42542.5,2.2506904859846077,-0.7465733449985468,low_a,0.050505338654180755,-1.2493555544721169,1.3742832691484597,0.9967281565475121,029530
1w_MA10,1W,10,10,2026-06-21,43500.0,46195.0,-5.83396471479597,-2.951680672268908,low_a,-0.031213736982035847,-1.7175349406496656,-3.0569427771107858,0.9910932094631331,029530
1w_MA20,1W,20,10,2026-06-21,43500.0,50722.5,-14.239242939523876,-0.719318849089845,low_a,-0.026038705636141926,-0.09401111239406218,-0.20057984641903845,0.9826078056320664,029530
1M_MA10,1M,10,10,2026-06-30,43500.0,47370.0,-8.169727675744143,-1.6301526321254256,low_a,-0.22715663498491845,3.2131810856558376,0.7858456801231669,0.9345754239792217,029530
1M_MA20,1M,20,10,2026-06-30,43500.0,44997.5,-3.3279626645924765,0.3176903355255778,low_a,-0.02319512902290574,1.4149028703972257,3.3888888888888307,0.9662155337571897,029530
1d_MA20,1D,20,10,2026-06-15,51700.0,47612.5,8.584930427933845,0.3530403625250367,low_a,0.05780107553282478,-0.9445301689349461,0.9078360184554725,0.9865255150551968,029780
1w_MA10,1W,10,10,2026-06-21,51700.0,50675.0,2.0226936359151404,-0.7637324977969207,low_a,0.09855293196023403,-2.66465554244319,1.5021006080707386,0.9907797762202875,029780
1w_MA20,1W,20,10,2026-06-21,51700.0,54927.5,-5.875927358791133,-0.7946900257371214,low_a,-0.017324624146836682,-0.2861298451198944,-0.9175438596492312,0.9916239755191987,029780
1M_MA10,1M,10,10,2026-06-30,51700.0,53670.0,-3.6705794671138436,-0.4544189928591291,low_a,-0.19663237751499354,3.8396225736815484,1.0848282866755503,0.967679376853559,029780
1M_MA20,1M,20,10,2026-06-30,51700.0,49035.0,5.434893443458755,1.6901700539195375,low_a,-0.0698359614926688,2.1984540952594633,1.7489032300120522,0.991085013231496,029780
1d_MA20,1D,20,10,2026-06-15,20750.0,18859.0,10.027042791240248,0.7990593014244096,low_a,0.04845128455638534,-0.5645087522448567,0.6472810294727961,0.9497226099480222,030000
1w_MA10,1W,10,10,2026-06-21,20750.0,19541.0,6.186991453866231,1.332711055797553,low_a,0.09813088318099937,-1.6256622213719762,0.9203480589022751,0.9650645739526835,030000
1w_MA20,1W,20,10,2026-06-21,20750.0,20171.0,2.8704575876258076,-0.43191746674235976,low_a,0.041495205864769104,-0.9478174386007019,1.268978506536653,0.9970878261846422,030000
1M_MA10,1M,10,10,2026-06-30,20750.0,20643.0,0.5183355132490464,-0.22716288061865875,low_a,-0.1981889145566285,2.881796288746974,0.807814070617613,0.9861413759921193,030000
1M_MA20,1M,20,10,2026-06-30,20750.0,19563.0,6.0675765475642685,0.6120139888911691,low_a,-0.036778503429306435,0.9334409924225067,1.4100038902354928,0.9903535818081486,030000
1d_MA20,1D,20,10,2026-06-15,14570.0,14340.0,1.6039051603905063,0.5504329839077338,low_a,0.053790295913271245,-0.6070316875089444,0.6269529116136607,0.9035673464042807,030190
1w_MA10,1W,10,10,2026-06-21,14570.0,14933.0,-2.4308578316480256,-1.360723957989296,low_a,-0.007147846243590008,-1.2901718553314294,-10.027665920955796,0.987540205640133,030190
1w_MA20,1W,20,10,2026-06-21,14570.0,15825.0,-7.9304897314375955,-1.6683754310746535,low_a,-0.0070361853276019026,-0.5979783822421395,-4.721453413876596,0.995591321705198,030190
1M_MA10,1M,10,10,2026-06-30,14570.0,15695.0,-7.1678878623765545,-2.187461049482742,low_a,-0.32722642800344565,4.504625566551618,0.7647822868295318,0.9568929673757628,030190
1M_MA20,1M,20,10,2026-06-30,14570.0,14692.5,-0.8337587204355956,2.3724916387959816,low_a,-0.061700003052966475,2.5751157843036974,2.3186706797090473,0.9968585297397062,030190
1d_MA20,1D,20,10,2026-06-15,55400.0,54800.0,1.0948905109489093,-0.9668383482425269,low_a,0.008906361160191464,-0.5272768993780188,3.2890156316013206,0.9969332606798006,030200
1w_MA10,1W,10,10,2026-06-21,55400.0,57730.0,-4.036029793868002,-1.9364701885510427,low_a,-0.027378161516802037,-0.577131644774211,-1.17111111111116,0.9865280260963593,030200
1w_MA20,1W,20,10,2026-06-21,55400.0,59625.0,-7.085953878406704,-0.07541478129713397,low_a,-0.05693268688506247,0.810644698069973,0.7910362047440811,0.9977160942515336,030200
1M_MA10,1M,10,10,2026-06-30,55400.0,55285.0,0.20801302342408068,-0.19857387850888975,low_a,-0.03982823787927178,1.4870726074466367,2.0742857142857107,0.948751633773788,030200
1M_MA20,1M,20,10,2026-06-30,55400.0,52885.0,4.755601777441609,2.2871234466418366,low_a,0.01403820433499803,1.7803150188521848,-7.045515763697306,0.9897233289607229,030200
1d_MA20,1D,20,10,2026-06-15,3695.0,3744.75,-1.328526603912139,-1.3760863839873627,low_a,0.05318996947223999,-1.669470000084941,1.743718491631358,0.9946630179238156,030210
1w_MA10,1W,10,10,2026-06-21,3695.0,4028.0,-8.267130089374374,-1.8757612667478663,low_a,-0.0086994173722164,-0.9423173023698556,-6.017754868270219,0.992894709995006,030210
1w_MA20,1W,20,10,2026-06-21,3695.0,4198.5,-11.992378230320355,-0.47410216901742075,low_a,-0.09101913509648399,1.3520196758277074,0.8252353104984839,0.9929998142191562,030210
1M_MA10,1M,10,10,2026-06-30,3695.0,3865.5,-4.410813607553998,1.1778563015312216,low_a,-0.05620618793006937,2.3154126046585444,2.288609819121433,0.98451282897155,030210
1M_MA20,1M,20,10,2026-06-30,3695.0,3549.75,4.0918374533417845,2.27616509399986,low_a,0.0868673485683048,0.36068135128039575,-0.23067185978578453,0.9839099824221592,030210
1d_MA20,1D,20,10,2026-06-15,11520.0,11688.0,-1.4373716632443578,-2.1965608133550862,low_a,0.019873925300355123,-1.634349379769042,4.568659003831736,0.9952247779037038,030610
1w_MA10,1W,10,10,2026-06-21,11520.0,12712.0,-9.37696664568911,-1.7164063708056232,low_a,-0.03847800718164081,-0.22558200075490026,-0.3257012068247611,0.8614370313214774,030610
1w_MA20,1W,20,10,2026-06-21,11520.0,13007.5,-11.435710167211221,-0.3142123615741288,low_a,-0.13864182473873984,2.3315518323693003,0.934282692816117,0.992929904385362,030610
1M_MA10,1M,10,10,2026-06-30,11520.0,11174.0,3.0964739574011135,5.1967614385238114,low_a,-0.033063016640250166,5.300156677880347,8.905816186556606,0.9874107323249793,030610
1M_MA20,1M,20,10,2026-06-30,11520.0,9049.0,27.306884738645152,7.158505536147786,vertex_out,0.13321532179755421,3.1701024710047534,-1.3220461548135674,0.9941498917386009,030610
1d_MA20,1D,20,10,2026-06-15,6070.0,5995.0,1.2510425354462118,-0.6051562629528329,low_a,0.08789100023078734,-1.7317372107428612,1.0946242796921462,0.9974067940901032,030720
1w_MA10,1W,10,10,2026-06-21,6070.0,6343.0,-4.3039571180829235,0.09468202619535848,low_a,-0.12003350020355634,1.7288584553320319,0.800174049744531,0.9738665875034203,030720
1w_MA20,1W,20,10,2026-06-21,6070.0,6147.0,-1.2526435659671376,0.35099175577504305,low_a,-0.04278578228454629,0.6652194127054399,0.8637596899224955,0.9598448480549919,030720
1M_MA10,1M,10,10,2026-06-30,6070.0,6180.0,-1.7799352750809017,0.01618384851918009,low_a,-0.13060992543777283,2.4070416317227936,1.023846653671216,0.9948938389097143,030720
1M_MA20,1M,20,10,2026-06-30,6070.0,5774.75,5.112775444824447,0.3911512886261903,low_r2,0.05414712007947921,-0.7483288943158042,0.7677938808373459,0.8455876165930671,030720
1d_MA20,1D,20,10,2026-06-15,45500.0,44587.5,2.0465377067563795,0.17974498679997897,low_a,0.04439242038368208,-0.6440932792197518,0.8060601257462884,0.9839692783434761,031210
1w_MA10,1W,10,10,2026-06-21,45500.0,46350.0,-1.8338727076591121,-0.9191962377084195,low_a,0.09788703835773795,-2.8438312622016944,1.6140096618357112,0.9917188227366178,031210
1w_MA20,1W,20,10,2026-06-21,45500.0,50595.0,-10.070165036070755,-0.7649308620182427,low_a,-0.010350603296516632,-0.23753345344452725,-1.274930802688714,0.9933086918137963,031210
1d_MA20,1D,20,10,2026-06-15,15630.0,14442.0,8.226007478188624,-0.7865901830797273,low_a,0.00256752593201226,-0.24822010803318265,5.370931537597274,0.9529133286132696,031430
1w_MA10,1W,10,10,2026-06-21,15630.0,14871.0,5.103893483962074,4.813927262475337,low_a,0.011566887046306004,1.7055568653625324,-8.191759702284607,0.99386183229516,031430
1w_MA20,1W,20,10,2026-06-21,15630.0,13658.0,14.438424366671555,2.888997702361662,low_a,-0.011470402754221442,1.604957673622596,7.77342497136295,0.9989551329729963,031430
1M_MA10,1M,10,10,2026-06-30,15630.0,12358.0,26.476776177374983,6.6632142240635295,vertex_out,0.1855514886363986,0.11062454783710052,-0.033121848055961446,0.9842441371670579,031430
1M_MA20,1M,20,10,2026-06-30,15630.0,11456.0,36.4350558659218,1.2461334511710165,pass,0.3002087605534902,-4.02110498269671,0.7441312533620237,0.9935531434106376,031430
1d_MA20,1D,20,10,2026-06-15,44550.0,44952.5,-0.895389577887773,-2.1655149899341586,low_a,-0.024281402705378617,-0.8356488816210379,-1.9119545287864186,0.993042100344566,031440
1w_MA10,1W,10,10,2026-06-21,44550.0,48365.0,-7.887935490540676,-1.6671749517129242,low_a,-0.16843164700026622,1.2911870756935704,0.4258856135046646,0.9095878403730076,031440
1w_MA20,1W,20,10,2026-06-21,44550.0,48570.0,-8.27671402100062,-0.6646896410675951,low_a,-0.12956175130331182,1.342572230822103,0.575689548855897,0.9253995791904434,031440
1M_MA10,1M,10,10,2026-06-30,44550.0,45140.0,-1.3070447496676962,1.873166328142628,low_a,-0.04424609168917486,3.588141972274708,4.505284265156884,0.9676896636872224,031440
1M_MA20,1M,20,10,2026-06-30,44550.0,39825.0,11.864406779661007,2.154674874951912,low_a,0.07950317045036415,0.5206386702614648,-0.3638140517696662,0.9834754733277725,031440
1d_MA20,1D,20,10,2026-06-15,6060.0,6739.5,-10.082350322724242,-2.6646447140381335,low_a,-0.06086784202547972,-0.9657924297249735,-0.8815021725636392,0.9908773197315229,031820
1w_MA10,1W,10,10,2026-06-21,6060.0,7167.0,-15.445793218920045,-3.043831168831168,low_a,-0.15172190681903233,0.8965274838609242,0.32827877978178754,0.9700177463786824,031820
1w_MA20,1W,20,10,2026-06-21,6060.0,7269.5,-16.63800811610152,0.11017007505336185,low_a,-0.11133427876563563,1.912104741920537,0.9541359803607574,0.9889791818150311,031820
1M_MA10,1M,10,10,2026-06-30,6060.0,6491.0,-6.639963025727935,0.4332353396255595,low_a,0.0428502687792218,0.6391609213317637,-0.8286748504878747,0.9184920521762224,031820
1M_MA20,1M,20,10,2026-06-30,6060.0,6209.5,-2.407601256139791,1.1978487614080935,pass,0.18612849974625423,-1.4514403381553878,0.4332252957064344,0.8534543542750004,031820
1d_MA20,1D,20,10,2026-06-15,17810.0,18484.5,-3.6490032189131383,-0.7223803641441484,low_a,0.041159713186102884,-0.8922357152694447,1.2043002006398522,0.9884733548060511,032350
1w_MA10,1W,10,10,2026-06-21,17810.0,19362.0,-8.01570085734945,1.2180458988969578,pass,0.1362524083303994,-1.8543738279123683,0.7561023653067331,0.9479248249517586,032350
1w_MA20,1W,20,10,2026-06-21,17810.0,20268.0,-12.127491612393925,-2.961242908098538,low_a,-0.0509625049834948,-0.2677236227559916,-0.2918525021949406,0.9890547614716697,032350
1M_MA10,1M,10,10,2026-06-30,17810.0,20088.0,-11.340103544404624,1.7783857729138264,low_a,-0.5785081432971722,10.686168524213437,1.0262189668400312,0.9856749116104836,032350
1M_MA20,1M,20,10,2026-06-30,17810.0,15755.0,13.043478260869556,5.706330302928642,low_a,-0.0724782416009743,4.768876786932968,3.655408760227047,0.9962130201639603,032350
1d_MA20,1D,20,10,2026-06-15,5540.0,5708.5,-2.951738635368306,-0.6093845216331495,low_a,0.027424643570506,-0.8216163572128106,1.6643918474688602,0.9962483671831692,032560
1w_MA10,1W,10,10,2026-06-21,5540.0,5933.0,-6.623967638631378,-1.7064280980781943,low_a,-0.06848459876890062,0.3399757775530354,0.27579256558290344,0.9331584669331011,032560
1w_MA20,1W,20,10,2026-06-21,5540.0,6012.0,-7.850964737192278,-0.6445215666831983,low_a,-0.0409539365663323,0.37079136416530134,0.5029924339029287,0.9440549327492946,032560
1M_MA10,1M,10,10,2026-06-30,5540.0,5937.0,-6.686878895064852,-0.6692320562154963,low_a,-0.163556861916923,2.512966133785335,0.8535822222222256,0.9851009330222221,032560
1M_MA20,1M,20,10,2026-06-30,5540.0,5653.5,-2.0076059078447006,0.39957378795951737,pass,0.10338674624767837,-1.1677881182380108,0.6275187104202571,0.9756171688919149,032560
1d_MA20,1D,20,10,2026-06-15,15800.0,15569.0,1.483717644036231,-0.10907224432182838,low_r2,-0.012101152553016586,0.046948595660654194,0.21553775998225888,0.8473860491772429,032640
1w_MA10,1W,10,10,2026-06-21,15800.0,16026.0,-1.4102084113315816,-0.6139534883720876,low_r2,0.03219167084947379,-0.3998660376325066,0.6900784980173129,0.3522707985300949,032640
1w_MA20,1W,20,10,2026-06-21,15800.0,16084.0,-1.7657299179308583,0.12761851402247615,low_a,-0.005123413643731271,0.3156950011649398,3.4232276359901723,0.9588130620329008,032640
1M_MA10,1M,10,10,2026-06-30,15800.0,15621.0,1.1458933486972578,1.5933922996878236,low_a,-0.21545626490064054,4.426459626859187,1.141365853658536,0.9953388884722738,032640
1M_MA20,1M,20,10,2026-06-30,15800.0,13882.5,13.812353682694045,4.5605181893499935,low_a,0.030490319353794575,2.04770569705277,-3.731067106710542,0.9993672855757936,032640
1d_MA20,1D,20,10,2026-06-15,423000.0,373250.0,13.32886805090423,2.3654439492629464,low_a,-0.10467266053116411,2.368434888883884,1.2570590580329193,0.9883772292114993,032830
1w_MA10,1W,10,10,2026-06-21,423000.0,332650.0,27.16067939275515,11.871531864805785,vertex_out,0.43783949148121515,0.7150831388489802,-0.09073380044538532,0.997674045739784,032830
1w_MA20,1W,20,10,2026-06-21,423000.0,275065.0,53.78183338483631,8.588291026805095,vertex_out,0.2294681422073047,1.877100398009934,-0.45445679056740396,0.9981096669267211,032830
1M_MA10,1M,10,10,2026-06-30,423000.0,231120.0,83.02180685358256,30.672245151806422,vertex_out,0.8094207172812549,1.0162604021377486,-0.06975224382631755,0.9938706329139461,032830
1M_MA20,1M,20,10,2026-06-30,423000.0,167670.0,152.2812667740204,22.53891690418768,vertex_out,0.6174329036862822,-0.0949952684070645,0.00854751160813595,0.9924238694194372,032830
1d_MA20,1D,20,10,2026-06-15,35400.0,41545.0,-14.791190275604771,-2.864157119476274,low_a,-0.01581080647383978,-1.1339287292608178,-3.9843660485454535,0.9986322602681438,033240
1w_MA10,1W,10,10,2026-06-21,35400.0,43635.0,-18.87246476452389,0.21819016995865415,low_a,-0.15531104345251867,2.7048251044590663,0.9675297906602283,0.9487449684486966,033240
1w_MA20,1W,20,10,2026-06-21,35400.0,41317.5,-14.32201851515702,2.182515147768016,low_a,-0.1925153342858638,4.4696796816621465,1.2898480985488585,0.996080946023383,033240
1M_MA10,1M,10,10,2026-06-30,35400.0,31290.0,13.135186960690316,13.336713995943207,vertex_out,0.5897677031208634,3.60868173442291,-0.33993438012655125,0.987735762312271,033240
1M_MA20,1M,20,10,2026-06-30,35400.0,22773.5,55.443827255362585,9.977061451165037,vertex_out,0.5954974026646834,-2.6206340198336178,0.24448600149751729,0.9894016313109375,033240
1d_MA20,1D,20,10,2026-06-15,4400.0,4184.75,5.143676444232037,0.07174030011358745,low_a,0.07902283793604972,-1.1289942920834433,0.7937187116274587,0.9937005701102274,033250
1w_MA10,1W,10,10,2026-06-21,4400.0,4498.0,-2.178746109381946,-2.2705051602390003,low_a,-0.04006696907688884,-0.8676724747872001,-1.2030864197529578,0.9849175057911408,033250
1w_MA20,1W,20,10,2026-06-21,4400.0,4742.5,-7.221929362150769,-1.4494259442048962,low_a,-0.03530168760565205,-0.42796744598611897,-0.6735080058224852,0.989420079888489,033250
1M_MA10,1M,10,10,2026-06-30,4400.0,4969.5,-11.459905423080796,-4.8990527222275375,low_a,-0.1156124569909086,-0.5612510049766387,-0.26969940955448246,0.9793324840130678,033250
1M_MA20,1M,20,10,2026-06-30,4400.0,5416.5,-18.766731284039505,-4.693617208463463,low_a,-0.014343190982503905,-1.7241983384745627,-6.678346310717408,0.9961696166466311,033250
1d_MA20,1D,20,10,2026-06-15,18650.0,18629.5,0.11004052712095813,-0.5312616797479852,low_a,0.021773208501603972,-0.6368028976053621,1.6248381010656863,0.99810640281039,033270
1w_MA10,1W,10,10,2026-06-21,18650.0,19488.0,-4.300082101806235,-1.6155088852988664,low_a,-0.08393006041908813,0.2642977016017784,0.17494572947077086,0.9854263826484727,033270
1w_MA20,1W,20,10,2026-06-21,18650.0,19794.0,-5.779529150247553,-0.18657657203368094,low_a,-0.01484116002405784,0.14756107658176734,0.5523717535952104,0.8905805613366935,033270
1M_MA10,1M,10,10,2026-06-30,18650.0,19286.0,-3.297728922534482,-2.2305586535536825,low_a,-0.0890097552387272,0.5697814972781228,0.3556298693515543,0.9326943431522287,033270
1M_MA20,1M,20,10,2026-06-30,18650.0,19501.5,-4.366330795067041,-1.07791417266917,low_a,0.05580369705824653,-1.4076095643540607,1.401350367008472,0.9980608256924863,033270
1d_MA20,1D,20,10,2026-06-15,7040.0,7508.0,-6.233351092168348,-1.1324730050039533,low_a,-0.0050209965400942365,-0.758404465742564,-8.391477885653286,0.9895939503972637,033530
1w_MA10,1W,10,10,2026-06-21,7040.0,7706.0,-8.642616143264991,-1.0401951971234058,vertex_out,0.1674708663889041,-2.714499477638042,0.9004881254106805,0.9697772914161599,033530
1w_MA20,1W,20,10,2026-06-21,7040.0,8300.0,-15.180722891566267,-4.289667896678962,low_a,-0.08618286811508029,-0.6013507990509942,-0.387645229913269,0.9952151438255521,033530
1M_MA10,1M,10,10,2026-06-30,7040.0,8324.0,-15.425276309466607,4.81647044009319,low_a,-0.3765365851793942,9.981246527499058,1.4726688396241276,0.9923118529967205,033530
1M_MA20,1M,20,10,2026-06-30,7040.0,6367.25,10.565785857316733,4.240166987271321,low_a,-0.062025268140005106,3.5058656752232924,3.1401769171000136,0.9919142103299488,033530
1d_MA20,1D,20,10,2026-06-15,188500.0,182250.0,3.429355281207136,0.25579668289463786,low_a,0.007940936296701824,0.011075571334205893,-0.07748576434526439,0.9489099073305199,033780
1w_MA10,1W,10,10,2026-06-21,188500.0,181490.0,3.8624717615295623,3.1662119145065892,low_a,0.09015476196829962,0.5108176818973635,-0.3147782711176996,0.9870606568591235,033780
1w_MA20,1W,20,10,2026-06-21,188500.0,171800.0,9.720605355064027,2.3075777877028525,low_a,0.012419503262623132,1.0836754331397682,-4.847552229498053,0.999058032798252,033780
1M_MA10,1M,10,10,2026-06-30,188500.0,158310.0,19.070178763186153,7.306988409137127,low_a,0.08477901824231264,2.5886637516453335,-1.6963472313177634,0.9988141699923193,033780
1M_MA20,1M,20,10,2026-06-30,188500.0,137500.0,37.090909090909086,5.956692610002312,low_a,0.08089681102840948,1.9730044322363756,-1.3549527596084328,0.9992807423638402,033780
1d_MA20,1D,20,10,2026-06-15,7820.0,7762.5,0.7407407407407307,-1.0011478127789797,low_a,0.03466661662162685,-1.0429604447032597,1.671413381939657,0.9994051597758766,033920
1w_MA10,1W,10,10,2026-06-21,7820.0,8296.0,-5.737704918032782,-2.331057216858956,low_a,-0.023138519045323894,-1.0491813093064255,-2.519083023543944,0.9929520333946,033920
1w_MA20,1W,20,10,2026-06-21,7820.0,8790.0,-11.035267349260526,-1.185992917767409,low_a,-0.07709375511077889,0.35319814738942773,0.25452281149383504,0.9752898638034196,033920
1M_MA10,1M,10,10,2026-06-30,7820.0,8519.0,-8.205188402394647,-0.23421946363743062,low_a,-0.24910124496163832,4.197914647941915,0.9362357080035193,0.989001636455847,033920
1M_MA20,1M,20,10,2026-06-30,7820.0,7753.0,0.8641816071198294,2.309316442333076,low_a,-0.09787050660940014,2.9259957572212243,1.6609224318658085,0.9982619291125622,033920
1d_MA20,1D,20,10,2026-06-15,99800.0,101710.0,-1.8778881132632042,-2.1266358737490387,low_a,0.01326057765999817,-1.7253438526955094,7.228375619714509,0.993379866306826,034020
1w_MA10,1W,10,10,2026-06-21,99800.0,110880.0,-9.992784992784998,-0.35049878673496515,low_a,-0.2249127709724407,2.7817837695408203,0.6871265783800447,0.9772331993601441,034020
1w_MA20,1W,20,10,2026-06-21,99800.0,105665.0,-5.550560734396437,0.427695670769368,low_a,-0.19269417480077697,3.131158075004058,0.9027425274737104,0.9944113384320401,034020
1M_MA10,1M,10,10,2026-06-30,99800.0,92430.0,7.973601644487727,9.229496572914208,low_a,-0.16491063000155698,9.874760425325182,3.326636987571844,0.9969970410178582,034020
1M_MA20,1M,20,10,2026-06-30,99800.0,65037.5,53.44993273111667,14.774421826331729,vertex_out,0.2595527029818479,6.0079795125532,-1.2859686520376243,0.9987966570609089,034020
1d_MA20,1D,20,10,2026-06-15,12600.0,13317.5,-5.387647831800257,-1.820929632496593,low_a,0.013367114095492516,-1.167003398398577,4.850225835591289,0.9995030085262112,034120
1w_MA10,1W,10,10,2026-06-21,12600.0,14283.0,-11.783238815374919,-3.5844471445929504,low_a,-0.009978068642117314,-1.7953774399898197,-9.996242227632175,0.9977975706527065,034120
1w_MA20,1W,20,10,2026-06-21,12600.0,15733.5,-19.916102583659068,-3.752982198568544,low_a,-0.05737971934476235,-0.886025717399885,-0.8578579945799863,0.9994552797245302,034120
1M_MA10,1M,10,10,2026-06-30,12600.0,17196.0,-26.727145847871604,-8.458876763375034,low_a,-0.3421283200315586,0.6289102527096673,0.10212384195686439,0.9799651038016794,034120
1M_MA20,1M,20,10,2026-06-30,12600.0,19238.0,-34.50462626052604,-1.3537073120705623,low_a,0.07477977529544606,-1.211771392255336,0.9002518747495343,0.9234910921525745,034120
1d_MA20,1D,20,10,2026-06-15,14130.0,14412.0,-1.9567027477102372,-0.510838050531548,low_a,-0.11920611165656549,1.5366732227380104,0.7161607186929346,0.9965128158019269,034220
1w_MA10,1W,10,10,2026-06-21,14130.0,14035.0,0.6768792304951976,3.3200824499411086,vertex_out,0.24053923843124556,-0.5978382822877703,0.13807825335062585,0.9460317040455454,034220
1w_MA20,1W,20,10,2026-06-21,14130.0,13058.5,8.205383466707517,1.4883034118287064,low_a,0.0831151466336664,0.07797387897710044,-0.05211904617683497,0.9603232901843249,034220
1M_MA10,1M,10,10,2026-06-30,14130.0,13280.0,6.400602409638556,5.884228990591622,low_a,-0.009588172445095983,3.1972668007456115,18.525525525524486,0.9940557358419864,034220
1M_MA20,1M,20,10,2026-06-30,14130.0,11375.0,24.21978021978022,3.947729141917211,low_a,0.030590429928292123,0.6317999429958143,-1.147417571945856,0.958102118310122,034220
1d_MA20,1D,20,10,2026-06-15,14970.0,14563.0,2.7947538281947404,-0.3421610894409066,low_a,0.026639845092397512,-0.4361293709351458,0.9095176571920677,0.9464667356500525,034230
1w_MA10,1W,10,10,2026-06-21,14970.0,15281.0,-2.0352071199528865,-0.14376266091615797,vertex_out,0.15440947844660588,-3.047835159866726,1.09659184948742,0.9919502081185283,034230
1w_MA20,1W,20,10,2026-06-21,14970.0,16696.5,-10.340490521965684,-1.449061503954674,low_a,-0.016599688801146505,-0.3556400437718915,-1.1902500369877356,0.9936347214192507,034230
1M_MA10,1M,10,10,2026-06-30,14970.0,17190.0,-12.914485165794066,-5.518302737166103,low_a,-0.5138537392845737,6.959232611305281,0.7524009351370917,0.9699919103198308,034230
1M_MA20,1M,20,10,2026-06-30,14970.0,15129.0,-1.0509617291294848,2.1677471636952994,low_a,0.01416766570618502,1.2118094438074756,-4.751858794127444,0.9904953189434238,034230
1d_MA20,1D,20,10,2026-06-15,12090.0,12630.25,-4.277429187862469,-0.8478401664278823,low_a,0.04100052713916719,-0.9657884041689206,1.3086395489647762,0.9982915876986835,034310
1w_MA10,1W,10,10,2026-06-21,12090.0,13181.0,-8.277065473029365,-1.7589625102481965,low_a,-0.06702744437053501,-0.1522306998504294,-0.12617609372138633,0.9772454565439298,034310
1w_MA20,1W,20,10,2026-06-21,12090.0,13647.0,-11.409100901296988,-1.0871928680147858,low_a,-0.04952194812740855,0.42012219815821605,0.4713086419753144,0.8992813262052113,034310
1M_MA10,1M,10,10,2026-06-30,12090.0,13487.0,-10.358122636613032,-2.0124963673350815,low_a,-0.18957349265615572,3.123311620131095,0.9153036629663579,0.9684490185603235,034310
1M_MA20,1M,20,10,2026-06-30,12090.0,12630.5,-4.279323858912953,0.8664750039929725,low_a,0.02458345617266958,0.7373197379494095,-1.6662509687875142,0.9729688224551313,034310
1d_MA20,1D,20,10,2026-06-15,26450.0,26140.0,1.1859219586840108,-0.0764525993883769,low_a,0.00980027613719026,-0.24558339026138254,1.392156862745249,0.992752436434345,034590
1w_MA10,1W,10,10,2026-06-21,26450.0,26495.0,-0.16984336667296152,-0.39473684210525883,low_a,-0.022861611235399898,0.01357540877694681,0.032989336085342304,0.9739017357083078,034590
1w_MA20,1W,20,10,2026-06-21,26450.0,26637.5,-0.7038948850304982,0.24461379245459547,low_a,0.00636041756355927,0.04509464587194932,-0.393882646691399,0.9748220961773251,034590
1M_MA10,1M,10,10,2026-06-30,26450.0,26315.0,0.513015390461713,0.11413353623739297,low_a,-0.03423400282433964,0.8462322950827281,1.3732809897692893,0.9862206786706739,034590
1M_MA20,1M,20,10,2026-06-30,26450.0,25702.5,2.9082774049216997,0.25353486104340295,low_a,0.00675611465497823,0.0989659432426953,-0.8137973137972496,0.9735959241227035,034590
1d_MA20,1D,20,10,2026-06-15,646000.0,607650.0,6.311198880934743,1.2328196584756368,low_a,-0.08227162393267189,1.3478435320775755,0.9101582373992182,0.9358492368355893,034730
1w_MA10,1W,10,10,2026-06-21,646000.0,542700.0,19.034457342915047,11.793181584097233,vertex_out,0.44604977468904156,1.134706677526389,-0.14132785944466458,0.9939196483372765,034730
1w_MA20,1W,20,10,2026-06-21,646000.0,446200.0,44.77812640071717,7.324113048707148,vertex_out,0.14612010285886984,2.6869762517017217,-1.021601104209817,0.9951167580093718,034730
1M_MA10,1M,10,10,2026-06-30,646000.0,376300.0,71.67153866595801,31.98877586811646,vertex_out,0.8080967704861509,1.6541410899817977,-0.11371995357180542,0.9924555314897355,034730
1M_MA20,1M,20,10,2026-06-30,646000.0,268160.0,140.90095465393793,23.502049463455066,vertex_out,0.7098287856486897,-0.8939395845460641,0.06996519619470408,0.9921594891302397,034730
1d_MA20,1D,20,10,2026-06-15,1245.0,1282.6,-2.9315452986121926,-1.7954902185980615,low_a,0.05293886698566378,-1.7852250994769483,1.873466090991751,0.9992399403394183,034830
1w_MA10,1W,10,10,2026-06-21,1245.0,1412.0,-11.827195467422092,-3.8016078484807148,low_a,-0.30133765758967085,1.669703676593089,0.3078318060485991,0.9532351410954218,034830
1w_MA20,1W,20,10,2026-06-21,1245.0,1458.95,-14.664656088282669,0.21981796324919145,low_a,-0.07401097460870029,1.1222661826462081,0.8424172440338787,0.9917574258088813,034830
1M_MA10,1M,10,10,2026-06-30,1245.0,1388.5,-10.334893770255672,0.07207207207207134,low_a,-0.07124192462835958,3.1623396477613896,2.4660414061414615,0.9697613717719313,034830
1M_MA20,1M,20,10,2026-06-30,1245.0,1240.6,0.3546670965661747,1.6010810368125794,low_a,0.042756231990286456,1.2650030605492113,-1.6436889907477243,0.9776546330252851,034830
1d_MA20,1D,20,10,2026-06-15,7240.0,7336.0,-1.3086150490730697,-0.931802835921669,low_a,0.03177872033030037,-1.1724601718345773,2.0496947496946745,0.9975382664251691,035000
1w_MA10,1W,10,10,2026-06-21,7240.0,7946.0,-8.884973571608356,-2.3352999016715836,low_a,-0.12376237623762318,0.14639114513861248,0.06571335848444414,0.9691809430281006,035000
1w_MA20,1W,20,10,2026-06-21,7240.0,8259.5,-12.343362188994488,-1.0838323353293378,low_a,-0.03148658577456244,-0.20372067159924187,-0.35944878780697365,0.9882292542207134,035000
1M_MA10,1M,10,10,2026-06-30,7240.0,8349.0,-13.283027907533839,-2.5673940949935803,low_a,-0.24428162107985193,3.637043619522424,0.8271517847685611,0.9826590339200535,035000
1M_MA20,1M,20,10,2026-06-30,7240.0,7757.0,-6.6649477890937225,1.0223350914892126,low_a,-0.05238818167840937,1.851437907851876,1.9633752928996375,0.995842294477988,035000
1d_MA20,1D,20,10,2026-06-15,10940.0,10814.5,1.160478986545832,-0.47395545739001843,low_a,0.053975169018015745,-1.044714039794985,1.0753031427863944,0.9986598991303437,035150
1w_MA10,1W,10,10,2026-06-21,10940.0,11561.0,-5.371507655047136,-3.255230125523012,low_a,-0.06394399790724321,-1.0189460913913013,-0.8852764612954139,0.9959889929088421,035150
1w_MA20,1W,20,10,2026-06-21,10940.0,12441.5,-12.068480488687051,-1.3284162106431907,low_a,-0.027451393166324545,-0.37384987670351627,-0.75658956428187,0.9971146373181301,035150
1M_MA10,1M,10,10,2026-06-30,10940.0,12654.0,-13.545124071439862,-6.433007985803019,low_a,-0.15338342260727578,-0.1377400564947889,-0.04988952020202619,0.9909082706397159,035150
1M_MA20,1M,20,10,2026-06-30,10940.0,13538.5,-19.193411382354032,-2.3935690854691605,low_a,-0.09344639108323029,0.46256167706756457,0.27500121353332524,0.9632273248625183,035150
1d_MA20,1D,20,10,2026-06-15,16000.0,15327.5,4.387538737563212,-0.05542514345331373,low_a,0.04149428233198033,-0.7674001391278883,1.0274509803921164,0.9969806803680702,035250
1w_MA10,1W,10,10,2026-06-21,16000.0,16126.0,-0.7813468932159284,-1.1705583134154596,low_a,0.016090356329387136,-1.5029103987617025,5.189134438305391,0.9907264468190814,035250
1w_MA20,1W,20,10,2026-06-21,16000.0,17126.5,-6.577526056111871,-1.005751278864775,low_a,-0.020190323145799195,-0.4455073284207377,-1.2258549284108413,0.9891772649685396,035250
1M_MA10,1M,10,10,2026-06-30,16000.0,17379.0,-7.934863916220724,-3.1810584958217314,low_r2,-0.1896665165989625,1.9628348922173942,0.5749374473489055,0.8392791665081721,035250
1M_MA20,1M,20,10,2026-06-30,16000.0,17277.0,-7.391329513225675,-1.0877655006583886,low_a,-0.06026538867215573,1.1186644914776982,1.0312391353252928,0.8876765198144163,035250
1d_MA20,1D,20,10,2026-06-15,248000.0,229420.0,8.098683636997638,1.785753898711162,low_a,-0.0636016422004076,1.5492811084509808,1.3532853824829314,0.9925687085718677,035420
1w_MA10,1W,10,10,2026-06-21,248000.0,224750.0,10.344827586206895,4.437732342007439,pass,0.3410294850480935,-3.186239612952011,0.5190557403143721,0.9683119280423004,035420
1w_MA20,1W,20,10,2026-06-21,248000.0,226850.0,9.32334141503195,-1.0037093606807823,low_a,0.033739284403271175,-0.8107652282362146,1.335016835016887,0.9830982918389999,035420
1M_MA10,1M,10,10,2026-06-30,248000.0,244650.0,1.3693030860412847,1.346313173156588,low_a,-0.21297684128714156,3.1254527923580375,0.8152823809045592,0.9290368183562185,035420
1M_MA20,1M,20,10,2026-06-30,248000.0,228320.0,8.61948142957254,3.223473032234736,low_a,-0.028836614082713166,1.784100766324182,3.43718263718244,0.9921147492305218,035420
1d_MA20,1D,20,10,2026-06-15,16130.0,16306.5,-1.0823904577929033,-1.9423313990198143,low_a,0.021141188840618295,-1.4681439773227358,3.8580400993817587,0.9982294855654987,035510
1w_MA10,1W,10,10,2026-06-21,16130.0,18255.0,-11.640646398247057,-3.5657686212361317,low_a,-0.3032899425648767,2.4706369124524166,0.4525623404673096,0.9213622769125143,035510
1w_MA20,1W,20,10,2026-06-21,16130.0,18295.5,-11.836243885108356,-1.2042012042012051,low_a,-0.12033368017564491,1.3855634665168175,0.639685813875763,0.9873721065227506,035510
1M_MA10,1M,10,10,2026-06-30,16130.0,16996.0,-5.095316545069428,0.8245832591801561,low_a,-0.0913944118268265,3.080301856915162,1.8724107690958516,0.9619742185364633,035510
1M_MA20,1M,20,10,2026-06-30,16130.0,15377.0,4.896923977368806,4.452671263118568,vertex_out,0.1301061588869959,1.4059286730260756,-0.600333982415766,0.9939954282964434,035510
1d_MA20,1D,20,10,2026-06-15,40750.0,40992.5,-0.5915716289565109,-0.8045977011494232,low_a,0.013664186437038702,-0.7826342573739508,3.1820175438591565,0.9937854979334148,035720
1w_MA10,1W,10,10,2026-06-21,40750.0,44165.0,-7.732367259141859,-2.3546318814945844,vertex_out,0.10309175380119814,-2.8806792815143005,1.5523815626468236,0.9964006838828582,035720
1w_MA20,1W,20,10,2026-06-21,40750.0,48567.5,-16.09615483605291,-3.9693524468610963,low_a,-0.051112511131168,-1.0791248355385104,-1.1729296492259715,0.9994196620080847,035720
1M_MA10,1M,10,10,2026-06-30,40750.0,54300.0,-24.95395948434622,-6.508264462809921,low_a,-0.5977923341997167,6.940613988443996,0.6450227678828759,0.9524871454585118,035720
1M_MA20,1M,20,10,2026-06-30,40750.0,50167.5,-18.772113420042857,0.9660377358490457,low_a,-0.03840858181792971,1.5450029488642243,2.2347478895733452,0.977646081327026,035720
1d_MA20,1D,20,10,2026-06-15,4995.0,5127.0,-2.574605032182564,-0.7837445573294577,low_a,0.045822046808218615,-1.4109490500107882,1.7106625258798651,0.9938185286180014,036420
1w_MA10,1W,10,10,2026-06-21,4995.0,5563.5,-10.218387705581023,-2.5229960578186605,low_a,0.03328556838524748,-2.084104853130334,3.4784925890886016,0.9957655197343048,036420
1w_MA20,1W,20,10,2026-06-21,4995.0,6094.75,-18.044218384675336,-3.107984579309253,vertex_out,0.14979258656301248,-3.56776662710513,1.3232247443568672,0.9953502459131988,036420
1M_MA10,1M,10,10,2026-06-30,4995.0,7563.5,-33.95914589806307,-11.713552001867633,low_a,-0.6090144332900383,2.445048697685905,0.22304239659232708,0.985301101891617,036420
1M_MA20,1M,20,10,2026-06-30,4995.0,8686.75,-42.49863297550868,-5.109508984652356,low_a,-0.02047147310996521,-2.038335762092411,-5.531642743221865,0.9979748600028607,036420
1d_MA20,1D,20,10,2026-06-15,37000.0,35980.0,2.8349082823790894,-0.25642802689028743,low_a,0.04015153073425955,-0.765476207543017,1.0591490585021728,0.9959952342036965,036460
1w_MA10,1W,10,10,2026-06-21,37000.0,37100.0,-0.26954177897574594,0.5283836878471782,low_r2,0.09418333487932391,-1.1194187728745513,0.6603071754259631,0.8475126965652333,036460
1w_MA20,1W,20,10,2026-06-21,37000.0,37862.5,-2.2779795311984152,-1.0195412064570974,low_a,-0.010428978996575513,-0.2870987493273978,-1.5293856209151566,0.9870666669045653,036460
1M_MA10,1M,10,10,2026-06-30,37000.0,38950.0,-5.006418485237485,-2.5031289111389188,low_a,-0.25532454990161063,2.4348065908184338,0.5297846716086311,0.9495110480624434,036460
1M_MA20,1M,20,10,2026-06-30,37000.0,38897.5,-4.878205540201808,-1.6808846761453444,low_a,-0.2606138134632157,2.2437490688970576,0.47830437072143384,0.8714963914711986,036460
1d_MA20,1D,20,10,2026-06-15,51600.0,50890.0,1.3951660444095015,-0.5471956224350261,low_a,0.06656175738934728,-1.4577223560080261,1.2166832504146026,0.9960074354316389,036530
1w_MA10,1W,10,10,2026-06-21,51600.0,55895.0,-7.684050451739866,-3.136643271813533,low_a,-0.10647690579439291,-0.3192031621080791,-0.16654793707330143,0.9884964743420191,036530
1w_MA20,1W,20,10,2026-06-21,51600.0,58802.5,-12.24862888482633,-0.8096824526630964,low_a,-0.046117788937254205,0.2300417035895431,0.27711854662528446,0.945902830882895,036530
1M_MA10,1M,10,10,2026-06-30,51600.0,58510.0,-11.809947017603829,-3.064943671305498,low_a,-0.5408961348220256,7.722449728195505,0.7931744327234193,0.9918500513231068,036530
1M_MA20,1M,20,10,2026-06-30,51600.0,49210.0,4.856736435683806,6.181896644729745,low_a,-0.01686279322397766,4.320538518528644,14.234291704101,0.9987454544979687,036530
1d_MA20,1D,20,10,2026-06-15,261500.0,274525.0,-4.7445587833530585,-0.3177196804647786,low_a,-0.05673285753884322,0.7368348617628949,0.7215443020812322,0.9660980800376423,036570
1w_MA10,1W,10,10,2026-06-21,261500.0,270200.0,-3.2198371576609874,2.7767211867630204,low_a,0.013479187226214277,1.7657735266339643,-7.277777777777342,0.994110947633976,036570
1w_MA20,1W,20,10,2026-06-21,261500.0,247300.0,5.742013748483621,1.2901904566864575,low_a,-0.04961586579124579,1.661177661029522,1.8600430802369803,0.9978418683516415,036570
1M_MA10,1M,10,10,2026-06-30,261500.0,235900.0,10.85205595591352,6.998684628294094,vertex_out,0.1423279247240137,1.9410980217826126,-0.757678292555953,0.9946941596116399,036570
1M_MA20,1M,20,10,2026-06-30,261500.0,208690.0,25.305477023336053,3.5348398779549983,vertex_out,0.11849435126903506,0.19931332721914302,-0.0934471770569481,0.9942775620186246,036570
1d_MA20,1D,20,10,2026-06-15,2580.0,2664.75,-3.180410920348997,-2.0312499999999956,low_a,0.07102419367597011,-2.078015736199439,1.6254365266635284,0.9967285137514865,036580
1w_MA10,1W,10,10,2026-06-21,2580.0,3008.5,-14.242978228352998,-4.279350938593696,low_a,-0.05963534880129536,-1.228488185306666,-1.1444444444444273,0.9928251270803498,036580
1w_MA20,1W,20,10,2026-06-21,2580.0,3290.25,-21.586505584682016,-0.3558449424591159,low_a,-0.12945874227477405,1.8264359068961356,0.7837914976716225,0.9954537974710737,036580
1M_MA10,1M,10,10,2026-06-30,2580.0,2821.0,-8.543069833392414,-1.9464720194647178,low_a,-0.10964874709173743,3.192377584598006,1.6174768518518647,0.9060550363629685,036580
1M_MA20,1M,20,10,2026-06-30,2580.0,2603.25,-0.8931143762604399,1.1265417111780085,pass,0.18144423746639546,-1.1464793876337689,0.35103511801957077,0.865088380513408,036580
1d_MA20,1D,20,10,2026-06-15,3880.0,3935.25,-1.4039768756749837,-1.6064508063507899,low_a,0.05957476934620164,-1.8758297588471866,1.749276841926097,0.9982626659898601,037270
1w_MA10,1W,10,10,2026-06-21,3880.0,4457.0,-12.945927754094678,-5.069222577209798,vertex_out,0.1064663025265205,-4.593562078814225,2.3969827749384627,0.9987883223630697,037270
1w_MA20,1W,20,10,2026-06-21,3880.0,5380.0,-27.881040892193308,-5.647141353910912,low_a,-0.12420226765433005,-1.0348640301443206,-0.46289369111309114,0.9982430523102398,037270
1M_MA10,1M,10,10,2026-06-30,3880.0,6040.0,-35.76158940397352,-13.72661048421654,low_a,-0.8646039161994715,7.481385237460531,0.48072013716898504,0.9513133331002669,037270
1M_MA20,1M,20,10,2026-06-30,3880.0,6078.5,-36.16846261413178,-0.5887644124621838,low_a,-0.15723058650425825,3.490670886157859,1.2333869932924992,0.9784797910597256,037270
1d_MA20,1D,20,10,2026-06-15,2240.0,2326.5,-3.718031377605846,0.24776473122913867,low_a,-0.06993816184430007,0.9577172446961096,0.7607651129390474,0.9199798046330443,037560
1w_MA10,1W,10,10,2026-06-21,2240.0,2301.5,-2.672170323701939,-0.6046210321744794,low_a,0.058798437973289916,-0.7391920456753358,0.6984237366713013,0.8554764010361009,037560
1w_MA20,1W,20,10,2026-06-21,2240.0,2323.5,-3.5937163761566637,-0.4392072844135009,low_r2,0.019986662558839154,-0.27464599233291725,0.7634146341463164,0.7290956506138315,037560
1M_MA10,1M,10,10,2026-06-30,2240.0,2355.0,-4.883227176220806,-5.837664934026387,low_a,-0.20418806951250593,0.8401753855494135,0.22859518883615262,0.9800829286841095,037560
1M_MA20,1M,20,10,2026-06-30,2240.0,2474.25,-9.467515408709716,-1.6691505216095415,vertex_out,0.1153849623565665,-2.397068028820344,1.1541403951239926,0.9982329522248743,037560
1d_MA20,1D,20,10,2026-06-15,37700.0,35672.5,5.683649870348306,-0.11899762004760062,low_a,0.036662915161491796,-0.6323169342270661,0.9581539933045785,0.9888863741717385,037710
1w_MA10,1W,10,10,2026-06-21,37700.0,37035.0,1.7955987579316934,0.5975825071302454,low_a,-0.011985842604734299,-0.34134471081887924,-1.5821661998133398,0.8650830296962415,037710
1w_MA20,1W,20,10,2026-06-21,37700.0,37350.0,0.9370816599732157,1.6810726196147874,low_a,-0.012509801088928282,0.811503992144479,3.6038586703859443,0.9931845776634102,037710
1M_MA10,1M,10,10,2026-06-30,37700.0,33945.0,11.06201207836206,3.0353619669145626,vertex_out,0.12702770709888236,0.6455339195552712,-0.28232419800297204,0.9751596240071618,037710
1M_MA20,1M,20,10,2026-06-30,37700.0,31580.0,19.379354021532613,1.9778800355211068,vertex_out,0.10691517741731497,-0.23607596234285264,0.12267043424599465,0.9806718069382552,037710
1d_MA20,1D,20,10,2026-06-15,37500.0,36672.5,2.256459199672789,-0.9721190845878636,low_a,0.02354904457734371,-1.0850521641272564,2.5597928436911186,0.9947329071489944,039130
1w_MA10,1W,10,10,2026-06-21,37500.0,39405.0,-4.834411876665401,-2.0263550472401803,low_a,0.039661738375820335,-1.5199767220322478,2.1290834613415304,0.9894369308491121,039130
1w_MA20,1W,20,10,2026-06-21,37500.0,41960.0,-10.629170638703522,-2.116988394471331,low_a,-0.02141613193060494,-0.8052680843414144,-2.0889447236180505,0.9987989618496537,039130
1M_MA10,1M,10,10,2026-06-30,37500.0,44545.0,-15.815467504770453,-6.329513195247605,low_a,-0.11264045715541646,-0.9009405020284377,-0.4443541102077653,0.9929741269882282,039130
1M_MA20,1M,20,10,2026-06-30,37500.0,49462.5,-24.184988627748293,-2.4071425048093564,low_a,0.04282917011229369,-1.5311947070499266,1.9861784010955503,0.9960547502652978,039130
1d_MA20,1D,20,10,2026-06-15,367500.0,373025.0,-1.4811339722538674,-1.3161375661375652,low_a,0.013728935889792264,-1.2820017379331607,5.187752302566995,0.9829314132684768,039490
1w_MA10,1W,10,10,2026-06-21,367500.0,401650.0,-8.502427486617703,-3.228526683532107,low_a,-0.05348414537370564,-0.7507478063992201,-0.779823837049256,0.9865977263158877,039490
1w_MA20,1W,20,10,2026-06-21,367500.0,423875.0,-13.299911530521968,-0.6562371828675251,low_a,-0.14529162888262467,2.27033009783214,0.8681122983448571,0.993143933879678,039490
1M_MA10,1M,10,10,2026-06-30,367500.0,356050.0,3.215840471843845,9.77339293972561,low_a,-0.05383318154707127,8.98805188292667,9.275621491580115,0.988660845596919,039490
1M_MA20,1M,20,10,2026-06-30,367500.0,256075.0,43.51264278043543,10.184806695208803,vertex_out,0.1613782782211013,4.840065542534395,-1.6662250527446774,0.9939197486881406,039490
1d_MA20,1D,20,10,2026-06-15,7890.0,7838.0,0.6634345496300043,-0.06375111564452807,low_a,0.02586771409532421,-0.43102769137592534,0.9257092747343493,0.9970430978503589,039570
1w_MA10,1W,10,10,2026-06-21,7890.0,8019.0,-1.608679386457168,-0.5580357142857095,low_a,-0.04437786382382743,-0.12388013866171044,-0.15508249682706363,0.9591820804712392,039570
1w_MA20,1W,20,10,2026-06-21,7890.0,8194.5,-3.7159070107999237,-0.28595765393040207,low_a,0.0005041064511543253,-0.20782934145185056,22.904040403895042,0.9855469812854238,039570
1M_MA10,1M,10,10,2026-06-30,7890.0,8191.0,-3.6747649859601994,-2.9042200094831716,low_a,-0.12274651909817173,0.40944130990056943,0.18531474135513248,0.9737876426220354,039570
1M_MA20,1M,20,10,2026-06-30,7890.0,8459.0,-6.726563423572529,-0.3416588124410924,low_a,-0.004201640320379751,-0.12857908616413183,-1.700117577895951,0.9084172957335245,039570
1d_MA20,1D,20,10,2026-06-15,2340.0,2432.0,-3.7828947368421018,-1.2486042026190192,low_a,0.023356388348928624,-0.993656103551665,2.3635125448029126,0.9991844875507858,041650
1w_MA10,1W,10,10,2026-06-21,2340.0,2593.5,-9.774436090225569,-2.279577995478521,low_a,-0.12608102807404217,0.7773440175330549,0.3425240054869727,0.9725206017817338,041650
1w_MA20,1W,20,10,2026-06-21,2340.0,2627.25,-10.93348558378533,-1.6287559674248775,low_a,-0.07992581421654159,0.3723706059790423,0.2588307180916163,0.9879467908665057,041650
1M_MA10,1M,10,10,2026-06-30,2340.0,2637.5,-11.279620853080575,-3.9861667273389134,low_a,-0.060709476525940886,-0.49611215700159705,-0.4539947974730387,0.9910862354957298,041650
1M_MA20,1M,20,10,2026-06-30,2340.0,2793.0,-16.219119226638025,-3.5816000690428895,low_a,0.0418845665100634,-2.171609983929326,2.880416562940863,0.99856376729554,041650
1d_MA20,1D,20,10,2026-06-15,123400.0,116695.0,5.74574746133083,-0.2436313899811915,low_a,0.03458130905386972,-1.071685361761905,1.7216836864299312,0.983603408974975,042660
1w_MA10,1W,10,10,2026-06-21,123400.0,123470.0,-0.05669393374908571,-1.2240000000000029,low_a,0.009406271401494238,-0.9153518657650896,5.406274097440523,0.9779761358439606,042660
1w_MA20,1W,20,10,2026-06-21,123400.0,127675.0,-3.3483454082631647,-1.6447115014251557,low_a,-0.14862753091452605,1.2260985988641302,0.45830397912590004,0.9560605279883216,042660
1M_MA10,1M,10,10,2026-06-30,123400.0,124770.0,-1.0980203574577185,1.8281237248020998,low_a,-0.3083745215965766,7.404893420831342,1.3340368253968307,0.9926522900274595,042660
1M_MA20,1M,20,10,2026-06-30,123400.0,98942.5,24.718902392803898,10.584257732822945,low_a,0.007256801535303941,6.190012483659943,-47.388588588588014,0.9991862790458618,042660
1d_MA20,1D,20,10,2026-06-15,347000.0,304175.0,14.079066326949953,-1.6490178643602027,low_a,0.03580220177116458,-1.8961149763471876,2.94226934928395,0.9907376500317192,042700
1w_MA10,1W,10,10,2026-06-21,347000.0,330250.0,5.071915215745637,5.158414265244393,low_a,-0.17007252509579954,3.0593218844770522,0.9993520518358525,0.8927780236275862,042700
1w_MA20,1W,20,10,2026-06-21,347000.0,299750.0,15.763135946622175,5.74870790778077,low_a,-0.17395797291918305,5.069480491869287,1.6189991201765261,0.9951334474171794,042700
1M_MA10,1M,10,10,2026-06-30,347000.0,227370.0,52.614680916567714,24.681947795569204,vertex_out,1.1814679328448459,0.6679678697437571,-0.03140950766858326,0.9929586095216595,042700
1M_MA20,1M,20,10,2026-06-30,347000.0,157155.0,120.80111991346124,15.793545534924846,vertex_out,0.7419619103237945,-2.0743019471606114,0.15531659437098025,0.9920482786939865,042700
1d_MA20,1D,20,10,2026-06-15,1428.0,1689.4,-15.472948975967803,-3.9076275524714044,low_a,-0.04915460685236645,-1.1960513732557996,-1.3518020541550138,0.9995519007879032,044380
1w_MA10,1W,10,10,2026-06-21,1428.0,1914.6,-25.41523033531807,-3.643683945646703,low_a,-0.26795763076928375,2.7336089800653145,0.5667581293474879,0.8830740844463764,044380
1w_MA20,1W,20,10,2026-06-21,1428.0,1893.3,-24.576136903818725,-3.0071721311475397,low_a,-0.10395758085470219,0.33879386023495484,0.1810534736323927,0.9902175539898374,044380
1M_MA10,1M,10,10,2026-06-30,1428.0,2067.5,-30.931076178960094,-6.995051731893842,low_a,-0.4075717052239391,4.49785011320902,0.6130959500921425,0.9431888724142932,044380
1M_MA20,1M,20,10,2026-06-30,1428.0,1953.25,-26.89107897094586,-0.8879868070531538,low_a,0.022797923338695025,-0.5059302906827085,1.23288590604018,0.9318848777995347,044380
1d_MA20,1D,20,10,2026-06-15,10050.0,10156.5,-1.0485895731797368,-1.4171317641349157,low_a,0.05529307112495374,-1.599301215519477,1.6068933362025144,0.9998848436158636,044450
1w_MA10,1W,10,10,2026-06-21,10050.0,11157.0,-9.922022048937883,-3.519543410584569,low_a,-0.2435512146255961,2.220010017530692,0.5063981719508716,0.9945360309960429,044450
1w_MA20,1W,20,10,2026-06-21,10050.0,11042.0,-8.983879731932621,0.6196464370329835,low_a,-0.08531869820691687,1.5948516219541229,1.0384929651816586,0.99892677049714,044450
1M_MA10,1M,10,10,2026-06-30,10050.0,10123.0,-0.7211300997727932,-0.08882747729964668,low_a,0.03964127586093671,0.8131911736797395,-1.1396527090887805,0.9464252810214354,044450
1M_MA20,1M,20,10,2026-06-30,10050.0,9648.5,4.1612685909727,0.4424318134499172,low_a,0.03780492787438449,0.5316862267491532,-0.7813299844515894,0.965739434713698,044450
1d_MA20,1D,20,10,2026-06-15,18090.0,18573.0,-2.600549184299794,-1.3071895424836555,low_a,-0.05334440932769148,-0.08236503527819194,-0.08577909758310015,0.9690287426096316,044820
1w_MA10,1W,10,10,2026-06-21,18090.0,18839.0,-3.975794893571849,1.0404934298739565,low_a,-0.21417222768273925,4.230836384063704,1.0974647288513029,0.9780791549105458,044820
1w_MA20,1W,20,10,2026-06-21,18090.0,16940.0,6.788665879574962,3.038228764331996,low_a,-0.021628753982080768,2.0438702060524427,5.2498791596947765,0.99453843664167,044820
1M_MA10,1M,10,10,2026-06-30,18090.0,15752.0,14.842559674961908,-1.9055922281728699,low_a,-0.35000867842848843,4.504148563700448,0.7149264894934926,0.9913166179994024,044820
1M_MA20,1M,20,10,2026-06-30,18090.0,14358.0,25.992478061011283,6.977610550236557,vertex_out,0.17722581962410644,0.6937090984200197,-0.21745925305020053,0.9958599538633989,044820
1d_MA20,1D,20,10,2026-06-15,22900.0,24747.5,-7.465400545509649,-3.2828529555447017,low_a,0.027822677177893645,-2.229640668372194,4.452085082563399,0.9982862074914889,047040
1w_MA10,1W,10,10,2026-06-21,22900.0,27910.0,-17.950555356503052,1.3214259783634663,low_a,-0.8220610529940688,13.388297749819857,0.9047920671164591,0.9985907362067246,047040
1w_MA20,1W,20,10,2026-06-21,22900.0,20421.5,12.136718654359369,9.258466641699204,low_a,-0.33130607583274263,10.553613686135735,1.7696985181400067,0.9997330269468709,047040
1M_MA10,1M,10,10,2026-06-30,22900.0,12943.0,76.92961446341653,47.41457858769931,vertex_out,3.3240581507204907,-13.415161602220158,0.2242099030419659,0.9824388462187396,047040
1M_MA20,1M,20,10,2026-06-30,22900.0,8277.5,176.6535789791604,33.7075475507814,vertex_out,2.1447853858585457,-9.150794563275317,0.23702953176082786,0.9818778056505759,047040
1d_MA20,1D,20,10,2026-06-15,59900.0,63357.5,-5.457128201081163,-2.146801034788992,low_a,0.07901265583215317,-2.2715093188067894,1.5971487203772656,0.9996223729729389,047050
1w_MA10,1W,10,10,2026-06-21,59900.0,70520.0,-15.059557572319903,-5.494505494505497,low_a,-0.3441702317526572,2.4017685394502717,0.38769066355775833,0.9884314278445224,047050
1w_MA20,1W,20,10,2026-06-21,59900.0,72065.0,-16.880593908277252,-0.4420805415486617,low_a,-0.18516870409083008,2.8486531000072546,0.8546719940229677,0.9941648523820281,047050
1M_MA10,1M,10,10,2026-06-30,59900.0,62375.0,-3.9679358717434887,4.506995057384611,vertex_out,0.22626105908646085,1.139421029153391,-0.2797704940562057,0.9774068301715225,047050
1M_MA20,1M,20,10,2026-06-30,59900.0,54935.0,9.037953945572031,1.3187015861305884,vertex_out,0.10546028249391246,0.19913810584024044,-0.10490421455939293,0.9642171856990707,047050
1d_MA20,1D,20,10,2026-06-15,1113.0,1305.05,-14.715911267767511,-5.64312052635384,low_a,-0.047331182629001774,-2.1249663183460674,-2.4942052531817134,0.9987329457345699,047400
1w_MA10,1W,10,10,2026-06-21,1113.0,1504.3,-26.01209865053513,-6.576822754937284,low_a,-0.4499362491198558,3.5269563423077024,0.43548840396920036,0.972888950502003,047400
1w_MA20,1W,20,10,2026-06-21,1113.0,1533.05,-27.399628192165938,-2.6171192631411766,low_a,-0.23861452646973985,2.2402130843664594,0.5215788171244735,0.9403890536929964,047400
1M_MA10,1M,10,10,2026-06-30,1113.0,1440.4,-22.72979727853375,-4.546056991385017,vertex_out,0.3622648276026792,-5.68153649786238,0.8712988192552195,0.970273226191776,047400
1M_MA20,1M,20,10,2026-06-30,1113.0,1680.65,-33.77562252699848,-5.830111503333891,vertex_out,0.12397183159193134,-3.84140171136305,1.7214491666889749,0.9958685716975496,047400
1d_MA20,1D,20,10,2026-06-15,147600.0,152840.0,-3.4284218790892385,-1.5206185567010255,low_a,0.030185845175198754,-1.3329998064310418,2.4533202357563915,0.9947758466993393,047810
1w_MA10,1W,10,10,2026-06-21,147600.0,162090.0,-8.939478067740147,-5.481369176045248,low_a,-0.1464865224698519,-0.10271169484392538,-0.038953790238834766,0.9929067195318951,047810
1w_MA20,1W,20,10,2026-06-21,147600.0,172300.0,-14.335461404526983,-1.2239516152148355,low_a,-0.19784136135699557,2.623555264822614,0.7367168789589873,0.983046920241156,047810
1M_MA10,1M,10,10,2026-06-30,147600.0,144410.0,2.2089882972093244,9.575840352075282,vertex_out,0.10758984826523758,5.91858746089593,-3.056147209015606,0.9925521703733359,047810
1M_MA20,1M,20,10,2026-06-30,147600.0,109735.0,34.50585501435275,10.31969438021514,vertex_out,0.2243545158772484,3.8172321480635283,-0.9452381729023254,0.9941943575491841,047810
1d_MA20,1D,20,10,2026-06-15,1982.0,2054.35,-3.521795215031509,-2.563555302599141,low_a,0.046304424398485415,-2.0943801110880336,2.512814965902216,0.9989250644066197,049800
1w_MA10,1W,10,10,2026-06-21,1982.0,2369.8,-16.364250147691795,-4.439695148997935,low_a,-0.09952994966154105,-0.6210909645305193,-0.3466801068659819,0.9846034224698735,049800
1w_MA20,1W,20,10,2026-06-21,1982.0,2539.9,-21.965431709909844,-0.08850775918022302,low_a,-0.15011479804117747,2.0721909519084636,0.7668912129428543,0.9955368747036974,049800
1M_MA10,1M,10,10,2026-06-30,1982.0,2215.0,-10.519187358916483,-0.6770996816286234,low_r2,0.13803144787306584,-0.13134247892617446,0.05286334742715757,0.8497871588161809,049800
1M_MA20,1M,20,10,2026-06-30,1982.0,2131.2,-7.00075075075074,-1.2579053443602772,ma_not_rising,0.18942838408929277,-2.3684120203650263,0.6946078657030159,0.8963302748723859,049800
1d_MA20,1D,20,10,2026-06-15,54000.0,52050.0,3.746397694524495,0.4826254826254761,low_a,0.08493780871728934,-1.6151586491473788,1.0564321992624968,0.979688506278302,051600
1w_MA10,1W,10,10,2026-06-21,54000.0,57285.0,-5.734485467399841,0.5264543300868674,low_r2,-0.07472343673184752,-0.023548621459982468,-0.0175079841746521,0.8310709802673619,051600
1w_MA20,1W,20,10,2026-06-21,54000.0,58492.5,-7.680471855366077,0.3517049110014936,low_a,-0.05829160521359351,0.801399572152329,0.7637840524337569,0.960853020782873,051600
1M_MA10,1M,10,10,2026-06-30,54000.0,54180.0,-0.33222591362126463,0.4635638791025354,low_a,-0.09386785301419213,2.582876134705393,1.5286715737820158,0.956138782079163,051600
1M_MA20,1M,20,10,2026-06-30,54000.0,50645.0,6.624543390265569,1.8143438709353088,low_a,-0.025038293152586766,2.021301914264723,4.484912374343822,0.9930383023176879,051600
1d_MA20,1D,20,10,2026-06-15,2310.0,1904.7,21.278941565600885,1.2572765210919545,pass,0.14359737824406743,-1.2970718841678375,0.5018166069714609,0.9070802311383446,051630
1w_MA10,1W,10,10,2026-06-21,2310.0,2075.4,11.303845041919637,0.338425836395273,low_a,0.016908935679516703,-1.6321280865737384,5.362477231329889,0.9531225595614913,051630
1w_MA20,1W,20,10,2026-06-21,2310.0,2181.95,5.868603771855452,-0.7618137990630824,low_a,0.06828807710484461,-2.017837958692614,1.6416058786388552,0.9925960874382989,051630
1M_MA10,1M,10,10,2026-06-30,2310.0,2335.7,-1.1003125401378488,-0.1922912571575064,ma_not_rising,0.5803522209541756,-7.420633826878703,0.7103572967271305,0.9318053772861419,051630
1M_MA20,1M,20,10,2026-06-30,2310.0,2568.15,-10.051982944921445,-3.2274474338684134,low_a,-0.06434657133980809,-0.7259614952998774,-0.6267807801342102,0.9852904256933231,051630
1d_MA20,1D,20,10,2026-06-15,246500.0,249375.0,-1.1528822055137833,-1.0122060136945499,low_a,-0.00980865062282381,-0.46124346743866407,-2.6124528301884515,0.9923648992232997,051900
1w_MA10,1W,10,10,2026-06-21,246500.0,255200.0,-3.409090909090906,-0.29302598163704063,low_r2,0.010390763976466934,-0.04981629129289002,0.2663492063492063,0.08323314161512962,051900
1w_MA20,1W,20,10,2026-06-21,246500.0,256325.0,-3.833024480639813,-0.9276258575707796,low_a,-0.032785056206292275,0.1287014255439058,0.21808958178669757,0.8860312580819822,051900
1M_MA10,1M,10,10,2026-06-30,246500.0,263000.0,-6.273764258555136,-4.27661510464058,low_a,-0.08120097613356722,-1.2987851551310226,-0.8885943775100102,0.9942848598306738,051900
1M_MA20,1M,20,10,2026-06-30,246500.0,288950.0,-14.691123031666375,-3.6110416145442414,low_a,0.00604329805497792,-1.847073617523049,16.979999999996302,0.9925997314092577,051900
1d_MA20,1D,20,10,2026-06-15,107000.0,103310.0,3.571774271609729,-0.5439229843561932,low_a,0.03058435627177729,-0.9097816967749724,1.6525908588519214,0.9938154509994702,051905
1w_MA10,1W,10,10,2026-06-21,107000.0,108540.0,-1.4188317670904782,-0.23897058823529882,low_a,-0.018477457501847105,-0.08996039756870045,-0.27048092868990203,0.8949962038949802,051905
1w_MA20,1W,20,10,2026-06-21,107000.0,109870.0,-2.612178028579226,-0.5251244907197861,low_a,-0.030109486320942593,-0.0035396922936255766,-0.006531150009401136,0.9650020083100466,051905
1M_MA10,1M,10,10,2026-06-30,107000.0,111650.0,-4.164800716524852,-3.090009547782313,low_a,-0.034350620116077465,-1.0757495680274505,-1.7398190975435124,0.9934771256568601,051905
1M_MA20,1M,20,10,2026-06-30,107000.0,120340.0,-11.085258434435763,-3.904815140142137,low_a,0.03357449454209798,-2.334918452082087,3.8635783963832813,0.9958466860552939,051905
1d_MA20,1D,20,10,2026-06-15,360500.0,346525.0,4.032898059303092,-1.063526052819419,low_a,0.01702505586101292,-1.257976408659911,4.104983785628878,0.9876583595433241,051910
1w_MA10,1W,10,10,2026-06-21,360500.0,372450.0,-3.208484360316821,1.2229922543823823,low_a,-0.03457452693536699,1.520534503037476,2.4432478632477603,0.9894194113673399,051910
1w_MA20,1W,20,10,2026-06-21,360500.0,350750.0,2.7797576621525266,0.53023789051303,low_a,-0.02923290219624192,0.7840754798494143,1.490093203476831,0.9655770301528532,051910
1M_MA10,1M,10,10,2026-06-30,360500.0,353400.0,2.0090548953027643,4.386353566681445,low_a,-0.025256877000715102,4.308742876355579,9.477601060305245,0.9925056500871385,051910
1M_MA20,1M,20,10,2026-06-30,360500.0,299440.0,20.39139727491317,0.9694333451351289,pass,0.15205490797601146,-1.3851612358961385,0.5060895634251429,0.8717972880243132,051910
1d_MA20,1D,20,10,2026-06-15,162400.0,161100.0,0.806952203600253,-1.4980128401100634,low_a,0.007202909016348524,-1.2114486418920614,9.343822360462843,0.9930665615795868,051915
1w_MA10,1W,10,10,2026-06-21,162400.0,172500.0,-5.855072463768119,0.04059618395870768,low_a,-0.0660460969146612,1.2045137381242068,1.0131928005110418,0.9545414528252179,051915
1w_MA20,1W,20,10,2026-06-21,162400.0,166940.0,-2.719539954474659,-0.4739619041941201,low_r2,-0.022924102246761228,0.29913910690239826,0.7249504950495241,0.5040582651720977,051915
1M_MA10,1M,10,10,2026-06-30,162400.0,171580.0,-5.350273924699844,2.4847688448214056,low_a,-0.03858508688412192,3.992566613314213,5.748574752763104,0.9863714231084378,051915
1M_MA20,1M,20,10,2026-06-30,162400.0,151600.0,7.12401055408971,-3.8863881316173243,vertex_out,0.12898847664781157,-3.262280797438454,1.4050698697276924,0.9951821210940862,051915
1d_MA20,1D,20,10,2026-06-15,135000.0,134455.0,0.4053400766055537,-0.9065114050926804,vertex_out,0.10230791421336764,-2.643616932934352,1.4355449284103572,0.9937044304631866,052690
1w_MA10,1W,10,10,2026-06-21,135000.0,158130.0,-14.62720546385885,-2.6233142434878953,low_a,-0.24700605307412035,1.4029418751349105,0.3155437460550191,0.8959885135460091,052690
1w_MA20,1W,20,10,2026-06-21,135000.0,160410.0,-15.840658313072753,0.4540188496101605,low_a,-0.2219428427984559,3.5477354972180977,0.888050337766908,0.9981953262493756,052690
1M_MA10,1M,10,10,2026-06-30,135000.0,128370.0,5.164758121056323,7.055291468601443,vertex_out,0.21811733461451205,4.5687714515536095,-1.1636885103424293,0.979404721559008,052690
1M_MA20,1M,20,10,2026-06-30,135000.0,100725.0,34.0282948622487,7.102982614705722,vertex_out,0.2866881310120055,1.5355408364590266,-0.29756315319573273,0.9887007299046484,052690
1d_MA20,1D,20,10,2026-06-15,4475.0,4420.75,1.2271673358593027,-0.1637308039747043,low_a,0.03406518035841558,-0.6770803711437406,1.1042236024844523,0.9962334818016612,053210
1w_MA10,1W,10,10,2026-06-21,4475.0,4654.0,-3.8461538461538436,-1.325135163786706,low_a,-0.02867217857203984,-0.7439282674223248,-1.4414442936830816,0.984199782352663,053210
1w_MA20,1W,20,10,2026-06-21,4475.0,4853.5,-7.79849593077161,-0.7667143733387838,low_a,0.017747733109589818,-0.6470578695437584,2.0254789272030305,0.9925206928124858,053210
1M_MA10,1M,10,10,2026-06-30,4475.0,4888.0,-8.449263502454995,-2.755396399084853,low_a,-0.19383084558735464,2.2188148219296133,0.6359539408377971,0.9412386569584958,053210
1M_MA20,1M,20,10,2026-06-30,4475.0,4807.75,-6.921116946596639,-1.0954536103682355,low_a,0.009142120460607878,-0.430082534753608,2.6135593220338618,0.9775740274819107,053210
1d_MA20,1D,20,10,2026-06-15,20700.0,20394.5,1.4979528794528019,-2.184652278177457,low_a,0.061165048343581226,-2.4887905301321513,2.260541670566785,0.9962599534855248,053690
1w_MA10,1W,10,10,2026-06-21,20700.0,24213.0,-14.50873497707843,-8.50589480048367,low_a,-0.5939381248716492,5.222643514256243,0.48851361741734567,0.9743138231750819,053690
1w_MA20,1W,20,10,2026-06-21,20700.0,23866.5,-13.267550751052726,0.4186477048007786,low_a,-0.16306393620657508,2.5624499065359077,0.8730215365372958,0.9970148204437476,053690
1M_MA10,1M,10,10,2026-06-30,20700.0,21217.0,-2.4367252674741935,0.6451306864000861,vertex_out,0.11575103101429289,1.0437763882482112,-0.500968126303258,0.9439185844550553,053690
1M_MA20,1M,20,10,2026-06-30,20700.0,19497.5,6.167457366329021,3.215987294865008,vertex_out,0.1721214338341116,-0.04223462750679557,0.013632051177794481,0.9834441595767851,053690
1d_MA20,1D,20,10,2026-06-15,18150.0,18893.5,-3.9352158149628225,-0.06611657674812088,low_a,0.011145565359694022,-0.489070575461966,2.4377935662126595,0.9193683308854966,055490
1w_MA10,1W,10,10,2026-06-21,18150.0,18750.0,-3.200000000000003,1.6370338248048677,low_a,-0.07362902368217733,2.5448623957762937,1.920183606128909,0.9967970927697158,055490
1w_MA20,1W,20,10,2026-06-21,18150.0,17174.0,5.683009199953415,1.8654171238767558,low_a,-0.007850973268708414,1.4321971750121758,10.134604589729852,0.9973190710118993,055490
1M_MA10,1M,10,10,2026-06-30,18150.0,16122.0,12.579084480833647,4.586441777489458,vertex_out,0.1563179796965948,0.29597402979068027,-0.10518944581392889,0.9848693432162764,055490
1M_MA20,1M,20,10,2026-06-30,18150.0,14969.0,21.250584541385532,0.5271817601826712,vertex_out,0.2570517692762452,-4.293604271752237,0.9279592640988894,0.9692531774822509,055490
1d_MA20,1D,20,10,2026-06-15,105600.0,97075.0,8.78186968838528,0.68454078722191,low_a,0.006295261949784784,0.07765205615058891,-0.6852777777777213,0.8782362962344615,055550
1w_MA10,1W,10,10,2026-06-21,105600.0,99710.0,5.907130678969019,1.4963355048859928,low_a,0.07612750480907893,-0.30577945998146605,0.22314862176754494,0.9621915694771538,055550
1w_MA20,1W,20,10,2026-06-21,105600.0,97830.0,7.942348972707758,1.9274848926859711,low_a,4.062438707894291e-05,1.0928203870724202,-1494.477777800491,0.9989381772665922,055550
1M_MA10,1M,10,10,2026-06-30,105600.0,86700.0,21.79930795847751,8.22618899013856,low_a,0.052796728809561266,4.331490538271856,-4.557827135565769,0.9973910090139847,055550
1M_MA20,1M,20,10,2026-06-30,105600.0,70792.5,49.16834410424833,6.981752238467642,low_a,0.07811597375229314,2.354808258890162,-1.67472380827376,0.9987436501314646,055550
1d_MA20,1D,20,10,2026-06-15,81900.0,80195.0,2.1260677099569802,-0.5395014262681408,low_a,0.022533374431240004,-0.6786162171304723,1.673113854595378,0.9939836314530149,057050
1w_MA10,1W,10,10,2026-06-21,81900.0,82770.0,-1.05110547299746,1.0129362948498866,low_a,-0.04409680842864257,0.7039925769137401,0.8869281045751626,0.8647120882046083,057050
1w_MA20,1W,20,10,2026-06-21,81900.0,80425.0,1.8340068386695663,3.274478330658104,low_a,-0.028498499214993672,2.179538709730724,4.248837209302006,0.9996859842186188,057050
1M_MA10,1M,10,10,2026-06-30,81900.0,68730.0,19.161938018332613,7.845598619174643,vertex_out,0.3211349918729482,0.3730290606785354,-0.06453310049925087,0.9877978406815655,057050
1M_MA20,1M,20,10,2026-06-30,81900.0,60017.5,36.46019910859333,6.061409321846689,vertex_out,0.27147077096714445,-0.49075726419915194,0.10043177892918785,0.9908976579195999,057050
1d_MA20,1D,20,10,2026-06-15,5670.0,5926.5,-4.32801822323462,-2.740625256420781,low_a,0.05018987964790578,-2.4035859771183428,2.6605474095796953,0.997169176315227,058430
1w_MA10,1W,10,10,2026-06-21,5670.0,6332.0,-10.454832596336072,2.7755234539847518,low_a,-0.3216303883153573,6.432258897300212,1.1110508506002876,0.9894601600014514,058430
1w_MA20,1W,20,10,2026-06-21,5670.0,5452.5,3.988995873452539,2.9453412630982667,low_a,-0.17272018166594683,4.294633138658437,1.3813714623512858,0.993300426196348,058430
1M_MA10,1M,10,10,2026-06-30,5670.0,4873.5,16.343490304709142,8.083832335329344,vertex_out,0.3890323670503334,-0.27336462558839403,0.039037686655606134,0.9677895010983989,058430
1M_MA20,1M,20,10,2026-06-30,5670.0,4222.0,34.29654192325913,4.894409937888189,pass,0.38126062072818867,-2.6617993455556803,0.3878652380550631,0.9419052880091535,058430
1d_MA20,1D,20,10,2026-06-15,132400.0,146110.0,-9.383341318184934,-1.3003681561792768,low_a,-0.03955598165025583,-0.21894191766390994,-0.30749938094732,0.9919688913600905,058650
1w_MA10,1W,10,10,2026-06-21,132400.0,149970.0,-11.715676468627056,-3.207693300632508,low_a,-0.09671324648775531,0.34783720993074124,0.19981016192071838,0.9633683000959284,058650
1w_MA20,1W,20,10,2026-06-21,132400.0,154145.0,-14.106847448830651,-2.3193181458128653,low_a,-0.1342626837252489,1.515476452590083,0.6270777100455915,0.9278947134169001,058650
1M_MA10,1M,10,10,2026-06-30,132400.0,142700.0,-7.217939733707079,2.1328371027769855,low_a,-0.07357635889391104,4.190831480587717,3.1643856076035024,0.9753478336857396,058650
1M_MA20,1M,20,10,2026-06-30,132400.0,124175.0,6.623716529092016,3.6086775135586224,vertex_out,0.1034947738714873,0.9988617736905405,-0.5361847626189525,0.9888069622802294,058650
1d_MA20,1D,20,10,2026-06-15,2780.0,2720.5,2.187097959933837,-2.0874572611121134,low_a,0.09390684129834824,-2.643500296711876,1.5639023266528231,0.9978072484985047,058730
1w_MA10,1W,10,10,2026-06-21,2780.0,3175.5,-12.454731538340413,-6.451612903225811,low_a,-0.3078902068337387,1.173214161900926,0.21169417897480575,0.9876398341163045,058730
1w_MA20,1W,20,10,2026-06-21,2780.0,3406.5,-18.391310729487742,-1.4750542299349245,low_a,-0.12138764227811014,0.7015377896205726,0.3210732238813375,0.9533510044829994,058730
1M_MA10,1M,10,10,2026-06-30,2780.0,3139.0,-11.436763300414142,-2.10509901762046,low_a,-0.00798034237524503,0.974925640530729,6.786993970716386,0.8544499496905522,058730
1M_MA20,1M,20,10,2026-06-30,2780.0,3084.25,-9.86463483829132,-1.814564265817753,low_r2,0.03758097073092581,-0.7224700719362201,1.0680199430199793,0.8015037151837747,058730
1d_MA20,1D,20,10,2026-06-15,2430.0,2479.75,-2.006250630103845,-0.819918008199183,low_a,0.006789850978439075,-0.6133100777206448,5.018192918193383,0.9972003501151334,058850
1w_MA10,1W,10,10,2026-06-21,2430.0,2581.5,-5.86868099941894,-1.3753581661891112,low_a,-0.02121097467294959,-0.22781733337918741,-0.5966966966966801,0.9672072010365477,058850
1w_MA20,1W,20,10,2026-06-21,2430.0,2639.0,-7.9196665403561965,-1.253507951356403,low_a,-0.01478217104835397,-0.3561312242047557,-1.3384412848867981,0.9976244196195353,058850
1M_MA10,1M,10,10,2026-06-30,2430.0,2735.5,-11.167976603911534,-2.093772369362923,low_a,-0.11348536580477328,0.8791188552007987,0.4303632988597207,0.8913522391859292,058850
1M_MA20,1M,20,10,2026-06-30,2430.0,2752.25,-11.708602052865835,-1.828072052791152,low_a,0.040605081561342155,-1.1591104633807974,1.5858858858858826,0.9866742347956605,058850
1d_MA20,1D,20,10,2026-06-15,2665.0,2654.25,0.4050108316850265,-0.6085002808462803,low_a,0.01122505415301493,-0.5990402263977705,2.9647975077888833,0.9959147030732692,058860
1w_MA10,1W,10,10,2026-06-21,2665.0,2764.5,-3.5992041960571486,-1.0204081632653073,low_a,-0.028922771379952885,-0.18328467344852314,-0.35205761316873757,0.9889390270406352,058860
1w_MA20,1W,20,10,2026-06-21,2665.0,2817.25,-5.404206229479103,-0.39773731659890066,low_a,-0.022122523383507512,0.20591376613570897,0.5171043771043944,0.8915832266381978,058860
1M_MA10,1M,10,10,2026-06-30,2665.0,2777.5,-4.050405040504046,-1.419698314108253,low_r2,-0.06846015918759771,0.9315491143001022,0.7559539619300719,0.7113854610407022,058860
1M_MA20,1M,20,10,2026-06-30,2665.0,2748.25,-3.0292004002547057,-0.027282648235726903,low_r2,0.05282399502089742,-0.4111265553462422,0.4323861566484433,0.688620311101777,058860
1d_MA20,1D,20,10,2026-06-15,47000.0,44300.0,6.094808126410833,0.04516711833784104,low_a,-0.020461711298667386,0.014280746225875239,0.0387736284001853,0.8597544073064564,060980
1w_MA10,1W,10,10,2026-06-21,47000.0,44760.0,5.004468275245766,2.27350622643665,low_r2,0.10602128804447243,-0.9475298499287866,0.4965092217723761,0.7448682036517689,060980
1w_MA20,1W,20,10,2026-06-21,47000.0,44837.5,4.822971842765544,0.1619568859600129,low_r2,0.047924058915824616,-0.5314611423035962,0.616091785312388,0.6948333912501086,060980
1M_MA10,1M,10,10,2026-06-30,47000.0,44460.0,5.7130004498425535,3.0956521739130327,low_a,-0.11241925130243366,2.879690528476679,1.4230908432862865,0.987824243186796,060980
1M_MA20,1M,20,10,2026-06-30,47000.0,40765.0,15.2949834416779,2.7214312712611877,low_a,-0.01101450615400016,1.5224615909846966,7.679073243645361,0.996269064796353,060980
1d_MA20,1D,20,10,2026-06-15,251000.0,244225.0,2.7740812775104873,-2.2709083633453364,low_a,0.020853017863129507,-1.9943826284294328,5.313333333332605,0.9933115456720497,062040
1w_MA10,1W,10,10,2026-06-21,251000.0,251860.0,-0.34145954101485465,8.410812672176316,low_a,-0.14890515351533826,6.817756797267108,2.5436612338324744,0.9952081888450539,062040
1w_MA20,1W,20,10,2026-06-21,251000.0,200295.0,25.315160138795267,5.014942589000149,low_a,-0.10433218537663153,4.433015321222509,2.3605240134456906,0.9927784632510563,062040
1M_MA10,1M,10,10,2026-06-30,251000.0,175340.0,43.150450553210895,18.042278174229164,vertex_out,0.44533948006499396,4.457526401362168,-0.5560709676920857,0.9974157849047995,062040
1d_MA20,1D,20,10,2026-06-15,15910.0,16804.0,-5.320161866222328,-1.6274440931975165,low_a,0.010341364888995657,-1.055448129269763,5.670045280391239,0.9988887150420878,063160
1w_MA10,1W,10,10,2026-06-21,15910.0,17999.0,-11.60620034446358,-3.1843365069119445,low_a,-0.07425931630562832,-0.44527462755058766,-0.3331229068492118,0.9977724290025335,063160
1w_MA20,1W,20,10,2026-06-21,15910.0,18999.0,-16.25875046055055,-2.773655391228702,low_a,-0.06690950555308728,-0.10275511212702441,-0.08531848043415774,0.9956072564127472,063160
1M_MA10,1M,10,10,2026-06-30,15910.0,19972.0,-20.33847386340877,-6.327095352000378,low_a,-0.2181235161068252,1.0225235666821126,0.26043438978790334,0.9668154672048782,063160
1M_MA20,1M,20,10,2026-06-30,15910.0,21018.0,-24.302978399467122,-4.938941655359564,low_a,-0.19109462508915487,0.47170776479943954,0.1371361801572171,0.9734297135149147,063160
1d_MA20,1D,20,10,2026-06-15,213000.0,198420.0,7.348049591775019,-0.15096618357487435,vertex_out,0.1247379994008904,-2.1956049219388674,0.97787403842197,0.9980934184977036,064350
1w_MA10,1W,10,10,2026-06-21,213000.0,216140.0,-1.4527620986397705,0.06944765961387489,low_r2,-0.04609072126015881,0.6914811324934205,0.8334783535935563,0.5464566080749589,064350
1w_MA20,1W,20,10,2026-06-21,213000.0,211585.0,0.6687619632771646,-0.3883997928534444,low_a,-0.15167976938864713,1.7158723477693367,0.6284703749679875,0.9528254155397554,064350
1M_MA10,1M,10,10,2026-06-30,213000.0,212560.0,0.20700037636431912,0.9210901148988704,low_a,-0.5247587400870298,9.282692740348013,0.9827471423458864,0.9962368136368228,064350
1M_MA20,1M,20,10,2026-06-30,213000.0,165875.0,28.40994724943482,9.850993377483451,low_a,-0.009291096947480437,6.593232894223158,39.423839662448245,0.9986908025620015,064350
1d_MA20,1D,20,10,2026-06-15,96600.0,98010.0,-1.4386287113559826,1.5437215084956435,low_a,-0.19991120352254543,3.658438696992213,1.016684361336575,0.9976398090529256,064400
1w_MA10,1W,10,10,2026-06-21,96600.0,85950.0,12.390924956369975,8.6599241466498,vertex_out,0.5665655374251779,-1.8690933479665814,0.18327715413715917,0.9820509182374699,064400
1w_MA20,1W,20,10,2026-06-21,96600.0,76330.0,26.55574479234901,3.106848574902066,vertex_out,0.20659581648616115,-0.10262098879193601,0.02759574777923124,0.9717854265075669,064400
1d_MA20,1D,20,10,2026-06-15,31100.0,30290.0,2.6741498844503164,-0.8185985592665368,low_a,0.037325425558364704,-1.1457723118719585,1.7053795468905224,0.9962663079969495,064960
1w_MA10,1W,10,10,2026-06-21,31100.0,32480.0,-4.248768472906406,-2.094951017332325,low_a,-0.07406404164386958,0.030310666929013057,0.02273607952152726,0.9795298874894711,064960
1w_MA20,1W,20,10,2026-06-21,31100.0,33395.0,-6.872286270399764,-1.7721891315537919,low_a,-0.07717324484575282,0.2255926530630325,0.1623998731065176,0.9800736853952835,064960
1M_MA10,1M,10,10,2026-06-30,31100.0,33450.0,-7.025411061285503,-2.705061082024429,low_a,-0.2934378940352718,4.320355064074986,0.8179574985400244,0.9772318857751657,064960
1M_MA20,1M,20,10,2026-06-30,31100.0,30699.35,1.3050764918475455,1.661724212725857,low_a,-0.02505403463212002,1.6662269062611466,3.694740700177585,0.9959479359046192,064960
1d_MA20,1D,20,10,2026-06-15,243500.0,256335.0,-5.007119589599551,1.1961864155859647,low_a,-0.28077288806534517,4.624271275572096,0.9149884859759508,0.9969899390353055,066570
1w_MA10,1W,10,10,2026-06-21,243500.0,208920.0,16.551790158912503,13.119280957279766,vertex_out,0.7387968259584711,0.41877563550028857,-0.03149081353072455,0.9850102992249572,066570
1w_MA20,1W,20,10,2026-06-21,243500.0,163130.0,49.26745540366579,8.81499516392623,vertex_out,0.3682220374821124,1.7589527140420482,-0.2653822565666111,0.9888002224202807,066570
1M_MA10,1M,10,10,2026-06-30,243500.0,136850.0,77.93204238217027,39.17420929523034,vertex_out,1.2837789815448963,-5.050327640604452,0.218553007834508,0.9763047380851682,066570
1M_MA20,1M,20,10,2026-06-30,243500.0,107480.0,126.5537774469669,18.96618517903592,pass,0.6001336584611245,-3.464305456092408,0.3206975838030309,0.9247660718391979,066570
1d_MA20,1D,20,10,2026-06-15,87100.0,87020.0,0.09193288899103091,0.5662775915867391,low_a,-0.19223642889551185,2.8891346755552956,0.8349483128535248,0.9925934812434494,066575
1w_MA10,1W,10,10,2026-06-21,87100.0,76180.0,14.334470989761083,9.367597444548137,vertex_out,0.47567320140874453,-0.0695636982414069,0.008124590350801581,0.9870803248434399,066575
1w_MA20,1W,20,10,2026-06-21,87100.0,64972.5,34.056716303051296,5.142001780079286,vertex_out,0.20151157481692314,0.8761522290366955,-0.2415500145815157,0.9872324090390932,066575
1M_MA10,1M,10,10,2026-06-30,87100.0,58375.0,49.20770877944325,22.597920823269966,vertex_out,0.6628649337885335,-1.1274074998627424,0.09448946052161501,0.9882943058526741,066575
1M_MA20,1M,20,10,2026-06-30,87100.0,48407.5,79.93079584775087,10.017045454545448,vertex_out,0.27375096513373354,-1.0625146396689653,0.2156287962816259,0.9515680469553993,066575
1d_MA20,1D,20,10,2026-06-15,141700.0,147925.0,-4.208213621767786,-2.149826360178597,low_a,0.06575795436398099,-2.502104396872886,2.1139009139008746,0.9935977545327946,066970
1w_MA10,1W,10,10,2026-06-21,141700.0,167800.0,-15.554231227651972,-4.414696667616069,low_a,-0.516150465177854,6.845530487179263,0.7368146983199781,0.9835334739698393,066970
1w_MA20,1W,20,10,2026-06-21,141700.0,149565.0,-5.258583224684921,0.9857871104959282,low_a,-0.1578209700516555,3.375845901498768,1.1883528181731768,0.9961892333092712,066970
1M_MA10,1M,10,10,2026-06-30,141700.0,131780.0,7.5276976779480975,15.182239314745205,vertex_out,0.6751569225078294,1.5119966887970273,-0.12441524813559944,0.9922581771259774,066970
1M_MA20,1M,20,10,2026-06-30,141700.0,101575.0,39.502830420871284,4.014131380881669,pass,0.527724874406191,-4.647308587434425,0.489239417989418,0.9033237334618567,066970
1d_MA20,1D,20,10,2026-06-15,2440.0,2574.0,-5.205905205905204,-1.9895287958115238,low_a,0.037562399578077346,-1.619113644447579,2.3947021232733956,0.9973634387146271,067830
1w_MA10,1W,10,10,2026-06-21,2440.0,2844.5,-14.220425382316748,-3.9344815940560607,low_a,-0.16878257223893958,0.45385416091624714,0.1493881727030909,0.9862948424788646,067830
1w_MA20,1W,20,10,2026-06-21,2440.0,2996.0,-18.55807743658211,-1.834862385321101,low_a,-0.05088834412263866,-0.14278095014411502,-0.1558760683760894,0.9718617342648618,067830
1M_MA10,1M,10,10,2026-06-30,2440.0,2826.5,-13.674155315761539,-1.067553377668884,low_a,-0.214471168886321,4.079664613080378,1.0567762335465902,0.966887313779253,067830
1M_MA20,1M,20,10,2026-06-30,2440.0,2575.6,-5.264792669669205,1.48747955946964,low_a,0.06295514236256247,0.7413784098370501,-0.6542386831275716,0.9677134723562286,067830
1d_MA20,1D,20,10,2026-06-15,175000.0,176234.3,-0.7003744447023008,-0.551319244314552,low_a,0.007226398284195635,-0.5533317266934864,4.253938168645127,0.9855623439072928,068270
1w_MA10,1W,10,10,2026-06-21,175000.0,184982.6,-5.396507563414077,-1.5173084970340645,low_a,0.08503598217142369,-1.8540442524398508,1.2112808700349738,0.9855975129493225,068270
1w_MA20,1W,20,10,2026-06-21,175000.0,195409.2,-10.444339365802636,-1.3687346037862258,low_a,-0.09980831536484258,0.7445653920225551,0.4144418613824612,0.9790126680047165,068270
1M_MA10,1M,10,10,2026-06-30,175000.0,184751.7,-5.278273488146534,1.5720291623120053,low_a,0.0796406271835385,1.2020586809590146,-0.8385297830107976,0.9402224560936614,068270
1M_MA20,1M,20,10,2026-06-30,175000.0,172550.15,1.4197901305794236,0.803211912937174,low_a,-0.005272330285359999,0.7985205704064299,8.414164422637121,0.9324984974677499,068270
1d_MA20,1D,20,10,2026-06-15,6810.0,6947.0,-1.9720742766661914,-1.3770584894946092,low_a,0.04169196937911509,-1.4208779999397547,1.8933542319750007,0.9976245688796513,068290
1w_MA10,1W,10,10,2026-06-21,6810.0,7770.0,-12.355212355212352,-5.370843989769824,low_a,-0.09254360938957736,-1.48806832689122,-0.893313575625228,0.9981506969947092,068290
1w_MA20,1W,20,10,2026-06-21,6810.0,8723.0,-21.930528487905534,-4.337336184679497,low_a,-0.043751105666529566,-1.4557070781045953,-1.848470209339747,0.9996298725016085,068290
1M_MA10,1M,10,10,2026-06-30,6810.0,10682.0,-36.247893652874,-16.677067082683305,low_a,-0.5061191374930004,0.06139875310696775,0.006739602569015997,0.9979439173504676,068290
1M_MA20,1M,20,10,2026-06-30,6810.0,13393.0,-49.152542372881356,-5.560060642386211,low_a,0.004456165540600376,-2.5419650289166205,31.690985915489623,0.9997379112897945,068290
1d_MA20,1D,20,10,2026-06-15,16700.0,16706.0,-0.035915240033523865,-0.713181980268629,low_a,0.025231259221924915,-0.8184896439747337,1.8021949078138846,0.9992292427172362,069260
1w_MA10,1W,10,10,2026-06-21,16700.0,17540.0,-4.789053591790193,-1.5160022459292488,low_a,-0.047355029937762735,-0.12998442582914782,-0.15249398004813894,0.8797269553896926,069260
1w_MA20,1W,20,10,2026-06-21,16700.0,18149.5,-7.986445907600759,-1.6740255166996287,low_a,-0.049717717471001545,0.08720976671144023,0.0974499089253314,0.9668831893812946,069260
1M_MA10,1M,10,10,2026-06-30,16700.0,18227.0,-8.377681461567999,-1.0692574902301355,low_a,-0.10204258049231682,2.0415063598910295,1.1114675799725164,0.9454992342295243,069260
1M_MA20,1M,20,10,2026-06-30,16700.0,17550.5,-4.846015783026125,-1.6337854500616533,low_a,-0.01664754951883357,-0.13989872020586985,-0.4668645744982226,0.915804158267823,069260
1d_MA20,1D,20,10,2026-06-15,2660.0,2660.0,0.0,0.0,low_r2,3.966771676970803e-16,0.0,-0.0,0.0,069460
1w_MA10,1W,10,10,2026-06-21,2660.0,2660.0,0.0,0.0,ma_not_rising,0.17516202487300844,-2.311019482158378,0.732978345757895,0.9648232727924393,069460
1w_MA20,1W,20,10,2026-06-21,2660.0,2981.25,-10.775681341719078,-12.867163524769843,low_a,0.06653629437608519,-6.3808756356359835,5.327815355405176,0.9995414317598377,069460
1M_MA10,1M,10,10,2026-06-30,2660.0,5402.0,-50.758978156238435,-18.834047028773192,low_a,-1.0218571104730092,4.877335985332895,0.2651673189129597,0.9760624818708287,069460
1M_MA20,1M,20,10,2026-06-30,2660.0,6615.0,-59.78835978835979,-4.52134377368022,low_a,-0.36980341309359444,2.825985329670285,0.4245476905372618,0.9601385287654474,069460
1d_MA20,1D,20,10,2026-06-15,120200.0,127985.0,-6.08274407157089,-1.6370134112131618,low_a,0.0062200908992964795,-0.9151902989127756,8.174141876432204,0.9992580992559662,069620
1w_MA10,1W,10,10,2026-06-21,120200.0,137020.0,-12.27558020726901,-4.58217270194986,low_a,-0.06881019145300576,-1.4386469571125347,-1.1615260655869766,0.99842757837333,069620
1w_MA20,1W,20,10,2026-06-21,120200.0,151120.0,-20.46056114346215,-3.069176742246882,low_a,-0.03354560700616468,-0.8743229714837927,-1.4479838867378345,0.9989718114708978,069620
1M_MA10,1M,10,10,2026-06-30,120200.0,152630.0,-21.247461180632897,-2.078655289664466,low_a,-0.2858314677298001,4.082872566481057,0.7935664169342389,0.9482083452711059,069620
1M_MA20,1M,20,10,2026-06-30,120200.0,143830.0,-16.429117708405762,-1.5907769149190898,low_a,-0.19238719947993022,3.0387073914289635,0.8774860165227366,0.9518372172518056,069620
1d_MA20,1D,20,10,2026-06-15,1074.0,1184.5,-9.328830730265935,-1.3656424348405416,low_a,0.013762147226233559,-1.305309217179835,5.2693215339231365,0.9935808280004068,069640
1w_MA10,1W,10,10,2026-06-21,1074.0,1269.3,-15.386433467265414,-2.7430848210865055,low_r2,-0.21248859340372656,2.4850381009942955,0.6497180392885958,0.8022356664415308,069640
1w_MA20,1W,20,10,2026-06-21,1074.0,1248.75,-13.993993993993993,-1.6770993267981593,low_r2,-0.09593850925634469,0.9099811034384455,0.5269469594477463,0.6405525671701384,069640
1M_MA10,1M,10,10,2026-06-30,1074.0,1290.4,-16.769993800371985,-8.857183217968634,low_a,-0.058319885242963304,-5.017742513896333,-4.779904347083321,0.9880986430716919,069640
1M_MA20,1M,20,10,2026-06-30,1074.0,1720.0,-37.558139534883715,-9.6733536393236,vertex_out,0.12174202028816146,-6.121716734071109,2.793574258995055,0.999550339460079,069640
1d_MA20,1D,20,10,2026-06-15,5290.0,5224.5,1.2537084888506023,0.3360860380257291,low_a,0.06068745829090312,-0.8088534125835064,0.7404544854009729,0.9890621452413453,069730
1w_MA10,1W,10,10,2026-06-21,5290.0,5392.0,-1.8916913946587566,0.5501165501165417,low_a,-0.17906442288905355,2.926573437806189,0.9079827840072531,0.9978711688563716,069730
1w_MA20,1W,20,10,2026-06-21,5290.0,5000.25,5.794710264486769,2.9864579578806394,low_a,-0.02283066068356963,1.862315678976527,4.531712139185718,0.9994556371001059,069730
1M_MA10,1M,10,10,2026-06-30,5290.0,4401.0,20.199954555782785,6.911210980201621,vertex_out,0.3501617645969304,-0.9577587151480811,0.15195496164315697,0.991863788871007,069730
1M_MA20,1M,20,10,2026-06-30,5290.0,4006.5,32.03544240609011,4.078451746980116,pass,0.22853408293898794,-1.667826044598528,0.40544062962561594,0.9547714488776489,069730
1d_MA20,1D,20,10,2026-06-15,183200.0,132465.0,38.30068319933568,4.818991097922853,vertex_out,0.1357712373836163,0.7934009503103917,-0.3246477782938617,0.998075956564425,069960
1w_MA10,1W,10,10,2026-06-21,183200.0,125520.0,45.95283620140216,19.417752830368194,vertex_out,0.6990967819117161,-2.9067819600479226,0.23099503652088357,0.9849877943609578,069960
1w_MA20,1W,20,10,2026-06-21,183200.0,109405.0,67.45121338147251,8.736271927644989,vertex_out,0.24338828352119282,-0.4357634345537806,0.09946690673515624,0.9840844400849174,069960
1M_MA10,1M,10,10,2026-06-30,183200.0,103390.0,77.19315214237355,16.706174511795922,vertex_out,0.1597369470307272,3.1299080764149743,-1.0885633239854373,0.9730446317923178,069960
1M_MA20,1M,20,10,2026-06-30,183200.0,82365.0,122.42457354458813,13.583396538647175,vertex_out,0.2662733632402647,1.4315638286192647,-0.29868298820568995,0.9896278129725736,069960
1d_MA20,1D,20,10,2026-06-15,2505.0,2615.75,-4.233967313390041,-1.6450460612897122,low_a,0.03200127756019315,-1.3787534211960437,2.3935735735735038,0.9991896215335155,070960
1w_MA10,1W,10,10,2026-06-21,2505.0,2826.5,-11.3744914204847,-3.43354970960027,low_a,-0.08558792426707298,-0.3562243613543664,-0.23122703894196922,0.993312258162294,070960
1w_MA20,1W,20,10,2026-06-21,2505.0,2996.5,-16.402469547805776,-2.370285900464286,low_a,-0.0601811952716873,-0.2912697307267746,-0.2688821920866004,0.9992449429953976,070960
1M_MA10,1M,10,10,2026-06-30,2505.0,3165.5,-20.86558205654715,-9.763397947548459,low_a,-0.3105716810899811,-0.028076604799601074,-0.005022387657114479,0.9971090044189753,070960
1M_MA20,1M,20,10,2026-06-30,2505.0,3587.5,-30.174216027874568,-3.8590379204073377,low_a,-0.2138622778215543,1.4126373977775062,0.36696446064025795,0.9772906405122601,070960
1d_MA20,1D,20,10,2026-06-15,251500.0,241375.0,4.1947177628171906,-0.3611971104231171,low_a,0.0187305938765076,-0.7777802342490965,2.30692167577419,0.9530162852763293,071050
1w_MA10,1W,10,10,2026-06-21,251500.0,251300.0,0.07958615200955865,1.555869872701554,vertex_out,0.11094238138714442,-0.47552280335636615,0.23812300754217752,0.8650885543611381,071050
1w_MA20,1W,20,10,2026-06-21,251500.0,244225.0,2.9788105230832196,1.6799200632832356,low_a,-0.0827037321956796,2.44172043564341,1.640205728473873,0.9969010875228355,071050
1M_MA10,1M,10,10,2026-06-30,251500.0,205490.0,22.390383960290027,11.47941192426627,low_a,0.01991344225277659,7.157643702729404,-19.968766189502507,0.9943293649045288,071050
1M_MA20,1M,20,10,2026-06-30,251500.0,152050.0,65.40611640907596,12.525439407955608,vertex_out,0.22080443157869423,4.113725602668675,-1.035034983787993,0.9984300030773086,071050
1d_MA20,1D,20,10,2026-06-15,169000.0,166615.0,1.4314437475617448,-0.4540702016430198,low_a,0.014634259777759992,-0.6759335165355721,2.5660240148820104,0.9700853095579307,071055
1w_MA10,1W,10,10,2026-06-21,169000.0,172140.0,-1.8240966655048263,0.8317713214620381,low_a,0.024979135075406705,0.002591418291258952,-0.005763517528253549,0.8508814751830579,071055
1w_MA20,1W,20,10,2026-06-21,169000.0,168945.0,0.032554973512088914,1.167699631725494,low_a,-0.07301364194109942,1.9071688654257017,1.4511510868401423,0.9968369376849288,071055
1M_MA10,1M,10,10,2026-06-30,169000.0,146810.0,15.114774197942914,11.439198421132524,low_a,0.025618670225731735,7.360106221067103,-15.960812425329717,0.9967111705900933,071055
1M_MA20,1M,20,10,2026-06-30,169000.0,107785.0,56.793616922577364,12.036796424302265,vertex_out,0.18497193795260553,4.6276630275346555,-1.389899426173853,0.9988657486847871,071055
1d_MA20,1D,20,10,2026-06-15,3210.0,3474.5,-7.612606130378474,-2.387975839303269,low_a,0.05882399616202191,-2.201899417426268,2.079555171254209,0.9980932840984141,071090
1w_MA10,1W,10,10,2026-06-21,3210.0,3888.0,-17.438271604938272,-3.833786791986149,low_a,-0.2873205270469831,2.94510682761948,0.5694582550731054,0.9688051624138778,071090
1w_MA20,1W,20,10,2026-06-21,3210.0,3805.5,-15.64840362633031,-1.303248395253842,low_a,-0.14406025720978288,1.6890393142134426,0.6513629732012596,0.9827800369361197,071090
1M_MA10,1M,10,10,2026-06-30,3210.0,3736.5,-14.09072661581694,-7.075354389455358,low_a,-0.3866500966268919,3.108393143195909,0.44662734979727303,0.9514272570844691,071090
1M_MA20,1M,20,10,2026-06-30,3210.0,3740.5,-14.182595909637751,0.1673696190667373,low_r2,-0.020336087743438043,0.5243834827419499,1.4325476992144877,0.7921930463815735,071090
1d_MA20,1D,20,10,2026-06-15,73600.0,70855.0,3.8741090960412006,-0.3656050059762328,low_a,0.026810275023430988,-0.6691202672629047,1.386533638643566,0.9974107724650251,071320
1w_MA10,1W,10,10,2026-06-21,73600.0,74100.0,-0.6747638326585648,-0.5102040816326481,low_a,0.08996145831284404,-2.4411856476665648,1.5075503155888892,0.9879507360946327,071320
1w_MA20,1W,20,10,2026-06-21,73600.0,81050.0,-9.191856878470084,-3.6838978015448554,low_a,-0.014155844155842548,-1.45652813852815,-5.7162419300040925,0.9960898647260293,071320
1M_MA10,1M,10,10,2026-06-30,73600.0,87710.0,-16.08710523315472,-2.0437793165065887,low_a,-0.7305866039047698,9.613612447459886,0.7310421208928373,0.9865339295041768,071320
1M_MA20,1M,20,10,2026-06-30,73600.0,74897.5,-1.732367569010984,3.5532819467007704,low_a,-0.2359297506270713,5.2800351730794075,1.2433162270279712,0.9975181247598108,071320
1d_MA20,1D,20,10,2026-06-15,6800.0,6797.5,0.0367782272894468,-0.43939948736726464,low_a,0.05765137956553121,-1.0726655592353296,1.0336705126178594,0.9989723859208327,071840
1w_MA10,1W,10,10,2026-06-21,6800.0,7281.0,-6.606235407224281,-2.6083467094702995,low_a,-0.033328172842053444,-0.9937659701567316,-1.6565330726621756,0.9960457047697028,071840
1w_MA20,1W,20,10,2026-06-21,6800.0,7698.0,-11.665367627955314,-0.6709677419354798,low_a,-0.027621820480883515,-0.0065535074954745365,-0.013181019332181963,0.9745914645359891,071840
1M_MA10,1M,10,10,2026-06-30,6800.0,7587.0,-10.373006458415713,-4.721838503076725,low_r2,-0.16846348219694127,1.3286775453090756,0.4381686655244609,0.7347507633201853,071840
1M_MA20,1M,20,10,2026-06-30,6800.0,7690.0,-11.573472041612487,-1.6938318951741804,low_a,0.0637834004092417,-1.463492899684129,1.2747072211876345,0.9915045561234371,071840
1d_MA20,1D,20,10,2026-06-15,1897.0,2022.0,-6.181998021760638,1.6744607029717917,low_a,-0.10939059209428702,3.06361863029338,1.5559019451105771,0.9965961208318789,071950
1w_MA10,1W,10,10,2026-06-21,1897.0,1823.7,4.019301420189714,4.900776531492679,pass,1.1691312602359463,-13.459792826835256,0.6395913731761864,0.9765672359838398,071950
1w_MA20,1W,20,10,2026-06-21,1897.0,2251.15,-15.731959220842684,-9.811502173434029,low_a,0.06627435196460148,-3.9380676025018775,3.301149343401839,0.9895052704781778,071950
1M_MA10,1M,10,10,2026-06-30,1897.0,3265.7,-41.911381939553536,-28.88283972125436,low_a,-0.37903909737616,-6.317649971846281,-0.9259745404130317,0.9982577331904094,071950
1M_MA20,1M,20,10,2026-06-30,1897.0,6150.35,-69.156226881397,-11.993274665521925,low_a,-0.4929988780225431,1.6045831344277923,0.180818885076924,0.9807370332462239,071950
1d_MA20,1D,20,10,2026-06-15,71000.0,70790.0,0.29665206950133527,-2.351886336988762,vertex_out,0.10239778686488261,-2.9649540858988033,1.6086253080467028,0.9992319225060379,071970
1w_MA10,1W,10,10,2026-06-21,71000.0,84040.0,-15.516420752022842,-2.2222222222222254,low_a,-0.27214919757327644,2.4518056668253227,0.5005027652086502,0.91377151468513,071970
1w_MA20,1W,20,10,2026-06-21,71000.0,82685.0,-14.131946544113205,-2.5974790905878176,low_a,-0.20689004726805932,1.3384896090435305,0.35942054640939625,0.9490584039474874,071970
1M_MA10,1M,10,10,2026-06-30,71000.0,84160.0,-15.636882129277563,-1.8198786747550155,low_a,-0.603026530305999,11.58610522594381,1.0674033068260025,0.9907855867667928,071970
1M_MA20,1M,20,10,2026-06-30,71000.0,62621.5,13.379590076890535,9.046346199054444,low_a,-0.13763330941207014,8.174476747797135,3.2996198306920466,0.998879885021694,071970
1d_MA20,1D,20,10,2026-06-15,5210.0,4840.5,7.633508935027367,0.5765934237182524,low_a,0.06967558764637043,-0.8228058822866224,0.656061031545438,0.9846299210140744,072130
1w_MA10,1W,10,10,2026-06-21,5210.0,5098.5,2.186917720898296,-1.0480349344978213,low_a,-0.16221383498271094,1.3225198546237527,0.4529411764705895,0.885430406336892,072130
1w_MA20,1W,20,10,2026-06-21,5210.0,5051.25,3.142786439000256,1.1311877471344989,low_a,0.02640055820286676,0.07793414238540333,-0.16399935727482856,0.974175061393245,072130
1M_MA10,1M,10,10,2026-06-30,5210.0,4951.0,5.2312664108260964,-1.6096979332273498,low_a,0.0722499738678162,-1.6833470987384505,1.2943850116035192,0.9795553873532715,072130
1M_MA20,1M,20,10,2026-06-30,5210.0,5166.0,0.8517228029423229,0.9625250403087815,low_a,-0.008879318784838003,1.4144368766911162,8.849758454107967,0.9872934518633709,072130
1d_MA20,1D,20,10,2026-06-15,93900.0,92175.0,1.8714401952807158,0.0054247585982381,low_a,0.025897556833032725,-0.5465991645728802,1.1725669896133144,0.9832513103789696,072710
1w_MA10,1W,10,10,2026-06-21,93900.0,94960.0,-1.116259477674808,-0.07366094917394816,low_r2,-0.02066338391476883,0.0024574808403527728,0.006607180794591513,0.7803763252292197,072710
1w_MA20,1W,20,10,2026-06-21,93900.0,95430.0,-1.6032694121345448,0.5690799873537822,low_a,-0.002587746263173321,0.26340047351343293,5.654866494402916,0.9900594568152018,072710
1M_MA10,1M,10,10,2026-06-30,93900.0,93910.0,-0.010648493238207823,2.521834061135375,low_a,-0.17023776659375783,4.130088551952605,1.3478170478170515,0.9975631760899876,072710
1M_MA20,1M,20,10,2026-06-30,93900.0,82455.0,13.880298344551578,3.204205519744674,low_a,0.00845101682240268,1.4922130409192709,-9.809556203432788,0.998081117746886,072710
1d_MA20,1D,20,10,2026-06-15,5070.0,4775.75,6.1613359158247505,-0.22458999268776259,low_a,0.05858518984919642,-1.3479609190293669,1.2782533933340303,0.9901004435504038,073240
1w_MA10,1W,10,10,2026-06-21,5070.0,5277.5,-3.9317858834675534,-4.0716168317731505,low_a,-0.028826935055193376,-1.7797085967776718,-3.429872084273807,0.9969787346279934,073240
1w_MA20,1W,20,10,2026-06-21,5070.0,5816.75,-12.83792495809516,-1.9552484092537181,low_a,-0.06137059148838289,-0.16116832555322616,-0.14589717398703944,0.9966053506488194,073240
1M_MA10,1M,10,10,2026-06-30,5070.0,5570.5,-8.984830805134191,0.27902790279028533,low_a,-0.0012077761459382346,2.1155919362130278,97.31346801344989,0.947188716611118,073240
1M_MA20,1M,20,10,2026-06-30,5070.0,5177.5,-2.0762916465475567,0.7834931140201506,low_r2,0.14616562306041259,-1.3293885654180884,0.5052824238328563,0.8477614716656683,073240
1d_MA20,1D,20,10,2026-06-15,5110.0,5110.0,0.0,0.0,low_r2,1.4435103822656712e-15,0.0,-0.0,0.0,074610
1w_MA10,1W,10,10,2026-06-21,5110.0,5110.0,0.0,0.0,low_r2,1.4435103822656712e-15,0.0,-0.0,0.0,074610
1w_MA20,1W,20,10,2026-06-21,5110.0,5110.0,0.0,0.0,low_r2,1.4435103822656712e-15,0.0,-0.0,0.0,074610
1M_MA10,1M,10,10,2026-06-30,5110.0,5110.0,0.0,0.0,ma_not_rising,0.6796429865852639,-8.4843447850468,0.6935295403052355,0.9403634252542323,074610
1M_MA20,1M,20,10,2026-06-30,5110.0,6154.0,-16.964575885602862,-14.020258470136216,vertex_out,0.7644756204078665,-17.35169979291962,1.260973268597577,0.9982063694573076,074610
1d_MA20,1D,20,10,2026-06-15,3020.0,2900.5,4.119979313911393,0.25058325412599114,low_a,0.04592789593950563,-0.58007258301353,0.7016706067769771,0.9657765922908494,075180
1w_MA10,1W,10,10,2026-06-21,3020.0,2978.5,1.3933187846231432,-0.10062049304041532,low_a,0.023609052085316124,-0.7154417191187267,1.683539094650203,0.9876076064738603,075180
1w_MA20,1W,20,10,2026-06-21,3020.0,3044.5,-0.8047298406963388,-0.47401111474337787,low_a,0.009988457241362799,-0.6295651512958809,3.501626016260349,0.9923065668338594,075180
1M_MA10,1M,10,10,2026-06-30,3020.0,3115.0,-3.04975922953451,-2.458118052293723,low_a,-0.05530601729468064,-0.3003326761951761,-0.3016877637130919,0.983899048850813,075180
1M_MA20,1M,20,10,2026-06-30,3020.0,3236.0,-6.674907292954268,-2.888438742591337,low_a,-0.029406331033547423,-0.8366350385239507,-1.5806026365348522,0.996897539510025,075180
1d_MA20,1D,20,10,2026-06-15,15920.0,15094.5,5.468879393156456,-1.5233559498956106,low_a,0.08758005597181376,-2.383789657336717,1.512133753186343,0.996236358630745,075580
1w_MA10,1W,10,10,2026-06-21,15920.0,17309.0,-8.024727020625111,-2.566844919786093,low_a,-0.182132706160407,1.0097772186233973,0.3080102171136662,0.9597060575759591,075580
1w_MA20,1W,20,10,2026-06-21,15920.0,17648.5,-9.794033487265208,-2.273104823079908,low_a,-0.17021806260354885,1.0324909460851284,0.33698308650967196,0.9699891658335371,075580
1M_MA10,1M,10,10,2026-06-30,15920.0,18469.0,-13.801505224971578,1.4111574785855563,low_a,-0.3975973279299437,8.84822331951241,1.2363462419489593,0.9931506088718233,075580
1M_MA20,1M,20,10,2026-06-30,15920.0,14224.5,11.919575380505476,6.24813265610995,low_a,-0.11545882514094373,5.374692661630693,2.5861516986056183,0.997927574132742,075580
1d_MA20,1D,20,10,2026-06-15,7800.0,7399.5,5.412527873504969,0.2506435442352073,low_a,0.038330192991762956,-0.7339649663048733,1.0638044914134521,0.9368366270499034,077500
1w_MA10,1W,10,10,2026-06-21,7800.0,7473.0,4.375752709755121,5.416842996191273,low_a,0.09765088114125306,0.9210218294610044,-0.5239878925463597,0.9951837723787632,077500
1w_MA20,1W,20,10,2026-06-21,7800.0,6911.5,12.855385950951304,2.278949315575285,low_a,0.01143838621756947,0.8221912013188011,-3.9933333333328846,0.9959244737375796,077500
1M_MA10,1M,10,10,2026-06-30,7800.0,6867.0,13.586719091306243,4.552375152253352,low_a,0.06439399798720404,0.42872691835521193,-0.3698817106460466,0.9383335881762319,077500
1M_MA20,1M,20,10,2026-06-30,7800.0,6437.0,21.174460152244844,4.496753246753249,pass,0.2221022149639725,-1.4715982959795244,0.3680983591316863,0.982235939134297,077500
1d_MA20,1D,20,10,2026-06-15,36650.0,39137.5,-6.355796870009578,-3.4535923527597934,low_a,0.08737160635894892,-3.3628718077180957,2.138294342127072,0.9983628829882693,077970
1w_MA10,1W,10,10,2026-06-21,36650.0,45655.0,-19.724017084656666,-0.09846827133479508,low_a,-0.49054716461329734,7.23253960776923,0.8191011690056919,0.995333303869909,077970
1w_MA20,1W,20,10,2026-06-21,36650.0,39555.0,-7.344204272531918,-0.358964670319295,low_a,-0.26195946863869657,3.5613296239636343,0.755275794396427,0.9897985478948856,077970
1M_MA10,1M,10,10,2026-06-30,36650.0,37760.0,-2.9396186440677985,2.706378348973204,vertex_out,0.1324519706872644,3.1080765639589165,-1.3036493101913704,0.9616423732156386,077970
1M_MA20,1M,20,10,2026-06-30,36650.0,30985.0,18.283040180732613,6.874310154525376,low_a,0.08057582214704345,3.4083696495863585,-2.3500085307961363,0.9940271070854487,077970
1d_MA20,1D,20,10,2026-06-15,14290.0,14355.0,-0.452803901079768,-0.6540018685767701,low_a,0.051716114341640085,-1.2771651761974954,1.3719828297837018,0.9961791661431059,078000
1w_MA10,1W,10,10,2026-06-21,14290.0,15524.0,-7.9489822210770384,-3.7867988844127676,low_a,-0.1486326070474639,-0.12403321224664689,-0.046360850089254904,0.9779970048152836,078000
1w_MA20,1W,20,10,2026-06-21,14290.0,16374.5,-12.730159699532805,-0.8237182399079335,low_a,-0.07428401871806274,0.5697029535920608,0.4260696262081987,0.9551000430661327,078000
1M_MA10,1M,10,10,2026-06-30,14290.0,15911.0,-10.187920306706054,-0.5873164636051253,low_a,-0.3778599115657674,6.737500802848058,0.9905935737061555,0.9821223883434581,078000
1M_MA20,1M,20,10,2026-06-30,14290.0,13643.5,4.738520174442051,3.3520187864555684,low_a,0.0072012904712513955,2.2892122650544753,-17.66050955414284,0.9965200347953374,078000
1d_MA20,1D,20,10,2026-06-15,11100.0,12212.5,-9.109518935516892,-3.3974054738174386,low_a,-0.03712341342361702,-0.9942810221514178,-1.4879513888888969,0.9991600612191227,078520
1w_MA10,1W,10,10,2026-06-21,11100.0,13043.0,-14.896879552250253,-1.2866116703246777,low_a,-0.33039129155634017,4.1005354516034185,0.6895082616008713,0.9519265780417667,078520
1w_MA20,1W,20,10,2026-06-21,11100.0,12316.0,-9.873335498538482,0.3994456672373081,low_a,-0.1416924605690741,2.4956901610517668,0.9785238595964262,0.9984434534397582,078520
1M_MA10,1M,10,10,2026-06-30,11100.0,11342.0,-2.1336624933874115,0.14126787921595607,low_a,-0.018153441087299646,4.1026928768935464,12.555602045559398,0.9679015250756612,078520
1M_MA20,1M,20,10,2026-06-30,11100.0,9639.5,15.151200788422624,4.57824789802006,vertex_out,0.13189696182587568,0.6617373926095758,-0.2787265754221302,0.975215956821435,078520
1d_MA20,1D,20,10,2026-06-15,75600.0,74265.0,1.7976166431024065,0.10109179134654145,low_a,0.02833736274958736,-0.5543758853845747,1.0868569729408402,0.9812244211632012,078930
1w_MA10,1W,10,10,2026-06-21,75600.0,75780.0,-0.23752969121140222,1.7590976232039646,low_a,-0.023584688590074492,1.3593879820375885,3.2021433850700367,0.9871248191858674,078930
1w_MA20,1W,20,10,2026-06-21,75600.0,72110.0,4.839828040493699,1.2070175438596564,low_a,-0.07795736272557437,2.05778768692676,1.466462360521772,0.9965411949801416,078930
1M_MA10,1M,10,10,2026-06-30,75600.0,63780.0,18.532455315145825,9.118905047048752,vertex_out,0.1681320159402361,3.378772201118416,-1.1164415395787781,0.9959124637299778,078930
1M_MA20,1M,20,10,2026-06-30,75600.0,52697.5,43.46031595426727,6.502627324171373,vertex_out,0.20911572606772275,0.33611503064340237,-0.08929532756383647,0.9969088288391896,078930
1d_MA20,1D,20,10,2026-06-15,54500.0,54800.0,-0.5474452554744547,-0.38174877295037435,low_a,0.011549345755114512,-0.47226944167123047,2.271746968207127,0.988660924498055,078935
1w_MA10,1W,10,10,2026-06-21,54500.0,55770.0,-2.2772099695176573,-0.08957362952346504,low_r2,0.012726532274485775,-0.03352454437653135,0.1463458110516857,0.2761457127002511,078935
1w_MA20,1W,20,10,2026-06-21,54500.0,55710.0,-2.1719619457907013,0.2068531342746649,low_a,-0.0568405640915887,1.1707768154904075,1.1443087776421077,0.9913594635784981,078935
1M_MA10,1M,10,10,2026-06-30,54500.0,51375.0,6.082725060827254,4.644057439657812,low_a,0.020783569856210996,2.8993205403561055,-7.750033534541304,0.9923353068144379,078935
1M_MA20,1M,20,10,2026-06-30,54500.0,45282.5,20.35554574062828,3.6094268390344464,low_a,0.043465176051727845,1.1772114577891775,-1.5046674714030834,0.9941763369724332,078935
1d_MA20,1D,20,10,2026-06-15,4900.0,4592.25,6.701507975393328,-0.4767838760361909,low_a,0.008429232529899808,-0.5848351112747525,3.8545430322409464,0.9919467842596403,079160
1w_MA10,1W,10,10,2026-06-21,4900.0,4784.0,2.4247491638796026,0.0,vertex_out,0.11033898368145714,-1.7462239031056956,0.8792217929204184,0.9760927835464164,079160
1w_MA20,1W,20,10,2026-06-21,4900.0,5014.25,-2.278506257167079,-2.75865412586056,low_a,-0.03651337331744018,-0.8255020535292461,-1.2560117302052771,0.9983534208591467,079160
1M_MA10,1M,10,10,2026-06-30,4900.0,5235.5,-6.4081749594117055,-0.5980634137079943,low_a,-0.1459759673261994,2.1853411029623646,0.8316974449784975,0.86992905922074,079160
1M_MA20,1M,20,10,2026-06-30,4900.0,5112.25,-4.151792263680376,-1.8714909544603864,low_a,-0.10992602498909813,0.46463640254949473,0.23482276810729705,0.8998670539619409,079160
1d_MA20,1D,20,10,2026-06-15,6480.0,6515.5,-0.5448545775458502,-1.0253683730821805,low_a,0.06223813249782101,-1.5688039196590717,1.400359712230187,0.9974036518690906,079430
1w_MA10,1W,10,10,2026-06-21,6480.0,7082.0,-8.500423609149955,-1.4060977307531641,low_a,-0.12306791216619413,0.8582771871911541,0.3874451521585335,0.9407590441055013,079430
1w_MA20,1W,20,10,2026-06-21,6480.0,7108.0,-8.835115362971301,-0.21758966800028423,low_a,-0.10395656596434673,1.322854683268797,0.7069483891327414,0.9851231016529852,079430
1M_MA10,1M,10,10,2026-06-30,6480.0,6893.0,-5.991585666618304,-2.709950599858857,low_a,0.023692090818552117,-0.9842371442907368,2.307936507936576,0.9341113592672035,079430
1M_MA20,1M,20,10,2026-06-30,6480.0,7230.5,-10.379641795173223,-1.8328694589640926,low_a,-0.003114232851337409,-1.1279352765747916,-20.121511111126793,0.9783270738010967,079430
1d_MA20,1D,20,10,2026-06-15,845000.0,807400.0,4.6569234580133845,-0.8229947180935948,low_a,0.08079674729341232,-1.6244941737249656,1.1169964056883765,0.9969687893467991,079550
1w_MA10,1W,10,10,2026-06-21,845000.0,854900.0,-1.1580301789683056,-1.8822449213818482,low_a,-0.4486248891039605,5.878901524316481,0.7280149812734078,0.9833790277508211,079550
1w_MA20,1W,20,10,2026-06-21,845000.0,758275.0,11.437143516534242,4.172963319137235,low_a,-0.17691878969214278,4.409947363812814,1.3847996371312463,0.9973588270224114,079550
1M_MA10,1M,10,10,2026-06-30,845000.0,602450.0,40.26060253962984,9.616084425036387,vertex_out,0.15683585543077797,3.234077145706925,-1.1455987028334491,0.9944035973891756,079550
1M_MA20,1M,20,10,2026-06-30,845000.0,479705.0,76.14992547503152,14.119018448692167,vertex_out,0.41896090557011567,1.7595004198121853,-0.23331538103747995,0.9950127979447193,079550
1d_MA20,1D,20,10,2026-06-15,59100.0,56082.5,5.3804662773592415,-0.8924232383476949,low_a,0.010853149564567344,-1.144660626224796,5.85933665008179,0.9820464526616294,079900
1w_MA10,1W,10,10,2026-06-21,59100.0,61820.0,-4.3998705920414105,-0.992953235105698,low_a,-0.10436969351129148,1.5285404793841948,0.8136357659434632,0.9626522842453622,079900
1w_MA20,1W,20,10,2026-06-21,59100.0,59930.0,-1.384949107291844,1.0879649152399473,low_a,-0.07959265884962041,1.758195435073056,1.2272177557891846,0.9977766129579311,079900
1M_MA10,1M,10,10,2026-06-30,59100.0,53445.0,10.580971091776604,4.0494500146013745,low_a,0.0714658267969274,0.7522946571372843,-0.584813042707776,0.9687148218887646,079900
1d_MA20,1D,20,10,2026-06-15,2075.0,2259.25,-8.155361292464313,-3.6156143344709846,low_a,0.08206529172305829,-3.067498877049218,2.076597800390555,0.9998281378570447,079980
1w_MA10,1W,10,10,2026-06-21,2075.0,2707.0,-23.34687846324345,-9.100067159167224,low_a,-0.4848893176331273,3.7398747454331165,0.4284912280701766,0.9664841426330951,079980
1w_MA20,1W,20,10,2026-06-21,2075.0,2790.5,-25.640566206772974,-1.7429577464788681,low_a,-0.16923282628075528,1.4658299513403201,0.4812009530679629,0.9649774443998118,079980
1M_MA10,1M,10,10,2026-06-30,2075.0,2672.0,-22.34281437125748,-6.882732183307194,low_r2,-0.18292093951736224,1.226220948639934,0.37241983457605105,0.7933278239041375,079980
1M_MA20,1M,20,10,2026-06-30,2075.0,2738.25,-24.221674427097597,-2.5533807829181465,vertex_out,0.13639139482450646,-2.5489305362276777,1.0382418347935622,0.9846765660764154,079980
1d_MA20,1D,20,10,2026-06-15,10810.0,11311.0,-4.4293165944655595,-2.153979238754322,low_a,0.048831430309937404,-1.8980914048740936,2.1594600408734244,0.9992507985512332,081000
1w_MA10,1W,10,10,2026-06-21,10810.0,12553.0,-13.88512706126026,-3.6089994624894373,low_a,-0.10059653746718011,-0.5404940184181046,-0.2984938271604926,0.9931550516485367,081000
1w_MA20,1W,20,10,2026-06-21,10810.0,13340.5,-18.96855440200892,-1.477050330490015,low_a,-0.1083009315143817,1.0369396462343676,0.5319230159759205,0.9921484592351292,081000
1M_MA10,1M,10,10,2026-06-30,10810.0,12790.0,-15.480844409695072,-2.767219096852669,low_a,-0.16014818646397486,2.341851420798784,0.8123904465212913,0.9095921791817068,081000
1M_MA20,1M,20,10,2026-06-30,10810.0,12389.0,-12.745177173298893,-1.3496834813074843,low_a,0.03964640003530958,-0.9883687988945014,1.384977644059945,0.9421168468209428,081000
1d_MA20,1D,20,10,2026-06-15,43750.0,39777.5,9.986801583809935,1.5833492945157346,low_a,0.08089990699189387,-0.42215042375768846,0.2898989898989815,0.9844204247182482,081660
1w_MA10,1W,10,10,2026-06-21,43750.0,40430.0,8.21172396735097,0.8984277514349825,vertex_out,0.24139546473600695,-3.746873516878499,0.8623179397932318,0.9923594342965893,081660
1w_MA20,1W,20,10,2026-06-21,43750.0,43630.0,0.2750401100160449,-0.75068243858053,low_a,0.00010639212392001655,-0.4519579980917494,236.0022222193828,0.9948186575347674,081660
1M_MA10,1M,10,10,2026-06-30,43750.0,41955.0,4.278393516863299,0.8412450426631413,low_a,-0.0019001862562569856,1.4037055912220577,41.039999999997,0.9374571125144953,081660
1M_MA20,1M,20,10,2026-06-30,43750.0,40085.0,9.143070974179878,-0.11835793932598593,low_r2,-0.04991818844537635,0.7372799790976994,0.8205425740475759,0.8078176845017615,081660
1d_MA20,1D,20,10,2026-06-15,7970.0,7580.5,5.138183497130799,0.0,low_a,0.025908443569183752,-0.5370892113578696,1.151682054547351,0.9898637986292887,082640
1w_MA10,1W,10,10,2026-06-21,7970.0,8025.0,-0.6853582554517179,-1.9667725384803325,low_a,-0.17122920781705658,0.9958167778476203,0.3230941439849196,0.935212550316185,082640
1w_MA20,1W,20,10,2026-06-21,7970.0,8116.5,-1.8049651943571776,1.2411126356492552,low_a,-0.03425639718300739,1.15162813244454,1.867661107196053,0.9980488496428173,082640
1M_MA10,1M,10,10,2026-06-30,7970.0,7496.0,6.323372465314825,-0.7020797456616767,low_a,-0.1689505922060057,3.796581316777266,1.2484193249125886,0.9769650340271219,082640
1M_MA20,1M,20,10,2026-06-30,7970.0,6716.25,18.667411129722677,2.9113196705611966,low_a,0.03552835931573689,0.5832917160871541,-0.9120909595119344,0.9776199701506965,082640
1d_MA20,1D,20,10,2026-06-15,59300.0,62925.0,-5.760826380611839,-3.3038801383019623,low_a,0.045557069531168906,-2.448412750908387,2.985769980506721,0.9994636663595646,082740
1w_MA10,1W,10,10,2026-06-21,59300.0,67960.0,-12.742789876397886,3.306224823287973,low_a,-0.23228014701240432,5.310391403432468,1.2701117526819123,0.9970191701311647,082740
1w_MA20,1W,20,10,2026-06-21,59300.0,59160.0,0.23664638269100813,0.44995330673232026,low_a,-0.2690825247460261,4.441148818051563,0.9169324173861916,0.9944611336231649,082740
1M_MA10,1M,10,10,2026-06-30,59300.0,54290.0,9.228218824829625,8.24444222908982,vertex_out,0.15538495214371864,5.400779849504618,-1.9309677084751595,0.989508095652405,082740
1M_MA20,1M,20,10,2026-06-30,59300.0,40490.0,46.455915040750796,13.412601711412675,vertex_out,0.2712564638049495,4.538431752809756,-0.9295081630188204,0.996470826441708,082740
1d_MA20,1D,20,10,2026-06-15,4800.0,4890.75,-1.855543628277867,-1.5599053992854661,low_a,0.06603928790831996,-1.8758876733388692,1.5780906359383946,0.9989007375114954,083420
1w_MA10,1W,10,10,2026-06-21,4800.0,5432.0,-11.634756995581741,-3.9264237707817506,low_a,-0.1683508974733508,0.632633208837008,0.20876805474349955,0.9919590230528288,083420
1w_MA20,1W,20,10,2026-06-21,4800.0,5665.0,-15.269196822594877,-2.3528397828147862,low_a,-0.03875856089894251,-0.5515852650651336,-0.7906285766608003,0.9991870498307627,083420
1M_MA10,1M,10,10,2026-06-30,4800.0,6095.5,-21.253383643671565,-7.922960725075534,low_a,-0.3397284820238506,1.3702786678318308,0.22408068997870922,0.9860555352799324,083420
1M_MA20,1M,20,10,2026-06-30,4800.0,6512.0,-26.289926289926292,-1.8722923337728403,low_a,-0.01320120493438661,-0.7470539497445704,-3.143879472693006,0.9845325404530285,083420
1d_MA20,1D,20,10,2026-06-15,8940.0,9198.0,-2.804957599478153,-2.5325845077884934,low_a,0.06445535908890118,-2.4013745181694532,2.0697998946813847,0.9992401155286558,084010
1w_MA10,1W,10,10,2026-06-21,8940.0,10363.0,-13.731544919424877,-4.839302112029387,low_a,-0.12450112369557408,-0.33608261858352206,-0.14996857886702913,0.9862741587619875,084010
1w_MA20,1W,20,10,2026-06-21,8940.0,11239.5,-20.459095155478447,-1.4035703320321113,low_a,-0.06858402689918043,-0.05038202320789825,-0.04081127072696177,0.963876181880576,084010
1M_MA10,1M,10,10,2026-06-30,8940.0,10842.0,-17.542888765910348,-3.1627084431185892,low_r2,-0.08255021124168102,1.1188861408576505,0.7530003887788059,0.5760508101435493,084010
1M_MA20,1M,20,10,2026-06-30,8940.0,10792.4,-17.16393017308476,0.2354405338509613,low_a,-0.01369395213745922,1.4182371602056107,5.753704449515848,0.9726270409933974,084010
1d_MA20,1D,20,10,2026-06-15,36700.0,42100.0,-12.826603325415675,-3.062399263182136,low_r2,-0.10366886613431296,1.022228478140172,0.5478064256457655,0.6880557961034408,084670
1w_MA10,1W,10,10,2026-06-21,36700.0,41475.0,-11.512959614225437,-1.8923713778829065,low_r2,0.1256017991642846,-1.6050686510054062,0.709945886163448,0.37223618014665383,084670
1w_MA20,1W,20,10,2026-06-21,36700.0,44145.0,-16.864877109525423,-3.004669046965125,low_a,0.06080632704478151,-2.822983526288962,2.579212160136946,0.9661497941512943,084670
1M_MA10,1M,10,10,2026-06-30,36700.0,35274.0,4.042637636786295,19.01211241944736,low_a,0.05906596481059876,16.159575511372477,-15.199179391295685,0.9763352753098498,084670
1M_MA20,1M,20,10,2026-06-30,36700.0,21462.5,70.99592312172393,14.987945352263598,vertex_out,0.17062434533802112,9.451280062104228,-3.0773516728878056,0.9735618453860035,084670
1d_MA20,1D,20,10,2026-06-15,1253.0,1384.0,-9.465317919075144,-3.4025475484208645,low_a,0.05142177197825729,-2.542316416770863,2.746692607003803,0.9993987493446235,084680
1w_MA10,1W,10,10,2026-06-21,1253.0,1593.3,-21.358187409778438,-5.92229570146433,low_a,-0.3419174282704569,2.48754234751042,0.4041817867634359,0.9865515732459542,084680
1w_MA20,1W,20,10,2026-06-21,1253.0,1625.8,-22.93024972321318,-1.9361843295735648,low_a,-0.23321532258798575,2.339482357821058,0.5573014699843974,0.9776060505042283,084680
1M_MA10,1M,10,10,2026-06-30,1253.0,1504.2,-16.699906927270312,-3.123591163779227,low_r2,-0.030513453922098026,0.904552698637267,1.6469105015239498,0.6466840377459827,084680
1M_MA20,1M,20,10,2026-06-30,1253.0,1492.9,-16.069395136981722,-2.7236593471036685,vertex_out,0.1207803708372521,-2.158164359773709,0.992694584031268,0.9671307627482816,084680
1d_MA20,1D,20,10,2026-06-15,8550.0,8981.5,-4.8043199910927985,-1.0084867188361102,low_a,-0.017072721473355174,-0.3470684510276173,-1.1293794397534993,0.9878003745307284,084690
1w_MA10,1W,10,10,2026-06-21,8550.0,9197.0,-7.034902685658362,-1.4466352336047983,low_a,-0.0029597802659131903,-0.5403598836822274,-10.142642642642041,0.9540177836724879,084690
1w_MA20,1W,20,10,2026-06-21,8550.0,9462.5,-9.643328929986794,-1.236822878613919,low_a,-0.04184435756983762,0.13669681664818994,0.18148844987980484,0.968159585045503,084690
1M_MA10,1M,10,10,2026-06-30,8550.0,9383.0,-8.87775764680806,-1.7795456924526332,low_a,0.050188690989577796,-1.5812865745752307,1.7503794661891297,0.987543269908852,084690
1M_MA20,1M,20,10,2026-06-30,8550.0,9835.5,-13.070001525087694,0.11706026058631025,low_r2,0.020198833617580347,-0.19335372027821102,0.531806615776079,0.17940719858965315,084690
1d_MA20,1D,20,10,2026-06-15,13150.0,13348.5,-1.4870584709892443,-0.23542600896860888,low_a,0.01345071567916548,-0.39368756509135056,1.626049640454588,0.9797272180741567,084695
1w_MA10,1W,10,10,2026-06-21,13150.0,13727.0,-4.2033947694325,-1.9920034271026732,low_a,-0.08990513252974154,0.22277321478198225,0.1376594345825131,0.9912000193597688,084695
1w_MA20,1W,20,10,2026-06-21,13150.0,14041.5,-6.349036783819395,-0.41136210503918136,low_a,-0.0178941404083556,0.047039087660298136,0.14604125083170122,0.9248747841558772,084695
1M_MA10,1M,10,10,2026-06-30,13150.0,13671.0,-3.8109867602955205,0.3449794480328894,pass,0.4864714126126446,-7.163983695314008,0.8181345992082385,0.9616913893492477,084695
1M_MA20,1M,20,10,2026-06-30,13150.0,15602.5,-15.718634834161193,-4.290884554042451,low_a,0.06907301306013257,-2.9977862536485067,2.4111251758087233,0.9939999561941831,084695
1d_MA20,1D,20,10,2026-06-15,1849.0,1910.7,-3.2291830219291384,-0.876737912429959,low_a,0.026214933870190256,-0.8112955511349385,1.719324385338418,0.99870796391251,084870
1w_MA10,1W,10,10,2026-06-21,1849.0,1975.0,-6.379746835443035,-2.8815892997639647,low_a,-0.30389163483145964,2.5760893699509855,0.4709444410595942,0.8794036513711972,084870
1w_MA20,1W,20,10,2026-06-21,1849.0,1925.4,-3.9680066479692577,3.3244787893423444,low_a,-0.05263675718221199,2.5434739831973077,2.684513973542815,0.9995650215304153,084870
1M_MA10,1M,10,10,2026-06-30,1849.0,1666.9,10.924470574119628,6.016663486611984,vertex_out,0.36739205779823353,0.2895813063980758,-0.04378932536501339,0.9681171810282636,084870
1M_MA20,1M,20,10,2026-06-30,1849.0,1456.05,26.987397410803204,3.3979548359607925,pass,0.3732600962273768,-2.6338480875227206,0.3920185822974398,0.8983538196496429,084870
1d_MA20,1D,20,10,2026-06-15,9980.0,10646.5,-6.260273329263133,-1.6035120147874338,low_a,0.0013278259199792344,-1.0137440196763319,42.414529914524806,0.9977613159917246,085310
1w_MA10,1W,10,10,2026-06-21,9980.0,11164.0,-10.605517735578651,-2.4978165938864594,low_r2,-0.15667600599655007,1.794315389439298,0.6362441247345699,0.7968990809268408,085310
1w_MA20,1W,20,10,2026-06-21,9980.0,10992.5,-9.210825562883784,-1.5538241089020244,low_a,-0.03365359723670587,-0.10316626221834628,-0.17030747030748514,0.9344607881226336,085310
1M_MA10,1M,10,10,2026-06-30,9980.0,11917.0,-16.25409079466309,-2.1833702700484237,low_a,-0.27399254995821826,4.559536844111613,0.9245054381561564,0.9752195920231755,085310
1M_MA20,1M,20,10,2026-06-30,9980.0,10611.5,-5.951090797719461,2.899393939393935,low_a,-0.038533940498148934,1.6677746592639182,2.4044815178280343,0.9707959984139746,085310
1d_MA20,1D,20,10,2026-06-15,28650.0,18647.0,53.64401780447257,8.107951416065173,vertex_out,0.3040322683846477,-0.3700015560368694,0.06761006688948637,0.9978012092716337,085620
1w_MA10,1W,10,10,2026-06-21,28650.0,18662.0,53.52052298788983,14.554048247498619,low_r2,0.15121327885224314,0.42605587579904847,-0.15653235653234956,0.7887660299452075,085620
1w_MA20,1W,20,10,2026-06-21,28650.0,16333.5,75.406373404353,13.340503781833313,vertex_out,0.2577189899666721,0.8061291104275352,-0.17377435238706718,0.9779222749848453,085620
1M_MA10,1M,10,10,2026-06-30,28650.0,13339.0,114.78371692030889,27.560485798986335,vertex_out,0.8282514673756807,1.4755510834202406,-0.09897363713674036,0.9926445333629897,085620
1M_MA20,1M,20,10,2026-06-30,28650.0,9508.0,201.32519983172065,20.87465039410119,vertex_out,0.6134865496060202,0.3582095367704612,-0.03243841259985448,0.9917488583933551,085620
1d_MA20,1D,20,10,2026-06-15,216500.0,219400.0,-1.3217866909753906,-2.7050997782705144,low_a,-0.10041677510793129,-0.03825689789721082,-0.021165619133130687,0.9939914518771018,086280
1w_MA10,1W,10,10,2026-06-21,216500.0,228350.0,-5.18940223341362,-0.15303891560997096,low_r2,0.11214788513172963,-1.455890901488765,0.7212158104049975,0.8462244914865438,086280
1w_MA20,1W,20,10,2026-06-21,216500.0,234675.0,-7.744753382337278,-1.4384712305753888,low_a,-0.17353573635022554,2.081415217434341,0.6663421677767986,0.9303134025826708,086280
1M_MA10,1M,10,10,2026-06-30,216500.0,212420.0,1.9207230957536847,6.364228130789651,vertex_out,0.12199438865144027,4.299503544239639,-1.957969630027678,0.9744633041043652,086280
1M_MA20,1M,20,10,2026-06-30,216500.0,172565.0,25.4599716049025,6.636799011277605,low_a,0.033962194045287226,3.692925559022738,-6.04090921756241,0.9935237608065822,086280
1d_MA20,1D,20,10,2026-06-15,129300.0,118205.0,9.3862357768284,0.06348937611106997,low_a,0.017013617496299795,-0.4552031451322695,1.4864013266995928,0.968589732288917,086790
1w_MA10,1W,10,10,2026-06-21,129300.0,123130.0,5.010964021765618,1.7435134688481346,low_a,0.07447576682409186,-0.09292161986094835,0.06931532812129698,0.9754914532418546,086790
1w_MA20,1W,20,10,2026-06-21,129300.0,119930.0,7.812890852997589,2.089806341774847,low_a,-0.029262411749152346,1.470335657975224,2.7914758028897975,0.9989888699828892,086790
1M_MA10,1M,10,10,2026-06-30,129300.0,106090.0,21.87765105099444,7.804084950716383,low_a,0.04654037278408534,4.054862238776029,-4.840316286711783,0.9967637981159554,086790
1M_MA20,1M,20,10,2026-06-30,129300.0,87540.0,47.7039067854695,7.734908621007941,vertex_out,0.16022911958929764,1.7541465323479708,-0.6082077051926339,0.9993397562201952,086790
1d_MA20,1D,20,10,2026-06-15,3370.0,4001.75,-15.786843256075468,-2.181618186262524,low_a,0.009241104214106725,-1.0013733005654615,6.020043572984646,0.9941021696882485,088260
1w_MA10,1W,10,10,2026-06-21,3370.0,4348.5,-22.502012188110843,-6.008861990705716,low_a,-0.23936440539820159,0.965376504108246,0.2240601643205578,0.9989643676927641,088260
1w_MA20,1W,20,10,2026-06-21,3370.0,4586.25,-26.51948759880076,-2.740960661647762,low_a,-0.10520114458845203,0.478633328742732,0.25276094276094224,0.9949513334838653,088260
1M_MA10,1M,10,10,2026-06-30,3370.0,4566.5,-26.201686192926754,-3.2316168679805024,low_a,-0.1665228252564399,2.028015424022046,0.6765890704969476,0.9264341146022557,088260
1M_MA20,1M,20,10,2026-06-30,3370.0,4475.0,-24.6927374301676,-2.2445524548085904,low_a,-0.0705476791049784,0.2929706655167935,0.23071131879542917,0.9502738453259095,088260
1d_MA20,1D,20,10,2026-06-15,5250.0,5111.0,2.7196243396595543,-0.24397384600370886,low_r2,0.01708379160696449,-0.25978432653994754,0.8448044156467591,0.817127481444015,088350
1w_MA10,1W,10,10,2026-06-21,5250.0,5042.5,4.1150223103619155,1.9716885743174872,low_r2,0.13868068947084924,-1.1616457223658467,0.46535587406590406,0.5884351429539734,088350
1w_MA20,1W,20,10,2026-06-21,5250.0,4965.5,5.729533783103413,3.431755454876839,low_a,-0.01734561037376953,2.179455195126494,6.980489101542117,0.9982925519053569,088350
1M_MA10,1M,10,10,2026-06-30,5250.0,4032.5,30.19218846869187,9.549035588155386,vertex_out,0.2856830737821576,1.3635502394253163,-0.26516373573097346,0.9932976080246593,088350
1M_MA20,1M,20,10,2026-06-30,5250.0,3433.0,52.92746868628022,6.681168427594786,vertex_out,0.26454635381827585,-0.4309487821012635,0.09050058207217586,0.9966998782651629,088350
1d_MA20,1D,20,10,2026-06-15,2575.0,2695.5,-4.4704136523835984,0.7475238273219942,low_a,0.041813118887310964,-0.28464103508303545,0.37819209039546936,0.977648305475511,088790
1w_MA10,1W,10,10,2026-06-21,2575.0,2677.0,-3.8102353380649934,-0.39069767441860526,low_a,-0.14847187619805513,2.2589007840125905,0.8452408039438742,0.9906145553385068,088790
1w_MA20,1W,20,10,2026-06-21,2575.0,2529.1,1.8148748566683803,2.4839938406677975,low_a,0.004837231919492591,1.3687966080820653,-15.720614035089714,0.9979261467501257,088790
1M_MA10,1M,10,10,2026-06-30,2575.0,2272.7,13.3013596163154,6.724583235501291,vertex_out,0.2076532674776354,0.35461941334609937,-0.09487487848631894,0.9951384882084804,088790
1M_MA20,1M,20,10,2026-06-30,2575.0,2060.5,24.96966755641834,4.144553955016428,pass,0.24659334029285745,-1.5320269168981575,0.3451537109366427,0.962816475342271,088790
1d_MA20,1D,20,10,2026-06-15,10950.0,10998.5,-0.44096922307587105,-0.18604229058898358,low_a,0.002960363167085814,-0.17889833969143193,3.357289659602055,0.993833222134581,088980
1w_MA10,1W,10,10,2026-06-21,10950.0,11170.0,-1.96956132497762,-0.560847502893258,low_a,-0.009567884879208665,-0.19351214438915182,-1.123620823620881,0.9906398440149349,088980
1w_MA20,1W,20,10,2026-06-21,10950.0,11302.0,-3.114493010086705,-0.24272915839180786,low_a,0.002384799508071399,-0.12816879817711935,2.9857808857802564,0.9848356550119567,088980
1M_MA10,1M,10,10,2026-06-30,10950.0,11238.0,-2.562733582487986,-1.35182584269663,low_a,-0.08681652144388044,0.7463822229613555,0.47762428583610905,0.9637750579258495,088980
1M_MA20,1M,20,10,2026-06-30,10950.0,11245.0,-2.623388172521124,-0.7764934262772472,low_a,0.023209776466501193,-0.6878437066666281,1.646441503407452,0.998803211532226,088980
1d_MA20,1D,20,10,2026-06-15,4330.0,4215.25,2.722258466283134,-1.7939309220106003,low_a,0.0648545737025034,-2.1523989138727853,1.843782336553408,0.9969900503448361,089470
1w_MA10,1W,10,10,2026-06-21,4330.0,4766.0,-9.148132605958882,-3.1891123298801505,low_a,-0.07149778954807272,-0.973800627331646,-0.7566672367595794,0.9934597012392817,089470
1w_MA20,1W,20,10,2026-06-21,4330.0,5116.5,-15.371836216163393,-0.7949587978671846,low_a,-0.12759510088185974,1.4734871279616153,0.6415637860082265,0.9866298914712562,089470
1M_MA10,1M,10,10,2026-06-30,4330.0,4562.5,-5.095890410958903,1.1080332409972193,low_a,0.008981525958523832,2.485493695789433,-15.374111675128724,0.9603471003040043,089470
1M_MA20,1M,20,10,2026-06-30,4330.0,4133.25,4.76017661646404,0.45570543200874614,low_r2,0.06608062804456862,-0.062021355905862455,0.05214282892915442,0.845547430754983,089470
1d_MA20,1D,20,10,2026-06-15,5150.0,4691.25,9.77884359179324,-0.677499603027576,low_a,0.025352374604813422,-1.1572071886540938,2.5358290598291635,0.9881240964906987,089590
1w_MA10,1W,10,10,2026-06-21,5150.0,5046.0,2.0610384462940834,-1.4453124999999956,low_a,0.041355382608739256,-1.3480988649138173,1.810994764397953,0.9794528471178486,089590
1w_MA20,1W,20,10,2026-06-21,5150.0,5292.5,-2.6924893717524823,-1.5531994047619069,low_a,-0.07647744538459168,0.21632987350345576,0.15714863703029675,0.9721491469637578,089590
1M_MA10,1M,10,10,2026-06-30,5150.0,5476.0,-5.953250547845146,-5.797350765525544,low_a,0.0010434420526300797,-2.4550227372161073,130.7117647058398,0.9932365221339188,089590
1M_MA20,1M,20,10,2026-06-30,5150.0,6349.5,-18.891251279628317,-6.287358866504322,low_a,0.08352501747481979,-4.035903183855616,2.684427376685419,0.999646185207883,089590
1d_MA20,1D,20,10,2026-06-15,31450.0,31002.5,1.4434319812918206,-0.36156194761368665,low_a,0.007068509315754494,-0.4467959620343426,3.511631205673427,0.992392181403427,089860
1w_MA10,1W,10,10,2026-06-21,31450.0,32135.0,-2.1316321767543167,-0.4646120489391392,low_a,-0.03537568157923747,0.14093158681205586,0.22132527915066497,0.954693412608592,089860
1w_MA20,1W,20,10,2026-06-21,31450.0,32337.5,-2.7444916892153115,0.11609907120742058,low_a,-0.01365393719518329,0.2611668607644449,1.0626436781610222,0.9804488157798595,089860
1M_MA10,1M,10,10,2026-06-30,31450.0,31395.0,0.175187131708876,0.786516853932584,low_a,-0.06274897172652655,1.0232560079533488,0.9059519930487799,0.8904607587407487,089860
1M_MA20,1M,20,10,2026-06-30,31450.0,30855.0,1.9283746556473913,0.5785999511042306,low_a,-0.03228412122809093,0.7080859153144027,1.21849704777242,0.9892262536889056,089860
1d_MA20,1D,20,10,2026-06-15,881.0,912.1,-3.409713847165885,-0.939451534075475,low_a,0.02260119037241045,-0.9021749448369488,2.217619047618947,0.9988138168580882,090080
1w_MA10,1W,10,10,2026-06-21,881.0,956.7,-7.912616285146868,-1.2591598720198105,low_a,-0.09289547368278606,0.9778988183915908,0.584826256641752,0.9208903248973067,090080
1w_MA20,1W,20,10,2026-06-21,881.0,948.8,-7.145868465430016,-0.8930903013526947,low_a,-0.07407323038538527,0.6411902211629771,0.4808981432046052,0.9299772769373658,090080
1M_MA10,1M,10,10,2026-06-30,881.0,947.3,-6.998838805024798,-2.990271377368159,low_a,0.05219132653287632,-2.367077962391523,2.5196587245418334,0.9766595132929169,090080
1M_MA20,1M,20,10,2026-06-30,881.0,1023.3,-13.905990423140812,-1.0730858468677607,low_a,0.07189190107674535,-1.4012980718138561,1.0828743114671844,0.9947898151321584,090080
1d_MA20,1D,20,10,2026-06-15,7850.0,7825.5,0.31307903648329916,-0.3945777381785809,low_a,0.046803532550074016,-0.9603704749061667,1.1399548787366145,0.9941907897675922,090350
1w_MA10,1W,10,10,2026-06-21,7850.0,8215.0,-4.443091905051732,-1.7344497607655551,low_a,-0.07768461536005611,-0.0045404706694469575,-0.0032470826991380345,0.9887185006225335,090350
1w_MA20,1W,20,10,2026-06-21,7850.0,8447.0,-7.067597963774119,-0.5825928323427321,low_a,-0.019905521037873148,-0.03957164382719278,-0.11044295966347442,0.9640550141518909,090350
1M_MA10,1M,10,10,2026-06-30,7850.0,8403.0,-6.580982982268235,-3.0012697679787648,low_a,-0.18085878249541368,1.7409070774421942,0.5347656250000039,0.9020890218752119,090350
1M_MA20,1M,20,10,2026-06-30,7850.0,8357.5,-6.072390068800482,-0.9833540667022134,low_a,0.03532837559200005,-0.9284792631947546,1.4600779238850152,0.9948152659547095,090350
1d_MA20,1D,20,10,2026-06-15,10900.0,11593.5,-5.981800146633887,-0.8085215605749485,low_a,0.04691557627522812,-1.2331642093287964,1.4602639076323607,0.9975011047778781,090355
1w_MA10,1W,10,10,2026-06-21,10900.0,12332.0,-11.612066169315604,-2.920569944107687,low_a,-0.15279760714664425,0.7394183917044239,0.268844521234617,0.9928629787618264,090355
1w_MA20,1W,20,10,2026-06-21,10900.0,12625.5,-13.666785473842625,-1.3208800656532071,low_a,-0.046158003413020385,0.05800076954483695,0.06980945310568216,0.9938104185743,090355
1M_MA10,1M,10,10,2026-06-30,10900.0,12873.0,-15.326652683912068,-3.1886891780100735,low_a,-0.20586328547833313,1.5249744908537526,0.41153916712529814,0.9681940820920937,090355
1M_MA20,1M,20,10,2026-06-30,10900.0,13013.5,-16.240826833672728,-1.368046081552221,low_a,-0.0062258885094556935,-0.4797734922486278,-4.281169324220972,0.9867512911897646,090355
1d_MA20,1D,20,10,2026-06-15,1180.0,1223.0,-3.515944399018811,-1.940346375881974,low_a,0.005804883186204601,-1.0541667866145086,10.088888888886526,0.9994406584171897,090370
1w_MA10,1W,10,10,2026-06-21,1180.0,1325.0,-10.943396226415093,-3.9576688895331946,low_a,-0.022211539402790328,-1.2081853805403338,-3.021916167664921,0.9825407148396945,090370
1w_MA20,1W,20,10,2026-06-21,1180.0,1430.9,-17.53441889719757,-3.5749182923952905,low_a,-0.08038977002284836,-0.5182688352785375,-0.35816389402341126,0.9923706093623558,090370
1M_MA10,1M,10,10,2026-06-30,1180.0,1489.4,-20.773465825164507,-1.1022576361221725,low_a,-0.18929568456518112,2.604213208427671,0.7642990483995803,0.985747483074498,090370
1M_MA20,1M,20,10,2026-06-30,1180.0,1430.25,-17.496941094214304,-2.581480093995847,low_a,-0.027419156596767136,-0.873453023215148,-1.7697542149096768,0.9826142674406334,090370
1d_MA20,1D,20,10,2026-06-15,112500.0,114195.0,-1.4843031656377237,-1.1341500367949453,low_a,0.042644354754775654,-1.1732224933471709,1.5284327265117523,0.9985622371603435,090430
1w_MA10,1W,10,10,2026-06-21,112500.0,123030.0,-8.558888076079008,-3.0649227860069295,low_a,-0.049376073765396516,-1.0775292886647014,-1.2123835229098912,0.9907459357644041,090430
1w_MA20,1W,20,10,2026-06-21,112500.0,132360.0,-15.004533091568451,-1.7663648508238095,low_a,-0.10362174949829449,0.81986967354976,0.4395632713956308,0.9967682511434471,090430
1M_MA10,1M,10,10,2026-06-30,112500.0,127730.0,-11.923588820167542,-2.1000996397639304,low_r2,-0.12489972208692543,1.768836728456959,0.7867808310102281,0.7714358564646813,090430
1M_MA20,1M,20,10,2026-06-30,112500.0,124220.0,-9.434873611334726,-1.4557137757328142,low_a,0.022557044193113135,-1.1709177951360563,2.8838436482085914,0.9377416763718042,090430
1d_MA20,1D,20,10,2026-06-15,36500.0,38120.0,-4.249737670514165,-2.1058038007190527,low_a,0.018982268493851564,-1.4434793558432948,4.224642464246285,0.9995279148524444,090435
1w_MA10,1W,10,10,2026-06-21,36500.0,42215.0,-13.537841999289357,-4.4260810504867525,low_a,-0.11420781174887494,-0.6869485341640006,-0.33416109519261095,0.996582677546583,090435
1w_MA20,1W,20,10,2026-06-21,36500.0,45835.0,-20.36653212610451,-2.9536311666313764,low_a,-0.1361874920504218,0.7795400699260224,0.31800116890707264,0.997672398041641,090435
1M_MA10,1M,10,10,2026-06-30,36500.0,44375.0,-17.746478873239436,-2.397448586825035,low_a,-0.2531621939291081,3.8632638849997307,0.8477797101449305,0.9427464697789302,090435
1M_MA20,1M,20,10,2026-06-30,36500.0,41377.5,-11.787807383239679,0.07860684484217728,low_r2,-0.007122724543892457,0.2763062105532967,2.1551226551223586,0.6367388287290098,090435
1d_MA20,1D,20,10,2026-06-15,26800.0,30892.5,-13.24755199482075,-2.223453078018678,low_a,-0.03468968839017358,-0.45468186145571865,-0.7281732580037222,0.9943963604206365,090460
1w_MA10,1W,10,10,2026-06-21,26800.0,31765.0,-15.630410829529351,2.352183019171905,low_a,-0.29439444042087975,6.9870180301725675,1.318529207915673,0.9885761943032126,090460
1w_MA20,1W,20,10,2026-06-21,26800.0,26020.5,2.995714917084613,3.770687936191419,low_a,-0.09089228646243933,4.145772314245813,2.5339959317663987,0.9949161682807033,090460
1M_MA10,1M,10,10,2026-06-30,26800.0,21923.0,22.24604296857182,12.448707427164551,vertex_out,0.6828051052149985,-1.4144115071577006,0.1150817655933816,0.9837813506753821,090460
1M_MA20,1M,20,10,2026-06-30,26800.0,18338.0,46.1446177336678,6.520286950713028,low_r2,0.277968007381636,-2.2362490184807062,0.4469437247563948,0.6488968928097572,090460
1d_MA20,1D,20,10,2026-06-15,894.0,836.45,6.880267798433848,-0.6827356922346262,low_a,0.013100458181930511,-0.88627676889595,3.7584638329604942,0.9899820323023744,091810
1w_MA10,1W,10,10,2026-06-21,894.0,902.1,-0.8979048885932817,-1.2587565674255674,vertex_out,0.23021369296621924,-4.892092218481107,1.1805679215901752,0.9972614932190805,091810
1w_MA20,1W,20,10,2026-06-21,894.0,1044.65,-14.421097975398467,-5.0749659245797325,low_a,-0.030227591615334462,-1.9099407995223978,-3.510296934865967,0.9986546480694327,091810
1M_MA10,1M,10,10,2026-06-30,894.0,1266.2,-29.395040277997165,-12.331233123312323,vertex_out,0.14629918958031501,-7.186014030052023,2.728812119976866,0.9895541724838183,091810
1M_MA20,1M,20,10,2026-06-30,894.0,1766.85,-49.40147720519569,-11.249246534056667,low_a,-0.19839341392898524,-1.5767743507886698,-0.44153973314442196,0.9980011610187685,091810
1d_MA20,1D,20,10,2026-06-15,8950.0,8712.5,2.7259684361549574,0.9735179926986248,low_a,-0.09436906377204844,1.996748077792861,1.1754959128790996,0.9941206106947188,092200
1w_MA10,1W,10,10,2026-06-21,8950.0,8449.0,5.929695821990766,3.6051502145922676,pass,0.41015478193497723,-4.535263915630251,0.6143024963289261,0.9821253264105345,092200
1w_MA20,1W,20,10,2026-06-21,8950.0,8877.5,0.8166713601802211,-1.764966249861677,vertex_out,0.11659639220841546,-3.0394059394027884,1.448208493626013,0.9887319072332574,092200
1M_MA10,1M,10,10,2026-06-30,8950.0,8745.0,2.344196683819333,11.061722123444252,low_a,-0.28236050635276844,10.43011772120187,2.052167252410559,0.9837831027024296,092200
1M_MA20,1M,20,10,2026-06-30,8950.0,6528.25,37.0964653620802,8.07913579735937,low_a,-0.023556803812857265,4.4867214234554424,10.581329423265528,0.9853794275063964,092200
1d_MA20,1D,20,10,2026-06-15,4335.0,5697.75,-23.917335790443595,-7.926311962186405,low_a,-0.05759226996664145,-2.925765519133706,-2.8222976613859667,0.9996905822544098,092220
1w_MA10,1W,10,10,2026-06-21,4335.0,6910.0,-37.26483357452967,-8.63413989157742,low_a,-0.9470894636208933,8.813181573101438,0.5169746019913743,0.9730429768313874,092220
1w_MA20,1W,20,10,2026-06-21,4335.0,6578.0,-34.098510185466715,0.7273562514355625,low_a,-0.3678997106701869,6.175281216448357,0.9325127711207427,0.9967512059996497,092220
1M_MA10,1M,10,10,2026-06-30,4335.0,5203.5,-16.690688959354283,3.9348846499550616,vertex_out,0.6618068969862626,-1.7119900631178797,0.14371346006700603,0.9263532218714964,092220
1M_MA20,1M,20,10,2026-06-30,4335.0,4513.75,-3.9601218499030755,-0.23208266563519153,ma_not_rising,0.50883148316722,-5.3301977469807005,0.5819649664978911,0.8636741155667473,092220
1d_MA20,1D,20,10,2026-06-15,83100.0,83230.0,-0.15619368016340784,-0.29947292764733735,low_a,0.036591692462355205,-0.780848342873618,1.1855276587058041,0.996761201947799,092230
1w_MA10,1W,10,10,2026-06-21,83100.0,85600.0,-2.9205607476635476,0.02336994624911881,low_a,-0.06261880140909504,0.9640434886458313,0.8553017685780243,0.9760595225369159,092230
1w_MA20,1W,20,10,2026-06-21,83100.0,83595.0,-0.5921406782702365,1.0211480362537717,low_a,-0.01771812551184499,0.8745666752646349,2.742222222222116,0.9982719836698761,092230
1M_MA10,1M,10,10,2026-06-30,83100.0,77610.0,7.073830691921135,4.314516129032264,low_a,-0.009226212313381171,2.7969617482329525,16.84188034187719,0.9980988373314653,092230
1M_MA20,1M,20,10,2026-06-30,83100.0,68790.0,20.802442215438298,4.101089588377715,vertex_out,0.10141800815031989,0.8070095529297874,-0.4420700511609628,0.9988740174868921,092230
1d_MA20,1D,20,10,2026-06-15,1936.0,2018.05,-4.065806099947967,-1.1752895374745997,low_a,0.024858310341879023,-1.144915401142803,2.558758431277683,0.9976561466805537,092440
1w_MA10,1W,10,10,2026-06-21,1936.0,2146.4,-9.802459932910923,-2.653181550183681,low_a,-0.11665312723245777,0.2792878419110884,0.13300964650834918,0.9932147213169435,092440
1w_MA20,1W,20,10,2026-06-21,1936.0,2224.7,-12.977030610868878,-1.8637376210326684,low_a,-0.0887112891466092,0.31863272803331166,0.19954414364126605,0.9922172545005418,092440
1M_MA10,1M,10,10,2026-06-30,1936.0,2275.1,-14.904839347720976,-4.527906000839277,low_a,-0.11671587063256307,0.3279433600390049,0.15609767085642146,0.9337895807789649,092440
1M_MA20,1M,20,10,2026-06-30,1936.0,2370.05,-18.31395962110505,-2.467078189300409,low_a,0.03921054859637465,-1.485355752802118,2.1045296992399587,0.9969662307139722,092440
1d_MA20,1D,20,10,2026-06-15,4385.0,4735.75,-7.406429815763083,-1.3847675568743778,low_a,-0.014484417558883507,-0.5201864305477726,-1.9951955972036026,0.9977423853602508,092780
1w_MA10,1W,10,10,2026-06-21,4385.0,4850.0,-9.587628865979381,0.08254230293025522,low_a,0.0030158586546412723,0.43704553787839656,-8.050877192982703,0.9154537946357287,092780
1w_MA20,1W,20,10,2026-06-21,4385.0,4785.0,-8.359456635318708,-3.313800767831887,low_a,-0.3084288289533443,3.314513591024426,0.5970247482074902,0.8793196116424036,092780
1M_MA10,1M,10,10,2026-06-30,4385.0,4396.0,-0.2502274795268433,2.3158384731758463,low_r2,0.25362876011311203,-1.9553086546320015,0.42829629629629257,0.6970176053273005,092780
1M_MA20,1M,20,10,2026-06-30,4385.0,4435.75,-1.1441131713915365,-2.015683675723434,low_a,-0.028748808020818608,-0.7669597258435766,-1.4821092278720225,0.9641165419323844,092780
1d_MA20,1D,20,10,2026-06-15,14200.0,15823.5,-10.260056245457704,-2.696470298856224,low_a,0.05171867973127106,-2.0609088564749376,2.2138023836985523,0.9980193081165135,092790
1w_MA10,1W,10,10,2026-06-21,14200.0,16723.0,-15.087005919990437,-1.7334586907979732,low_a,-0.4328698541610966,6.933720804879129,0.8898903623785626,0.9781446736188215,092790
1w_MA20,1W,20,10,2026-06-21,14200.0,14598.0,-2.7264008768324466,2.0732091039401546,low_a,-0.21823712362705797,4.631765846858123,1.179085943531688,0.9909289296060583,092790
1M_MA10,1M,10,10,2026-06-30,14200.0,12538.0,13.255702663901747,1.440129449838179,low_r2,0.0321189860167015,-0.46711052365331696,0.8079515534491809,0.09001439179646464,092790
1M_MA20,1M,20,10,2026-06-30,14200.0,12283.5,15.60223063459112,5.059014710913434,vertex_out,0.16895547555078572,0.31583102100696264,-0.10385083866930378,0.9733405277215619,092790
1d_MA20,1D,20,10,2026-06-15,24000.0,22785.0,5.33245556287032,-0.3607740242702495,low_a,0.034851051965598547,-0.9454952293865221,1.5072002072002173,0.9903291774278642,093050
1w_MA10,1W,10,10,2026-06-21,24000.0,24095.0,-0.39427267067856375,-0.7210548001648109,low_a,-0.13823337899534557,1.7088045583700064,0.6867631194872835,0.9324177317868071,093050
1w_MA20,1W,20,10,2026-06-21,24000.0,23367.5,2.7067508291430453,2.2916301873577405,low_a,-0.029138843770678276,1.5372081672162838,2.930811339198518,0.9995186543577556,093050
1M_MA10,1M,10,10,2026-06-30,24000.0,20901.0,14.827041768336446,3.8146326925942553,vertex_out,0.1409603041148977,1.3255634631541986,-0.5224337098453707,0.9798110097064312,093050
1M_MA20,1M,20,10,2026-06-30,24000.0,18801.5,27.649389676355618,4.630067614569122,vertex_out,0.1561475587316237,0.5847352600839446,-0.20804226778030788,0.9936210408368045,093050
1d_MA20,1D,20,10,2026-06-15,718.0,757.2,-5.176967776016905,-2.050320160403585,low_a,0.03360153772035208,-1.5231066495234808,2.5182489202982583,0.9997782805557746,093240
1w_MA10,1W,10,10,2026-06-21,718.0,841.8,-14.70658113566168,-6.080553386143029,low_a,0.024391807369293084,-3.0530294389082777,6.953676865271632,0.9976013140520457,093240
1w_MA20,1W,20,10,2026-06-21,718.0,982.35,-26.909960808265897,-6.895081034972983,low_a,-0.22746301926543744,-0.9455244309283419,-0.2309348360063567,0.983449585319919,093240
1M_MA10,1M,10,10,2026-06-30,718.0,1143.1,-37.18834747616131,-19.40919345741682,low_a,-0.5294674119763825,-1.2203300937892891,-0.12804587173469195,0.9882243471782167,093240
1M_MA20,1M,20,10,2026-06-30,718.0,1565.65,-54.14045284706033,-4.367345692209024,low_r2,-0.21300827840396827,2.063363954778323,0.5381543463001971,0.7674997050009007,093240
1d_MA20,1D,20,10,2026-06-15,22400.0,13164.5,70.15458239963539,6.366905021613545,pass,0.31679092305723877,-2.471097387319537,0.4333558135427194,0.9621313334047461,093370
1w_MA10,1W,10,10,2026-06-21,22400.0,14260.0,57.082748948106584,18.144159072079535,vertex_out,0.25897152836146514,2.9013729401301713,-0.6224135393671789,0.9896876748005052,093370
1w_MA20,1W,20,10,2026-06-21,22400.0,11158.5,100.74382757539095,12.734895938573443,vertex_out,0.18369042897475082,1.5127993448341173,-0.45753286393539955,0.9824666101677673,093370
1M_MA10,1M,10,10,2026-06-30,22400.0,10125.0,121.23456790123454,29.43432406519655,vertex_out,0.7577700504717433,0.586559150529252,-0.0430033087921076,0.9765816594321901,093370
1M_MA20,1M,20,10,2026-06-30,22400.0,7497.75,198.75629355473308,16.32083155567623,vertex_out,0.5318891124233843,-2.7313527743235007,0.28528845064037217,0.9185158128811364,093370
1d_MA20,1D,20,10,2026-06-15,12210.0,12270.5,-0.4930524428507388,-0.3451636481767273,low_a,0.0097399893061662,-0.3599643571350733,2.053187042841725,0.9965610334598162,094280
1w_MA10,1W,10,10,2026-06-21,12210.0,12605.0,-3.1336771122570384,-0.15841584158415856,low_a,-0.03470215941091325,0.37245383412032124,0.5962706651288082,0.8724846721514845,094280
1w_MA20,1W,20,10,2026-06-21,12210.0,12570.5,-2.867825464380891,-0.27370091233637206,low_a,-0.009123658222001393,0.01771910465221429,0.10789473684217582,0.9713095000485842,094280
1M_MA10,1M,10,10,2026-06-30,12210.0,12610.0,-3.1720856463124503,-1.2838578362298403,low_a,-0.10204933732534147,1.1167044835430293,0.607932786244628,0.9273043610501066,094280
1M_MA20,1M,20,10,2026-06-30,12210.0,12507.0,-2.37467018469657,-0.34659973706226976,low_a,-0.010951191622028655,-0.042673544496348324,-0.21648351648331224,0.8934268495696029,094280
1d_MA20,1D,20,10,2026-06-15,6170.0,5510.0,11.978221415607981,0.7681053401609406,pass,0.13925900385696816,-1.9660660707059057,0.7843363071100223,0.9932681669295869,094800
1w_MA10,1W,10,10,2026-06-21,6170.0,6263.0,-1.4849113843206085,-3.1245166279969094,low_a,-0.2412203864916568,0.8859121903889093,0.20403476101800075,0.9343595421410692,094800
1w_MA20,1W,20,10,2026-06-21,6170.0,6485.5,-4.864698172847115,0.5893757270259758,low_a,-0.10726020803248044,1.5545833166854028,0.8051983247105255,0.964260066040517,094800
1M_MA10,1M,10,10,2026-06-30,6170.0,5953.0,3.645220897026702,4.137146855593454,vertex_out,0.13621842552371355,2.4294395216834928,-0.990826768088386,0.9852310723006995,094800
1M_MA20,1M,20,10,2026-06-30,6170.0,5135.75,20.138246604682863,2.5918897323212065,low_a,0.08781777678927433,1.1206575332969613,-0.708953860210171,0.9849663977717187,094800
1d_MA20,1D,20,10,2026-06-15,4455.0,4508.75,-1.1921264208483495,-0.32607494196971176,low_a,0.054200809882010634,-1.0677724290858976,1.0944613306315327,0.9981338331615311,095570
1w_MA10,1W,10,10,2026-06-21,4455.0,4765.5,-6.515580736543914,-2.764741889410327,low_a,-0.1079351540986512,0.08723092041483956,0.04489883102255582,0.9922278061716283,095570
1w_MA20,1W,20,10,2026-06-21,4455.0,4973.25,-10.420751017946007,-0.9411413205856034,low_a,-0.07261236267137305,0.695079621543539,0.5318038569404728,0.9707388215242829,095570
1M_MA10,1M,10,10,2026-06-30,4455.0,4751.5,-6.240134694307065,0.6034300232902856,low_a,-0.017306078928116572,2.3459982835124853,7.531066887784042,0.960506478013302,095570
1M_MA20,1M,20,10,2026-06-30,4455.0,4416.5,0.8717310087173136,-0.7472329906174524,low_r2,0.026139094199590023,0.03531586049381635,-0.07505968778700972,0.6970832907705453,095570
1d_MA20,1D,20,10,2026-06-15,1396.0,1553.2,-10.121040432655171,-5.632176924479015,low_a,-0.021071771418570456,-2.4742205910991055,-6.523262651965079,0.9996994308703055,095720
1w_MA10,1W,10,10,2026-06-21,1396.0,1873.9,-25.5029617375527,-8.056523232422341,low_a,-0.35592075755055874,0.9885567801749371,0.15430350704686968,0.9890715628557951,095720
1w_MA20,1W,20,10,2026-06-21,1396.0,2081.9,-32.94586675632836,-4.631241410902421,low_a,-0.10577484800714007,-0.6549433808079943,-0.343992395770361,0.9988959428841372,095720
1M_MA10,1M,10,10,2026-06-30,1396.0,2356.5,-40.759601103331214,-16.690235452167144,low_a,-0.4602869423321128,0.5544477422067086,0.0669205434956527,0.9960462463688944,095720
1M_MA20,1M,20,10,2026-06-30,1396.0,2871.2,-51.3792142658122,-6.589670597803988,low_a,0.026606524834489435,-2.985261324806306,6.233352623456608,0.9985795436806936,095720
1d_MA20,1D,20,10,2026-06-15,3945.0,3799.75,3.822619909204561,-0.16421439831844076,low_a,0.04376864219945304,-0.8409768807252693,1.067452300785661,0.9985575199235772,096760
1w_MA10,1W,10,10,2026-06-21,3945.0,4017.0,-1.7923823749066425,-1.0103499260719517,low_a,-0.09026477301491517,0.2274562702102748,0.13999325577474567,0.9494139955561282,096760
1w_MA20,1W,20,10,2026-06-21,3945.0,4103.25,-3.8566989581429345,0.1342199987798276,low_a,-0.04211399951517573,0.7566513039278734,0.998152254249821,0.9972345546413678,096760
1M_MA10,1M,10,10,2026-06-30,3945.0,3784.5,4.240982956797468,2.3806303259840345,low_a,-0.01801356177775322,2.102696559874919,6.484918251585045,0.9844388018093304,096760
1M_MA20,1M,20,10,2026-06-30,3945.0,3486.0,13.166953528399317,2.42397531952403,low_a,0.050638556501039225,0.7158312251627256,-0.7853383695309928,0.988083281944531,096760
1d_MA20,1D,20,10,2026-06-15,112700.0,114835.0,-1.8591892715635439,-1.6107612560510631,low_a,0.030127389351858932,-1.447249377210116,2.668759056395928,0.9984389618478072,096770
1w_MA10,1W,10,10,2026-06-21,112700.0,124330.0,-9.354138180648274,-1.7231839380286162,low_a,-0.1267642809513219,1.5211774643877989,0.6666693369649428,0.9527922943298487,096770
1w_MA20,1W,20,10,2026-06-21,112700.0,121100.0,-6.936416184971095,-0.1895656474078966,low_a,-0.087093470054419,1.53995957073178,0.9823160040774841,0.9889183727301152,096770
1M_MA10,1M,10,10,2026-06-30,112700.0,117210.0,-3.8477945567784277,2.0104438642297717,vertex_out,0.1956175159243461,-0.9415098535831867,0.2673896697321971,0.8559189171174868,096770
1M_MA20,1M,20,10,2026-06-30,112700.0,113970.0,-1.1143283320172004,-0.11393514460998899,low_a,0.03686151138607691,0.02449223900698285,-0.03691329773706261,0.8756616011534559,096770
1d_MA20,1D,20,10,2026-06-15,64300.0,66375.0,-3.126177024482113,-1.528076552184554,low_a,0.015874861423407542,-1.1205462528867514,3.9214559386973846,0.9985956799532756,096775
1w_MA10,1W,10,10,2026-06-21,64300.0,70580.0,-8.89770473221876,-1.849534139897091,low_a,-0.08375140947493864,0.43488927634172425,0.2884789104301306,0.9846425452679024,096775
1w_MA20,1W,20,10,2026-06-21,64300.0,71285.0,-9.7986953777092,-1.1029411764705843,low_a,-0.04687962299753551,0.3009220324148702,0.35661316411597166,0.9034276976166273,096775
1M_MA10,1M,10,10,2026-06-30,64300.0,71980.0,-10.66963045290359,-1.2077957727147925,low_r2,-0.007638329093537001,0.0906763834583537,0.6595129375951947,0.015534481774554632,096775
1M_MA20,1M,20,10,2026-06-30,64300.0,72475.0,-11.279751638496037,-1.981336218555585,low_a,-0.03188313514553303,-0.24639550630925344,-0.4293379298152493,0.9887714854083823,096775
1d_MA20,1D,20,10,2026-06-15,23300.0,21680.0,7.472324723247237,-0.9932640712410068,low_a,0.06329301568234498,-1.8556845955792851,1.6288304093566939,0.9959120267667488,097230
1w_MA10,1W,10,10,2026-06-21,23300.0,24995.0,-6.781356271254246,-2.0955738347042674,low_a,-0.2423575850316475,1.5559139597969036,0.35666168410563204,0.8561449711731907,097230
1w_MA20,1W,20,10,2026-06-21,23300.0,25135.0,-7.300576884821963,-0.7992106561420798,low_a,-0.16901022543541672,1.5878165950972702,0.5219331128261682,0.8977800197963338,097230
1M_MA10,1M,10,10,2026-06-30,23300.0,24305.0,-4.134951656037855,7.0752015507291155,low_a,-0.2254794843934914,10.99051910051678,2.7079376916065865,0.9956214537608509,097230
1M_MA20,1M,20,10,2026-06-30,23300.0,16122.75,44.51628909460234,13.72068418268384,low_a,0.04093438948691181,8.667428436792758,-11.763307284648828,0.9991403857880683,097230
1d_MA20,1D,20,10,2026-06-15,21700.0,21486.5,0.9936471738068109,-1.2069520437721248,low_a,-0.001866276362055631,-0.5245853443536191,-15.615924219158599,0.9973098467751558,097520
1w_MA10,1W,10,10,2026-06-21,21700.0,22555.0,-3.7907337619153214,-0.7262323943661997,vertex_out,0.1282617935659859,-2.046158600026604,0.8862770012706396,0.9672308812880342,097520
1w_MA20,1W,20,10,2026-06-21,21700.0,23837.5,-8.966963817514417,-3.5797350591566413,low_a,-0.07526322146124988,-0.6750896350185366,-0.4983174915328585,0.9993574450074689,097520
1M_MA10,1M,10,10,2026-06-30,21700.0,26130.0,-16.953693073096055,-5.735930735930738,low_a,-0.4689037363764948,4.4410626479870565,0.5261755953845614,0.9610886918627479,097520
1M_MA20,1M,20,10,2026-06-30,21700.0,25404.0,-14.580381042355539,1.5510073552926107,low_a,-0.02098660874146899,0.9442926528601403,2.499722731906346,0.9795813288412782,097520
1d_MA20,1D,20,10,2026-06-15,202000.0,205847.5,-1.8691021265742847,-0.9217255279465708,low_a,0.0394248781956895,-1.0589920333748462,1.492278313480737,0.9978994020172924,097950
1w_MA10,1W,10,10,2026-06-21,202000.0,219470.0,-7.9600856609103765,-2.824883772415321,low_a,-0.18639697179951017,1.8666928466834567,0.5563671831569608,0.9051519542938867,097950
1w_MA20,1W,20,10,2026-06-21,202000.0,217870.0,-7.2841602790655,-0.6452789748500831,low_a,-0.0805449620571514,0.8853452924937574,0.6106632659170695,0.9843635740438317,097950
1M_MA10,1M,10,10,2026-06-30,202000.0,217200.0,-6.998158379373853,-3.402268178785861,low_a,0.0191035521690715,-1.2906889121329175,3.7534872534873176,0.9859242261046921,097950
1M_MA20,1M,20,10,2026-06-30,202000.0,230825.0,-12.48781544460089,-3.6422458776873334,low_a,0.006176351629831988,-2.4453544515739867,21.99567531603431,0.9883129076359213,097950
1d_MA20,1D,20,10,2026-06-15,125500.0,126530.0,-0.8140361969493415,-0.6204838202953145,low_a,0.019175975891383635,-0.6686297466775818,1.9371163818752157,0.9979042616890128,097955
1w_MA10,1W,10,10,2026-06-21,125500.0,131550.0,-4.599011782592166,-1.372019793072421,low_a,-0.04183218399549329,0.16609471485735253,0.22058337092167868,0.8810957013034855,097955
1w_MA20,1W,20,10,2026-06-21,125500.0,133250.0,-5.816135084427765,-1.105833457028349,low_a,-0.04681461257047671,0.13916491778556422,0.16514895450178246,0.9945908849560762,097955
1M_MA10,1M,10,10,2026-06-30,125500.0,135110.0,-7.112722966471763,-2.363058245411187,low_a,-0.15685929526273518,1.3543165108122956,0.47966431335939613,0.9796187702820472,097955
1M_MA20,1M,20,10,2026-06-30,125500.0,135165.0,-7.150519735138539,-0.6906432533705598,low_a,-0.01924165457624176,-0.2128151788528911,-0.6144516026405324,0.9487683937891495,097955
1d_MA20,1D,20,10,2026-06-15,16900.0,17072.5,-1.0103968370186012,-2.7595830722788595,low_a,0.0673186766590007,-2.31670027023317,1.9118850363096251,0.9992465017164309,100090
1w_MA10,1W,10,10,2026-06-21,16900.0,19587.0,-13.718282534333992,-10.667700446957951,low_a,-0.6335351496127675,4.2152475331739785,0.36964076681901925,0.9819375479108527,100090
1w_MA20,1W,20,10,2026-06-21,16900.0,20742.5,-18.52476798842956,-1.2990411838880833,low_a,-0.14456133305071772,1.0858011379547774,0.41727814878940467,0.9216780834221767,100090
1M_MA10,1M,10,10,2026-06-30,16900.0,20791.0,-18.714828531576167,-3.171572280178836,low_a,-0.26769814661522473,4.747677770487431,0.985288390947679,0.969904770548866,100090
1M_MA20,1M,20,10,2026-06-30,16900.0,18309.5,-7.698189464485649,1.5361153472896127,low_a,0.009289461227405132,1.9775243505050957,-11.82657004830819,0.9803140354381886,100090
1d_MA20,1D,20,10,2026-06-15,5030.0,5614.5,-10.410544126814504,-1.8358248098609975,low_a,0.06697368293786866,-2.06021229989346,1.7089733438901784,0.9970601801000621,100220
1w_MA10,1W,10,10,2026-06-21,5030.0,6163.0,-18.38390394288496,-2.4224192526915767,low_a,-0.3278333809509015,3.937096946899766,0.6671913870596851,0.9919449801244407,100220
1w_MA20,1W,20,10,2026-06-21,5030.0,5817.0,-13.529310641224,0.4619835067570577,low_a,-0.14232611883677945,2.2821173783307738,0.8908013499725317,0.9946817988432585,100220
1M_MA10,1M,10,10,2026-06-30,5030.0,5468.5,-8.01865228124714,-2.356932416748503,low_a,-0.14769765062683074,1.5573380651628301,0.5857830576908175,0.8577857961038463,100220
1M_MA20,1M,20,10,2026-06-30,5030.0,5353.75,-6.0471632033621265,-0.06533202669279925,low_a,0.07554514462037053,-0.1707374552356694,0.12555954757152848,0.8854229530803492,100220
1d_MA20,1D,20,10,2026-06-15,3000.0,2953.75,1.5658061785865485,-0.18585790318492723,low_a,0.01713267543859768,-0.4014640395631994,1.301814058956844,0.9934177479741737,100250
1w_MA10,1W,10,10,2026-06-21,3000.0,3020.5,-0.678695580201949,-0.3299785513941611,low_a,0.005779700201356197,-0.25526387749519514,2.4536439665474723,0.9409889713461146,100250
1w_MA20,1W,20,10,2026-06-21,3000.0,3048.0,-1.5748031496062964,0.11496140581375158,low_a,0.020167588943160817,-0.2796324269626864,0.7703020363536611,0.9749234572461044,100250
1M_MA10,1M,10,10,2026-06-30,3000.0,3060.9,-1.9896108987552674,-1.050623908967474,low_a,-0.0755709016792547,0.8396308673193636,0.6172502677485618,0.9498042234530399,100250
1M_MA20,1M,20,10,2026-06-30,3000.0,3037.75,-1.242696074397165,-0.31993437243642564,low_a,-0.0036112738459494536,-0.06852485196754655,-1.0541809851084158,0.8938262420415699,100250
1d_MA20,1D,20,10,2026-06-15,36650.0,38270.0,-4.233080742095641,-3.7958773252890876,low_a,0.08808763146099946,-3.462545342671286,2.183775712411716,0.9973356310236184,100840
1w_MA10,1W,10,10,2026-06-21,36650.0,45810.0,-19.99563414101725,-8.772279199442401,low_a,-0.5030791081549598,3.7313770115333407,0.4120598917797052,0.9796620281713992,100840
1w_MA20,1W,20,10,2026-06-21,36650.0,47210.0,-22.368142342723996,-1.2343096234309625,low_a,-0.18762177703947253,2.23813740080922,0.6627213997949931,0.9827015430936519,100840
1M_MA10,1M,10,10,2026-06-30,36650.0,45275.0,-19.05024848150193,-7.356251278903214,low_a,-0.3639214772902958,4.814505458320203,0.7349731800766293,0.898585516969715,100840
1M_MA20,1M,20,10,2026-06-30,36650.0,40755.0,-10.072383756594283,6.383534110338163,low_a,-0.004322133796833379,4.934944853466159,63.43246550377704,0.996425395699821,100840
1d_MA20,1D,20,10,2026-06-15,7100.0,6894.0,2.9881055990716554,0.14526438117372642,low_a,0.05799418248734962,-1.014592105596754,0.9719290051377798,0.9903880114522464,101140
1w_MA10,1W,10,10,2026-06-21,7100.0,7592.0,-6.480505795574287,-4.3587805492567355,low_a,-0.02014758791490159,-2.5301049931806907,-6.976586433261131,0.9946344463775101,101140
1w_MA20,1W,20,10,2026-06-21,7100.0,8717.0,-18.549959848571753,-5.270593349271902,low_a,-0.1221915221781619,-0.9874017172921338,-0.4489317260545422,0.9973836849896809,101140
1M_MA10,1M,10,10,2026-06-30,7100.0,10074.0,-29.521540599563235,-7.37403457153365,low_a,-0.6112841018851857,5.644640175437408,0.5130038878657668,0.9094394102651575,101140
1M_MA20,1M,20,10,2026-06-30,7100.0,10056.5,-29.398896236265102,-4.401349874043447,low_a,-0.15949672664623155,0.5927660201108533,0.20647098065377228,0.9952442670779401,101140
1d_MA20,1D,20,10,2026-06-15,5930.0,6040.5,-1.8293187650028964,-1.1455691023647852,low_a,-0.0007316097096314671,-0.6224535409544086,-47.266666666663355,0.9975136948195865,101530
1w_MA10,1W,10,10,2026-06-21,5930.0,6327.0,-6.274695748379955,-2.2253129346314293,low_a,-0.04124942181287919,-0.15860170948727292,-0.21360799001248487,0.9308098689275519,101530
1w_MA20,1W,20,10,2026-06-21,5930.0,6520.0,-9.04907975460123,-1.6071832792575291,low_a,-0.03679092085040743,-0.10976099666180122,-0.1657428791378109,0.9924379312138099,101530
1M_MA10,1M,10,10,2026-06-30,5930.0,6494.0,-8.684939944564219,-2.6532753710088453,low_a,-0.19498770959051293,1.6018492800034905,0.4563960818543328,0.9500919688500314,101530
1M_MA20,1M,20,10,2026-06-30,5930.0,6495.5,-8.706027249634364,0.3166023166023102,low_r2,-0.07607209329942444,0.9788256208929057,0.7148377125193217,0.8183524627341228,101530
1d_MA20,1D,20,10,2026-06-15,3910.0,3938.25,-0.7173236843775799,-0.7497479838709631,low_a,0.020574681867505978,-0.7708459576387052,2.081430745814183,0.9980948959760733,102260
1w_MA10,1W,10,10,2026-06-21,3910.0,4152.0,-5.828516377649329,-1.7510648367250359,low_a,-0.05460270060418108,0.1460255108089309,0.14857375713121304,0.894770963776263,102260
1w_MA20,1W,20,10,2026-06-21,3910.0,4220.25,-7.3514602215508535,-0.9795870483341185,low_a,-0.020912933046426614,-0.03194433925276691,-0.08486067019402838,0.972821615129466,102260
1M_MA10,1M,10,10,2026-06-30,3910.0,4209.7,-7.119272157160839,-1.5482120723122605,low_a,-0.15973135758544807,2.0781975246000406,0.7228099715584828,0.95782392993552,102260
1M_MA20,1M,20,10,2026-06-30,3910.0,4098.65,-4.602735046905682,-0.8754852050255946,low_r2,0.005111470172043635,-0.1955366349326776,2.125248904818615,0.8001331679412922,102260
1d_MA20,1D,20,10,2026-06-15,9920.0,10691.0,-7.211673370124405,-1.278914077288884,low_a,-0.03338354990954444,-0.253528940953893,-0.42191262469897634,0.9952788922873498,102460
1w_MA10,1W,10,10,2026-06-21,9920.0,10704.0,-7.324364723467857,-0.13993842709207893,low_r2,0.016068298892306307,0.07639389464498128,-0.2641290958364388,0.4537808565524105,102460
1w_MA20,1W,20,10,2026-06-21,9920.0,10709.5,-7.37195947523227,-1.1810841983852405,low_r2,-0.023685713826231712,0.09668316101319122,0.22677326773265394,0.5254716385687775,102460
1M_MA10,1M,10,10,2026-06-30,9920.0,10868.0,-8.722856091277142,-1.8956490341216825,low_a,-0.014823379434042886,-0.5357977875432371,-2.008080808080862,0.9576136307507883,102460
1M_MA20,1M,20,10,2026-06-30,9920.0,11378.5,-12.818034011512946,-4.209285684219388,low_a,-0.03975319830162368,-1.0227464308951053,-1.4292999956815664,0.9948540940417901,102460
1d_MA20,1D,20,10,2026-06-15,75500.0,78835.0,-4.230354537959025,-2.123036811720158,low_a,0.03828560063643667,-1.7942702683156164,2.603633739997331,0.998888668409915,103140
1w_MA10,1W,10,10,2026-06-21,75500.0,87420.0,-13.635323724548154,-5.0917381391814125,low_a,-0.02835314616819832,-1.8579199632080914,-3.6404346495259423,0.9944891989139364,103140
1w_MA20,1W,20,10,2026-06-21,75500.0,96655.0,-21.887124308106152,-5.040035368669249,low_a,-0.19184542787210562,0.4479903600873302,0.129731282179823,0.9976216010734301,103140
1M_MA10,1M,10,10,2026-06-30,75500.0,102900.0,-26.62779397473275,-10.746812386156645,low_a,-0.857331186583535,9.865928991567884,0.63931789112026,0.9174168607273528,103140
1M_MA20,1M,20,10,2026-06-30,75500.0,91492.5,-17.479574828537856,1.3851566612183897,low_a,-0.18293621024689288,4.162430450296442,1.2640807187133025,0.9949395283078903,103140
1d_MA20,1D,20,10,2026-06-15,88000.0,93790.0,-6.173366030493654,-5.224333063864184,low_a,-0.0060772183051617575,-2.77202302411738,-25.340751538714578,0.99761636394069,103590
1w_MA10,1W,10,10,2026-06-21,88000.0,102060.0,-13.776210072506368,1.7750299162345495,low_a,-0.35227899558225567,6.028601285367403,0.95073023890611,0.9884047655668903,103590
1w_MA20,1W,20,10,2026-06-21,88000.0,89395.0,-1.5604899602886024,2.352873826425461,low_a,-0.25378235468629645,5.18670717488031,1.1354232998612062,0.9903724092654249,103590
1M_MA10,1M,10,10,2026-06-30,88000.0,73160.0,20.2843083652269,16.219221604447974,vertex_out,0.55066379769767,4.411464235197257,-0.44506529651038396,0.995450456032821,103590
1M_MA20,1M,20,10,2026-06-30,88000.0,52040.0,69.10069177555727,14.7456038807122,vertex_out,0.44982214732007453,3.267017381211602,-0.4034949517363766,0.99577548116306,103590
1d_MA20,1D,20,10,2026-06-15,8880.0,8847.0,0.3730077992539771,-0.9571788413098248,low_a,0.05664152652704056,-1.389463242942157,1.3628234816168645,0.9993805864787948,104700
1w_MA10,1W,10,10,2026-06-21,8880.0,9431.0,-5.842434524440677,-2.2086271256739898,low_a,-0.1346315437646232,0.9555403535405661,0.3943026553235386,0.977344035192296,104700
1w_MA20,1W,20,10,2026-06-21,8880.0,9499.0,-6.516475418465106,-0.8662074723439828,low_a,-0.05922016012379953,0.2120574907592495,0.1989351545861936,0.967895471091806,104700
1M_MA10,1M,10,10,2026-06-30,8880.0,9684.0,-8.30235439900867,-1.705237515225333,low_a,-0.1936915327416632,2.8623410889901555,0.8209907120743067,0.9827667544595259,104700
1M_MA20,1M,20,10,2026-06-30,8880.0,9193.0,-3.404764494724244,0.09799651567943268,low_r2,0.03007902781256041,-0.12370441915171616,0.22848038086460662,0.36846792577150855,104700
1d_MA20,1D,20,10,2026-06-15,169600.0,156380.0,8.453766466300028,0.7343468178304668,low_r2,0.005448015618683702,-0.04062663075645904,0.41428571428560357,0.03669817110487095,105560
1w_MA10,1W,10,10,2026-06-21,169600.0,161050.0,5.308910276311707,1.7050836754025855,low_a,0.09373071101583923,-0.47546682478082175,0.2818161018160931,0.9561404132588639,105560
1w_MA20,1W,20,10,2026-06-21,169600.0,158150.0,7.239962061334171,1.9336126329358772,low_a,-0.0028621682219788606,1.1040638169112227,21.430214424951846,0.9990223993059868,105560
1M_MA10,1M,10,10,2026-06-30,169600.0,139840.0,21.281464530892457,7.793108764356749,low_a,0.0539137787605793,3.6511702324658923,-3.762355289421193,0.9958786747985762,105560
1M_MA20,1M,20,10,2026-06-30,169600.0,117550.0,44.27903019991493,6.766575840145328,low_a,0.0821616274201862,2.3528001393692275,-1.59090226128763,0.9993977020355549,105560
1d_MA20,1D,20,10,2026-06-15,8950.0,9046.5,-1.0667108826618033,-1.6791653081186797,low_a,0.049877173976040044,-1.6900838605266861,1.88249534450654,0.9994583789531197,105630
1w_MA10,1W,10,10,2026-06-21,8950.0,10141.0,-11.744403904940338,-4.600188146754469,low_a,-0.07666353879428126,-1.6327600500566313,-1.183207729468644,0.9944531627639941,105630
1w_MA20,1W,20,10,2026-06-21,8950.0,11431.0,-21.70413787070248,-4.283022817667992,low_a,-0.10056813918520965,-0.6805897431399721,-0.3759693834636917,0.9986037592405725,105630
1M_MA10,1M,10,10,2026-06-30,8950.0,11605.0,-22.878069797501077,-1.7108494960616616,low_r2,-0.024052867738819393,0.9421093588679943,2.1760153256706305,0.6093351318053579,105630
1M_MA20,1M,20,10,2026-06-30,8950.0,11641.5,-23.119872868616586,-5.511139969968748,low_a,0.06863292039646127,-3.45070292706307,2.793203568532033,0.9989541040073984,105630
1d_MA20,1D,20,10,2026-06-15,18860.0,19701.5,-4.271248382102888,-2.262185290834673,low_a,0.09266699011215765,-2.816322646688733,1.6884369403939203,0.9974348215130868,105840
1w_MA10,1W,10,10,2026-06-21,18860.0,22699.0,-16.912639323318214,-4.00490569229468,low_a,-0.2678602156696548,0.7881544767086597,0.16346720138218795,0.952973959346357,105840
1w_MA20,1W,20,10,2026-06-21,18860.0,24172.0,-21.97583981466159,-2.818317050617136,low_a,-0.2237619565834278,2.464855657898189,0.6119736684896775,0.9773026357899858,105840
1M_MA10,1M,10,10,2026-06-30,18860.0,20325.0,-7.20787207872079,8.963705570149582,low_a,0.07582847229671343,8.335501328950496,-6.106985847636384,0.9885058786002425,105840
1M_MA20,1M,20,10,2026-06-30,18860.0,14502.5,30.04654369936217,8.726618435356293,vertex_out,0.21709386419127172,3.8977044965893963,-0.997444766603942,0.9928544273075494,105840
1d_MA20,1D,20,10,2026-06-15,56800.0,57195.0,-0.690619809423898,-0.2963479473546582,low_a,0.03743377102050233,-0.6892525810977784,1.0229215229215196,0.9972614948016454,107590
1w_MA10,1W,10,10,2026-06-21,56800.0,59660.0,-4.793831713040564,-2.5004085634907636,low_a,-0.021679243023116867,-1.0384716732542723,-2.661203192142354,0.9987869429559946,107590
1w_MA20,1W,20,10,2026-06-21,56800.0,63270.0,-10.22601548917338,-1.6477537696253708,low_a,-0.03290385268519761,-0.3677996704637147,-0.6210006840613598,0.9966927528719899,107590
1M_MA10,1M,10,10,2026-06-30,56800.0,65580.0,-13.38822811832876,-4.804761213528819,low_a,-0.11576096827142747,-0.21972095716865717,-0.10544763079453338,0.9885960720004462,107590
1M_MA20,1M,20,10,2026-06-30,56800.0,70240.0,-19.13439635535308,-3.1573142148076605,low_a,-0.05469348209960474,-0.6951044361386066,-0.7060606060605995,0.9968581457333769,107590
1d_MA20,1D,20,10,2026-06-15,50000.0,53530.0,-6.5944330282084795,-2.3709648002918082,low_a,-0.018256011148560895,-0.9269586231118235,-2.8208627210467996,0.9987625082499834,108320
1w_MA10,1W,10,10,2026-06-21,50000.0,57140.0,-12.495624781239068,-0.06995452955579351,low_a,-0.10710058594385044,1.781148454283152,0.9239229742076053,0.9791146196134305,108320
1w_MA20,1W,20,10,2026-06-21,50000.0,55160.0,-9.35460478607687,-0.5140229055821122,low_a,-0.09935556452303133,1.462930786273534,0.818010878010884,0.9840267301990439,108320
1M_MA10,1M,10,10,2026-06-30,50000.0,53945.0,-7.313003985540833,-1.1362595070099846,low_a,0.0027640530599914535,-0.6494296222952137,13.053086419750842,0.9151868821290661,108320
1M_MA20,1M,20,10,2026-06-30,50000.0,55427.5,-9.792070723016554,-2.0585766665194183,low_a,0.0819209702675468,-2.3486288395423855,1.5927470041973697,0.9951639370471513,108320
1d_MA20,1D,20,10,2026-06-15,34700.0,34110.0,1.7296980357666358,-1.3662979830839306,low_a,0.03200515144709946,-1.3628240069683848,2.365633074935458,0.9948932206785367,108670
1w_MA10,1W,10,10,2026-06-21,34700.0,35020.0,-0.913763563677894,2.6227106227106223,low_a,-0.027742374329366538,2.0624307891602904,4.130125523012474,0.9730605321327107,108670
1w_MA20,1W,20,10,2026-06-21,34700.0,32530.0,6.670765447279425,1.4818281079394868,low_a,-0.027409202004480153,1.3362441784313448,2.708425720620984,0.9780740739120022,108670
1M_MA10,1M,10,10,2026-06-30,34700.0,30845.0,12.49797373966608,2.9367595528116075,pass,0.15491257961137428,-1.1731268508376822,0.4207128568830668,0.8881844260778778,108670
1M_MA20,1M,20,10,2026-06-30,34700.0,30852.5,12.470626367393244,-1.82960782753957,low_a,0.06010322277091954,-2.2910247917625433,2.1176760451438232,0.9894652100640421,108670
1d_MA20,1D,20,10,2026-06-15,17060.0,16677.0,2.2965761228038506,-0.9326363312344044,low_a,0.021612481997660412,-1.0145818074877024,2.6080140160505723,0.9914758488880085,108675
1w_MA10,1W,10,10,2026-06-21,17060.0,17032.0,0.16439643024894757,1.1521558379855135,low_a,0.020660740561568473,0.4972595886909335,-1.3371027346637692,0.9238558014144715,108675
1w_MA20,1W,20,10,2026-06-21,17060.0,16638.0,2.5363625435749437,0.021040608374156555,low_r2,-0.011254730296942225,0.19697376054374022,0.9723011043496559,0.6361322002887456,108675
1M_MA10,1M,10,10,2026-06-30,17060.0,16748.0,1.862909004060187,-1.4939418891895095,low_a,0.04654174679903685,-1.4853899197809959,1.7730675766506265,0.9787016199523129,108675
1M_MA20,1M,20,10,2026-06-30,17060.0,17898.0,-4.682087384065259,-3.2618976839715708,low_a,-0.05616690455002615,-1.0672104023028757,-1.0555943445627642,0.9962359908255245,108675
1d_MA20,1D,20,10,2026-06-15,1490.0,1545.05,-3.5629914889485748,-1.7018704669805373,low_a,-0.12009087540295416,0.7472021581667561,0.34566515457545804,0.9374590673796308,109070
1w_MA10,1W,10,10,2026-06-21,1490.0,1630.5,-8.616988653787184,2.2064815395223425,low_a,-0.3969908487892986,7.533312013308391,1.054224134760383,0.9975830630124711,109070
1w_MA20,1W,20,10,2026-06-21,1490.0,1319.85,12.891616471568756,5.3393990183167706,low_a,-0.04224149617867477,3.727540837500625,4.902421098140774,0.9990100514849496,109070
1M_MA10,1M,10,10,2026-06-30,1490.0,1106.0,34.719710669077756,11.402095084609186,pass,0.9031339432765356,-7.237337729433204,0.4451989888046221,0.932952390594238,109070
1M_MA20,1M,20,10,2026-06-30,1490.0,1066.75,39.67658776658074,2.3457737695481207,pass,0.2792419217977214,-2.956422783750963,0.5881842853357955,0.9052807403190846,109070
1d_MA20,1D,20,10,2026-06-15,6730.0,6892.0,-2.3505513639001774,-1.0765035165781534,low_a,0.01864364875514696,-0.9566452453536066,2.85067364083053,0.9978007982222463,111110
1w_MA10,1W,10,10,2026-06-21,6730.0,7296.0,-7.75767543859649,-1.657905378083302,low_a,-0.06010669718376586,-0.005643490731401543,-0.0052161785216227365,0.9822379459102919,111110
1w_MA20,1W,20,10,2026-06-21,6730.0,7501.5,-10.28460974471772,-1.4710711236619156,low_a,-0.022887559394566714,-0.3071653057050401,-0.7455901658910196,0.9990708523247486,111110
1M_MA10,1M,10,10,2026-06-30,6730.0,7622.0,-11.702965101023356,-2.056026728347471,low_a,-0.13350767470186237,0.6191016932512305,0.25762218232595335,0.9537914570809306,111110
1M_MA20,1M,20,10,2026-06-30,6730.0,7776.0,-13.451646090534975,-1.401128510746208,low_a,-0.05917002620116003,0.7809811144257501,0.7332739644700181,0.8755985285796052,111110
1d_MA20,1D,20,10,2026-06-15,13160.0,13324.5,-1.2345679012345734,-0.09746954076851333,low_a,0.02621223427347358,-0.5611893109433391,1.1894134477825682,0.990870220533362,111380
1w_MA10,1W,10,10,2026-06-21,13160.0,13819.0,-4.76879658441276,-1.0383844170724688,low_a,0.045262657287734875,-1.1819716073513304,1.4507563901929776,0.9899705979596988,111380
1w_MA20,1W,20,10,2026-06-21,13160.0,14355.5,-8.327818606109162,-0.6058298137506024,low_a,-0.02649875377148246,0.20595566050113046,0.43179317931794103,0.9293465116416266,111380
1M_MA10,1M,10,10,2026-06-30,13160.0,13955.0,-5.696882837692585,-1.6768829704783994,vertex_out,0.11189288607002693,-2.1257357386815183,1.0554418075590766,0.9743394006491135,111380
1M_MA20,1M,20,10,2026-06-30,13160.0,14874.5,-11.526437863457595,-3.81207966890843,vertex_out,0.1323885799398111,-3.541643659656437,1.486215662872719,0.9968216225077766,111380
1d_MA20,1D,20,10,2026-06-15,82400.0,81895.0,0.6166432627144447,0.4230533415082727,low_a,0.031100531858287133,-0.46423019244243396,0.8292644757433517,0.9173835942310405,111770
1w_MA10,1W,10,10,2026-06-21,82400.0,83600.0,-1.4354066985645897,0.3721935406411303,low_a,0.08082620113636074,-1.2540936146228188,0.8619960668633067,0.9789926081470213,111770
1w_MA20,1W,20,10,2026-06-21,82400.0,85615.0,-3.755183087075864,-0.6037034887095838,low_r2,-0.0032044866324624282,-0.07581025225015367,-1.3143074581427432,0.5291592626815457,111770
1M_MA10,1M,10,10,2026-06-30,82400.0,80310.0,2.6024156393973374,5.615465544450293,low_a,-0.19168592716168475,6.319263703246218,1.8314865933782274,0.9897937506324282,111770
1M_MA20,1M,20,10,2026-06-30,82400.0,65875.0,25.08538899430739,6.395865299200509,low_a,0.012154328853215702,4.007012691763794,-18.315434681545796,0.9933585085104165,111770
1d_MA20,1D,20,10,2026-06-15,43750.0,46780.0,-6.477126977340742,-2.587328856265292,low_a,0.08403128110728537,-2.6907403475681924,1.7789277147166973,0.9998677661693393,112610
1w_MA10,1W,10,10,2026-06-21,43750.0,55240.0,-20.800144822592326,-9.627811860940694,low_a,-0.638420018902473,4.941932728847913,0.43004888653291107,0.9853854612337387,112610
1w_MA20,1W,20,10,2026-06-21,43750.0,55782.5,-21.570384977367453,0.3417727211404431,low_a,-0.15661701099320724,2.4311563813683583,0.8623855260218906,0.9938342840027352,112610
1M_MA10,1M,10,10,2026-06-30,43750.0,48540.0,-9.868149979398433,0.7053941908713668,vertex_out,0.16585983121481976,0.35482518677810554,-0.11885041864675482,0.9377767897012814,112610
1M_MA20,1M,20,10,2026-06-30,43750.0,45337.5,-3.501516404742211,-3.844114528101805,low_r2,0.03444263779489302,-0.7479285735149486,1.2063996859049573,0.6051324164794325,112610
1d_MA20,1D,20,10,2026-06-15,12350.0,11582.0,6.630979105508539,0.2249913464866804,low_r2,0.053627804231092306,-0.43214606438335074,0.44768035969752634,0.8244095816133614,114090
1w_MA10,1W,10,10,2026-06-21,12350.0,11862.0,4.113977406845382,0.824479388015309,low_a,0.0927268019750331,-1.3050403644735833,0.7818908980628494,0.9484744892380027,114090
1w_MA20,1W,20,10,2026-06-21,12350.0,12157.5,1.5833847419288505,-0.5643479327689827,low_a,0.046630198988462074,-1.3479487292600294,1.6059558427570826,0.9895532508384898,114090
1M_MA10,1M,10,10,2026-06-30,12350.0,13323.0,-7.303159948960447,-6.518383384788096,low_a,-0.4784192838322561,4.250154366813262,0.49354132457580807,0.9764008727409353,114090
1M_MA20,1M,20,10,2026-06-30,12350.0,13180.5,-6.300974925078718,-0.3628529311713313,low_r2,-0.056222143633058226,0.6119565202375628,0.6047009640815623,0.7635607963716794,114090
1d_MA20,1D,20,10,2026-06-15,7030.0,7521.5,-6.53460081100844,-1.4930259969877513,low_a,0.02072090726456183,-1.0707353125362309,2.870786224821204,0.9996838989228408,117580
1w_MA10,1W,10,10,2026-06-21,7030.0,8108.0,-13.295510606808092,-5.863230001161035,low_a,-0.2796207326063184,0.31930244696201626,0.06343959071231718,0.964944922745526,117580
1w_MA20,1W,20,10,2026-06-21,7030.0,8828.5,-20.371524041456645,-1.1698197693943757,low_a,-0.07684782645584459,0.6475113436979312,0.46810500812709654,0.9942338290481267,117580
1M_MA10,1M,10,10,2026-06-30,7030.0,8186.0,-14.121671145858784,-2.2917164000954893,low_r2,-0.011888057591694928,0.49952131993104726,2.3343750000000747,0.6271060145793039,117580
1M_MA20,1M,20,10,2026-06-30,7030.0,8168.0,-13.932419196865819,-2.547276740440252,low_a,-0.06116106642275912,0.04370827917493623,0.039702344546387956,0.9815483205339853,117580
1d_MA20,1D,20,10,2026-06-15,1536.0,1567.35,-2.0001914058761505,-3.5595619000738488,low_a,0.017241896109882082,-2.13817195758562,6.889458689459142,0.9994253660670782,118000
1w_MA10,1W,10,10,2026-06-21,1536.0,1839.7,-16.508126324944282,-7.664123669945799,low_a,0.09098969923324492,-4.997838231306801,3.051528709917932,0.9982930797373595,118000
1w_MA20,1W,20,10,2026-06-21,1536.0,2286.35,-32.81868480328908,-6.035262206148284,low_a,-0.09497430695064316,-1.5540766573908276,-0.9090626175575743,0.9991781802590463,118000
1M_MA10,1M,10,10,2026-06-30,1536.0,2641.4,-41.8490194593776,-11.865198531865195,low_a,-0.4844901338674451,2.5251282341126973,0.289551617440225,0.9755725112551634,118000
1M_MA20,1M,20,10,2026-06-30,1536.0,2908.7,-47.192904046481246,-6.45762984402638,low_a,0.02565528319246784,-3.33183812542516,7.214970760233893,0.9966098274396571,118000
1d_MA20,1D,20,10,2026-06-15,918.0,918.0,0.0,0.0,low_r2,-3.90913942682249e-16,1.1737214943856959e-14,1.6680589400490369,0.0,119650
1w_MA10,1W,10,10,2026-06-21,918.0,918.0,0.0,0.0,low_r2,-3.90913942682249e-16,1.1737214943856959e-14,1.6680589400490369,0.0,119650
1w_MA20,1W,20,10,2026-06-21,918.0,918.0,0.0,0.0,low_r2,-3.90913942682249e-16,1.1737214943856959e-14,1.6680589400490369,0.0,119650
1M_MA10,1M,10,10,2026-06-30,918.0,918.0,0.0,0.0,ma_not_rising,0.1542471562314548,-1.872403615135038,0.6743879472692991,0.8958635768267075,119650
1M_MA20,1M,20,10,2026-06-30,918.0,951.0,-3.4700315457413256,-0.7928228666805759,vertex_out,0.6554972708058281,-10.781705149170378,0.9137850698630685,0.994532589680932,119650
1d_MA20,1D,20,10,2026-06-15,90000.0,90550.0,-0.6073992269464368,-0.5873634517209236,low_a,0.013108122677608518,-0.6434122016304389,2.7269444444445496,0.9963535857875849,120030
1w_MA10,1W,10,10,2026-06-21,90000.0,95040.0,-5.303030303030298,-1.9195046439628438,low_a,-0.03910975204722607,-0.5197319393151144,-0.7382812500000345,0.9945267549299981,120030
1w_MA20,1W,20,10,2026-06-21,90000.0,98760.0,-8.869987849331718,-1.032167551858909,low_a,-0.04390248032571811,0.18729331060006102,0.23700674415268164,0.9982480386914665,120030
1M_MA10,1M,10,10,2026-06-30,90000.0,98680.0,-8.79610863396838,-2.854892695412481,low_r2,-0.09244597230304932,0.7648240631715255,0.45962224933351564,0.6313338614898865,120030
1M_MA20,1M,20,10,2026-06-30,90000.0,98935.0,-9.031182089250523,-0.44777621251761435,low_r2,-0.007827384981183651,0.19660549335088023,1.395424836601117,0.7690328779276844,120030
1d_MA20,1D,20,10,2026-06-15,72300.0,71715.0,0.8157289270027235,-1.8611016079370546,low_a,0.08798157301610847,-2.3542239006551995,1.4865637453324498,0.9964740038015136,120110
1w_MA10,1W,10,10,2026-06-21,72300.0,80120.0,-9.760359460808788,-2.7551887364971495,low_a,-0.41766143461058564,4.6711104338222915,0.6213313313313328,0.9869546917602501,120110
1w_MA20,1W,20,10,2026-06-21,72300.0,75275.0,-3.9521753570242457,2.996510911951833,low_a,-0.1371089408572444,3.692417272742696,1.4961408909411111,0.9995274252630584,120110
1M_MA10,1M,10,10,2026-06-30,72300.0,58905.0,22.74000509294627,12.639831723874174,vertex_out,0.5450359523080561,1.854367638944392,-0.1890158327162464,0.9925625600283228,120110
1M_MA20,1M,20,10,2026-06-30,72300.0,46027.5,57.0800065178426,8.966619318181813,vertex_out,0.486453925197557,-1.0744999742705212,0.12271345737581633,0.9911794208002682,120110
1d_MA20,1D,20,10,2026-06-15,25750.0,25777.5,-0.10668218407525742,-0.9224560392043779,low_a,0.05211426732862984,-1.448606693907685,1.5442632850241769,0.9949721205182726,120115
1w_MA10,1W,10,10,2026-06-21,25750.0,27615.0,-6.753575955096869,-2.2131728045325816,low_a,-0.13876842325527,0.9353058283003994,0.37444710897948763,0.9888006844103501,120115
1w_MA20,1W,20,10,2026-06-21,25750.0,27875.0,-7.623318385650224,-0.30400572246065405,low_a,-0.07768989806811481,1.077432255093373,0.7704650024473878,0.9948126612546495,120115
1M_MA10,1M,10,10,2026-06-30,25750.0,26055.0,-1.1706006524659363,2.29681978798586,low_a,-0.055246406340601274,3.112472649104424,3.1298895009826273,0.9871133590970217,120115
1M_MA20,1M,20,10,2026-06-30,25750.0,23350.5,10.276011220316473,1.9761551227181373,low_a,0.07142676824534118,0.4133371131952541,-0.32149253731341365,0.9889554888747087,120115
1d_MA20,1D,20,10,2026-06-15,7700.0,7371.5,4.456352167130162,0.4017978752383522,low_a,0.028221950360181797,-0.36481043785878886,0.7181377009402385,0.8539513238416776,122900
1w_MA10,1W,10,10,2026-06-21,7700.0,7521.0,2.380002659220848,0.8312106180453194,low_a,0.05263593531646166,-0.7191434887740652,0.7590330788804027,0.9617311082836474,122900
1w_MA20,1W,20,10,2026-06-21,7700.0,7611.5,1.1627143138671636,-0.08532423208190698,low_a,0.013518447253388076,-0.36906347749721047,1.5167072181669448,0.9844940151269265,122900
1M_MA10,1M,10,10,2026-06-30,7700.0,7753.0,-0.6836063459306096,-2.046746683512324,low_a,-0.09196368374059394,0.412821085175281,0.2493865382410348,0.9723763194815273,122900
1M_MA20,1M,20,10,2026-06-30,7700.0,7917.0,-2.7409372236958496,-1.1178417535752216,low_a,-0.019722585745690108,-0.3701038797450008,-1.042526924087184,0.995880277860985,122900
1d_MA20,1D,20,10,2026-06-15,6990.0,7254.0,-3.639371381306866,-1.9994596055120217,low_a,0.02360518798034981,-1.4873542435256697,3.5005351948803725,0.9991456581460494,123690
1w_MA10,1W,10,10,2026-06-21,6990.0,7921.0,-11.753566468880194,-2.66650282624723,low_a,-0.03907631699357383,-0.8029169050907883,-1.14152249134947,0.9863777615879179,123690
1w_MA20,1W,20,10,2026-06-21,6990.0,8460.0,-17.375886524822693,-4.0272263187748125,low_a,-0.1359180523384598,-0.14715300496428074,-0.06014776405199245,0.9923843445197448,123690
1M_MA10,1M,10,10,2026-06-30,6990.0,9412.0,-25.733106672333193,-6.562096694132835,low_a,-0.6016764405402558,7.1667591765813015,0.6617398667468869,0.9808891444640898,123690
1M_MA20,1M,20,10,2026-06-30,6990.0,8499.5,-17.759868227542796,-0.08816268954978668,low_a,-0.18988368257717025,2.552022115435437,0.7466624013648974,0.9475935690470976,123690
1d_MA20,1D,20,10,2026-06-15,3350.0,3454.5,-3.025039803155305,-1.14465588782372,low_a,0.013518747873917256,-0.8696246643153965,3.5737393582188397,0.9984855816463599,123700
1w_MA10,1W,10,10,2026-06-21,3350.0,3585.0,-6.5550906555090656,-1.6595803044849866,low_a,-0.08214763980691561,0.4642296854204815,0.31395348837209636,0.9204971691324448,123700
1w_MA20,1W,20,10,2026-06-21,3350.0,3633.75,-7.808737530099763,-1.2232415902140636,low_a,-0.06003260869120877,0.23603288989927973,0.21843026004728713,0.9720381109725179,123700
1M_MA10,1M,10,10,2026-06-30,3350.0,3640.0,-7.9670329670329725,-0.260309631456368,low_a,-0.18338717916225164,3.2375974962233918,0.9808020843639755,0.9929133364864428,123700
1M_MA20,1M,20,10,2026-06-30,3350.0,3383.5,-0.990099009900991,0.30386126139478886,low_a,0.01890722048324845,0.11597751407072424,-0.3407796101949481,0.9616604679824986,123700
1d_MA20,1D,20,10,2026-06-15,2310.0,2305.0,0.2169197396963085,-0.3781739600216105,low_a,0.06860667975917405,-1.2114601371810987,0.9810027418723133,0.9943693226640679,123890
1w_MA10,1W,10,10,2026-06-21,2310.0,2456.0,-5.944625407166127,-2.384737678855331,low_a,-0.051628548659371054,-1.1941976080914685,-1.2850315045335878,0.9895854396495258,123890
1w_MA20,1W,20,10,2026-06-21,2310.0,2632.25,-12.242378193560643,-0.8475374329032892,low_a,-0.053024545673470216,0.3452423904091024,0.36172177539471284,0.9807443795611667,123890
1M_MA10,1M,10,10,2026-06-30,2310.0,2485.0,-7.042253521126762,-1.2713547874453668,low_r2,0.07247070343055778,-0.40155671672283827,0.3078306878306842,0.31750190422000124,123890
1M_MA20,1M,20,10,2026-06-30,2310.0,2525.25,-8.523908523908519,-2.462340672074159,low_a,0.03715579503914757,-1.2409748070773279,1.8555125725338542,0.9680838043185458,123890
1d_MA20,1D,20,10,2026-06-15,3040.0,2982.75,1.9193697091610007,-0.32581453634085156,low_a,0.04792370995245991,-0.9116251798544805,1.0568013906997047,0.9957025202222638,126560
1w_MA10,1W,10,10,2026-06-21,3040.0,3165.5,-3.964618543673981,-1.5855743820923363,low_a,-0.04716922451721495,-0.3179286363613238,-0.37445394112059943,0.9927948959915088,126560
1w_MA20,1W,20,10,2026-06-21,3040.0,3266.25,-6.92690394182931,-0.37364648467287376,low_a,-0.03510548348228125,0.23955244684357777,0.37909944398870965,0.9250719865129066,126560
1M_MA10,1M,10,10,2026-06-30,3040.0,3198.0,-4.940587867417134,-2.007047648230431,low_r2,0.031866421594518454,-0.3291455104143836,0.573828524657235,0.05535784968526747,126560
1M_MA20,1M,20,10,2026-06-30,3040.0,3274.0,-7.1472205253512495,-3.5498600677566605,low_a,-0.02161087459209463,-0.9459887488111132,-2.4318742985409374,0.9774889371519134,126560
1d_MA20,1D,20,10,2026-06-15,24750.0,26255.0,-5.732241477813749,-2.2251187040312814,low_a,0.06858421939828806,-2.276389144028475,1.843952802359871,0.9978948548445463,126720
1w_MA10,1W,10,10,2026-06-21,24750.0,28930.0,-14.448669201520914,-2.707247351605857,low_a,-0.30529631429678694,2.9777541264987955,0.5418695773859519,0.9612448928185102,126720
1w_MA20,1W,20,10,2026-06-21,24750.0,28375.0,-12.77533039647577,-0.39491004826678333,low_a,-0.19611468498525372,2.906896620829023,0.8234684553319738,0.9929753540958213,126720
1M_MA10,1M,10,10,2026-06-30,24750.0,24900.0,-0.6024096385542133,2.3848684210526327,low_a,0.08809665297310829,0.7760302203000353,-0.48938056738465313,0.9638615281458853,126720
1M_MA20,1M,20,10,2026-06-30,24750.0,23456.5,5.5144629420416535,1.7790119974833596,pass,0.1598238148442992,-0.9348082800196809,0.3249440227979839,0.9103372426843747,126720
1d_MA20,1D,20,10,2026-06-15,5270.0,5828.5,-9.58222527236854,-4.25462012320329,low_a,-0.027975828883841862,-1.082240701609581,-2.149158249158469,0.9942637802675194,128820
1w_MA10,1W,10,10,2026-06-21,5270.0,6334.0,-16.798231765077364,-4.880612704610298,low_a,-0.019183745558800803,-2.0812113324279564,-6.027126008690706,0.9990679027918883,128820
1w_MA20,1W,20,10,2026-06-21,5270.0,7114.0,-25.92071970761878,-2.139074214182546,low_a,-0.009897501778480635,-0.710702007550942,-3.989233419466213,0.9341921338051242,128820
1M_MA10,1M,10,10,2026-06-30,5270.0,6044.5,-12.813301348333194,4.26045709357481,low_a,-0.052347962683164107,6.536883612210145,6.937427591525719,0.9702003943140134,128820
1M_MA20,1M,20,10,2026-06-30,5270.0,4850.1,8.657553452506118,4.128558546953509,low_a,0.0928622788707224,2.4521623534137458,-1.467024539059316,0.9751016214304292,128820
1d_MA20,1D,20,10,2026-06-15,420500.0,455375.0,-7.65852319516882,-0.6869854424513377,low_a,-0.07524343634607361,0.6592992056999999,0.48678975108918343,0.9317836968105923,128940
1w_MA10,1W,10,10,2026-06-21,420500.0,466950.0,-9.947531855659065,-3.6222910216718307,low_a,0.08957273803955046,-2.4706392929966365,1.5323606434717623,0.9836101953346027,128940
1w_MA20,1W,20,10,2026-06-21,420500.0,507700.0,-17.175497340949374,-1.1487538940810005,low_r2,-0.03557907407366164,0.41981075577914445,0.6555207062786764,0.7144386503223618,128940
1M_MA10,1M,10,10,2026-06-30,420500.0,466400.0,-9.841337907375646,7.5893886966551305,low_a,-0.06610045980124786,6.46913914630451,5.437127371273666,0.9935763282941378,128940
1M_MA20,1M,20,10,2026-06-30,420500.0,368775.0,14.026167717442895,3.792569659442724,low_a,0.033703207374053155,2.50642772413209,-4.13153511262567,0.9840977918021564,128940
1d_MA20,1D,20,10,2026-06-15,2115.0,2058.65,2.737230709445515,-1.1048927533446995,low_a,0.05456771598415921,-1.5729786391184206,1.6014542774451819,0.9982038048173923,129260
1w_MA10,1W,10,10,2026-06-21,2115.0,2253.6,-6.1501597444089455,-3.262362637362637,low_a,-0.12439131726011676,-0.13779696073476666,-0.06154277385356994,0.9934981611007146,129260
1w_MA20,1W,20,10,2026-06-21,2115.0,2382.05,-11.21093176045843,-1.458238530591982,low_a,-0.04531379267688326,-0.09985123956814672,-0.12241948332762712,0.9970450425265308,129260
1M_MA10,1M,10,10,2026-06-30,2115.0,2430.5,-12.980868134128777,-5.593319091085647,low_a,-0.2285852347034008,1.4962437567611695,0.3636483925186862,0.9587913485661389,129260
1M_MA20,1M,20,10,2026-06-30,2115.0,2476.25,-14.588591620393743,-0.6419901695255303,low_a,-0.032718351216294045,0.5166427346520321,0.877256129368801,0.9436246626067957,129260
1d_MA20,1D,20,10,2026-06-15,13870.0,14024.0,-1.0981175128351395,-1.9951780285824117,vertex_out,0.10611009822491481,-2.912355889136746,1.5248082143278572,0.9978149003988398,130660
1w_MA10,1W,10,10,2026-06-21,13870.0,16569.0,-16.289456213410592,-5.492813141683783,low_a,-0.0766626875081265,-2.2612159654570108,-1.6386473429951134,0.9917018044743944,130660
1w_MA20,1W,20,10,2026-06-21,13870.0,18736.0,-25.97139197267293,0.4180512380748125,low_a,-0.17449707861844493,2.8893312423099444,0.9198916315472638,0.9994057234202475,130660
1M_MA10,1M,10,10,2026-06-30,13870.0,14922.0,-7.049993298485457,1.919267809575853,vertex_out,0.17916381777203538,1.5913637629811965,-0.4934539743727153,0.9234963736761158,130660
1M_MA20,1M,20,10,2026-06-30,13870.0,13287.0,4.387747422292465,0.7201334141904159,low_a,-0.027174237010682528,2.021869679962599,4.133550954424175,0.9695106141718491,130660
1d_MA20,1D,20,10,2026-06-15,1080.0,1154.15,-6.424641511068763,-2.240386244282555,low_a,0.07864177073650325,-2.4228615623151284,1.7116021023944112,0.9996166564044847,133820
1w_MA10,1W,10,10,2026-06-21,1080.0,1335.2,-19.11324146195327,-4.778205676793612,low_a,-0.23040101929196022,1.6618661525471055,0.40071826785945897,0.9669497595710719,133820
1w_MA20,1W,20,10,2026-06-21,1080.0,1368.6,-21.087242437527397,-5.333056650757428,low_a,-0.17199173103832852,0.06368602314941073,0.020571409891798887,0.9983162766892986,133820
1M_MA10,1M,10,10,2026-06-30,1080.0,1593.8,-32.23742000250972,-5.1648220873497515,low_a,-0.4834757339838398,8.090099231329093,0.9296225760755215,0.9703335832279,133820
1M_MA20,1M,20,10,2026-06-30,1080.0,1331.4,-18.8823794502028,2.093397745571668,low_a,-0.08776293469973702,2.625396902148513,1.6619246376811534,0.9818873580836798,133820
1d_MA20,1D,20,10,2026-06-15,10330.0,10716.5,-3.606587971819153,-2.1815526447902855,low_a,-0.006829753803987143,-1.064424681676415,-8.658394758396172,0.998578562204593,134380
1w_MA10,1W,10,10,2026-06-21,10330.0,11616.0,-11.070936639118456,-2.8031127102334574,low_a,-0.22619708254107174,2.0686982675949808,0.5080864891888537,0.9200466168669476,134380
1w_MA20,1W,20,10,2026-06-21,10330.0,11493.5,-10.123113063905686,0.5115872321818982,low_a,-0.10910116470186455,1.8149691601060558,0.9242029659484357,0.9958552975293246,134380
1M_MA10,1M,10,10,2026-06-30,10330.0,10089.0,2.388740212112195,4.21444065695693,vertex_out,0.2021427386771849,1.077071567677004,-0.2960151312234236,0.9842680090866206,134380
1M_MA20,1M,20,10,2026-06-30,10330.0,9002.0,14.752277271717396,2.5343128879776744,low_a,0.0804577012271809,0.9178250219236538,-0.6337526205450745,0.9906615451964195,134380
1d_MA20,1D,20,10,2026-06-15,19290.0,18633.5,3.5232243003193275,0.314939434724093,low_a,0.04041849773790086,-0.6071837466984573,0.8345790234678924,0.9754899571420161,134790
1w_MA10,1W,10,10,2026-06-21,19290.0,18974.0,1.6654369136713365,-0.2733102070850424,low_a,0.03887466947709349,-0.875760241897293,1.2515436768083734,0.9887914511955277,134790
1w_MA20,1W,20,10,2026-06-21,19290.0,19437.5,-0.7588424437299013,-0.6998901632225607,low_a,0.028074645743650616,-0.8401723170364831,1.6625762711864853,0.9963188822695319,134790
1M_MA10,1M,10,10,2026-06-30,19290.0,20983.0,-8.06843635323834,-7.973334502872687,low_a,-0.3437802687203406,0.5318570334436047,0.08594912407007754,0.9914869014689938,134790
1M_MA20,1M,20,10,2026-06-30,19290.0,23631.5,-18.371664938747013,-3.9974812618065902,low_a,-0.06530069704203467,-0.8476281604006647,-0.7211324762012864,0.9995312213813433,134790
1d_MA20,1D,20,10,2026-06-15,9580.0,10021.5,-4.405528114553714,-1.348624304769408,low_a,0.007291604834588885,-0.7482945339345263,5.701340033501971,0.990358614975053,136490
1w_MA10,1W,10,10,2026-06-21,9580.0,10449.0,-8.3165853191693,-1.2288496077133892,low_a,0.06655482072641128,-1.271591892607577,1.0614406779661008,0.9006997567066777,136490
1w_MA20,1W,20,10,2026-06-21,9580.0,10927.5,-12.331274307938688,-0.9292837715321856,low_a,-0.07106932904296215,0.9723584282975253,0.7601016276731731,0.9476472602281938,136490
1M_MA10,1M,10,10,2026-06-30,9580.0,10400.0,-7.88461538461539,-4.630903255387442,low_a,-0.5715030736778037,7.507812251935558,0.7298310365662799,0.9367557087350677,136490
1M_MA20,1M,20,10,2026-06-30,9580.0,9234.0,3.747021875676837,3.1789485446114263,low_a,0.027926884476767302,1.681394423638104,-3.344834307992269,0.9925534263149407,136490
1d_MA20,1D,20,10,2026-06-15,7140.0,7615.5,-6.243844790230446,-1.2448939894962097,low_a,0.0006288421043266602,-0.6028854371584497,53.26239316235884,0.9979384442982656,137310
1w_MA10,1W,10,10,2026-06-21,7140.0,7973.0,-10.447761194029848,-1.7013931697694495,low_r2,-0.030380953971229786,-0.05273762544319444,-0.09643765903309033,0.7774602324801457,137310
1w_MA20,1W,20,10,2026-06-21,7140.0,8103.0,-11.884487226952977,-1.8947878200859636,low_a,-0.01882683972351975,-0.47019184662684216,-1.3874749899959964,0.995596195091647,137310
1M_MA10,1M,10,10,2026-06-30,7140.0,8630.0,-17.265353418308226,-5.600525049223359,low_a,-0.13570982989035205,-0.6660949411605638,-0.27267939646537726,0.9873445167037033,137310
1M_MA20,1M,20,10,2026-06-30,7140.0,9507.5,-24.901393636602688,-1.721108124870785,low_a,0.010609126739266901,-0.9926892985528365,5.198298298297872,0.991513801864591,137310
1d_MA20,1D,20,10,2026-06-15,111300.0,106810.0,4.203726242861161,0.16880802775953718,low_a,0.02796094787613436,-0.43949526252577004,0.8732323232322943,0.9779647346765233,138040
1w_MA10,1W,10,10,2026-06-21,111300.0,110170.0,1.0256875737496562,-0.6940688660537209,vertex_out,0.13275610738044075,-2.148837115117193,0.8992417907119309,0.9733808665024647,138040
1w_MA20,1W,20,10,2026-06-21,111300.0,115735.0,-3.8320300686914055,-0.163899072676299,low_r2,-0.0061307615916526385,0.0639920720587946,0.579881481481511,0.30949899956949767,138040
1M_MA10,1M,10,10,2026-06-30,111300.0,112670.0,-1.2159403567941762,-2.4333217873224844,low_r2,-0.03932587512699665,0.03140166209056911,0.044361041608754835,0.8427623817499429,138040
1M_MA20,1M,20,10,2026-06-30,111300.0,114015.0,-2.3812656229443507,0.6355090692440113,low_a,-0.07395586828256498,1.9960367302210946,1.499420289855077,0.9839871722385124,138040
1d_MA20,1D,20,10,2026-06-15,18020.0,17157.0,5.030016902721912,0.2922780148477244,low_a,0.03244463996108432,-0.5359292557577069,0.9176815516463438,0.9738116295567422,138930
1w_MA10,1W,10,10,2026-06-21,18020.0,17933.0,0.48513912898009437,-0.20034503867771836,low_a,0.0986892101166207,-1.745609819216975,0.9826638917793846,0.9879037677348702,138930
1w_MA20,1W,20,10,2026-06-21,18020.0,18636.5,-3.3080245754299353,0.8605060208361603,low_a,-0.022330968183490917,0.7440379328435675,1.8510366578772188,0.99176117242774,138930
1M_MA10,1M,10,10,2026-06-30,18020.0,16732.0,7.697824527850816,3.622964018083863,low_a,0.022315345640258992,3.721111483997303,-9.263957597173416,0.9803630326768034,138930
1M_MA20,1M,20,10,2026-06-30,18020.0,14232.0,26.616076447442396,6.098106455941554,low_a,0.040116322265966516,3.0714956816447265,-4.25359652484962,0.9979879917458647,138930
1d_MA20,1D,20,10,2026-06-15,18110.0,17808.0,1.6958670260557085,-0.4722649154673797,low_a,0.015179261964851507,-0.5898558820486225,2.1588514185211274,0.991724144995348,139130
1w_MA10,1W,10,10,2026-06-21,18110.0,18392.0,-1.5332753371030905,0.5906803762852686,low_r2,0.06335729163698715,-0.364239861625335,0.3193878296442349,0.5973753772078692,139130
1w_MA20,1W,20,10,2026-06-21,18110.0,18280.5,-0.9326878367659552,1.6430358632193443,low_a,-0.03064363025823417,1.2839098007011027,2.3276720695324906,0.9983113114451178,139130
1M_MA10,1M,10,10,2026-06-30,18110.0,16199.0,11.797024507685649,5.106410589151311,low_a,-0.05247760514061962,4.812919269026141,5.095209720761821,0.9953076521802786,139130
1M_MA20,1M,20,10,2026-06-30,18110.0,13405.0,35.09884371503171,7.709613916676705,vertex_out,0.1535867479681632,2.3004951968689813,-0.8321374754378938,0.998762486026831,139130
1d_MA20,1D,20,10,2026-06-15,90200.0,90390.0,-0.21020024338975762,-2.4761288234342094,low_a,-0.029619341990527372,-0.8169972034255268,-1.5324018183171069,0.995865953439242,139480
1w_MA10,1W,10,10,2026-06-21,90200.0,97380.0,-7.373177243787222,-0.5920783993466738,low_r2,-0.07618989133144542,0.42039252420967105,0.306538568643835,0.7086617438549484,139480
1w_MA20,1W,20,10,2026-06-21,90200.0,98730.0,-8.639724501164793,0.03039513677811634,low_a,-0.10557206425281841,1.6178406123953253,0.8513619076986366,0.9951125448395732,139480
1M_MA10,1M,10,10,2026-06-30,90200.0,88190.0,2.279169973919948,1.7890120036934354,low_a,0.006764961097386406,1.1360685206110832,-9.329679343774918,0.984580315668638,139480
1M_MA20,1M,20,10,2026-06-30,90200.0,83025.0,8.64197530864197,3.2199912973208233,vertex_out,0.12235020710933238,0.8307270449508164,-0.3772082090226991,0.9816101031975419,139480
1d_MA20,1D,20,10,2026-06-15,2140.0,2675.25,-20.007475936828335,-4.5491035590045525,low_a,-0.010345644138960641,-2.0698696270024906,-11.115089163239524,0.9997709970280191,139990
1w_MA10,1W,10,10,2026-06-21,2140.0,2997.5,-28.607172643869895,-6.137466729293884,low_a,-0.3232246955108953,2.641479930511468,0.45401507702392824,0.922557749230857,139990
1w_MA20,1W,20,10,2026-06-21,2140.0,3052.5,-29.89352989352989,-3.218135700697522,low_a,-0.13019481797780155,0.7104133185868797,0.3031411480208778,0.9743841559407468,139990
1M_MA10,1M,10,10,2026-06-30,2140.0,3161.5,-32.31061205124149,-8.162672476397969,low_a,-0.1055182727847598,-1.1958279649525105,-0.629605519390206,0.9912549673473718,139990
1M_MA20,1M,20,10,2026-06-30,2140.0,3560.25,-39.89186152657819,-7.01273261508325,low_a,0.0841222394231881,-3.9787235443674094,2.627607139621289,0.9986480207718252,139990
1d_MA20,1D,20,10,2026-06-05,680.0,2546.9,-73.30087557422749,-8.741064550226628,low_a,-0.38704920275888016,1.2476448412098098,0.17908214716725337,0.9897465141420325,140910
1w_MA10,1W,10,10,2026-06-07,680.0,2681.8,-74.6438958908196,-14.319488817891369,low_r2,-0.38258705375637225,2.3643474544983865,0.34332744684211286,0.8150993483362331,140910
1w_MA20,1W,20,10,2026-06-07,680.0,2905.9,-76.59933239271827,-7.159744408945679,low_r2,-0.1892820431092479,1.1697429706876346,0.34332744684211625,0.815099348336233,140910
1M_MA10,1M,10,10,2026-06-30,680.0,2681.8,-74.6438958908196,-14.319488817891369,low_r2,-0.38258705375637225,2.3643474544983865,0.34332744684211286,0.8150993483362331,140910
1M_MA20,1M,20,10,2026-06-30,680.0,2905.9,-76.59933239271827,-7.159744408945679,low_r2,-0.1892820431092479,1.1697429706876346,0.34332744684211625,0.815099348336233,140910
1d_MA20,1D,20,10,2026-06-15,1199.0,1199.0,0.0,0.0,low_r2,1.132729031536753e-16,4.493229073586609e-15,-2.203738321095365,0.0,143210
1w_MA10,1W,10,10,2026-06-21,1199.0,1199.0,0.0,0.0,low_a,-0.04573001819945285,0.99233818129371,1.2055516514406568,0.9170311596538989,143210
1w_MA20,1W,20,10,2026-06-21,1199.0,1170.7,2.4173571367557933,0.27408993576016893,low_a,0.08535996911793067,-1.102177829247886,0.7173397818394966,0.987905855385335,143210
1M_MA10,1M,10,10,2026-06-30,1199.0,1293.4,-7.298592856038355,-6.788699913519736,low_a,0.05429664081445741,-3.8662511097032093,3.9558934971839546,0.9985152042625348,143210
1M_MA20,1M,20,10,2026-06-30,1199.0,1534.7,-21.87398188571057,-5.077931716971795,vertex_out,0.13351282818574375,-4.465016073518298,1.8579222079221998,0.9986801625500915,143210
1d_MA20,1D,20,10,2026-06-15,224.0,224.0,0.0,0.0,low_r2,7.531503804241018e-16,1.5031756861691807e-15,-0.11088059239339108,0.0,145210
1w_MA10,1W,10,10,2026-06-21,224.0,224.0,0.0,0.0,ma_not_rising,0.6319954050438712,-8.573409714402299,0.7536455738249448,0.9881269937333905,145210
1w_MA20,1W,20,10,2026-06-21,224.0,266.95,-16.089155272522937,-10.102710894089917,vertex_out,0.3117431646389091,-9.808865869979305,1.7480318883906454,0.9990088883342968,145210
1M_MA10,1M,10,10,2026-06-30,224.0,487.2,-54.02298850574713,-19.391131700860353,low_a,-0.20210010869994452,-5.7156408663441765,-1.571179776836383,0.9951750623526264,145210
1M_MA20,1M,20,10,2026-06-30,224.0,799.65,-71.98774463827924,-23.770257387988558,low_a,-0.036611069494925305,-9.000643915215518,-13.658048780488075,0.9974970043695447,145210
1d_MA20,1D,20,10,2026-06-15,770.0,785.75,-2.0044543429844075,-0.914249684741486,low_a,0.026444274301655083,-0.9558211506974038,2.008040547190254,0.9985124413719616,145270
1w_MA10,1W,10,10,2026-06-21,770.0,831.3,-7.373992541801988,-3.471899674872281,low_a,-0.13417273513846822,0.23391996658605418,0.0968568888888911,0.996896660772627,145270
1w_MA20,1W,20,10,2026-06-21,770.0,869.9,-11.484078629727556,-1.695106791727874,low_a,-0.04150160680422777,-0.296064427658115,-0.39632257701185225,0.998441400684437,145270
1M_MA10,1M,10,10,2026-06-30,770.0,896.1,-14.072090168507978,-4.0578158458244085,low_a,-0.09967359016930272,0.2683805199645588,0.14958856063671616,0.9602610431710289,145270
1M_MA20,1M,20,10,2026-06-30,770.0,928.85,-17.10179253916133,-2.559664306320475,low_a,-0.06567352462104216,-0.08358626753471299,-0.07070857787063885,0.998239679491219,145270
1d_MA20,1D,20,10,2026-06-15,46500.0,46885.0,-0.8211581529273704,-1.569306670865478,low_a,-0.0012108962538444914,-0.7161396689925302,-32.85627240148446,0.9996637368041821,145720
1w_MA10,1W,10,10,2026-06-21,46500.0,50125.0,-7.231920199501252,-2.0230648944487895,low_a,-0.15956118700074254,1.033281115966431,0.3597648495953616,0.9686387535706422,145720
1w_MA20,1W,20,10,2026-06-21,46500.0,50527.5,-7.970906931868782,-0.384444773029724,low_a,-0.056627604531171674,0.7588851533483162,0.7445182724252586,0.9481459309352833,145720
1M_MA10,1M,10,10,2026-06-30,46500.0,50780.0,-8.428515163450179,-5.367126351099516,low_a,0.06575240516763957,-3.433013452494084,2.9006234691604877,0.9882251824231506,145720
1M_MA20,1M,20,10,2026-06-30,46500.0,57785.0,-19.529289608029764,-5.48740595354923,vertex_out,0.3342303042717851,-7.23988674134625,1.2034095201245516,0.9989155374220128,145720
1d_MA20,1D,20,10,2026-06-15,44200.0,43447.5,1.7319753725761,-0.24108834165662563,low_a,0.03214315035920123,-0.6630267023089718,1.1459616242749096,0.9968550923214967,145990
1w_MA10,1W,10,10,2026-06-21,44200.0,45395.0,-2.6324485075448822,-0.8084780946137848,low_a,0.027317019869229624,-0.8831202280580862,1.7960317460317288,0.9942943966988158,145990
1w_MA20,1W,20,10,2026-06-21,44200.0,46747.5,-5.449489277501474,-0.7115170180003183,low_a,0.007888509071785642,-0.45468091379213527,3.202132435465638,0.9977875359959041,145990
1M_MA10,1M,10,10,2026-06-30,44200.0,47990.0,-7.897478641383627,-2.9524772497472207,low_a,-0.19983948265444113,1.7178046639206592,0.47755123848603387,0.9226098894826119,145990
1M_MA20,1M,20,10,2026-06-30,44200.0,48190.0,-8.27972608424985,-1.2550586547820264,low_a,-0.035868820480203976,0.04294600724592642,0.06651708251062033,0.9878313986576721,145990
1d_MA20,1D,20,10,2026-06-15,31650.0,31372.5,0.8845326320822355,-0.17500596611248476,low_a,0.0212600595066376,-0.462990871151715,1.2098609157680669,0.9982705942351613,145995
1w_MA10,1W,10,10,2026-06-21,31650.0,32190.0,-1.6775396085740968,-0.7859454461396242,low_a,0.03452155274893314,-1.382658812702653,2.225113657028495,0.9916677518963003,145995
1w_MA20,1W,20,10,2026-06-21,31650.0,33902.5,-6.644052798466193,-1.6178177597214183,low_a,-0.008968485227692512,-0.7001936115513583,-4.337370704037498,0.999391987885628,145995
1M_MA10,1M,10,10,2026-06-30,31650.0,34965.0,-9.480909480909483,-2.1684387241186376,low_a,-0.2883192452549717,3.568644680958027,0.6876337292561735,0.9708715483567576,145995
1M_MA20,1M,20,10,2026-06-30,31650.0,33372.5,-5.161435313506635,0.0749681385411094,low_a,-0.09183670857236262,1.648726364192557,0.9973779607926152,0.9965000820207216,145995
1d_MA20,1D,20,10,2026-06-15,4290.0,4219.25,1.6768383006458443,0.3388822829964333,low_a,0.05486770192652563,-0.7915758896150985,0.8014995483288073,0.9887894164916039,155660
1w_MA10,1W,10,10,2026-06-21,4290.0,4355.0,-1.4925373134328401,-0.14903129657227732,low_a,-0.10833036850219777,1.4254873024527943,0.7310391363022881,0.9883256470668621,155660
1w_MA20,1W,20,10,2026-06-21,4290.0,4236.0,1.2747875354107707,0.995410383262807,low_a,-0.020659866043443702,0.776142151605485,2.0870904163587514,0.9990696753708688,155660
1M_MA10,1M,10,10,2026-06-30,4290.0,4024.5,6.597092806559823,1.8473997216247096,low_a,0.08530557487981208,-0.2417153404519133,0.1574179652856924,0.9915429784408557,155660
1M_MA20,1M,20,10,2026-06-30,4290.0,3941.5,8.841811493086382,0.9346991037131991,low_a,0.08155090157576708,-0.8610393888198193,0.5865725660513781,0.9450218132269699,155660
1d_MA20,1D,20,10,2026-06-15,11220.0,12371.0,-9.30401746018915,-2.444602160712872,low_a,0.030815777357398013,-1.8383235713301822,3.314181761882534,0.9978987957108671,161000
1w_MA10,1W,10,10,2026-06-21,11220.0,13631.0,-17.68762379869415,-3.1820441792741017,low_a,-0.4130194466178767,5.76330463480337,0.775226429274265,0.9767402670435567,161000
1w_MA20,1W,20,10,2026-06-21,11220.0,12293.0,-8.728544700235908,1.4315772102809543,low_a,-0.10165153617609113,2.6376739718228777,1.4415664375716044,0.9952629160839283,161000
1M_MA10,1M,10,10,2026-06-30,11220.0,11393.0,-1.518476257351009,1.3882708908071528,low_a,-0.08719298003385204,2.865689875172749,1.8258923253149801,0.9671462608275904,161000
1M_MA20,1M,20,10,2026-06-30,11220.0,10255.5,9.404709667983035,1.0244791410136456,pass,0.21926045269518354,-2.3488013910356575,0.5951322482675604,0.8968990478698223,161000
1d_MA20,1D,20,10,2026-06-15,73500.0,66510.0,10.509697789806038,1.8841911764705843,low_a,0.0240277214966285,0.5186327600685082,-1.1991536991537075,0.9932539190100964,161390
1w_MA10,1W,10,10,2026-06-21,73500.0,64920.0,13.216266173752311,4.5915901401643255,pass,0.35060411027450455,-2.637515612502605,0.4179319090820396,0.9487956742807239,161390
1w_MA20,1W,20,10,2026-06-21,73500.0,64200.0,14.485981308411212,1.16608887488181,low_a,0.051460340828951255,-0.10805466413873946,0.11665365599792854,0.9833969182576957,161390
1M_MA10,1M,10,10,2026-06-30,73500.0,59450.0,23.633305298570217,10.337787676317745,low_a,0.09822744360493033,3.6362656810182163,-2.056602031394288,0.9949644920171395,161390
1M_MA20,1M,20,10,2026-06-30,73500.0,49655.0,48.02134729634477,6.836641385616704,vertex_out,0.20889726330689468,-0.19478269715883995,0.05180183206790593,0.9851176144349953,161390
1d_MA20,1D,20,10,2026-06-15,87000.0,86820.0,0.20732550103663705,-1.4081308198955256,low_a,-0.044916478622547315,-0.18286909624405998,-0.2261841210027819,0.9932583359093962,161890
1w_MA10,1W,10,10,2026-06-21,87000.0,89140.0,-2.40071797172986,2.107674684994265,low_a,-0.12929056484686563,2.939121063016371,1.262926677552279,0.9900043128286867,161890
1w_MA20,1W,20,10,2026-06-21,87000.0,81760.0,6.409001956947158,2.302302302302306,low_a,-0.0558436362371245,2.161573727041852,2.1504228121926894,0.9973040927776867,161890
1M_MA10,1M,10,10,2026-06-30,87000.0,76700.0,13.428943937418513,-0.3637308391790106,low_r2,-0.1764696434999817,1.5740465448967365,0.4955358243926525,0.7442178975277238,161890
1M_MA20,1M,20,10,2026-06-30,87000.0,74680.0,16.49705409748259,1.8548827059465367,low_a,-0.012700392346870521,1.0408606547877857,4.553055555555608,0.9680632954956985,161890
1d_MA20,1D,20,10,2026-06-15,6550.0,6583.0,-0.5012912046179596,-0.821092278719393,low_a,0.03810036645473249,-1.181412372501728,1.7226611395594063,0.9943212834815005,163560
1w_MA10,1W,10,10,2026-06-21,6550.0,6996.0,-6.375071469411086,-2.304147465437789,low_a,-0.13089359513744053,1.038478910694628,0.4407646742057112,0.9512685766520839,163560
1w_MA20,1W,20,10,2026-06-21,6550.0,7041.0,-6.97344127254651,-0.9286618826509052,low_a,-0.07675050372019929,0.6984802706654512,0.5055922450083067,0.988570892035978,163560
1M_MA10,1M,10,10,2026-06-30,6550.0,6884.0,-4.851830331202789,-1.361226536753113,low_a,-0.002756078612439676,-0.31111263866318434,-6.271241830068199,0.8981403875860953,163560
1M_MA20,1M,20,10,2026-06-30,6550.0,7028.5,-6.8079960162196755,-1.554730723440012,low_a,0.024598472835278887,-1.0426112116198851,2.354733380314621,0.9885457768867452,163560
1d_MA20,1D,20,10,2026-06-15,36400.0,39075.0,-6.845809341010877,-1.3755678950025274,low_a,-7.029778140158407e-05,-0.7428366560751251,-587.0555555591801,0.9986681066035856,170900
1w_MA10,1W,10,10,2026-06-21,36400.0,41590.0,-12.47896128877134,-3.5817781384026914,low_a,-0.03322212839243161,-0.8996314530763738,-1.504404672106907,0.9902813064338372,170900
1w_MA20,1W,20,10,2026-06-21,36400.0,44442.7,-18.096785298822972,-3.1076063756728556,low_a,-0.030510093838559762,-0.78546002233811,-1.4302370926346735,0.9970332860136136,170900
1M_MA10,1M,10,10,2026-06-30,36400.0,45848.5,-20.608089686685492,-2.334879837084558,low_r2,-0.1324128080948152,1.540331760598695,0.6462666862155177,0.6346414587530288,170900
1M_MA20,1M,20,10,2026-06-30,36400.0,46397.9,-21.548173516473813,-6.26791015453364,low_a,-0.11609479314352521,-0.6962862754591697,-0.33319815481320014,0.979743723490898,170900
1d_MA20,1D,20,10,2026-06-15,27550.0,25232.5,9.184583374616073,0.7687699680511084,low_a,0.05360596483809891,-0.5699097070765016,0.5906367041198438,0.9703393794473215,175330
1w_MA10,1W,10,10,2026-06-21,27550.0,26705.0,3.164201460400684,-2.1615680527569126,low_a,0.0904076855580059,-2.762961144756666,1.697840625251772,0.9960980836679105,175330
1w_MA20,1W,20,10,2026-06-21,27550.0,29072.5,-5.2369077306733125,0.832393999826575,low_r2,0.0016115834037177617,0.13662938317796197,-4.709977324260091,0.7337858608379052,175330
1M_MA10,1M,10,10,2026-06-30,27550.0,26050.0,5.758157389635321,1.8971249755525221,low_a,-0.06608045319821539,4.025518687197289,3.3843582518371083,0.9734543556636596,175330
1M_MA20,1M,20,10,2026-06-30,27550.0,22698.5,21.37365905236028,4.183687520080781,low_a,0.007698902178163961,3.054156385700256,-22.03890253890583,0.9948169481691455,175330
1d_MA20,1D,20,10,2026-06-15,23550.0,24507.5,-3.906967254921967,-2.302172613115405,low_a,0.018167719161442112,-1.6237734432476854,4.9653803504094824,0.9924927411015382,178920
1w_MA10,1W,10,10,2026-06-21,23550.0,25630.0,-8.115489660554044,1.124482146379946,low_a,-0.2587477048844044,4.3181630570189204,0.9271500503524724,0.975174081758857,178920
1w_MA20,1W,20,10,2026-06-21,23550.0,23271.0,1.1989171071290494,3.325637154782002,low_a,-0.0734100584777297,3.016187974250369,2.2826027120016423,0.9964221067938022,178920
1M_MA10,1M,10,10,2026-06-30,23550.0,19939.0,18.11023622047243,7.296991874293712,vertex_out,0.3907402833134951,-1.9186489361089263,0.2727940069493358,0.9769945770522693,178920
1M_MA20,1M,20,10,2026-06-30,23550.0,18580.5,26.745781868087516,1.752416417951319,vertex_out,0.159935647336569,-2.561457869040961,0.8897529557451116,0.935874803027293,178920
1d_MA20,1D,20,10,2026-06-15,128100.0,114695.0,11.687519072322239,0.5567245309486157,low_r2,0.013314336438103251,0.0035948708382999932,-0.015000000000050553,0.8029972031563092,180640
1w_MA10,1W,10,10,2026-06-21,128100.0,116800.0,9.674657534246567,1.866387580673301,pass,0.2507069616947872,-3.2592416015403387,0.722233545647556,0.9693509568801612,180640
1w_MA20,1W,20,10,2026-06-21,128100.0,121610.0,5.336732176630221,0.21012731243046368,low_r2,0.004586597565236443,-0.24130461676993092,2.9228228228222286,0.8355729084867409,180640
1M_MA10,1M,10,10,2026-06-30,128100.0,115950.0,10.478654592496772,1.5057340453471069,low_a,-0.2770676309944848,4.337157087412078,0.8696547144754327,0.9134635152299616,180640
1M_MA20,1M,20,10,2026-06-30,128100.0,106175.0,20.649870496821276,3.4642369908399973,low_a,-0.05808869862758378,3.2419362180537927,3.1005612438377117,0.9913272151912604,180640
1d_MA20,1D,20,10,2026-06-15,38850.0,42631.25,-8.869667204222253,0.44767767207609666,low_a,-0.07376588556300848,1.1766002920393157,0.8861370319378726,0.9904958426005167,181710
1w_MA10,1W,10,10,2026-06-21,38850.0,41685.0,-6.801007556675065,0.9933373712901261,vertex_out,0.10247887001356396,-0.011850008095921787,0.006424092918077939,0.9259136706583452,181710
1w_MA20,1W,20,10,2026-06-21,38850.0,39802.5,-2.3930657622008633,1.927016645326507,low_a,0.031654008114409216,1.2985770798742877,-2.2791164658635066,0.9906266791871263,181710
1M_MA10,1M,10,10,2026-06-30,38850.0,35650.0,8.976157082748948,10.903717529942458,vertex_out,0.13707311065036112,3.8972499224407957,-1.5795503841181253,0.998124256933985,181710
1M_MA20,1M,20,10,2026-06-30,38850.0,28649.5,35.6044608108344,10.804068688118807,vertex_out,0.3634780623091312,-0.05901872831767244,0.00902067711883563,0.9975074333974769,181710
1d_MA20,1D,20,10,2026-06-15,10260.0,9936.0,3.2608695652173836,-0.7739551605332795,low_a,0.04125374214575403,-1.258471395119726,1.6947572237115787,0.9963840307635222,183190
1w_MA10,1W,10,10,2026-06-21,10260.0,10754.0,-4.59363957597173,-1.4389148565667642,low_a,0.014721888570390113,-1.5201695855219952,5.73661901178859,0.988054761319033,183190
1w_MA20,1W,20,10,2026-06-21,10260.0,11494.0,-10.736036192796238,-1.798453586227522,low_a,-0.04194748753147085,-0.3148684276282343,-0.41701402046229846,0.9980854763077318,183190
1M_MA10,1M,10,10,2026-06-30,10260.0,11598.0,-11.536471805483705,-6.293932293770698,low_a,-0.34944884096542983,3.340921436931628,0.5311413996492929,0.8846623317664666,183190
1M_MA20,1M,20,10,2026-06-30,10260.0,11530.5,-11.018602835956814,-0.5862827089709866,low_a,-0.0862022936880749,1.1435994747376068,0.7370256803373015,0.9418346204669483,183190
1d_MA20,1D,20,10,2026-06-15,71700.0,76120.0,-5.806621124540201,-1.303079416531605,low_a,-0.004990808233183669,-0.6403906158531967,-7.128556092325299,0.9992225761169862,185750
1w_MA10,1W,10,10,2026-06-21,71700.0,80550.0,-10.986964618249539,-3.9355992844364973,low_a,-0.08132025031683753,-0.4470810560144733,-0.3054323658433918,0.9880432186927468,185750
1w_MA20,1W,20,10,2026-06-21,71700.0,85145.0,-15.790709965353223,-1.6971656179645578,low_a,-0.05033848879547663,0.13551129889059738,0.14955565163089626,0.9815893458412419,185750
1M_MA10,1M,10,10,2026-06-30,71700.0,84010.0,-14.65301749791691,-1.5700058582308163,low_r2,-0.03462775211622107,0.632590791528119,1.0149065623641915,0.6342645441397248,185750
1M_MA20,1M,20,10,2026-06-30,71700.0,84018.2,-14.661347184300544,-3.139949171017231,low_a,-0.05211039970097497,-0.5432535979084402,-0.5791695249421225,0.9796461320969032,185750
1d_MA20,1D,20,10,2026-06-15,69900.0,67710.0,3.234381922906504,1.8118938425682352,low_a,0.03479060964608726,0.6531629985085033,-1.043006535947651,0.9966545125388,192080
1w_MA10,1W,10,10,2026-06-21,69900.0,63830.0,9.50963496788344,7.232255354892891,vertex_out,0.2465881207795098,0.3095870595313112,-0.06974902534113483,0.9980039269887937,192080
1w_MA20,1W,20,10,2026-06-21,69900.0,57747.5,21.0442010476644,3.1159323244497994,vertex_out,0.11371421199665475,0.0559396074663263,-0.027329530019017185,0.9956914874656719,192080
1M_MA10,1M,10,10,2026-06-30,69900.0,56410.0,23.91419960999823,5.537885874649207,low_r2,0.11654248692740603,-0.41251081117539434,0.19664302600473083,0.8372190081710191,192080
1M_MA20,1M,20,10,2026-06-30,69900.0,54447.5,28.380550071169488,3.33064477866869,low_a,0.045201286648320155,0.522583900752954,-0.6422923125308563,0.9841869438944078,192080
1d_MA20,1D,20,10,2026-06-15,26050.0,25535.0,2.0168396318778203,-0.7578701904391805,low_a,0.03871994531141513,-1.0708284148537859,1.5364295329812478,0.9945025690771772,192400
1w_MA10,1W,10,10,2026-06-21,26050.0,27240.0,-4.3685756240822275,-1.2506797172376238,low_a,-0.09052707472451657,0.21126571108814923,0.12965164272742163,0.9633244387896349,192400
1w_MA20,1W,20,10,2026-06-21,26050.0,27830.0,-6.395975565936041,-0.47384890478319175,low_a,-0.012021610234080903,-0.255976582037199,-1.1829464562054217,0.9867006983240783,192400
1M_MA10,1M,10,10,2026-06-30,26050.0,28310.0,-7.983044860473331,-3.6255319148936205,low_a,-0.31526931129090136,3.5769158867584894,0.6303104747198256,0.9651277201553072,192400
1M_MA20,1M,20,10,2026-06-30,26050.0,27080.0,-3.8035450516986757,0.6878601970626619,low_a,-0.11404487168027826,2.3224127755727926,1.1313347989726235,0.9986299982458443,192400
1d_MA20,1D,20,10,2026-06-15,6320.0,5200.0,21.53846153846153,-0.592620913783215,low_a,0.0910952488195753,-2.3551011131387436,1.4362873193208123,0.9931253791045265,192650
1w_MA10,1W,10,10,2026-06-21,6320.0,6071.5,4.092893024787947,-1.2041331055243631,low_a,0.010525560201375562,-2.1056066840873413,11.11372191863724,0.9799482115293832,192650
1w_MA20,1W,20,10,2026-06-21,6320.0,6673.25,-5.293522646386695,-2.2485077086461303,low_a,-0.09306555508541232,-0.07730893833233589,-0.046149630918994225,0.9906470153339283,192650
1M_MA10,1M,10,10,2026-06-30,6320.0,6660.5,-5.112228811650777,-1.8493958149130574,low_r2,-0.017766192763537126,0.6813133689623221,2.130492628550834,0.6061775996331418,192650
1M_MA20,1M,20,10,2026-06-30,6320.0,6692.25,-5.562404273600063,-4.1224928366762175,low_a,0.02107801592714486,-1.871304686873148,4.9322180916975356,0.9782913201696684,192650
1d_MA20,1D,20,10,2026-06-15,168700.0,172445.0,-2.1717069210472895,-1.2512168585008254,low_a,0.01694243512741351,-1.3346371896741727,4.376378600823569,0.9944989831960704,192820
1w_MA10,1W,10,10,2026-06-21,168700.0,190660.0,-11.517885240742686,-1.9894103737212787,low_a,-0.2153414533902652,1.8092201178300953,0.46675745512954925,0.9209818172153519,192820
1w_MA20,1W,20,10,2026-06-21,168700.0,190790.0,-11.578174956758735,-1.5226592340249812,low_a,-0.16627037825135704,1.7617719427801966,0.5886569819152103,0.9969189365908537,192820
1M_MA10,1M,10,10,2026-06-30,168700.0,188990.0,-10.736017778718454,-6.231704291739026,low_a,-0.3528704194399297,2.6530084462848205,0.41768691850359263,0.8948318865522135,192820
1M_MA20,1M,20,10,2026-06-30,168700.0,190105.0,-11.259567081349775,1.211201618484803,low_a,-0.012456019947613625,1.1489445286916855,5.124450013923699,0.9546262671655517,192820
1d_MA20,1D,20,10,2026-06-15,11710.0,11487.0,1.9413249760598994,-1.5807736794756444,low_a,0.08571000725087076,-2.1563611993909095,1.3977112854507316,0.9968214157979391,194370
1w_MA10,1W,10,10,2026-06-21,11710.0,12705.0,-7.831562377016921,-0.8119291123428796,low_r2,-0.12099078653095847,1.1685786868388044,0.5365783628582306,0.8201912755344698,194370
1w_MA20,1W,20,10,2026-06-21,11710.0,12691.0,-7.7298873217240605,-0.09053335957488473,low_r2,-0.04523488414338016,0.3935286219342832,0.4833150704945656,0.7041007256449812,194370
1M_MA10,1M,10,10,2026-06-30,11710.0,11937.0,-1.9016503309039146,1.6174342385289808,low_a,-0.2661868705486,5.314951202157227,1.109277351576218,0.9890794110996378,194370
1M_MA20,1M,20,10,2026-06-30,11710.0,10409.0,12.498799116149485,3.4177844013909553,low_a,0.09192968339679361,1.1329562923770546,-0.6846756555387532,0.9930563590993606,194370
1d_MA20,1D,20,10,2026-06-15,85500.0,82130.0,4.103250943625958,-0.6712221080002467,low_a,-0.006510557954816947,-0.4336754993236161,-3.700617283950413,0.941168379898567,195870
1w_MA10,1W,10,10,2026-06-21,85500.0,80890.0,5.699097539868947,7.509303561935132,low_a,0.03246973754308745,3.5687714553851446,-6.106149783059745,0.9985398580958689,195870
1w_MA20,1W,20,10,2026-06-21,85500.0,69135.0,23.67107832501627,3.2559181539840276,low_a,-0.04179342905140227,2.719649557740795,3.615200894640191,0.9969528540795202,195870
1M_MA10,1M,10,10,2026-06-30,85500.0,61760.0,38.43911917098446,26.066544192692387,vertex_out,0.6318679443257061,4.1111400426561415,-0.36146266175946684,0.9977380639940167,195870
1M_MA20,1M,20,10,2026-06-30,85500.0,42964.5,99.00150123939531,15.98077987285562,vertex_out,0.6020618632731479,-2.0983096391283698,0.1936225574820478,0.987893288962982,195870
1d_MA20,1D,20,10,2026-06-15,12590.0,12975.5,-2.970983777118419,-1.1541098499276314,low_a,-0.01161489299920911,-0.6983369841309981,-3.3402373247029087,0.9907562578774125,200880
1w_MA10,1W,10,10,2026-06-21,12590.0,13560.0,-7.153392330383479,-1.1517713952471254,low_a,0.05569334421195838,-1.264520630916753,1.2613921314309875,0.9715585690724511,200880
1w_MA20,1W,20,10,2026-06-21,12590.0,14110.5,-10.775663512986789,-1.8434141421167949,low_a,-0.12076939667138988,1.0075460195934651,0.46348479340846105,0.8703527162890555,200880
1M_MA10,1M,10,10,2026-06-30,12590.0,13392.0,-5.988649940262847,1.5160703456640334,low_a,0.04266798403317327,1.0821344890055806,-1.4089857790279379,0.9479874566561978,200880
1M_MA20,1M,20,10,2026-06-30,12590.0,12728.5,-1.0881093608830605,-0.7524366471734933,vertex_out,0.1484642734590961,-2.6210505907132133,0.9808010931761858,0.9951662443259103,200880
1d_MA20,1D,20,10,2026-06-11,1001.0,1632.3,-38.67548857440421,-5.959959671611703,low_a,-0.12839046572137755,-1.4917858500177,-0.6455073684949694,0.9845385145657715,204210
1w_MA10,1W,10,10,2026-06-14,1001.0,1811.1,-44.729722268234774,-11.00245700245701,low_r2,-0.29999175988298865,1.8339258946888717,0.3396252349294512,0.8293187810613769,204210
1w_MA20,1W,20,10,2026-06-14,1001.0,1923.05,-47.94727126179767,-5.501228501228505,low_r2,-0.14871579536706425,0.9091374649066734,0.33962523492945285,0.8293187810613765,204210
1M_MA10,1M,10,10,2026-06-30,1001.0,1931.6,-48.17767653758543,-5.081081081081084,low_r2,-0.030248493610118485,-0.23426936775282095,-0.4302681992336656,0.5622455268079282,204210
1M_MA20,1M,20,10,2026-06-30,1001.0,2063.8,-51.49723810446749,-5.254217835418329,ma_not_rising,0.957457899449291,-13.571622506107545,0.7874800850781619,0.9282271420962519,204210
1d_MA20,1D,20,10,2026-06-15,70600.0,58640.0,20.395634379263306,0.807976620250983,low_r2,-0.009868758920210517,-0.31855331787034113,-1.7932758000714009,0.8336835336819379,204320
1w_MA10,1W,10,10,2026-06-21,70600.0,60050.0,17.56869275603663,6.518847006651884,vertex_out,0.24319624195219453,-1.050381027934051,0.23994820431214794,0.9823978340141146,204320
1w_MA20,1W,20,10,2026-06-21,70600.0,57457.5,22.87342818605056,0.5512534453340434,low_r2,-0.0239972020057948,0.3454801601475213,0.7998158379374011,0.5764619656408645,204320
1M_MA10,1M,10,10,2026-06-30,70600.0,54290.0,30.042365076441335,12.939463282712715,vertex_out,0.3927437017670602,0.9024678655556916,-0.1276585809432525,0.9922033674917389,204320
1M_MA20,1M,20,10,2026-06-30,70600.0,46185.0,52.86348381509147,6.891164728345767,vertex_out,0.11708950392490154,1.204171172761852,-0.5713441106529635,0.9944958235266504,204320
1d_MA20,1D,20,10,2026-06-15,1332000.0,1351250.0,-1.4246068455134098,-0.8511575008254724,low_a,0.0027772679279363657,-0.5919192502919868,11.84055829227605,0.9942814861124749,207940
1w_MA10,1W,10,10,2026-06-21,1332000.0,1423500.0,-6.427818756585879,-3.3801669721034378,low_a,-0.0014333048649335983,-1.5583187037388413,-60.40114942527267,0.9983249702788002,207940
1w_MA20,1W,20,10,2026-06-21,1332000.0,1534750.0,-13.210620622251179,-2.910011070694296,low_a,-0.08684009202678203,-0.33888328710231685,-0.21679904804402705,0.9963268802748635,207940
1M_MA10,1M,10,10,2026-06-30,1332000.0,1575832.9,-15.473271309413573,-2.164085494809187,low_a,-0.15373686741236176,1.8459268794245542,0.6670585593909278,0.8941639381226674,207940
1M_MA20,1M,20,10,2026-06-30,1332000.0,1544319.25,-13.748404029801476,-0.6995281566344325,low_a,-0.18008730411035875,2.7981247851710025,0.8632000891005782,0.9751405229494381,207940
1d_MA20,1D,20,10,2026-06-15,12650.0,13016.0,-2.811923786109405,-1.1918317771198672,low_a,0.05237264546314029,-1.5577137066216642,1.6523826436985425,0.996911809198269,210540
1w_MA10,1W,10,10,2026-06-21,12650.0,14017.0,-9.752443461511017,-2.6462008612307297,low_a,-0.1223469978013728,0.8392348384662993,0.3810813385733037,0.9041069852913152,210540
1w_MA20,1W,20,10,2026-06-21,12650.0,14167.5,-10.711134639138875,-0.589411640879911,low_a,-0.08810570807656246,0.9262832553715109,0.584073177293516,0.9659639623914764,210540
1M_MA10,1M,10,10,2026-06-30,12650.0,13363.0,-5.335628227194489,-0.20164301717700006,low_a,-0.05101312357442481,1.556226635401352,1.6947998719180557,0.973775627505681,210540
1M_MA20,1M,20,10,2026-06-30,12650.0,12796.5,-1.1448442933614689,0.32536260290081387,low_a,0.049323363612915255,-0.29148343141774163,0.32831345596657685,0.8638225403363299,210540
1d_MA20,1D,20,10,2026-06-15,11450.0,11921.0,-3.951010821239831,-0.8360021627916603,low_a,-0.004418149609249328,-0.4314229752242513,-5.424882629107319,0.9959614159574117,210980
1w_MA10,1W,10,10,2026-06-21,11450.0,12292.0,-6.849983729254805,-2.25826972010178,low_a,-0.07892834337854326,0.04108541854725774,0.02891893019568856,0.9960132710487335,210980
1w_MA20,1W,20,10,2026-06-21,11450.0,12648.5,-9.475431869391626,-0.9553267295720591,low_a,-0.03984554386084244,0.11979036847791263,0.16702044510265196,0.9873001627125696,210980
1M_MA10,1M,10,10,2026-06-30,11450.0,12408.0,-7.720825274016763,3.1592949783837643,low_a,-0.23403156722206953,5.700058623578051,1.3531077336743635,0.999674216664914,210980
1M_MA20,1M,20,10,2026-06-30,11450.0,10472.0,9.33919022154317,3.3557046979865834,vertex_out,0.1644539644184563,-0.4413530147779803,0.14909711674520287,0.9934802488106166,210980
1d_MA20,1D,20,10,2026-06-15,6930.0,6679.5,3.7502807096339463,-0.9049773755656076,low_a,0.059909840600538236,-1.576098046982834,1.4615462456992547,0.9986294654378949,213500
1w_MA10,1W,10,10,2026-06-21,6930.0,7475.0,-7.290969899665556,-5.006989452281108,low_a,-0.1561194780337859,-0.28079387584022963,-0.09992129083038387,0.9980479275821255,213500
1w_MA20,1W,20,10,2026-06-21,6930.0,8054.0,-13.955798361062822,-1.9598295800365206,low_a,-0.07024587189258016,-0.014929232444189474,-0.011807125174889853,0.9944861204755312,213500
1M_MA10,1M,10,10,2026-06-30,6930.0,8083.0,-14.26450575281455,-4.184447605500241,low_r2,-0.10497751896527405,0.5212142819843587,0.27583380979607286,0.8209896798058658,213500
1M_MA20,1M,20,10,2026-06-30,6930.0,8333.5,-16.841663166736666,-3.036825877014371,low_a,0.008522240134628595,-1.3547792294421623,8.831658291457769,0.9979885347407913,213500
1d_MA20,1D,20,10,2026-06-15,21050.0,20490.5,2.7305336619408926,0.42147565488004357,low_a,0.0032031741617614823,0.04411095780440136,-0.7650563607080151,0.8581597791412238,214320
1w_MA10,1W,10,10,2026-06-21,21050.0,20193.0,4.244044966077354,3.093888803798439,vertex_out,0.1188400802345152,-0.5023749285710639,0.234851055291042,0.9859879396413741,214320
1w_MA20,1W,20,10,2026-06-21,21050.0,19739.5,6.6389726183540665,1.1115379690101124,low_a,0.019691997148809502,0.294061270427589,-0.8296130210929277,0.9912998990653853,214320
1M_MA10,1M,10,10,2026-06-30,21050.0,18981.0,10.900374058268802,1.5732862417723537,low_r2,0.054278338341764855,-0.22054188756689183,0.22573143285821454,0.7582277541855817,214320
1M_MA20,1M,20,10,2026-06-30,21050.0,18895.5,11.402185705591283,0.5454158463257697,pass,0.10440216999180069,-1.4232207907539924,0.7573388725039413,0.997188988636236,214320
1d_MA20,1D,20,10,2026-06-15,2555.0,2903.25,-11.995177817962633,-3.826086956521735,low_a,-0.014610911428653985,-1.434839802827564,-5.455739210285023,0.997249156951475,214330
1w_MA10,1W,10,10,2026-06-21,2555.0,3295.5,-22.470034896070402,-7.234342012667138,low_a,-0.05764891999249225,-3.12104741001213,-3.0077150239940806,0.997134165302286,214330
1w_MA20,1W,20,10,2026-06-21,2555.0,4001.75,-36.152933091772354,-6.353478031942905,low_a,-0.09707681621517462,-1.4469132083050948,-0.8280459770115075,0.9994550626017497,214330
1M_MA10,1M,10,10,2026-06-30,2555.0,4620.5,-44.70295422573315,-12.490530303030301,low_a,-0.3858132236569824,0.28583231188736213,0.041158705583273086,0.9903189046671464,214330
1M_MA20,1M,20,10,2026-06-30,2555.0,5450.25,-53.12141644878675,-5.989650711513583,low_a,-0.16054974685634577,0.19644034261340976,0.0679748961371863,0.9890605835208363,214330
1d_MA20,1D,20,10,2026-06-15,5690.0,5712.0,-0.3851540616246485,-1.457776244285347,low_a,0.015437686480235377,-1.0493288944243377,3.7762167125803785,0.9989284539977659,214390
1w_MA10,1W,10,10,2026-06-21,5690.0,6167.0,-7.734717042322037,-5.3996011658229754,low_a,-0.3716458887236878,2.644578522187639,0.39532531764304707,0.9352468237606684,214390
1w_MA20,1W,20,10,2026-06-21,5690.0,6309.5,-9.818527617085348,-0.4967670714398409,low_a,-0.06342561760695235,0.7372747549705178,0.6457912457912501,0.975145159828291,214390
1M_MA10,1M,10,10,2026-06-30,5690.0,6057.0,-6.059105167574708,2.262367043727842,pass,0.25209686561219796,-1.3637476559065453,0.30053431436955097,0.9296959528705759,214390
1M_MA20,1M,20,10,2026-06-30,5690.0,5838.75,-2.547634339541849,0.43001505052677746,low_a,0.026148424846832406,0.3625515699501015,-0.7702855527283015,0.9615717913283696,214390
1d_MA20,1D,20,10,2026-06-15,5680.0,5974.0,-4.921325744894545,-2.393595294502082,low_a,0.014952348678071069,-1.5982960862301745,5.938480229732203,0.9984883628787106,214420
1w_MA10,1W,10,10,2026-06-21,5680.0,6594.0,-13.861085835608133,-3.057924139958834,low_a,-0.010276919394947407,-1.2075434094922854,-6.527806864455509,0.9633509423241796,214420
1w_MA20,1W,20,10,2026-06-21,5680.0,7147.5,-20.53165442462399,-4.298051817634063,low_a,-0.11747048679417194,-0.3755287517641513,-0.17759957416279984,0.997462733382147,214420
1M_MA10,1M,10,10,2026-06-30,5680.0,7960.0,-28.643216080402013,-10.932080116370146,low_a,-0.5627781084515266,3.5400302855337644,0.3494598425966665,0.9936920467216295,214420
1M_MA20,1M,20,10,2026-06-30,5680.0,8305.0,-31.607465382299814,-3.514376996805113,low_a,-0.19978277286422327,0.8806300517763117,0.2448854376378107,0.9360986464057447,214420
1d_MA20,1D,20,10,2026-06-15,18980.0,22747.5,-16.562259588965823,-2.7926157001837537,vertex_out,0.1016959931230491,-3.136799049935875,1.7136035406475552,0.9934477178466237,217590
1w_MA10,1W,10,10,2026-06-21,18980.0,25257.0,-24.852516134141034,-1.5475169564200475,low_a,-0.6026127791377327,8.174964159252513,0.7536592173897874,0.9865646949623557,217590
1d_MA20,1D,20,10,2026-06-15,9820.0,10631.5,-7.6329774726049955,-2.1400957290132583,low_a,0.008128313935560773,-1.2490126041928111,8.536775236774323,0.9997201367671763,226320
1w_MA10,1W,10,10,2026-06-21,9820.0,11126.0,-11.738270717238898,-0.589706933523948,low_a,-0.07738384288784131,1.2964430594172758,0.9307448651324024,0.8541525440074025,226320
1w_MA20,1W,20,10,2026-06-21,9820.0,10954.5,-10.356474508192981,-1.4173866090712695,low_a,-0.0818534983837783,0.6414684606174044,0.43537707495260175,0.8744370771453317,226320
1M_MA10,1M,10,10,2026-06-30,9820.0,11227.0,-12.532288233722277,-4.928444406808364,low_a,-0.18966838427919025,0.9147359072393044,0.2679342775361552,0.9815389759717672,226320
1M_MA20,1M,20,10,2026-06-30,9820.0,11606.5,-15.392237108516781,-1.64399813567222,low_a,-0.005342476636408312,-0.8165189880418844,-8.490849673200142,0.9447393240810111,226320
1d_MA20,1D,20,10,2026-06-15,12120.0,12400.0,-2.2580645161290325,-0.664904269806943,low_a,0.034636861237182966,-0.9247071939134129,1.4831777490545115,0.9962906963064722,227840
1w_MA10,1W,10,10,2026-06-21,12120.0,12832.0,-5.548628428927682,-0.33398058252427365,low_r2,-0.03081403463947082,0.4453899601842599,0.8030070377479221,0.7063265304241979,227840
1w_MA20,1W,20,10,2026-06-21,12120.0,12769.0,-5.082621975095936,-0.015660480776757968,low_a,-0.031873317432205416,0.5224029262661406,0.9105542544886962,0.992949493480962,227840
1M_MA10,1M,10,10,2026-06-30,12120.0,12404.0,-2.2895840051596283,-0.4094741067844243,low_a,-0.1295843392305937,2.087380693578677,0.8949043902700695,0.9807169727570151,227840
1M_MA20,1M,20,10,2026-06-30,12120.0,11866.5,2.13626595879155,1.5228643538520714,low_a,0.034352044110206106,0.4153210050638124,-0.6716744161188538,0.9949779732459536,227840
1d_MA20,1D,20,10,2026-06-15,67900.0,70130.0,-3.17980892627977,-3.7997256515775013,low_a,-0.017304016484073044,-1.8118537738630172,-5.817062361506529,0.9988035644536751,229640
1w_MA10,1W,10,10,2026-06-21,67900.0,72240.0,-6.007751937984496,6.001467351430678,low_a,-0.2684123746375117,7.443669114457201,1.5406784936196696,0.9930937915113198,229640
1w_MA20,1W,20,10,2026-06-21,67900.0,58332.5,16.401662880898304,4.356187664922406,low_a,-0.18146776131357562,5.438967236874716,1.6651158547710305,0.9940068198741406,229640
1M_MA10,1M,10,10,2026-06-30,67900.0,50550.0,34.322453016815025,13.800090049527247,vertex_out,0.7473218180084062,-2.7782050252597434,0.2065304664018322,0.9730626867248601,229640
1M_MA20,1M,20,10,2026-06-30,67900.0,42342.5,60.35897738678633,10.887783160927068,vertex_out,0.3817401001396903,-0.37151481436168715,0.054067445105792984,0.961145244977718,229640
1d_MA20,1D,20,10,2026-06-15,11530.0,11462.0,0.5932647007502956,-0.7232254991122122,low_a,0.02358553487546784,-0.853925245196129,2.011414693381802,0.9974648147670355,234080
1w_MA10,1W,10,10,2026-06-21,11530.0,12121.0,-4.875835327118228,-2.028774652441001,low_a,-0.08045437149914726,-0.1884854394566091,-0.1301534411123445,0.9902681041979827,234080
1w_MA20,1W,20,10,2026-06-21,11530.0,12606.5,-8.539245627255776,-1.129367475785259,low_a,-0.010560399728899208,-0.3714822559434451,-1.9542729099062635,0.9976969232784141,234080
1M_MA10,1M,10,10,2026-06-30,11530.0,12820.0,-10.062402496099843,-0.9043827780783831,low_a,-0.22899581598093016,3.254146592318665,0.7894725980955761,0.992587081492398,234080
1M_MA20,1M,20,10,2026-06-30,11530.0,12111.0,-4.7972917182726444,0.45620437956204185,low_a,-0.016836359362884055,0.5713964658335379,1.885457979225828,0.9871680317437665,234080
1d_MA20,1D,20,10,2026-06-15,68300.0,66045.0,3.414338708456355,-0.6618034143039742,low_a,0.00770717041626179,-0.7416531902882534,5.346054750401997,0.9833743800544705,241560
1w_MA10,1W,10,10,2026-06-21,68300.0,69630.0,-1.9100962228924323,0.41822901644072985,low_a,-0.08691450261338253,1.7645607883061216,1.1279033067929154,0.9931956671324957,241560
1w_MA20,1W,20,10,2026-06-21,68300.0,66180.0,3.2033847083711153,0.9842069123369157,low_a,-0.05572230009396454,1.2778293255709945,1.2740055232387413,0.9950115512334167,241560
1M_MA10,1M,10,10,2026-06-30,68300.0,61440.0,11.165364583333325,4.100304981362246,low_a,0.01508522135363849,1.9490511869295746,-7.177927254608739,0.9960535251107363,241560
1M_MA20,1M,20,10,2026-06-30,68300.0,55157.5,23.827222045959306,5.237300262341993,vertex_out,0.19717965817508554,-0.3689457137043989,0.10395080448150763,0.9856021702988655,241560
1d_MA20,1D,20,10,2026-06-15,3700.0,3717.25,-0.46405272715044354,-1.7120571126388207,low_a,0.07731298783050304,-2.131632274188746,1.5317480096919127,0.9979479820153426,241590
1w_MA10,1W,10,10,2026-06-21,3700.0,4154.5,-10.939944638343968,-4.086344222555693,low_a,-0.08049894279434591,-1.203709589944596,-0.8307283633247791,0.9959440825684509,241590
1w_MA20,1W,20,10,2026-06-21,3700.0,4580.25,-19.218383276022056,-2.940241576605218,low_a,-0.10341029922001754,-0.05904299897610116,-0.031719921850380285,0.9961505022990913,241590
1M_MA10,1M,10,10,2026-06-30,3700.0,4828.0,-23.363711681855836,-12.725958062183661,vertex_out,0.19530188090734352,-7.396528157332691,2.1040157373490835,0.9946384819533914,241590
1M_MA20,1M,20,10,2026-06-30,3700.0,6597.0,-43.913900257692895,-7.260842060870177,low_a,-0.07187371355919242,-1.6931686122407714,-1.3087527865774855,0.9948422766621167,241590
1d_MA20,1D,20,10,2026-06-15,10600.0,10395.5,1.9671973450050562,0.00962047236519048,low_a,0.026832268309743494,-0.6621513692184795,1.3709682220733608,0.9791026555887026,244920
1w_MA10,1W,10,10,2026-06-21,10600.0,10499.0,0.961996380607677,-0.7749740100179592,vertex_out,0.21894643235416603,-3.788470994924188,0.9612881496450508,0.9957329108695799,244920
1w_MA20,1W,20,10,2026-06-21,10600.0,11499.0,-7.818071136620574,-0.9048603929679433,low_a,-0.0948848932172403,1.178379379211472,0.6899467222608323,0.9492223068898767,244920
1M_MA10,1M,10,10,2026-06-30,10600.0,9951.0,6.521957592201799,8.245404111824218,low_a,-0.030417038237027714,7.7544247215361235,14.16315980739519,0.9804138708078587,244920
1M_MA20,1M,20,10,2026-06-30,10600.0,7533.25,40.70952112302126,8.779466445254691,vertex_out,0.12926443724345077,4.412995443452182,-1.896626935863156,0.9889430972711478,244920
1d_MA20,1D,20,10,2026-06-15,18920.0,19296.0,-1.9485903814262073,-1.3749041656018424,low_a,0.020166001848855218,-1.1430180396865104,3.1489138343211525,0.9827294365733341,248070
1w_MA10,1W,10,10,2026-06-21,18920.0,19846.0,-4.665927642849943,2.0937291012912196,low_a,-0.05266655270627897,1.7922478044568302,1.8905608465608406,0.9856899945241624,248070
1w_MA20,1W,20,10,2026-06-21,18920.0,18628.0,1.5675327464032662,1.7534276506254498,low_a,-0.017751242012262042,1.276105712945666,3.993791633359668,0.993684849298132,248070
1M_MA10,1M,10,10,2026-06-30,18920.0,17788.0,6.363840791544861,3.322490706319692,pass,0.23105537403006857,-1.576190387134618,0.3789833194150005,0.9739869017969834,248070
1M_MA20,1M,20,10,2026-06-30,18920.0,17570.0,7.683551508252706,-0.15627219775535828,ma_not_rising,0.235099208630491,-3.3540187237706367,0.7925776297940573,0.991102641073333,248070
1d_MA20,1D,20,10,2026-06-15,23450.0,24012.5,-2.342529932326909,-0.8771929824561431,low_a,0.029708402256828956,-0.978721270633361,1.8302365591396625,0.9988725345176996,248170
1w_MA10,1W,10,10,2026-06-21,23450.0,25350.0,-7.4950690335305765,-3.0592734225621365,low_a,-0.0786783160883896,-0.5764619073971456,-0.40704558910596217,0.996594294597535,248170
1w_MA20,1W,20,10,2026-06-21,23450.0,26960.0,-13.019287833827898,-2.3630602082390206,low_a,-0.07078887118043284,-0.07580476833836608,-0.05949206349206775,0.9975826064707235,248170
1M_MA10,1M,10,10,2026-06-30,23450.0,27260.0,-13.976522377109312,-1.9777058612010068,low_a,-0.16406625503752725,2.199244076809065,0.7447005263906704,0.9495806023286449,248170
1M_MA20,1M,20,10,2026-06-30,23450.0,26527.5,-11.601168598624067,-1.8953402366863936,low_a,-0.07041440577456502,0.17830453765694207,0.14067870826492226,0.9670645197725085,248170
1d_MA20,1D,20,10,2026-06-15,19500.0,20535.0,-5.040175310445583,-1.6829052258635957,low_a,0.040308200179770874,-1.468837155364452,2.0244531837932795,0.9996061873782468,249420
1w_MA10,1W,10,10,2026-06-21,19500.0,23187.0,-15.901151507310129,-6.2014563106796095,low_a,0.08186797783311048,-4.513305413610624,3.0627260655707356,0.9972167583005717,249420
1w_MA20,1W,20,10,2026-06-21,19500.0,28008.5,-30.3782780227431,-6.066907017690948,low_a,-0.09375110232663533,-1.7413074551606604,-1.0318737664271371,0.9959763528757927,249420
1M_MA10,1M,10,10,2026-06-30,19500.0,29325.0,-33.50383631713555,-1.249326508620685,low_a,-0.5820253228314742,12.61068507640294,1.203716724810917,0.9740768596467662,249420
1M_MA20,1M,20,10,2026-06-30,19500.0,21625.0,-9.826589595375722,3.189941068403601,low_a,-0.18640738615882743,6.162464746240599,1.8366179560997489,0.9800768800268238,249420
1d_MA20,1D,20,10,2026-06-15,41150.0,42071.25,-2.189737647443324,-0.2903273589097921,low_a,0.049491344747814844,-0.8817000058462537,0.9897353548933006,0.9891878753282181,251270
1w_MA10,1W,10,10,2026-06-21,41150.0,44935.0,-8.423278068320904,-3.5833065121768093,low_a,-0.01039874808316442,-1.856076396752131,-9.916131687242448,0.9972450435112007,251270
1w_MA20,1W,20,10,2026-06-21,41150.0,49237.5,-16.42548870271643,-2.0879940343027537,low_a,-0.057961144365210944,-0.06644253785294199,-0.06368494175482084,0.9976906838860714,251270
1M_MA10,1M,10,10,2026-06-30,41150.0,50495.0,-18.506782849787108,-6.629068047337283,low_r2,-0.38338464608455325,3.5720160209812244,0.5176141938015717,0.8343206203277745,251270
1M_MA20,1M,20,10,2026-06-30,41150.0,50532.5,-18.567258694899323,-3.2407850646242187,low_a,-0.06076211280437968,-0.3518934357127028,-0.3217405454664054,0.9876630916716018,251270
1d_MA20,1D,20,10,2026-06-15,236500.0,254800.0,-7.182103610675039,-1.9434289012892014,low_a,-0.04390062102548977,-0.2991114743475692,-0.37852093529091757,0.9981211144298211,259960
1w_MA10,1W,10,10,2026-06-21,236500.0,261450.0,-9.542933639319184,-0.28604118993135197,low_a,-0.07003770646701625,1.3773687832105928,1.0925613047049278,0.9331366843134963,259960
1w_MA20,1W,20,10,2026-06-21,236500.0,253000.0,-6.521739130434778,-0.37408938767473643,low_a,-0.034857083686065396,0.7337245804433288,1.1694173000362449,0.9667424009537802,259960
1M_MA10,1M,10,10,2026-06-30,236500.0,258850.0,-8.634344214796219,-5.889838211234322,low_a,-0.022698852003988426,-2.9820506784252885,-7.298584179747433,0.9954755631701964,259960
1M_MA20,1M,20,10,2026-06-30,236500.0,300725.0,-21.35672125696234,-2.8979657733290254,low_a,-0.13818415878413134,0.8132196927206933,0.3269468238280038,0.9975512127473065,259960
1d_MA20,1D,20,10,2026-06-15,8250.0,8215.5,0.41993792222019266,-0.21861905629441125,low_a,0.011380147840664632,-0.38477671009641723,1.8784012469381903,0.9854075934593284,264900
1w_MA10,1W,10,10,2026-06-21,8250.0,8459.0,-2.4707412223667125,-0.4823529411764671,low_a,-0.014608898906421499,0.0023889324047707537,0.00908476865928415,0.907754597422924,264900
1w_MA20,1W,20,10,2026-06-21,8250.0,8516.5,-3.1292197498972607,-0.24597364568081925,low_a,0.001961889091988633,-0.22860637098134204,6.473533083633392,0.9915763629022143,264900
1M_MA10,1M,10,10,2026-06-30,8250.0,8667.0,-4.811353409484253,-2.6726558113419396,low_a,-0.19796420993038882,1.9904980622837736,0.558602111570151,0.9884667541523864,264900
1M_MA20,1M,20,10,2026-06-30,8250.0,8534.0,-3.3278650105460494,-0.5187387072332017,low_r2,-0.06070988330504877,0.4342252407059178,0.3973590982286722,0.7784449611690093,264900
1d_MA20,1D,20,10,2026-06-15,268000.0,267325.0,0.25250163658467883,-1.2102734663710257,low_a,-0.02452613042789871,-0.46803001723562127,-1.0601618425148729,0.9885372261462637,267250
1w_MA10,1W,10,10,2026-06-21,268000.0,275950.0,-2.8809566950534493,0.5465476407360281,low_a,-0.006064286455143084,0.3846988154705913,3.524265644956013,0.8865786542334951,267250
1w_MA20,1W,20,10,2026-06-21,268000.0,270000.0,-0.7407407407407418,0.5305780508237934,low_a,-0.11299280515986478,2.343999432038761,1.1524821468462418,0.9919643751517352,267250
1M_MA10,1M,10,10,2026-06-30,268000.0,236690.0,13.228273268832647,12.650516396173428,vertex_out,0.11689702256407143,7.802416348079867,-3.708114761055969,0.9964853107277142,267250
1M_MA20,1M,20,10,2026-06-30,268000.0,167600.0,59.90453460620524,13.13622249223707,vertex_out,0.24868558993582737,4.648890783750854,-1.038547148127992,0.9987642213899244,267250
1d_MA20,1D,20,10,2026-06-15,1194000.0,1065400.0,12.07058381828421,-1.0357159444521868,low_a,0.06488839263552204,-2.160879071516032,1.8500818471611755,0.9851573615432424,267260
1w_MA10,1W,10,10,2026-06-21,1194000.0,1167500.0,2.2698072805139136,3.9348348615686035,low_a,-0.11293941409214933,2.9168597972632435,1.4348203221809428,0.9905924816874023,267260
1w_MA20,1W,20,10,2026-06-21,1194000.0,1058900.0,12.758522995561439,2.6712561206186036,low_a,-0.12268494946399769,2.744946361866104,1.242996967190529,0.9913252909611714,267260
1M_MA10,1M,10,10,2026-06-30,1194000.0,927100.0,28.78869593355624,15.634549423136889,vertex_out,0.24775155255322476,6.502260207896933,-1.458060199799924,0.998347292425127,267260
1M_MA20,1M,20,10,2026-06-30,1194000.0,660850.0,80.67640160399485,13.675066655199108,vertex_out,0.16872085480897928,5.3018174942800265,-1.7457558325102485,0.99832203531547,267260
1d_MA20,1D,20,10,2026-06-15,154500.0,152480.0,1.3247639034627445,-1.7462465365036373,low_a,0.034384398166092345,-1.5640592787496663,2.527081664568631,0.9962764704131365,267270
1w_MA10,1W,10,10,2026-06-21,154500.0,165130.0,-6.437352389026829,-0.7035478051713784,low_a,-0.23234931528392694,3.795818747971887,0.9075938918695807,0.9962363731395939,267270
1w_MA20,1W,20,10,2026-06-21,154500.0,151630.0,1.892765283914799,2.362789441706603,low_a,-0.16849970660594193,3.599692070823711,1.1868441604543858,0.9979067041178881,267270
1M_MA10,1M,10,10,2026-06-30,154500.0,124900.0,23.698959167333868,11.219946571682993,vertex_out,0.41105987448337444,2.134891828832942,-0.28853485578200644,0.9939312280443012,267270
1M_MA20,1M,20,10,2026-06-30,154500.0,98520.0,56.82095006090133,11.422755032798015,vertex_out,0.3637039045355454,1.3736706003484018,-0.20982736891467874,0.9976742119163777,267270
1d_MA20,1D,20,10,2026-06-15,20300.0,21338.0,-4.864560877308088,-0.7442552795608903,low_a,0.0077242541928815665,-0.6046823908180972,4.349088639200876,0.9959658873452638,267290
1w_MA10,1W,10,10,2026-06-21,20300.0,21970.0,-7.601274465179786,-1.5901455767077244,low_a,-0.050284194435371445,0.21065274462118916,0.23273576097105636,0.895137414094964,267290
1w_MA20,1W,20,10,2026-06-21,20300.0,22217.5,-8.630583999099805,-0.4926659948494061,low_a,-0.028885748489565072,0.44224251859114994,0.850558842866577,0.9059148250781921,267290
1M_MA10,1M,10,10,2026-06-30,20300.0,21300.0,-4.694835680751175,0.8236296506674234,low_a,-0.08324534983423033,2.2746150412904633,1.5180127484064287,0.9888171570860035,267290
1M_MA20,1M,20,10,2026-06-30,20300.0,19951.0,1.7492857500877257,1.0535379628222596,low_a,0.026400923130815622,0.36310733050411304,-0.7640880348196945,0.9927493709485545,267290
1d_MA20,1D,20,10,2026-06-15,9700.0,9809.5,-1.1162648453030277,-1.0241146201190543,low_a,-0.0050941151879058365,-0.5514013140185565,-6.013489134892821,0.9969168104970508,267850
1w_MA10,1W,10,10,2026-06-21,9700.0,10258.0,-5.439656853187758,-1.6490891658676898,low_a,-0.0755478211559933,0.43528419578639066,0.3200946758151175,0.937711300961107,267850
1w_MA20,1W,20,10,2026-06-21,9700.0,10386.0,-6.605045253225494,-1.3815695769833325,low_a,-0.025773437426780264,-0.30844343490196724,-0.6648607284970641,0.9974537277573999,267850
1M_MA10,1M,10,10,2026-06-30,9700.0,10830.0,-10.43397968605725,-3.217158176943702,low_a,-0.10023196827893906,0.25086419554899064,0.1390464538612692,0.9656609580975288,267850
1M_MA20,1M,20,10,2026-06-30,9700.0,11411.5,-14.998028304780265,-6.120686109168694,low_a,-0.018973227316774966,-2.180093107095808,-6.3835362168702465,0.9983573416931792,267850
1d_MA20,1D,20,10,2026-06-15,104900.0,102285.0,2.556582099036997,-0.6555944055944063,low_a,0.05815868837981954,-1.3764654120919486,1.3148560052174305,0.9957403627274802,268280
1w_MA10,1W,10,10,2026-06-21,104900.0,110530.0,-5.093639735818334,-3.6103601639487226,low_a,-0.052203505550614364,-1.1901768026053534,-1.2665994894531951,0.9977183496612266,268280
1w_MA20,1W,20,10,2026-06-21,104900.0,120040.0,-12.612462512495837,-2.730734948545499,low_a,-0.046199618217756595,-0.8395266356238431,-1.0095401313910224,0.9971127637720694,268280
1M_MA10,1M,10,10,2026-06-30,104900.0,126770.0,-17.251715705608582,-6.304508499630446,low_a,-0.2088955366779088,0.2392253539990974,0.06362173963001566,0.9953904958992025,268280
1M_MA20,1M,20,10,2026-06-30,104900.0,137295.0,-23.59517826577807,-2.541259982253774,low_a,-0.0802440505928825,0.18670692906911704,0.12926325495620647,0.993550736785352,268280
1d_MA20,1D,20,10,2026-06-15,133800.0,133710.0,0.06730984967466824,-0.4356081760303776,low_a,0.020404290442898838,-0.4845585144109042,1.3193263222069656,0.9948383762669133,271560
1w_MA10,1W,10,10,2026-06-21,133800.0,137290.0,-2.5420642435719953,0.5198418509298586,low_a,-0.04263177087754099,0.6768009431005579,0.8819725669496801,0.8745159884093622,271560
1w_MA20,1W,20,10,2026-06-21,133800.0,134965.0,-0.8631867521209258,1.3288787116633616,low_a,-0.05987657773683061,1.7023797839553538,1.579526723786209,0.999525537234047,271560
1M_MA10,1M,10,10,2026-06-30,133800.0,120000.0,11.5,3.833174699316433,vertex_out,0.1951326374549207,-0.6511723509358499,0.1853930853930866,0.9867033819168967,271560
1M_MA20,1M,20,10,2026-06-30,133800.0,114385.0,16.97337937666652,2.9753330932661193,vertex_out,0.1130275352410053,0.4264356273021094,-0.20960262588169493,0.9914804186279352,271560
1d_MA20,1D,20,10,2026-06-15,13320.0,14036.0,-5.101168424052438,-2.0379676158570614,low_a,0.04648318061410477,-1.9430678970152648,2.32230701674688,0.9977828508520628,271940
1w_MA10,1W,10,10,2026-06-21,13320.0,15651.0,-14.893617021276595,-3.155745312790048,low_a,-0.25014877425955334,1.5003840547716716,0.33322038037671475,0.8976147797483511,271940
1w_MA20,1W,20,10,2026-06-21,13320.0,15879.0,-16.115624409597583,-0.3826850690087813,low_a,-0.09070093431362665,1.3036011669495937,0.798473440222045,0.9898733684573295,271940
1M_MA10,1M,10,10,2026-06-30,13320.0,15525.0,-14.20289855072464,-4.3968224644374665,low_r2,-0.05672420445690526,0.864094693278159,0.8462923578619115,0.3967004359851203,271940
1M_MA20,1M,20,10,2026-06-30,13320.0,15522.5,-14.189080367208895,-4.6383044079250535,low_a,0.08127314131743653,-2.863966072480551,1.9577098124886163,0.9911567254454502,271940
1d_MA20,1D,20,10,2026-06-15,10700.0,11636.0,-8.044001375042974,-2.90792273353081,low_a,0.0004428374433533472,-1.3769892868765667,172.74827586211092,0.9995306013715873,271980
1w_MA10,1W,10,10,2026-06-21,10700.0,12560.0,-14.808917197452232,-4.37033653114055,low_a,-0.1385482116797596,-0.3069303425285783,-0.12307402231539016,0.994340068445736,271980
1w_MA20,1W,20,10,2026-06-21,10700.0,13507.5,-20.784749213399966,-2.9389573527826673,low_a,-0.07361025639067405,-0.3706817349194914,-0.2797630483509439,0.9974010052834084,271980
1M_MA10,1M,10,10,2026-06-30,10700.0,14012.0,-23.63688267199543,-3.365517241379312,low_a,-0.304223590352546,3.584028231862958,0.654494542376555,0.9644777790052378,271980
1M_MA20,1M,20,10,2026-06-30,10700.0,13435.5,-20.36023966357784,-2.340541522805739,low_a,-0.024058915242121226,-0.30282537189536585,-0.6992680926241737,0.9445498650580878,271980
1d_MA20,1D,20,10,2026-06-15,99500.0,100105.0,-0.6043654163128687,-1.4860010825173409,low_a,0.025755622007102144,-1.4047141475613591,3.0300054428116865,0.9954836869032645,272210
1w_MA10,1W,10,10,2026-06-21,99500.0,110190.0,-9.701424811688897,-6.229257084503448,low_a,-0.24906415961239559,0.1970132358063393,0.04394522192214332,0.961706986561368,272210
1w_MA20,1W,20,10,2026-06-21,99500.0,118525.0,-16.051465935456655,0.46194270215291766,low_a,-0.23975829810607927,3.9050857446215974,0.9048663164039712,0.9977041477639529,272210
1M_MA10,1M,10,10,2026-06-30,99500.0,86370.0,15.202037744587237,12.241715399610143,vertex_out,0.32753054785050195,5.400703235393113,-0.9160643811761356,0.9889884387370608,272210
1M_MA20,1M,20,10,2026-06-30,99500.0,62497.5,59.20636825473018,15.565972318531053,vertex_out,0.5212715434978225,3.7401326619185027,-0.39861210625480703,0.9945911823953881,272210
1d_MA20,1D,20,10,2026-06-15,6200.0,5838.0,6.200753682768068,-0.6805035726437536,low_a,0.003973464823482854,-0.7545168203703706,10.549382716051149,0.9838479722007294,272450
1w_MA10,1W,10,10,2026-06-21,6200.0,6184.0,0.2587322121604174,-1.4972921312519927,low_a,0.016755024257486626,-0.9125034871764273,3.025638005496552,0.9821214575837995,272450
1w_MA20,1W,20,10,2026-06-21,6200.0,6426.5,-3.524468995565233,-1.577456160502333,low_a,-0.039835108939020154,-0.24802927657612187,-0.3459110473457621,0.99246666424319,272450
1M_MA10,1M,10,10,2026-06-30,6200.0,6730.0,-7.875185735512636,-7.108350586611456,low_a,-0.00019065704229795174,-3.4441432063176145,-1003.5888888953099,0.9983256753075298,272450
1M_MA20,1M,20,10,2026-06-30,6200.0,8146.0,-23.889025288485144,-5.251526606571677,low_a,0.09343128503775258,-3.6702479398421826,2.1823810219689816,0.9986208887660262,272450
1d_MA20,1D,20,10,2026-06-15,9250.0,9508.0,-2.7135044173327683,-1.3437094682230866,low_a,0.046481254545088675,-1.493582381269011,1.7851669403393293,0.9990055400143295,272550
1w_MA10,1W,10,10,2026-06-21,9250.0,10427.0,-11.288002301716693,-4.6717864326202285,low_a,-0.1704940574029575,-0.20039143170227955,-0.0652976267113002,0.9907644827142972,272550
1w_MA20,1W,20,10,2026-06-21,9250.0,11324.5,-18.318689566868297,-2.7146600231948814,low_a,-0.01977344376558271,-1.1612932529554556,-3.262774688906467,0.9982372530920509,272550
1M_MA10,1M,10,10,2026-06-30,9250.0,12298.0,-24.78451780777362,-6.415036907389082,low_a,-0.1141598323811713,-0.2390441137625843,-0.11633013350986787,0.9662214462285443,272550
1M_MA20,1M,20,10,2026-06-30,9250.0,13351.0,-30.716800239682417,-5.231402612152191,low_a,-0.09099646805359105,-1.0818286444868355,-0.6604826829650553,0.999408695493514,272550
1d_MA20,1D,20,10,2026-06-15,416000.0,398600.0,4.365278474661305,-0.21279258981099503,low_a,0.018665870757699928,-0.46570642280858054,1.3860901203469627,0.9891738949875301,278470
1w_MA10,1W,10,10,2026-06-21,416000.0,411750.0,1.032179720704307,2.2346368715083775,low_a,-0.2121065874881126,4.017910432422733,1.0523824313481893,0.9923603962196624,278470
1w_MA20,1W,20,10,2026-06-21,416000.0,365100.0,13.941385921665294,3.743695389642676,low_a,-0.06293461262757745,3.045892022652575,2.6887624538511803,0.9998029145227569,278470
1M_MA10,1M,10,10,2026-06-30,416000.0,314700.0,32.189386717508725,14.59471269390431,vertex_out,0.12147197744174483,8.846762097925492,-4.046091893529837,0.9989365142833926,278470
1d_MA20,1D,20,10,2026-06-15,6980.0,5736.0,21.687587168758714,2.145846318226341,pass,0.12753279731890443,-1.118468013617475,0.48722456633848793,0.9581091291433843,279570
1d_MA20,1D,20,10,2026-06-15,110200.0,112220.0,-1.8000356442701815,-0.8525864734726385,low_a,8.211313218895464e-05,-0.643139612031868,435.131111111373,0.9889933324477637,280360
1w_MA10,1W,10,10,2026-06-21,110200.0,116930.0,-5.755580261695026,-0.6795209377388978,low_r2,0.008554654465285794,-0.1503174998900073,0.9761904761903821,0.11340935381665285,280360
1w_MA20,1W,20,10,2026-06-21,110200.0,118270.0,-6.823370254502414,-0.5214904533602516,low_r2,-0.019616599335574653,0.3006340007977462,0.8514161220043522,0.760013948187387,280360
1M_MA10,1M,10,10,2026-06-30,110200.0,116320.0,-5.2613480055020645,-1.3986606764431642,low_a,-0.0961204664908361,1.0183065738621326,0.5885592267925442,0.890026900177928,280360
1M_MA20,1M,20,10,2026-06-30,110200.0,115480.0,-4.572220297887075,-2.0567405962427343,low_a,-0.06138456643095129,-0.7686509297274953,-0.6956606833305529,0.9642565048128363,280360
1d_MA20,1D,20,10,2026-06-15,85800.0,68910.0,24.510230735742276,1.2340237990304148,low_r2,0.05821251678069206,-0.5837346540190926,0.5570915808920496,0.6254433920768511,281820
1w_MA10,1W,10,10,2026-06-21,85800.0,68630.0,25.018213609208793,13.250825082508255,vertex_out,0.21226983107424502,1.992208998877608,-0.5214037112825093,0.9922451676312118,281820
1w_MA20,1W,20,10,2026-06-21,85800.0,57957.5,48.03951171116767,8.104453252506417,low_a,0.07891063198731701,2.2143491272888367,-1.558971115327822,0.9962035981051147,281820
1M_MA10,1M,10,10,2026-06-30,85800.0,50665.0,69.34767591039179,20.045018362753233,vertex_out,0.6508831908141866,-0.2034445188560908,0.01736482586936162,0.994891505470789,281820
1M_MA20,1M,20,10,2026-06-30,85800.0,40057.5,114.19209885789176,10.564449351366267,vertex_out,0.36047760898833264,-1.7603807214731197,0.27130375516304056,0.955078678462233,281820
1d_MA20,1D,20,10,2026-06-15,129900.0,129945.0,-0.03463003578436652,-0.7826219744979768,low_a,-0.01801831386606601,-0.0287860927999234,-0.08875566213691925,0.9722185179737094,282330
1w_MA10,1W,10,10,2026-06-21,129900.0,132250.0,-1.776937618147445,-0.43664834751185877,low_r2,-0.052191305362728896,0.9325020239689775,0.9926110802982949,0.7730411980716305,282330
1w_MA20,1W,20,10,2026-06-21,129900.0,129910.0,-0.007697636825498844,0.7991930477964093,low_a,-0.046573143580954095,1.298098094266092,1.5484580865194688,0.9936267398309491,282330
1M_MA10,1M,10,10,2026-06-30,129900.0,119630.0,8.584803143024322,2.0211495821251813,low_a,0.08782137059506018,0.44598245207720066,-0.2821272627071875,0.9648611778978887,282330
1M_MA20,1M,20,10,2026-06-30,129900.0,114080.0,13.867461430575045,1.0496479029186379,low_r2,0.13819415254079673,-0.9362581637325106,0.3763859864781804,0.8348602967620556,282330
1d_MA20,1D,20,10,2026-06-15,23000.0,22595.0,1.7924319539721179,-0.5501760563380254,low_a,0.021831442153765132,-0.6322550413331057,1.6089308176099393,0.9973391144738936,284740
1w_MA10,1W,10,10,2026-06-21,23000.0,23630.0,-2.6661024121878985,-0.5680622764569709,low_a,-0.012986387137032304,-0.43174261043277723,-1.8469879518068975,0.9655906656595854,284740
1w_MA20,1W,20,10,2026-06-21,23000.0,24140.0,-4.722452361226182,-0.2582377853527551,low_a,0.01005828189574846,-0.24590549955665356,1.3582256675278566,0.9846319010678058,284740
1M_MA10,1M,10,10,2026-06-30,23000.0,24105.0,-4.584111180253059,-3.6763236763236784,low_a,-0.259160868850678,2.5662165469367038,0.5501123166208857,0.9410521990267762,284740
1M_MA20,1M,20,10,2026-06-30,23000.0,23683.0,-2.8839251783980058,0.06337671117120358,low_a,-0.02609818745053295,0.5816942053122086,1.2382601205857773,0.9887379014519541,284740
1d_MA20,1D,20,10,2026-06-15,45850.0,43512.5,5.372019534616479,-1.2594315538662304,vertex_out,0.10248775140346505,-2.3762921049890497,1.2881171286043438,0.998069912165598,285130
1w_MA10,1W,10,10,2026-06-21,45850.0,50230.0,-8.719888512840935,-3.5337046283848705,low_a,-0.0548535400190028,-1.4837076409917613,-1.5026961295253622,0.9919813597707335,285130
1w_MA20,1W,20,10,2026-06-21,45850.0,55090.0,-16.772554002541295,-3.957461645746163,low_a,-0.08467882979267183,-0.8518788354621822,-0.5588953234946206,0.9985231003934247,285130
1M_MA10,1M,10,10,2026-06-30,45850.0,59490.0,-22.928223230795087,-6.078307546574047,low_a,-0.644818086824359,7.4656787308825105,0.643220061546519,0.9407180740470005,285130
1M_MA20,1M,20,10,2026-06-30,45850.0,55022.5,-16.670452996501428,-1.0787001662996065,low_a,-0.049892264873873556,1.0965739432734443,1.2210464844662539,0.8766536347479487,285130
1d_MA20,1D,20,10,2026-06-15,20250.0,20991.5,-3.532382154681657,-0.544855850093573,low_a,-0.02357191987188168,-0.1234103203777871,-0.2908600125548346,0.9565614548426619,286940
1w_MA10,1W,10,10,2026-06-21,20250.0,21790.0,-7.0674621385956815,-0.3156594537718993,low_a,0.020709752002777717,-0.5481638198986682,1.4704930095658029,0.9739636449363738,286940
1w_MA20,1W,20,10,2026-06-21,20250.0,22152.0,-8.58613217768147,-0.5499562279736914,low_a,-0.06034641425844235,0.9107708926245862,0.8384654423192925,0.9695292381507075,286940
1M_MA10,1M,10,10,2026-06-30,20250.0,21209.0,-4.521665330755809,-0.11773570688518031,low_a,-0.02530089102884422,0.9297749343562247,2.0415946205571203,0.8701220946611631,286940
1M_MA20,1M,20,10,2026-06-30,20250.0,20607.0,-1.7324210219828218,-1.0325617135721887,vertex_out,0.22429888279755228,-3.6111003521157397,0.8944167876650765,0.9872187660105691,286940
1d_MA20,1D,20,10,2026-06-15,9240.0,9433.0,-2.0460086928866694,-0.3907074973600877,low_a,0.016232152361999465,-0.4712873638778438,1.6130104463436497,0.9945521280895243,293480
1w_MA10,1W,10,10,2026-06-21,9240.0,9537.0,-3.114186851211076,-0.36564981195152946,low_a,0.07276284742390478,-0.9460744266728376,0.7223424073072456,0.8501832909272924,293480
1w_MA20,1W,20,10,2026-06-21,9240.0,9736.5,-5.099368356185485,-1.1322095857026815,low_a,0.043999030360992716,-1.1625856999981665,1.4679435868114739,0.9967478734925646,293480
1M_MA10,1M,10,10,2026-06-30,9240.0,10453.0,-11.604324117478237,-4.7909645687221,low_a,-0.2824931961385493,1.6658865373433709,0.3276158623984727,0.9815031443669572,293480
1M_MA20,1M,20,10,2026-06-30,9240.0,10843.5,-14.787660810623882,-1.7487428079554168,low_a,0.0033884431055370558,-1.0617577974251788,17.408155446083455,0.9971071162873827,293480
1d_MA20,1D,20,10,2026-06-15,5390.0,5376.0,0.26041666666667407,-0.2134570765661259,low_a,0.029525343886695334,-0.6075535857137487,1.1431865828091798,0.9928783438953077,293940
1w_MA10,1W,10,10,2026-06-21,5390.0,5677.0,-5.055487053020958,-1.286732742131802,low_a,-0.07245912184757447,0.2969260129811571,0.22765787370105256,0.9765747116402334,293940
1w_MA20,1W,20,10,2026-06-21,5390.0,5746.5,-6.203776211607071,-0.48489046670707747,low_a,-0.043142426130722916,0.37286071264468296,0.4801418439716435,0.934735581909448,293940
1M_MA10,1M,10,10,2026-06-30,5390.0,5656.0,-4.702970297029707,-0.6150061500615034,low_r2,0.011108933938514726,-0.08263440739323251,0.41325301204815096,0.11797546590474373,293940
1M_MA20,1M,20,10,2026-06-30,5390.0,5665.0,-4.854368932038833,-1.0480349344978213,low_a,0.02435076129530522,-0.7920403453913504,1.8070170733887534,0.9872878858838029,293940
1d_MA20,1D,20,10,2026-06-15,20400.0,20496.0,-0.4683840749414525,-1.3904257878277648,low_a,0.004160571340372322,-0.8125756536507613,10.850214592269667,0.9983432534251876,294870
1w_MA10,1W,10,10,2026-06-21,20400.0,21918.0,-6.925814399124008,-1.2969467711429372,low_a,-0.09148320602340666,0.4269686977484921,0.25928784352158035,0.9098399477251016,294870
1w_MA20,1W,20,10,2026-06-21,20400.0,22189.0,-8.062553517508675,-0.16422577669793492,low_a,-0.05886475271394145,0.7230666493830179,0.6824180440437622,0.9730705453325078,294870
1M_MA10,1M,10,10,2026-06-30,20400.0,20926.0,-2.5136194208162044,-1.1665800784017355,low_r2,-0.15824775701628507,1.427153294462512,0.501026337634896,0.7523707031749665,294870
1M_MA20,1M,20,10,2026-06-30,20400.0,20854.0,-2.177040375947059,-0.27973699940226915,low_r2,-0.08925889345473056,1.0510999156481562,0.6542142468733024,0.7834095219173085,294870
1d_MA20,1D,20,10,2026-06-15,55000.0,39705.0,38.52159677622466,2.0694087403599015,low_r2,0.04693488935609838,-0.3097702697502406,0.36666666666665637,0.5757575757575804,298000
1w_MA10,1W,10,10,2026-06-21,55000.0,40510.0,35.768945939274246,4.138817480719803,low_r2,0.09367632444358674,-0.6182637413276685,0.36666666666666425,0.5757575757575747,298000
1w_MA20,1W,20,10,2026-06-21,55000.0,39705.0,38.52159677622466,2.0694087403599015,low_r2,0.04693488935609838,-0.3097702697502406,0.36666666666665637,0.5757575757575804,298000
1M_MA10,1M,10,10,2026-06-30,55000.0,40510.0,35.768945939274246,4.138817480719803,low_r2,0.09965806039821382,-0.6881447236679679,0.3836143536532588,0.5861551505254319,298000
1M_MA20,1M,20,10,2026-06-30,55000.0,39250.0,40.12738853503184,0.7572840456937513,vertex_out,0.24385211092868794,-4.257828363586618,0.970038845669177,0.9877634241428764,298000
1d_MA20,1D,20,10,2026-06-15,360500.0,369637.5,-2.472016502654628,-2.8452212767355545,low_a,0.04913760602624665,-2.305932131275805,2.607114000588584,0.9992408013267186,298020
1w_MA10,1W,10,10,2026-06-21,360500.0,428800.0,-15.928171641791044,-3.227262468968628,low_a,-0.3529749922087539,4.0429367800117335,0.6363272295412502,0.9769115210769089,298020
1w_MA20,1W,20,10,2026-06-21,360500.0,408850.0,-11.825853002323594,-0.5291648926464276,low_a,-0.29833594945746145,4.7588715947599445,0.8861880566027411,0.9972239393961484,298020
1M_MA10,1M,10,10,2026-06-30,360500.0,329000.0,9.57446808510638,8.90433631247931,vertex_out,0.5557633085925311,-0.3182929708435269,0.03181739879414203,0.9770973922247551,298020
1M_MA20,1M,20,10,2026-06-30,360500.0,278705.0,29.348235589601913,1.789594784609494,pass,0.35279123909690024,-2.755878267235506,0.4339800176775296,0.862319348522715,298020
1d_MA20,1D,20,10,2026-06-15,3752000.0,3604800.0,4.083444296493566,-1.494739718540783,low_a,0.018602283772691217,-1.4074341962953703,4.203289748641662,0.9881228973169504,298040
1w_MA10,1W,10,10,2026-06-21,3752000.0,3678700.0,1.992551716639035,4.6303933558975,low_a,-0.15494518378505337,4.91947966391692,1.7638781606293863,0.9975482547305321,298040
1w_MA20,1W,20,10,2026-06-21,3752000.0,3141000.0,19.45240369309138,3.5915701988720627,low_a,-0.14195103710552587,4.4431845525650315,1.7389347150039507,0.9954353898720509,298040
1M_MA10,1M,10,10,2026-06-30,3752000.0,2638800.0,42.1858420494164,23.210533688191614,vertex_out,0.5439379106548778,8.227110794173194,-0.8402828738984511,0.9989078703262302,298040
1M_MA20,1M,20,10,2026-06-30,3752000.0,1647975.0,127.67335669533821,25.454856881851406,vertex_out,0.6914901909259611,5.637851109620348,-0.4529550160574874,0.9986730695898425,298040
1d_MA20,1D,20,10,2026-06-15,206000.0,208350.0,-1.1279097672186267,-1.526609320351635,low_a,0.05196239457649508,-1.7320452467650072,1.8518148887410208,0.9980374856712235,298050
1w_MA10,1W,10,10,2026-06-21,206000.0,225490.0,-8.643398820346803,-0.8835164835164888,low_r2,-0.08514433240347191,0.6656503701276117,0.434328099995681,0.6617666917786218,298050
1w_MA20,1W,20,10,2026-06-21,206000.0,228445.0,-9.825122020617648,-1.13815860651304,low_a,-0.14478077982904786,1.9849303309424475,0.7616612329674424,0.9805639553189122,298050
1M_MA10,1M,10,10,2026-06-30,206000.0,213780.0,-3.6392553091963653,1.365576102418209,low_a,0.050659913329536316,1.3026536137835896,-1.4285386700021383,0.9563081732558223,298050
1M_MA20,1M,20,10,2026-06-30,206000.0,199585.0,3.214169401508138,-3.3650470864502346,vertex_out,0.21027715035691133,-4.4144674268322825,1.1663092730869817,0.995487956971922,298050
1d_MA20,1D,20,10,2026-06-15,1863.0,1775.4,4.934099357891175,-0.95121202822952,low_a,0.028072681467983408,-1.193724453859862,2.362368742368689,0.9946075179604029,298690
1w_MA10,1W,10,10,2026-06-21,1863.0,1910.4,-2.4811557788944727,-2.6498165511618432,low_r2,-0.16229358793634854,1.5127687255055946,0.5178436686327653,0.8305329750816709,298690
1w_MA20,1W,20,10,2026-06-21,1863.0,1906.95,-2.304727444348309,-0.2719451925842664,low_a,-0.08072130690133059,1.0292735689636552,0.7083862630262088,0.9739107105002557,298690
1M_MA10,1M,10,10,2026-06-30,1863.0,1839.6,1.2720156555773077,-2.0968600319318798,vertex_out,0.14662206627999277,-2.959037886459953,1.1211886304909582,0.992551778903001,298690
1M_MA20,1M,20,10,2026-06-30,1863.0,2013.5,-7.474546809038984,-2.7177195313443647,low_a,0.09655928454605185,-2.6371288951824416,1.5172767852644513,0.9988585207891473,298690
1d_MA20,1D,20,10,2026-06-15,14700.0,14716.5,-0.11211905004586686,-1.2083375289497544,low_a,0.028370550721867796,-1.08947390406624,2.133420975752395,0.9980839526315674,300720
1w_MA10,1W,10,10,2026-06-21,14700.0,15797.0,-6.944356523390516,-2.547809993830974,low_a,-0.06782072969279024,-0.3542517953375978,-0.29018642803876216,0.9926244104516819,300720
1w_MA20,1W,20,10,2026-06-21,14700.0,16549.5,-11.17556421644158,-1.3971639656816026,low_a,0.002650207789597907,-0.7179712297877819,15.050627615058595,0.9977685851994933,300720
1M_MA10,1M,10,10,2026-06-30,14700.0,17034.0,-13.702007749207468,-6.0504108984612,low_a,-0.3228304587745546,2.6472266210392204,0.4555584568183314,0.9707860417698778,300720
1M_MA20,1M,20,10,2026-06-30,14700.0,17065.5,-13.861299112243996,0.35577771243751055,low_a,-0.10153660407174339,1.907032874588533,1.0434293305261115,0.9982452816153122,300720
1d_MA20,1D,20,10,2026-06-15,40100.0,40210.0,-0.2735637901019605,-0.6240345999382169,low_a,-0.00023139290941881857,-0.4026884524016332,-96.68222222180245,0.9913498727089918,302440
1w_MA10,1W,10,10,2026-06-21,40100.0,41945.0,-4.398617236857794,-0.8978145304193719,low_a,0.0720039010152484,-1.434833399987375,1.1070645554201892,0.9891003541059463,302440
1w_MA20,1W,20,10,2026-06-21,40100.0,43642.5,-8.11708770120868,-2.5565168852916598,low_a,-0.012034283581904903,-0.8259329738873052,-3.812870529738527,0.9953574972230287,302440
1M_MA10,1M,10,10,2026-06-30,40100.0,46590.0,-13.930027902983477,-2.5109855618330235,low_r2,-0.2113904041426225,2.421116154245687,0.6362940340607864,0.8276451308997481,302440
1M_MA20,1M,20,10,2026-06-30,40100.0,45980.0,-12.788168769030017,-3.006012024048099,low_a,-0.058411342884400516,-0.40331008299845944,-0.3835918610273976,0.98353992028324,302440
1d_MA20,1D,20,10,2026-06-15,146800.0,145445.0,0.9316236378012377,-1.1788286451963614,low_a,0.07226727103731378,-1.645955150286803,1.2653300931551301,0.9987420467545278,306200
1w_MA10,1W,10,10,2026-06-21,146800.0,153500.0,-4.364820846905538,-1.0315925209542276,low_a,-0.24418251786252398,3.313623307634675,0.7539040278924705,0.9835758788860162,306200
1w_MA20,1W,20,10,2026-06-21,146800.0,145165.0,1.1263045499948277,1.659721979060902,low_a,-0.084306796910059,2.0455574821508837,1.3479587234579975,0.9965701041788813,306200
1M_MA10,1M,10,10,2026-06-30,146800.0,133290.0,10.135794133093246,0.3236489537859377,vertex_out,0.17475497041802562,-3.469955429922088,1.1031177036121305,0.9060099991531433,306200
1M_MA20,1M,20,10,2026-06-30,146800.0,141895.0,3.456781422883126,2.090078422908115,pass,0.15945955628702715,-1.1881770025251979,0.4139597212650237,0.9273412546553498,306200
1d_MA20,1D,20,10,2026-06-15,746000.0,721500.0,3.3957033957033866,0.29190992493743906,low_a,-0.24107890876699714,3.5246564761783463,0.8122413100261264,0.9913981334821321,307950
1w_MA10,1W,10,10,2026-06-21,746000.0,638000.0,16.927899686520377,11.499475707794481,vertex_out,0.6068282803912209,-0.264299305254722,0.02419678714859359,0.9883166988989232,307950
1w_MA20,1W,20,10,2026-06-21,746000.0,528050.0,41.27450052078401,5.189243027888457,low_a,0.09856764613433694,2.4758233343700744,-1.3954451201043967,0.9921610270920797,307950
1M_MA10,1M,10,10,2026-06-30,746000.0,433870.0,71.9409039574066,45.03911212141472,vertex_out,1.3400045036402786,0.7081962087581845,-0.029361269841269886,0.9917589101329674,307950
1M_MA20,1M,20,10,2026-06-30,746000.0,288285.0,158.77170161472156,31.633980959338825,vertex_out,0.9075111137441053,-0.4668566293130374,0.028579792592593276,0.990444757559211,307950
1d_MA20,1D,20,10,2026-06-15,3790.0,4080.25,-7.113534709882973,-3.0243612596553726,low_a,0.016154287141031346,-1.8094093940927363,6.222666666667001,0.99946781735358,308170
1w_MA10,1W,10,10,2026-06-21,3790.0,4646.5,-18.43322931238567,-5.6835481579214475,low_a,-0.08884355211279452,-0.9785777829726141,-0.6119232188999587,0.9846147978463342,308170
1w_MA20,1W,20,10,2026-06-21,3790.0,5145.25,-26.339827996695988,-6.902790971185602,low_a,-0.3581405215127978,1.3635725175840592,0.2115204066679815,0.9835462513074875,308170
1M_MA10,1M,10,10,2026-06-30,3790.0,5257.5,-27.912505943889677,-4.582577132486387,low_r2,-0.19779560211709568,1.5161573722713106,0.4258485235496738,0.5219138152637502,308170
1M_MA20,1M,20,10,2026-06-30,3790.0,5416.75,-30.03184566391286,-3.073275476424797,vertex_out,0.21917772875627065,-4.112310847943002,1.0423582499509543,0.9897735264197745,308170
1d_MA20,1D,20,10,2026-06-15,32550.0,30445.0,6.9141074067991415,0.12332483762229618,low_a,0.032335850791615724,-0.6624880501955661,1.1382069986256398,0.9801587586931696,316140
1w_MA10,1W,10,10,2026-06-21,32550.0,32435.0,0.3545552643749117,-0.7345065034429998,low_a,0.07094487475653317,-1.4688703175250184,1.1502438591824131,0.9809924591023427,316140
1w_MA20,1W,20,10,2026-06-21,32550.0,33570.0,-3.038427167113489,0.5842696629213551,low_a,-0.04207826811144288,0.9209442017988617,1.2159142726858068,0.9971737164927301,316140
1M_MA10,1M,10,10,2026-06-30,32550.0,29980.0,8.572381587725154,4.441734889392102,low_a,-0.09726249309706489,5.6061860866844215,3.2022085048010944,0.990287206230991,316140
1M_MA20,1M,20,10,2026-06-30,32550.0,24499.5,32.85985428274047,6.828438746811427,low_a,0.07394070035845812,3.167477032010834,-2.379892878613973,0.9973247096431574,316140
1d_MA20,1D,20,10,2026-06-15,3670.0,3757.75,-2.3351739737875077,-1.6874877362809904,low_a,0.03565304974317367,-1.5175155976697878,2.3646342374654155,0.9983643247529351,317400
1w_MA10,1W,10,10,2026-06-21,3670.0,4191.0,-12.431400620376998,-2.9074481640217753,low_a,-0.14564313574214455,0.487094423728083,0.18580210581387727,0.9859582408588862,317400
1w_MA20,1W,20,10,2026-06-21,3670.0,4345.25,-15.539957424774176,-0.9177972865123674,low_a,-0.08179369736529517,0.5529047901617303,0.3755415609784612,0.9112136991139997,317400
1M_MA10,1M,10,10,2026-06-30,3670.0,3948.0,-7.041540020263426,1.0623320107513212,low_a,-0.026828024284851884,2.3266215624392736,4.8179751179751165,0.971338263075082,317400
1M_MA20,1M,20,10,2026-06-30,3670.0,3660.0,0.2732240437158362,-1.0008114687584557,low_r2,0.03945600662922205,-0.6742252627948707,0.949334771664854,0.793039879386843,317400
1d_MA20,1D,20,10,2026-06-15,44450.0,46740.0,-4.899443731279418,-1.7034700315457396,low_a,0.021711485375763784,-1.2211159703483068,3.124603174603155,0.9995909259792025,317450
1w_MA10,1W,10,10,2026-06-21,44450.0,50675.0,-12.284163788850522,-4.160756501182028,low_a,-0.057337870183789524,-1.3140258111774545,-1.2731800766283412,0.9973218560408456,317450
1w_MA20,1W,20,10,2026-06-21,44450.0,55317.5,-19.64568174628282,-3.134439434400038,low_a,0.016667275663278008,-1.5651084687068666,5.216837606837419,0.9971901467232438,317450
1d_MA20,1D,20,10,2026-06-15,158100.0,173880.0,-9.075224292615601,-4.066206896551727,low_a,-0.0232987171734406,-1.2714477410985152,-3.0317542846138226,0.9970513742748445,322000
1w_MA10,1W,10,10,2026-06-21,158100.0,182330.0,-13.289091208248783,-2.7158254188453745,low_a,-0.6198190627507758,9.305865159333395,0.8341023048846333,0.9950365493719237,322000
1w_MA20,1W,20,10,2026-06-21,158100.0,151605.0,4.284159493420403,7.042999364541402,low_a,-0.16861398305254527,6.713595966631029,2.2120203019312616,0.9994032059187526,322000
1M_MA10,1M,10,10,2026-06-30,158100.0,107180.0,47.508863593954096,29.7421619658637,vertex_out,1.6382530791516772,-1.6237647048316344,0.055064233613488084,0.9905230748532384,322000
1M_MA20,1M,20,10,2026-06-30,158100.0,69712.5,126.78859601936523,25.642065423087313,vertex_out,1.3689975453977052,-2.3439274984394336,0.09511937752957537,0.9892647825967257,322000
1d_MA20,1D,20,10,2026-06-15,23800.0,22730.0,4.707435107787061,0.41970399823283433,low_a,0.06067061983212653,-0.5735317877252465,0.525178038134611,0.8958900126770407,323410
1w_MA10,1W,10,10,2026-06-21,23800.0,23690.0,0.4643309413254526,-0.48309178743961567,low_a,0.07792456157344133,-1.532102435716877,1.0922974767596372,0.9900527593775161,323410
1w_MA20,1W,20,10,2026-06-21,23800.0,24627.5,-3.360064968023546,0.2340252340252258,low_a,-0.026097054947349294,0.5066556810492544,1.078571428571432,0.9845552685917278,323410
1M_MA10,1M,10,10,2026-06-30,23800.0,23470.0,1.4060502769492889,-2.7150259067357463,low_r2,-0.13595342395640414,0.9651595437735613,0.39439958990132473,0.615808937109886,323410
1M_MA20,1M,20,10,2026-06-30,23800.0,23727.5,0.30555262880622713,0.7216385439881234,low_r2,0.12131160077523012,-0.9374976709792963,0.4293340753107001,0.7270066942101004,323410
1d_MA20,1D,20,10,2026-06-15,90200.0,91225.0,-1.1235955056179803,-1.2716450216450181,low_a,-0.008886483694568301,-0.55984847275805,-3.500000000001545,0.9977749272638287,326030
1w_MA10,1W,10,10,2026-06-21,90200.0,95740.0,-5.786505118027996,-1.4919230373495185,low_a,0.03204068573460413,-1.1869057251910682,2.057983636843472,0.9797343362427254,326030
1w_MA20,1W,20,10,2026-06-21,90200.0,99945.0,-9.750362699484716,-2.928321678321677,low_a,-0.003085053871423997,-1.4040399312352003,-25.283908045972424,0.9993240501388811,326030
1M_MA10,1M,10,10,2026-06-30,90200.0,109370.0,-17.527658407241475,-1.5660156601566055,low_a,-0.16898501884030195,2.3778149411289906,0.7817310136087426,0.9673611724322152,326030
1M_MA20,1M,20,10,2026-06-30,90200.0,105970.0,-14.881570255732758,-1.9431849727028827,low_a,-0.22245423567122455,2.8596017635326376,0.7141548200300337,0.9559241764097067,326030
1d_MA20,1D,20,10,2026-06-15,714000.0,664200.0,7.4977416440831,-0.300210147102975,low_a,-0.015308034874579829,-0.15244321874915576,-0.5532432985470898,0.9466153577447807,329180
1w_MA10,1W,10,10,2026-06-21,714000.0,657200.0,8.642726719415705,6.645030425963494,vertex_out,0.1504520044302952,0.6429536074968741,-0.2374155465471811,0.9921482740307287,329180
1w_MA20,1W,20,10,2026-06-21,714000.0,601050.0,18.792113800848508,1.3660511004300435,low_a,-0.05001655224030858,1.3903162197561738,1.5442845723421577,0.9902736847829458,329180
1M_MA10,1M,10,10,2026-06-30,714000.0,589700.0,21.07851449889775,7.266939517962712,low_a,-0.11404145591228176,5.263896717126132,2.5643193009737164,0.9952415876964986,329180
1M_MA20,1M,20,10,2026-06-30,714000.0,476850.0,49.73262032085562,12.276612276612276,low_a,0.05655929854240934,5.147650896737555,-5.056296890950201,0.9976468448847532,329180
1d_MA20,1D,20,10,2026-06-15,3775.0,3737.25,1.0101010101010166,-0.48595393422979916,low_a,0.07069870185223148,-1.3760423672287625,1.081304128315657,0.99411215356117,330590
1w_MA10,1W,10,10,2026-06-21,3775.0,4106.0,-8.061373599610322,-4.367066495865846,low_a,-0.16752424228924562,-0.07270493053669513,-0.02411091524664351,0.9918921041561766,330590
1w_MA20,1W,20,10,2026-06-21,3775.0,4382.25,-13.857036910262988,-1.2450704225352105,low_a,-0.09501350404695598,0.7425268101934356,0.43416448923727985,0.9869229342118343,330590
1M_MA10,1M,10,10,2026-06-30,3775.0,4165.0,-9.363745498199282,-0.19170860292355707,low_a,-0.11168323261115634,2.8668897824832826,1.4261017599386223,0.9770160159148503,330590
1M_MA20,1M,20,10,2026-06-30,3775.0,3828.5,-1.3974141308606525,0.8760951188986343,low_a,-0.04842612465537326,1.5811436455479622,1.813924080580063,0.9832163354488392,330590
1d_MA20,1D,20,10,2026-06-15,3480.0,3667.0,-5.099536405781291,-1.2987012987012991,low_a,0.02341687999841383,-1.1889424698854993,2.820715630884961,0.9921249075293599,334890
1w_MA10,1W,10,10,2026-06-21,3480.0,3901.0,-10.792104588567032,-3.571869978988995,low_a,-0.15444712244586234,0.5829518282867499,0.20969126630345222,0.9921963286113815,334890
1w_MA20,1W,20,10,2026-06-21,3480.0,4049.5,-14.063464625262379,-1.6096701694709337,low_a,-0.07597790713596789,0.2751137711117553,0.20116503561680804,0.991145186110034,334890
1M_MA10,1M,10,10,2026-06-30,3480.0,4101.0,-15.142648134601322,-3.3079480348006562,low_a,-0.14312605362512099,0.4519199017740155,0.1754164289013897,0.9899675805607151,334890
1M_MA20,1M,20,10,2026-06-30,3480.0,4309.35,-19.245361829510255,-3.317104908911417,low_a,-0.0949571975271214,-0.13228545712803275,-0.07739478685193328,0.9969861080700005,334890
1d_MA20,1D,20,10,2026-06-15,77700.0,83830.0,-7.312417988786835,-2.0334229285964733,low_a,-0.18634130854946218,1.222003014254941,0.36432639051408366,0.9331697586851969,336260
1w_MA10,1W,10,10,2026-06-21,77700.0,75215.0,3.3038622615169766,11.273023152600036,vertex_out,0.173804489545693,5.917292403303575,-1.8914267848286717,0.9932152230983456,336260
1w_MA20,1W,20,10,2026-06-21,77700.0,57020.0,36.26797614871975,7.4176988649743425,low_a,0.07414524035631048,4.7698625422436915,-3.573963240048077,0.9883942939515167,336260
1M_MA10,1M,10,10,2026-06-30,77700.0,46890.0,65.70697376839412,33.28595793064242,vertex_out,0.901068333351291,1.0178854956379502,-0.06275794199956869,0.9848005913285156,336260
1M_MA20,1M,20,10,2026-06-30,77700.0,32830.0,136.6737739872068,25.32208501135649,vertex_out,0.7481993306012642,-1.5375565520130319,0.11416718105925569,0.9699006076313683,336260
1d_MA20,1D,20,10,2026-06-15,12560.0,10878.0,15.46240117668689,0.6243929512973478,low_a,0.09065826234463036,-1.6650668349926334,1.0203561226830113,0.9714835581156075,336370
1w_MA10,1W,10,10,2026-06-21,12560.0,12282.0,2.2634750040710028,5.073145692531433,low_a,-0.16042797033286707,4.406412357189343,1.525922730323083,0.9933783294542818,336370
1w_MA20,1W,20,10,2026-06-21,12560.0,10563.0,18.905613935435017,4.351691775747102,low_a,-0.0654219735117669,3.0089393788862098,2.5551552460725664,0.9969310160627112,336370
1M_MA10,1M,10,10,2026-06-30,12560.0,9597.0,30.874231530686668,9.330143540669855,pass,0.4851561836855956,-3.1648947457770893,0.36241419111839995,0.9374903976526198,336370
1M_MA20,1M,20,10,2026-06-30,12560.0,9065.0,38.55488141202428,-0.44478611828016046,vertex_out,0.3137596558094784,-5.893023100979806,1.0434425402208314,0.9717139562868059,336370
1d_MA20,1D,20,10,2026-06-15,3685.0,4003.0,-7.9440419685236074,-2.157042468683168,low_a,0.015893386088599394,-1.3268014210303314,4.637853107344757,0.9994095864144948,338100
1w_MA10,1W,10,10,2026-06-21,3685.0,4298.5,-14.27242061184134,-4.604971149578341,low_a,-0.2234829119625649,1.1384443677526734,0.28300557194362713,0.9940371714316169,338100
1w_MA20,1W,20,10,2026-06-21,3685.0,4462.75,-17.42759509271189,-1.5768870265203683,low_a,-0.09737082151537664,0.6676927605501004,0.38095644748078383,0.9787841538039124,338100
1M_MA10,1M,10,10,2026-06-30,3685.0,4447.0,-17.135147290308073,-3.6298623902914717,low_r2,-0.13993877657712833,1.264976612492627,0.5021944609690023,0.8068610698205414,338100
1M_MA20,1M,20,10,2026-06-30,3685.0,4428.5,-16.788980467426896,-1.9158361018826175,low_r2,-0.0687281733033351,0.6652751750790947,0.5377668308702901,0.7627589719023203,338100
1d_MA20,1D,20,10,2026-06-15,4040.0,4097.75,-1.4093099871880899,-0.08533983541603174,low_a,0.03230610016155836,-0.5558023955454385,0.9557919621749232,0.9957320513518978,339770
1w_MA10,1W,10,10,2026-06-21,4040.0,4229.5,-4.480435039602792,-0.5876131155247433,low_a,0.018626234848749777,-0.5017430977882611,1.4965244865718674,0.9660845800345741,339770
1w_MA20,1W,20,10,2026-06-21,4040.0,4302.25,-6.0956476262420844,-0.6121859659254936,low_a,-0.019365478022771863,-0.007576280378319449,-0.02173478315212514,0.9962548665941525,339770
1M_MA10,1M,10,10,2026-06-30,4040.0,4268.0,-5.34208059981256,-4.369258346403759,low_a,0.025309749620395186,-2.4726943499974974,5.427628103539074,0.9959837387391437,339770
1M_MA20,1M,20,10,2026-06-30,4040.0,4767.45,-15.25868126566613,-1.5762417936331041,low_a,-0.052167769495876516,0.12977582315854488,0.13820349274895438,0.8804301567341684,339770
1d_MA20,1D,20,10,2026-06-15,23550.0,24440.0,-3.6415711947626828,-1.2325722368155212,low_a,0.03759099922006825,-1.368349553607791,2.0222771733158327,0.9980878307153731,344820
1w_MA10,1W,10,10,2026-06-21,23550.0,26330.0,-10.558298518799846,-1.9549432135542721,low_a,-0.05132665036537852,0.0865060625667047,0.09363346975899009,0.9260972818722858,344820
1w_MA20,1W,20,10,2026-06-21,23550.0,26790.0,-12.094064949608063,-1.3441355183207548,low_a,-0.07414568277611369,0.5700398176608856,0.4271169618137273,0.9403021798820006,344820
1M_MA10,1M,10,10,2026-06-30,23550.0,26625.0,-11.549295774647883,-4.757646217134681,low_a,0.0552552205444762,-2.369283980854216,2.3821620206779324,0.9808020995590521,344820
1M_MA20,1M,20,10,2026-06-30,23550.0,29905.0,-21.250626985453934,-4.852052179446387,low_a,-0.011559576914908483,-1.9796176046175944,-9.514081408139432,0.9992933549518036,344820
1d_MA20,1D,20,10,2026-06-15,1182.0,1182.0,0.0,0.0,low_r2,3.8893040468978717e-16,2.2789262517894856e-15,-0.3255261415966878,0.0,348950
1w_MA10,1W,10,10,2026-06-21,1182.0,1185.7,-0.31205195243316775,-8.475492087996905,vertex_out,0.19727758530318024,-5.699678901232823,1.605092780102897,0.9945579256830737,348950
1w_MA20,1W,20,10,2026-06-21,1182.0,1512.3,-21.840904582424116,-8.420383322735937,low_a,0.05851358319273202,-4.985667979612795,4.733628318583931,0.9996845274388519,348950
1M_MA10,1M,10,10,2026-06-30,1182.0,2090.7,-43.46391160855215,-11.870336803945547,low_a,-0.5913208826401314,2.7383852016825654,0.257275729085273,0.9894234563401855,348950
1M_MA20,1M,20,10,2026-06-30,1182.0,2378.1,-50.29645515327362,-8.275316760843154,low_a,-0.16514845699475234,-1.8920000750153896,-0.6364644102122777,0.9975947677138904,348950
1d_MA20,1D,20,10,2026-06-15,3460.0,3444.25,0.4572838789286493,-0.3760214042953236,low_a,0.03054610158216889,-0.7398644250477538,1.3456243854473933,0.9974236674272483,350520
1w_MA10,1W,10,10,2026-06-21,3460.0,3655.0,-5.335157318741446,-2.298850574712641,low_a,-0.09949794577782331,0.3872211805301164,0.21620836127878607,0.9922607851767167,350520
1w_MA20,1W,20,10,2026-06-21,3460.0,3730.0,-7.238605898123329,-0.9230360581711894,low_a,-0.03783429157004385,-0.06871820999750845,-0.10090524164109489,0.9871071847864241,350520
1M_MA10,1M,10,10,2026-06-30,3460.0,3762.0,-8.027644869750128,-3.0537301894085767,low_a,-0.11449181189124918,0.23838299349667508,0.11567202422548434,0.9834989769834075,350520
1M_MA20,1M,20,10,2026-06-30,3460.0,3899.5,-11.270675727657387,-1.4468945472925987,low_a,-0.05277882882996042,0.066120420737797,0.0695990568394381,0.9643263939346641,350520
1d_MA20,1D,20,10,2026-06-15,218500.0,222045.0,-1.5965232272737495,-0.7597935149388779,low_a,0.04978377721491029,-1.1925088582619596,1.3307646754015754,0.9955979222680599,352820
1w_MA10,1W,10,10,2026-06-21,218500.0,237700.0,-8.077408498106852,-3.27568667344863,vertex_out,0.21501038432646022,-5.9047593329372745,1.525703915142537,0.9970007671844056,352820
1w_MA20,1W,20,10,2026-06-21,218500.0,289900.0,-24.629182476716103,-5.083080952770724,low_a,-0.13411808565037098,-0.32334303147071675,-0.13393795222518867,0.9997319107589175,352820
1M_MA10,1M,10,10,2026-06-30,218500.0,299850.0,-27.130231782557946,-3.4765813616610353,low_a,-0.4462389437824307,5.864382670251752,0.7300999649978012,0.9572292199872349,352820
1M_MA20,1M,20,10,2026-06-30,218500.0,274680.0,-20.452890636376875,1.5565497097644876,low_a,-0.10091976974020865,3.2529307262652027,1.7907132977672464,0.9840127423267893,352820
1d_MA20,1D,20,10,2026-06-15,167700.0,155195.0,8.05760494861303,1.4843877717835463,low_a,-0.03808505022665578,1.2604555245672233,1.8386560212907501,0.9953295450106745,353200
1w_MA10,1W,10,10,2026-06-21,167700.0,140880.0,19.037478705281096,12.975140336808334,vertex_out,0.20073042572686545,5.423633975872075,-1.5010828456546859,0.9973416476645254,353200
1w_MA20,1W,20,10,2026-06-21,167700.0,105775.0,58.544079413850156,11.553469732124032,vertex_out,0.23656412336094976,3.9509327062039414,-0.9278510128134134,0.9973602007125194,353200
1M_MA10,1M,10,10,2026-06-30,167700.0,83650.0,100.47818290496116,59.0757820671294,vertex_out,2.163807950999415,-3.0099560953463755,0.0772803256396038,0.9909148337575421,353200
1M_MA20,1M,20,10,2026-06-30,167700.0,50628.5,231.23635896777506,46.747148592049385,vertex_out,1.6196429568414499,-3.9354396554241027,0.13498995904555577,0.9862316637221736,353200
1d_MA20,1D,20,10,2026-06-15,3905.0,4177.25,-6.5174456879526055,-0.9014886424292712,low_a,0.017043522799023058,-0.7779440919467047,2.5358088658606848,0.9986917046925641,357120
1w_MA10,1W,10,10,2026-06-21,3905.0,4382.0,-10.885440438156092,-2.6438569206842955,low_a,-0.12590274594220893,0.597888554477016,0.26382292582820455,0.9970055921086967,357120
1w_MA20,1W,20,10,2026-06-21,3905.0,4486.0,-12.951404369148467,-1.06957768221414,low_a,-0.06829739839448656,0.5278830174808105,0.42939899606566767,0.9878449903170111,357120
1M_MA10,1M,10,10,2026-06-30,3905.0,4409.0,-11.431163529144929,-1.088053841839598,low_a,-0.05431743296756398,0.6977106468695335,0.7136144049187632,0.8756473375939463,357120
1M_MA20,1M,20,10,2026-06-30,3905.0,4369.25,-10.625393374148883,-1.2710428200203405,low_a,0.00536146430679332,-0.3953424636177063,4.096543209875436,0.9508017433543159,357120
1d_MA20,1D,20,10,2026-06-15,1840.0,1972.55,-6.719728270512782,-1.6037312316057317,low_a,0.02303491332073244,-1.2349414881961558,2.978429286885655,0.9991597589865504,357250
1w_MA10,1W,10,10,2026-06-21,1840.0,2142.3,-14.111002193903754,-4.917668989392377,low_a,-0.1419355916388225,-0.2501556128153736,-0.0979143700662692,0.9996380499278518,357250
1w_MA20,1W,20,10,2026-06-21,1840.0,2305.4,-20.18738613689599,-2.99383560202815,low_a,-0.07539823362551017,-0.3913741627917907,-0.28837557590516105,0.9992880716416955,357250
1M_MA10,1M,10,10,2026-06-30,1840.0,2437.4,-24.50972347583491,-5.728099013730414,low_a,-0.2375648921778168,1.2679729670009892,0.2965208451694945,0.9974190543113977,357250
1M_MA20,1M,20,10,2026-06-30,1840.0,2533.7,-27.378931996684685,-4.280317340385354,low_a,-0.07818332223634328,-0.6268880928405299,-0.4454545454545682,0.9986222201717694,357250
1d_MA20,1D,20,10,2026-06-15,667.0,782.5,-14.760383386581466,-5.042169771251737,low_a,0.0336040812868503,-2.7725567072107062,4.583697047496632,0.9994122854048052,357430
1w_MA10,1W,10,10,2026-06-21,667.0,993.7,-32.8771258931267,-13.213973799126633,low_a,-0.2949441668752829,-1.7888813277247482,-0.33695291226672075,0.9991661200712788,357430
1w_MA20,1W,20,10,2026-06-21,667.0,1252.65,-46.75288388616134,-6.921533660276403,low_a,-0.170836081129628,-0.9209725862623256,-0.2994984627539947,0.9983917506937653,357430
1M_MA10,1M,10,10,2026-06-30,667.0,1349.6,-50.577949021932426,-10.462416240960659,low_r2,-0.35005400338285225,2.4688614456603615,0.3918223127799608,0.8388655111501263,357430
1M_MA20,1M,20,10,2026-06-30,667.0,1435.7,-53.54182628682873,-8.106378212308375,low_a,0.022528792063661186,-3.657102603918331,9.018342675019298,0.9990390588534613,357430
1d_MA20,1D,20,10,2026-06-15,19180.0,18994.0,0.9792566073496989,-2.0523927392739227,low_a,0.08627139262096047,-2.6612762227081563,1.713762517882675,0.9952775382084997,361610
1w_MA10,1W,10,10,2026-06-21,19180.0,22175.0,-13.50620067643743,-2.788128534478984,low_a,-0.12632003215076068,0.3438211941325787,0.15121257591996984,0.9919591144673087,361610
1w_MA20,1W,20,10,2026-06-21,19180.0,22955.0,-16.445218906556303,-3.2883233974426496,low_a,-0.08034602658098644,-0.17022399579910538,-0.11770200790170487,0.9962585665374781,361610
1M_MA10,1M,10,10,2026-06-30,19180.0,25134.0,-23.689026816264825,-6.3387367244270525,low_r2,-0.31295529483935447,3.079126321879962,0.5466038640617508,0.8421564022264186,361610
1M_MA20,1M,20,10,2026-06-30,19180.0,24979.5,-23.217037971136335,-6.039119804400983,vertex_out,0.37839222835295394,-7.116686664997747,1.0448720976900507,0.9888123563136337,361610
1d_MA20,1D,20,10,2026-06-15,2105.0,2196.75,-4.1766245590076245,-2.5507374958411932,low_a,0.0280042081268857,-1.8593282194206795,3.6885889335634334,0.9992111204159646,363280
1w_MA10,1W,10,10,2026-06-21,2105.0,2467.0,-14.673692744223754,-5.060611891475853,low_a,-0.25062677684728984,0.7957085307141539,0.17638190954773744,0.9879919562408759,363280
1w_MA20,1W,20,10,2026-06-21,2105.0,2610.25,-19.356383488171637,-1.8149332330261392,low_a,-0.07712723693684741,0.27081327531220556,0.19506963505134184,0.9909432557576024,363280
1M_MA10,1M,10,10,2026-06-30,2105.0,2616.5,-19.549015860882857,-8.160758160758164,low_r2,-0.3377313850524986,2.4805198619967768,0.4080362829720418,0.7959951352709316,363280
1M_MA20,1M,20,10,2026-06-30,2105.0,2738.0,-23.11906501095691,-4.8479582971329265,low_a,-0.022045169255029657,-1.5580715936006744,-3.926462617567179,0.9949343043973802,363280
1d_MA20,1D,20,10,2026-06-15,3755.0,3888.25,-3.426991577187677,-1.3572651740977992,low_a,0.014884300930093021,-1.045749887488738,3.9032545931758094,0.9961900406335814,365550
1w_MA10,1W,10,10,2026-06-21,3755.0,4132.5,-9.134906231094975,-4.0849483578971775,low_a,-0.1829378221967914,1.0414099881527676,0.3162610648698665,0.9828431449791862,365550
1w_MA20,1W,20,10,2026-06-21,3755.0,4258.0,-11.813057773602631,-1.6344210222350553,low_a,-0.10065467031587284,0.6286039499213175,0.34695301820275587,0.9820037075680036,365550
1M_MA10,1M,10,10,2026-06-30,3755.0,4284.5,-12.358501575446379,-2.1356783919597944,low_a,0.013904419505973115,-0.6510710016791922,2.6013751375137413,0.8937192201559243,365550
1M_MA20,1M,20,10,2026-06-30,3755.0,4400.8,-14.674604617342302,-2.4645390070921924,low_a,-0.0874173262947247,0.31370586459411515,0.1993666968239644,0.9942650575156159,365550
1d_MA20,1D,20,10,2026-06-15,1980.0,2098.9,-5.664872075849258,-1.6447985004686028,low_a,0.0307981478516842,-1.3363841880220741,2.4106503533512424,0.9997197109126786,372910
1w_MA10,1W,10,10,2026-06-21,1980.0,2273.5,-12.909610732350995,-3.2017711925746095,low_a,-0.035967323748601635,-1.0541288309711145,-1.628219915417127,0.9993115122411677,372910
1w_MA20,1W,20,10,2026-06-21,1980.0,2440.75,-18.877394243572677,-3.9018052247179913,low_a,-0.0639824201910916,-0.8569842942057273,-0.7441143743045486,0.9999126020017247,372910
1M_MA10,1M,10,10,2026-06-30,1980.0,2569.5,-22.94220665499125,-5.6891172692237095,low_a,-0.08036356772953068,-0.974778574576848,-0.6738671114817811,0.9837704727010048,372910
1M_MA20,1M,20,10,2026-06-30,1980.0,2844.75,-30.398101766411813,-6.36879782769687,low_a,0.08482477616651722,-4.142709591715023,2.713246568682416,0.9967294677567241,372910
1d_MA20,1D,20,10,2026-06-15,420500.0,409925.0,2.579740196377389,-0.6242424242424272,low_a,0.010586618908454266,-0.8555423551781824,4.489642184557691,0.979370906105117,373220
1w_MA10,1W,10,10,2026-06-21,420500.0,434400.0,-3.199815837937381,0.23073373327180402,low_a,-0.08672263022983312,1.7794619198499142,1.1399446175147183,0.9887286210976279,373220
1w_MA20,1W,20,10,2026-06-21,420500.0,413975.0,1.5761821366024442,0.12698028782198723,low_a,-0.032001314174872245,0.8322905519814313,1.4448895362952074,0.9715994789852324,373220
1M_MA10,1M,10,10,2026-06-30,420500.0,415550.0,1.1911923956202664,3.5896796709460332,vertex_out,0.10367506899545648,1.381485451538265,-0.7402858999350108,0.9842057531811967,373220
1M_MA20,1M,20,10,2026-06-30,420500.0,378275.0,11.162514044015603,0.7524304168331275,low_a,0.028775357897380175,0.4480498558344349,-0.8650338510554145,0.9582084505459252,373220
1d_MA20,1D,20,10,2026-06-15,79000.0,75220.0,5.0252592395639395,-1.0067776534842365,low_a,0.07257786012855945,-1.9943475557176265,1.526596213122,0.9929072809798392,375500
1w_MA10,1W,10,10,2026-06-21,79000.0,85490.0,-7.591531173236632,-1.904761904761909,low_a,-0.5446823805809042,7.919745121339118,0.8077842349244897,0.9971930320033267,375500
1w_MA20,1W,20,10,2026-06-21,79000.0,72447.5,9.044480485869077,4.575800223737869,low_a,-0.15582167850327142,4.586616492115702,1.6352796978400639,0.9993155993907424,375500
1M_MA10,1M,10,10,2026-06-30,79000.0,58280.0,35.552505147563494,12.77089783281733,vertex_out,0.5662008938441827,-1.5888051575601598,0.1558933483811799,0.9746674846280629,375500
1M_MA20,1M,20,10,2026-06-30,79000.0,49757.5,58.77003466814048,10.53537709652339,vertex_out,0.5073764254406898,-1.4839538767713676,0.16248662316395082,0.9900077517305741,375500
1d_MA20,1D,20,10,2026-06-15,2045.0,2453.25,-16.641190257821258,-2.6391507093957767,low_a,0.024112928346866135,-1.48149540368246,3.4133266196711443,0.9980698479395387,377190
1w_MA10,1W,10,10,2026-06-21,2045.0,2712.5,-24.608294930875573,-6.738868832731648,low_a,-0.24220347455436614,0.6180620302396685,0.14176831905874232,0.9992132159649785,377190
1w_MA20,1W,20,10,2026-06-21,2045.0,2935.0,-30.3236797274276,-4.155441260511061,low_a,-0.11261439773423829,-0.23482999098843374,-0.11584762581829372,0.9989615463170406,377190
1M_MA10,1M,10,10,2026-06-30,2045.0,3102.5,-34.085414987912976,-6.07023917650621,low_a,-0.2771278110672441,2.372037222150878,0.4755201044873581,0.9358513149139918,377190
1M_MA20,1M,20,10,2026-06-30,2045.0,3111.25,-34.2707914825231,-2.8508532263352704,low_a,-0.10913242349627136,0.4590971723634325,0.23371054767702987,0.9957715593694396,377190
1d_MA20,1D,20,10,2026-06-15,45500.0,46242.5,-1.6056657836405863,-1.9870707927087783,low_a,0.009522368776746169,-1.470030136947852,8.576473234368237,0.9938254978495392,377300
1w_MA10,1W,10,10,2026-06-21,45500.0,50775.0,-10.388970950270803,-2.0921712302352513,low_a,0.03300900859050196,-2.107205240959548,3.5465154159392402,0.9909153406257518,377300
1w_MA20,1W,20,10,2026-06-21,45500.0,55402.5,-17.87374215964983,-3.572360978156819,low_a,-0.17393024345782324,1.4650437916852812,0.46795381954392634,0.9386162008429998,377300
1M_MA10,1M,10,10,2026-06-30,45500.0,53170.0,-14.425427872860642,-5.651672433679355,low_a,-0.6579421418941287,8.2803333428829,0.6991777692255998,0.9188141873507332,377300
1M_MA20,1M,20,10,2026-06-30,45500.0,47132.5,-3.463639739033575,4.791284531154472,vertex_out,0.11251170276802877,1.9580138165192134,-0.9668198301687152,0.9857381245052105,377300
1d_MA20,1D,20,10,2026-06-15,4955.0,4869.25,1.761051496637056,-0.37340153452685154,low_a,0.017038089321741896,-0.447428686942536,1.4589164785552404,0.9952030578733059,377740
1w_MA10,1W,10,10,2026-06-21,4955.0,5006.5,-1.0286627384400227,-0.3185664509706365,low_a,0.05097472442954392,-1.4244493925859127,1.5524571883711522,0.9911545026749297,377740
1w_MA20,1W,20,10,2026-06-21,4955.0,5234.0,-5.330531142529615,-1.2313063169316463,low_a,-0.0004061708584899025,-0.49341282697461075,-67.48840579731835,0.9954454655626518,377740
1M_MA10,1M,10,10,2026-06-30,4955.0,5389.5,-8.061972353650615,-1.9734448890505685,low_a,-0.18821317475202973,2.5356158329404415,0.7484467889140148,0.950809356739293,377740
1M_MA20,1M,20,10,2026-06-30,4955.0,5169.25,-4.144701842627074,0.5690661478599202,low_a,-0.08481331427805346,1.8495680595336472,1.2115288968467004,0.9879786949558039,377740
1d_MA20,1D,20,10,2026-06-15,3140.0,3307.75,-5.071423172851642,-1.9490143767600387,low_a,-0.023878190425409826,-0.4227935554813902,-0.9836813611755966,0.9973658486813495,378850
1w_MA10,1W,10,10,2026-06-21,3140.0,3379.5,-7.08684716674064,-1.3284671532846737,low_a,-0.024525990371454694,-0.3749376789690305,-0.8492978566149358,0.9787558425314387,378850
1w_MA20,1W,20,10,2026-06-21,3140.0,3480.25,-9.776596508871494,-1.2064438293946544,low_r2,-0.05478700436023197,0.5777120514094208,0.5858161865569493,0.7161283715794432,378850
1M_MA10,1M,10,10,2026-06-30,3140.0,3364.5,-6.672611086342695,0.7637017070979413,low_a,-0.05522811368756603,1.505085651980997,1.5140091517071854,0.9744733969745722,378850
1M_MA20,1M,20,10,2026-06-30,3140.0,3232.75,-2.869074317531517,-1.8966694484485291,low_a,0.020566581699058742,-1.2963308995002383,3.501718679330402,0.9910819115357027,378850
1d_MA20,1D,20,10,2026-06-15,9140.0,9230.0,-0.9750812567713929,-0.8060182697474438,low_a,0.03889726106126829,-1.2089903795165917,1.726757369614553,0.9965794381091067,381970
1w_MA10,1W,10,10,2026-06-21,9140.0,9947.0,-8.112998894138935,-2.0289569585344225,vertex_out,0.1022795657320638,-4.485606463645687,2.4364628194085576,0.9897395591103791,381970
1w_MA20,1W,20,10,2026-06-21,9140.0,11873.0,-23.01861366124821,-4.798941586817939,low_a,-0.004521422327288437,-2.2380811587294955,-27.499718706039538,0.9999026491151876,381970
1M_MA10,1M,10,10,2026-06-30,9140.0,13625.0,-32.91743119266055,-9.03932171707057,low_a,-0.5060935408079511,4.231048176409388,0.4644560996520247,0.9392718376282815,381970
1M_MA20,1M,20,10,2026-06-30,9140.0,13882.0,-34.15934303414494,-2.705354639753299,low_a,-0.18284396449390372,1.813644186584068,0.5510600836328998,0.951602303540103,381970
1d_MA20,1D,20,10,2026-06-15,81700.0,76675.0,6.553635474404951,0.12405327761817464,low_a,0.018095235296824556,-0.4474053048667515,1.3736129905277839,0.8885106862608197,383220
1w_MA10,1W,10,10,2026-06-21,81700.0,75980.0,7.528296920242172,5.483826183534646,vertex_out,0.14366295570934678,0.4646535779316467,-0.17968506589197078,0.9755811031408017,383220
1w_MA20,1W,20,10,2026-06-21,81700.0,71275.0,14.626446860750608,2.0108773436381844,low_a,0.08507435548019256,-0.21141100712463962,0.13805636122748424,0.9707786351807505,383220
1M_MA10,1M,10,10,2026-06-30,81700.0,69170.0,18.11478964869162,2.702301410541952,low_r2,-0.0863938935230284,0.7516103336579698,0.4833226972984479,0.2399270031525399,383220
1M_MA20,1M,20,10,2026-06-30,81700.0,67980.0,20.182406590173585,1.7664670658682713,low_a,0.06548434383486118,-0.1995083953846942,0.16925877384593357,0.9615143885964366,383220
1d_MA20,1D,20,10,2026-06-15,8170.0,8655.0,-5.603697284806475,-0.3511599792758058,low_a,0.036077081261048256,-0.8545801572616986,1.315978835978823,0.9938359740627302,383800
1w_MA10,1W,10,10,2026-06-21,8170.0,8820.0,-7.3696145124716566,-0.011336583153842561,low_r2,-0.028496923893697578,0.6269236507986348,1.2222053103330959,0.7490242897363217,383800
1w_MA20,1W,20,10,2026-06-21,8170.0,8702.5,-6.118931341568512,-0.4119700177375951,low_a,-0.05933330730494005,0.9821102274354164,0.919579268041659,0.9534475820835717,383800
1M_MA10,1M,10,10,2026-06-30,8170.0,8347.0,-2.12052234335689,0.6875753920386085,low_a,-0.17317441348275808,2.8156194199094444,0.9032702808700682,0.9487187930569252,383800
1M_MA20,1M,20,10,2026-06-30,8170.0,7881.5,3.6604707225781796,1.6246534717297312,low_a,0.01418014983457887,0.8336625332782642,-3.2661562622692326,0.994350447335606,383800
1d_MA20,1D,20,10,2026-06-15,5840.0,5449.25,7.170711565811816,-0.32923316109561007,low_a,0.09504609269998464,-1.716425792953538,1.0032710002968295,0.9929081067119158,395400
1w_MA10,1W,10,10,2026-06-21,5840.0,6000.5,-2.6747771019081767,-2.6446012817392672,low_a,-0.2829622394839794,2.167366608360408,0.42553118126151923,0.940954949606516,395400
1w_MA20,1W,20,10,2026-06-21,5840.0,5999.25,-2.6544984789765413,0.13352806175672693,low_r2,-0.08362658663259988,0.8443744415688424,0.5609423161602816,0.7789794189041905,395400
1M_MA10,1M,10,10,2026-06-30,5840.0,5710.0,2.2767075306479923,2.744039586144842,vertex_out,0.11535842259688665,0.8451179736956705,-0.40700104493207157,0.9848422850072429,395400
1M_MA20,1M,20,10,2026-06-30,5840.0,5267.25,10.873795623902428,1.4591158624674971,low_a,-0.03624593217081196,1.4570412835330444,2.233264069264098,0.9974591796044907,395400
1d_MA20,1D,20,10,2026-06-15,1481.0,1485.75,-0.31970385327275697,-1.5864078956083993,low_a,0.09748589192934752,-2.3910416110567225,1.362614040142125,0.9990718831435409,396690
1w_MA10,1W,10,10,2026-06-21,1481.0,1790.1,-17.267191776995695,-8.514335360556046,low_a,-0.19650345055683455,-1.951522180285743,-0.5517353440743061,0.9936215191253703,396690
1w_MA20,1W,20,10,2026-06-21,1481.0,2146.3,-30.997530634114533,-4.887884427900369,low_a,-0.11710659914337844,-0.8838057036684549,-0.4192788214296461,0.9971027248570362,396690
1M_MA10,1M,10,10,2026-06-30,1481.0,2304.1,-35.72327589948353,-10.083902439024396,low_a,-0.3305162274217767,1.5631517971422422,0.2627458481700575,0.9714286453912864,396690
1M_MA20,1M,20,10,2026-06-30,1481.0,2492.05,-40.571015830340485,-5.657770206322155,low_a,-0.11921192543330052,-0.3273358748821259,-0.15254620136569375,0.9914147340696168,396690
1d_MA20,1D,20,10,2026-06-15,3050.0,3026.5,0.7764744754667152,-0.16493485073395542,low_a,0.0411908012504152,-0.6549833673529668,0.883400267737589,0.9949634494271018,400760
1w_MA10,1W,10,10,2026-06-21,3050.0,3161.0,-3.511546978804181,-1.7865465278856574,low_a,-0.10024631952798399,0.49452522365059554,0.2740611691831227,0.9891296518346017,400760
1w_MA20,1W,20,10,2026-06-21,3050.0,3213.75,-5.095293660054456,-0.9553894753062675,low_a,-0.0141731096701391,-0.36068835682497946,-1.4138211382114796,0.9963285464495069,400760
1M_MA10,1M,10,10,2026-06-30,3050.0,3280.5,-7.026367931717726,-0.9062075215224286,low_a,-0.06395595201266047,0.05491363188301851,0.04770091337598173,0.9169915772940457,400760
1M_MA20,1M,20,10,2026-06-30,3050.0,3338.7,-8.647078204091407,-1.4012964576288756,low_a,-0.054781942650638724,0.033749569918065124,0.034226170446646484,0.9891791382170915,400760
1d_MA20,1D,20,10,2026-06-15,1413000.0,1215600.0,16.238894373149073,1.7153376286503264,low_a,-0.061205483190516954,1.2040840248366558,1.09293405506084,0.9300371950889651,402340
1w_MA10,1W,10,10,2026-06-21,1413000.0,1089100.0,29.740152419428888,18.754770472140446,vertex_out,0.5398433188094277,2.6048810724246847,-0.2680696603856486,0.9992413386779125,402340
1w_MA20,1W,20,10,2026-06-21,1413000.0,823900.0,71.50139580046122,11.923925963661052,vertex_out,0.16924520882735877,4.417712743586314,-1.4501355013550095,0.9989632105329466,402340
1M_MA10,1M,10,10,2026-06-30,1413000.0,629600.0,124.42820838627702,59.3480296626256,vertex_out,1.9720770127591447,-0.23908362807123074,0.006735245984715132,0.9926394490732803,402340
1M_MA20,1M,20,10,2026-06-30,1413000.0,370710.0,281.16047584365134,50.273622765414075,vertex_out,1.6584431383903215,-0.6378139276098835,0.02136588603443479,0.9929330872194096,402340
1d_MA20,1D,20,10,2026-06-15,11410.0,12555.5,-9.123491696865916,-4.781586531169424,low_a,-0.025131847481255673,-1.091502376510178,-2.4128357838578753,0.9816495208012777,403550
1w_MA10,1W,10,10,2026-06-21,11410.0,13236.0,-13.795708673315199,-0.15840687938447617,low_a,-0.21726549249085408,3.667349098148684,0.9377541469103403,0.9761382057311342,403550
1w_MA20,1W,20,10,2026-06-21,11410.0,12388.5,-7.898454211567174,-0.6416168745237982,low_a,-0.14058164467668025,2.005364399299338,0.7924870529906972,0.9699872874107688,403550
1M_MA10,1M,10,10,2026-06-30,11410.0,12422.0,-8.146836258251488,-0.12863804470172324,ma_not_rising,0.38992212641068685,-4.809154764909767,0.6852015995517167,0.9633888558662058,403550
1M_MA20,1M,20,10,2026-06-30,11410.0,13568.0,-15.905070754716977,-4.0927405103555525,vertex_out,0.11713379416170693,-3.3525127420503407,1.5900680860261436,0.9957513986519302,403550
1d_MA20,1D,20,10,2026-06-15,4115.0,3760.5,9.4269379071932,0.5884713120235308,pass,0.17551291775074612,-2.1439777967658356,0.6786388097499202,0.9788176372905579,404990
1w_MA10,1W,10,10,2026-06-21,4115.0,4135.5,-0.4957078950550087,-0.13281815986476708,low_r2,-0.16531631196081795,0.706233045722586,0.23733392513685864,0.8386104869637339,404990
1w_MA20,1W,20,10,2026-06-21,4115.0,4201.0,-2.047131635324928,0.8885686839577245,low_a,-0.09129455681564215,1.2392847697467042,0.7541430319208305,0.9279927880678042,404990
1M_MA10,1M,10,10,2026-06-30,4115.0,3901.5,5.472254261181586,1.7340286831812213,vertex_out,0.11045183384381554,0.4980477651374735,-0.250510284189043,0.9668817280996808,404990
1M_MA20,1M,20,10,2026-06-30,4115.0,3696.0,11.336580086580096,0.5782706306551422,low_a,0.09701332072082972,-0.9807554048878502,0.5616384531300718,0.8836078619189588,404990
1d_MA20,1D,20,10,2026-06-15,9950.0,9834.0,1.179581045352851,-0.05589714924538747,low_a,0.008166217256343502,-0.21492103612963054,1.462128325508636,0.9779476188732689,415640
1w_MA10,1W,10,10,2026-06-21,9950.0,9924.0,0.2619911326078084,-0.13082419241219334,low_a,-0.01255133495998257,0.04961200400544364,0.21959595959589434,0.9104748206656088,415640
1w_MA20,1W,20,10,2026-06-21,9950.0,9954.0,-0.04018485031143104,-0.1254201575277225,low_a,-0.012971992499566189,0.10109797375577978,0.4329754351716708,0.9027700258006849,415640
1M_MA10,1M,10,10,2026-06-30,9950.0,9901.0,0.49489950510048786,2.696815683020426,low_a,-0.09044616754806604,3.281933744932588,2.0158914129706926,0.998404652894759,415640
1d_MA20,1D,20,10,2026-06-15,10150.0,9993.5,1.5660179116425699,0.09515224358973562,low_a,0.027596837852556736,-0.35735162358684397,0.7193892315893575,0.9866833727733607,417310
1w_MA10,1W,10,10,2026-06-21,10150.0,10125.0,0.24691358024691024,0.9874326750448859,low_a,-0.08878829282654993,1.5119158796098329,0.9460180387641599,0.9880261759189334,417310
1w_MA20,1W,20,10,2026-06-21,10150.0,9716.5,4.461483044306069,1.4672096908939114,low_a,-0.039756444048302815,1.154419184534516,1.6131824833952755,0.9954691313402366,417310
1M_MA10,1M,10,10,2026-06-30,10150.0,8681.0,16.92201359290404,11.366260423348296,vertex_out,0.1933188468820638,4.205041984047876,-1.2084359457240794,0.9992327665488451,417310
1M_MA20,1M,20,10,2026-06-30,10150.0,6826.75,48.6798256857216,8.026742622042882,vertex_out,0.1739255684520533,1.883123580790785,-0.601510046174951,0.9994441478761542,417310
1d_MA20,1D,20,10,2026-06-15,1413.0,1516.2,-6.806489908982982,-1.1055669699638004,vertex_out,0.12573851679743447,-2.400607594491803,1.060670127020292,0.998275353465568,432320
1w_MA10,1W,10,10,2026-06-21,1413.0,1773.0,-20.304568527918786,-8.101383921629601,vertex_out,0.18494975830837687,-6.831540618273597,2.052070993873493,0.9967897013275798,432320
1w_MA20,1W,20,10,2026-06-21,1413.0,2339.5,-39.602479162214145,-8.170274566757607,low_a,-0.1085960225771379,-2.214670773411612,-1.1329813216882618,0.9995839073800536,432320
1M_MA10,1M,10,10,2026-06-30,1413.0,2894.0,-51.17484450587422,-14.353358981947316,low_a,-0.5578772508905353,2.248547410758463,0.2239189721364057,0.9958573389743631,432320
1M_MA20,1M,20,10,2026-06-30,1413.0,3357.5,-57.915115413253915,-7.836947570683506,low_a,-0.2455501724707933,0.2007549379970388,0.0454206649448523,0.9983131700838426,432320
1d_MA20,1D,20,10,2026-06-15,64300.0,64330.0,-0.04663454064977035,-1.553294054633103,low_a,0.09140494818036093,-2.3717266314214864,1.4415257954583827,0.999349901175629,439260
1w_MA10,1W,10,10,2026-06-21,64300.0,74680.0,-13.899303695768616,-6.940809968847351,low_a,-0.2743772403946795,-0.04870173968046491,-0.009861066466658503,0.965241409217172,439260
1w_MA20,1W,20,10,2026-06-21,64300.0,81880.0,-21.4704445530044,-0.835654596100277,low_a,-0.10895576901266725,1.0590905138907374,0.5400206195229384,0.9524683245372708,439260
1d_MA20,1D,20,10,2026-06-15,255000.0,229975.0,10.881617567126867,1.065699846187651,pass,0.11087988002111153,-1.561495712426904,0.7823760432007818,0.9709888055527781,443060
1w_MA10,1W,10,10,2026-06-21,255000.0,235800.0,8.14249363867685,6.20186461289014,low_a,-0.0691483744863037,3.4531637182915214,2.7743591981612212,0.9945773590809784,443060
1w_MA20,1W,20,10,2026-06-21,255000.0,206425.0,23.531548988736837,3.3158158158158146,low_a,0.000339414793039327,1.1482557609551711,-187.9469841267064,0.9888999528820898,443060
1M_MA10,1M,10,10,2026-06-30,255000.0,212190.0,20.175314576558744,2.984857309260347,low_a,-0.08546092777403724,2.7142715342984833,1.7644655510326999,0.9850285569328529,443060
1d_MA20,1D,20,10,2026-06-15,2455.0,2477.5,-0.908173562058523,-1.2849885446757692,low_a,0.06973500697350363,-1.8798430124357335,1.497608266573738,0.9986787883244449,446070
1w_MA10,1W,10,10,2026-06-21,2455.0,2753.0,-10.824555030875405,-4.009762900976288,low_a,-0.1609693951680147,0.1653536763982609,0.0570687076625377,0.993566429902458,446070
1w_MA20,1W,20,10,2026-06-21,2455.0,2913.5,-15.737085979062982,-2.329869259135098,low_a,-0.0476600489223461,-0.6382498020796807,-0.7439841783530965,0.9956045025139665,446070
1M_MA10,1M,10,10,2026-06-30,2455.0,3157.5,-22.248614410134604,-9.175895296994108,low_a,-0.29821262487847433,0.30292287624476694,0.0564330523804044,0.998045223054686,446070
1M_MA20,1M,20,10,2026-06-30,2455.0,3545.75,-30.762180074737365,-5.490770973545677,low_a,-0.009120402402743956,-2.026187635217763,-12.342216358836717,0.9972800549221131,446070
1d_MA20,1D,20,10,2026-06-15,5380.0,5192.75,3.6059891194453852,-0.4695960515597286,low_a,0.04827252064496314,-1.1169228138426313,1.285436654366552,0.9902873248325123,448730
1w_MA10,1W,10,10,2026-06-21,5380.0,5747.0,-6.3859404906908,-1.5756122623736935,low_a,-0.22677543555984647,2.238437577132296,0.548373517030235,0.9035201459924125,448730
1w_MA20,1W,20,10,2026-06-21,5380.0,5569.0,-3.393787035374396,0.5552295400171436,low_a,-0.11603228959211358,1.755324793746249,0.8404388505976865,0.982131133333036,448730
1M_MA10,1M,10,10,2026-06-30,5380.0,5114.0,5.201407899882682,4.207845134997457,vertex_out,0.23016820941574623,-0.49476874275320626,0.11942201942201702,0.9878782976882426,448730
1M_MA20,1M,20,10,2026-06-30,5380.0,4810.75,11.832874291950324,1.0821032725744528,pass,0.10877820213911302,-0.7048154726719964,0.35996563997599756,0.9478934079770128,448730
1d_MA20,1D,20,10,2026-06-15,58500.0,59672.5,-1.9648917005320676,-1.834258688052648,low_a,0.08005412936227081,-2.540565685891243,1.7630887904152133,0.9959204801213977,450080
1w_MA10,1W,10,10,2026-06-21,58500.0,68180.0,-14.197711938985035,-3.8906117846067123,low_a,-0.298688644529528,2.505332851258033,0.4659874452959472,0.9629671205404432,450080
1w_MA20,1W,20,10,2026-06-21,58500.0,68090.0,-14.084300190923782,-1.0679258990192508,low_a,-0.15370537545792737,2.1937425335842082,0.7929103639741117,0.9881415896453686,450080
1M_MA10,1M,10,10,2026-06-30,58500.0,62780.0,-6.817457789104808,3.1547814656588846,low_r2,0.523065447971582,-3.4532854620464217,0.36677856103837964,0.8499445182033741,450080
1M_MA20,1M,20,10,2026-06-30,58500.0,62085.0,-5.77434162841266,-9.258988599824614,vertex_out,0.22122064482284248,-4.8279240289088445,1.2124456188112136,0.9285684830806278,450080
1d_MA20,1D,20,10,2026-06-15,5060.0,4849.75,4.335275014175988,-1.0911130372711964,low_a,0.06296256296256478,-1.6684441684441746,1.4721659718085798,0.9942436434818109,451800
1w_MA10,1W,10,10,2026-06-21,5060.0,5361.5,-5.623426279958965,-2.4206024206024246,low_a,-0.28146291676683405,2.7226520357245136,0.5374009768911877,0.9586455980242501,451800
1w_MA20,1W,20,10,2026-06-21,5060.0,5227.0,-3.1949493017026986,0.5820945783422404,low_a,-0.14546511659157696,2.2875836023150153,0.8736663530351075,0.9950351396444921,451800
1M_MA10,1M,10,10,2026-06-30,5060.0,4702.0,7.613781369629935,4.955357142857153,vertex_out,0.17960787474999312,0.911275071570812,-0.2818717883918787,0.9932314019098066,451800
1M_MA20,1M,20,10,2026-06-30,5060.0,4221.5,19.86260807769751,2.669179789627285,pass,0.19840753570329797,-1.6714674591526468,0.468023066548851,0.9850028579186867,451800
1d_MA20,1D,20,10,2026-06-15,2755.0,2857.0,-3.570178508925448,-2.524735585124527,low_a,-0.03266483132339427,-0.4800393047701397,-0.8164392462638483,0.9944034588215226,452260
1w_MA10,1W,10,10,2026-06-21,2755.0,2941.0,-6.324379462767771,2.1712697585547946,low_a,-0.00821081717282933,1.076424671001973,7.283242258652559,0.9423205965488674,452260
1w_MA20,1W,20,10,2026-06-21,2755.0,2781.5,-0.9527233507100497,3.240293964813312,low_a,-0.19191586464150423,4.696311803426855,1.359482249103588,0.9960298045395993,452260
1M_MA10,1M,10,10,2026-06-30,2755.0,2081.7,32.34375750588463,20.16277995843914,vertex_out,1.0158983522776466,-1.8299632463348865,0.10007361914550827,0.9907554481160371,452260
1M_MA20,1M,20,10,2026-06-30,2755.0,1629.9,69.02877477145837,10.482968988307073,vertex_out,0.5686453004683081,-1.7529933137933666,0.1712640856308149,0.9824436741236263,452260
1d_MA20,1D,20,10,2026-06-15,17580.0,17463.0,0.6699879745748261,-0.3566232061852692,low_a,-0.02430714053239255,-0.0683404193303839,-0.15619648710795506,0.9097704155364471,453340
1w_MA10,1W,10,10,2026-06-21,17580.0,17418.0,0.9300723389596977,2.2963528513537224,low_a,-0.0001137719798373878,1.059303598980906,517.2644444396343,0.9682569575366656,453340
1w_MA20,1W,20,10,2026-06-21,17580.0,16660.0,5.522208883553414,1.498720604362136,low_a,0.016859751239585226,0.5023502891582092,-1.6553239132112412,0.9883536930585395,453340
1M_MA10,1M,10,10,2026-06-30,17580.0,15928.0,10.371672526368659,0.4794347716376546,low_r2,-0.09926369776839894,1.1102513041097157,0.6213815261044168,0.7749319707767768,453340
1M_MA20,1M,20,10,2026-06-30,17580.0,15653.5,12.30715175519852,3.5626860734369936,low_a,0.04199879910530468,0.9263967368365371,-1.2254275473630654,0.9977171841950325,453340
1d_MA20,1D,20,10,2026-06-15,111400.0,117515.0,-5.20359103093222,0.5303905214081084,low_a,-0.16372682241653932,2.366441749278746,0.8029776925406252,0.98696039253604,454910
1w_MA10,1W,10,10,2026-06-21,111400.0,110140.0,1.1439985473034264,4.735640928109541,vertex_out,0.25427437175166484,-0.13791191374204273,0.03013191196929533,0.9805091453015052,454910
1w_MA20,1W,20,10,2026-06-21,111400.0,101850.0,9.376534118802171,-0.31320348438876877,low_a,-0.047827931169481044,1.7892858898928352,2.0783832632958035,0.9684827192317561,454910
1M_MA10,1M,10,10,2026-06-30,111400.0,92760.0,20.09486847779216,11.41004083593562,vertex_out,0.2591644043988957,3.0592138005148777,-0.6557857459052765,0.9897942761279517,454910
1M_MA20,1M,20,10,2026-06-30,111400.0,75580.0,47.393490341360156,5.884001120762128,vertex_out,0.2072430796321623,-0.21599920974824388,0.05790280726586139,0.9852949868449825,454910
1d_MA20,1D,20,10,2026-06-15,97600.0,115905.0,-15.793106423363968,-2.727539759137254,low_a,-0.008399290190369819,-1.036837461514853,-6.857970124822346,0.99852932816647,456040
1w_MA10,1W,10,10,2026-06-21,97600.0,121010.0,-19.345508635649942,1.145101972584417,low_a,-0.3485839048970622,6.178533954123429,0.9847037729454369,0.9995683374431398,456040
1w_MA20,1W,20,10,2026-06-21,97600.0,104750.0,-6.825775656324584,2.983827360762925,low_a,-0.2019289255550236,5.073434886772362,1.3958252535383908,0.9993118209545262,456040
1M_MA10,1M,10,10,2026-06-30,97600.0,85360.0,14.339268978444242,14.423592493297587,vertex_out,0.9264651046375617,-3.328157991642368,0.19957326538994336,0.9838622902751912,456040
1M_MA20,1M,20,10,2026-06-30,97600.0,71705.0,36.11324175441044,4.762948352691931,pass,0.4725170324482124,-4.148647185351445,0.4877716216747211,0.891815154179796,456040
1d_MA20,1D,20,10,2026-06-15,85300.0,90845.0,-6.103803181242773,-2.505902554196182,low_a,0.04664827480685144,-2.0790203115918002,2.4760000000000533,0.9985749249699108,457190
1w_MA10,1W,10,10,2026-06-21,85300.0,102410.0,-16.707352797578356,-1.8873347384556483,low_a,-0.17640960617902007,1.8326008762519912,0.5771293411791848,0.906580516554946,457190
1w_MA20,1W,20,10,2026-06-21,85300.0,100450.0,-15.08213041314087,-1.68346872858961,low_a,-0.2742609240296459,4.402175903301056,0.8917250199840129,0.9914725165088858,457190
1M_MA10,1M,10,10,2026-06-30,85300.0,82705.0,3.1376579408741945,12.631077216396559,vertex_out,0.5646072713887177,2.8205645958632752,-0.27753456436736657,0.9838380292718202,457190
1M_MA20,1M,20,10,2026-06-30,85300.0,62387.5,36.72610699258665,7.736476276820792,vertex_out,0.48441149189568977,-0.6197308286446266,0.07107488376363885,0.9657432915985542,457190
1d_MA20,1D,20,10,2026-06-15,5410.0,5588.0,-3.1853972798854713,-1.3853348627900774,low_a,0.034426683139413744,-1.303983837550836,2.1042848141145565,0.9994212608166135,460850
1w_MA10,1W,10,10,2026-06-21,5410.0,5877.0,-7.946231070273946,-0.3729445668757436,low_a,-0.13908491892711627,1.4723462674595238,0.5881084411583541,0.9173663665361351,460850
1w_MA20,1W,20,10,2026-06-21,5410.0,5780.0,-6.401384083044981,0.08658008658009031,low_a,-0.062382873990325105,1.0888973930217138,0.9697260761294747,0.9902628307611167,460850
1M_MA10,1M,10,10,2026-06-30,5410.0,5584.0,-3.1160458452722084,-0.7112375533428139,vertex_out,0.14831700471157017,-2.524217907736211,0.9455040470934457,0.9747019441392027,460850
1M_MA20,1M,20,10,2026-06-30,5410.0,5898.5,-8.281766550818004,-1.6014680123446534,low_a,0.015069385466163411,-1.1982279139280774,4.417447386286593,0.993639689247351,460850
1d_MA20,1D,20,10,2026-06-15,10380.0,10778.0,-3.6927073668584165,-3.1060367690025625,low_a,0.04064213017403465,-2.3508182228473866,3.2134391534390696,0.9989065862785755,460860
1w_MA10,1W,10,10,2026-06-21,10380.0,11825.0,-12.219873150105709,0.27134740948020486,low_a,-0.35192639134323633,5.4882791194886105,0.8663868440311701,0.9934274116661524,460860
1w_MA20,1W,20,10,2026-06-21,10380.0,10591.0,-1.9922575771881834,1.242711021890841,low_a,-0.1709314773451385,3.3880770182191786,1.1011810342697537,0.9944236640700609,460860
1M_MA10,1M,10,10,2026-06-30,10380.0,9894.0,4.9120679199514905,1.2691914022517903,vertex_out,0.23304360039054084,-1.2411705560393649,0.2958842022025485,0.8580789143345393,460860
1M_MA20,1M,20,10,2026-06-30,10380.0,9507.0,9.182707478699914,1.7934578938915369,pass,0.31657857951185303,-2.846846860137127,0.4995857873276781,0.904653131150159,460860
1d_MA20,1D,20,10,2026-06-15,14840.0,14341.0,3.4795342026358034,0.08723872003348898,low_a,0.01932369591642408,-0.308347215329045,0.886497123826799,0.9848646358581408,462520
1w_MA10,1W,10,10,2026-06-21,14840.0,14540.0,2.063273727647874,0.6506991554755537,low_a,-0.012768576295812522,0.47854932054256694,2.0821486082355865,0.9895306062658404,462520
1w_MA20,1W,20,10,2026-06-21,14840.0,14271.0,3.9871067199215293,0.5814568136166542,low_a,0.018136950979102413,-0.021456481490416686,0.06572365723660276,0.9943507863704546,462520
1M_MA10,1M,10,10,2026-06-30,14840.0,14350.0,3.4146341463414664,0.9071092046972762,low_a,0.08892895036426263,-0.5724186417009869,0.3576004835297654,0.8889755867973574,462520
1M_MA20,1M,20,10,2026-06-30,14840.0,14299.5,3.7798524423930946,-1.7824026375437896,low_a,0.028321881387509067,-1.5123532680157576,2.9665976229224302,0.9923524348229835,462520
1d_MA20,1D,20,10,2026-06-15,32300.0,30050.0,7.4875207986688785,0.6110320582572992,low_a,0.056335800594673524,-0.5521667615613296,0.5445193087528787,0.9329961399456804,462870
1w_MA10,1W,10,10,2026-06-21,32300.0,31515.0,2.490877359987298,-0.4422682040751802,low_a,-0.019569337414162134,-0.19629641716765048,-0.5572675394426905,0.9571235321361968,462870
1w_MA20,1W,20,10,2026-06-21,32300.0,31880.0,1.317440401505654,-0.7008254166017802,low_a,0.03354150444827969,-1.0302297647946035,1.706392956263745,0.9946241440949125,462870
1M_MA10,1M,10,10,2026-06-30,32300.0,34590.0,-6.620410523272624,-6.1584373304395035,vertex_out,0.20196201440485276,-6.447208776084079,1.773493230365591,0.9989613950849815,462870
1d_MA20,1D,20,10,2026-06-15,2725.0,3103.0,-12.181759587495966,-3.6634585532443364,low_a,0.04354956313566821,-2.079044832521942,2.6522077922077694,0.9971748112610405,465770
1w_MA10,1W,10,10,2026-06-21,2725.0,3805.5,-28.39311522795953,-16.224545954870663,low_a,-0.24753212547393924,-3.5073376054643024,-0.7871789927040226,0.9978798523983015,465770
1w_MA20,1W,20,10,2026-06-21,2725.0,5119.25,-46.76954632026175,-6.0817318717607645,low_a,-0.0909459431002175,-1.3747709899551313,-0.8397973950795803,0.9998347895407783,465770
1M_MA10,1M,10,10,2026-06-30,2725.0,5597.5,-51.317552478785174,-14.672256097560975,low_a,-0.2483508594460897,-1.8233453188239699,-0.40787844416087504,0.9936943964811192,465770
1M_MA20,1M,20,10,2026-06-30,2725.0,6991.75,-61.025494332606286,-11.909411616479781,low_a,-0.32254826999237746,-0.5876387089617691,-0.10121460252473846,0.9958105585374925,465770
1d_MA20,1D,20,10,2026-06-15,48850.0,40975.0,19.219035997559498,-1.032546343819818,vertex_out,0.14268093668786427,-2.8484056445752577,1.1090812949885707,0.9969773740277743,475150
1w_MA10,1W,10,10,2026-06-21,48850.0,47310.0,3.2551257662227773,-6.95250270429737,low_a,-0.8028129413038864,7.6409736357270885,0.528763941733081,0.950167751097961,475150
1w_MA20,1W,20,10,2026-06-21,48850.0,44345.0,10.158980719359567,6.172337012473972,low_a,-0.12130266486558355,4.236397127027746,1.9402326915635786,0.9958492291537719,475150
1M_MA10,1M,10,10,2026-06-30,48850.0,33360.0,46.43285371702639,15.312824058071218,vertex_out,0.7845977022947547,0.27921292270452547,-0.01977042373916216,0.986550938545523,475150
1d_MA20,1D,20,10,2026-06-15,16230.0,17118.0,-5.187521906764814,-1.7674738895902653,low_a,0.029208827553022072,-1.3986873784881055,2.660320898515854,0.999664488446102,475560
1w_MA10,1W,10,10,2026-06-21,16230.0,18732.0,-13.356822549647662,-5.053474580566675,low_a,-0.08047151120975252,-1.064845660899633,-0.7351432995709958,0.9987530279776509,475560
1w_MA20,1W,20,10,2026-06-21,16230.0,20553.5,-21.03534677792104,-3.728424553268228,low_a,-0.06495808972977901,-0.7930339414377559,-0.6782441013007343,0.9994002360340853,475560
1M_MA10,1M,10,10,2026-06-30,16230.0,22367.0,-27.437743103679523,-7.248600456147624,low_a,-0.07179860942731604,-1.5756781925768748,-1.219211319879378,0.99089861491618,475560
1d_MA20,1D,20,10,2026-06-15,1708.0,1850.6,-7.705608991678369,-4.064282011404874,low_a,0.022532880459373936,-2.479444287453044,6.113151183971163,0.9986237536064055,480370
1w_MA10,1W,10,10,2026-06-21,1708.0,2133.2,-19.932495780986304,-2.84647265109077,vertex_out,0.227319089959131,-5.10954335844741,1.2487447489112329,0.9932750720317041,480370
1w_MA20,1W,20,10,2026-06-21,1708.0,2500.6,-31.69639286571223,-4.391213749068035,low_a,-0.08266245371070541,-0.6658991467643763,-0.4475356752889892,0.995411737147463,480370
1d_MA20,1D,20,10,2026-06-15,895.0,937.65,-4.548605556444296,-1.1647517655739459,low_a,0.033772259943977485,-1.259699463050233,2.0722126271348524,0.9977153001675985,481850
1w_MA10,1W,10,10,2026-06-21,895.0,1020.5,-12.29789318961293,-4.196395043184387,low_a,-0.05875032271303874,-0.8449565192447323,-0.7990088680229752,0.9961083970749136,481850
1w_MA20,1W,20,10,2026-06-21,895.0,1098.55,-18.52897000591689,-3.4496396554754782,low_a,-0.07576467768730995,-0.5634089985840107,-0.4131278700942265,0.999540857120046,481850
1M_MA10,1M,10,10,2026-06-30,895.0,1192.2,-24.92870323771179,-8.044735827227145,low_a,0.024934418392020298,-3.2679021493850167,7.281105039465438,0.9920573197997217,481850
1d_MA20,1D,20,10,2026-06-15,196900.0,205285.0,-4.084565360352677,-2.837466868610372,low_a,-0.04454196542483052,-0.3341495825251113,-0.4167724867724593,0.9798946723772237,483650
1w_MA10,1W,10,10,2026-06-21,196900.0,211380.0,-6.850222348377333,3.1272869200370756,low_a,-0.11385992149789545,3.8116972132323466,1.85983753988975,0.9942730455873049,483650
1w_MA20,1W,20,10,2026-06-21,196900.0,186930.0,5.333547317177545,2.242520374118029,low_a,-0.09492256262459767,2.673484432005613,1.5647166361974338,0.9976468104478788,483650
1d_MA20,1D,20,10,2026-06-15,88300.0,77710.0,13.627589756788062,-1.4957535809354772,vertex_out,0.1534197656381757,-3.627701727909756,1.3136441973140784,0.9957819268078227,484870
1w_MA10,1W,10,10,2026-06-21,88300.0,95590.0,-7.626320744847792,-4.228033263200082,low_a,-0.02516644470347172,-2.745953360312302,-6.061760660247327,0.9901047324273295,484870
1w_MA20,1W,20,10,2026-06-21,88300.0,109170.0,-19.116973527525882,-4.625868169309399,low_a,-0.18526704657200269,-0.5755547376267218,-0.17259012756517167,0.986630565364332,484870
1d_MA20,1D,20,10,2026-06-15,54000.0,54367.5,-0.6759553041798871,-1.2352967891366529,low_a,0.03846785283910958,-1.5418480388540152,2.2267482601392157,0.9940292386471135,487570
1w_MA10,1W,10,10,2026-06-21,54000.0,57810.0,-6.590555267254805,-0.2932045532942351,low_r2,-0.017339409688269466,0.10421897823159663,0.33391812865496456,0.1499775157027481,487570
1w_MA20,1W,20,10,2026-06-21,54000.0,58320.0,-7.4074074074074066,-1.4948061819103131,low_r2,-0.03903014511523107,0.2402693169737359,0.3419996351030925,0.5566793855043708,487570
1M_MA10,1M,10,10,2026-06-30,54000.0,59460.0,-9.182643794147328,-1.929737753587335,low_a,-0.5757392667314646,7.519636430504108,0.7256020278833966,0.9856986085224965,487570
1d_MA20,1D,20,10,2026-06-15,73100.0,70065.0,4.3316920002854475,-0.7648183556405397,low_a,0.05079500861709595,-1.3327657691154675,1.4576735932222435,0.9948573245566308,489790
1w_MA10,1W,10,10,2026-06-21,73100.0,75650.0,-3.3707865168539297,0.42479755741404723,low_r2,-0.16889938168564217,1.0143145400779157,0.33363537047747943,0.5939474730793515,489790
1w_MA20,1W,20,10,2026-06-21,73100.0,75330.0,-2.9603079782291264,2.204735092598864,low_a,-0.16345023748967924,3.4392531812261686,1.168977323702551,0.9976543681302913,489790
1M_MA10,1M,10,10,2026-06-30,73100.0,63635.0,14.873890154789038,4.1063394683026555,vertex_out,0.19493276291061784,0.9599838181791107,-0.2735940000385587,0.9697550259617311,489790
1d_MA20,1D,20,10,2026-06-15,48100.0,46612.5,3.191204076159826,-0.6924101198402144,low_a,0.08931618271361733,-1.3881244980323058,0.8634272684462125,0.9722238537330381,499790
1w_MA10,1W,10,10,2026-06-21,48100.0,49760.0,-3.336012861736337,2.250077057433475,low_r2,0.09636338977199839,-0.8815728231352383,0.5082455906526172,0.4117122765423076,499790
1w_MA20,1W,20,10,2026-06-21,48100.0,50640.0,-5.015797788309639,0.2623372766420884,low_a,-0.05268444958938652,1.0354985919367592,1.091929402326552,0.9725618558167733,499790
1d_MA20,1D,20,10,2026-06-15,1445.0,1476.4,-2.1267949065294056,-1.6683872256818333,low_a,0.0004566251972003518,-0.848110958836887,103.18588588589142,0.9980069956204473,900140
1w_MA10,1W,10,10,2026-06-21,1445.0,1584.1,-8.781011299791675,-2.0406901242965847,low_a,-0.19048625792811902,1.8248766737139024,0.5322275660788464,0.9089580192647304,900140
1w_MA20,1W,20,10,2026-06-21,1445.0,1564.9,-7.661831426928245,-0.35340189117768483,low_a,-0.03904204175173705,0.5248424827108471,0.7468337821973894,0.9526661937792574,900140
1M_MA10,1M,10,10,2026-06-30,1445.0,1584.5,-8.80403912906279,-5.29555914171298,low_a,-0.17279165343775219,0.2547403605319774,0.0819035061602373,0.9971677602684308,900140
1M_MA20,1M,20,10,2026-06-30,1445.0,1692.3,-14.613248242037457,-4.664525942200437,vertex_out,0.106726842103495,-3.586579355857785,1.866956847327546,0.9990451122572731,900140
1d_MA20,1D,20,10,2026-06-15,7000.0,7067.0,-0.9480684873355072,-1.153926848031328,low_a,0.041842472121356084,-1.3337068715554747,1.7708042197561493,0.9991122570193557,950210
1w_MA10,1W,10,10,2026-06-21,7000.0,7933.0,-11.760998361275687,-5.6830341219831215,low_a,-0.010660227889019472,-2.761665287499695,-14.392361111114177,0.9978271822032139,950210
1w_MA20,1W,20,10,2026-06-21,7000.0,9191.0,-23.838537699923833,-4.603248741501897,low_a,-0.01946526866702715,-2.264488997546382,-6.463046899590829,0.998272894848551,950210
1M_MA10,1M,10,10,2026-06-30,7000.0,10617.0,-34.06800414429688,-12.038111019055508,low_a,-0.336938358368095,0.13723621199490346,0.022627978709944367,0.9942738860488428,950210
1M_MA20,1M,20,10,2026-06-30,7000.0,12421.0,-43.64382899927543,-7.125766412442047,low_a,-0.40880644022466206,3.4482858855679526,0.46861159521319984,0.9503948979050069,950210
