symbol,last_date,close,ma20,px_vs_ma20_pct,category,a_pct,b_pct,vertex_x,vertex_pos,r2,y_mean
BILLUSDT,2026-06-15,0.07046,0.0749995,-6.052707018046788,case3_bounce_up,0.25020969168693297,-6.341237696849351,12.671846670079482,0.9051319050056773,0.9893769457758448,0.08755926666666666
GWEIUSDT,2026-06-15,0.14961,0.133419,12.13545297146581,case3_bounce_up,0.22058375592010995,-2.344566579719294,5.314458832064766,0.3796042022903404,0.9564682041854119,0.12145376666666666
SKYAIUSDT,2026-06-15,0.35688,0.23264999999999997,53.397807865892986,case3_bounce_up,0.20788264457292124,-4.376051727791914,10.525293577975622,0.7518066841411158,0.9571774032400507,0.23793056666666662
BUSDT,2026-06-15,0.2522,0.24556,2.704023456589022,case3_bounce_up,0.20174968975939844,-4.584838314301874,11.362689875185524,0.8116207053703945,0.9800639234182567,0.26527100000000003
NAORISUSDT,2026-06-15,0.03222,0.0344165,-6.382113230572561,case3_bounce_up,0.19668507073628844,-3.628754058261299,9.224782655534296,0.6589130468238783,0.7586338361973642,0.0356556
PROMUSDT,2026-06-15,1.1566,1.040545,11.153289862523973,case3_bounce_up,0.17058708975193657,-3.61150611503643,10.585520042249948,0.7561085744464249,0.9757012086470578,1.0906126666666667
AINUSDT,2026-06-15,0.08782,0.0782115,12.285277740485734,case3_bounce_up,0.14265722006300569,-2.684090355990875,9.407481636069402,0.6719629740049573,0.92597651226149,0.0785308
CGPTUSDT,2026-06-15,0.02162,0.022032,-1.8700072621641195,case3_bounce_up,0.13143479299049982,-3.6055797193219434,13.716230068481778,0.9797307191772698,0.994098502637436,0.024193166666666672
FUTUUSDT,2026-06-15,100.25,98.158,2.1312577680881795,case3_bounce_up,0.12845701923553254,-3.024197625484295,11.771243188896019,0.8408030849211442,0.9871331373653714,103.35296666666665
UBUSDT,2026-06-15,0.11354,0.14335,-20.795256365538894,case3_bounce_up,0.12319164705163876,-2.4530300590110805,9.956154161908533,0.7111538687077523,0.709208975859732,0.15243813333333334
COAIUSDT,2026-06-15,0.321,0.28759,11.617232866233174,case3_bounce_up,0.11365734405578637,-2.0685245001238224,9.099827720365036,0.6499876943117883,0.8677855515885176,0.28597066666666665
ATUSDT,2026-06-15,0.1294,0.12623,2.5112889170561425,case3_bounce_up,0.10937928868892996,-1.7599523528617975,8.04518101167684,0.5746557865483457,0.9560091841881413,0.12482066666666666
PARTIUSDT,2026-06-15,0.0557,0.052802,5.488428468618611,case3_bounce_up,0.09860148678607118,-1.362469683548111,6.908971294237007,0.4934979495883577,0.941404269831658,0.051678
POWERUSDT,2026-06-15,0.07949,0.0773925,2.7102109377523664,case3_bounce_up,0.09816582479741061,-1.5326051276650106,7.806205116841421,0.5575860797743872,0.8727621147793021,0.07651953333333332
CRVUSDT,2026-06-15,0.2382,0.21300499999999997,11.828360836600083,case3_bounce_up,0.09451813038432605,-1.938423701930618,10.254242725965234,0.7324459089975167,0.9955445654461275,0.21636299999999997
BANKUSDT,2026-06-15,0.04088,0.0367295,11.300181053376711,case3_bounce_up,0.09287393852419162,-1.2742810902081811,6.860272701131647,0.49001947865226053,0.8456374067768629,0.0358532
BIOUSDT,2026-06-15,0.03135,0.030565500000000002,2.566619227560496,case3_bounce_up,0.089642638970673,-2.2966219374767283,12.80987465255278,0.9149910466109129,0.9959787678334208,0.0321366
ASRUSDT,2026-06-15,1.173,0.9928999999999999,18.13878537617084,case3_bounce_up,0.07687049960030458,-1.843110624509443,11.988413202027246,0.8563152287162319,0.9954573825939088,1.0204033333333333
PIPPINUSDT,2026-06-15,0.01824,0.0185955,-1.9117528434298703,case3_bounce_up,0.0759328822990398,-2.224591324674245,14.648405653253961,1.04631468951814,0.9678007748435854,0.0199412
BRUSDT,2026-06-15,0.1119,0.11670850000000002,-4.120094080551128,case3_bounce_up,0.07516608752965577,-1.4936764297705625,9.935839943653129,0.7097028531180806,0.9480706301984442,0.11874006666666669
CATIUSDT,2026-06-15,0.0602,0.0523375,15.02268927633148,case3_bounce_up,0.07313207348960175,-1.2586657402430832,8.605429055844054,0.614673503988861,0.9803664668349183,0.052133366666666674
PRLUSDT,2026-06-15,0.1847,0.187485,-1.4854521695068956,case3_bounce_up,0.07105290639079784,-1.3726291345767878,9.65920469901115,0.6899431927865107,0.9923652392214598,0.1880893333333333
RUNEUSDT,2026-06-15,0.3918,0.387105,1.212849226953927,case3_bounce_up,0.06960564610540568,-2.021111415747095,14.5183008048404,1.0370214860600286,0.9932060568243261,0.41135333333333335
PYTHUSDT,2026-06-15,0.0388,0.036776500000000004,5.50215490870527,case3_bounce_up,0.06901667597411575,-2.099627293593037,15.211014323411408,1.086501023100815,0.9972863300485619,0.03897633333333333
GPSUSDT,2026-06-15,0.009192,0.00738365,24.491274640591044,case3_bounce_up,0.06895387192516073,-0.9713421742164321,7.043420094455906,0.503101435318279,0.8887231013326022,0.007192996666666667
SQDUSDT,2026-06-15,0.04158,0.0356,16.797752808988765,case3_bounce_up,0.06880067503606302,-1.6399822104860302,11.91835842908813,0.8513113163634378,0.9494931770898066,0.036350299999999995
NOTUSDT,2026-06-15,0.0004513,0.00043054,4.821851628187868,case3_bounce_up,0.06548906115722361,-1.8061865010271145,13.789986213811279,0.9849990152722342,0.9827979389944096,0.00044793066666666667
TRUMPUSDT,2026-06-15,1.99,1.8776,5.986365573072017,case3_bounce_up,0.06302349053092433,-1.6909755071639923,13.415438377966904,0.9582455984262074,0.9873021566771751,1.94538
BASEDUSDT,2026-06-15,0.07869,0.068889,14.227235117362703,case3_bounce_up,0.057903275683361406,-1.2760799967301366,11.019065689031649,0.7870761206451178,0.9573628148147627,0.06946586666666668
QUSDT,2026-06-15,0.017393,0.0179625,-3.1704940848991003,case3_bounce_up,0.057768150304767264,-1.5284463630002914,13.22914404335842,0.9449388602398872,0.9718993937386855,0.018569866666666667
BABYUSDT,2026-06-15,0.0195,0.0152125,28.184059161873453,case3_bounce_up,0.05461992643093492,-1.1960181564444827,10.948551514041382,0.7820393938600987,0.9132665367489556,0.015345066666666664
NMRUSDT,2026-06-15,8.573,8.3533,2.630098284510307,case3_bounce_up,0.052039475514168265,-1.2183372954312397,11.705895220826497,0.8361353729161783,0.9748318065873196,8.5033
4USDT,2026-06-15,0.008897,0.00895665,-0.6659856084585192,case3_bounce_up,0.04877349751800369,-1.2544841889714202,12.86030583011147,0.9185932735793907,0.9614312465138284,0.009200163333333336
TUTUSDT,2026-06-15,0.01041,0.0101725,2.334725976898522,case3_bounce_up,0.04535622164173887,-1.1318564876207544,12.477411550736054,0.8912436821954325,0.9782121655237117,0.010382866666666666
ACUUSDT,2026-06-15,0.07828,0.0808065,-3.1266049142086305,case3_bounce_up,0.04410261720553451,-1.2120967188736955,13.741777650347558,0.981555546453397,0.9959454054768228,0.08306996666666669
ESPUSDT,2026-06-15,0.072417,0.06636165,9.124773118209095,case3_bounce_up,0.04136061415565831,-0.5880229920028733,7.108489610307556,0.5077492578791112,0.8756542984340027,0.06572867333333333
RDDTUSDT,2026-06-15,181.74,170.651,6.498057438866467,case1_uptrend,0.019976083138186673,0.2933442561211359,-7.342386745486989,-0.5244561961062135,0.9955969625190245,162.9866
IDOLUSDT,2026-06-15,0.03075,0.029308,4.92015831854784,case1_uptrend,0.01728113965161617,0.4233172977647103,-12.247956624930135,-0.8748540446378668,0.9954914634997946,0.027876333333333336
ASMLUSDT,2026-06-15,1891.39,1724.327,9.688591549050729,case1_uptrend,0.012483635001327008,0.4469358304932675,-17.900869035571706,-1.2786335025408362,0.9988085505720027,1647.1305666666665
UAIUSDT,2026-06-15,0.32713,0.284687,14.908654065693172,case1_uptrend,0.01108395419844217,0.617493048373734,-27.855268856150698,-1.9896620611536213,0.972762285517082,0.2696693666666667
IOUSDT,2026-06-15,0.1778,0.16699000000000003,6.473441523444512,case1_uptrend,0.007969251474006546,0.36081283939131076,-22.6378123822658,-1.6169865987332714,0.9375966436847012,0.16147633333333333
STXSTOCKUSDT,2026-06-15,1016.48,889.2695,14.305056003832362,case1_uptrend,0.006535802682737956,0.4419449675157056,-33.809540233133816,-2.4149671595095583,0.987023352305297,852.2231
DRAMUSDT,2026-06-15,70.94,63.387,11.915692492151386,case1_uptrend,0.0036364447661015238,0.6815576146285892,-93.71208123136952,-6.693720087954966,0.9894027231135676,60.123799999999996
CRDOUSDT,2026-06-15,257.69,229.36999999999998,12.346863146880604,case1_uptrend,0.003295411621660537,0.8731295121463916,-132.47654805963617,-9.462610575688299,0.9952585555852093,215.96206666666666
MUUSDT,2026-06-15,1084.87,968.8104999999999,11.97958733931972,case1_uptrend,-0.0010384910559617896,1.1553492067112114,556.2634362995041,39.733102592821716,0.9976546822100962,896.9632999999998
EWYUSDT,2026-06-15,210.07,197.1155,6.572035177345259,case1_uptrend,-0.0020093719256185825,0.20945120811673082,52.118576318879235,3.7227554513485166,0.9159760437615988,194.41260000000003
TSMUSDT,2026-06-15,440.4,425.578,3.4827928135382935,case1_uptrend,-0.0032669043348175766,0.2540509426893869,38.88251945148756,2.7773228179633973,0.985915810141732,419.4495
NBISUSDT,2026-06-15,259.45,235.4395,10.198161311079911,case1_uptrend,-0.004273766694375329,0.4331419861089721,50.674500631846236,3.619607187989017,0.9536662142166663,228.15773333333334
EWTUSDT,2026-06-15,106.15,102.417,3.644902701699926,case1_uptrend,-0.008733987626403346,0.48195769870343014,27.590930930932647,1.9707807807809032,0.9942224906872933,100.1232
LLYUSDT,2026-06-15,1131.49,1121.246,0.9136264477197509,case1_uptrend,-0.00901240519223173,0.6045113142335541,33.53773500744366,2.3955525005316898,0.993230193900964,1089.4042000000002
GEUSDT,2026-06-15,342.12,326.48100000000005,4.790171556690881,case1_uptrend,-0.009115921333565024,0.6565321693931577,36.01019279180217,2.572156627985869,0.99552075599927,315.4868666666667
FORMUSDT,2026-06-15,0.2295,0.24599500000000002,-6.705420841887033,case1_uptrend,-0.01085382797031007,0.4110758666409942,18.936907225978942,1.3526362304270674,0.9086045828232565,0.242777
XLMUSDT,2026-06-15,0.21371,0.20803699999999997,2.7269187692574137,case1_uptrend,-0.015586237016073886,1.5233825240248118,48.86947768257877,3.490676977327055,0.9984844141638515,0.1908686
AMDUSDT,2026-06-15,547.21,500.716,9.285503159475628,case1_uptrend,-0.018893205000376206,0.7086298409893393,18.75356354242779,1.3395402530305565,0.9865471549565275,486.8220333333333
ARKMUSDT,2026-06-15,0.133,0.130395,1.9977759883430979,case4_bounce_down,-0.04213249032802754,0.37937606198290813,4.50217942292552,0.32158424449468004,0.9738493005164549,0.13392933333333332
ZAMAUSDT,2026-06-15,0.03105,0.032575,-4.681504221028387,case4_bounce_down,-0.04319868916141339,0.8490130676029038,9.826838314821746,0.7019170224872676,0.9854086073968072,0.03242606666666667
MPUSDT,2026-06-15,58.21,61.592,-5.4909728536173485,case4_bounce_down,-0.04440449974235924,0.42629834660305704,4.800170580419736,0.3428693271728383,0.969958514582842,63.20506666666667
FETUSDT,2026-06-15,0.2132,0.22305999999999998,-4.420335335784086,case4_bounce_down,-0.04474584193895072,0.7134656886320654,7.972424450136472,0.5694588892954623,0.9490042786429492,0.22524599999999997
INJUSDT,2026-06-15,5.572,5.7188,-2.5669720920472816,case4_bounce_down,-0.047266717570669095,0.970960695857336,10.271082336166458,0.7336487382976041,0.9832210201939828,5.670886666666667
KOPNUSDT,2026-06-15,5.267,5.4421,-3.217507947299747,case4_bounce_down,-0.05366901949823388,1.024097928578735,9.54086676217772,0.6814904830126942,0.9796205975959086,5.422520000000001
ORCLUSDT,2026-06-15,191.83,210.175,-8.728440585226593,case4_bounce_down,-0.05544169864946139,1.0846685386976136,9.78206444895922,0.6987188892113728,0.980294752954603,208.57536666666664
SAGAUSDT,2026-05-26,0.02012,0.022816,-11.816269284712488,case4_bounce_down,-0.056311658031471035,1.703555759807975,15.126137458569456,1.0804383898978183,0.9866048276623917,0.021667766666666668
USARUSDT,2026-06-15,23.06,24.916,-7.44902873655483,case4_bounce_down,-0.05797038904323201,0.6122419506296334,5.2806437970689455,0.3771888426477818,0.9649562704929274,25.707599999999996
PHAUSDT,2026-06-15,0.03548,0.035806000000000004,-0.9104619337541364,case4_bounce_down,-0.06021281279309824,0.6305278514473422,5.235827909368279,0.3739877078120199,0.9017499858223297,0.0374514
IONQUSDT,2026-06-15,61.29,62.70649999999999,-2.2589364738902495,case4_bounce_down,-0.06102384517087675,1.048393073347991,8.590027967037466,0.6135734262169619,0.9449206493397987,62.89776666666667
FFUSDT,2026-06-15,0.07296,0.0902385,-19.147592213966323,case4_bounce_down,-0.06581481208767329,0.7870001295557603,5.978898249434952,0.4270641606739251,0.970186290216744,0.0930129
MYXUSDT,2026-06-15,0.1668,0.23841,-30.036491757896066,case4_bounce_down,-0.08079292601789789,2.0985989982812083,12.987516987664923,0.9276797848332088,0.9675137571746556,0.23107466666666668
DYDXUSDT,2026-06-15,0.1208,0.14832499999999998,-18.557222315860432,case4_bounce_down,-0.08193141066732308,0.7205922262125635,4.397533377879206,0.3141095269913719,0.9861423356328293,0.15645033333333333
HYPEUSDT,2026-06-15,66.873,63.342099999999995,5.574333658025243,case4_bounce_down,-0.0986339809929086,2.113982047216665,10.716296888435702,0.7654497777454072,0.9773537939358842,61.344006666666665
APRUSDT,2026-06-15,0.19746,0.2031605,-2.805909613335267,case4_bounce_down,-0.10540390882477772,2.8170585528078234,13.3631597927306,0.9545114137664715,0.9972359719620375,0.19068083333333335
USELESSUSDT,2026-06-15,0.07477,0.0721245,3.6679630361389215,case4_bounce_down,-0.10942312009582114,1.7231588471315131,7.873833453216074,0.5624166752297196,0.923592760701695,0.07273486666666666
VVVUSDT,2026-06-15,15.069,16.516399999999997,-8.763410912789693,case4_bounce_down,-0.11501996580500734,1.5702007854640876,6.825774875146632,0.4875553482247594,0.8890561987448746,16.93185
ATAUSDT,2026-05-17,0.00539,0.0093475,-42.33752340197914,case4_bounce_down,-0.11936595865120925,1.3001736199568312,5.446165869433411,0.38901184781667225,0.9144404630091809,0.010047566666666667
GRASSUSDT,2026-06-15,0.46202,0.417423,10.683886609027304,case4_bounce_down,-0.12673456124325655,1.6930207660469887,6.67939648600422,0.4770997490003014,0.9650066890118917,0.4350925333333334
INUSDT,2026-06-15,0.07465,0.0851615,-12.34301885241571,case4_bounce_down,-0.12798809728046914,2.509131025717333,9.802204576175946,0.7001574697268532,0.9915188174051411,0.08444143333333333
NEARUSDT,2026-06-15,2.392,2.2530849999999996,6.165546350892237,case4_bounce_down,-0.13285231209441217,2.4224186623501747,9.116960872418504,0.651211490887036,0.9867349676387348,2.2479436666666666
SIRENUSDT,2026-06-15,0.05293,0.5939490000000001,-91.08846045704261,case4_bounce_down,-0.19417457380247238,4.435222915942755,11.420709800178487,0.8157649857270348,0.7565772907752617,0.5892559333333334
HOMEUSDT,2026-06-15,0.02877,0.0352765,-18.444290108145655,case4_bounce_down,-0.22696208034994908,5.7298383050631925,12.62289783436169,0.9016355595972636,0.9906901303453235,0.03140296666666667
HUSDT,2026-06-15,0.23138,0.3844995,-39.82306869059647,case4_bounce_down,-0.27597473248376386,5.62315844449493,10.187813923917385,0.7277009945655275,0.9008505331035757,0.35791393333333327
ORCAUSDT,2026-06-15,1.137,1.13965,-0.2325275303821428,case2_downtrend,0.019974679793618968,-1.7462464151765456,43.711499588954474,3.122249970639605,0.996494226407441,1.25476
XRPUSDT,2026-06-15,1.2375,1.2046100000000002,2.730344260798079,case2_downtrend,0.019930133588975323,-1.2074191735680295,30.291296547955234,2.1636640391396598,0.9988233791913362,1.2768586666666666
HOLOUSDT,2026-06-15,0.06712,0.0658875,1.8706127869474454,case2_downtrend,0.019774653139073724,-1.3009632761477719,32.894717975536416,2.3496227125383156,0.9812191816689836,0.06993246666666667
AAVEUSDT,2026-06-15,73.71,71.0935,3.6803645902930393,case2_downtrend,0.01955559262910384,-1.7936195414032834,45.859503606500475,3.275678829035748,0.9983133562594553,78.59349999999999
ILVUSDT,2026-06-15,3.488,3.5948,-2.970958050517425,case2_downtrend,0.019369237440431633,-1.694741197932192,43.748268437108536,3.124876316936324,0.9991872668037659,3.9522566666666665
AXLUSDT,2026-06-15,0.04596,0.0475045,-3.251270932227468,case2_downtrend,0.01930360348337425,-1.7740289859257956,45.95072074117472,3.282194338655337,0.9985607710913024,0.0525449
LINKUSDT,2026-06-15,8.295,8.27375,0.25683638011784193,case2_downtrend,0.019133506307550785,-1.2897804058389357,33.70475816369164,2.4074827259779745,0.9993296389545752,8.842516666666667
LUNCUSDT,2026-06-15,7.153e-05,7.35055e-05,-2.687553992558378,case2_downtrend,0.01905707721363138,-0.9693310881852553,25.432312555565982,1.8165937539689987,0.9870959393630828,7.72583e-05
CROUSDT,2026-06-15,0.0625,0.0624995,0.0008000064000590612,case2_downtrend,0.018738982892322696,-1.0049035872619592,26.81318385945229,1.9152274185323066,0.9986769259387188,0.06553193333333333
AEROUSDT,2026-06-15,0.4274,0.37150000000000005,15.047106325706583,case2_downtrend,0.018684462665545517,-1.3324880520127287,35.65764977736985,2.5469749840978464,0.9968901575045604,0.396752
SIGNUSDT,2026-06-15,0.00886,0.009799,-9.582610470456176,case2_downtrend,0.018537584509928144,-2.243567614241846,60.51402255348485,4.322430182391775,0.9996298773203228,0.011286666666666665
THETAUSDT,2026-06-15,0.1643,0.1681,-2.260559190957767,case2_downtrend,0.018401607383209374,-1.4810925657101344,40.24356500132602,2.874540357237573,0.9984170378366102,0.18202033333333334
PEPEUSDT,2026-06-15,2.9442e-06,3.022155e-06,-2.579450756165713,case2_downtrend,0.01835254422789189,-1.619475224041858,44.12127288544023,3.151519491817159,0.9992630841327602,3.30993e-06
ENSUSDT,2026-06-15,5.408,5.2033000000000005,3.934041858051618,case2_downtrend,0.01821559421258467,-1.6063806739392752,44.093556740231655,3.149539767159404,0.9989701012484238,5.687263333333333
WLFIUSDT,2026-06-15,0.05989,0.058577500000000005,2.240621399001319,case2_downtrend,0.017715391166066005,-0.5830494146666688,16.456013000252156,1.175429500018011,0.9930123554047595,0.05950356666666665
XMRUSDT,2026-06-15,349.02,346.88800000000003,0.6146075966882547,case2_downtrend,0.017534609137957836,-1.0401059530266594,29.658658052864798,2.1184755752046285,0.9812191269127447,364.38533333333334
ACXUSDT,2026-06-15,0.04302,0.041846499999999995,2.8042966556343085,case2_downtrend,0.01753417118483675,-0.26153341887969245,7.457820963498463,0.5327014973927474,0.9203012369785785,0.041687
LTCUSDT,2026-06-15,45.74,46.311499999999995,-1.2340347429903864,case2_downtrend,0.01749168120692672,-1.3537861307583718,38.697999201536774,2.7641428001097696,0.9986095578762588,49.754466666666666
SFPUSDT,2026-06-15,0.2507,0.25387499999999996,-1.250615460364346,case2_downtrend,0.017312092301403736,-1.0583278153244102,30.566144082959767,2.1832960059256976,0.998203923983214,0.2673433333333333
UMAUSDT,2026-06-15,0.4263,0.407435,4.630186410102222,case2_downtrend,0.01727438650715948,-1.1048758336385678,31.980175770081466,2.2842982692915332,0.9977630343250294,0.4295123333333334
GRAMUSDT,2026-06-15,1.7184,1.7568249999999999,-2.187184267072695,case2_downtrend,0.01711946421315157,-0.9541950915731963,27.86871947897065,1.990622819926475,0.9894091519519351,1.8363859999999999
XPDUSDT,2026-06-15,1342.67,1306.9445,2.733513167544599,case2_downtrend,0.01688384827685782,-0.7373011610155334,21.83451156766582,1.5596079691189872,0.9930292536019342,1344.9913333333332
1000SATSUSDT,2026-06-15,1.002e-05,1.0305e-05,-2.7656477438136817,case2_downtrend,0.016581587227630777,-1.8237628673580686,54.993615578580915,3.9281153984700654,0.999301702704038,1.1498500000000002e-05
MOODENGUSDT,2026-06-15,0.04221,0.0429335,-1.685164265666672,case2_downtrend,0.016569256513635437,-1.5652475082848147,47.23348651753674,3.3738204655383384,0.9988459609512838,0.046903333333333325
ALICEUSDT,2026-06-15,0.1074,0.111545,-3.7159890627101233,case2_downtrend,0.016123923933764807,-1.301588257079101,40.36201927104944,2.8830013765035316,0.9980579620313654,0.11961933333333333
IDUSDT,2026-06-15,0.02722,0.0297215,-8.416466194505656,case2_downtrend,0.016078065044271055,-0.6526675057776276,20.29682999728212,1.4497735712344373,0.9754579091661928,0.030518066666666666
LAUSDT,2026-06-15,0.077,0.08498000000000001,-9.390444810543674,case2_downtrend,0.016036993563295767,-2.3813934423815186,74.24687903572737,5.303348502551955,0.999589301753337,0.09948666666666668
SOLUSDT,2026-06-15,73.938,72.10979999999999,2.535300333657853,case2_downtrend,0.01578774547850284,-1.469526486160107,46.54009934987445,3.3242928107053182,0.9985213432442285,78.25102333333334
ASTRUSDT,2026-06-15,0.0059,0.00636,-7.232704402515733,case2_downtrend,0.01566383108677864,-1.7847075721300902,56.96906338694201,4.069218813353001,0.9991662383746052,0.0070882666666666665
CELOUSDT,2026-06-15,0.0649,0.066247,-2.0332996211149146,case2_downtrend,0.015439285017708432,-1.6496716403400373,53.42448301355631,3.816034500968308,0.9990977037486868,0.0729116
1MBABYDOGEUSDT,2026-06-15,0.000346,0.000358135,-3.388387060745246,case2_downtrend,0.015369602104273026,-1.1315549298334413,36.81145816777029,2.6293898691264492,0.9994210648782414,0.0003803843333333333
STABLEUSDT,2026-06-15,0.03573,0.03576649999999999,-0.10205080172785985,case2_downtrend,0.015346177614322712,-0.3207773579794625,10.451376428749214,0.746526887767801,0.872244524139057,0.03597696666666667
ADAUSDT,2026-06-15,0.1784,0.19238,-7.266867657760678,case2_downtrend,0.014985542281305681,-2.0489688644007185,68.36485546995476,4.883203962139626,0.998233796176883,0.21871166666666664
CARVUSDT,2026-06-15,0.04531,0.0436635,3.7708841480870836,case2_downtrend,0.014620297316732757,-1.8105608490576346,61.91942646014008,4.422816175724291,0.9982579673221953,0.048613966666666654
SPACEUSDT,2026-06-15,0.006637,0.00673975,-1.5245372602841423,case2_downtrend,0.014592478253360925,-1.1760137193289004,40.29520205240129,2.878228718028663,0.9719951971166421,0.007165670000000001
METUSDT,2026-06-15,0.118,0.11477499999999999,2.809845349597051,case2_downtrend,0.014575939828158507,-1.7025846980383876,58.4039423224447,4.171710165888907,0.9937444070518072,0.12648299999999998
1000BONKUSDT,2026-06-15,0.004822,0.004832950000000001,-0.22656969345846711,case2_downtrend,0.014469615551074731,-1.7783210520018855,61.45018316916516,4.389298797797511,0.9995358105901085,0.005388523333333334
MOCAUSDT,2026-06-15,0.0099,0.0104105,-4.903702992171355,case2_downtrend,0.014455563852971013,-1.7148928088304538,59.3160123767153,4.236858026908235,0.9995017541674528,0.01156163333333333
ONEUSDT,2026-06-15,0.001524,0.00164675,-7.454076210718085,case2_downtrend,0.01437025423477348,-1.6211390502843075,56.40606713698347,4.029004795498819,0.9991381203429796,0.0018132233333333332
LUNAUSDT,2026-06-15,0.0534,0.054859000000000005,-2.6595453799741153,case2_downtrend,0.014351342506777193,-1.2077160238383877,42.076761225232524,3.005482944659466,0.9987878541312771,0.0587088
THEUSDT,2026-06-15,0.0699,0.07565000000000001,-7.600793126239269,case2_downtrend,0.014045891633459491,-1.665338764601605,59.28205941139791,4.234432815099851,0.9982948691185087,0.08346566666666666
BAUSDT,2026-06-15,228.55,220.22599999999997,3.7797535259233905,case2_downtrend,0.013925899040569206,-0.2978577035475296,10.694379683487744,0.7638842631062674,0.9413995397890583,220.7518333333333
XVSUSDT,2026-06-15,2.59,2.50445,3.4159196629998556,case2_downtrend,0.013860722918765776,-0.7664461843381254,27.64813166059499,1.9748665471853566,0.9953353146127263,2.5928599999999995
XAIUSDT,2026-06-15,0.0081,0.008652,-6.380027739251048,case2_downtrend,0.013851364760098782,-1.491254866500018,53.83061136314278,3.845043668795913,0.9993195195395378,0.009451099999999999
MUSDT,2026-06-15,2.92354,3.0503795,-4.158154747630583,case2_downtrend,0.01378880293642454,-0.3116638826858048,11.301339359289582,0.8072385256635416,0.7289093974707523,3.063151833333334
KWEBUSDT,2026-06-15,26.682,26.7065,-0.09173796641267495,case2_downtrend,0.013586582612649093,-0.44494863256449146,16.37456030150822,1.1696114501077302,0.9921231509626832,27.078123333333334
BTCUSDT,2026-06-15,66286.2,66500.80500000001,-0.3227103792202368,case2_downtrend,0.01358229379962536,-1.2031634074195667,44.291613227095475,3.163686659078248,0.9994664419534448,71144.932
EULUSDT,2026-06-15,1.039,1.04885,-0.9391238022596338,case2_downtrend,0.013520368335244096,-1.6899430029811893,62.49618949270584,4.464013535193274,0.9960275702043889,1.157456666666667
ETHUSDT,2026-06-15,1795.09,1792.5240000000001,0.14315010566106068,case2_downtrend,0.013434616085396934,-1.3807023450222615,51.38599928147734,3.6704285201055242,0.9991092538319989,1941.9811000000004
WETUSDT,2026-06-15,0.06045,0.0627895,-3.7259414392533774,case2_downtrend,0.013301064362484632,-1.8321615035839542,68.87274031811795,4.919481451294139,0.9991257761797464,0.07027350000000002
VETUSDT,2026-06-15,0.005264,0.00534255,-1.4702716867413534,case2_downtrend,0.013152347631175398,-1.6637558880571186,63.249388425282675,4.517813458948763,0.999418148765503,0.005911713333333333
1000RATSUSDT,2026-06-15,0.02783,0.030717500000000002,-9.400179051029545,case2_downtrend,0.012739190078825947,-0.8333012442637301,32.70620970044148,2.3361578357458197,0.96771088063948,0.0322158
PIXELUSDT,2026-06-15,0.005696,0.00598685,-4.858147439805583,case2_downtrend,0.012662765061080937,-1.3640754892694202,53.86167565652433,3.847262546894595,0.9992954329613553,0.006482876666666667
SHELLUSDT,2026-06-15,0.0263,0.027749000000000003,-5.221809794947574,case2_downtrend,0.012556250278988204,-1.4790041782163188,58.8951376945434,4.206795549610243,0.9988524815567134,0.030307700000000007
BBUSDT,2026-06-15,0.02292,0.0236105,-2.924546282374363,case2_downtrend,0.012492446827588669,-1.852712847431604,74.15332132293017,5.296665808780726,0.9986017237830827,0.026567766666666666
DOODUSDT,2026-06-15,0.001603,0.0018291499999999999,-12.363666183746535,case2_downtrend,0.012284326895903024,-2.6686013396935593,108.61813440439992,7.758438171742852,0.9994694864710884,0.002194423333333333
1INCHUSDT,2026-06-15,0.0764,0.07681500000000001,-0.5402590639849159,case2_downtrend,0.012264852837722173,-1.3930804053293806,56.79156626505856,4.056540447504183,0.9990600239366545,0.08338833333333333
API3USDT,2026-06-15,0.2743,0.27602,-0.6231432504890999,case2_downtrend,0.011926407640216416,-1.4761966248566274,61.88773138521703,4.420552241801216,0.998667200231663,0.30140333333333336
PENDLEUSDT,2026-06-15,1.3516,1.3229,2.1694761508806337,case2_downtrend,0.011642670122669143,-2.1092493757572703,90.5827165733402,6.4701940409528715,0.9993517260777919,1.5207819999999999
DOLOUSDT,2026-06-15,0.02454,0.026043500000000004,-5.7730335784360935,case2_downtrend,0.011546195649252728,-1.6358389131085955,70.83887034317088,5.059919310226491,0.9962075934174074,0.02882486666666667
ONTUSDT,2026-06-15,0.04991,0.0491925,1.4585556741373296,case2_downtrend,0.011492359763794077,-1.2455854789364502,54.1918937684402,3.870849554888586,0.9950074393840362,0.052656466666666665
CLANKERUSDT,2026-06-15,16.05,16.3365,-1.7537416215223645,case2_downtrend,0.011430995608225237,-2.390616715581615,104.56730093839916,7.469092924171369,0.9966176784085585,19.019933333333334
TUSDT,2026-06-15,0.003864,0.0041984,-7.9649390243902385,case2_downtrend,0.011253823314342807,-1.8336137058843485,81.46625616324717,5.8190182973747975,0.9996076289340141,0.004725356666666666
STEEMUSDT,2026-06-15,0.04585,0.047235,-2.932147771779392,case2_downtrend,0.011127272330324869,-1.1271374932281113,50.647519884830736,3.617679991773624,0.9994682806936596,0.05044073333333335
JDUSDT,2026-06-15,28.76,28.95,-0.6563039723661457,case2_downtrend,0.010856491856045465,-0.635297362969348,29.258869780092965,2.0899192700066402,0.9974899659405098,29.817666666666664
HYPERUSDT,2026-06-15,0.07333,0.07745949999999999,-5.331173064633754,case2_downtrend,0.010848152265630446,-2.3113094207150895,106.53009674457986,7.609292624612848,0.9925954234927117,0.08965546666666667
UNIUSDT,2026-06-15,2.84,2.7163,4.553988881934989,case2_downtrend,0.010839344433483817,-1.7501339667442999,80.73061878806809,5.766472770576292,0.9976767890353473,3.0225633333333333
VANRYUSDT,2026-06-15,0.003605,0.0038979,-7.514302573180432,case2_downtrend,0.010810316197366327,-1.8707063241325386,86.52412612076468,6.180294722911762,0.999457157263282,0.004397426666666667
ZRXUSDT,2026-06-15,0.0894,0.09276000000000001,-3.6222509702458106,case2_downtrend,0.010345421908980173,-1.1345197353092549,54.83197037737309,3.9165693126695063,0.9987250690483528,0.099137
LAYERUSDT,2026-06-15,0.06783,0.0735525,-7.7801570306923695,case2_downtrend,0.010286379215287963,-1.6714574356913487,81.24615089083886,5.803296492202776,0.9990097456707697,0.08178440000000001
SQQQUSDT,2026-06-15,36.38,39.977500000000006,-8.998811831655317,case2_downtrend,0.009888270883548224,-0.2311216428381529,11.686656118143235,0.8347611512959453,0.7190363440348491,40.282
RVNUSDT,2026-06-15,0.00448,0.0046178999999999994,-2.9862058511444523,case2_downtrend,0.009778446869808558,-1.3389868819984592,68.46623496685592,4.890445354775423,0.9985720546979954,0.005005409999999999
ENJUSDT,2026-06-15,0.03152,0.0333405,-5.460326029903584,case2_downtrend,0.009655274919576505,-1.8152284699693662,94.00190492188413,6.714421780134581,0.9962483233827144,0.0373639
MEUSDT,2026-06-15,0.06416,0.07045399999999999,-8.933488517330446,case2_downtrend,0.009512270232498687,-2.3197481969696074,121.93451932453434,8.709608523181023,0.9997482755930407,0.08274873333333334
ETCUSDT,2026-06-15,7.412,7.49375,-1.090909090909098,case2_downtrend,0.009206920802236687,-1.2820868176108275,69.62625426838488,4.973303876313206,0.9993587297855728,8.108703333333334
LITEUSDT,2026-06-15,952.74,895.2585000000001,6.420659507840454,case2_downtrend,0.009196512075096702,-0.4441242950045457,24.14634436283691,1.7247388830597792,0.9816412701152477,910.5676666666667
COSTUSDT,2026-06-15,979.59,974.7330000000002,0.4982903010362749,case2_downtrend,0.008952242421776566,-0.5114488236458103,28.565402920820016,2.0403859229157155,0.9913945748335012,997.1374333333335
OPUSDT,2026-06-15,0.1085,0.10824500000000001,0.23557670100233796,case2_downtrend,0.008481922607820096,-1.4066675174250214,82.92150155485463,5.92296439677533,0.9962410575204006,0.11794066666666668
SLPUSDT,2026-06-15,0.000518,0.000553835,-6.47033863876425,case2_downtrend,0.008361352824230447,-1.2496667870478595,74.72874385987144,5.337767418562246,0.9990272855523652,0.0005980666666666666
WIFUSDT,2026-06-15,0.1677,0.169705,-1.181461948675644,case2_downtrend,0.008356273948738384,-1.1319189761518562,67.72869002952874,4.837763573537766,0.9984163400192725,0.181696
HOTUSDT,2026-06-15,0.0003224,0.00033339000000000003,-3.2964396052671208,case2_downtrend,0.00815664109586651,-1.314872072379966,80.60131964408092,5.757237117434351,0.9990587521596151,0.00036182499999999997
KSMUSDT,2026-06-15,3.754,3.96175,-5.243894743484567,case2_downtrend,0.008014676595508455,-1.6238685271559707,101.30592967818635,7.2361378341561675,0.9989753050628926,4.398443333333333
MEWUSDT,2026-06-15,0.0003864,0.00041522499999999997,-6.942019387079279,case2_downtrend,0.008011171415033875,-2.081502430989134,129.91248864572776,9.27946347469484,0.9989085745792317,0.0004774663333333333
TONUSDT,2026-06-14,1.7551,1.76786,-0.7217766112701196,case2_downtrend,0.00796908710849612,-0.8345486249581073,52.36162019539015,3.7401157282421535,0.9867687503163032,1.8483976666666666
POPCATUSDT,2026-06-15,0.04406,0.045684999999999996,-3.556966181459986,case2_downtrend,0.007815973521092718,-1.577532579976347,100.9172162443431,7.20837258888165,0.9991525786638361,0.05063243333333333
BSVUSDT,2026-06-15,12.96,12.8375,0.9542356377799432,case2_downtrend,0.007815841698670516,-1.2072514630008513,77.23105901736766,5.516504215526261,0.9979949193947223,13.80353333333333
LDOUSDT,2026-06-15,0.2735,0.286705,-4.6057794597234025,case2_downtrend,0.007787740994118841,-1.5008831996154846,96.36191038896413,6.882993599211724,0.9995890222100441,0.31608899999999995
ETHWUSDT,2026-06-15,0.2462,0.25033500000000003,-1.6517866059480357,case2_downtrend,0.007773445877306237,-0.9438800368480876,60.71181633898339,4.336558309927385,0.9949886446717395,0.264079
RAREUSDT,2026-06-15,0.01343,0.014003499999999999,-4.095404720248508,case2_downtrend,0.007582629898212835,-1.1176456635232555,73.69775912356445,5.264125651683175,0.9980572794084782,0.014979333333333332
GOOGLUSDT,2026-06-15,369.31,369.2915,0.0050095926930504575,case2_downtrend,0.007535245726347995,-0.47597670543872916,31.583356583476295,2.2559540416768784,0.9992768794303002,378.1904
RAVEUSDT,2026-06-15,0.29578,0.379406,-22.041296131321076,case2_downtrend,0.007238519500282443,-2.756751101565774,190.42230261714482,13.601593044081772,0.9998577633648291,0.463754
SEIUSDT,2026-06-15,0.05399,0.05659499999999999,-4.602880113084174,case2_downtrend,0.007066944754030803,-1.0609935922107643,75.067347286506,5.361953377607572,0.9936720488445453,0.0603924
COTIUSDT,2026-06-15,0.01034,0.010798499999999999,-4.2459600870491165,case2_downtrend,0.0070248070851263176,-1.2864975401486127,91.56817579179682,6.540583985128344,0.9988550980586383,0.01171223333333333
NOMUSDT,2026-05-26,0.002103,0.00235145,-10.565821089115236,case2_downtrend,0.00667563898067936,-0.9842223772095475,73.71746585293818,5.26553327520987,0.9943422105176342,0.0024989799999999996
ZKCUSDT,2026-06-15,0.05383,0.05475300000000001,-1.6857523788651019,case2_downtrend,0.006653823830434855,-1.669126667459446,125.42612413517729,8.959008866798378,0.9981037006856179,0.06099440000000001
SOPHUSDT,2026-06-15,0.005559,0.00622,-10.627009646302255,case2_downtrend,0.0065314497274669625,-1.7893688633426534,136.9809872238433,9.784356230274522,0.9991991527070522,0.007025019999999999
1000XECUSDT,2026-06-15,0.0057,0.005987,-4.793719726073153,case2_downtrend,0.006529622952420837,-1.467974053008569,112.40879172543357,8.02919940895954,0.9985365831752339,0.0065802
LISTAUSDT,2026-06-15,0.05243,0.058217,-9.940395417146197,case2_downtrend,0.006364176950354977,-2.0132070814536536,158.16712020722198,11.297651443372999,0.9995395302942929,0.06690510000000001
ZBTUSDT,2026-06-15,0.11477,0.121171,-5.282617127860634,case2_downtrend,0.006354087824979669,-1.4312226687291671,112.62219756411272,8.044442683150908,0.9963638308893158,0.13265246666666666
USUALUSDT,2026-06-15,0.01024,0.010990000000000022,-6.824385805277711,case2_downtrend,0.006293742506941508,-1.7680294671802237,140.45931059542278,10.032807899673056,0.9979429450529436,0.012365300000000023
1000CATUSDT,2026-06-15,0.001553,0.0016311,-4.7881797559928945,case2_downtrend,0.0061345099002738605,-1.0414487286045995,84.88442805823058,6.063173432730756,0.9990723837080756,0.00174162
CTSIUSDT,2026-06-15,0.02453,0.0250685,-2.148114167181925,case2_downtrend,0.0058658209417674035,-1.306656372418946,111.37881512159177,7.955629651542269,0.9990384944133678,0.027273766666666664
APEUSDT,2026-06-15,0.1282,0.13188,-2.790415529269019,case2_downtrend,0.0058188564514172775,-0.6359600372848466,54.64647930350199,3.9033199502501423,0.9719728172903297,0.13636900000000002
VTHOUSDT,2026-06-15,0.0004127,0.00043770500000000004,-5.712751739185073,case2_downtrend,0.005724252406284652,-1.3506021846918226,117.97192793324395,8.426566280945996,0.9992689082691701,0.0004779206666666667
MAVUSDT,2026-06-15,0.01094,0.011534,-5.14999132998093,case2_downtrend,0.005700405942185433,-1.3714475916571036,120.29385324190748,8.592418088707678,0.999258774095338,0.012614066666666666
BNBUSDT,2026-06-15,617.61,625.4159999999999,-1.2481292451744008,case2_downtrend,0.0055754448431585895,-0.5068158993700435,45.45071412480544,3.2464795803432454,0.9967595924885075,643.3174333333333
MAGICUSDT,2026-06-15,0.04823,0.05089850000000003,-5.242787115533898,case2_downtrend,0.0054725275231721,-1.4883997230144055,135.9883268482557,9.71345191773255,0.999012094234526,0.05615993333333336
LQTYUSDT,2026-06-15,0.2059,0.226825,-9.225173591976187,case2_downtrend,0.005298218549585611,-1.292140944757628,121.94107629428481,8.710076878163202,0.9961740628867141,0.24626833333333334
NVDAUSDT,2026-06-15,212.05,211.08249999999998,0.4583515923868742,case2_downtrend,0.005065758734949632,-0.4038756069385141,39.86328880529777,2.8473777718069835,0.9959359273819635,215.4055666666667
ARPAUSDT,2026-06-15,0.00865,0.0090505,-4.425169880117119,case2_downtrend,0.005050534604837885,-1.527314952301038,151.2032954727238,10.800235390908842,0.9965050521559061,0.010000733333333333
BIGTIMEUSDT,2026-06-15,0.00906,0.009784999999999999,-7.40929994890136,case2_downtrend,0.004644116491571124,-1.6553011829322002,178.2148645427502,12.729633181625015,0.9992680997351331,0.010949866666666667
ANKRUSDT,2026-06-15,0.004038,0.004133050000000001,-2.299754418649691,case2_downtrend,0.00463129393854103,-0.9612142816844073,103.77383669014247,7.412416906438748,0.9992745873184117,0.004396173333333334
SPELLUSDT,2026-06-15,0.000131,0.00013463,-2.6962786897422486,case2_downtrend,0.0046051438093334136,-1.2285785507058187,133.39198530736581,9.527998950526129,0.9983358167533398,0.00014569266666666667
MASKUSDT,2026-06-15,0.3764,0.38950500000000005,-3.3645267711582716,case2_downtrend,0.004425948097778923,-1.244621453886451,140.6050665744409,10.043219041031493,0.9985246531197832,0.42230533333333325
NEOUSDT,2026-06-15,2.28,2.37945,-4.179537288028746,case2_downtrend,0.003905093376417598,-1.374273290493124,175.95908189957757,12.568505849969826,0.9992900695491862,2.609796666666667
EGLDUSDT,2026-06-15,3.053,3.1696,-3.6786976274608807,case2_downtrend,0.0039009439774797335,-1.533190630769237,196.51533572647958,14.036809694748541,0.9994297118203525,3.519816666666667
IOTXUSDT,2026-06-15,0.00341,0.003714,-8.18524501884761,case2_downtrend,0.0029987453034942737,-1.2206391155550147,203.52497328343802,14.537498091674143,0.9993915803970839,0.004034223333333333
VELODROMEUSDT,2026-06-15,0.016256,0.01447715,12.287294115209146,case2_downtrend,0.0027165534573927942,-0.7992425307077046,147.10598249643425,10.507570178316731,0.9934154571137588,0.015208923333333334
EWHUSDT,2026-06-15,21.879,22.48355,-2.688854740465807,case2_downtrend,0.002546221886282875,-0.419357559168074,82.34898172607353,5.8820701232909665,0.9966523668492373,23.06166
CELRUSDT,2026-06-15,0.002235,0.00232165,-3.732259384489489,case2_downtrend,0.002132997412602197,-0.8472093605884378,198.59596537317555,14.185426098083967,0.9967136624601155,0.0024505666666666667
MINAUSDT,2026-06-15,0.04383,0.0477225,-8.156529938708157,case2_downtrend,0.0020510503860549207,-1.4084430083202486,343.34675976178943,24.52476855441353,0.9992058246689474,0.05261426666666667
ZETAUSDT,2026-06-15,0.03921,0.041865,-6.341812970261551,case2_downtrend,0.0016544779438245993,-1.452665903821581,439.01035648245136,31.357882605889383,0.997593354373324,0.04623746666666668
LWLGUSDT,2026-06-15,10.048,10.51995,-4.486238052462221,case2_downtrend,0.0016332105812207167,-1.281827950507352,392.4258038878461,28.030414563417576,0.9963599565396009,11.51632333333333
QTUMUSDT,2026-06-15,0.749,0.7708999999999999,-2.840835387209739,case2_downtrend,0.0014391077966448952,-1.157715285495235,402.2336923593588,28.730978025668488,0.9986336810911084,0.8340633333333333
DEEPUSDT,2026-06-15,0.01788,0.0211355,-15.402994961084438,case2_downtrend,0.0012782739405448119,-3.043294796399887,1190.3922546926083,85.02801819232916,0.9992837225260307,0.0266057
CVCUSDT,2026-06-15,0.02347,0.0248735,-5.642551309626709,case2_downtrend,0.0012452598057491248,-1.3336287826208593,535.4821445547956,38.24872461105683,0.9982924860859337,0.027291600000000003
MTLUSDT,2026-06-15,0.2569,0.262215,-2.0269626070209434,case2_downtrend,0.001080549840622661,-0.8732410329740429,404.0725379547706,28.862324139626473,0.9987346184502107,0.278287
ARKUSDT,2026-06-15,0.125,0.133305,-6.230073890701782,case2_downtrend,0.0009832000482031952,-1.3768145922835668,700.1701204143068,50.01215145816477,0.9986249424576124,0.14673633333333333
HBARUSDT,2026-06-15,0.0825,0.08473,-2.6318895314528468,case2_downtrend,0.0007287115141393944,-0.545295254008113,374.1502936536584,26.725020975261316,0.9977763916270547,0.08779143333333335
STOUSDT,2026-06-15,0.05128,0.05630099999999999,-8.918136445178583,case2_downtrend,0.00048742141733256345,-1.3520825296817842,1386.974886209473,99.06963472924807,0.9977640180347569,0.06191639999999999
MANAUSDT,2026-06-15,0.0689,0.07346,-6.207459842090923,case2_downtrend,0.00040553184734824684,-1.2999688746945912,1602.7950495072394,114.48536067908853,0.9988728315742662,0.08049633333333332
ZILUSDT,2026-06-15,0.003279,0.0033721000000000003,-2.760890839536212,case2_downtrend,0.00040496609907453014,-1.118963614148955,1381.5522048711298,98.68230034793784,0.9978192375825558,0.0036423600000000003
COPUSDT,2026-06-15,112.64,116.50050000000002,-3.3137196836065197,case2_downtrend,0.0003532413573833936,-0.20625748830621857,291.9498014531112,20.8535572466508,0.9761026445429779,118.08866666666668
SNXUSDT,2026-06-15,0.2539,0.26295999999999997,-3.4453909339823396,case2_downtrend,0.0003436881757827727,-1.1737086193082187,1707.5196384557298,121.96568846112356,0.9996152163178132,0.28611833333333325
IOTAUSDT,2026-06-15,0.04957,0.05104499999999999,-2.8896072093250846,case2_downtrend,0.0003091097357150289,-0.9685455262414692,1566.6693965511006,111.90495689650719,0.9989338850830911,0.054580500000000004
SUPERUSDT,2026-06-15,0.0981,0.10103999999999999,-2.9097387173396494,case2_downtrend,0.0003036840827133968,-0.9945147568700259,1637.4166666624467,116.9583333330319,0.9989983273895164,0.10855700000000001
SXTUSDT,2026-06-15,0.00823,0.009674,-14.9266074012818,case2_downtrend,0.00016725713738797337,-1.5795634709436588,4721.961333344085,337.28295238172035,0.9997553330381588,0.010869700000000001
JUPUSDT,2026-06-15,0.1914,0.175295,9.18736986223223,case2_downtrend,-7.279483719584873e-05,-1.0770444131381038,-7397.807692325771,-528.4148351661265,0.9882102357508933,0.18758833333333333
SONICUSDT,2026-06-15,0.02819,0.030178,-6.5875803565511255,case2_downtrend,-0.0004954396427627451,-1.7231235315435884,-1738.9843109191338,-124.21316506565242,0.9992907040079826,0.0342001
ROSEUSDT,2026-06-15,0.00691,0.0074789999999999995,-7.607968979810121,case2_downtrend,-0.0005438926319773017,-1.9101026711883577,-1755.955641690024,-125.42540297785887,0.9996063909985069,0.008624
GMXUSDT,2026-06-15,5.894,5.938750000000001,-0.7535255735634738,case2_downtrend,-0.0007376843541353581,-0.8897541893322739,-603.0724281628267,-43.07660201163048,0.9963349820694084,6.308613333333333
GRIFFAINUSDT,2026-06-15,0.00914,0.0089675,1.9236130471145918,case2_downtrend,-0.0009655959076880217,-1.493715492112406,-773.4682180296774,-55.24772985926267,0.9990855122070001,0.009978899999999997
WOOUSDT,2026-06-15,0.01399,0.014529,-3.70982173583867,case2_downtrend,-0.0014342563313369514,-1.1589247093296495,-404.0158945121582,-28.85827817943987,0.9992941302206765,0.01580813333333333
ICNTUSDT,2026-06-15,0.2112,0.22357,-5.53294270250928,case2_downtrend,-0.0015033148702257924,-1.8999049126854888,-631.9051817800918,-45.136084412863696,0.9976097721786386,0.25724233333333335
WCTUSDT,2026-06-15,0.04731,0.049322500000000005,-4.080287901059365,case2_downtrend,-0.001564649107000787,-1.446336757987471,-462.1920504463445,-33.01371788902461,0.9979228536530785,0.05466560000000001
CYBERUSDT,2026-06-15,0.3616,0.392625,-7.901942056669853,case2_downtrend,-0.0017614134745459204,-1.4261892661351487,-404.8422720573346,-28.91730514695247,0.9991875955239322,0.4357030000000001
CHRUSDT,2026-06-15,0.01673,0.017776,-5.884338433843395,case2_downtrend,-0.0019681174082464238,-1.4678689213741132,-372.91192975168394,-26.63656641083457,0.9985401699266782,0.019753733333333336
STBLUSDT,2026-06-15,0.02628,0.0275285,-4.5352997802277635,case2_downtrend,-0.002256203436129177,-1.230266279503359,-272.6408132801286,-19.47434380572347,0.9941233313555138,0.02998806666666667
TRBUSDT,2026-06-15,14.004,14.593699999999998,-4.040784722174628,case2_downtrend,-0.0024945881501508343,-1.2613746953858256,-252.82223346357935,-18.05873096168424,0.9991665302675687,16.007826666666666
SCRTUSDT,2026-06-15,0.06114,0.067635,-9.603016189842538,case2_downtrend,-0.002528321291114953,-1.4450564666960353,-285.77389902427836,-20.412421358877026,0.9995066903523231,0.07532636666666666
ORDERUSDT,2026-06-15,0.04038,0.0430865,-6.281549905422812,case2_downtrend,-0.002805702911491869,-1.34998684744034,-240.57907947255097,-17.18421996232507,0.9986790345941124,0.04761633333333334
0GUSDT,2026-06-15,0.3071,0.346815,-11.451350143448236,case2_downtrend,-0.0031544961528753726,-2.2117791732636,-350.5756650309319,-25.041118930780847,0.9992987452061449,0.4097203333333334
SANDUSDT,2026-06-15,0.05406,0.058367,-7.379169736323621,case2_downtrend,-0.0031686147365916455,-1.44135078470874,-227.44178521670713,-16.245841801193368,0.9992220352672394,0.06497933333333332
DOTUSDT,2026-06-15,1.01,1.04885,-3.7040568241407335,case2_downtrend,-0.0032421185130585145,-1.2413438398304686,-191.44023187780127,-13.674302276985804,0.9991028038165619,1.150046666666667
CRWVUSDT,2026-06-15,107.77,105.585,2.0694227399725262,case2_downtrend,-0.0035615366459890107,-0.21084265309588004,-29.599955588457902,-2.1142825420327074,0.962999014077143,107.27676666666669
BATUSDT,2026-06-15,0.0917,0.098395,-6.804207530870466,case2_downtrend,-0.003619250028216136,-0.334768602063539,-46.248338668735244,-3.3034527620525176,0.9879669748277011,0.10112333333333333
PENGUUSDT,2026-06-15,0.007113,0.0070854,0.38953340672369663,case2_downtrend,-0.0038533285744159576,-1.3136170052123788,-170.45224405908357,-12.17516028993454,0.9982222822059766,0.007804873333333334
GUSDT,2026-06-15,0.002833,0.00300265,-5.6500091585765855,case2_downtrend,-0.003937243067752819,-1.1476732451090945,-145.74579539029185,-10.410413956449418,0.9986398622008839,0.0032677766666666668
AXSUSDT,2026-06-15,1.001,1.0329000000000002,-3.0883919062833054,case2_downtrend,-0.0040087608363763546,-0.9556820864479154,-119.19918965679511,-8.514227832628222,0.9951862095292412,1.10688
B2USDT,2026-06-15,0.4453,0.472295,-5.715707343927001,case2_downtrend,-0.004356448721562363,-1.3901407347618848,-159.54976445393982,-11.396411746709987,0.9914794266950022,0.5197029999999999
LIGHTUSDT,2026-05-26,0.138,0.14669500000000002,-5.927264051262826,case2_downtrend,-0.00454138426243073,-0.575652965259729,-63.3785793047621,-4.527041378911578,0.9908182967741745,0.15328933333333333
OGNUSDT,2026-06-15,0.01823,0.018932499999999998,-3.710550640433108,case2_downtrend,-0.004656579163033853,-1.0049727817235663,-107.90891194350561,-7.707779424536115,0.9976628186143852,0.020405233333333335
XAGUSDT,2026-06-15,70.02,70.877,-1.209136955570922,case2_downtrend,-0.005203869398599804,-0.541213825019954,-52.001096065706164,-3.7143640046932975,0.9959523701274308,74.01896666666667
BGBUSDT,2026-06-15,1.8195,1.8911349999999998,-3.7879368738878982,case2_downtrend,-0.005216609458260275,-0.41159214136789435,-39.45015863859197,-2.8178684741851407,0.99920492107971,1.960099333333333
GASUSDT,2026-06-15,1.166,1.2458500000000001,-6.409278805634722,case2_downtrend,-0.005342391983741309,-1.4664098983838698,-137.24282145962397,-9.803058675687426,0.9990199537183885,1.3926733333333337
STXUSDT,2026-06-15,0.1934,0.202155,-4.330835250179321,case2_downtrend,-0.005389499218754914,-1.2369585612725533,-114.75635407535287,-8.196882433953776,0.9991861763590368,0.22238233333333335
IOSTUSDT,2026-06-15,0.000827,0.0008936499999999996,-7.458177138700794,case2_downtrend,-0.005582256385475908,-1.184061136066228,-106.05578231295108,-7.575413022353649,0.9990856311780351,0.0009787799999999996
KAVAUSDT,2026-06-15,0.04626,0.048551,-4.718749356346919,case2_downtrend,-0.0056834808295170266,-1.2923234517087383,-113.6911947513825,-8.12079962509875,0.9979423387204143,0.05352383333333333
BREVUSDT,2026-06-15,0.0838,0.08979000000000001,-6.671121505735611,case2_downtrend,-0.006248376191856826,-1.4761576960943312,-118.12330522113317,-8.437378944366655,0.9981664156047543,0.10043333333333335
AKTUSDT,2026-06-15,0.8218,0.6956,18.142610695802187,case2_downtrend,-0.006260807852643614,-0.896551366911559,-71.60029408449199,-5.114306720320856,0.9955062926470641,0.7438526666666667
SKLUSDT,2026-06-15,0.004411,0.004883500000000001,-9.67543769837208,case2_downtrend,-0.006460963357757779,-1.5385548491444714,-119.06543683590968,-8.504674059707835,0.9996336172737879,0.005508193333333333
JOEUSDT,2026-06-15,0.03211,0.033882999999999996,-5.2327125697252175,case2_downtrend,-0.0066444364114038364,-1.4556183447449236,-109.53662994250709,-7.824044995893364,0.9982891309401902,0.03786016666666667
AUCTIONUSDT,2026-06-15,3.866,4.06045,-4.788878080015769,case2_downtrend,-0.006709146734135837,-0.9132439360066864,-68.05961862185413,-4.861401330132438,0.9985001451247445,4.3642
BNTUSDT,2026-06-15,0.2841,0.291115,-2.409700633770162,case2_downtrend,-0.006794544967044412,-0.8974087102992881,-66.03891170431504,-4.7170651217367885,0.9988241323947943,0.31273900000000004
SUSHIUSDT,2026-06-15,0.1813,0.186405,-2.7386604436576256,case2_downtrend,-0.0071383638852287505,-0.7417336583368983,-51.95403808649699,-3.7110027204640708,0.9883047982067026,0.19734133333333334
XPTUSDT,2026-06-15,1772.92,1826.016,-2.9077510821372887,case2_downtrend,-0.007184129288396939,-0.4537621150058597,-31.580870610077213,-2.2557764721483724,0.9980364060420936,1901.0775999999996
WUSDT,2026-06-15,0.01002,0.010572,-5.221339387060164,case2_downtrend,-0.0073521607665033946,-1.1676169186917118,-79.4063783269947,-5.671884166213907,0.9959597086397839,0.011561666666666666
C98USDT,2026-06-15,0.01429,0.016416999999999998,-12.956082110007905,case2_downtrend,-0.0073868095687500785,-1.2360962278602758,-83.66915488721848,-5.976368206229892,0.9994709429918849,0.018185466666666667
TRIAUSDT,2026-06-15,0.022554,0.030002149999999998,-24.825387513894825,case2_downtrend,-0.0075320357682335725,-2.321048122967917,-154.07840551932574,-11.005600394237552,0.9995833145422592,0.03621430666666666
XAUTUSDT,2026-06-15,4296.62,4344.949500000001,-1.11231442390759,case2_downtrend,-0.007560665687263304,-0.2053307787623312,-13.578882287325003,-0.9699201633803574,0.9956148382101568,4444.526566666666
ANIMEUSDT,2026-06-15,0.003034,0.00336255,-9.770858425897021,case2_downtrend,-0.007672836537851247,-1.642976009373635,-107.06444750051622,-7.647460535751159,0.999521543910865,0.0038287566666666667
DIAUSDT,2026-06-15,0.1283,0.140685,-8.803355012972247,case2_downtrend,-0.008351921811053396,-1.5808901459396316,-94.64229800663327,-6.760164143330948,0.9993803816233311,0.15943266666666664
PUMPUSDT,2026-06-15,0.001557,0.00160985,-3.2829145572568774,case2_downtrend,-0.008606828097371472,-0.5643480475793845,-32.7849029395473,-2.341778781396236,0.9948663811346989,0.0016926699999999999
GMTUSDT,2026-06-15,0.00838,0.008963,-6.504518576369522,case2_downtrend,-0.00862987201088895,-1.256919660711559,-72.82377184305922,-5.201697988789944,0.9981436356164755,0.009939300000000002
BZUSDT,2026-06-15,83.0,91.71000000000001,-9.497328535601357,case2_downtrend,-0.008806617927201846,-0.4265591772314197,-24.218103973482567,-1.729864569534469,0.9982247726563052,95.63063333333335
ELSAUSDT,2026-06-15,0.04872,0.0522335,-6.726526080006135,case2_downtrend,-0.008938259940471757,-1.5521164626105806,-86.8243076923013,-6.201736263735808,0.9992916133343324,0.059200466666666667
BIRBUSDT,2026-06-15,0.07696,0.085788,-10.290483517508275,case2_downtrend,-0.009154358092640593,-2.5142767007082867,-137.32676148694543,-9.809054391924674,0.9974244144087205,0.10431986666666666
SUSDT,2026-06-15,0.03271,0.034382,-4.863009714385436,case2_downtrend,-0.009207159423060432,-1.7332014476193143,-94.12248490442688,-6.723034636030492,0.9992245679018724,0.03945973333333332
FUSDT,2026-06-15,0.004066,0.00431215,-5.7082893684125,case2_downtrend,-0.009215808566842577,-1.2840540197961987,-69.66583618154125,-4.976131155824375,0.9991712759472282,0.004784233333333334
NFLXUSDT,2026-06-15,81.68,83.05350000000001,-1.6537533035934748,case2_downtrend,-0.009230352334206802,-0.25811282634813804,-13.981742895750395,-0.9986959211250283,0.9992055269585955,85.51506666666667
TAIKOUSDT,2026-06-15,0.088,0.09346499999999999,-5.84710854330498,case2_downtrend,-0.009582973512044065,-0.9385980936505831,-48.97217405802776,-3.4980124327162687,0.9992016686199879,0.10114766666666665
TREEUSDT,2026-06-15,0.04729,0.051356,-7.91728327751382,case2_downtrend,-0.009624677423500467,-1.4278007494065377,-74.1739534002611,-5.298139528590078,0.9992007663039598,0.057614066666666665
XTZUSDT,2026-06-15,0.2412,0.27042,-10.805413800754382,case2_downtrend,-0.009857850357523092,-1.4869359761739365,-75.41887542648536,-5.38706253046324,0.9993431189785936,0.30510466666666664
NEIROCTOUSDT,2026-06-15,6.97e-05,7.19e-05,-3.0598052851182223,case2_downtrend,-0.009899666210076893,-1.4459632314470596,-73.0309083540216,-5.2164934538586865,0.997867109790444,8.055533333333332e-05
FILUSDT,2026-06-15,0.795,0.84243,-5.63014137673159,case2_downtrend,-0.010002115329408546,-0.9572557881245546,-47.85266699085142,-3.4180476422036725,0.9986784653733283,0.9137126666666667
ZKPUSDT,2026-06-15,0.05752,0.0598,-3.8127090301003252,case2_downtrend,-0.010044022778935041,-1.2857656401681608,-64.00650757506989,-4.571893398219278,0.9974284620831421,0.06624239999999999
QNTUSDT,2026-06-15,70.59,69.472,1.6092814371257536,case2_downtrend,-0.010081213250444684,-0.45985473936559285,-22.807509767998834,-1.6291078405713453,0.9943298537465325,72.61806666666668
TIAUSDT,2026-06-15,0.3694,0.356,3.764044943820233,case2_downtrend,-0.010163258544133247,-1.0198002521145686,-50.170929317903145,-3.583637808421653,0.9989188836612392,0.38912633333333324
BANANAUSDT,2026-06-15,3.031,3.2124499999999996,-5.6483369390963105,case2_downtrend,-0.010171323806593344,-1.0865320593501215,-53.41153619776614,-3.815109728411867,0.9979342974789273,3.5092066666666657
WAXPUSDT,2026-06-15,0.004641,0.00517965,-10.399351307520776,case2_downtrend,-0.010470240299941473,-1.234318882790103,-58.944152542373004,-4.2102966101695,0.9990872570863657,0.00573701
LSKUSDT,2026-06-15,0.0954,0.100715,-5.2772675371096645,case2_downtrend,-0.010544124401017948,-1.0125146668265586,-48.013217044784135,-3.429515503198867,0.9991138969859324,0.10961033333333334
CLUSDT,2026-06-15,80.259,88.7034,-9.51981547494234,case2_downtrend,-0.010723666434876945,-0.3871890334382006,-18.053015532958604,-1.2895011094970432,0.9956167663899724,92.42902999999998
XVGUSDT,2026-06-15,0.002749,0.0028007,-1.8459670796586614,case2_downtrend,-0.011148818181674743,-1.1103622691336146,-49.7973081558865,-3.556950582563321,0.9976096578139273,0.003066653333333334
BABAUSDT,2026-06-15,113.21,121.375,-6.727085478887751,case2_downtrend,-0.011199787913551492,-0.4081942338287813,-18.2233019490876,-1.3016644249348286,0.9988330577176336,126.73963333333333
RAYUSDT,2026-06-15,0.6351,0.63448,0.097717816164411,case2_downtrend,-0.011297306515131271,-0.9608156381602068,-42.524102398802725,-3.037435885628766,0.9977369474428558,0.6878566666666668
VIRTUALUSDT,2026-06-15,0.6343,0.64532,-1.707679910741966,case2_downtrend,-0.011465845616000675,-0.8544555963944735,-37.26090621707283,-2.6614933012194877,0.9959248259372807,0.6955256666666667
BEAMUSDT,2026-06-15,0.001491,0.00154785,-3.6728365151662,case2_downtrend,-0.011534896030943468,-0.8478196987678229,-36.75020981955386,-2.62501498711099,0.9971293142518904,0.0016692833333333333
BERAUSDT,2026-06-15,0.2605,0.28644000000000003,-9.055997765675194,case2_downtrend,-0.011565945227655337,-1.7588071413462123,-76.03386955096103,-5.430990682211502,0.9981300110775513,0.3300576666666667
CRCLUSDT,2026-06-15,83.93,91.2625,-8.034515819750709,case2_downtrend,-0.011901202686146643,-1.3521802887389733,-56.80855642904694,-4.05775403064621,0.9992511506667666,102.03763333333335
DASHUSDT,2026-06-15,38.29,37.0515,3.3426446972457224,case2_downtrend,-0.012049368852039343,-0.9917671054537758,-41.154317609171706,-2.939594114940836,0.9938764879677169,40.18763333333333
BANDUSDT,2026-06-15,0.172,0.182215,-5.606014872540676,case2_downtrend,-0.01258724071191045,-0.7274199661274688,-28.895132093531853,-2.063938006680847,0.997558485684695,0.19450866666666664
1MCHEEMSUSDT,2026-06-15,0.5625,0.5698049999999999,-1.2820175323136729,case2_downtrend,-0.01309214070339454,-0.715339000367897,-27.3194054575973,-1.9513861041140927,0.9925166465414373,0.6072703333333334
POWRUSDT,2026-06-15,0.05031,0.053669,-6.25873409230655,case2_downtrend,-0.013428451411215759,-1.0094070494525378,-37.58464094413215,-2.6846172102951535,0.9980998530922587,0.05858306666666666
DRIFTUSDT,2026-06-15,0.01686,0.0196845,-14.348853158576546,case2_downtrend,-0.01365365281052587,-2.364857544965649,-86.60164344967573,-6.185831674976838,0.995975713890605,0.024576333333333332
ATHUSDT,2026-06-15,0.004957,0.00504005,-1.6478011130842019,case2_downtrend,-0.013800897919887539,-1.2091192685098904,-43.80581885065284,-3.128987060760917,0.9993204035993866,0.005602403333333334
TNSRUSDT,2026-06-15,0.03056,0.0322795,-5.326910268126839,case2_downtrend,-0.013852771450837655,-1.0524254363647705,-37.986096865155886,-2.7132926332254206,0.997845336756782,0.03537116666666666
FRAXUSDT,2026-06-15,0.28211,0.3278595,-13.953995537722708,case2_downtrend,-0.013961708176565795,-1.567948946194229,-56.151759024227886,-4.010839930301992,0.9994897860447023,0.3744876
ERAUSDT,2026-06-15,0.1025,0.108565,-5.586514991019209,case2_downtrend,-0.014482597058517689,-1.0108713390282096,-34.89951888268835,-2.492822777334882,0.9991011266332434,0.11944266666666666
KNCUSDT,2026-06-15,0.1245,0.12767,-2.4829638912822194,case2_downtrend,-0.01470970399172309,-0.6447315794229456,-21.915178571428953,-1.565369897959211,0.9980234985250627,0.13596466666666668
VANAUSDT,2026-06-15,1.162,1.21415,-4.295185932545409,case2_downtrend,-0.01509953545104992,-1.184078116370585,-39.20909090909324,-2.8006493506495174,0.9984276090296083,1.3462166666666666
YGGUSDT,2026-06-15,0.02676,0.029294499999999994,-8.65179470549078,case2_downtrend,-0.015550176623465434,-1.5307231486116961,-49.21883479772871,-3.5156310569806224,0.999661740977981,0.03347276666666667
SYNUSDT,2026-06-15,0.04963,0.040215,23.41166231505658,case2_downtrend,-0.015905977082150864,-1.1516769095447474,-36.20264582290638,-2.5859032730647415,0.9690899157564511,0.04364133333333333
SUNUSDT,2026-06-15,0.017044,0.01762565,-3.3000201411011787,case2_downtrend,-0.017116184616644638,-0.46872904667916715,-13.692568092054566,-0.9780405780038975,0.9992572384113079,0.018640026666666663
ENAUSDT,2026-06-15,0.08542,0.08785499999999999,-2.771612315747529,case2_downtrend,-0.01713201487369645,-0.7744645561098852,-22.602845077462412,-1.614488934104458,0.9914328396799114,0.09437530000000001
APTUSDT,2026-06-15,0.6788,0.7655200000000001,-11.32824746577491,case2_downtrend,-0.017165161915601097,-1.3927326077417965,-40.56858346544252,-2.897755961817323,0.9995516233775181,0.8670656666666668
AVAXUSDT,2026-06-15,6.836,7.5524000000000004,-9.485726391610616,case2_downtrend,-0.01740942786494776,-1.2265441190822792,-35.22643387815776,-2.5161738484398404,0.9988883308712204,8.43362
RECALLUSDT,2026-06-15,0.03774,0.0423575,-10.901257156347743,case2_downtrend,-0.017470632739468417,-1.9114748562885615,-54.70536999985961,-3.907526428561401,0.9981146548243721,0.049815566666666665
XANUSDT,2026-06-15,0.009614,0.0092664,3.7511870845204243,case2_downtrend,-0.017745620271671404,-0.3573813331048106,-10.06956442304031,-0.7192546016457364,0.9776498357436385,0.009719706666666664
HAEDALUSDT,2026-06-15,0.0191,0.0231965,-17.659991809109133,case2_downtrend,-0.01782873900286005,-1.3884122969189738,-38.93747888440813,-2.7812484917434377,0.9993175925743616,0.026292499999999996
ALTUSDT,2026-06-15,0.006465,0.00645245,0.19449976365566446,case2_downtrend,-0.01792727731352314,-0.5475430738348056,-15.271227868544647,-1.090801990610332,0.9904826403821448,0.0068237199999999975
ONGUSDT,2026-06-15,0.04931,0.05347149999999999,-7.782650570864835,case2_downtrend,-0.017999551540723305,-1.213188826589705,-33.700529256101504,-2.4071806611501074,0.9977421999704608,0.05954280000000001
FLUXUSDT,2026-06-15,0.05331,0.0577685,-7.717873927832642,case2_downtrend,-0.018500605842308247,-1.2316646266861746,-33.28714305856766,-2.3776530756119754,0.9992090261531147,0.06504923333333333
HIVEUSDT,2026-06-15,0.05133,0.054252,-5.385976553859773,case2_downtrend,-0.01945502485653252,-0.523980109003367,-13.466446660113812,-0.9618890471509866,0.9971278103913551,0.05767179999999999
FLUIDUSDT,2026-06-15,1.109,1.2086000000000001,-8.240939930498104,case2_downtrend,-0.019661354580562364,-1.5856538312746613,-40.324124789506435,-2.8802946278218884,0.9992082934470207,1.3910799999999999
VELVETUSDT,2026-06-15,0.37111,0.3112415,19.235384741430693,ambiguous,0.9198237271335924,-2.7895671505374993,1.5163596394879424,0.10831140282056731,0.9473484776532821,0.17195036666666666
BEATUSDT,2026-06-15,3.9877,3.328391,19.8086402709297,ambiguous,0.7757066454707553,-0.3344757924453461,0.2155942548631653,0.015399589633083235,0.98966994832329,1.788106633333333
ESPORTSUSDT,2026-06-15,0.06308,0.07599900000000001,-16.998907880366865,ambiguous,0.3497563443428623,-17.053688599387666,24.379384213071088,1.741384586647935,0.9946574870232513,0.22363353333333333
STGUSDT,2026-06-15,0.2019,0.294755,-31.50243422503435,ambiguous,0.28571547064106945,-0.7059419587937356,1.2353933044118854,0.08824237888656325,0.949864398687578,0.23494133333333334
ALLOUSDT,2026-06-15,0.3641,0.2901155,25.501739824311343,ambiguous,0.20323029123929373,3.9014824582482275,-9.59867358959404,-0.6856195421138599,0.9936607780530048,0.19303490000000004
IRYSUSDT,2026-06-15,0.01846,0.020565999999999997,-10.240202275600495,ambiguous,0.17859719619031106,-6.394639204691548,17.902406479767734,1.2787433199834095,0.9966382795336685,0.026643666666666663
JCTUSDT,2026-06-15,0.006511,0.00485235,34.182406462847894,ambiguous,0.1519526075612521,0.16467112749284307,-0.5418502852162775,-0.03870359180116268,0.9826149464157233,0.0040573833333333335
AIOUSDT,2026-06-15,0.12387,0.11237599999999999,10.228162596995794,ambiguous,0.1400299558762442,-0.6790201534238693,2.4245531935465805,0.17318237096761288,0.9690355033334355,0.10085780000000001
FOLKSUSDT,2026-06-15,2.0169,1.612535,25.076354931830934,ambiguous,0.1319557482116264,-0.5519620702859678,2.091466562717483,0.1493904687655345,0.970749412940898,1.445196333333333
MEGAUSDT,2026-06-15,0.06019,0.0546435,10.150338100597512,ambiguous,0.11165008924375616,-4.374402163263424,19.589783550074745,1.3992702535767676,0.9980406308032985,0.06454319999999998
OPGUSDT,2026-06-15,0.1615,0.17380500000000002,-7.079773309168324,ambiguous,0.09571632632015874,-3.2367756000513075,16.908168775850797,1.2077263411321997,0.9871995689100223,0.1916476666666667
龙虾USDT,2026-06-15,0.012319,0.0093416,31.87248437098569,ambiguous,0.0810505691675993,1.6130003972800788,-9.950580321926292,-0.7107557372804495,0.9963030194852945,0.007664783333333333
BASUSDT,2026-06-15,0.033206,0.029722500000000002,11.720077382454352,ambiguous,0.07936054338904627,0.5677661055020522,-3.5771309094918444,-0.2555093506779889,0.9803512853602185,0.02641278333333334
BRETTUSDT,2026-06-15,0.006438,0.0061115499999999994,5.3415254722615435,ambiguous,0.0718095433666878,-2.4819952525181534,17.28179247599521,1.234413748285372,0.997330386918416,0.006621656666666666
CHILLGUYUSDT,2026-06-15,0.00905,0.009172999999999999,-1.340891747519879,ambiguous,0.07085962900898946,-3.4889024963003856,24.618407865625244,1.7584577046875174,0.9993850595868398,0.0107976
GUNUSDT,2026-06-15,0.006055,0.006690300000000001,-9.495837256924222,ambiguous,0.06533350093326563,-4.686950156308319,35.869424486342496,2.562101749024464,0.9994715286828997,0.008756363333333333
FOGOUSDT,2026-06-15,0.01307,0.012749,2.517844536826419,ambiguous,0.06251414760531315,-2.634285347480424,21.069513449276663,1.5049652463769045,0.9952204721443494,0.014139333333333335
AMATUSDT,2026-06-15,587.87,494.3795,18.91067489651168,ambiguous,0.06050981297103087,0.0006419021169245551,-0.005304115856645156,-0.0003788654183317968,0.9925594390370868,458.4475333333333
CHIPUSDT,2026-06-15,0.03665,0.0357395,2.5476013934162545,ambiguous,0.05899325924975077,-2.904180935694054,24.61451505331368,1.758179646665263,0.9988051435785449,0.040765
SPKUSDT,2026-06-15,0.02016,0.021046000000000002,-4.209826095220004,ambiguous,0.05894548336081145,-2.796262149992048,23.71905352676333,1.6942181090545234,0.9990827432493369,0.023976733333333337
REZUSDT,2026-06-15,0.003342,0.0035439499999999997,-5.698443826803423,ambiguous,0.0573810861715667,-2.850627825731066,24.839437660763558,1.774245547197397,0.9996551220954298,0.004048386666666666
CFXUSDT,2026-06-15,0.04686,0.047936,-2.2446595460614116,ambiguous,0.05588503429699966,-2.17391387746677,19.449875130375315,1.3892767950268081,0.9988777942516425,0.0521919
CHZUSDT,2026-06-15,0.02518,0.029396500000000002,-14.34354429949144,ambiguous,0.055437993238652554,-3.2057364152899788,28.912810763998497,2.0652007688570353,0.9932085995690797,0.0345015
TRADOORUSDT,2026-06-15,0.5178,0.43081499999999995,20.190801155948623,ambiguous,0.054643074093001044,-2.865889129450512,26.22371798274787,1.8731227130534194,0.9944894226149287,0.4874533333333334
CBRSUSDT,2026-06-15,217.81,224.73999999999995,-3.0835632286197123,ambiguous,0.0540997823946829,-2.0567034519736622,19.00842629060003,1.3577447350428593,0.9976358377974718,242.83599999999998
MOVRUSDT,2026-06-15,1.411,1.44085,-2.071693791858964,ambiguous,0.05321865983122079,-3.410266111998043,32.04013519706678,2.28858108550477,0.9989707330357721,1.7227166666666667
COOKIEUSDT,2026-06-15,0.00937,0.0106325,-11.873971314366328,ambiguous,0.05240357688330629,-3.4424265103225133,32.84533914534309,2.346095653238792,0.9932504139104973,0.0126812
LYNUSDT,2026-06-15,0.03715,0.036041500000000004,3.075621158941777,ambiguous,0.05099472708347845,-1.9472606569645143,19.09276476543198,1.36376891181657,0.9906532198318019,0.03897303333333334
SANTOSUSDT,2026-06-15,0.6583,0.699625,-5.9067357512953444,ambiguous,0.050812782297655144,-2.957524802937219,29.102173402082133,2.078726671577295,0.9977197439135957,0.8084793333333333
AUSDT,2026-06-15,0.07352,0.0703555,4.497871523903596,ambiguous,0.05066147838424613,-1.7042873552931794,16.82034762553584,1.2014534018239886,0.9978239253203721,0.07427170000000001
TLMUSDT,2026-06-15,0.001013,0.00119565,-15.276209593108348,ambiguous,0.048725358457404326,-3.0223669474131865,31.01431208613209,2.2153080061522923,0.997009404670995,0.00139238
COMPUSDT,2026-06-15,18.03,17.579500000000003,2.562643988736868,ambiguous,0.04711752549467889,-1.7452061106520818,18.51971312510005,1.3228366517928607,0.997957951309418,18.680766666666663
ALCHUSDT,2026-06-15,0.07441,0.0655555,13.506875853284628,ambiguous,0.04707426577583368,-1.8435617067698626,19.58141753658837,1.3986726811848835,0.9896937945962967,0.06974196666666668
BARDUSDT,2026-06-15,0.168,0.17129500000000003,-1.9235821244052764,ambiguous,0.046559855163337535,-2.5349949584982796,27.222968688424977,1.9444977634589269,0.9996218913323711,0.19376466666666667
SYRUPUSDT,2026-06-15,0.1448,0.14248,1.628298708590692,ambiguous,0.046239642580822395,-2.9277361982810444,31.65829183436752,2.26130655959768,0.9998984326037704,0.1665033333333333
GOATUSDT,2026-06-15,0.01425,0.014429500000000001,-1.243979347863755,ambiguous,0.04599579238369957,-2.2053849598567727,23.97376852929637,1.7124120378068834,0.9994965263952303,0.015921733333333334
HOODUSDT,2026-06-15,97.68,88.0865,10.89099918829788,ambiguous,0.04559051887656426,0.014767171685463624,-0.1619544156258185,-0.011568172544701322,0.9936291572847129,82.96270000000001
OPENUSDT,2026-06-15,0.2364,0.20280499999999999,16.565173442469373,ambiguous,0.04498870008231847,-0.26222047317631836,2.9142926189967495,0.20816375849976781,0.8109412316411998,0.19323066666666666
SPXUSDT,2026-06-15,0.3402,0.32083,6.037465324315061,ambiguous,0.044786807943206365,-1.49282288473013,16.665877222408454,1.1904198016006038,0.9979842545190307,0.3361333333333333
CTKUSDT,2026-06-15,0.1286,0.13574999999999998,-5.267034990791886,ambiguous,0.04314607470613486,-2.2476805211799857,26.047334971822966,1.8605239265587834,0.9977587664058165,0.150872
MANTRAUSDT,2026-06-15,0.007939,0.007782699999999999,2.008300461279511,ambiguous,0.042569862274566446,-1.8088846078029612,21.246070707676303,1.517576479119736,0.9994741742939448,0.008383183333333332
INXUSDT,2026-06-15,0.008119,0.0081659,-0.5743396318838134,ambiguous,0.042209412823410536,-2.1371295372174957,25.315793258703938,1.8082709470502814,0.9965572677505101,0.008983846666666667
HFTUSDT,2026-06-15,0.01047,0.010679,-1.9571120891469174,ambiguous,0.04220228535619928,-1.911925181681605,22.65191524042375,1.6179939457445536,0.9927254506764999,0.011511299999999999
TAOUSDT,2026-06-15,266.16,232.7,14.379028792436621,ambiguous,0.041977953743611636,-1.7328338091862765,20.639807978372293,1.4742719984551638,0.9949394636440881,248.05803333333333
JASMYUSDT,2026-06-15,0.005091,0.0050213,1.3880867504431071,ambiguous,0.04101727764065307,-1.4961766332145905,18.238370746132833,1.3027407675809166,0.9987992533947817,0.0052891100000000005
MONUSDT,2026-06-15,0.02263,0.0219565,3.067428779632464,ambiguous,0.04016342722372716,-1.7752215699229208,22.099976180247154,1.578569727160511,0.9985074450116054,0.023648833333333334
BROCCOLIUSDT,2026-06-15,0.01323,0.012952,2.146386658431143,ambiguous,0.0399077929327661,-1.3869641318846204,17.377108954901136,1.241222068207224,0.9987228618634427,0.013573933333333333
KMNOUSDT,2026-06-15,0.01796,0.01672,7.416267942583743,ambiguous,0.039435445713181305,-1.891441182814514,23.981486054084325,1.7129632895774518,0.9951059351874572,0.018089733333333333
RESOLVUSDT,2026-06-15,0.01776,0.019337,-8.155349847442716,ambiguous,0.03943091712776238,-3.0472056365096014,38.6398016895749,2.759985834969636,0.9992478817145077,0.022898500000000002
BLESSUSDT,2026-06-15,0.005579,0.0056025499999999995,-0.42034430750282903,ambiguous,0.039362585090844344,0.17193978628156728,-2.184050995186799,-0.15600364251334278,0.700546384121962,0.0053650266666666665
OGUSDT,2026-06-15,2.732,2.717105,0.5481937576943041,ambiguous,0.03934607346135133,-1.392043043193558,17.689732681469824,1.2635523343907018,0.9974001865374146,2.8519253333333334
ARBUSDT,2026-06-15,0.0863,0.09027,-4.397917359034009,ambiguous,0.03918760022366498,-2.1195835404673646,27.04405894172834,1.9317184958377387,0.9997484884168705,0.10004933333333331
TOSHIUSDT,2026-06-15,0.000133,0.00013464500000000002,-1.2217312191318053,ambiguous,0.0390501818816447,-2.0377791721985163,26.091801292689517,1.8637000923349656,0.9979800201275603,0.00014774200000000002
WMTUSDT,2026-06-15,120.67,118.227,2.0663638593553024,ambiguous,0.03836233334627457,-0.9049736894618188,11.795081405673963,0.8425058146909974,0.9881781780036377,119.9056
KATUSDT,2026-06-15,0.005764,0.0063515,-9.249783515704957,ambiguous,0.03798424475373451,-2.2873992554838853,30.10984251910121,2.150703037078658,0.9974140828086828,0.007170676666666666
IMXUSDT,2026-06-15,0.1472,0.14699500000000001,0.139460525868218,ambiguous,0.0378187828310208,-1.6158045528292337,21.362461082484547,1.5258900773203248,0.9990393125531413,0.15714933333333334
COWUSDT,2026-06-15,0.1588,0.147905,7.36621480004056,ambiguous,0.03725508593265747,-1.4002699021616571,18.793003251861958,1.342357375132997,0.9971359414031583,0.155069
BCHUSDT,2026-06-15,224.27,245.32200000000003,-8.581374683069608,ambiguous,0.036911259209707184,-3.305501739398132,44.77633397195005,3.1983095694250037,0.9996767759234307,299.59299999999996
PIEVERSEUSDT,2026-06-15,0.70538,0.713948,-1.2000874013233465,ambiguous,0.03676438833548261,-1.450000355178596,19.720175159002295,1.4085839399287354,0.9570473842803993,0.7502196666666666
ORDIUSDT,2026-06-15,3.382,3.34075,1.234752675297468,ambiguous,0.03668168631470406,-1.880294168604052,25.62987634309393,1.830705453078138,0.998273239181917,3.641993333333333
FLOKIUSDT,2026-06-15,2.628e-05,2.5844e-05,1.68704534901718,ambiguous,0.03665633781183094,-1.5994349794837037,21.816622649187305,1.5583301892276646,0.9995687547218187,2.7626266666666673e-05
ARIAUSDT,2026-06-15,0.0295,0.034641,-14.840795589041889,ambiguous,0.03589400826621303,-2.396145357301466,33.37806883435966,2.384147773882833,0.9992160976440814,0.03953510000000001
ACTUSDT,2026-06-15,0.01051,0.010759,-2.3143414815503194,ambiguous,0.03550996746922383,-1.873476454330917,26.379585618525873,1.884256115608991,0.9995437618164407,0.011762199999999999
CAKEUSDT,2026-06-15,1.4015,1.3348,4.997003296373981,ambiguous,0.03519255881164858,-1.0539809913519553,14.97448646733656,1.0696061762383258,0.9973656215292279,1.3739260000000002
ZKUSDT,2026-06-15,0.01167,0.012073,-3.3380270024020553,ambiguous,0.03510210994302875,-2.1460701367590453,30.5689620971809,2.1834972926557787,0.9992993636322615,0.013461166666666665
MUBARAKUSDT,2026-06-15,0.01089,0.0112125,-2.8762541806020003,ambiguous,0.0344581836993753,-1.835382549107989,26.632026881052102,1.9022876343608643,0.9989637153482492,0.012264966666666665
ENSOUSDT,2026-06-15,0.6802,0.64853,4.883351579726458,ambiguous,0.034094673257913585,-2.0003851002386672,29.335742347587466,2.095410167684819,0.9970259677107042,0.7127253333333333
SENTUSDT,2026-06-15,0.015,0.014610999999999999,2.662377660666615,ambiguous,0.03373097263688307,-1.03379210722054,15.324077937944516,1.0945769955674653,0.9898415591416402,0.015097333333333332
ARCUSDT,2026-06-15,0.07711,0.0790605,-2.467097981925248,ambiguous,0.033333224037673366,0.7449982578235269,-11.175010508757365,-0.7982150363398118,0.9963133875807956,0.07266103333333333
SOONUSDT,2026-06-15,0.1731,0.164485,5.237559655895674,ambiguous,0.03269845705402664,-0.38128128158671865,5.830264115470947,0.41644743681935337,0.7421930532964881,0.16298466666666664
SNDKUSDT,2026-06-15,2103.71,1746.3015,20.46659754916318,ambiguous,0.03227699321510021,0.47368002899233735,-7.337734742447056,-0.5241239101747898,0.9862791850315449,1618.1174333333336
ACHUSDT,2026-06-15,0.005446,0.00569405,-4.356301753584879,ambiguous,0.032222905897206736,-1.7540910912851908,27.218077365226783,1.9441483832304844,0.9991334835880155,0.006183933333333335
FARTCOINUSDT,2026-06-15,0.1285,0.13264499999999999,-3.1248822043800972,ambiguous,0.032096855370042934,-2.7351562645576264,42.60785414994952,3.043418153567823,0.9994007508904865,0.15530899999999997
DOGSUSDT,2026-06-15,4.485e-05,4.4566e-05,0.6372571018264939,ambiguous,0.03200466310925209,-1.8154985902524325,28.363032350238953,2.0259308821599253,0.9946964976951853,4.850706666666667e-05
BOMEUSDT,2026-06-15,0.000464,0.00045474500000000005,2.0352065443270284,ambiguous,0.0310012590340275,-2.017526658898806,32.5394310064042,2.3242450718860144,0.9913692957739642,0.0005009466666666667
INITUSDT,2026-06-15,0.05851,0.0611665,-4.343063605077946,ambiguous,0.03043405788991304,-2.3680044668985096,38.90385691359536,2.778846922399669,0.99971490707213,0.06989676666666665
PIUSDT,2026-06-15,0.1354,0.134855,0.4041377776129895,ambiguous,0.030314863672704116,-1.3102449525491873,21.610602750771204,1.5436144821979432,0.9985257360995258,0.14214766666666667
1000000MOGUSDT,2026-06-15,0.1194,0.11666499999999999,2.344319204560086,ambiguous,0.030309644709188004,-1.7712739620731637,29.21964244497105,2.087117317497932,0.9990941496208026,0.12704733333333332
TACUSDT,2026-06-15,0.015664,0.01715355,-8.683625255413595,ambiguous,0.029725518268974627,-0.9485234709943415,15.95470030852822,1.1396214506091586,0.9800011241425516,0.01769569333333333
XPLUSDT,2026-06-15,0.09019,0.0815515,10.59269296088976,ambiguous,0.029697708066144184,-1.0891843424184717,18.337851863729473,1.3098465616949624,0.9380776385424374,0.08398989999999999
RSRUSDT,2026-06-15,0.001475,0.0014697,0.36061781315914754,ambiguous,0.029669064182657377,-1.5992562652103723,26.951579183026514,1.9251127987876082,0.9989273903559837,0.00158144
CVXUSDT,2026-06-15,1.375,1.38285,-0.5676682214267537,ambiguous,0.02965411475972262,-1.8129617709038588,30.568468922334755,2.183462065881054,0.9986588174381371,1.5144033333333333
EPICUSDT,2026-06-15,0.4956,0.454765,8.9793629676866,ambiguous,0.029271855160876086,3.478289024864023,-59.41353914447151,-4.243824224605108,0.9959004514782998,0.35569200000000006
MEMEUSDT,2026-06-15,0.0006091,0.0005580650000000001,9.144992070816116,ambiguous,0.029218172416494295,0.02106229153728533,-0.360431365060246,-0.025745097504303285,0.9730177056123271,0.0005358263333333334
AIXBTUSDT,2026-06-15,0.02354,0.024570500000000002,-4.19405384505811,ambiguous,0.029124981965314104,-1.983946725242957,34.05919233882624,2.432799452773303,0.9931128568967726,0.027246299999999998
CKBUSDT,2026-06-15,0.001158,0.0011642,-0.5325545438928048,ambiguous,0.029095549984516904,-1.8022764054286236,30.9716847832005,2.2122631988000356,0.9991246591985516,0.0012735966666666666
MSTRUSDT,2026-06-15,130.02,133.724,-2.769884239179188,ambiguous,0.02908049470057494,-1.9147434388852331,32.92143855529695,2.3515313253783536,0.9994927395175771,147.79916666666668
ETHFIUSDT,2026-06-15,0.3381,0.334875,0.9630459126539925,ambiguous,0.028855433814356752,-1.4678973011445708,25.435370519611325,1.8168121799722374,0.9992575737967191,0.3578876666666666
SAPIENUSDT,2026-06-15,0.08365,0.085977,-2.7065377949916813,ambiguous,0.028717842474832687,-2.260532242938309,39.35762662044268,2.8112590443173344,0.9980454093071796,0.0976364
CYSUSDT,2026-06-15,0.45957,0.450216,2.077669385361691,ambiguous,0.027802430025305427,-0.5635196195223697,10.134359101155207,0.7238827929396576,0.9068310469789793,0.4525392333333334
KGENUSDT,2026-06-15,0.17216,0.18213000000000001,-5.474111898094769,ambiguous,0.027463993648602872,-0.9821662891256336,17.880980852462397,1.2772129180330283,0.9800790532568778,0.18836409999999998
XPINUSDT,2026-06-15,0.0013324,0.00124095,7.369354123856731,ambiguous,0.02725798032295353,-0.4856162525280492,8.907781258450743,0.6362700898893389,0.9480513634285123,0.0012386823333333334
NIOUSDT,2026-06-15,5.205,5.4928,-5.239586367608506,ambiguous,0.027202438417576563,-0.7190469407405858,13.216589809022071,0.9440421292158623,0.9898981237454108,5.581386666666666
DOGEUSDT,2026-06-15,0.0881,0.090719,-2.88693658439797,ambiguous,0.027004745478803875,-1.409932895449015,26.10528021002228,1.8646628721444485,0.9991121600619239,0.0968775
PNUTUSDT,2026-06-15,0.04503,0.046206,-2.5451240098688377,ambiguous,0.026622350123684857,-1.8703181950372931,35.12684241526342,2.5090601725188155,0.9979223445143854,0.05101429999999999
PEOPLEUSDT,2026-06-15,0.005755,0.0057644,-0.1630698771771688,ambiguous,0.026603381909845833,-1.5731850761070336,29.56738886503754,2.1119563475026815,0.9995193083774946,0.006225666666666667
KASUSDT,2026-06-15,0.03302,0.030977499999999998,6.593495278831418,ambiguous,0.026183697911176994,-0.9241259262307667,17.646971206391104,1.2604979433136503,0.9939039378989846,0.03190593333333333
RPLUSDT,2026-06-15,1.433,1.4539,-1.437512896347748,ambiguous,0.02610482123284365,-1.6286226526626253,31.19390548849233,2.2281361063208807,0.9994197283118504,1.5782333333333332
SHIBUSDT,2026-06-15,5.056e-06,5.0339999999999996e-06,0.4370282081843646,ambiguous,0.02595906612981583,-1.3033483890374267,25.10391518939193,1.7931367992422806,0.9982733342193914,5.329016666666667e-06
BLURUSDT,2026-06-15,0.01874,0.018947,-1.0925212434686138,ambiguous,0.02582056316169044,-1.6106202864622043,31.188713359510604,2.227765239965043,0.9995722825395437,0.020561700000000002
CETUSUSDT,2026-06-15,0.01914,0.020221,-5.345927501112701,ambiguous,0.025434161029080363,-2.151079379673814,42.28720926187342,3.020514947276673,0.9991814908065902,0.022830566666666666
STRKUSDT,2026-06-15,0.036398,0.0354403,2.7022908948287627,ambiguous,0.025334631979176056,-1.3877789674166168,27.388970334309757,1.9563550238792684,0.9984349868339895,0.037819486666666666
MOVEUSDT,2026-06-15,0.01202,0.013253500000000001,-9.306975515901472,ambiguous,0.02522341413868418,-1.7389404613205168,34.47075902888124,2.462197073491517,0.9966712266611493,0.014613266666666668
AWEUSDT,2026-06-15,0.053634,0.053504750000000004,0.24156733747937587,ambiguous,0.024356570206885315,-0.2100900496698278,4.312800363214477,0.3080571688010341,0.924453017547961,0.05282853333333333
AEVOUSDT,2026-06-15,0.01993,0.021206,-6.017164953315102,ambiguous,0.023400463042313843,-1.7196648216699653,36.74424772194432,2.624589122996023,0.9990661594057837,0.023266933333333337
METISUSDT,2026-06-15,3.084,2.8323,8.886770469229965,ambiguous,0.023388354757916494,-1.6920888140762966,36.173746114047596,2.5838390081462568,0.9947777873553384,3.07831
PROSUSDT,2026-06-15,0.5852,0.60998,-4.062428276336916,ambiguous,0.023255423225423868,-0.7690672694227987,16.535224105962946,1.1810874361402104,0.9716795628157512,0.6258940000000001
GIGGLEUSDT,2026-06-15,28.55,29.0995,-1.888348597054923,ambiguous,0.023228076759409185,-1.1170869552626668,24.046049245341834,1.7175749460958454,0.9958321580084807,30.4805
MERLUSDT,2026-06-15,0.02189,0.0229335,-4.550112281160745,ambiguous,0.023079441655443275,-1.961873011497146,42.50260991548812,3.0359007082491516,0.9983684713116158,0.025581066666666666
WALUSDT,2026-06-15,0.03542,0.0429985,-17.625033431398773,ambiguous,0.02285725050549556,-3.3891402788522025,74.13709444268794,5.295506745906281,0.9998175372905239,0.05416776666666667
MELANIAUSDT,2026-06-15,0.083,0.083645,-0.7711160260625127,ambiguous,0.022779385835092508,-1.3325332308167392,29.24866457031342,2.0891903264509586,0.9956854749132641,0.08911466666666668
GALAUSDT,2026-06-15,0.00274,0.00279455,-1.9520137410316551,ambiguous,0.022713317698133728,-1.5224080590838298,33.513555336059966,2.3938253811471406,0.9993359056419036,0.0030254
SOXSUSDT,2026-06-15,3.99,5.8015,-31.224683271567688,ambiguous,0.022558722668745132,-2.4235474183564314,53.71641501923844,3.83688678708846,0.9988002137375767,6.7490666666666685
LINEAUSDT,2026-06-15,0.002588,0.0027131,-4.610961630607058,ambiguous,0.022520126084706625,-1.7728515633922994,39.36149284253429,2.8115352030381637,0.9976300670543631,0.00298268
RIVERUSDT,2026-06-15,4.809,5.54155,-13.219225667908796,ambiguous,0.02219903021415571,-1.7550007563617291,39.52877083888587,2.823483631348991,0.9974453566425232,6.146100000000001
SSVUSDT,2026-06-15,2.342,2.24815,4.174543513555595,ambiguous,0.02207880586314029,-1.2610881765447657,28.558794899548975,2.0399139213963555,0.9970133795908621,2.38361
KITEUSDT,2026-06-15,0.19299,0.1926895,0.15595037612323726,ambiguous,0.02192293292660949,-1.0754932311817669,24.528954104410936,1.7520681503150668,0.9766908185898547,0.20122773333333333
LUMIAUSDT,2026-06-15,0.09018,0.0930295,-3.063006895662135,ambiguous,0.02188389477567306,-1.0547392575008945,24.09852698326309,1.7213233559473635,0.992191261039974,0.09770780000000001
STORJUSDT,2026-06-15,0.0794,0.08466,-6.213087644696436,ambiguous,0.0218589805368398,-2.047631019895014,46.837294549122745,3.3455210392230534,0.9963282723384059,0.09524566666666666
COINUSDT,2026-06-15,169.49,167.71550000000002,1.0580417433093459,ambiguous,0.02148946678083025,-1.2364660528251052,28.769118969673524,2.0549370692623947,0.9984855022155262,177.68096666666668
INTCUSDT,2026-06-15,126.11,113.545,11.06609714210225,ambiguous,0.0214706790347253,-0.48371715942101456,11.264598540145878,0.8046141814389912,0.8998038757947303,113.94276666666669
SUIUSDT,2026-06-15,0.7932,0.80755,-1.7769797535756249,ambiguous,0.02143711821816275,-2.0584874919123246,48.01222512660906,3.429444651900647,0.999321996827467,0.9106040000000003
ATOMUSDT,2026-06-15,1.9646,1.888945,4.005145729494486,ambiguous,0.020728969074849,-0.8828465261124947,21.29499356491577,1.521070968922555,0.9866411079460482,1.959576
MMTUSDT,2026-06-15,0.128,0.118415,8.094413714478744,ambiguous,0.02035157635606815,-0.8681861743808216,21.32970338982999,1.5235502421307137,0.9694139098302302,0.12180833333333332
USTCUSDT,2026-06-15,0.00626,0.0061565,1.6811500040607497,ambiguous,0.020197686697495047,-0.5364683473785794,13.280440364616437,0.9486028831868883,0.9822866183084502,0.006232033333333332
TURBOUSDT,2026-06-15,0.000908,0.0009403,-3.435073912581099,ambiguous,0.020056179245138125,-1.6382360133163558,40.84117900256314,2.9172270716116526,0.9991423756142553,0.00102957
AVAUSDT,2026-06-15,0.1969,0.19841,-0.7610503502847643,ambiguous,0.020043435822973174,-1.552740011460705,38.73437730872972,2.766741236337837,0.9984342417611259,0.21553666666666665
MANTAUSDT,2026-06-15,0.0801,0.0795575,0.6818967413505961,ambiguous,0.018184192444313386,-0.10955662320547341,3.012413763794451,0.21517241169960363,0.9026308508899848,0.07841786666666667
KLACUSDT,2026-06-08,2109.22,1949.8545,8.173199590020698,ambiguous,0.01672395343843001,0.1512170570074666,-4.520972196083271,-0.32292658543451935,0.9865330962803885,1886.8813999999998
UNHUSDT,2026-06-15,411.49,394.8565,4.212543037787153,ambiguous,0.01361670879071434,0.03916643834344379,-1.438175661440032,-0.10272683296000229,0.9772065730499091,387.2810333333333
COPPERUSDT,2026-06-15,6.546,6.43585,1.7115066385947397,ambiguous,0.004021138974213765,-0.028713598252219846,3.570331495174708,0.25502367822676486,0.8062996965144822,6.413263333333335
ROBOUSDT,2026-06-15,0.01934,0.0197325,-1.989104269605979,ambiguous,0.0030047554026243995,-0.16914978090335392,28.147013356830293,2.0105009540593066,0.7845094487181334,0.01983093333333333
MCDUSDT,2026-06-15,286.29,280.91150000000005,1.914659955181608,ambiguous,0.0024971155241566784,-0.021038496671790616,4.212559745087424,0.30089712464910173,0.7845115689360039,280.27813333333336
USDCUSDT,2026-06-15,0.9997,0.99997,-0.027000810024302435,ambiguous,-0.00015658134982965693,0.0012636389635401228,4.035087719306358,0.2882205513790256,0.8675307978932542,1.0000769999999999
NATGASUSDT,2026-06-15,3.181,3.20285,-0.6822049112509165,ambiguous,-0.0002388633177780933,0.10434870658857359,218.42765050578993,15.601975036127852,0.8549067481620116,3.174713333333334
INDAUSDT,2026-06-15,49.3,48.183499999999995,2.3171832681312177,ambiguous,-0.000363071413256236,-0.030319727134422984,-41.754495159090055,-2.982463939935004,0.9301983777009266,48.2711
XOMUSDT,2026-06-15,141.54,148.5205,-4.700024575731976,ambiguous,-0.004030944148731292,-0.1969187394317397,-24.425882890701715,-1.7447059207644082,0.985710701243843,151.29503333333332
GMEUSDT,2026-06-15,21.73,22.086499999999997,-1.6141081656215195,ambiguous,-0.004618583248461628,0.09152662484770115,9.908517387684535,0.7077512419774667,0.8229253055026255,22.060166666666664
SPYUSDT,2026-06-15,753.9,746.5040000000001,0.9907515565890979,ambiguous,-0.005248922974246199,0.05868245752454973,5.589952244724752,0.39928230319462515,0.8110137416002956,747.6916333333335
TSLAUSDT,2026-06-15,409.0,412.98699999999997,-0.9654056907360209,ambiguous,-0.0058274820711681965,-0.16103345756996965,-13.81672698460043,-0.9869090703286022,0.9903533268770014,420.8633333333334
PAXGUSDT,2026-06-15,4306.25,4356.9055,-1.16264858165962,ambiguous,-0.008529134782102083,-0.18068603976297376,-10.592284233925662,-0.7565917309946901,0.9952633025671256,4454.4303666666665
XAUUSDT,2026-06-15,4320.85,4369.538500000001,-1.1142709922340788,ambiguous,-0.009006825161754144,-0.16932891169291311,-9.400033233238373,-0.6714309452313124,0.9947649224591318,4466.2401666666665
ARUSDT,2026-06-15,2.049,2.1069999999999998,-2.7527289985761705,ambiguous,-0.010856659493861892,-0.1888497255584594,-8.697414046430707,-0.6212438604593362,0.9346065584298575,2.152803333333333
OXYUSDT,2026-06-15,54.65,57.213,-4.479751105517982,ambiguous,-0.01102816424805928,0.0021717579423618924,0.09846416382237304,0.007033154558740931,0.9529144484384787,57.962599999999995
CROSSUSDT,2026-06-15,0.09476,0.0960205,-1.3127405085372357,ambiguous,-0.012733511784183459,0.05726518458060367,2.248601389434998,0.1606143849596427,0.7372674056871303,0.0968209
BELUSDT,2026-05-26,0.1,0.11008,-9.156976744186041,ambiguous,-0.013163777011491703,0.08658362096887505,3.2887073707374928,0.23490766933839233,0.8406690815587812,0.111592
AVGOUSDT,2026-06-15,395.18,412.5505,-4.210514833941536,ambiguous,-0.014148313189309428,-0.15081058794140503,-5.329631381617939,-0.38068795582985276,0.9709572970663729,423.767
APLDUSDT,2026-06-15,46.41,44.2885,4.79018255303294,ambiguous,-0.014617719540611319,0.03924402927760037,1.3423444460188068,0.09588174614420049,0.8248630765381437,44.85876666666666
METAUSDT,2026-06-15,593.06,601.0855,-1.3351677922691652,ambiguous,-0.01530442065576371,0.023129385645807188,0.7556439464794953,0.05397456760567824,0.9917890148288698,611.0747666666666
AMZNUSDT,2026-06-15,248.65,252.73899999999998,-1.617874566252131,ambiguous,-0.015420431173661207,-0.19145900739204838,-6.207965433517481,-0.4434261023941058,0.9977369248070609,260.9151666666666
MORPHOUSDT,2026-06-15,1.9577,1.93202,1.3291787869690763,ambiguous,-0.015835308568379343,0.04731323720308231,1.4939158589419441,0.1067082756387103,0.8394143229434836,1.9762546666666667
ASTERUSDT,2026-06-15,0.6482,0.6567550000000001,-1.3026166530898275,ambiguous,-0.017560181744214833,-0.04790283629181659,-1.363961859551883,-0.09742584711084878,0.9922774840997709,0.6727096666666667
ICPUSDT,2026-06-15,2.42,2.55965,-5.455824038442758,ambiguous,-0.01911013152679987,-0.06644212891703075,-1.738400618118534,-0.12417147272275243,0.9522874619299303,2.62673
REDUSDT,2026-06-15,0.096,0.104945,-8.523512315975035,ambiguous,-0.02048869449849129,-1.1624867523438036,-28.368980571929676,-2.026355755137834,0.9997636206191085,0.11743
TRXUSDT,2026-06-15,0.31794,0.3316215,-4.125637209891398,ambiguous,-0.02057754843715363,-0.23952785827482193,-5.820126216841855,-0.4157233012029896,0.9996884726693136,0.34663459999999996
NIGHTUSDT,2026-06-15,0.03412,0.034197,-0.22516595022955554,ambiguous,-0.02058217072520835,0.3701795203342779,8.992723004694897,0.6423373574782069,0.7615379840242721,0.034116799999999996
TOWNSUSDT,2026-06-15,0.002347,0.0025686499999999996,-8.629046386233997,ambiguous,-0.020794093524474002,-1.37559954821855,-33.0766894599063,-2.3626206757075927,0.9969394783668115,0.002909526666666667
ACEUSDT,2026-06-15,0.0867,0.097415,-10.99933275162963,ambiguous,-0.020972818832073498,-1.0881799138250423,-25.942624177940754,-1.8530445841386254,0.9980049144500152,0.108085
GRTUSDT,2026-06-15,0.02035,0.022143000000000003,-8.097367113760567,ambiguous,-0.02105474878843951,-0.8759522895725116,-20.80177489587216,-1.4858410639908686,0.9996536801138246,0.0243248
SKYUSDT,2026-06-15,0.05727,0.060879,-5.928152564923872,ambiguous,-0.02152046344843382,-0.6414227332032786,-14.902623606137045,-1.0644731147240747,0.9966288525134545,0.06537256666666667
ZENUSDT,2026-06-15,4.767,4.9437,-3.574246010073412,ambiguous,-0.021847219780446285,-1.2540289289096975,-28.699965979929388,-2.0499975699949564,0.9962584368245699,5.54445
LPTUSDT,2026-06-15,1.817,1.9020500000000002,-4.471491285718054,ambiguous,-0.0219170656763798,-0.4717521084768064,-10.76220958230776,-0.7687292558791257,0.9987111955913565,2.0287333333333333
JSTUSDT,2026-06-15,0.07845,0.0839235,-6.5220111172675015,ambiguous,-0.022104380166583015,-0.40225013840002033,-9.098878488529948,-0.6499198920378534,0.9962386469924017,0.08888383333333334
GLMUSDT,2026-06-15,0.1144,0.11988999999999998,-4.579197597797968,ambiguous,-0.02230638472935032,-0.6322683428247444,-14.172362543196382,-1.012311610228313,0.9986668649182527,0.12893033333333334
JTOUSDT,2026-06-15,0.7292,0.5610600000000001,29.968274337860446,ambiguous,-0.02250695890837548,1.1934162887119668,26.51216216216271,1.8937258687259078,0.9800452158354187,0.528408
POLYXUSDT,2026-06-15,0.04117,0.042839499999999996,-3.8971043079400913,ambiguous,-0.02263256404542389,-1.2287841059687503,-27.146374213336195,-1.939026729524014,0.998706377538101,0.04819143333333333
SOMIUSDT,2026-06-15,0.1114,0.126365,-11.842677956712699,ambiguous,-0.02321223327923409,-1.4745266631383223,-31.761843968228803,-2.2687031405877716,0.9991298938213725,0.14505633333333331
SOXLUSDT,2026-06-15,271.53,223.756,21.35093584082661,ambiguous,-0.023400441599029657,1.2178556765203727,26.022066108591584,1.8587190077565416,0.9753053906358732,210.6783
MSFTUSDT,2026-06-15,399.93,419.7345,-4.71833980766413,ambiguous,-0.023577207826482798,0.19433429374888847,4.121232148842599,0.2943737249173285,0.9765953721264147,425.8525
ZROUSDT,2026-06-15,1.1159,1.0222149999999999,9.164901708544694,ambiguous,-0.0254446294766018,-1.3503723331039976,-26.535507902478283,-1.8953934216055917,0.9912282554084945,1.1539023333333334
EIGENUSDT,2026-06-15,0.2143,0.19597,9.353472470276047,ambiguous,-0.025509369935797624,-0.1423323526577482,-2.7898053345882805,-0.19927180961344862,0.9739540476689105,0.20526666666666663
ICXUSDT,2026-06-15,0.02912,0.032521499999999995,-10.459234660147887,ambiguous,-0.02566777739132228,-0.5814102286054992,-11.325683165735677,-0.8089773689811198,0.9987781295739192,0.03501446666666666
ALGOUSDT,2026-06-15,0.0949,0.10186999999999999,-6.842053597722575,ambiguous,-0.027048435270763505,-0.5352835703130857,-9.894908244316643,-0.7067791603083317,0.9949406104710912,0.10906599999999998
SKRUSDT,2026-06-15,0.009265,0.0112147,-17.385217616164482,ambiguous,-0.027441800448971824,-1.4517035505210945,-26.45058864159706,-1.8893277601140759,0.9997486584460534,0.012959303333333333
KAITOUSDT,2026-06-15,0.4821,0.45328,6.358100953053292,ambiguous,-0.027685867115821987,0.032588434324750705,0.5885391667239309,0.04203851190885221,0.9494783703609307,0.46575666666666665
ZORAUSDT,2026-06-15,0.00848,0.009357,-9.372662178048529,ambiguous,-0.027817238221072637,-0.7979167808805926,-14.342127973655913,-1.0244377124039938,0.9963949141755896,0.0102322
NEWTUSDT,2026-06-15,0.05402,0.059398000000000006,-9.054176908313426,ambiguous,-0.0284041145567872,-1.1606305457812274,-20.430676398322955,-1.4593340284516396,0.9983092679360653,0.06692073333333333
POLUSDT,2026-06-15,0.07789,0.082777,-5.903813861338292,ambiguous,-0.02854441195876186,-0.3397514957355444,-5.951278593974606,-0.4250913281410433,0.9955131059391928,0.08775506666666667
IPUSDT,2026-06-15,0.3134,0.357155,-12.250983466562138,ambiguous,-0.028760873631920165,-1.7200320565489626,-29.90229153957254,-2.1358779671123242,0.9994368376719422,0.4213760000000001
AAPLUSDT,2026-06-15,296.5,303.8265,-2.411409143047105,ambiguous,-0.028776065253494156,0.3503135400229434,6.086890909805784,0.4347779221289846,0.9739621450736196,307.12803333333335
PROVEUSDT,2026-06-15,0.2041,0.201315,1.3834041179246581,ambiguous,-0.028899885338284248,-1.0955535998914199,-18.954289732771336,-1.3538778380550955,0.9910647591488487,0.22463200000000005
KERNELUSDT,2026-06-15,0.05124,0.053984500000000005,-5.083866665431747,ambiguous,-0.029315574430721608,-0.7536775962422069,-12.854559579299622,-0.9181828270928302,0.9905542857109328,0.0588073
PLTRUSDT,2026-06-15,134.63,139.999,-3.8350273930528034,ambiguous,-0.02997685548692286,0.3514568520631062,5.862136744403131,0.4187240531716522,0.9405701265414774,141.5004333333333
PUNDIXUSDT,2026-06-15,0.1041,0.11578,-10.08809811711867,ambiguous,-0.030374166688772825,-1.036128321017614,-17.056078140912373,-1.2182912957794552,0.9955571059373853,0.12929800000000002
FLOCKUSDT,2026-06-15,0.04125,0.046306,-10.918671446464812,ambiguous,-0.030830331542695516,-1.9211622525832657,-31.157015777185784,-2.225501126941842,0.9966854634530068,0.055565866666666665
AIGENSYNUSDT,2026-06-04,0.02768,0.031661499999999995,-12.575209639467477,ambiguous,-0.03189572790626241,-0.2548307856029132,-3.994747922853952,-0.28533913734671085,0.9752745858030282,0.03369166666666667
CFGUSDT,2026-06-15,0.21626,0.23079550000000001,-6.297999744362437,ambiguous,-0.032148534629672515,-0.9887923596915084,-15.378498135010965,-1.0984641525007832,0.9925203632999329,0.2576063333333333
AVNTUSDT,2026-06-15,0.11171,0.11925450000000001,-6.326386006398089,ambiguous,-0.03223585664732213,-0.9408849053826372,-14.593763021042559,-1.0424116443601827,0.9972528168364021,0.13276606666666665
NXPCUSDT,2026-06-15,0.3472,0.379095,-8.413458367955261,ambiguous,-0.03228816464363231,0.8122160831116211,12.577613067762304,0.8984009334115931,0.9500138453393089,0.3743496666666667
APPUSDT,2026-06-15,521.09,552.466,-5.679263520289024,ambiguous,-0.0330275231552759,0.8519833017004279,12.898080453912725,0.921291460993766,0.9905743579601413,542.2554
OKLOUSDT,2026-06-15,60.5,62.090999999999994,-2.5623681370890994,ambiguous,-0.035518665054521566,0.12701066322436488,1.7879425230284134,0.12771018021631525,0.9875411697267749,64.37193333333333
SAFEUSDT,2026-06-15,0.0961,0.106725,-9.95549308971656,ambiguous,-0.03620225644527982,-1.3688953124688246,-18.906215342376896,-1.3504439530269212,0.998873512973362,0.12356733333333335
TRUSTUSDT,2026-06-15,0.05105,0.05569949999999999,-8.347471700823162,ambiguous,-0.0363011391945495,-0.9097592019132756,-12.530725234786475,-0.8950518024847482,0.9992486698399269,0.062345566666666664
RKLBUSDT,2026-06-15,108.69,119.80250000000001,-9.275682894764303,ambiguous,-0.03650203360495682,-0.29439135622909623,-4.03253363107308,-0.28803811650522,0.9955658519384353,128.76979999999998
CLOUSDT,2026-05-26,0.067585,0.09147425000000001,-26.115819479252355,ambiguous,-0.03685449135241618,-1.6894251336544732,-22.920206895539124,-1.6371576353956516,0.9888219013233748,0.10817828333333335
BEUSDT,2026-06-15,276.14,270.246,2.1809758516314837,ambiguous,-0.03712723405714504,0.03419455831646785,0.4605050602993572,0.03289321859281123,0.9802816558106793,281.6927333333333
WLDUSDT,2026-06-15,0.587,0.44697999999999993,31.325786388652755,ambiguous,-0.039233148327909244,3.5786775843935947,45.60783083839125,3.2577022027422324,0.9987308832858217,0.37201566666666663
AGLDUSDT,2026-06-15,0.1748,0.198615,-11.990534451073687,ambiguous,-0.04090447768541499,-0.6062156467650863,-7.410137973491839,-0.5292955695351313,0.9960828653979271,0.2181916666666667
MRVLUSDT,2026-06-15,305.66,260.84749999999997,17.1795781059815,ambiguous,-0.04172925840587856,2.617236877323862,31.359733881050257,2.23998099150359,0.9985714107334023,229.8398666666667
CUSDT,2026-06-15,0.08988,0.09175900000000001,-2.0477555335171593,ambiguous,-0.042193202149713706,1.3587768736535877,16.101845847492847,1.150131846249489,0.9756064285438699,0.08847663333333335
AZTECUSDT,2026-06-15,0.01675,0.018931499999999997,-11.523122837598688,ambiguous,-0.04233364921851809,-0.5215653106083297,-6.160174237709944,-0.4400124455507103,0.9960234887526143,0.020857333333333332
KAIAUSDT,2026-06-15,0.03874,0.041267000000000005,-6.123536966583487,ambiguous,-0.042655299706333666,-0.8026848880657285,-9.408970205249103,-0.672069300374936,0.9920230657106597,0.04589696666666667
YBUSDT,2026-06-15,0.09,0.09404,-4.296044236495112,ambiguous,-0.04269894018567454,-0.6266731370120554,-7.338275075294535,-0.5241625053781811,0.9964353012532815,0.10367266666666666
AXTIUSDT,2026-06-15,111.19,99.28450000000001,11.991297735296037,ambiguous,-0.04388434280175027,-0.8373917670546022,-9.540894469327723,-0.6814924620948374,0.9959345943758622,111.30149999999999
MIRAUSDT,2026-06-15,0.0554,0.064296,-13.836008460868499,ambiguous,-0.045323276546310194,-0.9461347113891939,-10.437624808771902,-0.745544629197993,0.998983349029071,0.07312573333333332
DYMUSDT,2026-06-15,0.01723,0.01778,-3.093363329583809,ambiguous,-0.04648571195496246,-1.4127541819701084,-15.195574323341019,-1.08539816595293,0.9975268972748292,0.0209004
BANANAS31USDT,2026-06-15,0.010353,0.01013665,2.1343343214967447,ambiguous,-0.04666574480883208,-0.046541790596450715,-0.4986718929175014,-0.035619420922678675,0.9149521889658068,0.010796206666666667
ONDOUSDT,2026-06-15,0.37,0.36341,1.813378828320622,ambiguous,-0.0475744738654897,0.23998685206155618,2.52222287039985,0.18015877645713216,0.988923097732093,0.3784883333333333
USUSDT,2026-06-15,0.014502,0.0113621,27.634856232562633,ambiguous,-0.047877138974858804,4.627141161483263,48.3230750683856,3.4516482191704,0.9982664347517948,0.008924556666666666
DEXEUSDT,2026-06-15,19.025,18.8576,0.8877057525878085,ambiguous,-0.048939628003707686,2.311367749877428,23.6144801683241,1.6867485834517215,0.9949352651358151,17.271239999999995
RENDERUSDT,2026-06-15,1.7932,1.8417750000000002,-2.637401419826002,ambiguous,-0.050127107338545814,0.17860989662625326,1.7815699539569194,0.12725499671120852,0.985133104260517,1.9395103333333334
2ZUSDT,2026-06-15,0.07043,0.07747699999999999,-9.095602565922768,ambiguous,-0.05089393448102032,-0.8501182670836686,-8.351862316723615,-0.5965615940516867,0.9947714004581939,0.08776816666666666
BANUSDT,2026-06-15,0.0755,0.072142,4.654708768817062,ambiguous,-0.05278142307045497,0.16318043065635768,1.5458131020694275,0.11041522157638768,0.9779424715547134,0.07664596666666665
BICOUSDT,2026-06-15,0.01984,0.020606,-3.717363874599633,ambiguous,-0.053437696550921614,-0.7061007515465314,-6.606766357094725,-0.4719118826496232,0.9965357017321687,0.023135733333333335
EDGEUSDT,2026-06-15,0.3496,0.6947,-49.676119188138756,ambiguous,-0.06295358273344788,-3.3956143934657588,-26.969190997779656,-1.9263707855556897,0.9994985657668256,1.0127246666666665
MAGMAUSDT,2026-06-15,0.39429,0.3596295,9.637835605810974,ambiguous,-0.0676606285369596,3.691932357199045,27.282722885010802,1.9487659203579144,0.9950188163868168,0.3081493666666667
FIGHTUSDT,2026-06-15,0.004184,0.004113299999999999,1.7188145771035668,ambiguous,-0.07495311100571514,-0.07739075263242634,-0.5162611104062468,-0.0368757936004462,0.9787805153593738,0.004503343333333334
ZECUSDT,2026-06-15,518.79,484.49399999999997,7.078725433132305,ambiguous,-0.07750336168835109,-0.32085123788733333,-2.069918200306645,-0.14785130002190322,0.9819528922652816,541.1367333333333
LITUSDT,2026-06-15,1.691,1.4699,15.041839580923888,ambiguous,-0.07818731614287702,2.620407664706874,16.75724269597913,1.196945906855652,0.98771942998166,1.33972
ARMUSDT,2026-06-15,407.95,362.073,12.670649288955538,ambiguous,-0.08251131383334573,2.623227644235277,15.896169400075282,1.1354406714339487,0.9908126358893298,332.5753000000001
GENIUSUSDT,2026-06-15,0.4359,0.47873350000000003,-8.947253534586574,ambiguous,-0.0870390396001799,0.6111389863179588,3.5107176568426635,0.2507655469173331,0.9044931983564504,0.5191871666666666
PLUMEUSDT,2026-06-15,0.01137,0.0117245,-3.023583095227944,ambiguous,-0.0895929990982279,0.5855923685622457,3.2680699075617192,0.23343356482583708,0.9814837610052539,0.012581
FLYUSDT,2026-06-15,33.61,39.944,-15.857200080112166,ambiguous,-0.09292634990545035,0.3306488902261053,1.7790911327224743,0.1270779380516053,0.9979463691595586,44.360733333333336
TAGUSDT,2026-06-15,0.00093,0.00113084,-17.760249018428766,ambiguous,-0.10890929523102005,0.7848877504924218,3.6034011092786247,0.25738579351990176,0.9699844803853271,0.0012393373333333335
LABUSDT,2026-06-15,9.57479,10.288305000000001,-6.935204584234245,ambiguous,-0.11049499648189977,5.367400413211476,24.28797947466658,1.7348556767618988,0.9966427136723266,8.249177300000001
SAHARAUSDT,2026-06-15,0.01473,0.027409,-46.258528220657446,ambiguous,-0.14212980277141365,0.4190240293835927,1.4740892522643754,0.10529208944745538,0.9814345053899308,0.032246333333333335
NILUSDT,2026-06-15,0.04091,0.048832,-16.222968545216244,ambiguous,-0.149778117048391,0.5879077681157587,1.962595670520463,0.14018540503717594,0.9974254302019976,0.057499
FIDAUSDT,2026-06-15,0.024852,0.023667050000000002,5.006749890670781,ambiguous,-0.1736184790265386,1.4175244030777876,4.082297031472989,0.2915926451052135,0.9635798132291927,0.026501686666666673
OPNUSDT,2026-06-15,0.0731,0.13174999999999998,-44.51612903225806,ambiguous,-0.21987340614427237,1.486499184970198,3.380352383304635,0.24145374166461678,0.9621559995683329,0.1569733333333333
BSBUSDT,2026-06-15,0.3619,0.299141,20.97973865167262,ambiguous,-0.23336024253741441,-1.8361705290672257,-3.9341974217669797,-0.2810141015547843,0.9880691324354366,0.4735225333333333
CCUSDT,2026-06-15,0.1652,0.15758149999999999,4.834641122212968,noisy,0.008384855591802735,-0.014802915641573015,0.8827173872883841,0.06305124194917029,0.6274344239681249,0.15650426666666667
AAOIUSDT,2026-06-15,190.76,178.759,6.713508131059132,noisy,-0.0013854461190958727,-0.02551426282454855,-9.207959253297732,-0.6577113752355522,0.17247684907841332,179.48790000000002
EWJUSDT,2026-06-15,94.1,92.13050000000001,2.1377285480920882,noisy,-0.002810886250985341,0.028065854031134603,4.992349658634581,0.35659640418818433,0.4833374757224086,92.20833333333333
COHRUSDT,2026-06-15,412.6,380.136,8.54010143738031,noisy,-0.004024515002532748,0.0862558136535962,10.716299181306672,0.7654499415219052,0.32406304053194857,378.88950000000006
QQQUSDT,2026-06-15,743.8,725.706,2.4932961833028733,noisy,-0.005719253756080021,0.09496809453162862,8.302490025964488,0.5930350018546063,0.6131459872288034,725.0589666666667
HUMAUSDT,2026-06-15,0.0239,0.0241925,-1.2090523922703267,noisy,-0.017571506757506895,0.22616551553203984,6.435575464677139,0.45968396176265275,0.3716011818962083,0.024406
TQQQUSDT,2026-06-15,84.45,79.7345,5.914002094450965,noisy,-0.01897672566761788,0.23330876754296437,6.147234555355493,0.4390881825253924,0.6246830342462127,80.02926666666666
MLNUSDT,2026-05-17,2.351,2.9716,-20.884372055458343,noisy,-0.04346445341961176,0.49806791436089937,5.7296005721328624,0.4092571837237759,0.6876096968354818,3.054333333333333
