asset,symbol,first_date,last_date,n_days,close,ma,px_vs_ma_pct,ma_slope_last3_pct,verdict,a_pct,b_pct,vertex_pos,r2
kr,217590,2025-12-15,2026-06-15,120,18980.0,22747.5,-16.562259588965823,-2.7926157001837537,vertex_out,0.1016959931230491,-3.136799049935875,1.7136035406475552,0.9934477178466237
kr,279570,2026-03-05,2026-06-15,69,6980.0,5736.0,21.687587168758714,2.145846318226341,pass,0.12753279731890443,-1.118468013617475,0.48722456633848793,0.9581091291433843
kr,317450,2025-10-01,2026-06-15,168,44450.0,46740.0,-4.899443731279418,-1.7034700315457396,low_a,0.021711485375763784,-1.2211159703483068,3.124603174603155,0.9995909259792025
kr,439260,2025-08-01,2026-06-15,210,64300.0,64330.0,-0.04663454064977035,-1.553294054633103,low_a,0.09140494818036093,-2.3717266314214864,1.4415257954583827,0.999349901175629
us,AACI,2026-03-27,2026-06-12,54,9.960000038146973,9.947999906539916,0.12062858584434011,0.025137092781979398,low_a,-0.00036185421132772544,0.012246352807021197,1.880185202839094,0.9763528843657012
us,AACIU,2026-02-18,2026-06-12,81,10.300000190734863,10.101999950408935,1.9600103078392328,0.21825423481542927,low_r2,0.005897759010285645,-0.037182168049609256,0.3502476108558432,0.8167047074646852
us,AACO,2026-04-14,2026-06-12,43,9.890000343322754,9.910500049591064,-0.20684835442946747,-0.05042533124421933,low_a,-0.0013941197686902689,0.0027999726567820887,0.11157867493266514,0.932201862933603
us,AACOU,2026-02-19,2026-06-12,80,10.100000381469727,10.038500118255616,0.6126439457052824,0.13965817961065774,low_a,0.00336638921856546,0.014517701876246755,-0.2395857819044807,0.9823237510983562
us,AACPU,2026-04-07,2026-06-12,48,10.220000267028809,10.171499967575073,0.47682543979103986,0.15755041629754718,low_a,-0.0002988645840836003,0.07391438227219205,13.739850050378267,0.9989545048636669
us,ACAA,2026-04-10,2026-06-12,45,9.960000038146973,9.949000024795533,0.11056400968967317,0.020107025038562654,low_a,0.0016571834161708174,-0.0023274270237440683,0.0780248583574933,0.8998892825948752
us,ACAAU,2026-02-19,2026-06-12,80,10.050000190734863,10.05400013923645,-0.03978464736614784,-0.04970691912511427,low_r2,0.0006973848648661747,0.014291282336482695,-1.138482020192612,0.8032573788408418
us,ACCL,2025-10-17,2026-06-12,164,1.6100000143051147,1.4843499898910522,8.464986375840166,1.747951717234586,low_a,0.08224499605783206,-0.48643544616021495,0.3285815885302338,0.9663593701691048
us,ACGCU,2026-04-07,2026-06-12,48,10.069999694824219,10.044999980926514,0.24887719208734893,0.08469091649561111,low_a,0.0003400311134497837,0.038800376972004134,-6.33935076286192,0.9993740071828184
us,ADAC,2026-02-09,2026-06-12,87,10.029999732971191,9.977999830245972,0.5211455563227663,0.08525960417584688,low_a,0.00015211013989747656,0.03635603816965005,-13.278404054294075,0.9992020730776143
us,ADACU,2025-12-18,2026-06-12,121,10.239999771118164,10.068500185012818,1.7033280325169597,-0.059556247666625595,low_a,-0.0042011672580773395,0.030953484796542308,0.4093238708709116,0.8744546746067543
us,ADAMH,2025-07-09,2026-06-12,235,25.780000686645508,25.68340015411377,0.37612049787834057,0.0447963432495424,low_a,0.0005563281104816474,0.0035659841126090544,-0.35610321453425137,0.8716876322701578
us,ADAMO,2026-01-14,2026-06-12,104,25.30500030517578,25.29769983291626,0.028858245246565772,0.034600318708633004,low_a,-0.003770973515747579,0.06307665753371716,0.9292716422534917,0.9890097424475641
us,AEAQ,2026-01-26,2026-06-12,97,9.989999771118164,9.982749891281127,0.07262407569048612,0.030060605944770558,low_a,0.00016137670094916066,0.015574495194381437,-5.361676920720885,0.9935571053342898
us,AEAQU,2025-12-04,2026-06-12,131,10.149999618530273,10.121999740600586,0.276623973989798,0.06920385210891222,low_a,-1.0832411630517838e-15,0.034631884301968,,1.0
us,AEBI,2025-07-02,2026-06-12,239,12.34000015258789,12.192000007629394,1.2139119493592698,1.0903362688217788,low_a,0.009138592811362664,0.11772589396223893,-0.7156821162022398,0.8816665358240294
us,AGCC,2025-10-22,2026-06-12,161,14.399999618530273,16.386999988555907,-12.125467574377758,-2.8285109768753203,low_a,-0.04971043160506742,-0.5766034054834309,-0.6444024220379494,0.9993819203080241
us,AGMB,2026-02-06,2026-06-12,88,9.609999656677246,10.862500047683715,-11.53049837061726,-1.2410221283393863,low_a,-0.04471530718986621,-0.21229255543764539,-0.26375824295622496,0.9838331556958975
us,AGNCZ,2025-09-04,2026-06-12,195,25.40999984741211,25.351999759674072,0.22877914282048994,-0.023661337678859695,low_a,0.0007915717270347837,-0.01778195141388067,1.248005905113166,0.9756976700875166
us,AGRZ,2025-10-01,2026-06-12,176,0.30399999022483826,0.3207499995827675,-5.222138543949406,-1.018361587415606,low_a,0.04966832780195378,-1.419945429112566,1.5882527289315596,0.9946914227630348
us,AHMA,2025-10-21,2026-06-12,162,1.350000023841858,1.2025000035762787,12.266113914919652,1.5625000157317936,low_r2,0.18709272936608107,-2.2275540765786803,0.6614527708996419,0.7526346927985669
us,AIDX,2026-02-19,2026-06-12,80,0.9599999785423279,1.005000004172325,-4.477614471957869,-4.558404443098896,low_a,0.02170656089778296,-2.6816855968302105,6.863479381132667,0.9995795646113728
us,AIIR,2025-06-26,2026-06-12,243,6.900000095367432,8.075250029563904,-14.553728118557597,-6.142669899580577,low_a,-0.09403990981513582,-1.5323946620582194,-0.9052862444080092,0.9993786399170352
us,AKTS,2026-01-09,2026-06-12,107,21.93000030517578,19.630500030517577,11.713915952642061,0.604740215622912,low_r2,0.00258930709227611,0.02462660623508156,-0.5283825912032735,0.4178420547631747
us,ALIS,2025-11-19,2026-06-12,141,10.125,10.089949989318848,0.3473754648759986,0.042138888849097,low_a,0.0003850930397764836,0.013215951184220209,-1.9066029099373312,0.9959515344777127
us,ALISU,2025-10-22,2026-06-12,161,10.800000190734863,10.647999954223632,1.4275003490297644,0.5476864266244608,low_a,0.012246108452482264,-0.002220003066588022,0.010071240523297432,0.9636915922031658
us,ALMR,2026-04-17,2026-06-12,40,22.0,20.64300012588501,6.573656279803042,-0.3211086496213045,low_a,0.03185683714893663,-0.9399513885186475,1.6391935376457285,0.981834556468267
us,ALOV,2026-03-16,2026-06-12,63,9.930000305175781,9.921500110626221,0.085674489288734,0.05042120735465616,low_a,0.00040129586663868234,0.01797375185541083,-2.4882931840514333,0.9995727691090927
us,ALOVU,2026-01-21,2026-06-12,100,10.0600004196167,10.037500095367431,0.22416263049056528,0.05981201146116888,low_a,0.00045339014576168876,0.019464487357501493,-2.3850549440888558,0.9948058086879578
us,ALPS,2025-10-31,2026-06-12,154,0.7250000238418579,0.7328999936580658,-1.0779055648202918,-1.7099171118926115,low_a,0.0075037807340926094,-0.9227828124658147,6.831984251716765,0.9956757192281052
us,ANPA,2025-07-08,2026-06-12,236,5.409999847412109,6.174600005149841,-12.382990916011206,-1.1011720233946476,low_a,-0.0732322567998283,0.34644354134688937,0.26281947667910255,0.9221202346149129
us,APAC,2025-11-21,2026-06-12,139,10.109999656677246,10.124000024795532,-0.13828889849857307,0.009877778436662155,low_a,-0.002040367702137923,0.037471382046257,1.0202785727459818,0.9977939800737806
us,APACU,2025-09-30,2026-06-12,177,10.34000015258789,10.313499975204468,0.2569465016447614,-0.05814183477594881,low_a,-0.0014119415974391336,-0.018303373452975252,-0.7201814030871643,0.9739978980465342
us,APC,2026-02-12,2026-06-12,84,20.520000457763672,20.028500270843505,2.4540039457455975,-0.2664071753159414,low_r2,-0.03367056682238128,0.2998689702177341,0.49477596626751297,0.8438728826243974
us,APXT,2025-11-17,2026-06-12,143,10.029999732971191,10.033000087738037,-0.029904861363572177,0.029910002621025278,low_a,-0.0004912319894503781,0.02533953756877201,2.865758170043209,0.9987820041469491
us,APXTU,2025-10-28,2026-06-12,157,10.25,10.187650156021117,0.6120139877598074,0.10809024052089722,low_a,-4.472914468033064e-05,0.04970567961018374,61.73662976892396,0.9980159266017969
us,ARCI,2026-03-16,2026-06-12,63,9.979999542236328,9.96999979019165,0.10029841780454518,0.04013642653002414,low_a,-0.0010649733538179503,0.03651301531251462,1.904743290921826,0.9976139351358888
us,ARCIU,2026-01-23,2026-06-12,98,10.149999618530273,10.092000007629395,0.574708787723277,0.09918610112298332,low_a,-0.001147131724099903,0.05647951990775835,2.7353014828777504,0.9968483290781835
us,ARCLU,2026-04-30,2026-06-12,31,10.199999809265137,10.159500026702881,0.3986395241479146,0.3110190131989654,low_a,0.004046996328322858,0.06526047611118907,-0.8958698531065067,0.991595757596531
us,ARTC,2026-02-27,2026-06-12,74,9.920000076293945,9.911000108718872,0.09080786475985647,0.06562727416286052,low_a,-0.00011482220739364403,0.03260137028389625,15.773840959048606,0.9995242234906236
us,ARTCU,2026-01-06,2026-06-12,110,10.020000457763672,10.001500034332276,0.1849764872058124,0.10008545414392778,low_a,-0.0006452827662402493,0.055818947457789064,4.805726727543293,0.9953892870505875
us,ARXS,2026-04-16,2026-06-12,41,40.9900016784668,39.512000274658206,3.7406392830902524,1.3947165926678107,low_a,-0.02283915401015043,0.8551031412735974,2.0800126856556242,0.9942800297044062
us,ATCX,2026-01-09,2026-06-12,107,3.990000009536743,4.303000009059906,-7.273994860891131,-3.1074084847320216,low_a,0.006312517317498026,-1.7936923881163551,15.78602831573245,0.9972452557388888
us,AUGO,2025-07-16,2026-06-12,230,60.88999938964844,68.41150016784668,-10.994497649875157,-2.963099461422136,low_a,-0.038307397890643434,-1.1789858294591218,-1.7098319477274428,0.9977404737088351
us,AVLN,2026-04-30,2026-06-12,31,30.079999923706055,27.839499950408936,8.047917445673125,-0.5891912270367561,low_r2,-0.003812686247244169,-0.1165955463174583,-1.6989413581177581,0.8302155862827986
us,AXIN,2025-08-01,2026-06-12,218,10.390000343322754,10.330749988555908,0.5735339141154538,0.17939869628333938,low_a,-0.0016291820107966488,0.10962381936584578,3.738202451679047,0.999630582439285
us,AXINU,2025-06-18,2026-06-12,248,10.869999885559082,10.757999897003174,1.0410856072522234,0.5373583413619043,low_a,-0.006241940128701135,0.3602137337367875,3.2060342912408553,0.9993709797718217
us,BACC,2025-08-04,2026-06-12,217,10.4399995803833,10.420349979400635,0.18856949163426062,0.04800579323713805,low_a,-0.002805210154045066,0.046707694340329044,0.9250187206310715,0.9255491518190541
us,BBCQ,2026-01-28,2026-06-12,95,10.350000381469727,10.541000080108642,-1.8119694259308483,0.01423249988858899,low_a,-0.026726637635295345,0.32537395403173974,0.6763413724616594,0.9360035094595813
us,BBCQU,2026-01-08,2026-06-12,108,12.0,11.686750078201294,2.680385220036441,1.3704867500319295,low_a,0.02024781430601408,0.17339066426577057,-0.4757459020438825,0.9419661489964444
us,BCAR,2025-08-20,2026-06-12,205,10.600000381469727,10.744499969482423,-1.3448702910616395,0.16313991940328787,low_a,-0.010381188373860758,0.17701783549893502,0.9473216206294405,0.8809749959662114
us,BCARU,2025-07-31,2026-06-12,219,12.0,11.7689998626709,1.9627847737664572,0.5983415816231075,low_a,-0.013867851826522955,0.44954647424841576,1.8009136842049633,0.9928506996833028
us,BDCI,2025-10-16,2026-06-12,165,10.050000190734863,10.044750070571899,0.05226730507059685,0.0199153197224744,low_a,-0.0001792073018781651,0.01560417601658609,4.837407061557576,0.9971930387218412
us,BDCIU,2025-09-30,2026-06-12,177,10.180000305175781,10.164500188827514,0.15249265640533416,0.0,low_a,-0.001528465863615133,0.026968216521613617,0.9802209436703594,0.9840468955862478
us,BGIN,2025-10-21,2026-06-12,162,2.359999895095825,3.0305000066757204,-22.12506550413752,-3.333333193907262,low_a,-0.0236831690847872,-1.6825128072725806,-3.946808528990641,0.9962198561467215
us,BGL,2025-06-26,2026-06-12,243,0.4749999940395355,0.7063000038266182,-32.7481252348771,-7.010729805177562,low_a,0.05813606643070684,-3.814949502099537,3.645613678698849,0.9991259983485049
us,BHAV,2026-04-16,2026-06-12,41,9.930000305175781,9.93299994468689,-0.03019872674732138,0.03524882880157065,low_a,-0.0012599741268171658,0.043137361786273934,1.9020391357490145,0.9972286018676166
us,BHAVU,2026-03-19,2026-06-12,60,10.140000343322754,10.143000078201293,-0.029574434145829276,0.034518787012416396,low_a,0.00024339123908670343,0.0640368682760601,-14.616811214996622,0.9672815893256719
us,BIXI,2025-12-19,2026-06-12,120,9.979999542236328,9.985499858856201,-0.05508303738039899,0.010014798213520137,low_a,-0.0011784766936351124,0.025486888609064607,1.2014987345159636,0.9988903384126412
us,BIXIU,2025-12-02,2026-06-12,133,10.09000015258789,10.104000091552734,-0.1385583812152591,0.014848149703339253,low_a,-0.002400842613165895,0.041925006912219905,0.9701456638207134,0.9953272939965014
us,BLLN,2025-11-06,2026-06-12,150,101.12000274658203,93.05700035095215,8.664584464598391,1.20941897192397,low_a,-0.05963648701094256,1.0033083458471779,0.9346518438760142,0.9201935584760458
us,BLRK,2026-02-02,2026-06-12,92,9.970000267028809,9.968499851226806,0.01505157069163765,0.04014294692509246,low_a,-0.000665586850063434,0.029724483471713456,2.481058922236198,0.9992000416706632
us,BLRKU,2025-12-11,2026-06-12,126,10.09000015258789,10.052000188827515,0.37803385442243265,0.06470564534932777,low_a,0.0001509483016524712,0.02756016732900232,-10.143343054577052,0.9969846760797423
us,BLUW,2025-07-31,2026-06-12,219,10.3100004196167,10.283150148391723,0.26110939583212645,0.05838235210668952,low_a,0.0009035178616752149,0.014983189311945672,-0.9212871615795729,0.9970190868141446
us,BLZR,2025-11-03,2026-06-12,153,10.109999656677246,10.109249830245972,0.007417231187933915,0.009892192321858673,low_a,-3.7494692357594444e-05,0.006648724697617286,9.851356847771438,0.9931869667945217
us,BLZRU,2025-09-09,2026-06-12,192,10.210000038146973,10.230000019073486,-0.19550323449877283,-0.0244320501319506,low_r2,0.0016844127785546532,-0.019305922086919756,0.6367508253953188,0.676980993513891
us,BMHL,2025-07-11,2026-06-12,233,6.125,4.583150005340576,33.64170914900806,4.831995122101707,vertex_out,0.14123861416302583,0.09966814292360895,-0.03920400298547495,0.9934237599878083
us,BMM,2026-01-26,2026-06-12,97,6.769999980926514,7.057749962806701,-4.07707815375421,-1.190017724536807,low_a,-0.10325630029490625,0.9318130702904788,0.5013485147740591,0.935529005924562
us,BPAC,2026-01-06,2026-06-12,110,10.119999885559082,10.084999799728394,0.3470509323324933,0.0893213125377379,low_a,0.0026327346761949267,-0.0006621387655038285,0.01397234871597495,0.9959564756587792
us,BPACU,2025-11-12,2026-06-12,146,10.239999771118164,10.332999897003173,-0.9000302604472266,-0.009677016604769939,low_r2,-0.0064893496261320535,0.07139742745417478,0.6112359444282836,0.7241951544442171
us,BRAI,2026-02-12,2026-06-12,84,7.639999866485596,8.794499945640563,-13.127523864813417,0.5487906962034605,low_r2,-0.058977839080804215,0.8292501230454887,0.7811315571800825,0.8454269591470133
us,BRBI,2025-09-19,2026-06-12,184,12.34000015258789,12.685000085830689,-2.719747188872057,-1.3646437550378088,low_a,0.02544754085757081,-1.188851943953718,2.5954307565244163,0.9981634791952867
us,BRCB,2025-09-12,2026-06-12,189,7.369999885559082,7.074999976158142,4.169610040919469,-0.2818887219469768,vertex_out,0.17080194467040585,-4.289212687869428,1.395122252444771,0.9878815016386868
us,BRKRP,2025-09-04,2026-06-12,195,401.30999755859375,392.284001159668,2.3008831286117193,1.648717252301135,low_a,-0.08561469271046694,2.022888254056329,1.3126564754599377,0.9972815553043325
us,BSAA,2025-08-07,2026-06-12,214,13.774999618530273,11.834749889373779,16.39451401417964,2.745583133556906,low_a,0.07655037858500606,0.11822595415073756,-0.0858011245056907,0.9948517461432612
us,BTQ,2025-09-26,2026-06-12,179,4.159999847412109,3.96599999666214,4.89157465741914,2.8393618767697193,low_a,-0.04170524420062316,1.892400849258244,2.5208671602209676,0.9977193104372455
us,BTTC,2025-10-02,2026-06-12,175,0.8980000019073486,1.025150004029274,-12.403063124632684,-3.1506846271988187,low_a,0.00759074086909364,-1.728696239623857,12.652082535201929,0.9948231532708915
us,BUUU,2025-08-14,2026-06-12,209,17.809999465942383,17.622399950027464,1.0645514597722228,-1.8381944455419408,low_a,-0.03056188994985688,-0.423322552924804,-0.7695178421727052,0.9729251785736011
us,CABR,2025-11-17,2026-06-12,143,1.1299999952316284,1.1136999994516372,1.4635894574855923,0.8147011287699124,low_a,-0.08008691635481541,1.821043197291294,1.2632408777978872,0.984509556495698
us,CAEP,2025-06-26,2026-05-15,224,15.0,11.041750049591064,35.848030725487504,3.1915141653779067,vertex_out,0.10618685676679854,-0.29638345798895765,0.15506389554607805,0.9898509275233515
us,CAI,2025-06-18,2026-06-12,248,17.969999313354492,16.226999950408935,10.741353104531392,1.8931900871849816,pass,0.13768296439077016,-1.3979966356600106,0.5640965104328912,0.9616580073017877
us,CAIIU,2026-04-29,2026-06-12,32,9.970000267028809,9.976499843597413,-0.06514886654136465,0.0,low_a,-0.0006645460804791009,0.011904895259223974,0.9952403443265617,0.9873714446730321
us,CAQ,2026-03-30,2026-06-12,53,9.890000343322754,9.881999921798705,0.08095953842703896,0.03036814160493062,low_a,-0.00047946786086418893,0.02242136586657836,2.5979456366210143,0.9996069808326165
us,CAQUU,2026-02-06,2026-06-12,88,10.010000228881836,9.973999977111816,0.3609409650354056,0.04012032289826273,low_a,0.0009690512284121894,0.003561089436155814,-0.20415670111973183,0.9623835257275694
us,CARL,2025-07-23,2026-06-12,225,11.420000076293945,11.355500078201294,0.5680066720836985,0.910868292111422,low_a,0.003148231338190655,0.578725728388543,-10.212537104530904,0.9968061431757613
us,CAST,2026-03-10,2026-06-12,67,1.5499999523162842,0.9519999921321869,62.81512238721363,-5.414803974623695,vertex_out,0.18698953384809713,-5.812761039578743,1.7270013044036043,0.9990025750354979
us,CBC,2025-11-21,2026-06-12,139,28.790000915527344,28.207000064849854,2.0668658465527345,0.6117241319206324,low_a,0.017510544954609814,0.04497601103817138,-0.1426950038605516,0.9935778905278408
us,CBK,2025-10-02,2026-06-12,175,30.780000686645508,29.298750019073488,5.055678711916811,0.8745129229433157,low_a,0.033436536290304325,-0.07669891573180845,0.12743697005556603,0.9943626814258332
us,CCHH,2025-10-03,2026-06-12,174,0.5009999871253967,0.4256999984383583,17.68851044474267,2.7392297366630514,pass,0.11253767094316514,-1.4758410720755364,0.7285664434291617,0.8660515620946673
us,CCII,2025-08-22,2026-06-12,203,10.319999694824219,10.272750043869019,0.459951334875508,0.09256306685638815,low_a,-0.00010157727749088846,0.037215888281595624,20.354447372966803,0.992809505369062
us,CCIIU,2025-07-01,2026-06-12,240,10.449999809265137,10.468499994277954,-0.17672240553020524,0.05734761555988843,low_a,0.0026873583207596345,0.06831740409585009,-1.412320534012558,0.9238226754517832
us,CCXI,2026-02-09,2026-06-12,87,10.220000267028809,10.253000020980835,-0.32185461703402307,0.014632339991504928,low_a,0.0009428414122658598,0.012338053105162807,-0.727001790347735,0.9275616213825549
us,CCXIU,2025-12-17,2026-06-12,122,10.3100004196167,10.27470006942749,0.343565748398289,0.038946165880271444,low_a,-0.0024163668482941403,0.04011925176209053,0.9223960847210013,0.9277608508464672
us,CDNL,2025-12-10,2026-06-12,127,68.7300033569336,56.245750427246094,22.195904285846257,2.2343299531072836,low_a,0.003995633809984997,0.6105061823270375,-8.488518153120548,0.9794614281967797
us,CEPF,2025-08-21,2026-06-12,204,10.329999923706055,10.318350124359132,0.11290370269003702,0.038780884259281834,low_a,-0.001210246585469782,0.022865976574152642,1.049647276141055,0.8689370535249348
us,CEPS,2026-02-05,2026-06-12,89,10.300000190734863,10.216500091552735,0.8173063028812377,0.10288067622106212,low_r2,-0.0030253396837034664,0.05018352225659597,0.9215406368143364,0.7133411274255317
us,CEPV,2025-11-04,2026-06-12,152,10.305000305175781,10.285250043869018,0.1920250963518111,0.06810468155338256,low_a,-0.001069516338725054,0.0419169336851407,2.17735667398909,0.9918472685252804
us,CGCT,2025-06-24,2026-06-04,239,12.15999984741211,11.113250017166138,9.418935312614263,1.6835557355415753,low_a,0.051834538938758994,0.4103650221761577,-0.4398236630309293,0.9779047817752274
us,CHEC,2025-11-11,2026-06-12,147,10.15999984741211,10.123999691009521,0.3555922313446702,0.04941218732672503,low_a,0.0014417522823589849,0.0036662629443017275,-0.14127341927988313,0.9957158590184424
us,CHECU,2025-09-16,2026-06-12,187,10.289999961853027,10.249999856948852,0.3902449313407219,0.11721074867914183,low_a,-0.0014833035745837856,0.09742361218598908,3.648897630911689,0.9987767852195104
us,CHPG,2025-06-20,2026-06-12,247,10.380000114440918,10.35374994277954,0.2535329885930304,0.04348148568824595,low_a,0.00029289204719390915,0.010601992443709409,-2.0109783992056673,0.9901830054181384
us,CMII,2026-02-27,2026-06-12,74,9.979999542236328,9.934999895095824,0.452940589991524,0.10075557238633515,low_a,0.0015852707948310722,0.023442076763147947,-0.8215237435768454,0.9991866762846595
us,CMIIU,2026-02-11,2026-06-12,85,10.180000305175781,10.079999876022338,0.9920677617399454,0.3184715128945026,low_a,0.01138808224206904,-0.012476036687811403,0.060863026327857624,0.9921011719845637
us,COAG,2026-05-01,2026-06-12,30,24.979999542236328,26.687999725341797,-6.399880847883943,-0.9298959255033101,low_r2,-0.0359552844041948,0.3582749562196829,0.5535810539188689,0.7235649580620176
us,CRAC,2025-12-09,2026-06-12,128,10.109999656677246,10.101999855041504,0.07919027668319423,0.03218199340575545,low_a,-0.00016886938778985823,0.019712214142539417,6.485029775092405,0.9989681862290268
us,CRACU,2025-11-07,2026-06-12,149,10.229999542236328,10.217000102996826,0.12723342574587626,0.024475104154575433,low_a,-0.0005378902542452047,0.017750265184730156,1.833321641010028,0.9851840405390337
us,CRAN,2026-01-12,2026-06-12,106,10.100000381469727,10.047999906539918,0.5175206549908884,0.0697148188449459,low_a,0.0006985983255150234,0.028995342982172916,-2.305834882600007,0.9967250455159913
us,CRANU,2025-12-16,2026-06-12,123,10.270000457763672,10.23750023841858,0.31746245263202244,0.05864283679286597,low_a,0.004156867671621654,-0.027101802902205905,0.3622092007085323,0.9175379992642582
us,CRAQ,2025-06-23,2026-06-12,246,10.274999618530273,10.258000040054322,0.16572020286189648,0.04388752733373025,low_a,0.00019404803414500117,0.018448882576357663,-5.2818773734284825,0.9998856568133457
us,CRE,2025-07-23,2026-06-12,225,2.940000057220459,2.6375500202178954,11.46708250778794,1.539912504774188,low_r2,0.10225844538918882,-0.7768423508169355,0.42204737432162714,0.8312809502214336
us,CSHR,2026-04-01,2026-06-12,51,4.239999771118164,4.770999991893769,-11.129746838771904,-4.061934415833424,low_a,-0.010657117820567164,-1.8005590267353866,-9.386314266677708,0.9989985337749725
us,CTAA,2026-04-16,2026-06-12,41,9.899999618530273,9.880499935150146,0.19735523008057587,0.04050013881458092,low_a,0.00044127864618109943,0.015121838544593619,-1.9037906063134917,0.9915569032870555
us,CTAAU,2026-02-24,2026-06-12,77,10.020000457763672,10.043000411987304,-0.22901476929324538,-0.029862364941923847,low_a,-0.0018660206258025397,0.009284889361337739,0.27643166404933933,0.9676328087744022
us,CTW,2025-08-06,2026-06-12,215,2.430000066757202,2.424500012397766,0.2268531380206884,-1.9809986128636603,low_a,-0.012385983620188924,-1.0048349557955205,-4.507043277521367,0.9978385943057826
us,CURX,2025-08-26,2026-06-12,201,0.32100000977516174,0.3235500007867813,-0.7881288843822332,0.46576666768336494,low_a,0.04784003050822097,-0.6428299342134761,0.7465039997588193,0.979501565966418
us,CV,2025-07-02,2026-06-12,239,7.190000057220459,6.8602499723434445,4.806677398146952,-0.16008751499860807,low_r2,-0.0016018073034696103,0.047070871284656715,1.6325611695232005,0.3990575453004068
us,CXIIU,2026-04-28,2026-06-12,33,10.149999618530273,10.146999979019165,0.029561836181235535,0.0,low_a,-0.0014006063704915046,0.028710485612723317,1.138811740464166,0.9876730011870976
us,CYAB,2026-03-27,2026-06-12,54,0.5,0.5935000032186508,-15.75400214180025,-1.1656956204919466,low_r2,-0.029074328145107322,0.2141387273116897,0.4091787057773343,0.2467345183140266
us,DAIC,2025-06-23,2026-06-12,246,1.9199999570846558,2.4237249992787837,-20.78309388829257,7.964631170561365,low_a,-0.28234965143554525,8.146587624784672,1.6029352226072895,0.9985145116641769
us,DBCA,2026-02-25,2026-06-12,76,9.960000038146973,9.955999946594238,0.04017769761139878,0.06532997397532547,low_a,-0.0016579863825447925,0.05974467479702379,2.001915476977679,0.999383117977497
us,DBCAU,2026-02-11,2026-06-12,85,10.199999809265137,10.138500022888184,0.6065965008444474,0.15806356809993094,low_a,-0.0029448358846747053,0.12487879871590336,2.3558905526372884,0.998981174738616
us,DETX,2026-04-21,2026-06-12,38,4.199999809265137,4.217500007152557,-0.41494245068740554,0.21385271197054134,low_r2,-0.001207557006318828,-0.12337324542376277,-5.675979812417553,0.8346341227653193
us,DKI,2025-08-11,2026-06-12,212,5.5,5.836499977111816,-5.7654412478612365,-0.21371174643383117,low_a,0.028560507836084416,-0.5417717452902618,1.053847868064725,0.957530127408727
us,DLXY,2025-07-09,2026-06-12,235,0.47999998927116394,0.48220000267028806,-0.45624499936562923,0.44786983145288506,pass,0.17580903753899893,-2.073219223017151,0.6551360916109074,0.9639568783347847
us,DMII,2025-12-03,2026-06-12,132,10.079999923706055,10.065044927597047,0.1485835007850156,0.04970175698968404,low_a,-0.00024565202425362565,0.032274249999456335,7.298999038605405,0.9989194624203775
us,DMIIU,2025-09-25,2026-06-12,180,10.119999885559082,10.138499736785889,-0.1824712897085079,0.00986459103728965,low_a,-0.003702773054262102,0.06923077273383002,1.0387225963906142,0.9779129836435511
us,DNMX,2025-11-19,2026-06-12,141,10.020000457763672,10.010750198364258,0.09240325865813581,0.03247638617371873,low_a,-0.0005490814537212582,0.024300441197135335,2.458696249531867,0.9990421847721488
us,DNMXU,2025-10-30,2026-06-12,155,10.149999618530273,10.14350004196167,0.06407627092932522,0.014789380295909815,low_a,-0.0014382844309895366,0.025197943174596223,0.9733024301451236,0.9891340670738775
us,DSAC,2026-01-29,2026-06-12,94,10.050000190734863,9.988499927520753,0.6157107039132415,0.09520018836859379,low_a,0.00195646017468322,0.01633939635141194,-0.4639727674968315,0.9982283265688386
us,DSACU,2025-12-09,2026-06-12,128,10.100000381469727,10.063500022888183,0.362700437209007,0.0,low_a,-0.0022976050908711226,0.04366959843889084,1.055920711439913,0.9815940147332755
us,DYOR,2025-11-18,2026-06-12,142,10.050999641418457,10.043000078201294,0.0796531231193276,0.03536007682325426,low_a,-0.0012722990183812418,0.03627415462201447,1.5839286073631769,0.9892940204946945
us,DYORU,2025-10-29,2026-06-12,156,10.130000114440918,10.137500047683716,-0.07398207849588223,-0.029584076632427347,low_a,-0.0022595989604007193,0.015287011774047185,0.3758536124219576,0.9543976834058554
us,EFTY,2025-08-08,2026-06-12,213,15.020000457763672,15.020000457763672,0.0,0.0,low_r2,6.543402807152297e-16,-2.802191606524337e-15,,0.0
us,EGHA,2025-06-30,2026-06-12,241,10.3100004196167,10.32265019416809,-0.12254386531995731,0.004844062867137566,low_a,-0.0012005389539590419,0.027320150174459632,1.2642539551074778,0.9914312003812913
us,EIKN,2026-02-05,2026-06-12,89,8.75,10.086000013351441,-13.246083795190344,-3.9154045184901842,low_a,-0.1262186633576223,0.4271758406775333,0.18802283685662785,0.9732358628965998
us,ELMT,2026-04-23,2026-06-12,36,20.450000762939453,17.066500091552733,19.825392747405914,2.0998481577956474,low_a,-0.044105401526209564,1.3130104832653355,1.6538796683378278,0.9787835815080984
us,ELOG,2025-08-28,2026-06-12,199,0.9900000095367432,0.9315000027418137,6.280193947690638,1.5867823100994105,low_a,0.04555128583443137,0.5234645774276758,-0.6384312732323923,0.9515038083504738
us,ELVR,2025-09-02,2026-06-12,197,84.51000213623047,83.475,1.2398947424144602,-0.6161258982132156,low_a,-0.025988150447512817,-0.7426227185501948,-1.5875241980208523,0.9639496054916457
us,ELWT,2025-11-05,2026-06-12,151,6.199999809265137,7.185500049591065,-13.715123979186583,-3.3947298672964976,low_a,-0.12440639678835673,0.07238718691239118,0.03232559167245416,0.9965847074845002
us,EMAT,2026-01-07,2026-06-12,109,6.809999942779541,7.144499945640564,-4.681923233341589,-2.9213942638248724,low_a,-0.014492978405201038,-1.6190601813978311,-6.2063011025501735,0.9976926329493139
us,EMIS,2025-10-22,2026-06-12,161,10.149999618530273,10.127000045776366,0.22711141157245596,0.04939659796241447,low_a,0.001310244147596148,0.00429034932926837,-0.18191475302691149,0.9987574810698576
us,EMPG,2025-07-02,2026-06-12,239,17.360000610351562,17.360000610351562,0.0,0.0,low_r2,3.932499173682477e-16,7.273430483805387e-15,,0.0
us,EQPT,2026-01-23,2026-06-12,98,19.920000076293945,20.86200017929077,-4.515387282624639,-2.5800277901347424,low_a,-0.12589190897040334,0.5702997685853918,0.2516708240909654,0.9931523246411527
us,ETS,2025-08-21,2026-06-12,204,0.6399999856948853,0.5503499954938889,16.289632222226835,1.7188798713460685,low_a,0.09503524325055125,-0.7877925446103129,0.4605265476404917,0.9641780666752306
us,EVOX,2025-12-03,2026-06-12,132,10.010000228881836,10.015250110626221,-0.0524188780749002,0.01497974605764174,low_a,-0.0008892355446475952,0.0218828672434348,1.3671460325388562,0.9932351493642004
us,EVOXU,2025-11-11,2026-06-12,147,10.199999809265137,10.187499856948852,0.12269892016496531,0.04419137480096147,low_a,0.0007188023857795256,0.011099990099031707,-0.8579077209713372,0.9884391641957501
us,FAC,2025-06-24,2026-06-12,245,15.329999923706055,12.80875005722046,19.68380876527709,4.841515015492659,vertex_out,0.23231378177496287,-0.1527886774403092,0.036537909171558934,0.9836450940632042
us,FCHL,2025-09-04,2026-06-12,195,1.4600000381469727,1.3960000038146974,4.584529667434767,-6.59083312712,vertex_out,0.24004879854139677,-4.843780009194327,1.1210174390990686,0.9792102532565128
us,FCNCN,2026-01-30,2026-06-12,93,24.709999084472656,24.984000301361085,-1.096706746651388,-0.1837794776422208,low_a,-0.0015036039044930046,-0.050104797966310205,-1.8512853542740875,0.9938950092467322
us,FGII,2026-03-10,2026-06-12,67,9.930000305175781,9.923999977111816,0.06046279804317045,0.015117504065753629,low_a,-0.0007447667851110953,0.023233236792817167,1.7330732293414446,0.9950547558469244
us,FGIIU,2026-01-16,2026-06-12,102,10.029999732971191,10.024249839782716,0.0573598352033855,0.03991912624672356,low_a,-0.0006148378343498074,0.038997095416869645,3.52370199083192,0.9894167213773036
us,FIGR,2025-09-11,2026-06-12,190,27.93000030517578,32.939500141143796,-15.208184139111424,-4.028028599759603,low_a,-0.0834977753211886,-0.590245753499963,-0.39272220875179076,0.999785722321254
us,FIGX,2025-08-18,2026-06-12,207,10.239999771118164,10.222999954223633,0.16628990482883133,0.04893344201624128,low_a,0.000760344341615091,0.013897802077437278,-1.0154611182784894,0.9941709501460162
us,FIGXU,2025-06-26,2026-06-12,243,10.270000457763672,10.238000106811523,0.3125644717551612,0.0782022260324533,low_a,2.753526456555268e-15,0.039139372842238083,,1.0
us,FITBM,2026-02-02,2026-06-12,92,26.229999542236328,26.09949998855591,0.5000078688773391,0.02682751548261919,low_r2,-0.0052158411068701106,0.041638285913744126,0.4435024110056205,0.5906507779823683
us,FLY,2025-08-07,2026-06-12,214,31.8700008392334,42.71824998855591,-25.394881935071602,-1.2152045357862962,low_a,-0.1364232593325191,1.2510542015677102,0.5094659923701057,0.9326697599072906
us,FMACU,2026-03-27,2026-06-12,54,10.140000343322754,10.123500061035156,0.16298989665746166,0.09887764269023158,low_a,-0.0008437278152990845,0.05862249069714229,3.860018574326195,0.999172144042604
us,FMFC,2025-06-25,2026-06-12,244,0.38999998569488525,0.3838000029325485,1.6154201967075954,-0.2987401185405414,low_a,0.0165167611040839,-0.31144637392096663,1.0475768354283694,0.9606565696597948
us,FOFO,2025-09-12,2026-06-12,189,2.859999895095825,3.000749999284744,-4.69049751636984,1.3681271860686683,low_a,-0.4001203929567972,6.255367550536158,0.8685396335491311,0.9787886279626974
us,FRMI,2025-10-01,2026-06-12,176,7.139999866485596,6.368499970436096,12.114311056464832,0.5684956907700656,low_a,-0.024927257385041927,0.8164223311388614,1.81956624725183,0.9741758393888797
us,FTHAU,2026-04-30,2026-06-12,31,10.010000228881836,9.997500085830689,0.1250326876102159,0.05504434034360184,low_a,0.0011185340275041054,0.0017632477441693346,-0.08757731602318013,0.9057240388376093
us,FVAV,2026-02-26,2026-06-12,75,10.09000015258789,10.11050009727478,-0.20275895840617952,-0.009889955756303692,low_r2,-7.492737402131912e-05,0.001903048113037883,1.4110316362974276,0.20940774636597626
us,FVNNR,2024-11-04,2026-06-08,132,0.10999999940395355,0.14091544933617114,-21.939006743302492,-2.82728504363865,low_a,-0.16037265545351162,0.7994051982157006,0.27692626137094867,0.9835589528502015
us,GCGRU,2026-04-30,2026-06-12,31,10.239999771118164,10.213999938964843,0.25455093311814725,0.06858008722789855,low_a,-0.0026395439451392354,0.08734260175123289,1.8383352824616155,0.9977774876893835
us,GEMI,2025-09-12,2026-06-12,189,4.699999809265137,4.891249942779541,-3.9100462203271236,-0.851366374914575,low_a,-0.030075460901551252,-0.16810434997251864,-0.31052327293002896,0.9821646982277576
us,GENB,2026-02-27,2026-06-12,74,12.380000114440918,13.272499990463256,-6.724429283583577,-2.347054844917984,low_a,-0.0327851519928362,-0.305016584231368,-0.5168609800660448,0.9623854604011424
us,GIW,2025-10-27,2026-06-12,158,10.0600004196167,10.056500148773193,0.034806053713754004,0.024866293989389554,low_a,-0.0009235336593268491,0.028607258846414088,1.720881683178206,0.9969902698310636
us,GIWWU,2025-10-06,2026-06-12,173,10.319999694824219,10.320499706268311,-0.004844837540074476,-0.009688736273061327,low_a,-0.006295008118745932,0.07051492400770443,0.6223178277625846,0.8570694062637493
us,GIX,2026-03-19,2026-06-12,60,9.9399995803833,9.91949987411499,0.20666068378916158,0.06052299024668084,low_a,-3.8284542720233874e-05,0.03635639688263503,52.75758003883815,0.9985483197740105
us,GIXXU,2026-01-27,2026-06-12,96,10.220000267028809,10.20665020942688,0.1307976400484412,0.0980717978845469,low_a,-0.000613721816320647,0.05601884704470837,5.0709590019274735,0.9996388027702181
us,GLIBA,2025-07-11,2026-06-12,233,22.440000534057617,22.86750011444092,-1.8694635541439575,-2.1480987997855916,vertex_out,0.10494200448960521,-2.6105814559057405,1.3820233738744747,0.9957151977096
us,GLIBK,2025-07-11,2026-06-12,233,22.65999984741211,22.861999797821046,-0.8835620339222805,-2.0123012562986875,vertex_out,0.10460218302304766,-2.5362177692643333,1.3470176540226337,0.9954269992078039
us,GLND,2026-03-23,2026-06-12,58,2.75,2.875,-4.347826086956519,-0.9815738486276371,low_a,-0.046956370011473826,0.10728808063226351,0.12693589650473833,0.9707645065452046
us,GLOO,2025-11-18,2026-06-12,142,4.570000171661377,5.303500056266785,-13.83048697696686,-2.6434140591428235,low_a,0.02238775513841483,-1.465399467996242,3.636411111878505,0.9991401460243519
us,GOAI,2026-01-28,2026-06-12,95,2.369999885559082,3.159499990940094,-24.988134440415045,-3.127395322264015,low_a,-0.05111282691530351,-0.9375821423203078,-1.0190768137689763,0.9973502577423187
us,GPAC,2026-01-23,2026-06-12,98,9.979999542236328,9.977999830245972,0.020041210907773,0.010022326656322633,low_a,-0.0006646952889821029,0.02032400467479658,1.6986901961515692,0.9782480763913992
us,GPACU,2025-12-03,2026-06-12,132,10.09000015258789,10.089000129699707,0.009912011847834634,0.009912994425009813,low_a,2.7725610686394883e-15,0.004957111460221929,,1.0
us,GRAN,2025-07-01,2026-06-12,240,1.7000000476837158,1.1561499863862992,47.039749833608745,5.502578407447567,vertex_out,0.22822057371989346,-0.6130659820319974,0.14923817195290395,0.9922521285873539
us,GSRF,2025-10-20,2026-06-12,163,10.149999618530273,10.140999937057495,0.08874550368440648,0.029591372142867556,low_a,-0.0002990981163401888,0.02554230027481252,4.744318350437435,0.9934444618553936
us,GSRFR,2025-10-20,2026-06-12,163,2.4000000953674316,2.3252500176429747,3.214711414139826,0.3668934396875878,low_r2,0.018429718238133108,-0.19835609947499966,0.5979355279217187,0.6649179665551164
us,GSRFU,2025-09-04,2026-06-12,195,10.40999984741211,10.445499801635743,-0.3398588377558909,0.1342083032080721,low_a,-0.003911390468658341,0.117898018285238,1.6745681509476458,0.9978166477889023
us,GTEN,2025-06-23,2026-06-12,246,10.369999885559082,10.370000076293945,-1.8392947054302056e-06,0.035210516565786776,low_a,6.216358458399771e-05,0.01775626280967958,-15.868760651169644,0.9694974390157315
us,GTERA,2025-07-25,2026-06-12,223,10.300000190734863,10.288700008392334,0.10983100229680076,0.03402933081673165,low_a,-0.000712976228648493,0.02558530166469593,1.9936227758014573,0.9955260491266735
us,GTERU,2025-07-09,2026-06-12,235,10.4399995803833,10.405499935150146,0.3315520200678934,0.0384559554754027,low_a,0.0015122375244115012,0.0076709275434888435,-0.28180932851192153,0.9838518602937857
us,GTI,2026-01-27,2026-06-08,62,2.700000047683716,0.3857000037445687,600.0259324528815,188.48167885914046,low_r2,3.487003717971345,-25.25321446959252,0.4023386474156136,0.7218032072695748
us,HACQ,2026-04-06,2026-06-12,49,10.010000228881836,9.996999979019165,0.13004151135296294,0.05004022311378975,low_a,-0.00011380013812882475,0.030555545851938225,14.916768582354706,0.9960591573415424
us,HACQU,2026-02-12,2026-06-12,84,10.109999656677246,10.093499851226806,0.16346961602653476,0.04460263647705354,low_a,-0.0010520766410559979,0.03970776715699265,2.096793121519323,0.9993963509972961
us,HAVA,2025-12-15,2026-06-12,124,10.09000015258789,10.088499975204467,0.014870172841452423,0.019828937593424634,low_a,-0.0018785820017504845,0.036745536936610534,1.0866806542372747,0.9969698332077581
us,HAVAU,2025-10-23,2026-06-12,160,10.239999771118164,10.21994981765747,0.1961844609652763,0.0969632654665542,low_a,0.0006574073471230515,0.040181742258803936,-3.3956405022655733,0.9996975065293308
us,HBANZ,2026-02-02,2026-06-12,92,19.969999313354492,20.31200008392334,-1.683737540152619,-0.39231033579896213,low_a,-0.0034898749707483355,-0.1867442077983615,-2.9727936668159307,0.9977939596977529
us,HCAC,2026-01-27,2026-06-12,96,10.039999961853027,10.026250076293945,0.13713886502384476,0.044902413236824756,low_a,-0.0018913428286613063,0.04931128673445914,1.4484502165221973,0.9991000905883236
us,HCACU,2025-11-21,2026-06-12,139,10.5,10.352000045776368,1.4296749765183359,0.11605404728725066,low_a,-0.008032094969726443,0.13114679980108257,0.9071024869282027,0.9438305033314323
us,HCHL,2025-06-24,2026-06-12,245,3.9600000381469727,3.7080000281333922,6.796116723344192,2.4026515332696396,low_a,-0.07728324467364175,2.9390732505864805,2.1127716356155193,0.9929595389574561
us,HCIC,2026-03-30,2026-06-12,53,9.899999618530273,9.892499923706055,0.07581192703622897,0.020220923252978196,low_a,-0.00013408252710685886,0.011963510101875498,4.956943044297644,0.9989509239305736
us,HCICU,2026-02-05,2026-06-12,89,10.079999923706055,10.053324747085572,0.2653368640878284,0.04975972820173702,low_a,2.1024287579356538e-06,0.022393942769452186,-591.7479614661498,0.997645860546756
us,HCMA,2025-09-22,2026-06-12,183,10.260000228881836,10.230800008773803,0.2854148266312695,0.1071443623613666,low_a,-0.0003915402502757418,0.056701106604426184,8.04530690217736,0.9997321790699388
us,HCMAU,2025-08-01,2026-06-12,218,10.4399995803833,10.393999719619751,0.4425616894786044,0.13487417399502544,low_a,0.0025765414065654605,0.034320985077549215,-0.7400313413704637,0.9964945786242179
us,HLXC,2026-01-23,2026-06-12,98,10.350000381469727,10.228000068664551,1.1928071175805632,0.1861108176840487,low_a,0.0044189193792993475,0.006186444634888063,-0.07777724350775261,0.994454977474306
us,HMH,2026-04-01,2026-06-12,51,20.8700008392334,21.853500080108642,-4.500419782963916,-0.2032147656482186,low_r2,-0.010373948891381917,0.0870944244415634,0.46641632673378847,0.7290017781668487
us,HQ,2026-03-20,2026-06-12,59,10.90999984741211,11.80649995803833,-7.593275854931491,-1.3411882881637194,low_a,-0.1608087226905103,1.5144670999515988,0.5232120478336918,0.957387897908827
us,HTFL,2025-08-11,2026-06-12,212,33.2400016784668,29.1895001411438,13.876570402840338,0.08057315204805793,low_a,0.014300914472932998,-0.2649103242068601,1.029111827888309,0.9166252895318532
us,HVMC,2025-10-03,2026-06-12,174,10.149999618530273,10.14649977684021,0.03449309384553345,0.06410262197993344,low_a,0.0012523822278748904,0.018905180779817263,-0.8386320068459802,0.9944528958016691
us,HVMCU,2025-08-12,2026-06-12,211,10.270000457763672,10.299500370025635,-0.28642080879783816,0.00971037388430851,low_a,-0.0003495247594254743,0.013447505217882277,2.1374269005826334,0.9405104871654244
us,HYNE,2025-12-04,2026-06-12,131,16.260000228881836,16.00650010108948,1.5837323974096096,0.43924342416383766,low_a,0.00394037012404847,0.1578973662569803,-2.2262060737971603,0.999790885665304
us,IACO,2026-04-06,2026-06-12,49,9.899999618530273,9.895499849319458,0.045472884435682204,0.040438722587010645,low_a,0.000613029635375654,0.013946478100819058,-1.2638937731935347,0.9880681087706336
us,IACOU,2026-02-11,2026-06-12,85,10.029999732971191,10.004000043869018,0.25989293270851643,0.00999675295014768,low_r2,-0.0020449245435121026,0.02261528220930169,0.6144014316663179,0.7254928025176887
us,IACQU,2026-04-28,2026-06-12,33,10.039999961853027,10.036500072479248,0.03487161210087297,0.03987038280470756,low_a,0.0011712325644543207,0.012399970822972489,-0.5881729118963404,0.9848628457388702
us,IEAG,2026-03-10,2026-06-12,67,10.039999961853027,10.038499975204468,0.01494233851935256,-0.004980689757505541,low_r2,-0.0008865828703801679,0.004659318069152164,0.2919648151230254,0.7255625812844801
us,IEAGU,2026-01-16,2026-06-12,102,10.210000038146973,10.257500171661377,-0.4630770920738936,0.009750137704656048,low_a,-0.004362617637965191,0.07904492252670206,1.0065939647337525,0.9917575529798887
us,IGAC,2025-12-22,2026-06-12,119,10.0,9.998499965667724,0.01500259376332469,0.030013238951620558,low_a,-0.0002654130806095283,0.0203748671833483,4.264812657846585,0.9990524336023514
us,IGACR,2025-12-22,2026-06-12,119,0.1850000023841858,0.17775000259280205,4.07876212974938,0.851063851373346,low_a,-0.023991165884219973,0.8047946719104595,1.8636366119891186,0.9881371650835458
us,IGACU,2025-11-25,2026-06-12,137,10.1850004196167,10.183500337600709,0.014730514717542498,0.004910256585266559,low_a,-0.007496197446392324,0.11789988751675207,0.8737755105534165,0.995005623466686
us,ILLU,2026-04-21,2026-06-12,38,9.890000343322754,9.888500070571899,0.015171894019805343,0.020230068996607287,low_a,0.0004216090225362312,0.0077953075643642095,-1.0271901674672104,0.9870000923092199
us,ILLUU,2026-02-27,2026-06-12,74,10.020000457763672,10.000000095367431,0.20000362205501165,0.060036441160771226,low_a,0.0017441529074293904,0.0013500607108475151,-0.04300275079402598,0.9937957164036582
us,INAC,2025-07-30,2026-06-12,220,10.220000267028809,10.222999954223633,-0.029342533583653907,0.03424856843985413,low_a,-0.001130744655391562,0.024739283193498475,1.2154862862341704,0.9776287583333363
us,INACU,2025-07-01,2026-06-12,240,10.399999618530273,10.320499801635743,0.7703097565287642,0.11640867995827975,low_a,0.005458337489822704,-0.03215833486290472,0.32731104706907627,0.9604979828830429
us,IPFXU,2026-03-27,2026-06-12,54,11.399999618530273,10.490999889373779,8.66456714080428,1.3084834472486095,low_a,0.058676865767571924,-0.15811195735051403,0.149701207037521,0.9913665393445816
us,IPOD,2025-06-12,2026-05-22,238,10.380000114440918,10.373999977111817,0.057838223851347514,0.014461647052788074,low_a,-0.0003287635207993292,0.015350132424043523,2.5939165409705165,0.997503341083591
us,IRHO,2026-02-06,2026-06-12,88,10.0600004196167,10.046500062942505,0.13437870491825876,0.06972523383816931,low_a,-0.0011142705631491101,0.0543291503476894,2.708755153593055,0.999902926882144
us,IRHOU,2025-12-17,2026-06-12,122,10.199999809265137,10.179999923706054,0.1964625315223234,0.07372800165839077,low_a,-0.0050743064901830085,0.12133558421069973,1.3284309496331201,0.9977982796563647
us,ITHA,2026-01-20,2026-06-12,101,10.0,9.972999763488769,0.27073335156468925,0.020058628352126462,low_a,-0.0018243632820994415,0.03770394606393285,1.1481614932569755,0.9646727284573152
us,ITHAU,2025-12-12,2026-06-12,125,10.164999961853027,10.064999961853028,0.9935419809141255,0.12434717779095106,low_a,0.0030648359780670537,0.01602242126694543,-0.2904346337619334,0.9973103356707669
us,JATT,2026-04-17,2026-06-12,40,10.479999542236328,10.627999925613404,-1.3925516034338337,-0.05172406262585749,low_a,0.00953637490726928,-0.13581549107836166,0.7912131321680139,0.9197300606768254
us,JCAP,2025-06-26,2026-06-12,243,16.360000610351562,16.729500246047973,-2.2086710915569463,-1.3881517915918629,low_a,0.04482261494581327,-1.4669964393788784,1.8182741521493513,0.9988568710335068
us,JLHL,2025-06-26,2026-06-12,243,24.0,26.198500061035155,-8.391702028411041,2.4078959558453183,low_a,-0.10244632947781519,3.9755113379017235,2.155877542126758,0.9705766433430995
us,KBON,2026-01-27,2026-06-12,96,10.100000381469727,10.10450005531311,-0.04453138521205435,0.019797060938619992,low_a,-0.001978797550791156,0.0382909949332745,1.075035440306921,0.9941044840807302
us,KBONU,2025-12-11,2026-06-12,126,10.270000457763672,10.25750002861023,0.121866235618584,0.017063989042953587,low_a,-0.0006282946734490264,0.02800725307780509,2.4764789040484203,0.9924656257391042
us,KCHV,2025-07-21,2026-06-12,227,10.390000343322754,10.336250162124633,0.5200162569118039,0.05323941095767282,low_a,-0.0009537458840317503,0.03003585404660524,1.749584020316659,0.9865598975429559
us,KDK,2025-09-25,2026-06-12,180,6.139999866485596,7.0809999942779545,-13.289085278248358,-2.593025963863549,low_a,-0.0059996004576517445,-1.1030885539970459,-10.214463092475079,0.9953016796981238
us,KLRA,2026-04-17,2026-06-12,40,18.889999389648438,20.865500068664552,-9.467784968081771,-0.991719919459555,low_a,0.004335669783942301,-0.6650097741831479,8.521171882473555,0.9966293812432094
us,KMRK,2025-07-16,2026-06-12,230,1.2100000381469727,1.931000006198883,-37.33816497863083,-6.216609855826871,low_a,-0.03985055867654252,-2.1612148918104914,-3.012943807489149,0.9983050856302461
us,KOYN,2025-09-19,2026-06-12,184,10.140000343322754,10.127500057220459,0.12342913879701545,0.01975256307447104,low_a,-0.0004677008730543256,0.012171447520350386,1.4457777777759506,0.9800848376429814
us,KOYNU,2025-08-27,2026-06-12,200,10.300000190734863,10.274250078201295,0.250627659805569,0.048689232852416886,low_a,-0.0013115024432619703,0.06544551648781301,2.7722876505343006,0.975354093757135
us,KRAQ,2026-03-20,2026-06-12,59,9.979999542236328,9.936999893188476,0.4327226477815138,0.07553231273260685,low_a,0.0004199115789225775,0.026485126695035385,-3.504061334239271,0.9971787665226942
us,KRAQU,2026-01-28,2026-06-12,95,10.079999923706055,10.06600022315979,0.13907908042813943,0.01987232069489142,low_a,-0.0005272226032558042,0.02257920426179568,2.3792611109994493,0.9888437638698864
us,KTWO,2026-02-26,2026-06-12,75,9.989999771118164,9.976999807357789,0.13029932856958304,-0.010022278063703816,low_r2,-0.0003606429168599024,0.0023953821803694834,0.36899875632383616,0.05807830343256348
us,KTWOU,2026-01-29,2026-06-12,94,10.430000305175781,10.138499879837036,2.8751830033402426,0.15806404214486758,low_r2,0.003591796860272007,-0.023705859277794464,0.36666666666665454,0.5757575757575712
us,LABT,2026-04-23,2026-06-12,36,0.7699999809265137,0.761999997496605,1.0498665953006636,-18.32797465963153,vertex_out,0.1660104606235119,-11.079499973062271,3.707765004502738,0.9986638332860205
us,LAFA,2025-11-26,2026-06-12,136,10.100000381469727,10.075500297546387,0.24316493672582595,0.08940560280543686,low_a,0.0010734991916727763,0.030747686282583266,-1.5912492591774046,0.9995343849318339
us,LAFAR,2025-11-26,2026-06-12,136,0.10000000149011612,0.10700000077486038,-6.542055358927534,0.46948346625756976,low_a,0.09815879998987453,-1.3910504227136435,0.7873015873015832,0.9850547104350146
us,LAFAU,2025-10-24,2026-06-12,159,10.199999809265137,10.137999963760375,0.611558943838908,0.10862018040678212,low_a,-0.0011613713639504154,0.07309187840041262,3.496435366997221,0.9973976611152058
us,LATA,2025-11-10,2026-06-12,148,10.09000015258789,10.074000072479247,0.1588254912996634,0.039721908192613675,low_a,7.527042768157778e-05,0.01916337712764607,-14.144094771864431,0.9994108933114626
us,LATAU,2025-09-19,2026-06-12,184,10.585000038146973,10.204500102996827,3.728746448230247,0.52704151431342,low_a,0.016007123085189562,-0.0108429470145468,0.03763236791812714,0.992250315439951
us,LAWR,2025-07-17,2026-06-12,229,3.75,3.75,0.0,0.0,low_r2,-3.3754284626980843e-16,9.820747816305314e-15,,0.0
us,LBRX,2025-09-11,2026-06-12,190,28.420000076293945,28.245000171661378,0.6195783450840597,-1.1825211114257828,low_a,0.014912548161195874,-0.7210850526686723,2.6863471132355823,0.996908017748756
us,LCCC,2025-06-23,2026-06-12,246,10.390000343322754,10.384549760818482,0.05248742246715121,0.043352007283248284,low_a,-0.00033958296411857567,0.027839328708335605,4.554496356140112,0.9997968099248763
us,LFAC,2026-01-26,2026-06-12,97,9.989999771118164,9.983749914169312,0.0626002955060212,0.0,low_a,2.8459474397976336e-05,0.0031286448853965415,-6.107407407236291,0.925488773555143
us,LFACU,2025-12-05,2026-06-12,130,10.09000015258789,10.075500345230102,0.14391153650898936,0.029783799318372495,low_a,-0.0002445570368480958,0.018664173126969063,4.239904606375714,0.9976643022175171
us,LFS,2025-10-09,2026-06-12,170,2.069999933242798,2.328749978542328,-11.111113158721043,1.4153508132786152,low_r2,0.035098661815499636,-0.4246775639874617,0.672196510605559,0.45600682446501895
us,LGN,2025-09-12,2026-06-12,189,86.0,84.55900039672852,1.7041350968089564,-1.0461889693247572,low_a,-0.007002802833928363,-0.6794508031942016,-5.39030838641322,0.992107663023312
us,LHAI,2025-07-24,2026-06-12,224,0.75,0.879299995303154,-14.704878425317801,-2.7806955774753783,low_a,0.08613375220325822,-2.5297486235791555,1.6316668739473028,0.9873780690455686
us,LIFE,2026-01-29,2026-06-12,94,15.609999656677246,18.478999853134155,-15.52573309843015,-3.6799583001987157,low_a,-0.06310544696300108,-1.6906349507324097,-1.4883685711733625,0.9806844556784422
us,LKSP,2025-11-06,2026-06-12,150,10.140000343322754,10.131500148773194,0.08389867664946316,0.029620068527647092,low_a,-0.00043019558003097423,0.018956155178244095,2.4480022134324275,0.9965908006584091
us,LKSPU,2025-10-07,2026-06-12,172,10.210000038146973,10.19799976348877,0.11767282738293083,0.019615985011189885,low_a,-1.8544904488727684e-05,0.007271246388745304,21.782702248675044,0.9067678365145053
us,LMRI,2025-12-11,2026-06-12,126,9.640000343322754,8.005000042915345,20.424738184160685,2.496799337427147,pass,0.1476958372540548,-2.149091499635525,0.8083773681217667,0.9540291647799038
us,LNW,2026-01-27,2026-06-08,83,86.22000122070312,81.66500053405761,5.577665654634867,-0.3453407044424095,low_a,0.012499584294255397,-0.47201845009465704,2.097929547907663,0.9875287481325952
us,LPCV,2026-02-09,2026-06-12,87,9.989999771118164,9.992999982833862,-0.030023133401890778,0.025023390698919457,low_a,0.00043613130488336007,0.008666842134284631,-1.1040052027708733,0.9958370731791776
us,LPCVU,2025-12-18,2026-06-12,121,10.0600004196167,10.057750272750855,0.022372268199388756,0.02486320247503393,low_a,2.5310736897097513e-15,0.01243546605639008,,1.0
us,LWAC,2025-08-15,2026-06-12,208,10.199999809265137,10.201499938964844,-0.014704991507941134,0.01960831816441022,low_a,-0.0007429410084383829,0.017949480908504352,1.3422241772625225,0.9922314375653479
us,LWACU,2025-06-25,2026-06-12,244,10.300000190734863,10.300000190734863,0.0,0.0,low_r2,-0.0009929841476722682,0.011320019283472973,0.6333333333338435,0.5757575757573445
us,MAGH,2025-08-12,2026-06-12,211,6.760000228881836,6.760000228881836,0.0,0.0,low_r2,1.4484131718618764e-16,4.669628452775098e-15,,0.0
us,MAMK,2025-07-07,2026-06-12,237,13.0,13.0,0.0,0.0,low_r2,1.0387755845862143e-15,-3.2376091702105433e-15,,0.0
us,MBVI,2025-10-17,2026-06-12,164,10.130000114440918,10.136000061035157,-0.05919442144938225,0.0,low_a,-0.0020373549086120696,0.03053797904664525,0.8327240307070772,0.9967205933380844
us,MBVIU,2025-08-27,2026-06-12,200,10.25,10.23949990272522,0.10254502050424108,0.0488545520575423,low_a,0.0004076315607003094,0.03845786193479433,-5.241370127464544,0.9757874985758229
us,MCAHU,2026-04-30,2026-06-12,31,10.079999923706055,10.069499969482422,0.10427483246888691,0.039739667139393475,low_a,-0.0011299265120068033,0.0424104424280114,2.085211441105553,0.9949539463782593
us,MCGA,2025-07-25,2026-06-12,223,10.210000038146973,10.221999883651733,-0.11739234632502926,0.01467625520938931,low_a,-0.0011033048406489444,0.03278924710876705,1.6510621292158023,0.9903968049954466
us,MCGAU,2025-06-26,2026-06-12,243,10.329999923706055,10.306500005722047,0.22801065318935887,0.05824908072227242,low_a,0.00018390809142181756,0.0149126982305373,-4.504876477292203,0.9295714795416842
us,MCTA,2025-10-21,2026-06-12,162,29.354999542236328,29.354999542236328,0.0,0.0,low_r2,6.933240956667688e-16,-2.8675809823930685e-15,,0.0
us,MDLN,2025-12-17,2026-06-12,122,36.61000061035156,35.85949993133545,2.0928922055611254,-0.5367096975269714,low_a,0.0954276946930057,-1.6318861944561793,0.9500422747097892,0.9980797547461375
us,MEHA,2025-11-05,2026-06-12,151,0.04100000113248825,0.07140000015497208,-42.57702935084219,-6.54450292351052,low_a,-0.1727779828932669,-0.8947299810248461,-0.2876941861206557,0.9890459272226654
us,MENS,2025-06-17,2026-06-12,249,1.5800000429153442,2.028250014781952,-22.100331251066063,-1.969550064156378,low_a,-0.08297472363837521,0.3720244911530121,0.24908823289794768,0.9907158234998042
us,MESH,2026-01-30,2026-06-12,93,10.0,9.989499759674072,0.10511277419833487,0.025032638422839426,low_a,-0.0006261242452092766,0.024699531732416062,2.1915717493064064,0.998136265535858
us,MESHU,2025-12-10,2026-06-12,127,10.069999694824219,10.05299997329712,0.1691009805257604,0.009947547912836363,low_a,-0.001093298652696837,0.025703317148706828,1.3061042929987117,0.9732946438926962
us,METCI,2025-08-01,2026-06-12,218,25.329999923706055,25.26574993133545,0.25429679524739957,0.010291678971618978,low_a,0.00012524220323610375,0.009627404594180138,-4.2705717159852865,0.9364598824328515
us,MEVO,2026-02-19,2026-06-12,80,9.9399995803833,9.928499746322633,0.11582650304169384,0.05542613377815808,low_a,-0.00019099306829163353,0.02891538883481875,8.41083137305477,0.9996088841256473
us,MEVOU,2026-01-30,2026-06-12,93,10.25,10.101000261306762,1.4750988500020323,0.1834861769203222,low_a,0.003965951121450726,0.0030715143174938784,-0.043026169279362245,0.9805955736023223
us,MGN,2025-09-26,2026-06-12,179,0.15600000321865082,0.15285000056028367,2.060845696317015,-0.13067602741936302,low_a,0.023461935373307666,-0.610792110114613,1.4462956472453845,0.9804574163836863
us,MGRT,2025-07-16,2026-06-12,230,74.01000213623047,90.42500038146973,-18.153163589704658,-6.76191316695669,low_a,0.024343648662672232,-3.140440857777659,7.166918113254253,0.9993752107523689
us,MKLY,2025-10-02,2026-06-12,175,10.180000305175781,10.168249988555909,0.11555888803971293,0.044275072073185484,low_a,-0.0003169713680092658,0.02798814074506085,4.905480005416398,0.998836689730795
us,MKLYU,2025-08-12,2026-06-12,211,10.329999923706055,10.271500158309937,0.5695347757823876,0.09745154509270826,low_a,0.0013489758595615106,0.03448634894211709,-1.4202687623964103,0.9944375612208182
us,MLAA,2026-03-19,2026-06-12,60,9.9399995803833,9.97450008392334,-0.3458870444609685,-0.08514478353193189,low_a,-0.0008530655566661398,-0.025291958860170615,-1.647128775256536,0.9966056940227388
us,MLAAU,2026-01-27,2026-06-12,96,10.399999618530273,10.248849964141845,1.4747962446251206,0.09766665942636532,low_a,0.009301731046243922,-0.08898239281624774,0.5314565904983364,0.8841795623930259
us,MMED,2026-03-06,2026-06-12,69,15.15999984741211,12.775500106811524,18.664629334778372,3.3867442782773427,low_a,0.07140095356384515,0.6070329414435418,-0.4723193545624525,0.998226146657585
us,MMTX,2025-12-15,2026-06-12,124,10.09000015258789,10.07649998664856,0.13397673753008377,0.024816927119042376,low_a,0.0002351177856757537,0.008866347293945361,-2.0950131367047304,0.9997427625009958
us,MMTXU,2025-10-23,2026-06-12,160,10.100000381469727,10.100000381469727,0.0,0.0,low_r2,1.7339573940144354e-15,-8.334439133280981e-15,,0.0
us,MPLT,2025-10-27,2026-06-12,158,27.75,28.721499919891357,-3.3824832359069634,-0.32275427537398205,low_r2,-0.020320607729835828,0.1297081351838489,0.35461574801395207,0.68305724023434
us,MSGY,2025-07-08,2026-06-12,236,0.5109999775886536,0.49864999353885653,2.476683888462672,1.166564727688102,low_a,0.08217064715680511,0.03872409862463277,-0.026181354132141958,0.9566377364575985
us,MUZE,2026-03-23,2026-06-12,58,9.9399995803833,9.92399983406067,0.16122275886902848,0.06049552996891805,low_a,-0.0002484337869059384,0.03213872565148956,7.186964304062651,0.9997643851596654
us,MUZEU,2026-01-30,2026-06-12,93,10.069999694824219,10.063499879837035,0.06458801674162906,0.14927563293483104,low_a,0.00887321289534566,-0.02403714180801757,0.1504975461382826,0.9658313869433596
us,MWH,2026-02-12,2026-06-12,84,31.75,36.02749967575073,-11.872874094090458,-3.734135067015143,low_a,-0.07529406812314736,-0.7331829916581037,-0.5409773895976808,0.9985921852912621
us,MYXXU,2026-04-14,2026-06-12,43,10.140000343322754,10.104500102996827,0.35133099078694663,0.054461139500006084,low_a,0.001820080271985774,0.0036440117836715894,-0.11122866513573662,0.9911522056916008
us,NAVN,2025-10-30,2026-06-12,155,19.93000030517578,20.50600004196167,-2.80893268120167,1.4771741409908667,low_a,-0.02394434291106052,1.0101686200535278,2.3437886393591167,0.9965153352089587
us,NBRG,2026-03-23,2026-06-12,58,9.979999542236328,9.954000091552734,0.26119600607255045,0.04020096630112935,low_a,-0.0005714952055153484,0.034494970998158105,3.3532867103361603,0.9980609724197563
us,NBRGU,2026-01-30,2026-06-12,93,10.140000343322754,10.104500198364258,0.3513300436595923,0.16852547517183236,low_a,-0.001392889874563374,0.11158814596226142,4.450704650495898,0.9978400298558309
us,NEWTO,2026-02-05,2026-06-12,89,25.559999465942383,25.720999908447265,-0.6259493918508441,-0.07381528140606441,low_r2,-0.011173337010655041,0.09602896159333188,0.4774708133884433,0.784643669089031
us,NEWTP,2025-08-15,2026-06-12,208,24.75,24.59144992828369,0.6447365738038613,0.08282117971676328,low_a,-0.002926537792930125,0.11782577282577134,2.2367304751409023,0.9879103955968256
us,NHIVU,2026-04-15,2026-06-12,42,10.229999542236328,10.146000051498413,0.8279074542830278,0.12335276255923677,low_a,0.0022834164007714025,0.03458126252748827,-0.8413626401553816,0.9962012280421445
us,NHP,2026-04-22,2026-06-12,37,14.180000305175781,14.528499937057495,-2.3987310003891316,0.28646403102778883,low_a,-0.021576233661725043,0.49894039063100826,1.2846964407779504,0.9945561800538975
us,NICM,2026-04-14,2026-06-12,43,6.150000095367432,6.327999997138977,-2.81289351852122,-0.6125335392443088,low_a,-0.051894443542359954,0.3247785987703983,0.34769147245053617,0.8988069800296014
us,NKLR,2025-10-06,2026-06-12,173,5.230000019073486,5.789499950408936,-9.66404587836519,-1.4720902852373152,low_a,-0.06446423928608311,0.14870088679740656,0.12815105660320983,0.9894331156885102
us,NMP,2025-09-03,2026-06-12,196,10.239999771118164,10.234499835968018,0.05373916887287944,0.019545547269395058,low_a,-0.001370230935386232,0.02824151647367071,1.145042851469339,0.9905100587754744
us,NMPAU,2025-07-01,2026-06-12,240,10.399999618530273,10.4014000415802,-0.013463793761681053,-0.030756147658272948,low_a,-0.0013649211014139138,0.0030247567976169347,0.12311484095159653,0.9893705655622559
us,NOMA,2025-11-03,2026-06-12,153,3.4800000190734863,3.429700016975403,1.4666006312249458,0.39517589647779516,low_a,0.026558039501935242,-0.35204232071710967,0.7364213275261127,0.881374378970815
us,NOVTU,2025-11-07,2026-06-12,149,67.44999694824219,67.23850040435791,0.3145467888373332,0.18849078866316482,low_a,-0.07123089266937645,1.111153391175387,0.8666288128764028,0.994468703329911
us,NPT,2025-10-22,2026-06-12,161,2.1700000762939453,1.6999999761581421,27.647065101610412,7.357120155271546,vertex_out,0.46906736083643236,-1.0365906885177034,0.1227720715456013,0.9240185176164752
us,NTSK,2025-09-18,2026-06-12,185,9.039999961853027,10.883750009536744,-16.940393210687077,-1.6846956863407536,low_a,-0.10824768525811874,0.3946483914956494,0.20254392125214324,0.9496038340743784
us,NUCL,2026-02-25,2026-06-12,76,9.729999542236328,10.224499893188476,-4.836425801926825,-1.1695906917919885,low_a,-0.05486009300844838,0.2862566825784598,0.2898855645339061,0.9152138180045959
us,NUTR,2025-08-15,2026-06-12,208,9.0,9.0,0.0,0.0,low_r2,1.5484278019512899e-15,-2.3382732895965034e-15,,0.0
us,OBA,2025-08-15,2026-06-12,208,10.229999542236328,10.223999786376954,0.0586830593186205,0.04892772065023809,low_a,-0.0010383127083641495,0.03049631747107691,1.6317240903017833,0.9884796835822494
us,OBAI,2026-02-04,2026-06-12,90,0.5400000214576721,0.5039999961853028,7.142862211279355,-0.29673562513409246,low_r2,-0.05230031444381325,0.23449821433758375,0.2490936949969196,0.7867087258206878
us,OBAWU,2025-06-25,2026-06-12,244,10.25,10.234999942779542,0.14655649540125104,0.04887604213856811,low_a,-4.673865479061429e-16,0.024452960618463294,,1.0
us,OIM,2026-03-09,2026-06-12,68,10.050000190734863,10.020000171661376,0.2994013828296449,0.05991653568961919,low_a,0.0020807801029435117,-0.008073205703321273,0.21554965242498236,0.9486888982699995
us,OIMAU,2026-01-14,2026-06-12,104,10.180000305175781,10.133500051498412,0.4588765326990263,0.014804447680205612,low_r2,0.0013457898743686836,-0.014684218291070625,0.606179256209793,0.6520696111902724
us,ONCH,2025-09-12,2026-06-12,189,10.229999542236328,10.221649932861329,0.08168553442782223,0.031805165523435264,low_a,0.00010380323339120902,0.01044423184538162,-5.589759428152268,0.9881278017083099
us,ONCHU,2025-07-02,2026-06-12,239,10.329999923706055,10.327249908447266,0.02662872771712621,0.019369510830857806,low_a,-0.0012404804711242446,0.027599991884529718,1.236079824041258,0.9827458274030784
us,ORIQ,2025-09-09,2026-06-12,192,10.305000305175781,10.288750171661377,0.15794079206201683,0.0340296286190922,low_a,-0.0009582589131604916,0.03628102237610456,2.1034110161106856,0.9989139167414419
us,ORIQU,2025-07-02,2026-06-12,239,10.300000190734863,10.260000038146973,0.38986503352016477,0.09756134777534342,low_a,1.2237108238714713e-15,0.048840235377536616,,1.0
us,OTGA,2025-11-03,2026-06-12,153,10.164999961853027,10.15374984741211,0.11079763250012586,0.05173202825341505,low_a,-0.0003547938994853305,0.0311761541581851,4.881731525981971,0.9993926816304808
us,OTGAU,2025-09-12,2026-06-12,189,10.3100004196167,10.297250175476075,0.1238218351826692,0.04858042699609211,low_a,-0.0014917239847198037,0.044983383014369764,1.6752943974424763,0.9982124048001885
us,OWLS,2025-10-16,2026-06-12,165,5.789999961853027,5.788000011444092,0.034553393313419,-0.08199886942816814,low_a,-0.005770499760129909,-0.1040872072588967,-1.0021008345668971,0.9514983288306994
us,OXLCM,2026-03-13,2026-06-12,61,25.059999465942383,25.307499885559082,-0.9779726197210348,-0.0710747293329872,low_a,-0.00510918777058012,0.052888702619016834,0.5750936134176221,0.9389809685044754
us,OYSE,2025-07-11,2026-06-12,233,10.279999732971191,10.261500120162964,0.18028175794566614,0.038996284077663645,low_a,0.0007243000534059732,0.017214375728631662,-1.3203840074966318,0.9944012652985466
us,OYSER,2025-07-11,2026-06-12,233,0.10999999940395355,0.12884999960660934,-14.629414249287187,-3.01091505288269,low_a,8.102458642512072e-16,-1.4508526021979473,,1.0
us,PAAC,2026-04-06,2026-06-12,49,9.970000267028809,9.90549988746643,0.6511572388587128,0.060609546495360433,low_a,0.0033289070792590593,-0.026409485187783046,0.440743339063122,0.9328007258203821
us,PAACU,2026-02-12,2026-06-12,84,10.079999923706055,10.110500240325928,-0.3016697086680509,0.049478194686214394,low_a,-0.01150405593820849,0.16313980960831562,0.7878371597547146,0.9204417111701888
us,PACH,2025-08-15,2026-06-12,208,10.239999771118164,10.218999862670898,0.20549866649843818,0.03915806399985566,low_a,-0.0004081523216923293,0.029380952978324465,3.999181380849528,0.9983599200473756
us,PACHU,2025-06-18,2026-06-12,248,10.3100004196167,10.30000023841858,0.09708913559844934,0.038850000885748415,low_a,9.199108564685778e-05,0.011595522231700439,-7.00280548934817,0.9346234386877728
us,PALO,2026-04-14,2026-06-12,43,9.90999984741211,9.900999784469604,0.09090054679752324,0.07075012462878227,low_a,-0.0006704695008688918,0.04008622790783633,3.321571911414876,0.9893267003195916
us,PALOU,2026-02-19,2026-06-12,80,10.0600004196167,10.076000213623047,-0.15879112412795493,-0.03968250101236137,low_r2,-0.0031741483141373952,0.016126070851508648,0.28224668050121693,0.8226226230158841
us,PARK,2025-12-03,2026-06-12,132,17.979999542236328,18.65999984741211,-3.644160293335097,-0.0936952157435722,low_a,-0.06684973388198709,0.8009732407874435,0.6656498207701986,0.9686780015543742
us,PASW,2025-07-18,2026-06-12,228,0.16699999570846558,0.16380000114440918,1.9535986213059964,1.4555587016126026,low_a,0.053788382450993905,0.31101211015307867,-0.3212301574564389,0.989604173677014
us,PAYP,2026-03-12,2026-06-12,65,14.149999618530273,17.553500032424928,-19.389297904165492,-3.0300522494932425,low_a,-0.0387297992612108,-0.9639307533285927,-1.382700389358563,0.9985667038256789
us,PCAP,2025-07-11,2026-06-12,233,10.270000457763672,10.267000007629395,0.0292242147856836,0.0292285754553534,low_a,-0.0007015961122910252,0.028440406234741897,2.252040085338118,0.9976924174182206
us,PFSA,2025-07-11,2026-06-12,233,0.2240000069141388,0.33750000074505804,-33.62962772751378,-5.116671242968129,low_a,0.02854137839875686,-2.931200756600515,5.7055578817069055,0.9995732236229287
us,PICS,2026-01-29,2026-06-12,94,10.819999694824219,10.440999937057494,3.6299182075614,-0.8452045068764624,low_a,0.04499063340476438,-1.5681504553961851,1.9363912697216397,0.9839109567089244
us,PLBL,2025-08-08,2026-06-12,213,7.75,6.610999965667725,17.22886159805377,0.25400920498011015,low_a,0.03897930066724491,-1.2237269740925953,1.7441265166453357,0.962862135289079
us,PLSM,2026-01-21,2026-06-12,100,4.025000095367432,4.390500009059906,-8.324790181944108,-1.0535798858076983,low_a,-0.12169876458250536,1.5836061945726498,0.7229171324993873,0.9943472957545826
us,PLTS,2025-09-19,2026-06-12,184,17.5,17.5,0.0,0.0,low_r2,-4.82336339000417e-16,7.215243293612067e-15,,0.0
us,PLYX,2026-02-02,2026-06-12,92,2.369999885559082,2.76949999332428,-14.424990385563097,-3.535353495509308,vertex_out,0.1256866840296543,-3.3300922267474142,1.4719548465813599,0.9969299755757428
us,PMTR,2025-06-20,2026-06-12,247,10.430000305175781,10.413250017166138,0.16085552523976698,0.09612371554648114,low_a,-0.0014676990465043744,0.07232579329542588,2.737686337736327,0.9993696745768107
us,POM,2025-10-08,2026-06-12,171,0.10199999809265137,0.11134999990463257,-8.39694819936161,-1.5037598048289191,ma_not_rising,1.1341493207500573,-16.303150253677412,0.7985990495940605,0.9713959906886557
us,PONOU,2026-03-13,2026-06-12,64,9.979999542236328,10.093499946594239,-1.1244900674538427,-0.07919702728155231,low_a,-0.0030807527544447124,0.07512467406301478,1.3547315660042596,0.8589865256760367
us,PPHC,2026-01-28,2026-06-12,95,10.510000228881836,10.849000120162964,-3.1247109183001442,-0.9947067594664794,low_a,0.05641258468165359,-1.7164096732092922,1.6903336993719302,0.997318275236744
us,PRHIZ,2024-08-07,2026-05-29,199,18.28499984741211,18.076155185699463,1.155359973219694,-0.6007834395486356,low_a,0.019615322856034102,-0.5995202982934481,1.6979931191027544,0.9926134012421378
us,PSNYW,2025-10-10,2026-06-12,169,2.8499999046325684,3.009499990940094,-5.299886585402569,-0.7257134390898701,low_a,-0.02084505171014813,-0.24774776895921452,-0.6602893163118364,0.9729280548410442
us,PTOR,2026-03-16,2026-06-12,63,9.9399995803833,9.924499988555908,0.1561750400046913,0.05040499695920797,low_a,-0.0012802992377288949,0.043747526543815536,1.898320384564448,0.9990657235731685
us,PTORU,2026-01-23,2026-06-12,98,10.140000343322754,10.038500022888183,1.0111104268879512,0.13466356995692763,low_r2,0.0006046873874300258,0.01789877261831744,-1.6444468286321912,0.8242892027830648
us,PTRN,2025-09-19,2026-06-12,184,20.959999084472656,19.152999877929688,9.434549251082093,2.378661446314201,low_a,-0.03446406731620412,1.5465964295767938,2.493090066156501,0.9948905823635914
us,PURR,2025-12-03,2026-06-12,132,8.699999809265137,8.673999881744384,0.299745536952023,2.3480823522256333,low_a,-0.08789721332727755,2.1883938509450784,1.3831773677617352,0.9932082990900859
us,QADRU,2026-03-27,2026-06-12,54,10.010000228881836,9.99849991798401,0.11502036297605933,0.025010576783546234,low_a,-7.58247244289907e-05,0.027806653658369197,20.373487721387356,0.9702168450047073
us,QUMS,2025-09-30,2026-06-12,177,10.210000038146973,10.20199990272522,0.0784173250150344,0.03431862302649691,low_a,-0.0010034542660657486,0.03314325491789547,1.8349535221991238,0.9981597435031656
us,QUMSU,2025-08-06,2026-06-12,215,10.34000015258789,10.341000175476074,-0.009670465827427144,-0.009669530738753984,low_a,-0.00020140668563284607,-0.005071786538194611,-1.3989898989859462,0.9892131188427159
us,RDAG,2025-06-23,2026-06-12,246,10.3100004196167,10.316250085830688,-0.060580794009379435,0.055768279924928166,low_a,-0.0010296776731762982,0.04683510771459374,2.5269562469604434,0.9995693312264685
us,RFAM,2026-02-26,2026-06-12,75,9.899999618530273,9.882500076293946,0.1770760647733738,0.045555857441925696,low_a,-0.0002685441985316837,0.023932385367010464,4.951054508358879,0.9976433724673899
us,RFAMU,2026-02-13,2026-06-12,83,10.0,9.983999967575073,0.1602567355457829,0.030056840986247835,low_a,-0.0013673423659331053,0.04184058801540598,1.6999964090052333,0.994740281032318
us,RMIX,2026-04-02,2026-06-12,50,21.8799991607666,17.739499855041505,23.34056393674697,1.9980453185688862,low_a,0.032352559117362616,0.3650949244064262,-0.6269380818479761,0.9904469894466905
us,RNA,2026-02-27,2026-06-12,74,12.369999885559082,12.569000053405762,-1.5832617312525055,-0.6991903800493304,low_a,-0.012996475043442385,-0.3284559789075029,-1.4040387353305699,0.9910194353030498
us,RNGT,2025-11-24,2026-06-12,138,10.069999694824219,10.07449984550476,-0.04466872549062639,0.009926790264991325,low_a,-0.0013921353524142374,0.033117607342446356,1.321615079589539,0.9889063176386036
us,RNGTU,2025-10-03,2026-06-12,174,10.5,10.276999759674073,2.1698963271455707,0.21452929780325647,low_a,0.0014789580175487967,0.04007946766982209,-1.5055444889898155,0.9648709431926582
us,ROC,2026-02-23,2026-06-12,78,4.46999979019165,4.791499972343445,-6.709802441980484,-3.2020207607384887,low_a,-0.02140526211274798,-1.0882556933393364,-2.824476024236899,0.9983383676583901
us,RPGL,2025-10-14,2026-06-12,167,2.319999933242798,4.699500018358231,-50.633047682096,4.505325856708797,low_a,-0.139976001697436,3.4447290075750723,1.3671903142928263,0.8930937246739015
us,RREVU,2026-04-30,2026-06-12,31,10.0,10.006000185012818,-0.059965869497036195,0.014993119284500978,low_a,-0.0002651117824427734,0.012747691520325117,2.6713451885729693,0.9886702953005319
us,RUBI,2025-08-04,2026-06-12,217,0.46799999475479126,0.7582000032067299,-38.274862466970085,-16.063322805505386,vertex_out,0.49128552717944884,-13.495333329116022,1.5260794365566408,0.9996504989426201
us,RYOJ,2025-08-14,2026-06-12,209,2.440000057220459,3.0840000033378603,-20.881969695862203,2.2410822809221242,low_a,-0.04153632000005015,2.0662779744137767,2.7636829839674477,0.9983141914505278
us,SAAQ,2026-03-20,2026-06-12,59,10.470000267028809,10.450500011444092,0.18659638833895542,0.16773717134366262,low_a,-0.009200018548018163,0.22163497983248032,1.3383727838016408,0.999364764527544
us,SAAQU,2026-01-28,2026-06-12,95,10.630000114440918,10.69550018310547,-0.6124077186031474,0.30949581974479834,low_a,-0.008752101594027836,0.29816382616176973,1.892649077598736,0.9971975479374666
us,SATA,2025-11-06,2026-06-12,150,98.94000244140625,98.71000022888184,0.23300801538963523,-0.1017099462811033,low_a,0.006784753377086154,-0.18374655031462575,1.5045707805122848,0.9888207719773647
us,SCAG,2025-06-27,2026-06-12,242,0.382999986410141,0.4994499996304512,-23.31564987615836,-7.842051804470529,low_a,-0.04992240616255169,-2.9338289754910654,-3.264876658943107,0.9908392927307073
us,SCII,2026-01-20,2026-06-12,101,10.029999732971191,10.02750005722046,0.024928204801466514,0.02992641300818555,low_a,-0.000812831614783185,0.027125416349333287,1.8539726402803973,0.9993788839731247
us,SCIIU,2025-11-26,2026-06-12,136,10.229999542236328,10.185000228881837,0.44181946336030453,0.04911516263426119,low_r2,0.0013022000422882969,-0.007999228831196446,0.3412698412697093,0.8240946045823548
us,SCPQ,2026-02-12,2026-06-12,84,9.960000038146973,9.948999977111816,0.110564489501086,0.020107025134952217,low_a,-0.00121907080119991,0.027581819530149338,1.2569600598441695,0.9989337180628096
us,SCPQU,2025-12-23,2026-06-12,118,10.359999656677246,10.213750076293945,1.431889162069333,0.27489311242856473,low_a,-5.602335833581593e-05,0.13434719261049113,133.22537499565556,0.9998279636209412
us,SEV,2025-10-16,2026-06-12,165,2.25,2.2989999890327453,-2.1313609946279732,-1.562834055900042,low_a,0.021410717596147818,-1.1769255215156493,3.0538327779858143,0.9996006303670645
us,SGP,2026-02-06,2026-06-12,88,18.440000534057617,19.811999988555907,-6.925093152083606,-2.834722777726739,low_a,0.0021354662446678267,-1.3805057741450721,35.91476354252169,0.9996376604554021
us,SHAZ,2026-02-18,2026-06-12,81,62.31999969482422,66.41549987792969,-6.166482508801286,1.7752886328056716,low_a,-0.13353782588017105,2.476746138163505,1.0303972433939554,0.9779093829402911
us,SLDE,2025-06-18,2026-06-12,248,16.700000762939453,17.695500087738036,-5.62572021057719,-0.89608211758887,low_a,0.013934698383627828,-0.6599515333354652,2.631127927194304,0.9957433029112174
us,SLGB,2025-10-15,2026-06-12,166,0.7599999904632568,0.5706500023603439,33.18145751681703,4.562528857262427,pass,0.2526537751656582,-1.6683840894970356,0.36685778754457377,0.9426312020979798
us,SOCA,2025-09-05,2026-06-12,194,10.220000267028809,10.248500156402589,-0.27808839282668085,0.034163322426272735,low_a,-0.0028666440970661453,0.048555484699482274,0.9410051741371688,0.9820462076917287
us,SOCAU,2025-07-16,2026-06-12,230,10.3100004196167,10.316000270843507,-0.058160634638260156,0.0,low_a,-0.0020112744094972624,0.034103540242777564,0.9420102576019634,0.9935074052503806
us,SOLS,2025-10-20,2026-06-12,163,83.05999755859375,82.88949966430664,0.2056929948637709,-0.6680888204812274,low_a,-0.05883284088312996,0.45912525168638857,0.4335496645094966,0.9311201116298395
us,SORN,2026-02-27,2026-06-12,74,9.920000076293945,9.932499885559082,-0.1258475651563784,0.035250604055780954,low_a,-0.00028627659441189733,0.02413539352186075,4.683775138563009,0.9961241951639778
us,SORNU,2026-01-06,2026-06-12,110,10.050000190734863,10.006000137329101,0.43973668600714166,0.04999519062458546,low_a,-0.0004926558912386053,0.029325017597528036,3.306907870747591,0.9974522328651458
us,SPEG,2025-09-09,2026-06-12,192,10.260000228881836,10.244000005722047,0.15619116703291525,0.041504938165148886,low_a,0.00033309905854822167,0.0167803244470392,-2.798687727070763,0.9987086424246779
us,SPEGU,2025-07-15,2026-06-12,231,10.600000381469727,10.510499954223633,0.8515334916121553,0.23842449200459637,low_a,0.0067808806516876045,-0.0060579393334764,0.049632518618267264,0.976788603559328
us,SPTX,2026-05-01,2026-06-12,30,18.0,17.215999841690063,4.553904307151591,0.66658834997817,low_a,0.006629076688548105,0.29596921724592484,-2.4803958475613204,0.9869113725400196
us,SSAC,2026-02-27,2026-06-12,74,10.0,9.974499845504761,0.2556534652384812,0.045135483476133054,low_a,-0.00013306047079310999,0.028176637647759153,11.764341046431188,0.9976651722020219
us,SSACU,2026-02-06,2026-06-12,88,10.1899995803833,10.136499738693237,0.5277940420187033,0.1185242614653248,low_a,0.0018357832586313948,0.03757675298233481,-1.1371698582020113,0.9964592193514271
us,SSEA,2025-10-02,2026-06-12,175,10.239999771118164,10.208999919891358,0.30365218405385974,0.07351841367824186,low_a,0.00135572122474635,0.007023739637955695,-0.28782300560147356,0.9924051967148714
us,SSEAU,2025-08-08,2026-06-12,213,10.329999923706055,10.345000267028809,-0.14500089836210206,-0.019329716013360976,low_a,-0.0009151001010979077,0.0026720922952131374,0.16222222222266217,0.9871794871794555
us,STRC,2025-07-30,2026-06-12,220,94.80000305175781,97.45750007629394,-2.7268265884675125,-0.44487343741419494,low_a,0.0031148744917845095,-0.25214502509458925,4.497149720364558,0.9968279683035296
us,SUMA,2026-04-20,2026-06-12,39,9.850000381469727,9.847500085830688,0.02539015605225181,0.020314313830982478,low_a,-0.00013469294961170126,0.014266876523281386,5.884526648041822,0.9955210590864085
us,SUMAU,2026-03-11,2026-06-12,66,10.149999618530273,10.120499897003175,0.29148482611847104,0.07910993766182539,low_a,0.001143472862833575,0.02509993816168957,-1.2194788825396952,0.9961499590664871
us,SVAC,2025-09-30,2026-06-12,177,10.329999923706055,10.51599998474121,-1.7687339416607384,-0.11872536465894479,low_a,-0.013407858164068179,0.11585071543309747,0.4800282624291621,0.8869063204549658
us,SVACU,2025-09-04,2026-06-12,195,11.010000228881836,11.13974995613098,-1.1647454185247152,0.3016319996265615,low_a,0.00872246813154309,0.09596051639269093,-0.6111962484924333,0.9849619746958156
us,SVAQ,2026-02-12,2026-06-12,84,10.020000457763672,9.982500123977662,0.3756607394968636,0.07017257088228757,low_a,-0.0007030371024005298,0.03967790526313207,3.1354363271117496,0.9953634798336106
us,SVAQU,2025-12-23,2026-06-12,118,10.170000076293945,10.076000261306763,0.9329080245080501,0.13416171496465346,low_a,0.0037387604941808744,0.0009779254497736868,-0.014531337789262883,0.998261079379557
us,SVIV,2026-03-02,2026-06-12,73,10.199999809265137,10.088500022888184,1.1052166935023866,0.10915371476325486,low_a,0.0005831508730897602,0.03553538332808463,-3.3853811316638396,0.9722326052736953
us,SVIVU,2026-02-10,2026-06-12,86,10.350000381469727,10.283000135421753,0.6515632127357174,0.10221513266810422,low_a,0.0015334097022950196,0.05885687738923012,-2.132389352128149,0.9880834373932437
us,SWMR,2026-03-17,2026-06-12,62,45.189998626708984,50.89349937438965,-11.206737241084175,3.7848582600548797,low_a,-0.22626043334241125,5.4883183120688255,1.3475912177330718,0.9997221039436125
us,TDIC,2025-07-23,2026-06-12,225,5.742499828338623,1.1136499881744384,415.6467372439048,-31.568759036667693,low_r2,-1.0157193789104895,3.003774005275453,0.16429373810452827,0.8242567109192379
us,TDWD,2025-12-08,2026-06-12,129,10.039999961853027,10.0260000705719,0.13963585859348981,0.05988065812911891,low_a,-0.0008134299226477626,0.03999423879250769,2.7315225236697622,0.9983824336724701
us,TDWDU,2025-11-07,2026-06-12,149,10.199999809265137,10.164000082015992,0.3541885769249742,-0.03933906524918873,low_r2,0.00832364933375056,-0.10369367156797664,0.6920954139905499,0.8476743896611447
us,TGHL,2025-08-28,2026-06-12,199,0.5419999957084656,0.5262500002980233,2.9928732354437715,4.528751923043783,low_a,-0.19539958251931702,4.678040338498226,1.3300495659496891,0.9909701828553847
us,THH,2025-08-27,2026-06-12,200,0.2770000100135803,0.3311500012874603,-16.35210359757002,-0.4509239651686814,low_r2,-0.0026743351964614716,-0.03820309177926664,-0.7936155462281866,0.39604647627067846
us,TLIH,2025-07-08,2026-06-12,236,4.380000114440918,3.7358500242233275,17.242396938873572,2.8777178501622647,vertex_out,0.12113487004234286,-0.6532046020899139,0.29957636928050413,0.9687498565258651
us,TLNC,2025-10-08,2026-06-12,171,10.260000228881836,10.27400016784668,-0.1362657069897466,0.06330706923118878,low_a,-0.002843603561222506,0.06843147560759069,1.3369474903990215,0.9956348048443238
us,TLNCU,2025-09-09,2026-06-12,192,10.4399995803833,10.409000015258789,0.2978150166112803,0.09134988469432503,low_a,0.0008209134602652113,0.053381045853634713,-3.612577697991656,0.9856742073182927
us,TMCR,2026-04-08,2026-06-12,47,9.34000015258789,12.354500007629394,-24.40001500003991,-3.521924343550653,low_a,-0.0499256778226069,-0.8184106468771957,-0.9106988656497745,0.9994817818487124
us,TMTS,2026-04-02,2026-06-12,50,10.0,10.008999919891357,-0.0899182731880277,0.02998174408486154,low_a,-1.42961930972433e-15,0.014996492304883,,1.0
us,TMTSU,2026-02-11,2026-06-12,85,10.149999618530273,10.177499771118164,-0.27020538645385894,-0.10796546318273537,low_a,-0.0035656413629935896,-0.005883325162596888,-0.0916669301950312,0.9952448385865009
us,TMUSI,2025-08-06,2026-06-04,209,21.18000030517578,21.756999969482422,-2.652018500326203,-0.38687831292556485,low_a,-0.009218253676390281,-0.06267544189209427,-0.37772544738307956,0.9971302641308324
us,TMUSL,2025-08-06,2026-06-10,213,23.969999313354492,24.515749835968016,-2.226122089942495,-0.38803428527232064,low_a,-0.006879128874299742,-0.08040084127484397,-0.6493138136785793,0.9985708817091551
us,TMUSZ,2025-08-06,2026-06-04,209,21.239999771118164,21.849049949645995,-2.7875362083544464,-0.3886610987932748,low_a,-0.012900889061026986,-0.015784247538329365,-0.06797226430443325,0.9927819214907716
us,TRAX,2026-04-06,2026-06-12,49,17.639999389648438,16.680000019073486,5.755391903340512,-0.5722460877665814,low_a,0.06353541756161704,-1.3220675665361663,1.1560197596823474,0.9901072587735796
us,TRGS,2026-04-20,2026-06-12,39,9.880000114440918,9.877499961853028,0.025311592989574194,0.010125276103511993,low_a,0.0007479997854898038,-0.001852833604848127,0.13761394356809417,0.9286831577271026
us,TRGSU,2026-02-26,2026-06-12,75,10.029999732971191,10.047999715805053,-0.17913996161393886,0.0,low_r2,0.0005277377342049005,-0.007282780732035591,0.766666666667505,0.8131313131313285
us,TTRX,2025-10-08,2026-06-12,171,6.045000076293945,5.35675003528595,12.848276221110911,3.752663154674374,low_a,-0.04540490428610206,2.148136264143123,2.62837033663863,0.9938488414958138
us,TVAI,2025-07-02,2026-06-12,239,10.300000190734863,10.293000221252441,0.06800708570828817,0.03887596846683383,low_a,1.8400368745403224e-05,0.016023843991503573,-48.38020190796039,0.9945471144047031
us,TWLV,2026-01-09,2026-06-12,107,9.970000267028809,9.97524995803833,-0.052627162543339434,0.05516670776639643,low_a,-0.0006082379111539492,0.029559692535121695,2.699938808030729,0.9938336920105433
us,TWLVU,2025-12-12,2026-06-12,125,10.100000381469727,10.09850034713745,0.01485403060565993,0.0,low_r2,-2.0645952155952714e-15,1.8755273550196462e-14,,-2.2
us,VHCP,2026-02-09,2026-06-12,87,10.010000228881836,9.983999967575073,0.2604192847676545,0.06514711562695119,low_a,-0.0001140037782089659,0.037567427517030405,18.307106477437337,0.9987378859597273
us,VHCPU,2025-12-18,2026-06-12,121,10.109999656677246,10.071260166168212,0.3846538553255563,0.08944232877188263,low_a,0.00067980836199399,0.03619305613212753,-2.9577825944593608,0.9991267932468257
us,VHUB,2026-01-30,2026-06-12,93,1.1299999952316284,1.4779999911785127,-23.54533139539463,0.23736877923155042,low_a,-0.3083359896574051,4.545159535655124,0.8189406088225906,0.9941010580024119
us,VMET,2026-03-02,2026-06-12,73,12.539999961853027,12.104000091552734,3.6021139045147033,-0.50961725783637,low_a,-0.09485969342206799,0.7721588791333732,0.45222279305226987,0.8598512852142428
us,VNME,2025-08-22,2026-06-12,203,10.220000267028809,10.19074993133545,0.2870282941927371,0.05399995651689249,low_a,-0.00035354861095422614,0.033582280136097126,5.277017564141195,0.9985934038297263
us,VNMEU,2025-07-02,2026-06-12,239,10.279999732971191,10.301499843597412,-0.20870854683925355,0.01941793708117867,low_a,-0.0007725736728259925,0.019372741466111523,1.393088390971331,0.9953418534062887
us,VSECU,2026-02-05,2026-06-12,89,51.040000915527344,46.928500175476074,8.76120209398863,0.5215811012747817,low_a,0.021699964837069714,-0.4588360970096708,1.17469749235581,0.8521902379539414
us,VSNT,2025-12-15,2026-06-12,124,40.529998779296875,41.69300022125244,-2.789440519472952,-0.5070933382922083,low_a,-0.010242900893714562,0.015147015649151016,0.08215454568282077,0.8864287311674889
us,VTIX,2026-01-27,2026-06-12,96,3.490000009536743,3.566999983787537,-2.158676047119934,-1.7355371849259393,low_a,-0.05938598919965237,0.0015347988766796542,0.0014358033840830575,0.9809185419606724
us,VWAV,2025-07-15,2026-06-12,231,4.820000171661377,5.402999997138977,-10.790298459861425,-1.297040624814172,low_a,-0.0474516019748819,-0.08410398623869621,-0.09846756453872486,0.9889237960910662
us,WENN,2025-07-07,2026-06-12,237,10.279999732971191,10.276999998092652,0.02918881851801114,0.02919966215573222,low_a,-0.0011068317066056223,0.035019690762578895,1.7577544662732063,0.9984730950351355
us,WHLRL,2021-09-03,2026-06-03,192,82.4999008178711,88.08699493408203,-6.34270032754769,-0.36703918956131343,ma_not_rising,0.19598168100976757,-2.9371241222760824,0.8325959931966233,0.988974037298257
us,WLII,2026-04-06,2026-06-12,49,10.170000076293945,10.148500013351441,0.21185458850292438,0.2024090869682027,low_a,0.004086353471492726,0.05580675386810635,-0.758714398185002,0.9977957997077177
us,WLIIU,2026-02-13,2026-06-12,83,10.359999656677246,10.282000303268433,0.758600963900169,0.21442427424887,low_a,-0.0011287802984646478,0.11221281377403808,5.522815394765703,0.999366876376752
us,WLTH,2025-12-15,2026-06-12,124,8.960000038146973,11.005999946594239,-18.58985933468401,-2.05135036961277,low_a,-0.10809244283209452,0.27437736454725964,0.14101991332521016,0.9725368447513688
us,WSBCO,2025-09-11,2026-06-12,190,25.479999542236328,25.645300006866456,-0.6445643630055731,-0.15378763196679524,low_a,-0.006461049713865997,-0.01062307830528797,-0.09134289985323628,0.9877271541469104
us,WSHP,2025-11-14,2026-06-12,144,5.510000228881836,6.334000015258789,-13.009153526869499,-2.3961785368692423,low_a,-0.03882280408830782,-0.6968054243326317,-0.9971307681657806,0.9981723691512372
us,WSTN,2025-12-31,2026-06-12,113,10.079999923706055,10.072999954223633,0.06949240061782103,0.049662486151103025,low_a,1.0318383495096396e-16,0.02484666741651629,,1.0
us,WSTNU,2026-01-13,2026-06-12,105,10.239999771118164,10.225750160217284,0.13935027433309433,0.05870932722249478,low_a,-0.00037106055809928926,0.040470194198522276,6.059237698711457,0.9975944542048653
us,WTG,2025-07-21,2026-06-12,227,10.369999885559082,10.358000135421753,0.11585006739180947,0.05119434793836586,low_a,-0.00031492415251073316,0.03578070818743042,6.312050395868458,0.9986004403714376
us,WW,2025-06-27,2026-06-12,242,18.549999237060547,14.989749956130982,23.75122527960103,6.187903413608509,vertex_out,0.12555274400672325,1.5654197939984196,-0.6926791367346656,0.9991432226515832
us,WYFI,2025-08-07,2026-06-12,214,24.700000762939453,27.079000091552736,-8.785403155840344,-1.4143989124220657,low_a,-0.19712494887158555,2.0544713682436626,0.5790099066055423,0.9764568357928766
us,XCBE,2026-03-13,2026-06-12,64,9.920000076293945,9.908999967575074,0.11101129029031931,0.010093085322648854,low_a,-0.0006118280562122358,0.015540749908334105,1.4111399209976008,0.9770781137496269
us,XCBEU,2026-01-21,2026-06-12,100,10.020000457763672,10.026700401306153,-0.06682102061819073,0.0,low_a,-0.00039671877735224535,0.0071673859108232745,1.0037037037026826,0.9862053369516227
us,XE,2026-04-24,2026-06-12,35,18.59000015258789,25.04600009918213,-25.77657079385326,-4.377207254937376,low_a,-0.12930663585504618,-0.5057439592626789,-0.21728882234010966,0.9961848342093418
us,XNDU,2026-03-23,2026-06-12,58,11.789999961853027,14.302000093460084,-17.563977871568646,-1.9773141467914868,low_a,-0.09610668680087772,0.21516425330529018,0.12437812628832094,0.9410278115896189
us,XRPN,2025-06-24,2026-06-12,245,10.399999618530273,10.401999950408936,-0.019230262336078496,-0.024028614720805752,low_a,-0.00216584823796396,0.014687603789161714,0.37674753659279236,0.8947710772434877
us,XSLL,2026-03-18,2026-06-12,61,9.90999984741211,9.90349988937378,0.06563293897043909,0.045459214902043854,low_a,0.0006124980988086949,0.011515245004774024,-1.0444699091194556,0.9693490246779122
us,XSLLU,2026-01-29,2026-06-12,94,10.010000228881836,9.996499729156493,0.135052269205449,0.040030462797080446,low_a,0.000777510379758204,0.01336213133540929,-0.9547661987172688,0.9821706359375836
us,YDDL,2025-10-09,2026-06-12,170,2.690000057220459,3.303249990940094,-18.565047616789855,-4.051992944569016,low_a,0.03568913945967411,-2.5230187715915564,3.927461173202078,0.9993234950442971
us,YDES,2025-08-26,2026-06-12,201,3.2699999809265137,3.7792500138282774,-13.474896633946354,-4.71478067301605,low_a,-0.016272165266071507,-2.3212186358852365,-7.924980405121362,0.9980508375698698
us,YMAT,2025-07-30,2026-06-12,220,0.5989999771118164,0.9346000015735626,-35.90841257187084,-6.991093054633801,low_a,-0.526449660605733,6.332059771681803,0.6682141233066947,0.9643535311119205
us,YMT,2025-08-19,2026-06-12,206,0.628000020980835,1.1155999958515168,-43.7074199250517,-3.955917346062987,low_a,-0.3387458985523333,5.904221853670663,0.9683137909734741,0.9589171029593693
us,YOUL,2025-07-10,2026-06-12,234,0.4230000078678131,0.6482499986886978,-34.74739549194417,-7.551340280827645,low_a,-0.0013861859174148063,-2.404899443855574,-96.38355359129109,0.9803887564489204
us,YSWY,2026-04-22,2026-06-12,37,23.239999771118164,22.876500129699707,1.5889652672286925,-0.8323038190016674,low_a,0.0726362839467111,-1.5287229658457382,1.1692373156149336,0.9978862208181946
us,ZKP,2026-02-04,2026-06-12,90,9.930000305175781,9.93549976348877,-0.055351602273667755,0.025169206628294916,low_a,-0.0005531806209214178,0.022467624676470604,2.2564083478483727,0.9992092918748021
us,ZKPU,2026-01-09,2026-06-12,107,10.0,9.963499784469604,0.3663393016507088,0.10046755816381925,low_a,0.004000880558463835,0.0057537189871659485,-0.07989517561736081,0.9791329306028905
us,ZTG,2025-09-09,2026-06-12,192,1.7000000476837158,2.614499992132187,-34.97800524767547,-2.87890015312372,low_a,-0.1577705553406195,0.8113932071552827,0.2857149123941133,0.9889746939565668
crypto,AAOIUSDT,2026-04-22,2026-06-15,55,190.76,178.759,6.713508131059132,-0.022651070053347766,low_r2,-0.036757812360458005,0.25974908473986313,0.39258333891746244,0.6748137604932933
crypto,ACUUSDT,2026-01-21,2026-06-15,146,0.07828,0.0808065,-3.1266049142086305,-0.08037442114959825,low_a,0.050329246041916784,-0.821274956232094,0.906558115719408,0.9885642863685175
crypto,AIGENSYNUSDT,2026-04-29,2026-06-04,37,0.02768,0.031661499999999995,-12.575209639467477,-3.33104343179913,low_a,0.009696627772272912,-0.9799490879615599,5.614489622210506,0.9644274327178193
crypto,ALLOUSDT,2025-11-11,2026-06-15,217,0.3641,0.2901155,25.501739824311343,10.710190250315321,low_a,-0.033743633392659116,6.897717902024524,11.356410427213794,0.9996537804334233
crypto,AMATUSDT,2026-04-15,2026-06-15,62,587.87,494.3795,18.91067489651168,2.949080364626444,low_a,0.07669650795790571,0.46891400673213623,-0.33966055098731635,0.9981877608454208
crypto,AMDUSDT,2026-04-15,2026-06-15,62,547.21,500.716,9.285503159475628,0.8533081426322697,low_a,0.000943274851307933,0.338068399275155,-19.911034107891577,0.9679368270244192
crypto,APLDUSDT,2026-04-28,2026-06-15,49,46.41,44.2885,4.79018255303294,-0.13641795756388353,low_r2,-0.021527647634580628,-0.042845992810369035,-0.1105709724682495,0.7399702707637114
crypto,APRUSDT,2025-10-23,2026-06-15,236,0.19746,0.2031605,-2.805909613335267,0.6649539066042154,low_a,-0.08881893658550838,1.5391013116688113,0.9626959262648511,0.9898218204839635
crypto,ATUSDT,2025-11-03,2026-06-15,225,0.1294,0.12623,2.5112889170561425,1.2472428313615502,low_a,0.0638795906210663,-0.2232994964705806,0.19420173894489254,0.892886685702753
crypto,AVGOUSDT,2026-02-11,2026-06-15,125,395.18,412.5505,-4.210514833941536,-0.7489231072730695,low_a,-0.006084707217574412,-0.34484669037153587,-3.1485737571318126,0.9963637228512352
crypto,AXTIUSDT,2026-05-11,2026-06-15,36,111.19,99.28450000000001,11.991297735296037,-3.0784474511411863,low_a,-0.050544901011341556,-1.2463020140798609,-1.369851347946616,0.9926834041462151
crypto,AZTECUSDT,2026-02-12,2026-06-15,124,0.01675,0.018931499999999997,-11.523122837598688,-3.8717375850512936,low_a,-0.030892525352019345,-1.0678367024094497,-1.9203435319376243,0.994249785126512
crypto,BASEDUSDT,2026-03-30,2026-06-15,78,0.07869,0.068889,14.227235117362703,1.403537178647385,low_r2,0.09839496695251257,-1.119476585308197,0.6320764725521871,0.8332469321269865
crypto,BAUSDT,2026-04-09,2026-06-15,68,228.55,220.22599999999997,3.7797535259233905,0.21866204313625293,low_a,0.017275712769218226,-0.20238750918383167,0.6508414825145117,0.8610269026073082
crypto,BEATUSDT,2025-11-12,2026-06-15,216,3.9877,3.328391,19.8086402709297,12.696849260615405,vertex_out,0.2020301702719717,10.264377852614045,-2.822564636095964,0.9904676119022982
crypto,BEUSDT,2026-04-22,2026-06-15,55,276.14,270.246,2.1809758516314837,-1.2101704766657173,low_a,-0.020095265801066027,-0.5119656246480303,-1.415384846572147,0.9707391769554612
crypto,BILLUSDT,2026-05-06,2026-06-15,41,0.07046,0.0749995,-6.052707018046788,-2.297967132817036,low_a,0.0813284395861309,-2.3547553979213367,1.6085362635098697,0.9641620739846484
crypto,BIRBUSDT,2026-01-29,2026-06-15,138,0.07696,0.085788,-10.290483517508275,-4.807980381930943,low_a,0.07639152239804466,-3.5970756571221973,2.6159648378980838,0.999068563212499
crypto,BREVUSDT,2026-01-06,2026-06-15,161,0.0838,0.08979000000000001,-6.671121505735611,-2.6666666666666505,low_a,0.026000960446045166,-1.8967200249546494,4.0526708595385905,0.9982283908616422
crypto,BSBUSDT,2026-03-25,2026-06-15,83,0.3619,0.299141,20.97973865167262,-8.323603053622275,low_a,0.05505516215282392,-7.776023757814503,7.846699618819034,0.9883436153953127
crypto,BZUSDT,2026-04-01,2026-06-15,76,83.0,91.71000000000001,-9.497328535601357,-1.3505009923035938,low_a,-0.0062681679495070405,-0.5358251617866019,-4.749085344154063,0.998848487605341
crypto,CBRSUSDT,2026-05-12,2026-06-15,35,217.81,224.73999999999995,-3.0835632286197123,-1.5149191268947537,low_a,0.06648876714686056,-1.6546659073049,1.3825776546001372,0.9928885371676224
crypto,CCUSDT,2026-04-24,2026-06-15,53,0.1652,0.15758149999999999,4.834641122212968,0.11054111144639389,low_a,-0.03230472089503147,0.4294410921688586,0.738524828347762,0.9581471340891061
crypto,CFGUSDT,2026-03-16,2026-06-15,92,0.21626,0.23079550000000001,-6.297999744362437,-3.166857917249677,low_a,0.03233211329763613,-1.9484036621223797,3.34789894181157,0.9975374573707589
crypto,CHIPUSDT,2026-04-21,2026-06-15,56,0.03665,0.0357395,2.5476013934162545,-1.9962980736272007,low_a,0.05231605253272943,-2.3385073983007456,2.4833119357026674,0.9957144179826974
crypto,CLANKERUSDT,2025-10-27,2026-06-15,232,16.05,16.3365,-1.7537416215223645,-2.831226765799255,low_a,0.08103475854851273,-3.0342639788970045,2.080221180012727,0.9980306729379179
crypto,CLOUSDT,2025-10-15,2026-05-26,224,0.067585,0.09147425000000001,-26.115819479252355,-4.3906454141625195,low_a,0.059388784222821976,-3.0070223896365156,2.8129351629335786,0.9991986310544473
crypto,CLUSDT,2026-03-16,2026-06-15,92,80.259,88.7034,-9.51981547494234,-1.3506765616189909,low_a,-0.0019493445335525893,-0.5694676442125193,-16.229604772575964,0.998204926863882
crypto,COHRUSDT,2026-04-22,2026-06-15,55,412.6,380.136,8.54010143738031,0.31072003926551073,low_r2,-0.010428404115713379,0.11503331924565564,0.612820512820605,0.14700050182982038
crypto,COPPERUSDT,2026-03-09,2026-06-15,99,6.546,6.43585,1.7115066385947397,0.17822676047567487,low_a,0.007515720371938202,-0.015568699623567347,0.11508248232521716,0.9352038358452195
crypto,COPUSDT,2026-03-12,2026-06-15,96,112.64,116.50050000000002,-3.3137196836065197,-0.33961376419512357,low_a,0.006789986363529169,-0.2490223870832809,2.0374970315833743,0.9835831855705754
crypto,COSTUSDT,2026-03-02,2026-06-15,106,979.59,974.7330000000002,0.4982903010362749,-0.3725553927009684,low_a,0.02916913251699151,-0.6096541731872194,1.1611478767306227,0.9971832643336228
crypto,CRDOUSDT,2026-04-28,2026-06-15,49,257.69,229.36999999999998,12.346863146880604,1.51720353010949,low_a,-0.03468799478491735,1.2424687920364168,1.9899116230274656,0.9988674710436197
crypto,CRWVUSDT,2026-04-28,2026-06-15,49,107.77,105.585,2.0694227399725262,0.0018942443385627783,low_a,0.004901468191255675,-0.3159851073847287,3.581524454113259,0.9314320949901729
crypto,CYSUSDT,2025-12-12,2026-06-15,186,0.45957,0.450216,2.077669385361691,0.23756036415534254,low_r2,0.01700160201554669,-0.15930208901161186,0.5205460078472541,0.42396350803370497
crypto,DASHUSDT,2025-11-04,2026-06-15,224,38.29,37.0515,3.3426446972457224,-1.551726428505007,low_a,0.02225633469895739,-1.482062373918753,3.699477010241895,0.9878698403750147
crypto,DRAMUSDT,2026-05-11,2026-06-15,36,70.94,63.387,11.915692492151386,1.6754220636002737,low_a,0.024137638965559927,0.5436247037667568,-1.2512148547162554,0.9943917597688178
crypto,EDGEUSDT,2026-03-31,2026-06-15,77,0.3496,0.6947,-49.676119188138756,-12.36170508017006,low_a,-0.013341003993198349,-5.047734997235378,-21.02013628146755,0.9994569957359071
crypto,ELSAUSDT,2026-01-22,2026-06-15,145,0.04872,0.0522335,-6.726526080006135,-3.6397848966452373,low_a,0.008904140487427414,-1.8728562455464381,11.685301837267595,0.9996056901624452
crypto,ENSOUSDT,2025-10-14,2026-06-15,245,0.6802,0.64853,4.883351579726458,-1.597730100446082,low_a,0.07631053864230863,-2.093736120576237,1.5242805965578161,0.9977185416606187
crypto,ESPUSDT,2026-02-12,2026-06-15,124,0.072417,0.06636165,9.124773118209095,0.525336344776961,low_a,0.02997117349622569,-0.09610708210281285,0.17814725672044643,0.9338066912932361
crypto,ETNUSDT,2026-05-13,2026-06-15,34,409.21,401.48,1.925376108398913,0.05345587896294912,low_a,-0.01936967220556024,0.2514127952330318,0.7210951927692792,0.8918285995910958
crypto,EULUSDT,2025-10-14,2026-06-15,245,1.039,1.04885,-0.9391238022596338,-1.7792761155592918,low_a,0.0672104485397336,-2.1027852282119697,1.7381434599155958,0.9986477923933005
crypto,EWHUSDT,2026-04-09,2026-06-15,68,21.879,22.48355,-2.688854740465807,-0.6045454746400281,low_a,0.013425009352472112,-0.49532470628149744,2.0497594091279896,0.998081379939352
crypto,EWJUSDT,2026-03-17,2026-06-15,91,94.1,92.13050000000001,2.1377285480920882,0.04397871647301432,low_r2,0.0006595208303789266,-0.026320428503615063,2.217133956388434,0.6226854453523629
crypto,EWTUSDT,2026-03-25,2026-06-15,83,106.15,102.417,3.644902701699926,0.5552200998512502,low_a,-0.0069528951457961275,0.3893565043616173,3.111066175369732,0.9948657277214211
crypto,EWYUSDT,2026-03-17,2026-06-15,91,210.07,197.1155,6.572035177345259,0.5255373944972774,low_a,0.014555802164708103,0.05521581151736988,-0.21074380165291579,0.9587324201017983
crypto,FIGHTUSDT,2026-01-23,2026-06-15,144,0.004184,0.004113299999999999,1.7188145771035668,-1.697993714674928,low_a,0.023522511232947116,-1.8222496260627674,4.303796024763833,0.9890439533855422
crypto,FLYUSDT,2026-04-15,2026-06-15,62,33.61,39.944,-15.857200080112166,-4.804575786463294,low_a,-0.11324365893042594,-0.4345240523569117,-0.213170656608426,0.998135399374265
crypto,FOGOUSDT,2026-01-15,2026-06-15,152,0.01307,0.012749,2.517844536826419,-1.5407190022010187,vertex_out,0.13977396945820061,-2.7973763918660146,1.111865107290862,0.996816404880857
crypto,FOLKSUSDT,2025-11-06,2026-06-15,222,2.0169,1.612535,25.076354931830934,3.5944069870903483,low_a,-0.003446285519943507,2.0007071063101645,32.252230452696544,0.9873887733311638
crypto,FRAXUSDT,2026-01-15,2026-06-15,152,0.28211,0.3278595,-13.953995537722708,-3.7447025889972285,low_a,0.0019449319888700004,-1.9351899842352405,55.277282339419436,0.9993235394690368
crypto,FUTUUSDT,2025-10-28,2026-06-15,231,100.25,98.158,2.1312577680881795,-0.3512547713798275,ma_not_rising,0.17900664879446426,-2.1898507941034984,0.6796304956799829,0.9319978299454519
crypto,GENIUSUSDT,2026-04-16,2026-06-15,61,0.4359,0.47873350000000003,-8.947253534586574,-3.768292192650935,low_a,-0.21501444943904774,0.9120615687417318,0.23565898610308228,0.9795309680043017
crypto,GIGGLEUSDT,2025-10-16,2026-06-15,243,28.55,29.0995,-1.888348597054923,-0.6113701180046838,low_a,0.039323988897485895,-1.0393667908634505,1.4683810343590442,0.9908865878361823
crypto,GWEIUSDT,2026-01-29,2026-06-15,138,0.14961,0.133419,12.13545297146581,3.6207740161700253,low_a,0.09239327994391608,1.0670129712605765,-0.6415888519094481,0.9870863857277842
crypto,INDAUSDT,2026-04-09,2026-06-15,68,49.3,48.183499999999995,2.3171832681312177,0.019720181010485227,low_a,0.004134861609598079,-0.07925818964904155,1.064904505645134,0.9357611291199556
crypto,INFQUSDT,2026-05-13,2026-06-15,34,14.776,15.4492,-4.35750718483805,-1.3019868395834688,low_a,-0.14363742581456915,1.0529172689900481,0.4072434708506678,0.8718986647352318
crypto,INXUSDT,2026-01-31,2026-06-15,136,0.008119,0.0081659,-0.5743396318838134,-1.7044839000902812,low_a,0.06850475913962517,-1.9852381103375794,1.609975825257226,0.9959512002049526
crypto,IONQUSDT,2026-04-22,2026-06-15,55,61.29,62.70649999999999,-2.2589364738902495,-0.6448699565069438,low_r2,-0.08685993270777094,0.6964078520518244,0.4454220019275803,0.8327655122129312
crypto,IRYSUSDT,2025-11-27,2026-06-15,201,0.01846,0.020565999999999997,-10.240202275600495,-5.560912889746062,low_a,0.0665227630011477,-3.9393564975335393,3.2898985080954546,0.9992667979363012
crypto,JCTUSDT,2025-11-11,2026-06-15,217,0.006511,0.00485235,34.182406462847894,6.399517596754745,low_a,0.007918465200753518,2.824551582417224,-19.816912542796807,0.9906073994755137
crypto,JDUSDT,2025-10-28,2026-06-15,231,28.76,28.95,-0.6563039723661457,-0.5735480990486708,low_a,0.025452958455832647,-0.6696694596609005,1.4616712998061967,0.9985188712696338
crypto,KATUSDT,2026-03-18,2026-06-15,90,0.005764,0.0063515,-9.249783515704957,-3.4909781576448307,low_a,0.02620326837337789,-1.8286558145368292,3.8770732051008716,0.9943406593139602
crypto,KITEUSDT,2025-10-29,2026-06-15,230,0.19299,0.1926895,0.15595037612323726,-0.589171522688503,low_a,0.08747618049000243,-1.469318689335863,0.9331547813012241,0.9883537175334813
crypto,KLACUSDT,2026-04-28,2026-06-08,42,2109.22,1949.8545,8.173199590020698,1.3330710603114415,low_a,0.011300061091928838,0.38648788597979544,-1.9001268264324673,0.9885304104411236
crypto,KOPNUSDT,2026-05-11,2026-06-15,36,5.267,5.4421,-3.217507947299747,-0.5763978332556929,low_r2,-0.06547525382963458,0.6037113342905538,0.5122472477764904,0.8386498523583432
crypto,KWEBUSDT,2026-03-25,2026-06-15,83,26.682,26.7065,-0.09173796641267495,-0.28432586021175377,low_a,0.02253635327341549,-0.39285605433592136,0.9684502229445173,0.9792780080520688
crypto,LABUSDT,2025-10-17,2026-06-15,242,9.57479,10.288305000000001,-6.935204584234245,6.205218260582912,low_a,-0.021935243585964596,3.1046753613131983,7.863234517612723,0.9916462803307154
crypto,LIGHTUSDT,2025-09-27,2026-05-26,242,0.138,0.14669500000000002,-5.927264051262826,-1.0322145387080317,low_a,0.012560612491640328,-0.763866112311562,3.3785777777775587,0.9972413761909276
crypto,LITEUSDT,2026-04-15,2026-06-15,62,952.74,895.2585000000001,6.420659507840454,-0.06390714319997048,low_a,0.007812710688737002,-0.3305975672304656,2.350852635472768,0.9366285150716223
crypto,LITUSDT,2025-12-24,2026-06-15,174,1.691,1.4699,15.041839580923888,2.8297596977858497,low_a,0.020036371716072244,0.8691224199506141,-2.4098464317975092,0.9824577653533743
crypto,LLYUSDT,2025-11-11,2026-06-15,217,1131.49,1121.246,0.9136264477197509,0.5890479778950297,low_a,-0.02596981644627208,0.6565444375606128,1.4045032259296335,0.998673666773212
crypto,LWLGUSDT,2026-05-11,2026-06-15,36,10.048,10.51995,-4.486238052462221,-2.3774724739354935,low_a,-0.02147811223976221,-1.0934534279202899,-2.8283404045993046,0.9943382655866473
crypto,MAGMAUSDT,2025-12-29,2026-06-15,169,0.39429,0.3596295,9.637835605810974,2.9595581919998004,low_a,-0.10846305015451109,3.1967937119808734,1.6374207659899331,0.9906658743688997
crypto,MANTRAUSDT,2026-03-04,2026-06-15,104,0.007939,0.007782699999999999,2.008300461279511,-1.469219813261602,low_a,0.04309450174660955,-1.4182456079415333,1.8283404951913012,0.9976575385877298
crypto,MEGAUSDT,2026-01-30,2026-06-15,137,0.06019,0.0546435,10.150338100597512,-1.6778825392255725,vertex_out,0.16472361753960235,-3.93925907238802,1.328575279687287,0.992537811535738
crypto,METUSDT,2025-10-13,2026-06-15,246,0.118,0.11477499999999999,2.809845349597051,-1.7547613952493046,low_a,0.07388027227567111,-2.1381539595713472,1.607822053552632,0.9983251031647139
crypto,MMTUSDT,2025-11-04,2026-06-15,224,0.128,0.118415,8.094413714478744,0.12260082861250687,low_a,0.08284504344706022,-1.2614618628543222,0.8459312915660587,0.9776472984674652
crypto,MONUSDT,2025-10-10,2026-06-15,249,0.02263,0.0219565,3.067428779632464,-1.383368142109631,low_a,0.0431052592055211,-1.4527365554101048,1.8723373411784314,0.9962089271384512
crypto,MPUSDT,2026-04-28,2026-06-15,49,58.21,61.592,-5.4909728536173485,-1.1586481368552781,low_a,-0.04593479996634944,0.00935291332519286,0.011311822326965544,0.9749172184773804
crypto,MUUSDT,2026-02-11,2026-06-15,125,1084.87,968.8104999999999,11.97958733931972,2.188894461681401,low_a,0.0074727038855163744,1.0574247117309967,-7.861387018459287,0.997918150351881
crypto,NATGASUSDT,2026-04-01,2026-06-15,76,3.181,3.20285,-0.6822049112509165,0.3509156705779226,low_a,0.021645599790584363,-0.09722486865519055,0.2495371643295642,0.955998463462065
crypto,NBISUSDT,2026-04-22,2026-06-15,55,259.45,235.4395,10.198161311079911,1.7513948493216969,low_a,0.021714635381957236,0.15852868263486825,-0.40558585858588025,0.9221739955684078
crypto,NFLXUSDT,2026-04-08,2026-06-15,69,81.68,83.05350000000001,-1.6537533035934748,-0.846440829726891,low_a,-0.004283284451128265,-0.40106386412887507,-5.201925307358084,0.9989180043622278
crypto,NIGHTUSDT,2025-12-10,2026-06-15,188,0.03412,0.034197,-0.22516595022955554,0.05120028087011175,low_r2,-0.011343425348449291,0.11066043150476511,0.5419704861111612,0.3620752126486919
crypto,NIOUSDT,2026-05-11,2026-06-15,36,5.205,5.4928,-5.239586367608506,-0.17991167972086775,low_a,0.02605879527766125,-0.4187003700424173,0.8926403320326803,0.97307135977335
crypto,NOMUSDT,2025-10-01,2026-05-26,238,0.002103,0.00235145,-10.565821089115236,-1.6376641847234974,low_a,0.04434964991069019,-1.2939801211843476,1.620932400932289,0.9940817195002708
crypto,OKLOUSDT,2026-04-28,2026-06-15,49,60.5,62.090999999999994,-2.5623681370890994,-1.4045144540337118,low_a,-0.0390860669262597,-0.1935940605310827,-0.2751677626032597,0.982856627703938
crypto,OPGUSDT,2026-04-23,2026-06-15,54,0.1615,0.17380500000000002,-7.079773309168324,1.3587986586966139,vertex_out,0.21217941085538117,-3.429785645223842,0.8980308041610705,0.975011660822173
crypto,OPNUSDT,2026-02-22,2026-06-15,114,0.0731,0.13174999999999998,-44.51612903225806,-6.834494219142262,low_a,-0.043114654412145556,-2.477469605911158,-3.19235309212231,0.9996464849376291
crypto,OXYUSDT,2026-03-12,2026-06-15,96,54.65,57.213,-4.479751105517982,-0.4792262800386138,low_a,-0.00027874643804799026,-0.19574886627591595,-39.01372549003258,0.9943660891097059
crypto,PIEVERSEUSDT,2025-11-17,2026-06-15,211,0.70538,0.713948,-1.2000874013233465,-0.5325518393413997,low_a,0.06778516542232291,-1.2924940476406024,1.0593058882655697,0.9958704297812725
crypto,POWERUSDT,2025-12-06,2026-06-15,192,0.07949,0.0773925,2.7102109377523664,0.5953115962279654,low_a,0.04251346247150384,0.05522277124305182,-0.07216377018883118,0.8970403009347507
crypto,PRLUSDT,2026-04-01,2026-06-15,76,0.1847,0.187485,-1.4854521695068956,1.1600615102382195,low_a,0.09112913019156575,-0.8586078788253783,0.5234378690134345,0.9659893178257709
crypto,PROSUSDT,2026-04-29,2026-06-15,48,0.5852,0.60998,-4.062428276336916,-0.4788592219149512,low_a,-0.008438785697688364,-0.25649254328561416,-1.6885824866951014,0.934875095558118
crypto,QQQUSDT,2025-10-28,2026-06-15,231,743.8,725.706,2.4932961833028733,0.12693401914496416,low_r2,0.002368768145656963,-0.033071219804445794,0.7756309930562311,0.28064100308011974
crypto,RAVEUSDT,2025-12-15,2026-06-15,183,0.29578,0.379406,-22.041296131321076,-5.595505282487412,low_a,0.01599992047293975,-2.957299849080592,10.268453292496035,0.9996502114863706
crypto,RDDTUSDT,2025-10-28,2026-06-15,231,181.74,170.651,6.498057438866467,1.6929861152493952,low_a,0.015781012395982775,0.5379637025705096,-1.8938501291993366,0.9941426264538562
crypto,RECALLUSDT,2025-10-15,2026-06-15,244,0.03774,0.0423575,-10.901257156347743,-4.100207161212177,low_a,-0.015362306072272788,-2.2186583814155303,-8.023456790123298,0.997146038919483
crypto,RIVERUSDT,2025-10-17,2026-06-15,242,4.809,5.54155,-13.219225667908796,-3.0884114617489855,low_a,-0.01900958341672946,-1.1736269657695428,-3.429927772163965,0.9986696696448916
crypto,RKLBUSDT,2026-04-09,2026-06-15,68,108.69,119.80250000000001,-9.275682894764303,-2.7778341333571377,low_a,-0.06432435648271327,-0.4052495918144366,-0.3500053081442578,0.9961668582209035
crypto,ROBOUSDT,2026-02-27,2026-06-15,109,0.01934,0.0197325,-1.989104269605979,0.13701758392328234,low_a,0.03461394185179615,-0.4336517432661958,0.6960132890365538,0.8884334789796045
crypto,SENTUSDT,2026-01-22,2026-06-15,145,0.015,0.014610999999999999,2.662377660666615,-0.9792958557825915,low_a,0.02813390258913366,-0.6253731853186444,1.2349141620097768,0.9532792699098337
crypto,SKRUSDT,2026-01-21,2026-06-15,146,0.009265,0.0112147,-17.385217616164482,-4.290609304925552,low_a,-0.023591029691423175,-1.8525896845911543,-4.362745098039173,0.9993934564892997
crypto,SNDKUSDT,2026-04-15,2026-06-15,62,2103.71,1746.3015,20.46659754916318,2.951625217024767,low_a,0.07790354228611607,0.37569815692736824,-0.26792260296253634,0.9953868993923749
crypto,SOXLUSDT,2026-04-09,2026-06-15,68,271.53,223.756,21.35093584082661,2.010289655864139,low_a,0.019276947198580745,0.6211673017381998,-1.7901846275509758,0.9833934293444451
crypto,SOXSUSDT,2026-04-09,2026-06-15,68,3.99,5.8015,-31.224683271567688,-4.131207138725934,low_a,0.03862822888118137,-2.47341026013192,3.557286603564245,0.9965014639372438
crypto,SPACEUSDT,2026-01-23,2026-06-15,144,0.006637,0.00673975,-1.5245372602841423,-1.4202447033356047,low_a,0.088844601513571,-1.7090393668508574,1.0686820569194766,0.9760222850390984
crypto,SPYUSDT,2026-02-11,2026-06-15,125,753.9,746.5040000000001,0.9907515565890979,0.00294715746664842,low_a,-9.62721466543573e-06,-0.04223742824904267,-243.73859658891038,0.8943638265905591
crypto,SQQQUSDT,2026-03-31,2026-06-15,77,36.38,39.977500000000006,-8.998811831655317,-0.4556716176342235,low_r2,-0.012239457439412982,0.057898242065150596,0.262803234501361,0.47266113607456917
crypto,STABLEUSDT,2025-11-06,2026-06-15,222,0.03573,0.03576649999999999,-0.10205080172785985,-0.4758260869565323,low_r2,0.0024614519718567387,-0.04252079050091925,0.9597043395317757,0.13102678785104827
crypto,STXSTOCKUSDT,2026-04-15,2026-06-15,62,1016.48,889.2695,14.305056003832362,1.7118207303417732,low_a,0.02664529562867199,0.3219027386979892,-0.6711685894743042,0.9796781793949751
crypto,TQQQUSDT,2026-03-31,2026-06-15,77,84.45,79.7345,5.914002094450965,0.053330321738687125,low_r2,0.003655305314868783,-0.15146979163831487,2.3021301093840107,0.8140850622502389
crypto,TRADOORUSDT,2026-04-17,2026-06-15,60,0.5178,0.43081499999999995,20.190801155948623,-0.749879051765856,vertex_out,0.12853853835978765,-3.116374685054297,1.3469262149446068,0.9874973687128829
crypto,TRIAUSDT,2026-02-06,2026-06-15,130,0.022554,0.030002149999999998,-24.825387513894825,-5.379723381675571,low_a,-0.021936744863385427,-2.403137496336674,-6.086027782007352,0.9995398510701661
crypto,TRUSTUSDT,2025-11-05,2026-06-15,223,0.05105,0.05569949999999999,-8.347471700823162,-3.5155641012316274,low_a,-0.018951533487894166,-1.4858794784618459,-4.355787882140379,0.9994809810119509
crypto,TSMUSDT,2026-03-02,2026-06-15,106,440.4,425.578,3.4827928135382935,0.4817755216480091,low_a,-0.00355385869756639,0.23479087918442682,3.670359134256063,0.9832627039318894
crypto,UAIUSDT,2025-11-06,2026-06-15,222,0.32713,0.284687,14.908654065693172,2.0237241972477005,low_a,-0.04032521063670433,1.1826495246571647,1.6293219634180736,0.9617110825611028
crypto,UNHUSDT,2025-11-11,2026-06-15,217,411.49,394.8565,4.212543037787153,0.7236884899858298,low_a,0.005926256312446928,0.23261509363706562,-2.1806449259496974,0.9954633670158851
crypto,USARUSDT,2026-05-11,2026-06-15,36,23.06,24.916,-7.44902873655483,-1.6499565800899951,low_a,-0.07095544925733918,0.16773383544141038,0.1313295386181751,0.9738541808324561
crypto,USUSDT,2025-12-12,2026-06-15,186,0.014502,0.0113621,27.634856232562633,6.962579430454219,low_a,-0.0005323798518201627,3.4040846095712842,355.2272141710054,0.9990429333934693
crypto,VRTUSDT,2026-05-13,2026-06-15,34,313.77,308.5865,1.6797559193289402,-0.6149837679068293,low_a,0.02131622097896491,-0.6602173186890777,1.7206961760889035,0.9959274973817427
crypto,WETUSDT,2025-12-10,2026-06-15,188,0.06045,0.0627895,-3.7259414392533774,-2.502290337106572,low_a,0.03322244298896354,-1.95531274589194,3.269732027803368,0.9980822432752486
crypto,WMTUSDT,2026-03-02,2026-06-15,106,120.67,118.227,2.0663638593553024,0.09524656159913825,low_a,0.05155625851896852,-0.6317924148697093,0.6808015091118169,0.9503761381417627
crypto,XAGUSDT,2026-01-07,2026-06-15,160,70.02,70.877,-1.209136955570922,-1.0284373756344944,low_a,0.00972104255214801,-0.7491354402983945,4.281293425974847,0.9966011932265063
crypto,XAUUSDT,2025-12-13,2026-06-15,185,4320.85,4369.538500000001,-1.1142709922340788,-0.5327636316660112,low_a,5.457463891097989e-05,-0.3496937032126654,355.97904711652757,0.993089967100407
crypto,XMRUSDT,2025-11-11,2026-06-15,217,349.02,346.88800000000003,0.6146075966882547,-1.0677861689748713,low_a,0.05254905569977018,-1.1683443188255527,1.2351890409481627,0.9802446622770977
crypto,XOMUSDT,2026-03-12,2026-06-15,96,141.54,148.5205,-4.700024575731976,-0.5500796828755594,low_a,0.003988868099739184,-0.30114769839689887,4.194279497437014,0.991577829756415
crypto,XPDUSDT,2026-01-30,2026-06-15,137,1342.67,1306.9445,2.733513167544599,-0.4357169846967768,low_a,0.03323480168615989,-0.7113701303269871,1.1891318976156686,0.9977851075966188
crypto,XPTUSDT,2026-01-30,2026-06-15,137,1772.92,1826.016,-2.9077510821372887,-1.0836017712705481,low_a,0.0032669414482266097,-0.6342639422220806,10.785894463499513,0.9977731498120891
crypto,YBUSDT,2025-10-11,2026-06-15,248,0.09,0.09404,-4.296044236495112,-2.4936492301311675,low_a,-0.04260989741568465,-1.0932928371878228,-1.4254549914152408,0.9919013807163867
crypto,ZAMAUSDT,2026-02-02,2026-06-15,134,0.03105,0.032575,-4.681504221028387,-0.5464981376320455,low_r2,-0.03632137907321043,0.35892152755329704,0.5489903019343028,0.7902343309783322
crypto,ZBTUSDT,2025-10-17,2026-06-15,242,0.11477,0.121171,-5.282617127860634,-1.8532468268817825,low_a,0.02268773403581937,-1.5432916382870403,3.7790651201180463,0.9927832250322176
crypto,ZECUSDT,2025-10-16,2026-06-15,243,518.79,484.49399999999997,7.078725433132305,-2.314834417057321,low_a,0.0030732045606525664,-1.863808671542772,33.69281938551915,0.9906950277267506
crypto,ZKPUSDT,2025-12-21,2026-06-15,177,0.05752,0.0598,-3.8127090301003252,-2.4485734327335806,low_a,0.02861767003845573,-1.8010875615585187,3.4964558593388495,0.9976680729403511
crypto,龙虾USDT,2026-03-13,2026-06-15,95,0.012319,0.0093416,31.87248437098569,6.298289732706741,vertex_out,0.1319416211682783,1.6938261971726056,-0.7132052385384983,0.9977876107602074
