symbol,combo,tf,ma_len,window,last_date,close,ma,px_vs_ma_pct,ma_slope_last3_pct,verdict,a_pct,b_pct,vertex_pos,r2
0GUSDT,1d_MA20,1d,20,10,2026-06-15,0.3071,0.346815,-11.451350143448236,-4.3677875666956245,low_a,0.026695761814162396,-2.6577673479150623,5.5309806320082195,0.9990859042125391
0GUSDT,1w_MA10,1w,10,10,2026-06-15,0.3071,0.45055999999999996,-31.84037642045454,-9.981619116119255,low_a,-0.2055988940656082,-0.4381261687012414,-0.11838751767729512,0.9856393162352153
0GUSDT,1w_MA20,1w,20,10,2026-06-15,0.3071,0.5097349999999999,-39.75300891639774,-8.324340851048529,low_a,-0.10784941254277952,-2.63704653619545,-1.3583994746942176,0.9967568001952068
1000000MOGUSDT,1d_MA20,1d,20,10,2026-06-15,0.1194,0.11666499999999999,2.344319204560086,-1.5402143640813493,low_a,0.04759274328835676,-1.6732780571656558,1.953236683616442,0.9975892011194506
1000000MOGUSDT,1w_MA10,1w,10,10,2026-06-15,0.1194,0.13705,-12.878511492156141,-2.358221715588471,low_a,-0.100798923245134,-0.09278535640232355,-0.05113885998380592,0.9622683961452742
1000000MOGUSDT,1w_MA20,1w,20,10,2026-06-15,0.1194,0.14523999999999998,-17.791242082071037,-5.715862248044424,low_a,-0.11918517696342819,-2.6818180945589654,-1.25007067101878,0.9832770888852949
1000000MOGUSDT,1M_MA10,1M,10,10,2026-06-01,0.1194,0.25006999999999996,-52.25336905666412,-42.80584589346569,low_a,-0.09900467099354293,-11.011497338096184,-6.178999899472956,0.9666481924018476
1000BONKUSDT,1d_MA20,1d,20,10,2026-06-15,0.004822,0.004832950000000001,-0.22656969345846711,-2.5497035931765777,low_a,0.023305877940110905,-1.781794774896844,4.2473662163575705,0.9985473406187716
1000BONKUSDT,1w_MA10,1w,10,10,2026-06-15,0.004822,0.0057655,-16.364582429971374,-3.0242376330883225,low_r2,-0.23416024359198154,2.0835362075635606,0.4943281991669088,0.7730914702819021
1000BONKUSDT,1w_MA20,1w,20,10,2026-06-15,0.004822,0.00582945,-17.282076353686882,-4.853267611151013,low_a,-0.1422091554605012,-1.3644511543784887,-0.5330377053745348,0.9824120323151517
1000BONKUSDT,1M_MA10,1M,10,10,2026-06-01,0.004822,0.0085468,-43.58122338185052,-30.781129783356953,low_a,-0.22893890698108843,-5.804763125743515,-1.4086152702114685,0.9828501513399311
1000CATUSDT,1d_MA20,1d,20,10,2026-06-15,0.001553,0.0016311,-4.7881797559928945,-1.6343022554577202,low_a,0.011555545333485767,-1.0554369319953585,5.074220507875045,0.9971004751956343
1000CATUSDT,1w_MA10,1w,10,10,2026-06-15,0.001553,0.0018003,-13.736599455646282,-0.7935195900148906,low_a,-0.1496356083939784,2.1534426465337226,0.7995135908440705,0.9215575851284377
1000CATUSDT,1w_MA20,1w,20,10,2026-06-15,0.001553,0.0017496499999999997,-11.239390735289911,-4.023587493143188,low_a,-0.03293532503167595,-2.377589128838301,-4.010535338832201,0.9889557477252618
1000CATUSDT,1M_MA10,1M,10,10,2026-06-01,0.001553,0.0028908,-46.27784696277847,-32.43742258162526,vertex_out,1.1712749441867434,-23.611615283407637,1.1199389273579616,0.9538859632651961
1000RATSUSDT,1d_MA20,1d,20,10,2026-06-15,0.02783,0.030717500000000002,-9.400179051029545,-1.6379006692497255,low_a,-0.0498087730953638,-0.08097486817611246,-0.0903174984645533,0.9645201163598526
1000RATSUSDT,1w_MA10,1w,10,10,2026-06-15,0.02783,0.033184000000000005,-16.134281581485066,-5.879683467112895,low_a,-0.22309185776992294,-0.7867546811611426,-0.1959219571469901,0.9718490491022681
1000RATSUSDT,1w_MA20,1w,20,10,2026-06-15,0.02783,0.0387,-28.087855297157617,-5.838270538571022,low_a,-0.23181581105033688,0.6797009174250196,0.16289295328077613,0.9937539664023372
1000RATSUSDT,1M_MA10,1M,10,10,2026-06-01,0.02783,0.037849999999999995,-26.472919418758245,7.385025675944035,vertex_out,0.4293155109380684,0.22714732707313162,-0.029393990263556366,0.9271330129709987
1000RATSUSDT,1M_MA20,1M,20,10,2026-06-01,0.02783,0.037609000000000004,-26.00175489909331,-18.478779208392925,vertex_out,0.8996412658586592,-17.694968846188665,1.092717577655786,0.982607520092614
1000SATSUSDT,1d_MA20,1d,20,10,2026-06-15,1.002e-05,1.0305e-05,-2.7656477438136817,-2.755496838727922,low_a,0.03897241920176454,-1.9251413651540639,2.744307391091396,0.9994750388554786
1000SATSUSDT,1w_MA10,1w,10,10,2026-06-15,1.002e-05,1.2556000000000001e-05,-20.197515132207712,-1.0637459617051315,low_a,-0.3167256818823283,4.100607619870956,0.7192707995239652,0.9827956446002212
1000SATSUSDT,1w_MA20,1w,20,10,2026-06-15,1.002e-05,1.1759e-05,-14.78867250616549,-3.1144434374227425,low_a,-0.1497373469926989,-0.09798520661275453,-0.03635447467800336,0.9771464135858403
1000SATSUSDT,1M_MA10,1M,10,10,2026-06-01,1.002e-05,1.6123e-05,-37.85275693109224,-24.86602357984995,vertex_out,2.3994486845892506,-38.625881907704866,0.8943230759582459,0.9890114758194745
1000SATSUSDT,1M_MA20,1M,20,10,2026-06-01,1.002e-05,5.90715e-05,-83.03750539600314,-30.634280379757982,vertex_out,0.5461653395117102,-17.20586958821973,1.7501689957926931,0.992075991807797
1000XECUSDT,1d_MA20,1d,20,10,2026-06-15,0.0057,0.005987,-4.793719726073153,-2.1492195799624025,low_a,0.03262559063055041,-1.6866893554686222,2.872130814543981,0.9989583314172348
1000XECUSDT,1w_MA10,1w,10,10,2026-06-15,0.0057,0.006767,-15.76769617260233,-3.2871230527368733,low_r2,-0.13221841052029765,0.9377003309250342,0.3940030940030945,0.57588645252538
1000XECUSDT,1w_MA20,1w,20,10,2026-06-15,0.0057,0.006970499999999999,-18.22681299763287,-5.156813388665893,low_a,-0.06702937324946766,-1.95992353089642,-1.6244317278652376,0.9947479739101246
1000XECUSDT,1M_MA10,1M,10,10,2026-06-01,0.0057,0.009765,-41.62826420890936,-22.284122562674114,vertex_out,0.16641949629700759,-10.301069855230956,3.438789753350745,0.9976320313893552
1000XECUSDT,1M_MA20,1M,20,10,2026-06-01,0.0057,0.0179165,-68.18575056512152,-13.70532703978422,vertex_out,0.22451741198889816,-8.531256123306875,2.1110107644590372,0.9963586395640274
1INCHUSDT,1d_MA20,1d,20,10,2026-06-15,0.0764,0.07681500000000001,-0.5402590639849159,-1.8401380103507559,low_a,0.02623421797273439,-1.4290685825757634,3.0263032469464446,0.9990202949456393
1INCHUSDT,1w_MA10,1w,10,10,2026-06-15,0.0764,0.08762,-12.805295594613108,-3.2678295429454662,low_a,-0.19043512272798585,1.2479296390244408,0.36405797101449416,0.9606257185315139
1INCHUSDT,1w_MA20,1w,20,10,2026-06-15,0.0764,0.08996,-15.073365940417972,-5.165507063040275,low_a,0.0171886752001564,-3.2210845113158784,10.41087445272807,0.9971445391671739
1INCHUSDT,1M_MA10,1M,10,10,2026-06-01,0.0764,0.12894,-40.74763455870948,-20.27946086311364,low_a,-0.004467844032923676,-6.322259253879799,-78.6143434343883,0.9888910720639309
1INCHUSDT,1M_MA20,1M,20,10,2026-06-01,0.0764,0.19689,-61.19660724262279,-8.406215109787851,vertex_out,0.3210426446492673,-8.43714621646242,1.4600251809883447,0.9984238436514536
1MBABYDOGEUSDT,1d_MA20,1d,20,10,2026-06-15,0.000346,0.000358135,-3.388387060745246,-1.3931909855587343,low_a,0.016797304207071782,-1.008309433635268,3.334891722323589,0.9982462553850472
1MBABYDOGEUSDT,1w_MA10,1w,10,10,2026-06-15,0.000346,0.00039596000000000005,-12.617436104657042,-1.7176330420968888,low_r2,-0.180099212827465,1.7907174918179127,0.5523861184018672,0.8456921385401933
1MBABYDOGEUSDT,1w_MA20,1w,20,10,2026-06-15,0.000346,0.0003929,-11.936879613133112,-3.9822089712728714,low_a,-0.032491307487082476,-2.408560909039701,-4.118299623500615,0.9907463886793185
1MBABYDOGEUSDT,1M_MA10,1M,10,10,2026-06-01,0.000346,0.0005947400000000001,-41.82331775229513,-22.45387574157376,vertex_out,0.4322142403193403,-13.58642411326467,1.746359257085403,0.9900208538421663
1MCHEEMSUSDT,1d_MA20,1d,20,10,2026-06-15,0.5625,0.5698049999999999,-1.2820175323136729,-1.4101443884039555,low_a,0.01573167032388846,-1.131879807359895,3.9971732324257925,0.989505600640893
1MCHEEMSUSDT,1w_MA10,1w,10,10,2026-06-15,0.5625,0.59224,-5.021612859651492,5.5103240633518125,low_a,-0.0019524551993952055,2.9980311152516634,85.30658436221273,0.9954035240658015
1MCHEEMSUSDT,1w_MA20,1w,20,10,2026-06-15,0.5625,0.525715,6.9971372321504965,-2.5018313999313757,vertex_out,0.15274778218629137,-4.432258196795594,1.6120467542260855,0.9950803410093343
1MCHEEMSUSDT,1M_MA10,1M,10,10,2026-06-01,0.5625,0.8017199999999999,-29.838347552761558,-13.852832459382803,low_a,-0.7348194560118184,1.4135656881319825,0.10687173083939196,0.9463781488562045
2ZUSDT,1d_MA20,1d,20,10,2026-06-15,0.07043,0.07747699999999999,-9.095602565922768,-3.237207908179207,low_a,-0.025448136625907235,-1.7074468242310754,-3.7275089448064715,0.9911676248818728
2ZUSDT,1w_MA10,1w,10,10,2026-06-15,0.07043,0.085609,-17.730612435608407,-2.548720517257075,low_a,-0.23922652780408132,3.6808337082579476,0.8547996890100633,0.9492932434800748
2ZUSDT,1w_MA20,1w,20,10,2026-06-15,0.07043,0.08119699999999999,-13.260342130866887,-5.0327485380117,low_a,-0.09229873464858086,-0.9143879062476767,-0.5503794642286787,0.9824576452448346
4USDT,1d_MA20,1d,20,10,2026-06-15,0.008897,0.00895665,-0.6659856084585192,-0.00893111320744433,low_r2,0.013664579644230457,-0.46920355559347227,1.9076228378999904,0.8081447476709394
4USDT,1w_MA10,1w,10,10,2026-06-15,0.008897,0.0102197,-12.9426499799407,-8.567364211392725,low_a,-0.6623271383347731,6.19953499644054,0.5200128319961381,0.8740352400096537
4USDT,1w_MA20,1w,20,10,2026-06-15,0.008897,0.010279849999999998,-13.452044533723729,-5.098710782254701,low_a,0.011077445445478885,-4.946080433779582,24.80556078326134,0.9852577541727935
AAOIUSDT,1d_MA20,1d,20,10,2026-06-15,190.76,178.759,6.713508131059132,-0.022651070053347766,low_r2,-0.036757812360458005,0.25974908473986313,0.39258333891746244,0.6748137604932933
AAPLUSDT,1d_MA20,1d,20,10,2026-06-15,296.5,303.8265,-2.411409143047105,-0.5114796398685506,low_a,-0.023726310996462753,0.008385976933751507,0.019635905788308025,0.9790703017972358
AAPLUSDT,1w_MA10,1w,10,10,2026-06-15,296.5,293.249,1.1086141811225136,2.6185760377371636,low_a,0.07905470031291298,0.9218527333520589,-0.6478304330933706,0.9876742320654082
AAPLUSDT,1w_MA20,1w,20,10,2026-06-15,296.5,275.3185,7.693453218726676,1.4782092676957514,low_a,0.06506702030868883,0.019820240678990863,-0.016922927728090828,0.9885766463133381
AAVEUSDT,1d_MA20,1d,20,10,2026-06-15,73.71,71.0935,3.6803645902930393,-2.068324264756516,low_a,0.050341867249151226,-1.9281825474905823,2.1278760302672675,0.9991284690390623
AAVEUSDT,1w_MA10,1w,10,10,2026-06-15,73.71,84.375,-12.640000000000008,-4.71915441425571,low_a,-0.03850272039046491,-2.1254811163240124,-3.066855615466217,0.9940056266027669
AAVEUSDT,1w_MA20,1w,20,10,2026-06-15,73.71,96.0235,-23.23754081032248,-6.338182722648411,low_a,-0.0007302851518503435,-3.516274877539706,-267.4963386737377,0.9969306540617662
AAVEUSDT,1M_MA10,1M,10,10,2026-06-01,73.71,141.355,-47.854692087297934,-22.93958590010576,low_a,-0.4693800787440473,-1.2019784602642107,-0.14226547770086068,0.9794421083479529
AAVEUSDT,1M_MA20,1M,20,10,2026-06-01,73.71,194.0255,-62.01014815062968,-3.584543751459701,low_a,-0.2835689015162063,2.7580179004993965,0.5403385768860626,0.9913558280540353
ACEUSDT,1d_MA20,1d,20,10,2026-06-15,0.0867,0.097415,-10.99933275162963,-2.915088698425361,low_a,0.013945693258002271,-1.6744008139497095,6.670322207773558,0.9989957132585993
ACEUSDT,1w_MA10,1w,10,10,2026-06-15,0.0867,0.1106,-21.609403254972882,-4.374891924606617,low_a,0.0532332000633306,-2.5551188022903792,2.6665886026541914,0.993896060009957
ACEUSDT,1w_MA20,1w,20,10,2026-06-15,0.0867,0.12574999999999997,-31.053677932405556,-9.25491611040955,low_a,-0.08797036655366752,-3.9236878015472105,-2.477910052910015,0.9961843360035995
ACEUSDT,1M_MA10,1M,10,10,2026-06-01,0.0867,0.20274,-57.235868600177575,-29.03496797227765,vertex_out,1.4578997481082996,-27.429060775441847,1.0452273633519906,0.9782372253841515
ACEUSDT,1M_MA20,1M,20,10,2026-06-01,0.0867,0.6526750000000001,-86.71620638143027,-24.301645200387366,vertex_out,1.9459692098210992,-33.371585706311684,0.9527267822775192,0.9898942202790578
ACHUSDT,1d_MA20,1d,20,10,2026-06-15,0.005446,0.00569405,-4.356301753584879,-1.664810161559116,low_a,0.053443860486732025,-1.6711525524531419,1.737183796680779,0.9987799550673852
ACHUSDT,1w_MA10,1w,10,10,2026-06-15,0.005446,0.006507400000000001,-16.310661708209118,-1.6503944624127076,low_r2,-0.15602612810295993,1.3973057370718274,0.49753267255830697,0.5841364582801044
ACHUSDT,1w_MA20,1w,20,10,2026-06-15,0.005446,0.006611349999999999,-17.626505932978876,-5.5892328013994685,low_a,-0.2637321182097424,0.48562549875373706,0.10229771996807549,0.9723925779439749
ACHUSDT,1M_MA10,1M,10,10,2026-06-01,0.005446,0.008809500000000001,-38.18037346046882,-24.841954390724574,vertex_out,0.6072203839342069,-16.807449456976105,1.537740195749754,0.993972406255911
ACHUSDT,1M_MA20,1M,20,10,2026-06-01,0.005446,0.017686300000000002,-69.20780491114591,-7.585673566533679,vertex_out,0.21049380104423346,-6.083428883236378,1.6055972651654893,0.9973481183175205
ACTUSDT,1d_MA20,1d,20,10,2026-06-15,0.01051,0.010759,-2.3143414815503194,-2.021673800200363,low_a,0.04508385597210809,-1.663186860894586,2.049497942386819,0.9986707762602895
ACTUSDT,1w_MA10,1w,10,10,2026-06-15,0.01051,0.012875000000000001,-18.368932038834952,-1.8673780487804659,low_r2,-0.16741784334223025,1.251163625557322,0.4151832858499547,0.8136982121042294
ACTUSDT,1w_MA20,1w,20,10,2026-06-15,0.01051,0.0130675,-19.571455902047052,-5.486040792709391,low_a,0.06829011001916949,-5.219988289991803,4.246579034102952,0.9760195781433191
ACTUSDT,1M_MA10,1M,10,10,2026-06-01,0.01051,0.018604,-43.50677273704579,-22.92011932383162,ma_not_rising,3.337798930828085,-50.747228679672695,0.8446555771124872,0.9912569454839685
ACUUSDT,1d_MA20,1d,20,10,2026-06-15,0.07828,0.0808065,-3.1266049142086305,-0.08037442114959825,low_a,0.050329246041916784,-0.821274956232094,0.906558115719408,0.9885642863685175
ACUUSDT,1w_MA10,1w,10,10,2026-06-15,0.07828,0.088393,-11.440951206543504,-1.159566141115953,low_a,0.012102234751723463,-0.6876100250451125,3.1564878496106354,0.8864660161037671
ACXUSDT,1d_MA20,1d,20,10,2026-06-15,0.04302,0.041846499999999995,2.8042966556343085,0.33327339207573914,low_a,0.008870164804928464,0.0007514621671062077,-0.004706552706819045,0.9564672454036621
ACXUSDT,1w_MA10,1w,10,10,2026-06-15,0.04302,0.043155,-0.31282586027110426,0.1229641315948049,low_a,-0.22282275481674674,3.0438085310394647,0.7589012804626173,0.967076504925421
ACXUSDT,1w_MA20,1w,20,10,2026-06-15,0.04302,0.0408585,5.2902088916626955,0.1041258330066741,low_a,0.044785425528281846,-1.2967130226668466,1.6085503603150446,0.9756667771961213
ADAUSDT,1d_MA20,1d,20,10,2026-06-15,0.1784,0.19238,-7.266867657760678,-3.0757991787792482,low_a,0.03953498568124572,-2.1837962762005936,3.0687254150702565,0.9996524509061201
ADAUSDT,1w_MA10,1w,10,10,2026-06-15,0.1784,0.22816999999999998,-21.812683525441546,-5.209588301275414,low_a,-0.18211000015358794,0.5126326621511674,0.15638675700242932,0.9577224425098187
ADAUSDT,1w_MA20,1w,20,10,2026-06-15,0.1784,0.243685,-26.7907339393069,-5.1274065134025,low_a,-0.05272173708181818,-2.149299523937779,-2.264825396825421,0.9956250687693774
ADAUSDT,1M_MA10,1M,10,10,2026-06-01,0.1784,0.36387,-50.97150081072911,-23.790474594730448,low_a,-0.17860818998594968,-5.54597965072805,-1.7250607635643158,0.9971779210539219
ADAUSDT,1M_MA20,1M,20,10,2026-06-01,0.1784,0.56437,-68.38953169020323,-2.595743946428253,low_a,0.006174409974452118,-1.184838817366545,10.660837070254104,0.9947786787284137
AEROUSDT,1d_MA20,1d,20,10,2026-06-15,0.4274,0.37150000000000005,15.047106325706583,-0.8116623057617178,low_a,0.034900627200244505,-1.3348864136977132,2.124900389068655,0.9898792003867973
AEROUSDT,1w_MA10,1w,10,10,2026-06-15,0.4274,0.42087,1.5515479839380175,3.260709553952612,low_a,-0.21689582797299692,4.624904226018061,1.1846199443709837,0.9962668972883999
AEROUSDT,1w_MA20,1w,20,10,2026-06-15,0.4274,0.37181,14.951184744896606,-0.12490766234639628,low_a,0.01152368538206677,-1.2994923024122267,6.2648375417319215,0.9477654079893512
AEROUSDT,1M_MA10,1M,10,10,2026-06-01,0.4274,0.55027,-22.329038472022834,-16.576461848668156,low_a,-0.1883155155638642,-2.220823880141756,-0.6551722734204434,0.9680321936115918
AEVOUSDT,1d_MA20,1d,20,10,2026-06-15,0.01993,0.021206,-6.017164953315102,-2.2269353128313907,low_a,0.038615290310647477,-1.66261581884951,2.3919940714823715,0.9992638109148505
AEVOUSDT,1w_MA10,1w,10,10,2026-06-15,0.01993,0.024409,-18.349789012249584,-2.6016519691951623,low_r2,-0.2183877481143257,2.316137803390332,0.5892011961367593,0.8167153953721575
AEVOUSDT,1w_MA20,1w,20,10,2026-06-15,0.01993,0.0244035,-18.33138689122462,-4.712910720212394,low_a,-0.07684662494616683,-1.8864214016505891,-1.363770875480926,0.9909891966408296
AEVOUSDT,1M_MA10,1M,10,10,2026-06-01,0.01993,0.039913,-50.066394407837045,-25.705936005063013,vertex_out,1.513076967359615,-27.201011455161932,0.9987378934870738,0.9803344432917088
AGLDUSDT,1d_MA20,1d,20,10,2026-06-15,0.1748,0.198615,-11.990534451073687,-2.6683328432813735,low_a,-0.014081565998637602,-1.3332226797095215,-5.259921137868833,0.9950672290226839
AGLDUSDT,1w_MA10,1w,10,10,2026-06-15,0.1748,0.22826999999999997,-23.424015420335554,-5.041807063521775,low_a,-0.07341090734455209,-0.407259217805296,-0.30820368414876004,0.8640773021734801
AGLDUSDT,1w_MA20,1w,20,10,2026-06-15,0.1748,0.23884,-26.812929157595033,-4.003215434083596,low_a,-0.16469232059245148,0.42542977242424884,0.14350995402748612,0.9838199014865151
AGLDUSDT,1M_MA10,1M,10,10,2026-06-01,0.1748,0.28106,-37.80687397708673,-25.704467353951898,vertex_out,1.3474596241270569,-25.927413529016313,1.0689833201171355,0.9906706369475902
AGLDUSDT,1M_MA20,1M,20,10,2026-06-01,0.1748,0.716915,-75.6177510583542,-9.531260844601219,vertex_out,0.24784500053860314,-6.96154407228966,1.5604609639898623,0.9967782815232018
AIGENSYNUSDT,1d_MA20,1d,20,10,2026-06-04,0.02768,0.031661499999999995,-12.575209639467477,-3.33104343179913,low_a,0.009696627772272912,-0.9799490879615599,5.614489622210506,0.9644274327178193
AINUSDT,1d_MA20,1d,20,10,2026-06-15,0.08782,0.0782115,12.285277740485734,1.3410818059901741,low_r2,0.2463082575127026,-2.2743544604066015,0.5129873714105109,0.7703398873558283
AINUSDT,1w_MA10,1w,10,10,2026-06-15,0.08782,0.081,8.419753086419735,4.958988247184881,low_a,-0.5370181196787404,9.339234861738447,0.9661617777777783,0.9870186153792457
AINUSDT,1w_MA20,1w,20,10,2026-06-15,0.08782,0.0652555,34.57869451617106,7.896890681966617,low_a,0.03574597635071718,2.2632398685183466,-3.517474163172398,0.9869504000792139
AIOUSDT,1d_MA20,1d,20,10,2026-06-15,0.12387,0.11237599999999999,10.228162596995794,2.617581123098889,low_a,0.04946671604885137,1.5199457703536916,-1.7070353245791612,0.9687081596052084
AIOUSDT,1w_MA10,1w,10,10,2026-06-15,0.12387,0.101917,21.5400767291031,5.057158466565648,low_a,0.015562680938944695,1.7172201505997826,-6.130121143782495,0.9445335056604931
AIOUSDT,1w_MA20,1w,20,10,2026-06-15,0.12387,0.0936255,32.30369931268724,-4.434520771664796,low_a,-0.21703830003150823,0.9422634251409281,0.24119230594685526,0.9899502783866037
AIXBTUSDT,1d_MA20,1d,20,10,2026-06-15,0.02354,0.024570500000000002,-4.19405384505811,-2.5173576671295272,low_a,0.08248360857650638,-2.209171237421773,1.4879530312799398,0.9967854478626861
AIXBTUSDT,1w_MA10,1w,10,10,2026-06-15,0.02354,0.027999000000000003,-15.925568770313237,0.8827556388268487,low_a,-0.3806183697946424,5.712458759267872,0.8337979591750997,0.9841371101424095
AIXBTUSDT,1w_MA20,1w,20,10,2026-06-15,0.02354,0.025072499999999998,-6.112274404227735,-1.000947642738692,low_a,-0.08273114674029165,-0.16627613742364789,-0.11165762296515819,0.8926313392097253
AKTUSDT,1d_MA20,1d,20,10,2026-06-15,0.8218,0.6956,18.142610695802187,-1.3291345731023974,low_a,0.027628254129207247,-1.3048317894183692,2.6237870344132093,0.9957269462105618
AKTUSDT,1w_MA10,1w,10,10,2026-06-15,0.8218,0.69244,18.68176304084106,11.824553470495136,low_a,-0.0802220034789051,6.287688669532372,4.354366907429554,0.9909263665972116
AKTUSDT,1w_MA20,1w,20,10,2026-06-15,0.8218,0.54873,49.76400051026915,8.537972367549184,low_a,0.09601506776108809,2.465895126541913,-1.426798698279859,0.9907641947614165
AKTUSDT,1M_MA10,1M,10,10,2026-06-01,0.8218,0.58702,39.99523014548056,-11.324944485566258,vertex_out,1.1981823418611257,-21.721010668329342,1.0071278575452833,0.9959768946898149
ALCHUSDT,1d_MA20,1d,20,10,2026-06-15,0.07441,0.0655555,13.506875853284628,-0.16979609240562743,vertex_out,0.10650825726899603,-1.9273022159958237,1.0052961909111011,0.9968732412764084
ALCHUSDT,1w_MA10,1w,10,10,2026-06-15,0.07441,0.07700599999999999,-3.371165883177918,1.5963903108343391,low_r2,-0.1266213634218244,1.6328486866093554,0.7164179366837129,0.772476752285441
ALCHUSDT,1w_MA20,1w,20,10,2026-06-15,0.07441,0.0759015,-1.9650468040815938,-3.463297063892301,vertex_out,0.20636950590336256,-5.6455072041796415,1.5197947378328283,0.9934781192163674
ALGOUSDT,1d_MA20,1d,20,10,2026-06-15,0.0949,0.10186999999999999,-6.842053597722575,-1.6271546521172353,low_a,0.007117603975237262,-1.153687280951742,9.004959822665015,0.9953196117732207
ALGOUSDT,1w_MA10,1w,10,10,2026-06-15,0.0949,0.10915,-13.055428309665595,-3.1499556344276813,low_a,-0.28018912874875296,4.4995896066136,0.8921730885268501,0.9566654479928914
ALGOUSDT,1w_MA20,1w,20,10,2026-06-15,0.0949,0.10099,-6.030300029705915,-1.3384134427510852,low_a,-0.06886721089982167,0.08192647459639125,0.06609053497943257,0.945113257134853
ALGOUSDT,1M_MA10,1M,10,10,2026-06-01,0.0949,0.12495,-24.049619847939184,-16.844136829495536,vertex_out,0.2991759620041422,-9.576494690777352,1.7783095916429206,0.9914401384663938
ALGOUSDT,1M_MA20,1M,20,10,2026-06-01,0.0949,0.19500499999999998,-51.334581164585515,-0.6672949086926616,vertex_out,0.15253952901870638,-2.6863378426051296,0.97837584930224,0.9881556816109098
ALICEUSDT,1d_MA20,1d,20,10,2026-06-15,0.1074,0.111545,-3.7159890627101233,-1.4010430478210822,low_a,0.03960550313254795,-1.3790792528265412,1.934466374268985,0.9987980975381487
ALICEUSDT,1w_MA10,1w,10,10,2026-06-15,0.1074,0.1309,-17.95263559969442,0.19135093761957211,low_a,-0.16732204849967947,2.469217021956352,0.8198484579411681,0.9510328286717956
ALICEUSDT,1w_MA20,1w,20,10,2026-06-15,0.1074,0.12294000000000001,-12.640312347486592,-2.741189035243863,low_a,0.009901091509983877,-1.9043099337537124,10.685185185186008,0.9939515220952828
ALICEUSDT,1M_MA10,1M,10,10,2026-06-01,0.1074,0.17117,-37.25536016825378,-22.64551699204628,vertex_out,1.100073048821844,-22.187344567407553,1.1204985478600589,0.9927988050626994
ALLOUSDT,1d_MA20,1d,20,10,2026-06-15,0.3641,0.2901155,25.501739824311343,10.710190250315321,low_a,-0.033743633392659116,6.897717902024524,11.356410427213794,0.9996537804334233
ALLOUSDT,1w_MA10,1w,10,10,2026-06-15,0.3641,0.193221,88.43707464509549,36.292842581946694,pass,1.7629145095607028,-9.67676947235375,0.3049485956943061,0.9452263578934346
ALLOUSDT,1w_MA20,1w,20,10,2026-06-15,0.3641,0.1495555,143.4547709713116,23.99976784581648,pass,1.1228700921835222,-6.428952690757879,0.31808135318743774,0.9637131816070873
ALTUSDT,1d_MA20,1d,20,10,2026-06-15,0.006465,0.00645245,0.19449976365566446,-0.8360420172587313,low_a,0.00894710350172207,-1.0037789939349224,6.232799212875756,0.9816047763391271
ALTUSDT,1w_MA10,1w,10,10,2026-06-15,0.006465,0.007051299999999999,-8.314778835108406,0.4945415158338573,low_r2,-0.010179049480358901,0.08308165955615136,0.4534458509142425,0.02504542207810545
ALTUSDT,1w_MA20,1w,20,10,2026-06-15,0.006465,0.0071355,-9.396678578936301,-4.857462865676398,low_a,-0.034064398462459906,-2.8187726356708844,-4.5971303421685334,0.9941897690125925
ALTUSDT,1M_MA10,1M,10,10,2026-06-01,0.006465,0.0112041,-42.2979088012424,-31.878788615760634,vertex_out,1.2872850139469751,-25.06821462175276,1.0818727593411894,0.9735704569109407
ALTUSDT,1M_MA20,1M,20,10,2026-06-01,0.006465,0.03389955,-80.92895038429714,-23.998260232066215,vertex_out,2.265413576967807,-36.936974554233984,0.9058187709144507,0.991573700836246
AMATUSDT,1d_MA20,1d,20,10,2026-06-15,587.87,494.3795,18.91067489651168,2.949080364626444,low_a,0.07669650795790571,0.46891400673213623,-0.33966055098731635,0.9981877608454208
AMDUSDT,1d_MA20,1d,20,10,2026-06-15,547.21,500.716,9.285503159475628,0.8533081426322697,low_a,0.000943274851307933,0.338068399275155,-19.911034107891577,0.9679368270244192
AMZNUSDT,1d_MA20,1d,20,10,2026-06-15,248.65,252.73899999999998,-1.617874566252131,-0.8971599085587312,low_a,-0.011704731226482553,-0.38884623829049003,-1.8456270695938062,0.9955414423140938
AMZNUSDT,1w_MA10,1w,10,10,2026-06-15,248.65,259.403,-4.145287448487489,1.7178910054818974,low_a,-0.09362334879208398,3.089540144783541,1.833315314706557,0.9957049304743139
AMZNUSDT,1w_MA20,1w,20,10,2026-06-15,248.65,234.49650000000003,6.035697760947389,0.22460048467545235,low_a,-0.06342937214468168,1.1696418360492293,1.0244481350771701,0.9924757620675536
ANIMEUSDT,1d_MA20,1d,20,10,2026-06-15,0.003034,0.00336255,-9.770858425897021,-3.5509917248698453,low_a,0.008564502495499081,-1.9484119054032158,12.638808373588596,0.99938911602246
ANIMEUSDT,1w_MA10,1w,10,10,2026-06-15,0.003034,0.0041069,-26.12432735153036,-6.595555959880817,low_a,-0.2526772413474272,0.8783901691358436,0.19312959719146897,0.9684981467776161
ANIMEUSDT,1w_MA20,1w,20,10,2026-06-15,0.003034,0.00446995,-32.124520408505695,-6.3090160240622755,low_a,-0.1380363077433993,-1.5874010542587518,-0.638882254245435,0.9963467905520561
ANKRUSDT,1d_MA20,1d,20,10,2026-06-15,0.004038,0.004133050000000001,-2.299754418649691,-1.5952191045344288,low_a,0.010156128255397552,-0.9837550260051583,5.381288580246196,0.9982064585685655
ANKRUSDT,1w_MA10,1w,10,10,2026-06-15,0.004038,0.0045861,-11.951331196441428,-4.9414447092963165,low_a,-0.3394296144674772,2.829451801198796,0.4631056337847266,0.9441573479320243
ANKRUSDT,1w_MA20,1w,20,10,2026-06-15,0.004038,0.004636650000000001,-12.911261363268755,-3.062835160929489,low_a,-0.011459210580092223,-1.950978145983999,-9.458563835556683,0.9937714901612319
ANKRUSDT,1M_MA10,1M,10,10,2026-06-01,0.004038,0.0064542,-37.43608812866041,-25.921930056124964,vertex_out,0.59666384915033,-16.82132791886763,1.5662390457301125,0.9975224665609598
ANKRUSDT,1M_MA20,1M,20,10,2026-06-01,0.004038,0.014500099999999998,-72.15191619368142,-13.193066269153519,vertex_out,0.4421485143722466,-11.46246461207091,1.4402481719600837,0.9968115316119103
APEUSDT,1d_MA20,1d,20,10,2026-06-15,0.1282,0.13188,-2.790415529269019,-0.5467365483956099,low_a,0.04702287679870904,-0.9419685828545281,1.112896349587003,0.9917406729540381
APEUSDT,1w_MA10,1w,10,10,2026-06-15,0.1282,0.13656,-6.1218512009373,6.938136256852001,low_a,-0.018283843328935134,4.077635411054641,12.389916963226371,0.9959676353579556
APEUSDT,1w_MA20,1w,20,10,2026-06-15,0.1282,0.11818499999999998,8.474002623006328,-2.467505673612558,low_a,0.01695272804109561,-2.606426970135522,8.54148653773273,0.9900322138967804
APEUSDT,1M_MA10,1M,10,10,2026-06-01,0.1282,0.21476,-40.3054572546098,-28.781296634057373,vertex_out,0.34216626419193896,-14.549764341635582,2.3623610092330662,0.9938426537107933
APEUSDT,1M_MA20,1M,20,10,2026-06-01,0.1282,0.492985,-73.99515198231184,-13.160235689939126,vertex_out,0.5130822604468153,-11.498251952035252,1.2450084993326036,0.9951763430270897
API3USDT,1d_MA20,1d,20,10,2026-06-15,0.2743,0.27602,-0.6231432504890999,-1.9066403681788358,low_a,0.03719889886579637,-1.6363498565863215,2.44384452598663,0.9983154855068
API3USDT,1w_MA10,1w,10,10,2026-06-15,0.2743,0.31875,-13.945098039215686,-0.003137156481369807,low_a,-0.1980992517136849,3.1179532087893382,0.8744082635954379,0.9842957224730878
API3USDT,1w_MA20,1w,20,10,2026-06-15,0.2743,0.30212500000000003,-9.209764170459255,-2.916131105398456,low_a,-0.04634609570581105,-1.4442226898501935,-1.731205027277113,0.989612186243855
API3USDT,1M_MA10,1M,10,10,2026-06-01,0.2743,0.4275899999999999,-35.8497626230735,-21.85426832611439,vertex_out,0.28009470371869266,-10.348221569072097,2.052524344977167,0.9903942673684437
API3USDT,1M_MA20,1M,20,10,2026-06-01,0.2743,0.757305,-63.77945477713736,-14.182026278960402,vertex_out,0.616881289340308,-14.159264766276362,1.2751656338773112,0.9982212729935961
APLDUSDT,1d_MA20,1d,20,10,2026-06-15,46.41,44.2885,4.79018255303294,-0.13641795756388353,low_r2,-0.021527647634580628,-0.042845992810369035,-0.1105709724682495,0.7399702707637114
APPUSDT,1d_MA20,1d,20,10,2026-06-15,521.09,552.466,-5.679263520289024,0.23304483187480685,low_a,-0.03175349994501523,0.514194995290811,0.8996296054524132,0.9505002099693386
APPUSDT,1w_MA10,1w,10,10,2026-06-15,521.09,499.887,4.241558592241845,5.143742953776775,vertex_out,0.21987413786241733,-0.20804040805364735,0.05256552935141903,0.9766825307028894
APPUSDT,1w_MA20,1w,20,10,2026-06-15,521.09,459.294,13.45456287258271,0.22071538843400074,pass,0.2234569553687683,-3.3579439124369124,0.8348473166653652,0.9939543244488445
APRUSDT,1d_MA20,1d,20,10,2026-06-15,0.19746,0.2031605,-2.805909613335267,0.6649539066042154,low_a,-0.08881893658550838,1.5391013116688113,0.9626959262648511,0.9898218204839635
APRUSDT,1w_MA10,1w,10,10,2026-06-15,0.19746,0.173112,14.064882850408988,0.652948735093517,low_a,-0.1630981780249259,3.6767706710465227,1.252405390139582,0.96530399667519
APRUSDT,1w_MA20,1w,20,10,2026-06-15,0.19746,0.1530305,29.03310124452314,7.285174461402555,vertex_out,0.1709730740839505,0.3457757242389056,-0.11235548381311013,0.9645794906616275
APTUSDT,1d_MA20,1d,20,10,2026-06-15,0.6788,0.7655200000000001,-11.32824746577491,-3.651821505660535,low_a,-0.0034226970401154346,-1.762630716987303,-28.610165484647812,0.9992990806197396
APTUSDT,1w_MA10,1w,10,10,2026-06-15,0.6788,0.8878499999999999,-23.545643971391563,-3.2758846086805016,low_a,-0.28323046783932326,2.4878990015501543,0.4880005045066025,0.9103743113896565
APTUSDT,1w_MA20,1w,20,10,2026-06-15,0.6788,0.900815,-24.64601499753002,-7.0256015935843745,low_a,-0.08651348728677186,-2.8565431619213273,-1.834359558330136,0.9955132403599195
APTUSDT,1M_MA10,1M,10,10,2026-06-01,0.6788,1.7039300000000002,-60.16268273931442,-28.959404301801516,vertex_out,0.41133442281774324,-15.999702816614567,2.1609481954167906,0.9995463866509104
APTUSDT,1M_MA20,1M,20,10,2026-06-01,0.6788,4.110835,-83.487539636108,-15.54880585409345,vertex_out,0.2888063389686624,-9.148777292765642,1.759883134728553,0.9926152867859279
ARBUSDT,1d_MA20,1d,20,10,2026-06-15,0.0863,0.09027,-4.397917359034009,-2.4371791407727605,low_a,0.04856077701033049,-1.8669605264840758,2.135880758807682,0.9995027768150719
ARBUSDT,1w_MA10,1w,10,10,2026-06-15,0.0863,0.10925,-21.00686498855835,-2.932030208796088,low_a,-0.30544325257253707,3.7496053749668072,0.6819970910010792,0.957024685156303
ARBUSDT,1w_MA20,1w,20,10,2026-06-15,0.0863,0.105065,-17.860372150573454,-5.838860010754621,low_a,-0.0694068350800769,-2.876887359027476,-2.3027570024930366,0.9931973697524913
ARBUSDT,1M_MA10,1M,10,10,2026-06-01,0.0863,0.17593,-50.94639913602001,-28.576648262422864,vertex_out,0.13064046275997993,-10.063562812013886,4.279583913575433,0.9879194959290961
ARBUSDT,1M_MA20,1M,20,10,2026-06-01,0.0863,0.33737,-74.41977650650621,-12.240358977693965,vertex_out,0.7748773857937115,-15.198458795066372,1.0896676524934974,0.9959586400856996
ARCUSDT,1d_MA20,1d,20,10,2026-06-15,0.07711,0.0790605,-2.467097981925248,1.879461869539445,low_a,0.003664775753814951,1.3051996274014739,-19.785955616987078,0.9970650793960586
ARCUSDT,1w_MA10,1w,10,10,2026-06-15,0.07711,0.071516,7.822025840371394,4.428836353547583,vertex_out,0.31067294790443317,0.13083141104634907,-0.02339570205202747,0.9420930479046289
ARCUSDT,1w_MA20,1w,20,10,2026-06-15,0.07711,0.06546500000000001,17.788131062399735,5.326243473923853,low_a,0.015209287913307907,2.244322438809347,-8.1979235743677,0.997888624357502
ARIAUSDT,1d_MA20,1d,20,10,2026-06-15,0.0295,0.034641,-14.840795589041889,-3.5794806134662016,low_a,0.01396529159528947,-1.9023145385093847,7.567628667628156,0.998587894188048
ARIAUSDT,1w_MA10,1w,10,10,2026-06-15,0.0295,0.047782000000000005,-38.26126993428489,-73.31687812723374,low_a,-2.2043476857247284,10.55988585658268,0.26613783713199796,0.9708102835521378
ARIAUSDT,1w_MA20,1w,20,10,2026-06-15,0.0295,0.14812599999999998,-80.0845226361341,-2.5922613567614494,low_a,-0.12665098330255437,0.23339639349013874,0.10237951547547278,0.9894649462256414
ARKMUSDT,1d_MA20,1d,20,10,2026-06-15,0.133,0.130395,1.9977759883430979,-1.3018960753888642,low_a,-0.03882675095023414,-0.07488340621862276,-0.10714749837554574,0.9725517112394909
ARKMUSDT,1w_MA10,1w,10,10,2026-06-15,0.133,0.12904,3.0688158710477476,6.057368291279697,vertex_out,0.12764230709180469,1.0962568385888694,-0.47713927370161063,0.9937054883628257
ARKMUSDT,1w_MA20,1w,20,10,2026-06-15,0.133,0.11722999999999999,13.452188006483002,-1.259212465782289,vertex_out,0.12385985228956714,-3.6071899884784693,1.6179531954862447,0.9921577001661288
ARKMUSDT,1M_MA10,1M,10,10,2026-06-01,0.133,0.1968,-32.41869918699186,-25.833804409270776,vertex_out,0.9344730436961678,-21.1787162845554,1.2591003636532099,0.9911076826902208
ARKMUSDT,1M_MA20,1M,20,10,2026-06-01,0.133,0.532405,-75.01901747729643,-20.957145932463828,vertex_out,0.4586024174286903,-13.681472798082128,1.6573872993895888,0.9968494768893843
ARKUSDT,1d_MA20,1d,20,10,2026-06-15,0.125,0.133305,-6.230073890701782,-2.3656937781521337,low_a,0.02045197091232751,-1.5815174923969535,4.296020334058984,0.9994436908661678
ARKUSDT,1w_MA10,1w,10,10,2026-06-15,0.125,0.15523,-19.474328415898988,-4.895233427276047,low_a,-0.16101857442457873,0.4783705521865977,0.16505016196496392,0.9602243192620182
ARKUSDT,1w_MA20,1w,20,10,2026-06-15,0.125,0.16443,-23.979809037280297,-6.17671393112893,low_a,-0.07894298028303622,-2.2230092287301733,-1.5644267832863976,0.9971057316240718
ARKUSDT,1M_MA10,1M,10,10,2026-06-01,0.125,0.23060999999999998,-45.79593252677681,-20.17100526170036,low_a,-0.21569971549327188,-3.9781557319297063,-1.0246126253271126,0.9947009456235795
ARMUSDT,1d_MA20,1d,20,10,2026-06-15,407.95,362.073,12.670649288955538,2.3830361195038563,low_a,-0.011386818902208131,1.0780040820361072,5.259512440042313,0.9693749856399445
ARMUSDT,1w_MA10,1w,10,10,2026-06-15,407.95,285.452,42.913694771800515,21.6900495794486,vertex_out,0.6979842264940196,2.2432037582799245,-0.17854619959183152,0.9978193530153712
ARMUSDT,1w_MA20,1w,20,10,2026-06-15,407.95,207.706,96.40742202921437,16.28307981704278,vertex_out,0.5374620436878881,0.873778843526824,-0.09031943679545364,0.9983849080375533
ARPAUSDT,1d_MA20,1d,20,10,2026-06-15,0.00865,0.0090505,-4.425169880117119,-2.2729726811359763,low_a,0.04619772105403125,-1.8947673735291704,2.2785724421739286,0.9995614868387322
ARPAUSDT,1w_MA10,1w,10,10,2026-06-15,0.00865,0.009858,-12.254006897950909,-0.9445337620578864,low_r2,-0.04787820528315074,0.8942533138225859,1.0376483279396007,0.7203139734151573
ARPAUSDT,1w_MA20,1w,20,10,2026-06-15,0.00865,0.0097575,-11.350243402510895,-3.170586484072624,low_a,-0.045667368502012105,-0.8457130504374679,-1.0288321814638168,0.9858791733660004
ARPAUSDT,1M_MA10,1M,10,10,2026-06-01,0.00865,0.012483,-30.705759833373392,-16.215853412980742,vertex_out,0.6509397427552068,-14.469635979438126,1.234935605747219,0.9954081703331253
ARPAUSDT,1M_MA20,1M,20,10,2026-06-01,0.00865,0.0223215,-61.24812400600319,-13.474173854055627,vertex_out,0.4675529825999649,-11.519761318602283,1.3688004648446812,0.9963588672404727
ARUSDT,1d_MA20,1d,20,10,2026-06-15,2.049,2.1069999999999998,-2.7527289985761705,-0.21311863604073222,low_a,0.033535418831831296,-0.7041160414919345,1.1664550264549929,0.9724970205578574
ARUSDT,1w_MA10,1w,10,10,2026-06-15,2.049,2.1123000000000003,-2.996733418548514,3.9568876421083976,low_a,0.004255224588387452,2.218390418747219,-28.96296296297898,0.9753937683680046
ARUSDT,1w_MA20,1w,20,10,2026-06-15,2.049,1.9308500000000002,6.1190667322681636,-4.097648198276493,low_a,0.045848622445390515,-3.748334988987482,4.541921253349733,0.9932418185123985
ARUSDT,1M_MA10,1M,10,10,2026-06-01,2.049,2.8614,-28.391696372405118,-23.945458894824966,vertex_out,0.8517494485383797,-18.70746721525754,1.220198892954309,0.9849314612065612
ARUSDT,1M_MA20,1M,20,10,2026-06-01,2.049,6.6316999999999995,-69.10294494624306,-20.377240692048183,vertex_out,0.4479921681005628,-15.524502613506485,1.9251951905182056,0.9958699571583745
ASMLUSDT,1d_MA20,1d,20,10,2026-06-15,1891.39,1724.327,9.688591549050729,1.4580952795629099,low_a,0.004833541214805558,0.6359441666440924,-7.309388688361191,0.9983520923321813
ASMLUSDT,1w_MA10,1w,10,10,2026-06-15,1891.39,1614.193,17.172481853161315,6.575812956062199,vertex_out,0.23014857171560116,-0.25470398472057854,0.061482985829045975,0.9977240602545056
ASMLUSDT,1w_MA20,1w,20,10,2026-06-15,1891.39,1495.1625,26.500631202294088,3.3390434332756236,low_a,-0.0018677970685501543,1.5111775174155506,44.94830189890717,0.997906376858389
ASRUSDT,1d_MA20,1d,20,10,2026-06-15,1.173,0.9928999999999999,18.13878537617084,0.9506379950180444,low_a,0.08057701112247433,-1.125872490533852,0.7762570344195762,0.9716632718036173
ASRUSDT,1w_MA10,1w,10,10,2026-06-15,1.173,1.1671,0.5055265187216218,-1.5437826893875517,low_a,-0.03050809375127996,-1.048871329309078,-1.9100055834729153,0.9766202811160297
ASRUSDT,1w_MA20,1w,20,10,2026-06-15,1.173,1.2374500000000002,-5.208291244090679,-2.8422251010874144,low_a,-0.08991345762435096,-0.811639959154993,-0.5014945485728065,0.9864139972765248
ASTERUSDT,1d_MA20,1d,20,10,2026-06-15,0.6482,0.6567550000000001,-1.3026166530898275,-0.6925385772717174,low_a,-0.008616062040180322,-0.3081965391772933,-1.9872222222225002,0.9912856126537117
ASTERUSDT,1w_MA10,1w,10,10,2026-06-15,0.6482,0.66991,-3.2407338299174526,-0.6230437169007952,low_r2,0.029333253959016037,-0.44045449337635256,0.834196373530625,0.7124325198128726
ASTERUSDT,1w_MA20,1w,20,10,2026-06-15,0.6482,0.6754249999999999,-4.030795425102706,1.068406443358727,pass,0.12438348218211424,-1.5302362788124362,0.6834760139310152,0.9510098086439686
ASTRUSDT,1d_MA20,1d,20,10,2026-06-15,0.0059,0.00636,-7.232704402515733,-2.7299839412709304,low_a,0.03253631877020076,-1.8365346399072817,3.135871114912907,0.9992040076660066
ASTRUSDT,1w_MA10,1w,10,10,2026-06-15,0.0059,0.007471,-21.02797483603266,-3.686992393966737,low_a,-0.2966162884968407,2.724798554031169,0.5103485658636997,0.9106331355309278
ASTRUSDT,1w_MA20,1w,20,10,2026-06-15,0.0059,0.007486,-21.186214266631044,-4.545744341727776,low_a,-0.09731790478883713,-1.059437787242564,-0.6047978013349131,0.9872910310429598
ASTRUSDT,1M_MA10,1M,10,10,2026-06-01,0.0059,0.01048,-43.702290076335885,-24.261039242610384,vertex_out,0.827766794180384,-19.260369750782818,1.292659417160652,0.9964604751933642
ASTRUSDT,1M_MA20,1M,20,10,2026-06-01,0.0059,0.024493499999999998,-75.91197664686548,-17.99005574807896,vertex_out,0.6556728230145499,-15.55723332326789,1.3181738053559227,0.9961867667921771
ATAUSDT,1d_MA20,1d,20,10,2026-05-17,0.00539,0.0093475,-42.33752340197914,-4.314668850445291,low_a,-0.21930661187577927,1.0244867971704752,0.25952675429765937,0.9846925544972669
ATAUSDT,1w_MA10,1w,10,10,2026-05-11,0.00539,0.009430000000000001,-42.84199363732768,-5.794205794205787,vertex_out,0.48626484208945925,-8.349143705320984,0.9538861887879259,0.9837041871522458
ATAUSDT,1w_MA20,1w,20,10,2026-05-11,0.00539,0.0119385,-54.851949574904715,-6.610083310517467,vertex_out,0.2777922246574533,-6.585849403670027,1.3171013799154434,0.9972960786457051
ATAUSDT,1M_MA10,1M,10,10,2026-05-01,0.00539,0.019548,-72.426846736239,-27.452217480051956,vertex_out,1.382920321412124,-26.895713718449038,1.0804717340228636,0.9896540229030913
ATHUSDT,1d_MA20,1d,20,10,2026-06-15,0.004957,0.00504005,-1.6478011130842019,-2.9733371835595213,low_a,-0.006673355988289973,-1.4679520516641367,-12.220671563486661,0.9981772327846599
ATHUSDT,1w_MA10,1w,10,10,2026-06-15,0.004957,0.0056839,-12.78875420046096,-4.549271176193981,low_a,-0.3288660194972514,1.9489030672006094,0.3292294922648918,0.9443085940341005
ATHUSDT,1w_MA20,1w,20,10,2026-06-15,0.004957,0.0059602,-16.83164994463273,-4.525285533503132,low_a,0.06782780519878837,-3.636780207378195,2.978768725631024,0.9931272417470174
ATHUSDT,1M_MA10,1M,10,10,2026-06-01,0.004957,0.0134823,-63.23327622141623,-28.186704023095643,vertex_out,0.19498273909642666,-13.00764875213708,3.7062108997203427,0.9980351398402163
ATOMUSDT,1d_MA20,1d,20,10,2026-06-15,1.9646,1.888945,4.005145729494486,-1.0015434565565307,low_a,0.03131380523120921,-0.747673524485314,1.3264889948783103,0.9833465433988396
ATOMUSDT,1w_MA10,1w,10,10,2026-06-15,1.9646,1.9360199999999999,1.4762244191692364,2.937079296887446,vertex_out,0.12788806107086498,-0.4146750765489434,0.1801380368098129,0.908126465003295
ATOMUSDT,1w_MA20,1w,20,10,2026-06-15,1.9646,1.8950400000000003,3.6706349206349076,-0.45098167969004344,low_a,-0.06208052292001987,-0.13184617240473462,-0.11798849319061512,0.9312755515740749
ATOMUSDT,1M_MA10,1M,10,10,2026-06-01,1.9646,2.26757,-13.360998778428012,-17.307762437185016,vertex_out,0.22247060774090635,-9.76341565065022,2.438128731249669,0.998695924731595
ATOMUSDT,1M_MA20,1M,20,10,2026-06-01,1.9646,3.7034850000000006,-46.95266755501913,-6.368651384566371,vertex_out,0.5304525934185187,-10.437548128354479,1.093149118513365,0.9988066734020014
ATUSDT,1d_MA20,1d,20,10,2026-06-15,0.1294,0.12623,2.5112889170561425,1.2472428313615502,low_a,0.0638795906210663,-0.2232994964705806,0.19420173894489254,0.892886685702753
ATUSDT,1w_MA10,1w,10,10,2026-06-15,0.1294,0.14811000000000002,-12.632502869488915,-1.8619135966074563,low_a,-0.18309651761852958,1.2894438041880065,0.3912459277274865,0.8679328188604998
ATUSDT,1w_MA20,1w,20,10,2026-06-15,0.1294,0.150165,-13.828122398694775,-1.430962617742637,low_r2,-0.25270208749755263,2.0991735715811415,0.4614950162525251,0.7540262362833877
AUCTIONUSDT,1d_MA20,1d,20,10,2026-06-15,3.866,4.06045,-4.788878080015769,-1.8622356495468284,low_a,0.005831155864002504,-1.1162327948407869,10.634758269717166,0.9981064005389667
AUCTIONUSDT,1w_MA10,1w,10,10,2026-06-15,3.866,4.491899999999999,-13.933970034951793,-3.3958449825799097,low_a,-0.1295537150730673,0.7106256985969944,0.30473233017937645,0.9005723474267721
AUCTIONUSDT,1w_MA20,1w,20,10,2026-06-15,3.866,4.62235,-16.362889006674088,-4.423836403862447,low_a,-0.16151621384018772,0.5422965316061192,0.18652978777126733,0.9560557846472277
AUSDT,1d_MA20,1d,20,10,2026-06-15,0.07352,0.0703555,4.497871523903596,-0.6916459055268054,low_a,0.0722301343774605,-1.4093445258559538,1.0839924192019943,0.9966675214333968
AUSDT,1w_MA10,1w,10,10,2026-06-15,0.07352,0.080178,-8.304023547606576,-0.9157305453601827,low_a,-0.17438154631621278,1.7948390988511036,0.5718109821591547,0.8701833426724088
AUSDT,1w_MA20,1w,20,10,2026-06-15,0.07352,0.07951250000000001,-7.536550856783542,-3.2418027051529186,vertex_out,0.15228864486137011,-5.276569418897357,1.9249153195968642,0.9914765645860909
AVAUSDT,1d_MA20,1d,20,10,2026-06-15,0.1969,0.19841,-0.7610503502847643,-1.6969306611836266,low_a,0.04386988877647883,-1.6199887416967695,2.0515067862894436,0.9966713522752524
AVAUSDT,1w_MA10,1w,10,10,2026-06-15,0.1969,0.2305,-14.577006507592195,-0.4104558219917953,low_a,-0.28549038010195615,4.149528371871206,0.8074855408806303,0.9840629761805603
AVAUSDT,1w_MA20,1w,20,10,2026-06-15,0.1969,0.21549000000000001,-8.62685043389485,-4.141459074733078,low_a,-0.20266682136705444,0.24605745294810416,0.0674499082035688,0.9802684684953286
AVAXUSDT,1d_MA20,1d,20,10,2026-06-15,6.836,7.5524000000000004,-9.485726391610616,-3.0904949796297876,low_a,0.003469717997728831,-1.6427723569706394,26.303328109821198,0.9993177376840288
AVAXUSDT,1w_MA10,1w,10,10,2026-06-15,6.836,8.5554,-20.09724852140169,-4.960063986491747,low_a,-0.23719068896360715,1.6398319484886288,0.38408664064386167,0.9420102588371215
AVAXUSDT,1w_MA20,1w,20,10,2026-06-15,6.836,8.81225,-22.426168118244494,-4.221961372504268,low_a,-0.07038707451559711,-1.5086296304509579,-1.1907407407407353,0.994682617079377
AVAXUSDT,1M_MA10,1M,10,10,2026-06-01,6.836,12.726600000000001,-46.285732245847285,-19.09448068047449,vertex_out,0.12136185974768593,-7.786267148687143,3.564302640455654,0.9912033608645676
AVAXUSDT,1M_MA20,1M,20,10,2026-06-01,6.836,19.4441,-64.84280578684536,-8.665977734980501,vertex_out,0.22617986513582636,-6.5604604801775155,1.6114167654033034,0.9966793022655412
AVGOUSDT,1d_MA20,1d,20,10,2026-06-15,395.18,412.5505,-4.210514833941536,-0.7489231072730695,low_a,-0.006084707217574412,-0.34484669037153587,-3.1485737571318126,0.9963637228512352
AVNTUSDT,1d_MA20,1d,20,10,2026-06-15,0.11171,0.11925450000000001,-6.326386006398089,-3.0849122921077,low_a,0.004678104873704547,-1.6549469879930878,19.653578065286453,0.9982112005993353
AVNTUSDT,1w_MA10,1w,10,10,2026-06-15,0.11171,0.13714900000000002,-18.54844001779088,-2.492623795812454,low_a,0.028920586300345396,-1.2713590733494897,2.4422416232164585,0.947295443246453
AVNTUSDT,1w_MA20,1w,20,10,2026-06-15,0.11171,0.147708,-24.37105640858992,-9.995612752266725,low_a,-0.10295714421066529,-3.6057156454416774,-1.9456399785914047,0.9948614064966982
AWEUSDT,1d_MA20,1d,20,10,2026-06-15,0.053634,0.053504750000000004,0.24156733747937587,0.17449409350600575,low_a,0.0015759415741823915,0.25733440847394123,-9.071628200269485,0.9694930073679262
AWEUSDT,1w_MA10,1w,10,10,2026-06-15,0.053634,0.0535477,0.161164718559359,1.474907806418102,low_r2,0.19034600120421208,-1.5816502807877462,0.4616301865437836,0.48486101514787905
AWEUSDT,1w_MA20,1w,20,10,2026-06-15,0.053634,0.055400450000000004,-3.188512006671429,-0.003519703117538242,low_r2,0.002723043870740702,-0.1730037819564364,3.5296240810059456,0.7944082127513487
AXLUSDT,1d_MA20,1d,20,10,2026-06-15,0.04596,0.0475045,-3.251270932227468,-2.352566342576412,low_a,0.04678753669384503,-1.8945871175686777,2.249634139827946,0.9974676266059035
AXLUSDT,1w_MA10,1w,10,10,2026-06-15,0.04596,0.056394999999999994,-18.503413423175807,0.9198117428105945,low_a,-0.18565204004412217,2.8023232685814095,0.8385828994677378,0.9219870134547044
AXLUSDT,1w_MA20,1w,20,10,2026-06-15,0.04596,0.05391749999999999,-14.758659062456514,-4.51587196174793,low_a,0.09687800750111882,-3.0602073952249635,1.754903164735082,0.9634201239283495
AXLUSDT,1M_MA10,1M,10,10,2026-06-01,0.04596,0.096864,-52.552031714568884,-35.935660524610114,vertex_out,0.5350916014810754,-18.77423900442219,1.9492237873599727,0.9987928841701901
AXSUSDT,1d_MA20,1d,20,10,2026-06-15,1.001,1.0329000000000002,-3.0883919062833054,-1.5019310542125353,low_a,0.035741495595509445,-1.3876267014953063,2.1568871425453278,0.9982689387664263
AXSUSDT,1w_MA10,1w,10,10,2026-06-15,1.001,1.1633999999999998,-13.959085439229835,-1.6734279918864114,low_r2,-0.12497387316929984,1.0383448496054082,0.4615830774479742,0.8318682949632629
AXSUSDT,1w_MA20,1w,20,10,2026-06-15,1.001,1.1785,-15.061518879932134,-7.04736364711912,low_a,-0.43455952133771353,3.80191719531884,0.486049923177295,0.8959325188970022
AXSUSDT,1M_MA10,1M,10,10,2026-06-01,1.001,1.3205,-24.195380537675128,-16.48219593953576,vertex_out,1.1068484295520826,-19.394120459609272,0.9734405433280333,0.9786688794254275
AXSUSDT,1M_MA20,1M,20,10,2026-06-01,1.001,2.5878,-61.31849447407065,-12.824658918645781,vertex_out,0.5106315832185624,-11.9855834413086,1.3040042344078049,0.9972092443358885
AXTIUSDT,1d_MA20,1d,20,10,2026-06-15,111.19,99.28450000000001,11.991297735296037,-3.0784474511411863,low_a,-0.050544901011341556,-1.2463020140798609,-1.369851347946616,0.9926834041462151
AZTECUSDT,1d_MA20,1d,20,10,2026-06-15,0.01675,0.018931499999999997,-11.523122837598688,-3.8717375850512936,low_a,-0.030892525352019345,-1.0678367024094497,-1.9203435319376243,0.994249785126512
B2USDT,1d_MA20,1d,20,10,2026-06-15,0.4453,0.472295,-5.715707343927001,-0.9842973647246178,low_a,0.03792786120798227,-1.8873194093924244,2.764486975013298,0.9797984295323178
B2USDT,1w_MA10,1w,10,10,2026-06-15,0.4453,0.5531499999999999,-19.497423845249926,-7.600434310532044,low_a,-0.2655364560505737,-0.12277644719676163,-0.025687296707214934,0.9909135800235431
B2USDT,1w_MA20,1w,20,10,2026-06-15,0.4453,0.627105,-28.991157780594968,-6.293847360753102,low_a,-0.1537945804756591,-0.2310245980555047,-0.08345352516504193,0.9957615993640702
BABAUSDT,1d_MA20,1d,20,10,2026-06-15,113.21,121.375,-6.727085478887751,-1.3568261888991406,low_a,-0.0051611550438986865,-0.5923391141178158,-6.376039526462801,0.9997117341313497
BABAUSDT,1w_MA10,1w,10,10,2026-06-15,113.21,128.668,-12.013865141293877,-1.4974277315041529,low_r2,0.05464004346211912,-0.8882014069477608,0.9030835168061047,0.8131235971281875
BABAUSDT,1w_MA20,1w,20,10,2026-06-15,113.21,133.12099999999998,-14.957069132593649,-4.13086844739553,low_a,-0.10028688827160993,-0.14031405911038303,-0.07772925893383342,0.9912898510099771
BABYUSDT,1d_MA20,1d,20,10,2026-06-15,0.0195,0.0152125,28.184059161873453,1.8682827200589447,low_r2,0.01994422814037566,-0.36244510838561916,1.0096073517126019,0.4451852063129742
BABYUSDT,1w_MA10,1w,10,10,2026-06-15,0.0195,0.017255,13.01072152999132,6.676970633693946,low_a,-0.08787878787878745,3.7220963735717816,2.353049431568379,0.9835847296375988
BABYUSDT,1w_MA20,1w,20,10,2026-06-15,0.0195,0.0151565,28.657671626035032,1.1006236867558306,low_r2,-0.022232624972123874,0.12454523834975668,0.31121740761585065,0.15269935553575265
BANANAS31USDT,1d_MA20,1d,20,10,2026-06-15,0.010353,0.01013665,2.1343343214967447,-1.4558057240628308,low_a,-0.08086038263743249,-0.3152498691446615,-0.21659409772617383,0.9646770607181043
BANANAS31USDT,1w_MA10,1w,10,10,2026-06-15,0.010353,0.0105196,-1.5837104072398245,-0.3353860729512048,low_a,-0.6528736498205473,7.55880740937907,0.6432082916517299,0.9336659320163175
BANANAS31USDT,1w_MA20,1w,20,10,2026-06-15,0.010353,0.0093909,10.245024438552196,7.334384858044163,low_a,-0.05098306139057346,4.911779228686679,5.352299692744231,0.9993990024629432
BANANAUSDT,1d_MA20,1d,20,10,2026-06-15,3.031,3.2124499999999996,-5.6483369390963105,-2.1921478481937595,low_a,0.019252872334856876,-1.502566737947392,4.335764993093264,0.9979844260318805
BANANAUSDT,1w_MA10,1w,10,10,2026-06-15,3.031,3.6078,-15.98758246022507,-1.5069615069615128,low_a,0.0502544229387803,-1.1916669088811642,1.317370955402547,0.9399105238304057
BANANAUSDT,1w_MA20,1w,20,10,2026-06-15,3.031,3.7923500000000003,-20.07594235764104,-6.057866184448457,low_a,-0.00027393213583156844,-3.688359664364528,-748.0278632532011,0.9959019424156436
BANANAUSDT,1M_MA10,1M,10,10,2026-06-01,3.031,6.649300000000001,-54.41625434256239,-35.211583244828546,vertex_out,0.2738440703890205,-14.642970630852739,2.9706627104434253,0.9936305833070711
BANDUSDT,1d_MA20,1d,20,10,2026-06-15,0.172,0.182215,-5.606014872540676,-1.595830858130376,low_a,0.0029470527719964662,-1.023806132992028,19.300000000008588,0.9950223867961235
BANDUSDT,1w_MA10,1w,10,10,2026-06-15,0.172,0.20263,-15.11622168484431,-2.9967925702522935,low_a,-0.14321093150403136,0.816899321492365,0.3168982644120794,0.8998799938422557
BANDUSDT,1w_MA20,1w,20,10,2026-06-15,0.172,0.20953499999999997,-17.913475075762996,-4.265088865536626,low_a,-0.00859395236109708,-2.5381303475487464,-16.407729017534994,0.9958310655589416
BANDUSDT,1M_MA10,1M,10,10,2026-06-01,0.172,0.31337000000000004,-45.11280594824011,-25.10993212885957,vertex_out,0.4465399318950486,-14.10366323103226,1.7546848337689438,0.9965580266133534
BANDUSDT,1M_MA20,1M,20,10,2026-06-01,0.172,0.6378,-73.03229852618375,-13.385933701807517,vertex_out,0.29511320098511473,-9.483134290305385,1.7852159515305048,0.9988128074985103
BANKUSDT,1d_MA20,1d,20,10,2026-06-15,0.04088,0.0367295,11.300181053376711,1.78324003768775,low_a,0.005014432235662733,0.4976246221047598,-5.5132487667369,0.969086488946748
BANKUSDT,1w_MA10,1w,10,10,2026-06-15,0.04088,0.037475,9.086057371581058,4.358117516012272,low_r2,0.19045293139752467,-1.737761365023496,0.5069089635346807,0.7774771852403315
BANKUSDT,1w_MA20,1w,20,10,2026-06-15,0.04088,0.0373285,9.514178174852983,-2.01979106514778,low_a,-0.0018227133640198877,-1.0992160611351929,-33.50365458300818,0.989934838800223
BANUSDT,1d_MA20,1d,20,10,2026-06-15,0.0755,0.072142,4.654708768817062,-2.405303030303052,low_a,-0.10530129759506422,0.13914665964534648,0.07341191568240818,0.9892512351192402
BANUSDT,1w_MA10,1w,10,10,2026-06-15,0.0755,0.076599,-1.4347445789109514,2.477691412364358,pass,0.617537811710297,-7.555117726554145,0.6796810731700541,0.9408407584390617
BANUSDT,1w_MA20,1w,20,10,2026-06-15,0.0755,0.083545,-9.629540965946493,0.14144102029318706,low_r2,-0.03548372159304862,0.31552725807452764,0.4940094028549018,0.27435336001863364
BANUSDT,1M_MA10,1M,10,10,2026-06-01,0.0755,0.074545,1.2811053725937382,-2.079392601933583,low_a,-0.2903254870334155,5.250518085291973,1.0047187112763345,0.9470267744663522
BARDUSDT,1d_MA20,1d,20,10,2026-06-15,0.168,0.17129500000000003,-1.9235821244052764,-2.6235006537433825,low_a,0.04495236159605657,-2.1428114534753058,2.6482497586749987,0.9986802519007583
BARDUSDT,1w_MA10,1w,10,10,2026-06-15,0.168,0.22986999999999996,-26.915212946447976,-11.523805858127101,vertex_out,1.0231450345662207,-21.862850521804145,1.1871267178478246,0.9816786879225008
BARDUSDT,1w_MA20,1w,20,10,2026-06-15,0.168,0.46308999999999995,-63.72195469563151,-10.57190031573766,low_a,-0.03978753775550567,-4.461531897302757,-6.229661275010367,0.9994752592299894
BASEDUSDT,1d_MA20,1d,20,10,2026-06-15,0.07869,0.068889,14.227235117362703,1.403537178647385,low_r2,0.09839496695251257,-1.119476585308197,0.6320764725521871,0.8332469321269865
BASUSDT,1d_MA20,1d,20,10,2026-06-15,0.033206,0.029722500000000002,11.720077382454352,2.7205524048480534,low_a,-0.044050105618748406,2.3843867051364063,3.0071648229318693,0.9989908077975436
BASUSDT,1w_MA10,1w,10,10,2026-06-15,0.033206,0.023235,42.91370776845278,28.709361134038303,vertex_out,0.6886910649692041,6.1392417458704385,-0.49524235645041004,0.997973828954564
BASUSDT,1w_MA20,1w,20,10,2026-06-15,0.033206,0.015096599999999998,119.95681146748277,23.782192668148006,vertex_out,0.6852265850171849,3.7577472670255214,-0.304663802633603,0.9993889428979637
BATUSDT,1d_MA20,1d,20,10,2026-06-15,0.0917,0.098395,-6.804207530870466,-0.6813364287877377,low_a,-0.010517681812129843,-0.28670141285001466,-1.5143884892083315,0.9905639488827683
BATUSDT,1w_MA10,1w,10,10,2026-06-15,0.0917,0.10027,-8.546923307070909,-0.6834389857369394,low_r2,0.06365640572474983,-0.4140285508659058,0.361339693897827,0.3029272150862301
BATUSDT,1w_MA20,1w,20,10,2026-06-15,0.0917,0.10186999999999999,-9.983312064395788,-5.003030726908209,vertex_out,0.19343921362419245,-6.06082997738068,1.7406645230439353,0.9981662986578069
BATUSDT,1M_MA10,1M,10,10,2026-06-01,0.0917,0.14177,-35.31776821612471,-6.40390836469269,low_a,-0.30360321281572045,1.5801397510142006,0.2891456282983895,0.8676998362996575
BATUSDT,1M_MA20,1M,20,10,2026-06-01,0.0917,0.16062500000000002,-42.91050583657587,-3.8835532417795915,low_a,0.012484325827643231,-2.339622363109964,10.411376790965491,0.9932699467492581
BAUSDT,1d_MA20,1d,20,10,2026-06-15,228.55,220.22599999999997,3.7797535259233905,0.21866204313625293,low_a,0.017275712769218226,-0.20238750918383167,0.6508414825145117,0.8610269026073082
BBUSDT,1d_MA20,1d,20,10,2026-06-15,0.02292,0.0236105,-2.924546282374363,-2.9273306609106875,low_a,0.016193654195112376,-1.8533756297292345,6.358374183006365,0.9960579825884986
BBUSDT,1w_MA10,1w,10,10,2026-06-15,0.02292,0.027087,-15.38376342895116,-0.9688505410938797,low_a,-0.16304996835204283,2.2949733557820253,0.7819597946218839,0.8758607458371308
BBUSDT,1w_MA20,1w,20,10,2026-06-15,0.02292,0.026754,-14.330567391791881,-6.86323997841638,low_a,0.09225287637173764,-5.710263292140747,3.4387746164688986,0.9928782452084726
BBUSDT,1M_MA10,1M,10,10,2026-06-01,0.02292,0.058760999999999994,-60.9945371930362,-23.79884066240453,vertex_out,0.9275724413212111,-19.198824989045175,1.1498847321951986,0.9812294862963112
BCHUSDT,1d_MA20,1d,20,10,2026-06-15,224.27,245.32200000000003,-8.581374683069608,-5.024757937445057,low_a,0.04695402724677545,-3.22213847972291,3.8124034042305226,0.9992347592213833
BCHUSDT,1w_MA10,1w,10,10,2026-06-15,224.27,351.52,-36.19993172507965,-10.541504853133532,low_a,-0.31653869833986337,-0.062073575611701064,-0.010894503567855058,0.9841362761067116
BCHUSDT,1w_MA20,1w,20,10,2026-06-15,224.27,414.34,-45.87295457836559,-7.29985144350378,low_a,-0.19769588917026484,-0.9071620325270927,-0.2549263462557109,0.9967549851504921
BCHUSDT,1M_MA10,1M,10,10,2026-06-01,224.27,463.26200000000006,-51.58894966563198,-11.100919191725323,low_a,-0.6628129901793232,7.0486318974076685,0.5908011260629462,0.8793643571103669
BCHUSDT,1M_MA20,1M,20,10,2026-06-01,224.27,451.3815000000001,-50.31475592154309,-1.8358150853697852,low_r2,-0.07260508165491221,1.2078741524854808,0.9242344757832343,0.8316501501495803
BEAMUSDT,1d_MA20,1d,20,10,2026-06-15,0.001491,0.00154785,-3.6728365151662,-2.062703660349907,low_a,-0.024504631945311297,-0.8837042499568374,-2.003485735379567,0.99493256106636
BEAMUSDT,1w_MA10,1w,10,10,2026-06-15,0.001491,0.0017742,-15.962123774095371,-3.607519287188954,low_a,-0.061648136694766195,-0.12651038955905414,-0.11400758161275783,0.8939012619178613
BEAMUSDT,1w_MA20,1w,20,10,2026-06-15,0.001491,0.0018733,-20.407836438370797,-5.980074782303202,low_a,-0.0743961275049707,-2.1041465461560582,-1.5712784288966235,0.9972426369088669
BEAMUSDT,1M_MA10,1M,10,10,2026-06-01,0.001491,0.0030522,-51.149990171024186,-26.278923723491598,vertex_out,1.0499492685974428,-21.008347459110578,1.1116064835724146,0.9707753229226844
BEATUSDT,1d_MA20,1d,20,10,2026-06-15,3.9877,3.328391,19.8086402709297,12.696849260615405,vertex_out,0.2020301702719717,10.264377852614045,-2.822564636095964,0.9904676119022982
BEATUSDT,1w_MA10,1w,10,10,2026-06-15,3.9877,1.793485,122.34364937537809,95.17674879720713,vertex_out,3.7963174084297044,-16.198838459002793,0.2370548542506739,0.9596564808573449
BEATUSDT,1w_MA20,1w,20,10,2026-06-15,3.9877,1.0757780000000001,270.6805679238653,72.58936671819217,pass,3.853248271938111,-31.25913327746045,0.4506894943836524,0.9332605005351698
BELUSDT,1d_MA20,1d,20,10,2026-05-26,0.1,0.11008,-9.156976744186041,-0.8957911321179512,low_a,-0.02828920625420398,0.11794370573836603,0.23162290372152639,0.8716085176275834
BELUSDT,1w_MA10,1w,10,10,2026-05-25,0.1,0.10275000000000001,-2.676399026763987,0.7451710952054214,low_r2,0.15559993343318257,-1.02217885293271,0.3649597580078844,0.7290756385941818
BELUSDT,1w_MA20,1w,20,10,2026-05-25,0.1,0.1045,-4.306220095693769,-3.4597440990346118,vertex_out,0.10677787334091864,-2.424625764284223,1.2615107150434712,0.973931523313476
BELUSDT,1M_MA10,1M,10,10,2026-05-01,0.1,0.14721,-32.06983221248556,-15.985618080127828,vertex_out,1.156908813481828,-25.37307509410967,1.218432487141074,0.9793226258226346
BELUSDT,1M_MA20,1M,20,10,2026-05-01,0.1,0.34525,-71.03548153511947,-11.16228803746494,vertex_out,0.1677902085600885,-7.861609554776838,2.6029891143503843,0.9925427585343928
BERAUSDT,1d_MA20,1d,20,10,2026-06-15,0.2605,0.28644000000000003,-9.055997765675194,-3.740296400846854,low_a,0.036364205175729594,-2.417556230931548,3.6934309122707885,0.999120496210861
BERAUSDT,1w_MA10,1w,10,10,2026-06-15,0.2605,0.3397,-23.314689431851633,-7.415987571884097,vertex_out,0.12211317838310567,-5.86850921904668,2.669886201177969,0.9975677082081877
BERAUSDT,1w_MA20,1w,20,10,2026-06-15,0.2605,0.43273,-39.80079957479259,-6.28072683169818,low_a,-0.057772627532626256,-2.671023141858668,-2.5685204375359696,0.9892270622059809
BEUSDT,1d_MA20,1d,20,10,2026-06-15,276.14,270.246,2.1809758516314837,-1.2101704766657173,low_a,-0.020095265801066027,-0.5119656246480303,-1.415384846572147,0.9707391769554612
BGBUSDT,1d_MA20,1d,20,10,2026-06-15,1.8195,1.8911349999999998,-3.7879368738878982,-1.09230028974594,low_a,-0.0017492642862321538,-0.5072672827878567,-16.110496242473666,0.9986203162307761
BGBUSDT,1w_MA10,1w,10,10,2026-06-15,1.8195,1.9555300000000002,-6.956170449954757,-0.7768261249010311,low_a,0.0741515262486863,-1.2042418405008084,0.9022379963952852,0.9480560814481698
BGBUSDT,1w_MA20,1w,20,10,2026-06-15,1.8195,2.049195,-11.209035743304085,-6.823855188312478,low_a,-0.028065669977055906,-2.9796021857804114,-5.898076008907125,0.9990751183005393
BGBUSDT,1M_MA10,1M,10,10,2026-06-01,1.8195,2.9997,-39.34393439343934,-14.282530175566933,low_a,-0.17555714140176404,-3.632500323908177,-1.1495150350427528,0.9926286045062688
BICOUSDT,1d_MA20,1d,20,10,2026-06-15,0.01984,0.020606,-3.717363874599633,-2.875188536953255,low_a,-0.0279874364118305,-1.5541000619909509,-3.084916069566647,0.9934505765936642
BICOUSDT,1w_MA10,1w,10,10,2026-06-15,0.01984,0.02374,-16.42796967144061,-2.159577975601712,low_a,-0.27863018595923084,3.4669482352283327,0.691268372905746,0.9644687851589613
BICOUSDT,1w_MA20,1w,20,10,2026-06-15,0.01984,0.0229455,-13.534244187313416,-5.624562990992466,low_a,0.006265514339649038,-3.610632789725215,32.015042926471985,0.9966112269892855
BICOUSDT,1M_MA10,1M,10,10,2026-06-01,0.01984,0.039132,-49.299805785546354,-29.262472885032544,vertex_out,1.004077537243301,-22.255698650951782,1.2314065965714878,0.9910923575778368
BIGTIMEUSDT,1d_MA20,1d,20,10,2026-06-15,0.00906,0.009784999999999999,-7.40929994890136,-2.7142573076158305,low_a,0.01749443637286259,-1.792579764540382,5.692539192126741,0.9981949970531361
BIGTIMEUSDT,1w_MA10,1w,10,10,2026-06-15,0.00906,0.011856,-23.582995951417008,-4.862782859894088,low_a,-0.1572241661135123,0.38491786473806805,0.13601169812115624,0.9584194799752142
BIGTIMEUSDT,1w_MA20,1w,20,10,2026-06-15,0.00906,0.012631,-28.271712453487453,-7.1045083474295945,low_a,-0.13908772499866445,-1.9138577842708357,-0.7644487136482522,0.9955042085701686
BIGTIMEUSDT,1M_MA10,1M,10,10,2026-06-01,0.00906,0.019829000000000003,-54.309344898885485,-31.427879793892867,vertex_out,0.483215479990462,-16.840802921161337,1.936196585227792,0.9930601927761893
BIGTIMEUSDT,1M_MA20,1M,20,10,2026-06-01,0.00906,0.05068299999999999,-82.12418365132292,-21.64341205117305,vertex_out,0.9312864227048715,-17.85019827784612,1.0648471382437716,0.9805779366676772
BILLUSDT,1d_MA20,1d,20,10,2026-06-15,0.07046,0.0749995,-6.052707018046788,-2.297967132817036,low_a,0.0813284395861309,-2.3547553979213367,1.6085362635098697,0.9641620739846484
BIOUSDT,1d_MA20,1d,20,10,2026-06-15,0.03135,0.030565500000000002,2.566619227560496,-0.4283806235137022,low_a,0.06114755250813714,-1.1237123766924544,1.0209479007928473,0.9878868527811266
BIOUSDT,1w_MA10,1w,10,10,2026-06-15,0.03135,0.0363,-13.636363636363624,8.741237792822476,low_a,-0.3231958640854015,8.82562744451603,1.5170758363321306,0.9864912471356925
BIOUSDT,1w_MA20,1w,20,10,2026-06-15,0.03135,0.028561999999999997,9.761221202997007,-2.146393271322622,low_a,-0.20010806382529403,0.5892333257537369,0.16358753434682277,0.88306688020414
BIRBUSDT,1d_MA20,1d,20,10,2026-06-15,0.07696,0.085788,-10.290483517508275,-4.807980381930943,low_a,0.07639152239804466,-3.5970756571221973,2.6159648378980838,0.999068563212499
BIRBUSDT,1w_MA10,1w,10,10,2026-06-15,0.07696,0.113922,-32.44500623233441,-8.016148566814707,low_a,-0.1717917382165141,-1.06786467784926,-0.3453356724367034,0.9801209023555122
BLESSUSDT,1d_MA20,1d,20,10,2026-06-15,0.005579,0.0056025499999999995,-0.42034430750282903,0.4113198078715241,low_a,-0.20232581743969075,2.7189204713360526,0.7465737156429513,0.9415454354054752
BLESSUSDT,1w_MA10,1w,10,10,2026-06-15,0.005579,0.0059681,-6.519662874281595,-5.31935146111624,low_r2,-0.1937677444452878,2.689001647701219,0.7709692903507318,0.7302490643766768
BLESSUSDT,1w_MA20,1w,20,10,2026-06-15,0.005579,0.0057701,-3.3119010069149635,-2.1859451945652086,vertex_out,0.3087223147527985,-6.838945774899735,1.230689891150572,0.9900330839876774
BLURUSDT,1d_MA20,1d,20,10,2026-06-15,0.01874,0.018947,-1.0925212434686138,-1.8569837611043583,low_a,0.02576775340143834,-1.386168060352772,2.9885933587817752,0.9985218130895586
BLURUSDT,1w_MA10,1w,10,10,2026-06-15,0.01874,0.023455,-20.10232359837988,-1.4702793530770863,low_a,-0.27736093730776695,3.9274368445214,0.7866678629104649,0.9923048156201892
BLURUSDT,1w_MA20,1w,20,10,2026-06-15,0.01874,0.021476,-12.739802570311042,-3.038511896699625,low_a,-0.1246473508265841,-0.6552083836171232,-0.29202759236455067,0.9787255483889113
BLURUSDT,1M_MA10,1M,10,10,2026-06-01,0.01874,0.031278,-40.08568322782787,-28.06678625638195,vertex_out,1.1381596287921112,-23.94679204441139,1.1688846644582847,0.9943234575086866
BLURUSDT,1M_MA20,1M,20,10,2026-06-01,0.01874,0.08865300000000001,-78.86140344940385,-18.420737823338328,vertex_out,1.0909569417820757,-20.112109109041814,1.0241828546611529,0.9902501520158754
BNBUSDT,1d_MA20,1d,20,10,2026-06-15,617.61,625.4159999999999,-1.2481292451744008,-0.6729103172700035,low_a,0.0023557419149347436,-0.41687819817938637,9.831255177839102,0.9964295857610517
BNBUSDT,1w_MA10,1w,10,10,2026-06-15,617.61,638.535,-3.2770325823956337,0.647830712850217,low_a,-0.0006981662174908851,0.4065570931174972,32.35118601751763,0.9542650817054557
BNBUSDT,1w_MA20,1w,20,10,2026-06-15,617.61,629.0385,-1.8168204330895499,-3.002871956978481,low_a,-0.0019026476228773553,-1.6933119604497147,-49.44314730721673,0.9973970457847675
BNBUSDT,1M_MA10,1M,10,10,2026-06-01,617.61,779.309,-20.74902253149905,-3.8554826292933275,low_a,-0.4327890113689961,4.812596944182866,0.6177756132331449,0.9899193442738238
BNBUSDT,1M_MA20,1M,20,10,2026-06-01,617.61,728.6575,-15.240013312152833,1.275222121455366,low_a,-0.18657633416700517,2.854517304232119,0.8499700424900233,0.9566512322906773
BNTUSDT,1d_MA20,1d,20,10,2026-06-15,0.2841,0.291115,-2.409700633770162,-1.9121264193537435,low_a,0.0014903251815046271,-1.057067780237646,39.40481481477135,0.9990566646968388
BNTUSDT,1w_MA10,1w,10,10,2026-06-15,0.2841,0.31141,-8.769789024116115,-0.45073844383350936,low_a,-0.13216784754434335,2.223565680886171,0.9346556595351425,0.9747795627942761
BNTUSDT,1w_MA20,1w,20,10,2026-06-15,0.2841,0.298595,-4.854401446775725,-2.3081956486177058,low_a,-0.013366266483853372,-1.3594817171088538,-5.650550372674398,0.9914540959356782
BNTUSDT,1M_MA10,1M,10,10,2026-06-01,0.2841,0.39568000000000003,-28.199555196118077,-17.72607240138897,low_a,-0.4893263289372012,0.335869955448289,0.038132920437526856,0.9922532270097589
BNTUSDT,1M_MA20,1M,20,10,2026-06-01,0.2841,0.504375,-43.67286245353159,-3.821400989674195,vertex_out,0.12397841543750797,-3.8075697738707865,1.7061974324922415,0.9953351995537109
BOMEUSDT,1d_MA20,1d,20,10,2026-06-15,0.000464,0.00045474500000000005,2.0352065443270284,-1.4391451824398271,vertex_out,0.12190990298978444,-2.6032279615967027,1.1863168790838932,0.9986255399483515
BOMEUSDT,1w_MA10,1w,10,10,2026-06-15,0.000464,0.00051974,-10.724593065763644,3.082110273700911,low_a,-0.19719206572887457,4.447255027488508,1.2529394772356879,0.9855577908353731
BOMEUSDT,1w_MA20,1w,20,10,2026-06-15,0.000464,0.00045719,1.4895338918174073,-1.0818061836041504,low_a,-0.06896813882821022,-0.6574330324427378,-0.5295787008100376,0.9357352864485963
BOMEUSDT,1M_MA10,1M,10,10,2026-06-01,0.000464,0.00065755,-29.43502395255114,-29.4019755207215,vertex_out,1.0030340695131506,-21.230893859505606,1.1759262612867838,0.9625515568994019
BRETTUSDT,1d_MA20,1d,20,10,2026-06-15,0.006438,0.0061115499999999994,5.3415254722615435,-0.6744622585547089,vertex_out,0.10781872204371432,-2.1541511042035713,1.109965496494398,0.9907668745481433
BRETTUSDT,1w_MA10,1w,10,10,2026-06-15,0.006438,0.0072637,-11.36748489062047,-0.005506532123744634,low_r2,-0.16593160951556432,2.346793215643411,0.7857297428121978,0.8235562441906134
BRETTUSDT,1w_MA20,1w,20,10,2026-06-15,0.006438,0.00709365,-9.242773466410092,-5.901665439640247,low_a,0.004507249133117626,-4.7707142506455495,58.802979991499555,0.9854656708557795
BRETTUSDT,1M_MA10,1M,10,10,2026-06-01,0.006438,0.014155400000000002,-54.519123444056696,-37.68752641217071,vertex_out,0.3177014620651417,-15.99443838660157,2.7969021753653713,0.9860302280298036
BREVUSDT,1d_MA20,1d,20,10,2026-06-15,0.0838,0.08979000000000001,-6.671121505735611,-2.6666666666666505,low_a,0.026000960446045166,-1.8967200249546494,4.0526708595385905,0.9982283908616422
BREVUSDT,1w_MA10,1w,10,10,2026-06-15,0.0838,0.10801000000000001,-22.41459124155172,-4.677433589268354,low_a,-0.13336512711587167,-0.2627431490066825,-0.10945021331401111,0.9925508992180497
BROCCOLIUSDT,1d_MA20,1d,20,10,2026-06-15,0.01323,0.012952,2.146386658431143,-0.7471550634123969,low_a,0.04031055341707729,-0.997029580409376,1.3740950582310665,0.9951348191434097
BROCCOLIUSDT,1w_MA10,1w,10,10,2026-06-15,0.01323,0.014909,-11.261654034475821,0.9684410131382881,low_a,-0.24544358985096656,3.5646107778605636,0.8068409210589321,0.9602565327642304
BROCCOLIUSDT,1w_MA20,1w,20,10,2026-06-15,0.01323,0.0139685,-5.28689551490854,-2.481848645629714,low_a,-0.37218968175643985,1.9577718382367535,0.2922302993757891,0.8552461537404125
BRUSDT,1d_MA20,1d,20,10,2026-06-15,0.1119,0.11670850000000002,-4.120094080551128,-0.7610317720135651,low_r2,0.04988275601325203,-0.46729370532822834,0.5204355870037928,0.2929757716345779
BRUSDT,1w_MA10,1w,10,10,2026-06-15,0.1119,0.12532000000000001,-10.708586019789346,-2.0141364858947686,low_a,-0.8619952010981604,11.484138509476427,0.7401522585718653,0.9823469391167257
BRUSDT,1w_MA20,1w,20,10,2026-06-15,0.1119,0.104606,6.9728313863449465,5.885627812109351,low_a,-0.17321114255169798,5.529391829155308,1.77349118785119,0.9961591439791769
BSBUSDT,1d_MA20,1d,20,10,2026-06-15,0.3619,0.299141,20.97973865167262,-8.323603053622275,low_a,0.05505516215282392,-7.776023757814503,7.846699618819034,0.9883436153953127
BSVUSDT,1d_MA20,1d,20,10,2026-06-15,12.96,12.8375,0.9542356377799432,-1.386541711476419,low_a,0.02848305086277065,-1.3467091321008433,2.6267261314831174,0.9969870762332657
BSVUSDT,1w_MA10,1w,10,10,2026-06-15,12.96,14.581999999999999,-11.123302701961313,-4.021588889620231,low_r2,-0.1830072768758391,1.5005792717978672,0.4555311489413651,0.7369096955451717
BSVUSDT,1w_MA20,1w,20,10,2026-06-15,12.96,14.750499999999999,-12.138571573844937,-2.414739836591595,low_a,-0.06400728707263506,-0.6869600200340238,-0.5962515723270226,0.9872459511014371
BSVUSDT,1M_MA10,1M,10,10,2026-06-01,12.96,17.143,-24.400629994750044,-12.988529083341781,vertex_out,0.4114011674797905,-11.251911416356721,1.519456528592139,0.998067233907475
BSVUSDT,1M_MA20,1M,20,10,2026-06-01,12.96,27.969,-53.66298401801994,-11.612179436535142,vertex_out,0.3415834926940135,-8.801211435763069,1.431439754361102,0.9939188022851565
BTCUSDT,1d_MA20,1d,20,10,2026-06-15,66286.2,66500.80500000001,-0.3227103792202368,-1.5681848541912902,low_a,0.02073881659983854,-1.1538025122518547,3.0908291830907326,0.9992913807476924
BTCUSDT,1w_MA10,1w,10,10,2026-06-15,66286.2,73646.22,-9.99375120678292,-1.0365558685042298,low_a,-0.18522774704694767,2.4850466378861826,0.7453426862350179,0.980881268895258
BTCUSDT,1w_MA20,1w,20,10,2026-06-15,66286.2,71056.76499999998,-6.713737953029508,-2.173375367012842,low_a,-0.07054398330289795,-0.3748793578505679,-0.29522901906848603,0.9896598780120079
BTCUSDT,1M_MA10,1M,10,10,2026-06-01,66286.2,83160.53,-20.29127279491846,-9.172800594501517,low_a,-0.3768653627116292,1.2992419559127122,0.19152757404518575,0.9932114635490726
BTCUSDT,1M_MA20,1M,20,10,2026-06-01,66286.2,91026.48000000001,-27.17921202709367,0.34729908377599816,low_a,-0.10248356116083729,1.692534517887767,0.9175100315907199,0.9685514662594304
BUSDT,1d_MA20,1d,20,10,2026-06-15,0.2522,0.24556,2.704023456589022,-0.1138952164009166,vertex_out,0.10198566181317066,-1.7629478697969616,0.9603462543732301,0.9836306145577619
BUSDT,1w_MA10,1w,10,10,2026-06-15,0.2522,0.27226,-7.367957099831058,5.429058240396545,low_a,-0.4652140818469778,9.332216978335621,1.114447130959717,0.9703909198752737
BUSDT,1w_MA20,1w,20,10,2026-06-15,0.2522,0.224825,12.176136995440888,2.442302872895463,low_a,-0.16714428967762682,3.820258366848126,1.269780597023986,0.9318366036749145
BZUSDT,1d_MA20,1d,20,10,2026-06-15,83.0,91.71000000000001,-9.497328535601357,-1.3505009923035938,low_a,-0.0062681679495070405,-0.5358251617866019,-4.749085344154063,0.998848487605341
C98USDT,1d_MA20,1d,20,10,2026-06-15,0.01429,0.016416999999999998,-12.956082110007905,-3.3953159938802213,low_a,-0.005203574163796261,-1.370677456660131,-14.63393144697207,0.9987781771555054
C98USDT,1w_MA10,1w,10,10,2026-06-15,0.01429,0.018702,-23.591059779702704,-6.9968670744442685,low_a,-0.07675686648656047,-2.8084953236199346,-2.0327499691015194,0.9919557525460407
C98USDT,1w_MA20,1w,20,10,2026-06-15,0.01429,0.0223765,-36.13835943959064,-2.469162707579653,low_a,-0.06835920691181531,-0.3916826008244824,-0.3183206106870144,0.9833282799976883
C98USDT,1M_MA10,1M,10,10,2026-06-01,0.01429,0.026242000000000005,-45.54530904656659,-19.665707463417604,vertex_out,1.2925634600267144,-22.465999296642273,0.9656091253035162,0.9787990443678249
C98USDT,1M_MA20,1M,20,10,2026-06-01,0.01429,0.058826,-75.70802026314894,-15.60720177892545,vertex_out,1.051094007098804,-19.681717448593467,1.0402768351444875,0.995446978951273
CAKEUSDT,1d_MA20,1d,20,10,2026-06-15,1.4015,1.3348,4.997003296373981,-0.2931894153018644,low_a,0.027292404579679616,-0.6247256475457121,1.271671769260195,0.9946710187120736
CAKEUSDT,1w_MA10,1w,10,10,2026-06-15,1.4015,1.45113,-3.4200933065955508,-0.6279531603095134,low_a,-0.17192798122877684,2.070692852376656,0.6691086056877883,0.9561785187819523
CAKEUSDT,1w_MA20,1w,20,10,2026-06-15,1.4015,1.408455,-0.4938034938993474,-2.0160911623829936,low_a,0.005739720396068029,-1.753095841976334,16.96845956291689,0.9884880279395313
CAKEUSDT,1M_MA10,1M,10,10,2026-06-01,1.4015,1.7756699999999999,-21.07204604459162,-11.421559090705014,low_a,-0.45910797332813535,1.424650354750773,0.17239352511534378,0.9940660999769413
CARVUSDT,1d_MA20,1d,20,10,2026-06-15,0.04531,0.0436635,3.7708841480870836,-2.1995497866526215,low_a,0.05248770267222434,-2.087522521301946,2.2095360913373523,0.9978830792231387
CARVUSDT,1w_MA10,1w,10,10,2026-06-15,0.04531,0.052166000000000004,-13.14265997009546,-4.162992357436801,low_a,-0.16581402175041832,0.5150046154840039,0.17255095332018824,0.9426448950043675
CARVUSDT,1w_MA20,1w,20,10,2026-06-15,0.04531,0.055262500000000006,-18.00950011309659,-6.579381112172367,vertex_out,0.19732493487305278,-6.822158361876089,1.9207344379758031,0.998536195211421
CARVUSDT,1M_MA10,1M,10,10,2026-06-01,0.04531,0.101606,-55.40617680058264,-32.68406442337633,vertex_out,0.8989446362437801,-22.021913100626875,1.3609732650651414,0.9948441992722923
CATIUSDT,1d_MA20,1d,20,10,2026-06-15,0.0602,0.0523375,15.02268927633148,0.878926014089787,low_a,0.08177643580549701,-0.6043655449203491,0.4105811567349954,0.8782875935253679
CATIUSDT,1w_MA10,1w,10,10,2026-06-15,0.0602,0.053857,11.77748482091463,2.6727671337337,low_a,-0.2714797136038195,4.5907584195173765,0.9394519061185712,0.9566437662249812
CATIUSDT,1w_MA20,1w,20,10,2026-06-15,0.0602,0.049172,22.427397706011543,1.5719567866807171,low_r2,0.01799856506411273,-0.610896426762777,1.88563311879679,0.7785387592689376
CATIUSDT,1M_MA10,1M,10,10,2026-06-01,0.0602,0.058586000000000006,2.7549243846652693,-9.881556683587133,vertex_out,1.4582613707884706,-23.02071920868396,0.877023056734596,0.9813229253548772
CBRSUSDT,1d_MA20,1d,20,10,2026-06-15,217.81,224.73999999999995,-3.0835632286197123,-1.5149191268947537,low_a,0.06648876714686056,-1.6546659073049,1.3825776546001372,0.9928885371676224
CCUSDT,1d_MA20,1d,20,10,2026-06-15,0.1652,0.15758149999999999,4.834641122212968,0.11054111144639389,low_a,-0.03230472089503147,0.4294410921688586,0.738524828347762,0.9581471340891061
CELOUSDT,1d_MA20,1d,20,10,2026-06-15,0.0649,0.066247,-2.0332996211149146,-1.9848051073777295,low_a,0.035218577534377335,-1.7340695892349143,2.7354085867864373,0.9981037636911894
CELOUSDT,1w_MA10,1w,10,10,2026-06-15,0.0649,0.078957,-17.8033613232519,-4.514451566090216,low_a,-0.34648766131134345,3.33753970023851,0.5351384563990604,0.9320956551784858
CELOUSDT,1w_MA20,1w,20,10,2026-06-15,0.0649,0.0786935,-17.528131294198378,-4.596593319997577,low_a,-0.022156314667972972,-2.435651713592434,-6.107242387384279,0.9896616360871828
CELOUSDT,1M_MA10,1M,10,10,2026-06-01,0.0649,0.12383,-47.589437131551314,-27.968122854982248,vertex_out,0.4506944428363735,-15.376822171124118,1.8954480401834684,0.9979873687868633
CELOUSDT,1M_MA20,1M,20,10,2026-06-01,0.0649,0.28226,-77.00701480904131,-16.52816797279314,vertex_out,0.4114008488779865,-11.246412633536002,1.5187151498766474,0.9961196141468163
CELRUSDT,1d_MA20,1d,20,10,2026-06-15,0.002235,0.00232165,-3.732259384489489,-1.0105101583985254,low_a,0.018756211170226737,-0.9978604189435479,2.955644369653259,0.9926269614758868
CELRUSDT,1w_MA10,1w,10,10,2026-06-15,0.002235,0.0025554999999999996,-12.541576990804138,-1.1870698321862272,low_a,-0.1489933611990883,1.647248111853162,0.6142138364779862,0.929764946335895
CELRUSDT,1w_MA20,1w,20,10,2026-06-15,0.002235,0.0025181,-11.24260355029586,-3.515527712320621,low_a,-0.038031619525085957,-1.9420264407698278,-2.8368594124523323,0.9920735387125517
CELRUSDT,1M_MA10,1M,10,10,2026-06-01,0.002235,0.0035983,-37.88733568629631,-21.35894746044236,vertex_out,0.8159194935116212,-18.610718425878208,1.2671946309160613,0.9963474711863656
CELRUSDT,1M_MA20,1M,20,10,2026-06-01,0.002235,0.00777525,-71.25494357094627,-11.13085917408647,vertex_out,0.6500012887490138,-13.351736131653059,1.141171765755665,0.9974989504014945
CETUSUSDT,1d_MA20,1d,20,10,2026-06-15,0.01914,0.020221,-5.345927501112701,-2.647922584372453,low_a,0.04700013448975215,-2.1948723800750023,2.5944043729321304,0.9981937772674025
CETUSUSDT,1w_MA10,1w,10,10,2026-06-15,0.01914,0.024952000000000002,-23.29272202629048,0.5642431081734678,low_a,-0.64905754364395,8.83724001500627,0.7564164124110103,0.9750461731377487
CETUSUSDT,1w_MA20,1w,20,10,2026-06-15,0.01914,0.0215635,-11.238899065550578,-0.5580022596785916,low_r2,-0.19513871805070462,1.893764346488474,0.5391504638927338,0.7451146409471173
CETUSUSDT,1M_MA10,1M,10,10,2026-06-01,0.01914,0.030005999999999998,-36.21275744851029,-33.777669881485735,vertex_out,1.0029408464911878,-24.99848489812775,1.3847324310515607,0.9932350859087677
CFGUSDT,1d_MA20,1d,20,10,2026-06-15,0.21626,0.23079550000000001,-6.297999744362437,-3.166857917249677,low_a,0.03233211329763613,-1.9484036621223797,3.34789894181157,0.9975374573707589
CFXUSDT,1d_MA20,1d,20,10,2026-06-15,0.04686,0.047936,-2.2446595460614116,-1.673777486051864,low_a,0.03690378050255639,-1.4864197705029603,2.237680666167331,0.999070187810479
CFXUSDT,1w_MA10,1w,10,10,2026-06-15,0.04686,0.055382,-15.387671084467879,-1.7195790669198407,low_a,-0.30814176434714796,3.1488731487304613,0.5677172567708492,0.8510551905659762
CFXUSDT,1w_MA20,1w,20,10,2026-06-15,0.04686,0.0538505,-12.981309365744053,-2.564775276832887,low_a,-0.09607884381968591,-0.6208122084943619,-0.3589715047290045,0.9826225398776675
CFXUSDT,1M_MA10,1M,10,10,2026-06-01,0.04686,0.070927,-33.93207100258012,-30.099144557890167,low_a,-0.35624822642933607,-1.8508760178674981,-0.2886370732781162,0.92786437636536
CFXUSDT,1M_MA20,1M,20,10,2026-06-01,0.04686,0.103217,-54.60050185531453,-9.702732967071427,vertex_out,0.45966390319658473,-9.792637560202206,1.1835504511620651,0.9886903351095221
CGPTUSDT,1d_MA20,1d,20,10,2026-06-15,0.02162,0.022032,-1.8700072621641195,-1.2836884199207033,low_a,0.07439645780844573,-1.7555337838247864,1.3109448692846328,0.9963103053445304
CGPTUSDT,1w_MA10,1w,10,10,2026-06-15,0.02162,0.025291,-14.515044877624451,2.0621468926553588,low_a,-0.24852216735984467,4.7008352369074045,1.0508419266414277,0.972319986381283
CGPTUSDT,1w_MA20,1w,20,10,2026-06-15,0.02162,0.0228745,-5.484272880281527,-2.166288867028787,low_a,-0.1274580323621835,0.0010785150207405403,0.000470095921314643,0.9114263403230606
CHILLGUYUSDT,1d_MA20,1d,20,10,2026-06-15,0.00905,0.009172999999999999,-1.340891747519879,-3.304696147156494,vertex_out,0.102051568633365,-3.2321283480381915,1.7595289166717918,0.9985731689821769
CHILLGUYUSDT,1w_MA10,1w,10,10,2026-06-15,0.00905,0.011882,-23.834371317959935,-2.7181922384149293,low_a,-0.31677105637044234,5.188788612517444,0.9100138040757082,0.952759645079982
CHILLGUYUSDT,1w_MA20,1w,20,10,2026-06-15,0.00905,0.0108285,-16.42425081959642,-3.6653173791201366,low_a,-0.17623132278670348,-1.1707877636580515,-0.3690817478933264,0.9607858854071836
CHILLGUYUSDT,1M_MA10,1M,10,10,2026-06-01,0.00905,0.016042,-43.585587831941154,-32.73794549266247,vertex_out,0.24620584588220346,-14.092470303345877,3.179920501266783,0.9570176140397534
CHIPUSDT,1d_MA20,1d,20,10,2026-06-15,0.03665,0.0357395,2.5476013934162545,-1.9962980736272007,low_a,0.05231605253272943,-2.3385073983007456,2.4833119357026674,0.9957144179826974
CHRUSDT,1d_MA20,1d,20,10,2026-06-15,0.01673,0.017776,-5.884338433843395,-2.4368825466520305,low_a,0.023481550312895606,-1.7898677289648173,4.234690415606505,0.997652879972824
CHRUSDT,1w_MA10,1w,10,10,2026-06-15,0.01673,0.020716000000000002,-19.241166248310503,-0.7569224873047786,low_a,-0.14850098964199832,3.579989121516327,1.339306121852512,0.9266986374720082
CHRUSDT,1w_MA20,1w,20,10,2026-06-15,0.01673,0.019694499999999997,-15.05242580415852,-8.083448066646447,low_a,-0.011308816564655733,-4.3379626160349885,-21.310622710625907,0.9958384812651156
CHRUSDT,1M_MA10,1M,10,10,2026-06-01,0.01673,0.037695,-55.61745589600744,-27.668188970334263,vertex_out,0.5269699298182464,-15.82835292584493,1.6686966192321637,0.9940368263295208
CHRUSDT,1M_MA20,1M,20,10,2026-06-01,0.01673,0.0848585,-80.28482709451616,-15.957968337600226,vertex_out,0.510077199999768,-13.609953427256585,1.482341347029079,0.9990042548137115
CHZUSDT,1d_MA20,1d,20,10,2026-06-15,0.02518,0.029396500000000002,-14.34354429949144,-3.59590725740333,vertex_out,0.12561368288331187,-3.365655526408087,1.4885389735123196,0.9985178286859508
CHZUSDT,1w_MA10,1w,10,10,2026-06-15,0.02518,0.036853,-31.674490543510693,-5.999234791480701,low_a,-0.4899479982906876,4.424506339480132,0.5016979528571497,0.9282546267695396
CHZUSDT,1w_MA20,1w,20,10,2026-06-15,0.02518,0.037035,-32.01026056433103,-5.69496963446775,low_a,-0.4248883731233775,2.9913336414979614,0.39112673543831256,0.9682427160753182
CHZUSDT,1M_MA10,1M,10,10,2026-06-01,0.02518,0.036497,-31.00802805710059,-5.039808502888066,low_r2,0.599953893028597,-7.5815766969399245,0.702051791445705,0.8244914853448829
CHZUSDT,1M_MA20,1M,20,10,2026-06-01,0.02518,0.045443,-44.58992584116365,-6.721404012931709,vertex_out,0.6360883835722009,-10.820298478002957,0.9450379990379967,0.9913288100242904
CKBUSDT,1d_MA20,1d,20,10,2026-06-15,0.001158,0.0011642,-0.5325545438928048,-1.8546619457089908,low_a,0.05117837711869675,-1.7602059898049378,1.9107526881719936,0.9989788591473285
CKBUSDT,1w_MA10,1w,10,10,2026-06-15,0.001158,0.0013841,-16.335524889820107,-4.0884207608620216,low_a,-0.18106584301003487,0.9687527648088659,0.2972377183362753,0.9446703362656401
CKBUSDT,1w_MA20,1w,20,10,2026-06-15,0.001158,0.0014436,-19.783873649210303,-6.344881276761383,low_a,-0.08429043693079133,-2.607442848922751,-1.7185571854397077,0.9950132810154255
CKBUSDT,1M_MA10,1M,10,10,2026-06-01,0.001158,0.0021093,-45.10027023183048,-26.79092044981257,vertex_out,0.6033929351717348,-15.620759530239864,1.438233567741757,0.9872356651721861
CKBUSDT,1M_MA20,1M,20,10,2026-06-01,0.001158,0.00457945,-74.71312057124764,-22.630703080782933,vertex_out,0.24475261469396972,-10.635591595591741,2.414136414819901,0.9960669194990814
CLANKERUSDT,1d_MA20,1d,20,10,2026-06-15,16.05,16.3365,-1.7537416215223645,-2.831226765799255,low_a,0.08103475854851273,-3.0342639788970045,2.080221180012727,0.9980306729379179
CLANKERUSDT,1w_MA10,1w,10,10,2026-06-15,16.05,21.137,-24.06680228982353,-8.275473008158308,low_a,-0.17342471597087877,-0.9993446717600111,-0.3201340023554337,0.9894612718628378
CLANKERUSDT,1w_MA20,1w,20,10,2026-06-15,16.05,24.610500000000002,-34.78393368684098,-5.447874445319556,low_a,-0.08163747298582907,-1.4177205733059237,-0.9647806478064695,0.9878612687435666
CLOUSDT,1d_MA20,1d,20,10,2026-05-26,0.067585,0.09147425000000001,-26.115819479252355,-4.3906454141625195,low_a,0.059388784222821976,-3.0070223896365156,2.8129351629335786,0.9991986310544473
CLOUSDT,1w_MA10,1w,10,10,2026-05-25,0.067585,0.09308849999999999,-27.397046896233146,-0.3868378812199147,low_r2,1.0345554609145915,-9.564857059631386,0.5136321520042392,0.3553924903072978
CLOUSDT,1w_MA20,1w,20,10,2026-05-25,0.067585,0.13489425,-49.897790306110146,-24.56211727204094,low_a,-0.2757328295644853,-3.0492125713810747,-0.6143653575006822,0.9734561629277558
CLUSDT,1d_MA20,1d,20,10,2026-06-15,80.259,88.7034,-9.51981547494234,-1.3506765616189909,low_a,-0.0019493445335525893,-0.5694676442125193,-16.229604772575964,0.998204926863882
COAIUSDT,1d_MA20,1d,20,10,2026-06-15,0.321,0.28759,11.617232866233174,1.390823035837041,pass,0.22561485967326522,-1.9133351364717424,0.471140937368179,0.880718213057176
COAIUSDT,1w_MA10,1w,10,10,2026-06-15,0.321,0.3162,1.5180265654649139,2.632347690609871,low_r2,0.007553902595432732,0.24879963842965266,-1.82980942107169,0.5938527946774632
COAIUSDT,1w_MA20,1w,20,10,2026-06-15,0.321,0.31186499999999995,2.9291520369390867,0.7478597964787559,vertex_out,0.13389376986933368,-2.8946084073873397,1.2010385423094803,0.9828178581154783
COHRUSDT,1d_MA20,1d,20,10,2026-06-15,412.6,380.136,8.54010143738031,0.31072003926551073,low_r2,-0.010428404115713379,0.11503331924565564,0.612820512820605,0.14700050182982038
COINUSDT,1d_MA20,1d,20,10,2026-06-15,169.49,167.71550000000002,1.0580417433093459,-0.9967297112228657,low_a,0.03660262345998696,-1.179606125617173,1.7904091961342117,0.9978948480546574
COINUSDT,1w_MA10,1w,10,10,2026-06-15,169.49,186.27,-9.008428625114085,-0.1656134934799769,low_a,-0.1384853456138204,1.5169525060343259,0.6085491490134882,0.8539657442782699
COINUSDT,1w_MA20,1w,20,10,2026-06-15,169.49,181.24200000000002,-6.484148265854495,-2.0326752341184418,low_a,0.010389504795508729,-1.503815651300459,8.041318196152368,0.9938500800262254
COMPUSDT,1d_MA20,1d,20,10,2026-06-15,18.03,17.579500000000003,2.562643988736868,-0.7116432746886447,low_a,0.07251862630942016,-1.525740508864968,1.168849520700292,0.998332884365493
COMPUSDT,1w_MA10,1w,10,10,2026-06-15,18.03,20.451,-11.838051929001026,-0.6702608188838832,low_a,-0.23299850974123126,3.038628162479537,0.7245225554480643,0.9612568976673528
COMPUSDT,1w_MA20,1w,20,10,2026-06-15,18.03,19.320999999999998,-6.681848765591825,-1.7068145397197032,low_a,-0.026539189967813865,-1.1525095406357964,-2.4125946530678557,0.9812037638358231
COMPUSDT,1M_MA10,1M,10,10,2026-06-01,18.03,25.124999999999996,-28.23880597014924,-16.870698782424576,vertex_out,0.1872481686482118,-8.619322666615565,2.5573081046044894,0.9958419110666079
COMPUSDT,1M_MA20,1M,20,10,2026-06-01,18.03,38.474,-53.13718355252897,-6.409788610766509,vertex_out,0.16229975398844382,-5.156965128451538,1.7652402770256297,0.998355222973262
COOKIEUSDT,1d_MA20,1d,20,10,2026-06-15,0.00937,0.0106325,-11.873971314366328,-3.222136258134989,vertex_out,0.18299925359967223,-4.277655778275381,1.2986257515421191,0.9986093994631738
COOKIEUSDT,1w_MA10,1w,10,10,2026-06-15,0.00937,0.014204,-34.03266685440721,-8.29621021370004,low_a,-0.315763460493253,0.8281869883157952,0.14571156576474598,0.977822080319028
COOKIEUSDT,1w_MA20,1w,20,10,2026-06-15,0.00937,0.0159015,-41.07474137659969,-8.829515809993428,vertex_out,0.16343531697112343,-7.534211857547911,2.5610579963771416,0.9958571344344507
COPPERUSDT,1d_MA20,1d,20,10,2026-06-15,6.546,6.43585,1.7115066385947397,0.17822676047567487,low_a,0.007515720371938202,-0.015568699623567347,0.11508248232521716,0.9352038358452195
COPUSDT,1d_MA20,1d,20,10,2026-06-15,112.64,116.50050000000002,-3.3137196836065197,-0.33961376419512357,low_a,0.006789986363529169,-0.2490223870832809,2.0374970315833743,0.9835831855705754
COSTUSDT,1d_MA20,1d,20,10,2026-06-15,979.59,974.7330000000002,0.4982903010362749,-0.3725553927009684,low_a,0.02916913251699151,-0.6096541731872194,1.1611478767306227,0.9971832643336228
COTIUSDT,1d_MA20,1d,20,10,2026-06-15,0.01034,0.010798499999999999,-4.2459600870491165,-1.8942491142000528,low_a,0.022141295343141715,-1.3877790453447176,3.4821285140557836,0.9981256831930012
COTIUSDT,1w_MA10,1w,10,10,2026-06-15,0.01034,0.012491,-17.220398687054683,-4.5322531335982745,low_a,-0.35319927960095754,3.3089032535153744,0.5204652703038344,0.9586749499944357
COTIUSDT,1w_MA20,1w,20,10,2026-06-15,0.01034,0.0123695,-16.407292129835483,-4.130982367758184,low_a,0.040918712843796556,-3.4154541043373947,4.6371803278688155,0.9953931603696039
COTIUSDT,1M_MA10,1M,10,10,2026-06-01,0.01034,0.019776000000000002,-47.71440129449839,-29.514916063727405,vertex_out,0.6023673537605121,-18.57764099708125,1.713391604078946,0.9988028485062084
COTIUSDT,1M_MA20,1M,20,10,2026-06-01,0.01034,0.050675500000000005,-79.59566259829701,-15.346129431024668,vertex_out,0.34018683132438615,-10.137601446337694,1.6555610872986821,0.9951927514860892
COWUSDT,1d_MA20,1d,20,10,2026-06-15,0.1588,0.147905,7.36621480004056,-0.24280848480761064,low_a,0.057497280104734996,-1.2347293878066707,1.1930316873323126,0.9914233667561392
COWUSDT,1w_MA10,1w,10,10,2026-06-15,0.1588,0.16942000000000002,-6.268445283909818,-5.67340348532931,low_a,-0.12470431545575933,-1.2967276262073975,-0.5776899012267634,0.9925549965065751
COWUSDT,1w_MA20,1w,20,10,2026-06-15,0.1588,0.18868500000000002,-15.838566923708841,-1.0047219307450006,low_a,-0.09132170573475112,-0.34811994272473595,-0.2117787514198975,0.9537964749475306
COWUSDT,1M_MA10,1M,10,10,2026-06-01,0.1588,0.19648,-19.17752442996742,-16.313144220120968,vertex_out,0.6205750014336028,-12.39725568406858,1.1098359187876325,0.9428913216087877
CRCLUSDT,1d_MA20,1d,20,10,2026-06-15,83.93,91.2625,-8.034515819750709,-2.8502235469448522,low_a,-0.002435546755140151,-1.6223020737020144,-37.00519926100081,0.9982641873456134
CRCLUSDT,1w_MA10,1w,10,10,2026-06-15,83.93,100.687,-16.642664892190638,-1.2398112818903129,low_a,-0.39170212146122424,4.294627669016388,0.6091119066866857,0.9402645714490816
CRCLUSDT,1w_MA20,1w,20,10,2026-06-15,83.93,94.0915,-10.79959401221151,1.6266045979121957,low_a,-0.04737602843692316,1.685617754087328,1.9766416449895041,0.9832905394178542
CRDOUSDT,1d_MA20,1d,20,10,2026-06-15,257.69,229.36999999999998,12.346863146880604,1.51720353010949,low_a,-0.03468799478491735,1.2424687920364168,1.9899116230274656,0.9988674710436197
CROSSUSDT,1d_MA20,1d,20,10,2026-06-15,0.09476,0.0960205,-1.3127405085372357,0.055748330155158676,low_a,0.03179179098554979,-0.5109057251899434,0.8927981255394647,0.9656855868280222
CROSSUSDT,1w_MA10,1w,10,10,2026-06-15,0.09476,0.09706200000000001,-2.3716799571408043,5.748153313141446,vertex_out,0.2533332725329951,0.2601255894628188,-0.057045099099412834,0.9837105907716279
CROSSUSDT,1w_MA20,1w,20,10,2026-06-15,0.09476,0.088845,6.657662220721483,-2.4983126923942223,low_a,-0.02663860104987514,-1.517125081163325,-3.1640072454814927,0.9843067314132171
CROUSDT,1d_MA20,1d,20,10,2026-06-15,0.0625,0.0624995,0.0008000064000590612,-0.9563729141245148,low_a,0.007493969284945657,-0.7276222768836895,5.394132040022736,0.9974497666851156
CROUSDT,1w_MA10,1w,10,10,2026-06-15,0.0625,0.067418,-7.294787742146025,-1.828930890875724,low_a,-0.028375518773590805,-0.6360766517921259,-1.24535491485421,0.9815639214371176
CROUSDT,1w_MA20,1w,20,10,2026-06-15,0.0625,0.07089,-11.835237692199174,-2.9163442642033854,low_a,-0.011233274422576737,-1.8050848559144672,-8.927271623819635,0.9946356566001053
CROUSDT,1M_MA10,1M,10,10,2026-06-01,0.0625,0.0965,-35.23316062176166,-23.863474981458964,low_a,-0.6128483885091418,3.0874604852223135,0.27988257084205764,0.8742748395290947
CRVUSDT,1d_MA20,1d,20,10,2026-06-15,0.2382,0.21300499999999997,11.828360836600083,0.7568411343156667,pass,0.10393659658717389,-1.077760821314612,0.5760781394638619,0.9311303111863026
CRVUSDT,1w_MA10,1w,10,10,2026-06-15,0.2382,0.22881999999999997,4.099292019928336,2.3619933792609737,low_r2,0.04544192176589661,-0.3663253436127577,0.44785535443089297,0.30341357047887396
CRVUSDT,1w_MA20,1w,20,10,2026-06-15,0.2382,0.22920500000000002,3.92443445823607,-3.150088734893941,low_a,0.00280670555637997,-2.964261613068654,58.6741991341759,0.9892405312026622
CRVUSDT,1M_MA10,1M,10,10,2026-06-01,0.2382,0.33887999999999996,-29.709631728045316,-26.766650819034453,low_a,-0.4082299150881749,-3.2338114748304245,-0.4400858104858145,0.9907713745164861
CRVUSDT,1M_MA20,1M,20,10,2026-06-01,0.2382,0.5143800000000001,-53.69182316575295,-0.7352515486597544,vertex_out,0.10439374346769548,-1.787331454732915,0.9511699516775491,0.9828363536129779
CRWVUSDT,1d_MA20,1d,20,10,2026-06-15,107.77,105.585,2.0694227399725262,0.0018942443385627783,low_a,0.004901468191255675,-0.3159851073847287,3.581524454113259,0.9314320949901729
CTKUSDT,1d_MA20,1d,20,10,2026-06-15,0.1286,0.13574999999999998,-5.267034990791886,-2.3521795425118674,low_a,0.07104520370194209,-2.107466127725857,1.6479853028716822,0.9987311163741767
CTKUSDT,1w_MA10,1w,10,10,2026-06-15,0.1286,0.16116,-20.203524447753786,-4.49777777777779,low_r2,-0.05768399469094882,-0.36708961774797844,-0.3535446489434177,0.7589465779795048
CTKUSDT,1w_MA20,1w,20,10,2026-06-15,0.1286,0.17248000000000002,-25.440630797773668,-5.54734132851431,low_a,-0.111720791201559,-1.5255032971884843,-0.7585891781256502,0.9963760514222566
CTSIUSDT,1d_MA20,1d,20,10,2026-06-15,0.02453,0.0250685,-2.148114167181925,-1.9612827532264343,low_a,0.012970690596258733,-1.3465239380472787,5.767378759975073,0.9974780618802445
CTSIUSDT,1w_MA10,1w,10,10,2026-06-15,0.02453,0.029613,-17.164758720832076,-6.124583927722316,low_a,-0.3919879965633135,4.826122657100584,0.6839952441022533,0.9340081088678446
CTSIUSDT,1w_MA20,1w,20,10,2026-06-15,0.02453,0.027963,-12.276937381539888,-1.7359524897213374,low_a,-0.08864530422090743,0.024765042166230163,0.015520683108865433,0.9688238480013404
CTSIUSDT,1M_MA10,1M,10,10,2026-06-01,0.02453,0.035365,-30.637636080870923,-19.573819703447636,vertex_out,0.6683951492500777,-15.043565982896501,1.2503885862340065,0.9892339783928371
CUSDT,1d_MA20,1d,20,10,2026-06-15,0.08988,0.09175900000000001,-2.0477555335171593,0.005994321742508468,low_a,-0.07707861833095998,1.1960413440292914,0.8620645098962696,0.9868607303019917
CUSDT,1w_MA10,1w,10,10,2026-06-15,0.08988,0.084632,6.200964174307599,5.667161924263042,low_a,-0.07740868740893246,4.150908854449554,2.9790719257540235,0.9970558971347745
CUSDT,1w_MA20,1w,20,10,2026-06-15,0.08988,0.07247699999999999,24.01175545345422,3.7698299066490915,low_r2,0.14143106733883365,-0.9823379024219872,0.3858722764326321,0.7143476180711363
CVCUSDT,1d_MA20,1d,20,10,2026-06-15,0.02347,0.0248735,-5.642551309626709,-2.305532098741181,low_a,0.012283599730224748,-1.4473871096263489,6.546158841482405,0.9990142566199325
CVCUSDT,1w_MA10,1w,10,10,2026-06-15,0.02347,0.028655000000000003,-18.094573372884316,-4.179903026249776,low_a,-0.1807839796341723,1.1272149247358674,0.34639712822417407,0.8804787407861201
CVCUSDT,1w_MA20,1w,20,10,2026-06-15,0.02347,0.0297095,-21.0016997929955,-4.765033978715227,low_a,-0.09129242884046937,-1.3640936542055,-0.8301124392431579,0.9942389497111361
CVCUSDT,1M_MA10,1M,10,10,2026-06-01,0.02347,0.04069,-42.319980339149666,-24.505547515677772,vertex_out,0.35233938774541,-13.834975706533035,2.181447173398144,0.9942023402799962
CVXUSDT,1d_MA20,1d,20,10,2026-06-15,1.375,1.38285,-0.5676682214267537,-2.0262850260370557,low_a,0.05091988597683852,-1.7465845385887333,1.9055909592998121,0.9988072239148434
CVXUSDT,1w_MA10,1w,10,10,2026-06-15,1.375,1.6047,-14.314202031532375,-4.305563838034487,low_a,-0.11576133647897924,-0.47596956424858716,-0.2284247433007791,0.9813492806183524
CVXUSDT,1w_MA20,1w,20,10,2026-06-15,1.375,1.7261000000000002,-20.340652337639774,-3.1097389840022416,low_a,-0.17410741994252918,0.6821617084325045,0.21766948647682183,0.9779835774653087
CYBERUSDT,1d_MA20,1d,20,10,2026-06-15,0.3616,0.392625,-7.901942056669853,-2.6601876758686527,low_a,0.008845536348396908,-1.59119425909263,9.993705025780882,0.9983725123760218
CYBERUSDT,1w_MA10,1w,10,10,2026-06-15,0.3616,0.46847999999999984,-22.8142076502732,-5.439719031952039,low_a,-0.19037830802235836,0.48589001613187693,0.1417907852292398,0.9874074727177934
CYBERUSDT,1w_MA20,1w,20,10,2026-06-15,0.3616,0.49852999999999986,-27.46675225161974,-6.066230156860907,low_a,-0.11433951949561397,-1.4201274085024116,-0.690014856517298,0.9943390389745899
CYBERUSDT,1M_MA10,1M,10,10,2026-06-01,0.3616,0.70495,-48.70558195616711,-27.964889333960063,vertex_out,0.2752943081211555,-10.94189854194851,2.2081213973481306,0.9725031912981839
CYBERUSDT,1M_MA20,1M,20,10,2026-06-01,0.3616,1.382435,-73.84325483657459,-17.05879353118167,vertex_out,1.34213460251383,-24.32708066498394,1.0069813257601856,0.9943872893663747
CYSUSDT,1d_MA20,1d,20,10,2026-06-15,0.45957,0.450216,2.077669385361691,0.23756036415534254,low_r2,0.01700160201554669,-0.15930208901161186,0.5205460078472541,0.42396350803370497
CYSUSDT,1w_MA10,1w,10,10,2026-06-15,0.45957,0.461212,-0.35601849041222433,10.366578844722675,low_r2,0.12194924063056282,0.20016162037523813,-0.09118621783414087,0.7417902052919481
DASHUSDT,1d_MA20,1d,20,10,2026-06-15,38.29,37.0515,3.3426446972457224,-1.551726428505007,low_a,0.02225633469895739,-1.482062373918753,3.699477010241895,0.9878698403750147
DASHUSDT,1w_MA10,1w,10,10,2026-06-15,38.29,39.691,-3.5297674535789025,1.3611522549670685,low_a,-0.08035433290052825,2.9816545825756413,2.0614629084758276,0.9638221615571143
DASHUSDT,1w_MA20,1w,20,10,2026-06-15,38.29,36.7915,4.072951632849975,-3.4102991559575413,low_a,-0.22714003710373143,1.1842887721834547,0.2896619262539415,0.8525691948512313
DEEPUSDT,1d_MA20,1d,20,10,2026-06-15,0.01788,0.0211355,-15.402994961084438,-6.278961488149337,low_a,0.047146393116838346,-3.70316162587689,4.363667882880484,0.9994540255525887
DEEPUSDT,1w_MA10,1w,10,10,2026-06-15,0.01788,0.027685000000000005,-35.41629040996931,-6.387367282072076,low_a,-0.4779497969721337,4.3564663929853396,0.5063835412310445,0.858667723407373
DEEPUSDT,1w_MA20,1w,20,10,2026-06-15,0.01788,0.027725,-35.50946798917944,-4.908080669501979,low_a,-0.26886721469827013,0.5092698759512437,0.1052295309338147,0.9544784563689173
DEEPUSDT,1M_MA10,1M,10,10,2026-06-01,0.01788,0.04212200000000001,-57.551873130430664,-35.87760694169583,low_a,-0.030035467816517503,-11.987594358088973,-22.173034507291177,0.9902513777224
DEXEUSDT,1d_MA20,1d,20,10,2026-06-15,19.025,18.8576,0.8877057525878085,0.8427807486631078,low_a,-0.09895305167043889,2.219560442850793,1.2461355300328538,0.9929801636283404
DEXEUSDT,1w_MA10,1w,10,10,2026-06-15,19.025,15.5756,22.146177354323427,13.499963564818174,vertex_out,0.1146741726576532,8.220046768165618,-3.9823201189462645,0.9985096889507188
DEXEUSDT,1w_MA20,1w,20,10,2026-06-15,19.025,10.397,82.98547657978261,17.79567882351609,vertex_out,0.4575483350209724,4.427523040085394,-0.5375902028267502,0.9991081822718367
DIAUSDT,1d_MA20,1d,20,10,2026-06-15,0.1283,0.140685,-8.803355012972247,-3.342493988320172,low_a,0.012972994640440398,-1.936825931384099,8.29426386233342,0.9994752625270381
DIAUSDT,1w_MA10,1w,10,10,2026-06-15,0.1283,0.16819,-23.717224567453478,-5.738945244633764,low_a,-0.25668337648357403,1.7717586993399954,0.38347258868367295,0.903234984943023
DIAUSDT,1w_MA20,1w,20,10,2026-06-15,0.1283,0.174905,-26.645893485034733,-5.726836630194587,low_a,-0.05547368915333301,-2.3563504673922027,-2.3598278985507397,0.9958515199452204
DIAUSDT,1M_MA10,1M,10,10,2026-06-01,0.1283,0.27343,-53.077570127637784,-29.736605422073747,low_a,-0.47314752231680585,-2.306516975498296,-0.27082426923569275,0.9903602211989068
DOGEUSDT,1d_MA20,1d,20,10,2026-06-15,0.0881,0.090719,-2.88693658439797,-1.420250798687328,low_a,0.023160061429204706,-1.1153069707086551,2.675359845745917,0.998696496768673
DOGEUSDT,1w_MA10,1w,10,10,2026-06-15,0.0881,0.098741,-10.776678380814452,-0.6209867348376807,low_a,-0.13143202035250642,1.9839655276734727,0.8386107646930713,0.9210768986799661
DOGEUSDT,1w_MA20,1w,20,10,2026-06-15,0.0881,0.0961945,-8.414722255430407,-2.364398522187483,low_a,-0.032102209377318974,-1.236000845748962,-2.139002734847119,0.9890409022998692
DOGEUSDT,1M_MA10,1M,10,10,2026-06-01,0.0881,0.126792,-30.51612089090794,-15.635105462771982,vertex_out,0.14180088520963702,-6.892267066233935,2.7002915061905592,0.9880109325173615
DOGEUSDT,1M_MA20,1M,20,10,2026-06-01,0.0881,0.18279450000000003,-51.80380153669832,-2.3356271972473475,low_a,-0.012104490276134685,-0.6070488699612862,-2.786150961396848,0.8994367586718445
DOGSUSDT,1d_MA20,1d,20,10,2026-06-15,4.485e-05,4.4566e-05,0.6372571018264939,-1.5975005244041163,low_a,0.08727465547892449,-2.0442225279534743,1.3012703126288754,0.9964625838010714
DOGSUSDT,1w_MA10,1w,10,10,2026-06-15,4.485e-05,4.517e-05,-0.7084348018596476,8.64179714746134,low_a,-0.03630005994013592,6.197582755339209,9.485112521638202,0.9776445669116517
DOGSUSDT,1w_MA20,1w,20,10,2026-06-15,4.485e-05,3.6266499999999996e-05,23.667847738270865,3.3616439137002185,low_r2,0.06122456275830313,0.20249994157672443,-0.18374972800825384,0.7132992683240371
DOGSUSDT,1M_MA10,1M,10,10,2026-06-01,4.485e-05,4.6334e-05,-3.20283161393361,-27.300969655129126,vertex_out,1.4509510502477951,-27.77317942441979,1.0634090048759803,0.9789597627515136
DOLOUSDT,1d_MA20,1d,20,10,2026-06-15,0.02454,0.026043500000000004,-5.7730335784360935,-2.697502381797434,low_a,0.0611719006874206,-2.0289408631573633,1.8426587301586865,0.9973342234920717
DOLOUSDT,1w_MA10,1w,10,10,2026-06-15,0.02454,0.029778,-17.590167237557928,-4.627998590782445,low_a,-0.1137307749498026,-0.22457131119282156,-0.10969927849927488,0.9657776918212733
DOLOUSDT,1w_MA20,1w,20,10,2026-06-15,0.02454,0.031779,-22.779193807231202,-5.244796946746966,low_a,-0.24052426700538648,0.1705714018309416,0.03939805786995974,0.9782104268130782
DOODUSDT,1d_MA20,1d,20,10,2026-06-15,0.001603,0.0018291499999999999,-12.363666183746535,-4.664738227399489,low_a,0.04203728201140636,-2.9763151100656393,3.933433170185098,0.9996851702925883
DOODUSDT,1w_MA10,1w,10,10,2026-06-15,0.001603,0.0025147999999999998,-36.25735644981708,-9.321025493094881,low_a,-0.33048264765470875,0.9726005639679746,0.1634983411333052,0.9753124770725833
DOODUSDT,1w_MA20,1w,20,10,2026-06-15,0.001603,0.0028426999999999997,-43.60994828859886,-9.155694746261034,low_a,-0.09861444164973635,-3.434333506295617,-1.9347704323367951,0.9965572133310778
DOTUSDT,1d_MA20,1d,20,10,2026-06-15,1.01,1.04885,-3.7040568241407335,-2.3417132216014935,low_a,0.008030826395176546,-1.4194689827025493,9.81958568738128,0.9979569961297672
DOTUSDT,1w_MA10,1w,10,10,2026-06-15,1.01,1.1746,-14.013281116975996,-3.768638374569866,low_a,-0.08681144767913315,-0.771776395622033,-0.4939033683889653,0.9980382981751154
DOTUSDT,1w_MA20,1w,20,10,2026-06-15,1.01,1.26515,-20.167569062956957,-4.922406342764807,low_a,-0.05813778161303541,-2.1487307590434925,-2.053293533842136,0.9944698831883992
DOTUSDT,1M_MA10,1M,10,10,2026-06-01,1.01,1.8639,-45.81254359139438,-21.885084447424674,vertex_out,0.2827261353332446,-11.634374286651813,2.286149196197815,0.9977236798091931
DOTUSDT,1M_MA20,1M,20,10,2026-06-01,1.01,3.41125,-70.3920850128252,-8.324375167965602,vertex_out,0.28385084862114485,-7.847394535475434,1.5358994528279601,0.9991630073432077
DRAMUSDT,1d_MA20,1d,20,10,2026-06-15,70.94,63.387,11.915692492151386,1.6754220636002737,low_a,0.024137638965559927,0.5436247037667568,-1.2512148547162554,0.9943917597688178
DRIFTUSDT,1d_MA20,1d,20,10,2026-06-15,0.01686,0.0196845,-14.348853158576546,-9.311004123378863,low_a,-0.08756176676577147,-2.021089339079075,-1.2823261248291846,0.9959752070642328
DRIFTUSDT,1w_MA10,1w,10,10,2026-06-15,0.01686,0.027646000000000004,-39.01468566881285,-16.353514265831592,vertex_out,0.26681939140595484,-12.615545014784397,2.6267341674058877,0.9971121611880642
DRIFTUSDT,1w_MA20,1w,20,10,2026-06-15,0.01686,0.050773,-66.79337443129224,-18.029399181472538,low_a,0.08689376108872429,-9.4385175822133,6.034519410033713,0.9983594965155164
DRIFTUSDT,1M_MA10,1M,10,10,2026-06-01,0.01686,0.196394,-91.41521635080501,-35.24333948826167,vertex_out,0.43606002974324953,-16.606689127194482,2.1157496158107247,0.9962209434085638
DYDXUSDT,1d_MA20,1d,20,10,2026-06-15,0.1208,0.14832499999999998,-18.557222315860432,-2.533184386910259,low_a,-0.056748800495702176,-0.34429231441264296,-0.3370529532540689,0.9894653572293245
DYDXUSDT,1w_MA10,1w,10,10,2026-06-15,0.1208,0.14696000000000017,-17.800762112139456,3.668171557562072,low_a,-0.10491965468268918,5.852614122756309,3.098992557927884,0.987902628587059
DYDXUSDT,1w_MA20,1w,20,10,2026-06-15,0.1208,0.12042000000000011,0.31556219897017623,-1.8661885746882545,low_a,0.0018568253485664239,-1.1522020570989413,34.473476702483616,0.980530375121805
DYDXUSDT,1M_MA10,1M,10,10,2026-06-01,0.1208,0.20776,-41.8559876780901,-29.065519478302427,vertex_out,0.8240496547520108,-20.190711638326107,1.3612119071475057,0.9939203045211191
DYDXUSDT,1M_MA20,1M,20,10,2026-06-01,0.1208,0.52677,-77.06779049680125,-13.96934534259887,vertex_out,1.0020839488822564,-18.730092695445936,1.03839673957777,0.9956962817518347
DYMUSDT,1d_MA20,1d,20,10,2026-06-15,0.01723,0.01778,-3.093363329583809,-4.334023835785949,low_a,0.012326008805174185,-2.5651234618037018,11.561476325513683,0.998306423627174
DYMUSDT,1w_MA10,1w,10,10,2026-06-15,0.01723,0.01966,-12.360122075279767,-1.3002660776143316,vertex_out,0.5712109921044728,-10.101741083998172,0.9824878123095628,0.9969302626984428
DYMUSDT,1w_MA20,1w,20,10,2026-06-15,0.01723,0.0261835,-34.19519926671377,-11.362559241706183,vertex_out,0.1442211825255407,-7.983858813948164,3.075468555442329,0.9988685907403339
DYMUSDT,1M_MA10,1M,10,10,2026-06-01,0.01723,0.058365,-70.47888289214427,-41.973872584108804,vertex_out,2.4433629096229033,-41.875849645417006,0.9521451284414835,0.9726142010061318
EDGEUSDT,1d_MA20,1d,20,10,2026-06-15,0.3496,0.6947,-49.676119188138756,-12.36170508017006,low_a,-0.013341003993198349,-5.047734997235378,-21.02013628146755,0.9994569957359071
EGLDUSDT,1d_MA20,1d,20,10,2026-06-15,3.053,3.1696,-3.6786976274608807,-2.5862466384940497,low_a,0.008246567818700604,-1.6013851373337205,10.788226437820366,0.9984042088552838
EGLDUSDT,1w_MA10,1w,10,10,2026-06-15,3.053,3.7546999999999997,-18.688576983513993,-3.62432300623734,low_a,-0.1219980789901697,0.21339703045678426,0.09717686277574696,0.958462141395161
EGLDUSDT,1w_MA20,1w,20,10,2026-06-15,3.053,3.961,-22.923504165614737,-5.072316154002854,low_a,0.0010530019600776945,-2.8263604634295976,149.11655599815145,0.9953796409968118
EGLDUSDT,1M_MA10,1M,10,10,2026-06-01,3.053,5.8391,-47.714545049750825,-27.17692250130952,vertex_out,0.7365299433644705,-18.72553492636922,1.4124442669055302,0.9956922393646359
EGLDUSDT,1M_MA20,1M,20,10,2026-06-01,3.053,13.837549999999998,-77.93684575665489,-13.771841272215168,vertex_out,0.4765939499946104,-12.14712596201863,1.415964955557847,0.997550202442576
EIGENUSDT,1d_MA20,1d,20,10,2026-06-15,0.2143,0.19597,9.353472470276047,-1.961078593226262,low_a,-0.07546917635744775,0.06628519546014326,0.04879489927722572,0.9908708605093255
EIGENUSDT,1w_MA10,1w,10,10,2026-06-15,0.2143,0.19647,9.075176871787027,6.033784877759185,vertex_out,0.17250101500417236,-0.5070424145023551,0.16329772336253953,0.9563456962171165
EIGENUSDT,1w_MA20,1w,20,10,2026-06-15,0.2143,0.189415,13.13781907451892,-3.7305278137785503,vertex_out,0.2144780738203701,-6.118863526587718,1.5849492516093313,0.996990006806055
EIGENUSDT,1M_MA10,1M,10,10,2026-06-01,0.2143,0.45016999999999996,-52.395761601172886,-30.009794928403732,vertex_out,0.9053309032660298,-21.03305570887039,1.2906917136284712,0.9827516450345122
ELSAUSDT,1d_MA20,1d,20,10,2026-06-15,0.04872,0.0522335,-6.726526080006135,-3.6397848966452373,low_a,0.008904140487427414,-1.8728562455464381,11.685301837267595,0.9996056901624452
ELSAUSDT,1w_MA10,1w,10,10,2026-06-15,0.04872,0.063347,-23.090280518414453,-4.433817095615966,low_a,-0.1706767112295011,0.647633706217391,0.2108058567933761,0.9750526527510481
ENAUSDT,1d_MA20,1d,20,10,2026-06-15,0.08542,0.08785499999999999,-2.771612315747529,-1.5359958756185121,low_a,0.032474396649239706,-1.4569444296347203,2.492466852461873,0.9914804974511692
ENAUSDT,1w_MA10,1w,10,10,2026-06-15,0.08542,0.10046999999999999,-14.979595899273413,-0.20858164481525332,low_r2,-0.0707429592311189,0.7441295940920891,0.5843766426289234,0.32991085229502215
ENAUSDT,1w_MA20,1w,20,10,2026-06-15,0.08542,0.10076,-15.224295355299732,-6.046901953471018,vertex_out,0.10495042739267471,-5.599198395540613,2.9639381683141743,0.9944024573370658
ENAUSDT,1M_MA10,1M,10,10,2026-06-01,0.08542,0.201814,-57.6738977474308,-33.90948388787005,low_a,0.030963232356901457,-8.610416622521843,15.449177705840178,0.9690110599960529
ENJUSDT,1d_MA20,1d,20,10,2026-06-15,0.03152,0.0333405,-5.460326029903584,-2.5345319008989287,low_a,0.07548359043912359,-2.4105838114736953,1.7741779647810387,0.9984818291526435
ENJUSDT,1w_MA10,1w,10,10,2026-06-15,0.03152,0.043406,-27.38331106298668,1.0899436396665019,low_a,-0.619552390219664,11.072305570744891,0.9928588719438396,0.9988394447158603
ENJUSDT,1w_MA20,1w,20,10,2026-06-15,0.03152,0.032601000000000005,-3.3158492070795575,1.7763486513486804,low_a,-0.28395086067732817,4.500036242738284,0.8804411188932925,0.9913620391017933
ENJUSDT,1M_MA10,1M,10,10,2026-06-01,0.03152,0.035378,-10.905082254508457,-15.658227244552513,vertex_out,1.386470505457626,-23.671998173268648,0.9485315442696441,0.9913221413186315
ENJUSDT,1M_MA20,1M,20,10,2026-06-01,0.03152,0.080172,-60.68452826423189,-12.828570030607644,vertex_out,0.9915536291720906,-18.198505671922398,1.0196403534206693,0.9958455809759225
ENSOUSDT,1d_MA20,1d,20,10,2026-06-15,0.6802,0.64853,4.883351579726458,-1.597730100446082,low_a,0.07631053864230863,-2.093736120576237,1.5242805965578161,0.9977185416606187
ENSOUSDT,1w_MA10,1w,10,10,2026-06-15,0.6802,0.79061,-13.965166137539365,-5.429425837320567,vertex_out,0.17285093129523824,-5.940746204437874,1.9093993496533517,0.9890914471099657
ENSOUSDT,1w_MA20,1w,20,10,2026-06-15,0.6802,0.995025,-31.63990854501143,-5.788422208756239,low_a,-0.2832634534398936,2.607749377477896,0.511449548666115,0.9083850630972073
ENSUSDT,1d_MA20,1d,20,10,2026-06-15,5.408,5.2033000000000005,3.934041858051618,-1.8152655910934956,low_a,0.03749838794878679,-1.6440438581697414,2.4357252376571563,0.9984915695969578
ENSUSDT,1w_MA10,1w,10,10,2026-06-15,5.408,5.9033,-8.390222417969595,-1.0957159850553788,low_r2,-0.11618049695085939,1.1674017445849365,0.5582318390699669,0.5444400774203143
ENSUSDT,1w_MA20,1w,20,10,2026-06-15,5.408,5.913600000000001,-8.549783549783552,-3.9048408326427086,low_a,0.006787969000354169,-2.916994511727905,23.873893743930598,0.9932050505645454
ENSUSDT,1M_MA10,1M,10,10,2026-06-01,5.408,9.163499999999999,-40.98324875866207,-29.27160598646177,low_a,-0.02084167493152658,-8.90143219315359,-23.727652041185205,0.9912885424297907
ENSUSDT,1M_MA20,1M,20,10,2026-06-01,5.408,17.1824,-68.52593351336252,-6.520863935585652,low_a,-0.08717623861302763,-2.822464373058459,-1.7986962821035586,0.9826246641430557
EPICUSDT,1d_MA20,1d,20,10,2026-06-15,0.4956,0.454765,8.9793629676866,6.63344861949704,low_a,0.06463862648771201,2.970280409547549,-2.55289425649487,0.995346068712117
EPICUSDT,1w_MA10,1w,10,10,2026-06-15,0.4956,0.37873,30.85839516278086,14.860643556849551,vertex_out,0.6812123677819735,-2.22682132255218,0.18160606229177897,0.9366675391000985
EPICUSDT,1w_MA20,1w,20,10,2026-06-15,0.4956,0.323235,53.32498027750707,1.1468535845041927,vertex_out,0.29894473562184587,-6.082302786744434,1.1303283520674843,0.9225947112581621
ERAUSDT,1d_MA20,1d,20,10,2026-06-15,0.1025,0.108565,-5.586514991019209,-3.484909098990996,low_a,-0.029249272166995095,-1.062418535057864,-2.0179391682183816,0.9987096498609473
ERAUSDT,1w_MA10,1w,10,10,2026-06-15,0.1025,0.12401,-17.345375372953797,-3.0565978736710298,low_a,-0.059146588766225125,-0.34740563375176864,-0.32631320569463773,0.9722388418802166
ERAUSDT,1w_MA20,1w,20,10,2026-06-15,0.1025,0.130895,-21.692960006111782,-6.171821798501853,low_a,-0.0838988428320247,-1.9740357816954077,-1.307153362749034,0.9963926464609488
ESPORTSUSDT,1d_MA20,1d,20,10,2026-06-15,0.06308,0.07599900000000001,-16.998907880366865,1.530322563407216,vertex_out,1.1263179126885994,-25.631371084063044,1.2642656608617908,0.9899573962358778
ESPORTSUSDT,1w_MA10,1w,10,10,2026-06-15,0.06308,0.30579100000000004,-79.37153153624534,-20.277654665380496,low_r2,-1.056565926626632,9.213922137696404,0.48447952967751234,0.6441180733650753
ESPORTSUSDT,1w_MA20,1w,20,10,2026-06-15,0.06308,0.3318865,-80.99350229671892,-11.471909393055101,low_r2,-0.4994545766738766,2.9831227373330367,0.33182004671299825,0.8483043285207361
ESPUSDT,1d_MA20,1d,20,10,2026-06-15,0.072417,0.06636165,9.124773118209095,0.525336344776961,low_a,0.02997117349622569,-0.09610708210281285,0.17814725672044643,0.9338066912932361
ETCUSDT,1d_MA20,1d,20,10,2026-06-15,7.412,7.49375,-1.090909090909098,-1.9315958567530545,low_a,0.017581451790712133,-1.2917741888193124,4.081871825288962,0.9994866686740558
ETCUSDT,1w_MA10,1w,10,10,2026-06-15,7.412,8.287600000000001,-10.56518171726436,-2.6133960047003413,low_r2,-0.15295305869953843,1.4997640011444293,0.5447437468346166,0.6992535383855374
ETCUSDT,1w_MA20,1w,20,10,2026-06-15,7.412,8.3197,-10.910249167638252,-3.475360385184323,low_a,-0.011544215248038652,-1.9644076050919064,-9.453544783564299,0.9952533165181427
ETCUSDT,1M_MA10,1M,10,10,2026-06-01,7.412,10.998099999999999,-32.60654112983151,-18.910410015557144,low_a,-0.0643743711242751,-5.371360216604552,-4.635523356746973,0.9939645211455038
ETCUSDT,1M_MA20,1M,20,10,2026-06-01,7.412,16.10755,-53.98431170475957,-6.518849966339357,vertex_out,0.13709941567352033,-5.060442864795635,2.0505974684848187,0.9980871297910107
ETHFIUSDT,1d_MA20,1d,20,10,2026-06-15,0.3381,0.334875,0.9630459126539925,-1.27651420232604,low_a,0.0368724964097489,-1.281719328255609,1.9311583505560301,0.9976832624187187
ETHFIUSDT,1w_MA10,1w,10,10,2026-06-15,0.3381,0.38629,-12.475083486499782,-4.765544105320252,low_a,-0.16596449330637497,-1.1655657791886478,-0.3901657102030391,0.9779806320960355
ETHFIUSDT,1w_MA20,1w,20,10,2026-06-15,0.3381,0.43316499999999997,-21.946602333983577,-4.239067957730935,low_a,0.04326657931227019,-3.700484237191945,4.751530185412012,0.9954811113476904
ETHFIUSDT,1M_MA10,1M,10,10,2026-06-01,0.3381,0.64962,-47.95418860256765,-17.89226219065194,low_a,-0.01334504674324223,-5.215386082265205,-21.711701488320262,0.9426403981832844
ETHUSDT,1d_MA20,1d,20,10,2026-06-15,1795.09,1792.5240000000001,0.14315010566106068,-1.8207421376172706,low_a,0.020042889217412083,-1.3295101758329038,3.685181095098537,0.9990336290613805
ETHUSDT,1w_MA10,1w,10,10,2026-06-15,1795.09,2076.808,-13.564951598799702,-3.6207513450023265,low_a,-0.29798208419206257,2.801481158042283,0.5223060390877217,0.9838805404872834
ETHUSDT,1w_MA20,1w,20,10,2026-06-15,1795.09,2058.395,-12.791762513997561,-3.663884235382875,low_a,-0.07857061276012568,-1.4111148678465433,-0.9977683472478197,0.9924756773212002
ETHUSDT,1M_MA10,1M,10,10,2026-06-01,1795.09,2652.628,-32.327865045532214,-13.90774731220137,low_r2,-0.5114914614405055,3.9808175501568615,0.43237580142868925,0.8148371711953413
ETHUSDT,1M_MA20,1M,20,10,2026-06-01,1795.09,2790.786,-35.6779774586801,-2.3075699236165925,low_a,-0.048791923965694706,-0.826905379299186,-0.941532614519223,0.9485871639677877
ETHWUSDT,1d_MA20,1d,20,10,2026-06-15,0.2462,0.25033500000000003,-1.6517866059480357,-1.0103206927913,low_a,0.034980391632638115,-1.128074756636721,1.7915985753194592,0.9952752021577934
ETHWUSDT,1w_MA10,1w,10,10,2026-06-15,0.2462,0.27782999999999997,-11.384659683979404,-0.8847347579465481,low_a,-0.015217627586300481,-0.2951042993194473,-1.0773481741847857,0.8759170139326576
ETHWUSDT,1w_MA20,1w,20,10,2026-06-15,0.2462,0.28664500000000004,-14.109787367649895,-5.866802403861926,low_a,-0.01392971814286726,-3.5392377836818367,-14.115455840457152,0.9957243816329422
ETHWUSDT,1M_MA10,1M,10,10,2026-06-01,0.2462,0.5155899999999999,-52.248879923970584,-34.319745222929946,vertex_out,0.43685478194908933,-16.32704910385085,2.076338227317327,0.994318458770253
ETNUSDT,1d_MA20,1d,20,10,2026-06-15,409.21,401.48,1.925376108398913,0.05345587896294912,low_a,-0.01936967220556024,0.2514127952330318,0.7210951927692792,0.8918285995910958
EULUSDT,1d_MA20,1d,20,10,2026-06-15,1.039,1.04885,-0.9391238022596338,-1.7792761155592918,low_a,0.0672104485397336,-2.1027852282119697,1.7381434599155958,0.9986477923933005
EULUSDT,1w_MA10,1w,10,10,2026-06-15,1.039,1.2188,-14.752215293731552,1.5074539851753332,low_a,-0.18947729715620268,4.4388858993506615,1.301500369106754,0.9946691255946342
EULUSDT,1w_MA20,1w,20,10,2026-06-15,1.039,1.0721,-3.0873985635668455,-5.065084565660138,vertex_out,0.3275833734017553,-8.528803940065307,1.4464178575193842,0.9971531154892928
EWHUSDT,1d_MA20,1d,20,10,2026-06-15,21.879,22.48355,-2.688854740465807,-0.6045454746400281,low_a,0.013425009352472112,-0.49532470628149744,2.0497594091279896,0.998081379939352
EWJUSDT,1d_MA20,1d,20,10,2026-06-15,94.1,92.13050000000001,2.1377285480920882,0.04397871647301432,low_r2,0.0006595208303789266,-0.026320428503615063,2.217133956388434,0.6226854453523629
EWTUSDT,1d_MA20,1d,20,10,2026-06-15,106.15,102.417,3.644902701699926,0.5552200998512502,low_a,-0.0069528951457961275,0.3893565043616173,3.111066175369732,0.9948657277214211
EWYUSDT,1d_MA20,1d,20,10,2026-06-15,210.07,197.1155,6.572035177345259,0.5255373944972774,low_a,0.014555802164708103,0.05521581151736988,-0.21074380165291579,0.9587324201017983
FARTCOINUSDT,1d_MA20,1d,20,10,2026-06-15,0.1285,0.13264499999999999,-3.1248822043800972,-3.5729863332364276,low_a,0.05527320065070841,-2.757652132263121,2.771739187042655,0.9987131119042337
FARTCOINUSDT,1w_MA10,1w,10,10,2026-06-15,0.1285,0.17634,-27.129409096064418,-5.213932487637074,low_a,-0.4786737731200081,4.7805368757716,0.5548358754987112,0.8618120202455923
FARTCOINUSDT,1w_MA20,1w,20,10,2026-06-15,0.1285,0.17474499999999998,-26.464276517210784,-6.30546097959841,low_a,-0.11146707150217429,-2.7067306149098407,-1.3490434531386564,0.9867830615156947
FETUSDT,1d_MA20,1d,20,10,2026-06-15,0.2132,0.22305999999999998,-4.420335335784086,-1.268119951311275,low_a,-0.06426265864660781,0.45563087622676796,0.39389634649637767,0.9523225035440422
FETUSDT,1w_MA10,1w,10,10,2026-06-15,0.2132,0.21705000000000002,-1.773784842202264,-1.8095453517303794,low_a,-0.2836412754468432,4.010678310411799,0.785553729225498,0.9644685192298686
FETUSDT,1w_MA20,1w,20,10,2026-06-15,0.2132,0.20263,5.21640428366974,0.6382080508579691,low_r2,-0.0009224936346088191,-0.45529119839966975,-27.41911111112886,0.8494679707971127
FETUSDT,1M_MA10,1M,10,10,2026-06-01,0.2132,0.24871,-14.27767279160468,-24.369773452942066,vertex_out,0.45746213295834814,-15.272217075786909,1.8547032488208934,0.9911726220892182
FETUSDT,1M_MA20,1M,20,10,2026-06-01,0.2132,0.5631250000000001,-62.13984461709212,-17.196632724331863,vertex_out,0.5222041888509663,-13.361652533257896,1.4215014844266025,0.9946689715496825
FFUSDT,1d_MA20,1d,20,10,2026-06-15,0.07296,0.0902385,-19.147592213966323,-2.1396463564739676,low_a,-0.05670670561784691,0.03207010886433548,0.031419083427138304,0.9733442371054911
FFUSDT,1w_MA10,1w,10,10,2026-06-15,0.07296,0.07808699999999999,-6.565753582542544,-0.4144773759118703,low_r2,0.2554768525324766,-1.3507986784187953,0.29374234995997006,0.7660614332021274
FFUSDT,1w_MA20,1w,20,10,2026-06-15,0.07296,0.07677300000000001,-4.9665898167324585,-1.4043266359730855,ma_not_rising,0.20038526685486024,-2.5108988259507115,0.6961309152559616,0.8985057546193431
FIDAUSDT,1d_MA20,1d,20,10,2026-06-15,0.024852,0.023667050000000002,5.006749890670781,-3.783483821658118,low_a,-0.10487850973231606,-1.060222886596005,-0.5616143061899999,0.9657503366131124
FIDAUSDT,1w_MA10,1w,10,10,2026-06-15,0.024852,0.022746699999999998,9.255408476834015,6.357600411464892,vertex_out,0.36518854191744676,1.6552122738478032,-0.25180482649638103,0.9585380157562763
FIDAUSDT,1w_MA20,1w,20,10,2026-06-15,0.024852,0.019484849999999998,27.545246691660452,0.45549454798545774,vertex_out,0.43799413671810766,-6.794926657873184,0.8618743809357314,0.9944078317547953
FIDAUSDT,1M_MA10,1M,10,10,2026-06-01,0.024852,0.0334772,-25.764400845948888,-29.115778775302793,vertex_out,0.8958589958663045,-20.616509088324918,1.2785065744754562,0.988084839528194
FIGHTUSDT,1d_MA20,1d,20,10,2026-06-15,0.004184,0.004113299999999999,1.7188145771035668,-1.697993714674928,low_a,0.023522511232947116,-1.8222496260627674,4.303796024763833,0.9890439533855422
FIGHTUSDT,1w_MA10,1w,10,10,2026-06-15,0.004184,0.0041553,0.6906841864606772,4.2918454935622075,low_r2,0.7630260121095713,-6.839166837756908,0.49795643553257446,0.8400245416277992
FILUSDT,1d_MA20,1d,20,10,2026-06-15,0.795,0.84243,-5.63014137673159,-2.3365813224203946,low_a,0.0008139263046416432,-1.182675830027988,80.72501454325283,0.9980354213103088
FILUSDT,1w_MA10,1w,10,10,2026-06-15,0.795,0.91145,-12.776345383729215,-1.2171066892097016,low_r2,-0.07407540000716044,1.0345605866271812,0.7759065511681162,0.8039124355301116
FILUSDT,1w_MA20,1w,20,10,2026-06-15,0.795,0.90382,-12.040007966187948,-3.7055188578734244,low_a,-0.060584520787670265,-1.6479133353877857,-1.5111242882605873,0.9904142577980474
FILUSDT,1M_MA10,1M,10,10,2026-06-01,0.795,1.21062,-34.33116915299599,-19.488448186425124,vertex_out,0.5742620665004271,-14.890508398042442,1.4405452054306958,0.9959294726940487
FILUSDT,1M_MA20,1M,20,10,2026-06-01,0.795,2.36501,-66.38492014832917,-10.6086147984639,vertex_out,0.5066087207067845,-11.188026698072989,1.2268976300184498,0.9962185253627375
FLOCKUSDT,1d_MA20,1d,20,10,2026-06-15,0.04125,0.046306,-10.918671446464812,-5.320193015457598,low_a,0.044215892535733325,-3.061622168521934,3.846809613443435,0.9995127669470965
FLOCKUSDT,1w_MA10,1w,10,10,2026-06-15,0.04125,0.056874,-27.47125224179766,-3.308398503910237,low_r2,-0.25749552099726375,2.74642161619514,0.5925500299445176,0.7818562286127724
FLOCKUSDT,1w_MA20,1w,20,10,2026-06-15,0.04125,0.05657150000000001,-27.08342539971541,-4.57382386181534,low_a,-0.016131581685325625,-2.3564078429713713,-8.115233173373744,0.9893138358985626
FLOKIUSDT,1d_MA20,1d,20,10,2026-06-15,2.628e-05,2.5844e-05,1.68704534901718,-1.3022722932977127,low_a,0.03193079504122383,-1.21346620157811,2.1112781216229255,0.9988009654785339
FLOKIUSDT,1w_MA10,1w,10,10,2026-06-15,2.628e-05,2.9748999999999996e-05,-11.66089616457695,-0.9522224071916274,low_a,-0.18722961964155255,2.192837697725616,0.6506679700228108,0.8828281013305448
FLOKIUSDT,1w_MA20,1w,20,10,2026-06-15,2.628e-05,2.92035e-05,-10.01078637834506,-3.736361538715105,low_a,-0.09863713037033112,-1.5474981044632428,-0.8715999400210044,0.9808283728886706
FLOKIUSDT,1M_MA10,1M,10,10,2026-06-01,2.628e-05,4.154e-05,-36.735676456427534,-26.091984698870206,low_a,0.09223174539950756,-9.242205468126285,5.567018786387302,0.9843219358447783
FLOKIUSDT,1M_MA20,1M,20,10,2026-06-01,2.628e-05,7.740000000000001e-05,-66.04651162790698,-13.258358969186535,low_a,0.06410771694733279,-7.005466166217998,6.070916003913023,0.98677872390951
FLUIDUSDT,1d_MA20,1d,20,10,2026-06-15,1.109,1.2086000000000001,-8.240939930498104,-3.651147959183665,low_a,-0.006462812718814079,-2.001420392128666,-17.204586705914817,0.9980373788486825
FLUIDUSDT,1w_MA10,1w,10,10,2026-06-15,1.109,1.4538,-23.717155041959003,-5.664784893906949,low_a,-0.004990528785638092,-3.1015821684719844,-34.527427427439264,0.9952048406583149
FLUIDUSDT,1w_MA20,1w,20,10,2026-06-15,1.109,1.7264,-35.76227988878591,-8.71163048938477,low_a,-0.1436573987741382,-2.196077201127198,-0.8492725748384825,0.99530338926856
FLUXUSDT,1d_MA20,1d,20,10,2026-06-15,0.05331,0.0577685,-7.717873927832642,-4.212472433633452,low_a,-0.036630796408028445,-1.3054887063163063,-1.9799501365744259,0.998612730466194
FLUXUSDT,1w_MA10,1w,10,10,2026-06-15,0.05331,0.065495,-18.604473623940756,-0.5723220791838735,low_a,-0.14528950242547245,3.1453508820644025,1.2027139796963644,0.943287892033365
FLUXUSDT,1w_MA20,1w,20,10,2026-06-15,0.05331,0.06216000000000001,-14.237451737451746,-5.248235598981732,low_a,-0.08239612152875406,-1.9285223102432085,-1.300305479906064,0.9938201127218855
FLUXUSDT,1M_MA10,1M,10,10,2026-06-01,0.05331,0.08876500000000001,-39.942544921985025,-24.889362746342403,vertex_out,1.1584508407284346,-23.52117954585592,1.1279996967073038,0.9908773272675696
FLYUSDT,1d_MA20,1d,20,10,2026-06-15,33.61,39.944,-15.857200080112166,-4.804575786463294,low_a,-0.11324365893042594,-0.4345240523569117,-0.213170656608426,0.998135399374265
FOGOUSDT,1d_MA20,1d,20,10,2026-06-15,0.01307,0.012749,2.517844536826419,-1.5407190022010187,vertex_out,0.13977396945820061,-2.7973763918660146,1.111865107290862,0.996816404880857
FOGOUSDT,1w_MA10,1w,10,10,2026-06-15,0.01307,0.016360000000000003,-20.110024449877763,-5.716920239741796,low_a,-0.02719889134901194,-2.7479422729118115,-5.6128559670781435,0.9937359261980659
FOLKSUSDT,1d_MA20,1d,20,10,2026-06-15,2.0169,1.612535,25.076354931830934,3.5944069870903483,low_a,-0.003446285519943507,2.0007071063101645,32.252230452696544,0.9873887733311638
FOLKSUSDT,1w_MA10,1w,10,10,2026-06-15,2.0169,1.4913699999999999,35.23806969430794,14.711062910061457,vertex_out,0.4332349959522703,-1.2989199121033999,0.1665659930829501,0.9671689531902249
FOLKSUSDT,1w_MA20,1w,20,10,2026-06-15,2.0169,1.33477,51.10468470223335,0.6382393190103253,pass,2.6874355456095875,-36.464017461984184,0.753796217065554,0.9461119109721237
FORMUSDT,1d_MA20,1d,20,10,2026-06-15,0.2295,0.24599500000000002,-6.705420841887033,0.13432926953373947,low_a,-0.03364157533191839,0.48274925054777856,0.7972100754379435,0.9029688906691319
FORMUSDT,1w_MA10,1w,10,10,2026-06-15,0.2295,0.25561,-10.214780329408079,1.7879898056705867,low_r2,-0.13479995686401383,1.9750572503346304,0.8139869281045787,0.7601163317884871
FORMUSDT,1w_MA20,1w,20,10,2026-06-15,0.2295,0.24284499999999998,-5.495274763738179,-1.7796113167101502,low_a,-0.07906033375704578,-0.8638577121888763,-0.6070312739772267,0.9546791356635157
FRAXUSDT,1d_MA20,1d,20,10,2026-06-15,0.28211,0.3278595,-13.953995537722708,-3.7447025889972285,low_a,0.0019449319888700004,-1.9351899842352405,55.277282339419436,0.9993235394690368
FRAXUSDT,1w_MA10,1w,10,10,2026-06-15,0.28211,0.404308,-30.223987652977424,-5.454664502822515,low_a,0.06232797911333495,-3.4750281842715163,3.0974391291809646,0.9934306732272475
FUSDT,1d_MA20,1d,20,10,2026-06-15,0.004066,0.00431215,-5.7082893684125,-2.857625591349411,low_a,0.006493996429523227,-1.5732709371449556,13.459191408720024,0.9985987861429456
FUSDT,1w_MA10,1w,10,10,2026-06-15,0.004066,0.0050117,-18.869844563720896,-3.7747441583626085,low_a,-0.14269097155932528,0.5839716337429005,0.22736455002539374,0.9323541804578371
FUSDT,1w_MA20,1w,20,10,2026-06-15,0.004066,0.0052655,-22.780362738581328,-3.2752856460560698,low_a,-0.045108560204184765,-1.2576623037651347,-1.5489327894901421,0.9966924324442731
FUTUUSDT,1d_MA20,1d,20,10,2026-06-15,100.25,98.158,2.1312577680881795,-0.3512547713798275,ma_not_rising,0.17900664879446426,-2.1898507941034984,0.6796304956799829,0.9319978299454519
FUTUUSDT,1w_MA10,1w,10,10,2026-06-15,100.25,124.81599999999999,-19.68177156774772,-6.918332798878413,low_a,-0.2949517419950895,0.8898354568454435,0.16760471670278598,0.9902923770387326
FUTUUSDT,1w_MA20,1w,20,10,2026-06-15,100.25,134.637,-25.540527492442642,-4.48566969353007,low_a,-0.16667732944015556,-0.2816208020333826,-0.09386759534435157,0.9886700742128243
GALAUSDT,1d_MA20,1d,20,10,2026-06-15,0.00274,0.00279455,-1.9520137410316551,-1.9008670621687207,low_a,0.035868142942826024,-1.4474045990105626,2.241860325466919,0.9989992130969018
GALAUSDT,1w_MA10,1w,10,10,2026-06-15,0.00274,0.0031448000000000005,-12.872042737217015,-0.9511811023621863,low_r2,0.017733670627034414,-0.42901229464812213,1.3439979162016196,0.49337922950149526
GALAUSDT,1w_MA20,1w,20,10,2026-06-15,0.00274,0.0032524499999999996,-15.75581484726898,-7.340246716617771,low_a,-0.033177704051653614,-4.009503005107892,-6.713851163529693,0.9950911646297076
GALAUSDT,1M_MA10,1M,10,10,2026-06-01,0.00274,0.0058200000000000005,-52.920962199312726,-30.594478564188176,vertex_out,0.5484409094506894,-17.04721918715373,1.726836412637819,0.9937922460501875
GALAUSDT,1M_MA20,1M,20,10,2026-06-01,0.00274,0.014188000000000001,-80.6879052720609,-11.326385525226168,vertex_out,0.612439054849537,-12.924621441283207,1.1724179227794989,0.9949179271999476
GASUSDT,1d_MA20,1d,20,10,2026-06-15,1.166,1.2458500000000001,-6.409278805634722,-2.8690601489104406,low_a,0.015685471807677362,-1.7701274163829883,6.269522091974547,0.99915777507576
GASUSDT,1w_MA10,1w,10,10,2026-06-15,1.166,1.47,-20.680272108843546,-6.979687401126355,low_a,-0.30444851775564746,2.00580990845357,0.36601880877742926,0.9419713141985584
GASUSDT,1w_MA20,1w,20,10,2026-06-15,1.166,1.53285,-23.932543954072482,-4.405986903648262,low_a,-0.11670879039752685,-0.5668609279959095,-0.2698363479758751,0.9952651521330715
GASUSDT,1M_MA10,1M,10,10,2026-06-01,1.166,1.8779,-37.90936684594494,-16.348166956211863,low_a,0.08105782760783788,-6.485721107387671,4.445194868070634,0.9898513772452421
GENIUSUSDT,1d_MA20,1d,20,10,2026-06-15,0.4359,0.47873350000000003,-8.947253534586574,-3.768292192650935,low_a,-0.21501444943904774,0.9120615687417318,0.23565898610308228,0.9795309680043017
GEUSDT,1d_MA20,1d,20,10,2026-06-15,342.12,326.48100000000005,4.790171556690881,0.9361483739523502,low_a,-0.002053305633078532,0.4746745283215886,12.843098808159041,0.9950942206390228
GEUSDT,1w_MA10,1w,10,10,2026-06-15,342.12,309.332,10.599614653511447,3.0574203328280314,pass,0.2806814661660609,-2.490276542568349,0.4929028578164147,0.9440543890798982
GEUSDT,1w_MA20,1w,20,10,2026-06-15,342.12,309.59299999999996,10.506374498131432,1.2960030363312613,low_r2,0.055782672349284516,-0.5566206682544657,0.554354410720125,0.7321155194538087
GIGGLEUSDT,1d_MA20,1d,20,10,2026-06-15,28.55,29.0995,-1.888348597054923,-0.6113701180046838,low_a,0.039323988897485895,-1.0393667908634505,1.4683810343590442,0.9908865878361823
GIGGLEUSDT,1w_MA10,1w,10,10,2026-06-15,28.55,32.150999999999996,-11.20027370843829,0.8848724465781777,low_a,-0.08219687763848413,2.7566245033760053,1.8631584330571869,0.9748712311977977
GIGGLEUSDT,1w_MA20,1w,20,10,2026-06-15,28.55,29.7605,-4.067471984677673,-4.010772803509221,vertex_out,0.25831738600413573,-6.893631250453486,1.4825928670087694,0.99506958534429
GLMUSDT,1d_MA20,1d,20,10,2026-06-15,0.1144,0.11988999999999998,-4.579197597797968,-2.1146309601567825,low_a,-0.012581019057135934,-0.9698026682943188,-4.2824771007553295,0.9973413918665732
GLMUSDT,1w_MA10,1w,10,10,2026-06-15,0.1144,0.12966,-11.769242634582755,-1.660978384527867,low_r2,0.03370668733780168,-0.5366001176544266,0.8844273941460661,0.22042162800687692
GLMUSDT,1w_MA20,1w,20,10,2026-06-15,0.1144,0.13645999999999997,-16.16590942400702,-6.850063142086771,low_a,-0.1455748920937175,-1.790506157575619,-0.6833085216763797,0.9930520400615708
GLMUSDT,1M_MA10,1M,10,10,2026-06-01,0.1144,0.17378,-34.16963977442743,-12.28548354532608,low_a,0.023943198966686813,-4.974347740259246,11.542010431485195,0.9946050950178587
GMEUSDT,1d_MA20,1d,20,10,2026-06-15,21.73,22.086499999999997,-1.6141081656215195,0.0770293844445824,low_r2,0.003199388571970332,-0.03122363077663894,0.5421805183199249,0.22040398614853018
GMEUSDT,1w_MA10,1w,10,10,2026-06-15,21.73,23.597,-7.912022714751876,-0.9569779643231802,low_r2,-0.08822679267674498,0.7824282407230454,0.4926874736905426,0.5351922215546803
GMEUSDT,1w_MA20,1w,20,10,2026-06-15,21.73,23.5605,-7.769359733452175,-0.8333859460824544,low_a,-0.07632370561659615,0.9434472810925567,0.6867294691084589,0.9521803099197979
GMTUSDT,1d_MA20,1d,20,10,2026-06-15,0.00838,0.008963,-6.504518576369522,-2.7557773679071196,low_a,-0.03241077626945508,-1.1711948643971122,-2.0075539325084204,0.9963106946017284
GMTUSDT,1w_MA10,1w,10,10,2026-06-15,0.00838,0.0103,-18.640776699029125,-3.5580524344569264,low_r2,-0.1127018918372744,0.585103000343419,0.2884221525600894,0.8241932566618615
GMTUSDT,1w_MA20,1w,20,10,2026-06-15,0.00838,0.010659,-21.38099258842293,-5.299631291368668,low_a,-0.13352222847383396,-1.3756935798596985,-0.5723947388901908,0.9925292183772791
GMTUSDT,1M_MA10,1M,10,10,2026-06-01,0.00838,0.015883,-47.23918655165901,-29.805100101648474,vertex_out,1.1046060464325218,-23.838185999376357,1.1989284966429172,0.9849277933776519
GMTUSDT,1M_MA20,1M,20,10,2026-06-01,0.00838,0.049013,-82.90249525636055,-20.33580118489382,vertex_out,0.858393689480246,-18.63374469269473,1.205982815542196,0.9965342368636172
GMXUSDT,1d_MA20,1d,20,10,2026-06-15,5.894,5.938750000000001,-0.7535255735634738,-1.0274315045663562,low_a,0.012011031255413054,-1.0383839022625025,4.802917696525066,0.9904296202145875
GMXUSDT,1w_MA10,1w,10,10,2026-06-15,5.894,6.562900000000001,-10.19214066952111,-0.4444646703679944,low_a,-0.1452905911972136,1.8299976760958274,0.6997461895029378,0.9815149502328498
GMXUSDT,1w_MA20,1w,20,10,2026-06-15,5.894,6.41025,-8.05350805350804,-0.8928571428571619,low_a,0.0007085210601165872,-0.9361566412245695,73.40459616217453,0.9875016483147563
GMXUSDT,1M_MA10,1M,10,10,2026-06-01,5.894,8.0593,-26.867097638752746,-15.242882833615534,vertex_out,0.4042169010506932,-10.994350981136163,1.5110631820246085,0.9921873425430737
GMXUSDT,1M_MA20,1M,20,10,2026-06-01,5.894,13.032149999999998,-54.773387353583246,-11.74725821688446,vertex_out,0.3664141249288761,-10.024772150345315,1.5199517383190406,0.9975111825552653
GOATUSDT,1d_MA20,1d,20,10,2026-06-15,0.01425,0.014429500000000001,-1.243979347863755,-1.9701756173783114,low_a,0.05287592962656453,-1.8645742136928607,1.9590663851747838,0.9986980598378481
GOATUSDT,1w_MA10,1w,10,10,2026-06-15,0.01425,0.016633000000000002,-14.326940419647693,-1.8875715212646749,low_r2,-0.012277587960967364,-0.452998831774245,-2.0498001598721944,0.644070772987314
GOATUSDT,1w_MA20,1w,20,10,2026-06-15,0.01425,0.017592,-18.99727148703956,-7.050960293767994,low_a,-0.021223168503806577,-4.125643406355068,-10.799632082413181,0.9933023126272535
GOATUSDT,1M_MA10,1M,10,10,2026-06-01,0.01425,0.031291,-54.45974880956186,-32.36571922619691,vertex_out,1.350572951680992,-26.34646908608465,1.0837568790215415,0.923836024313593
GOOGLUSDT,1d_MA20,1d,20,10,2026-06-15,369.31,369.2915,0.0050095926930504575,-0.5320968467437237,low_a,0.007562877729037521,-0.40680435153039934,2.988312460072661,0.9990294077654269
GOOGLUSDT,1w_MA10,1w,10,10,2026-06-15,369.31,373.457,-1.1104357395898323,3.5663080946319425,low_a,0.006881051211882661,2.3526775217868456,-18.994816742567895,0.9951579475072598
GOOGLUSDT,1w_MA20,1w,20,10,2026-06-15,369.31,338.44500000000005,9.119650164723936,1.0182563833168956,low_a,-0.04447583051035423,1.3241132630351284,1.6539735650191039,0.9889374799444085
GPSUSDT,1d_MA20,1d,20,10,2026-06-15,0.009192,0.00738365,24.491274640591044,2.565651935351698,low_a,0.09249028925912796,-0.4980108196418522,0.29913700107873936,0.9666819114303316
GPSUSDT,1w_MA10,1w,10,10,2026-06-15,0.009192,0.0076966000000000005,19.42935841800275,2.46422152699195,pass,0.4569037231230082,-5.709596613228738,0.6942377481144842,0.9764197101522473
GPSUSDT,1w_MA20,1w,20,10,2026-06-15,0.009192,0.008413750000000001,9.249740008913964,1.446261062480425,low_a,-0.054081937202923855,1.5156796819934275,1.556978746184045,0.9838845614638049
GRAMUSDT,1d_MA20,1d,20,10,2026-06-15,1.7184,1.7568249999999999,-2.187184267072695,-1.1294983665326441,low_a,0.048080847435163186,-1.07231158477945,1.2390144724760583,0.985747112775943
GRAMUSDT,1w_MA10,1w,10,10,2026-06-15,1.7184,1.7178200000000001,0.03376372378944836,4.722134165670955,low_a,0.026950795728001443,3.30738575813558,-6.8177450151814165,0.9640445376173787
GRAMUSDT,1w_MA20,1w,20,10,2026-06-15,1.7184,1.518515,13.163189036657519,2.134822014090898,low_r2,0.0031943089727866545,0.6132545349196209,-10.665748578072469,0.8120059574917183
GRAMUSDT,1M_MA10,1M,10,10,2026-06-01,1.7184,1.7035399999999998,0.8723012080726011,-15.312493785917415,vertex_out,0.40859362216221745,-11.965418339857036,1.6269110119919532,0.998564505305588
GRAMUSDT,1M_MA20,1M,20,10,2026-06-01,1.7184,2.87673,-40.265509797582666,-10.77209388885012,low_a,-0.11721423083287932,-4.667160681264606,-2.212075297276692,0.9864293540018086
GRASSUSDT,1d_MA20,1d,20,10,2026-06-15,0.46202,0.417423,10.683886609027304,-2.607792813812415,low_a,-0.15856595191907485,0.7287626241684397,0.2553310591826479,0.9729498397466504
GRASSUSDT,1w_MA10,1w,10,10,2026-06-15,0.46202,0.395116,16.93274886362486,7.631707981476454,low_a,-0.02466730434954825,3.5399950492877177,7.972755710969981,0.9882169310626561
GRASSUSDT,1w_MA20,1w,20,10,2026-06-15,0.46202,0.334048,38.30946450809463,6.924443448618023,vertex_out,0.17352090925271094,0.09860729828792698,-0.03157073843037495,0.983926204276452
GRASSUSDT,1M_MA10,1M,10,10,2026-06-01,0.46202,0.374662,23.316482589640785,-12.449876150862272,vertex_out,1.3423510375832477,-27.990833627233357,1.158449816095618,0.9958816226437004
GRIFFAINUSDT,1d_MA20,1d,20,10,2026-06-15,0.00914,0.0089675,1.9236130471145918,-2.5642418645080656,low_a,0.020744371137148398,-1.7742826273069254,4.751711026616205,0.9983883351206648
GRIFFAINUSDT,1w_MA10,1w,10,10,2026-06-15,0.00914,0.012596,-27.43728167672276,-7.321021264071826,low_a,-0.7568654991191632,8.38591006883521,0.6155438360650087,0.9931655337837804
GRIFFAINUSDT,1w_MA20,1w,20,10,2026-06-15,0.00914,0.01138,-19.683655536028112,-2.8512890558306414,low_a,-0.17897893583866065,-0.8666610483874746,-0.2690139808682789,0.9576071271065263
GRTUSDT,1d_MA20,1d,20,10,2026-06-15,0.02035,0.022143000000000003,-8.097367113760567,-3.3120101303408034,low_a,-0.03132233223153229,-1.0312363059949239,-1.8290753531734767,0.9996779636238988
GRTUSDT,1w_MA10,1w,10,10,2026-06-15,0.02035,0.023905000000000003,-14.871365823049576,-2.801496299910533,low_r2,-0.07951442901974196,0.3591987919090517,0.2509668834374348,0.7369043897682761
GRTUSDT,1w_MA20,1w,20,10,2026-06-15,0.02035,0.024654500000000003,-17.45928735119351,-4.6266029670605775,low_a,-0.016082808360546715,-2.4763240659907217,-8.554075640122228,0.9947991597348795
GRTUSDT,1M_MA10,1M,10,10,2026-06-01,0.02035,0.037527,-45.772377221733684,-26.630562289825598,vertex_out,0.5752806284215481,-16.401362815601775,1.583899714456051,0.9938348616313161
GRTUSDT,1M_MA20,1M,20,10,2026-06-01,0.02035,0.08553550000000001,-76.20870866482339,-13.897948501137481,vertex_out,0.4789575727579183,-12.289570152231734,1.4254997439852461,0.9980798000738499
GUNUSDT,1d_MA20,1d,20,10,2026-06-15,0.006055,0.006690300000000001,-9.495837256924222,-6.0324728222702735,vertex_out,0.10831177160710896,-4.792842973188813,2.4583574815109834,0.9991955149537475
GUNUSDT,1w_MA10,1w,10,10,2026-06-15,0.006055,0.011644999999999999,-48.003434950622584,-13.329860077403987,low_a,-0.019100203415983345,-5.795314912290409,-16.85646652863742,0.9898512986888843
GUNUSDT,1w_MA20,1w,20,10,2026-06-15,0.006055,0.0163235,-62.90623947070175,-12.549555341262186,low_a,-0.5150905632406179,2.5623944850679843,0.27636935973906435,0.9762871109589956
GUSDT,1d_MA20,1d,20,10,2026-06-15,0.002833,0.00300265,-5.6500091585765855,-1.9254638097726762,low_a,0.014505735118392269,-1.3996289877448522,5.360442980048244,0.9972889243684813
GUSDT,1w_MA10,1w,10,10,2026-06-15,0.002833,0.0034135999999999993,-17.008436840871788,-4.520026851644676,low_r2,-0.2326916731690624,1.8269401301428727,0.43618524253372715,0.8015704228915721
GUSDT,1w_MA20,1w,20,10,2026-06-15,0.002833,0.0034956,-18.955258038677204,-4.139529143985399,low_a,-0.0791165303187444,-0.9485688079088223,-0.6660841532576706,0.9901061410394626
GUSDT,1M_MA10,1M,10,10,2026-06-01,0.002833,0.0047262,-40.057551521306756,-26.874100663768175,vertex_out,1.0676841260537686,-22.907099027600324,1.1919411196531862,0.9960983026764418
GWEIUSDT,1d_MA20,1d,20,10,2026-06-15,0.14961,0.133419,12.13545297146581,3.6207740161700253,low_a,0.09239327994391608,1.0670129712605765,-0.6415888519094481,0.9870863857277842
GWEIUSDT,1w_MA10,1w,10,10,2026-06-15,0.14961,0.127673,17.182176341121448,18.885019368295588,low_a,0.029738586343463363,9.450800603169922,-17.655327388125528,0.9978611433329203
HAEDALUSDT,1d_MA20,1d,20,10,2026-06-15,0.0191,0.0231965,-17.659991809109133,-3.6510145168324737,low_a,-0.00853376036660414,-1.7244215356385368,-11.226140916643239,0.998876333487999
HAEDALUSDT,1w_MA10,1w,10,10,2026-06-15,0.0191,0.028547,-33.09279433915998,-4.8116038679559825,low_a,-0.40329634270860876,4.056067766964526,0.5587382634102073,0.9231605655452502
HAEDALUSDT,1w_MA20,1w,20,10,2026-06-15,0.0191,0.027788,-31.265294371671224,-5.106971502723379,low_a,-0.1310144140001618,-1.0911768590117097,-0.4627043297059419,0.9871096978903833
HBARUSDT,1d_MA20,1d,20,10,2026-06-15,0.0825,0.08473,-2.6318895314528468,-0.6408565079476847,low_a,0.0051934012115034,-0.5855388210392346,6.263705263156983,0.9938186840949129
HBARUSDT,1w_MA10,1w,10,10,2026-06-15,0.0825,0.088503,-6.782820921324695,-1.0553735731774094,low_a,0.025419239581492763,-0.6307377468163947,1.3785221946512036,0.9082846167709739
HBARUSDT,1w_MA20,1w,20,10,2026-06-15,0.0825,0.090585,-8.925318761384327,-1.5268046896656728,low_a,0.03477345838156979,-1.6458325622636667,2.629452076484945,0.9934843715514919
HBARUSDT,1M_MA10,1M,10,10,2026-06-01,0.0825,0.12102900000000001,-31.83451899957862,-19.376348956806734,low_a,-0.011386752884406177,-5.699553850924931,-27.807917131544354,0.9884984011298863
HBARUSDT,1M_MA20,1M,20,10,2026-06-01,0.0825,0.1650935,-50.028317286870774,2.335967766930125,low_a,0.013200265292718895,0.6829881059552466,-2.874471294536004,0.9264823520614682
HFTUSDT,1d_MA20,1d,20,10,2026-06-15,0.01047,0.010679,-1.9571120891469174,-0.7850606215450306,vertex_out,0.11138162314037034,-2.1721104371042275,1.0834175213021118,0.9957727066425176
HFTUSDT,1w_MA10,1w,10,10,2026-06-15,0.01047,0.012974,-19.300138739016493,-4.476513031954077,low_a,-0.13463175016023565,0.18071618182826918,0.07457221544991549,0.951646277317484
HFTUSDT,1w_MA20,1w,20,10,2026-06-15,0.01047,0.013813499999999998,-24.204582473667045,-8.118265265398449,low_a,-0.02094598400360242,-4.382111073560895,-11.622782446313211,0.9966192679940097
HIVEUSDT,1d_MA20,1d,20,10,2026-06-15,0.05133,0.054252,-5.385976553859773,-1.9270400231389373,low_a,0.0015938431686730056,-0.9266925630018774,32.30112044815198,0.9988650466643405
HIVEUSDT,1w_MA10,1w,10,10,2026-06-15,0.05133,0.05850500000000001,-12.263909067601075,-2.4770382224000076,low_r2,-0.012990413590612692,-0.3256334968628174,-1.392623083131476,0.7761069778481275
HIVEUSDT,1w_MA20,1w,20,10,2026-06-15,0.05133,0.060753,-15.51034516813985,-5.404521674140506,low_a,-0.044238977091960036,-2.359648220261103,-2.9632594695800054,0.9974365417312622
HOLOUSDT,1d_MA20,1d,20,10,2026-06-15,0.06712,0.0658875,1.8706127869474454,-0.4675438463978554,low_a,0.08062924752258392,-1.648737929922768,1.1360214125366874,0.9973813560413997
HOLOUSDT,1w_MA10,1w,10,10,2026-06-15,0.06712,0.068352,-1.8024344569288364,5.061559507523916,low_a,0.05311222977699358,1.7796085563790045,-1.8614760185399275,0.9882741170747047
HOLOUSDT,1w_MA20,1w,20,10,2026-06-15,0.06712,0.062617,7.191337815609167,0.007985689644174343,low_r2,-0.02968409153392397,0.09341113333035381,0.17482453189821004,0.47850794426300536
HOMEUSDT,1d_MA20,1d,20,10,2026-06-15,0.02877,0.0352765,-18.444290108145655,1.3372209933641743,low_a,-0.06892807785840802,1.8125272574879985,1.4608844737580349,0.9977833964088697
HOMEUSDT,1w_MA10,1w,10,10,2026-06-15,0.02877,0.022453,28.13432503451654,8.400521411673822,pass,1.0588030597397797,-9.18842207611983,0.4821178862509381,0.9093682190588139
HOMEUSDT,1w_MA20,1w,20,10,2026-06-15,0.02877,0.023081499999999998,24.64527868639388,-0.7631454490734768,low_r2,0.12919862243355307,-1.2194663793679639,0.5243719391973549,0.49102940132444095
HOODUSDT,1d_MA20,1d,20,10,2026-06-15,97.68,88.0865,10.89099918829788,2.5006545454545392,low_a,0.06638166134388883,0.27899747627224714,-0.23349611141254678,0.9984763357715442
HOODUSDT,1w_MA10,1w,10,10,2026-06-15,97.68,84.678,15.354637568199546,6.955829786159051,vertex_out,0.2655950415760214,-1.0004328841487165,0.20926446647920616,0.975680785515261
HOODUSDT,1w_MA20,1w,20,10,2026-06-15,97.68,79.0755,23.527514843409136,-0.8445246962344277,vertex_out,0.16800886063369688,-3.430232504883239,1.1342763219435326,0.997503811195169
HOTUSDT,1d_MA20,1d,20,10,2026-06-15,0.0003224,0.00033339000000000003,-3.2964396052671208,-1.9181548056838582,low_a,0.02519187614365,-1.4226078137792193,3.1372719912367675,0.9991515810784
HOTUSDT,1w_MA10,1w,10,10,2026-06-15,0.0003224,0.00038436,-16.1203038817775,-3.6860701130127516,low_a,-0.3045918694392205,2.346546604904384,0.4279946819082086,0.9571709406290319
HOTUSDT,1w_MA20,1w,20,10,2026-06-15,0.0003224,0.00038978,-17.28667453435272,-2.783458871651634,low_a,-0.10260463911034587,-0.4113341502464658,-0.2227179729304321,0.9873251004393478
HOTUSDT,1M_MA10,1M,10,10,2026-06-01,0.0003224,0.00047973999999999993,-32.79693167132196,-20.011337868480727,vertex_out,0.8593257546833091,-17.666674613602645,1.1421535053835716,0.9886212685487564
HOTUSDT,1M_MA20,1M,20,10,2026-06-01,0.0003224,0.00098372,-67.22644654983125,-11.906723501808925,vertex_out,0.36651703856661105,-9.635608850302992,1.4605367458171328,0.9974476996048721
HUMAUSDT,1d_MA20,1d,20,10,2026-06-15,0.0239,0.0241925,-1.2090523922703267,-0.5058501778700708,low_a,-0.05971868744467358,0.43187934306092546,0.401772005772007,0.8554969718117826
HUMAUSDT,1w_MA10,1w,10,10,2026-06-15,0.0239,0.023478000000000002,1.7974273788227135,7.628128724672245,low_a,0.02921693928018762,4.403343352795722,-8.372888888889051,0.9957132840046642
HUMAUSDT,1w_MA20,1w,20,10,2026-06-15,0.0239,0.019081499999999998,25.252207635668068,0.10492353697242329,pass,0.17155221803404405,-2.474485471247022,0.8013386049138588,0.9798440489242703
HUSDT,1d_MA20,1d,20,10,2026-06-15,0.23138,0.3844995,-39.82306869059647,1.5078355174926283,low_r2,0.10637325377998946,-0.8997110175774888,0.4698920418882062,0.158447624208522
HUSDT,1w_MA10,1w,10,10,2026-06-15,0.23138,0.29256699999999997,-20.91384195756868,17.580840922426443,vertex_out,1.7600691610010968,-3.87026030573158,0.12216250712968334,0.9680326142738217
HUSDT,1w_MA20,1w,20,10,2026-06-15,0.23138,0.20946150000000002,10.464214187332743,9.081180168052372,vertex_out,0.5881261369498408,0.5092255868058891,-0.04810245387974949,0.967939388173912
HYPERUSDT,1d_MA20,1d,20,10,2026-06-15,0.07333,0.07745949999999999,-5.331173064633754,-2.9882710985591032,vertex_out,0.12348656816422111,-3.3614009860830256,1.5122656820334401,0.9981202426679463
HYPERUSDT,1w_MA10,1w,10,10,2026-06-15,0.07333,0.096268,-23.827232309801804,-2.680954306510297,low_a,-0.3264049744678804,3.6831396047255396,0.6268864843827067,0.9864646853240432
HYPERUSDT,1w_MA20,1w,20,10,2026-06-15,0.07333,0.09343900000000001,-21.52099230514025,-4.135631476351687,low_a,-0.16303289342413765,-0.19861784726834608,-0.06768158631359833,0.9879015302298676
HYPEUSDT,1d_MA20,1d,20,10,2026-06-15,66.873,63.342099999999995,5.574333658025243,0.7986123543429313,low_r2,-0.043648675094234396,0.6267763657409626,0.7977540929399434,0.7821553698086116
HYPEUSDT,1w_MA10,1w,10,10,2026-06-15,66.873,53.8649,24.14949252667322,10.933332784140394,vertex_out,0.30659412831829924,2.123895377553713,-0.38485468814775864,0.9958802190903229
HYPEUSDT,1w_MA20,1w,20,10,2026-06-15,66.873,44.2026,51.2874808269197,9.675434395865313,vertex_out,0.31278135895639103,1.3090211359542248,-0.2325055325692881,0.9957498969571362
ICNTUSDT,1d_MA20,1d,20,10,2026-06-15,0.2112,0.22357,-5.53294270250928,-3.500517955801097,low_a,0.01673553423997509,-2.229905630130401,7.402431517390271,0.99761051499034
ICNTUSDT,1w_MA10,1w,10,10,2026-06-15,0.2112,0.2956,-28.552097428958046,-4.792579232156657,low_a,-0.1707786659256134,-0.6452755361344432,-0.20991287583879278,0.9596646607001093
ICNTUSDT,1w_MA20,1w,20,10,2026-06-15,0.2112,0.330615,-36.119050859761344,-4.798721492743607,low_a,-0.2128820155422928,0.264624649614105,0.06905876659216965,0.9785835351481915
ICPUSDT,1d_MA20,1d,20,10,2026-06-15,2.42,2.55965,-5.455824038442758,-0.7406689287445478,low_a,0.010604909257449127,-0.5161399886400313,2.70388393877048,0.9892231165023807
ICPUSDT,1w_MA10,1w,10,10,2026-06-15,2.42,2.569,-5.799922148695991,0.9271627249155312,low_a,-0.07013459491332735,1.6362642204990216,1.296130218158959,0.9342997094843457
ICPUSDT,1w_MA20,1w,20,10,2026-06-15,2.42,2.46855,-1.9667416094468426,-1.8156868984170016,low_a,-0.056619533992028896,-0.6389478814937734,-0.6269409517292964,0.9618097497617559
ICPUSDT,1M_MA10,1M,10,10,2026-06-01,2.42,2.8803,-15.98097420407597,-14.401616689946206,vertex_out,0.5423854376124441,-12.60630520372377,1.2912409525201767,0.990764901173859
ICPUSDT,1M_MA20,1M,20,10,2026-06-01,2.42,4.84775,-50.079933989995354,-10.767205993336649,vertex_out,0.4110288045026503,-9.936346558983727,1.3430184143537671,0.9965613069578199
ICXUSDT,1d_MA20,1d,20,10,2026-06-15,0.02912,0.032521499999999995,-10.459234660147887,-2.267399927875957,low_a,-0.017659379469216207,-0.9299591931641535,-2.9256067411820457,0.998381438875248
ICXUSDT,1w_MA10,1w,10,10,2026-06-15,0.02912,0.035152,-17.159763313609478,-3.4842535899618166,low_r2,-0.13218814453159397,1.1759937830444,0.4942424162047001,0.6049725638893055
ICXUSDT,1w_MA20,1w,20,10,2026-06-15,0.02912,0.035632,-18.27570722945666,-5.145747371223219,low_a,-0.010327138554379842,-2.510528792739174,-13.505563141659486,0.996599806715173
ICXUSDT,1M_MA10,1M,10,10,2026-06-01,0.02912,0.05347999999999999,-45.54973821989529,-26.247707307655197,low_a,-0.14134198849022106,-7.246003963464571,-2.8480975826647796,0.995177897995332
ICXUSDT,1M_MA20,1M,20,10,2026-06-01,0.02912,0.0960905,-69.69523522096357,-9.722470147220474,vertex_out,0.4380056994801059,-9.932355763091309,1.2597953475238373,0.9968236367757706
IDOLUSDT,1d_MA20,1d,20,10,2026-06-15,0.03075,0.029308,4.92015831854784,1.5646388162112501,low_a,0.0273730568138416,0.47594885819719646,-0.965971882972419,0.9960072697304858
IDOLUSDT,1w_MA10,1w,10,10,2026-06-15,0.03075,0.026782,14.81592114106489,4.7112640262736205,vertex_out,0.10243190781746615,0.8438237948641779,-0.4576611010527618,0.9912968316496147
IDOLUSDT,1w_MA20,1w,20,10,2026-06-15,0.03075,0.0245315,25.349041028881224,-1.2479117605619594,low_a,0.03933969607792909,-0.8771083177031976,1.2386531857255012,0.9333999643138137
IDUSDT,1d_MA20,1d,20,10,2026-06-15,0.02722,0.0297215,-8.416466194505656,-0.7977169940421525,low_a,0.02321012624651031,-0.5417404228714277,1.2967051467050448,0.9158782465183013
IDUSDT,1w_MA10,1w,10,10,2026-06-15,0.02722,0.030956999999999995,-12.071583163743238,-2.019306852350067,vertex_out,0.26173981021003045,-4.758826903038015,1.0100842977568159,0.9903764382819509
IDUSDT,1w_MA20,1w,20,10,2026-06-15,0.02722,0.035879499999999995,-24.13495171337392,-8.240093091057899,low_a,-0.038381384904730774,-3.8688435983969613,-5.600000000000144,0.9975601387474583
IDUSDT,1M_MA10,1M,10,10,2026-06-01,0.02722,0.062663,-56.561288160477474,-29.343646757698416,vertex_out,0.8796463858583073,-21.2242616464049,1.3404541483700556,0.9959444136725688
IDUSDT,1M_MA20,1M,20,10,2026-06-01,0.02722,0.1679565,-83.79342270171146,-17.971365568842547,vertex_out,0.61771981634992,-15.10888851676127,1.358840485862187,0.9961110261505467
ILVUSDT,1d_MA20,1d,20,10,2026-06-15,3.488,3.5948,-2.970958050517425,-2.0783961210536273,low_a,0.03855632085351627,-1.7310201649408687,2.4942158590940613,0.9984260333941781
ILVUSDT,1w_MA10,1w,10,10,2026-06-15,3.488,4.2283,-17.508218432939948,-2.249398927316437,low_a,-0.296958979872096,3.9143871356387026,0.7323097354173067,0.9862436434095215
ILVUSDT,1w_MA20,1w,20,10,2026-06-15,3.488,3.9956999999999994,-12.706159121055116,-3.166236504416764,low_a,-0.0468818160350771,-1.4689053847575773,-1.7406717915469947,0.9892699403973649
IMXUSDT,1d_MA20,1d,20,10,2026-06-15,0.1472,0.14699500000000001,0.139460525868218,-1.3952708368271005,low_a,0.03260480278302007,-1.2013833471894548,2.047045637186364,0.9983634500139997
IMXUSDT,1w_MA10,1w,10,10,2026-06-15,0.1472,0.16147,-8.837554963770366,1.4067700810148853,low_a,-0.06699091131833755,1.213618006542494,1.0064532823759067,0.9171064418573681
IMXUSDT,1w_MA20,1w,20,10,2026-06-15,0.1472,0.157305,-6.4238263246559235,-3.479061205706402,low_a,-0.03410700501504217,-2.1963921373390245,-3.577616543988793,0.9876718223205486
IMXUSDT,1M_MA10,1M,10,10,2026-06-01,0.1472,0.2661,-44.68245020668922,-21.167234483780184,vertex_out,0.6737823317670779,-16.153441096230413,1.3319040169567,0.9930822014630817
IMXUSDT,1M_MA20,1M,20,10,2026-06-01,0.1472,0.5457650000000001,-73.02868450706806,-19.122561332533095,vertex_out,0.5641533567017645,-14.637591163452637,1.4414511575982594,0.9974622530290891
INDAUSDT,1d_MA20,1d,20,10,2026-06-15,49.3,48.183499999999995,2.3171832681312177,0.019720181010485227,low_a,0.004134861609598079,-0.07925818964904155,1.064904505645134,0.9357611291199556
INFQUSDT,1d_MA20,1d,20,10,2026-06-15,14.776,15.4492,-4.35750718483805,-1.3019868395834688,low_a,-0.14363742581456915,1.0529172689900481,0.4072434708506678,0.8718986647352318
INITUSDT,1d_MA20,1d,20,10,2026-06-15,0.05851,0.0611665,-4.343063605077946,-3.2734259486214445,low_a,0.044068516317930545,-2.277262756168393,2.8708612890930167,0.9995032762769496
INITUSDT,1w_MA10,1w,10,10,2026-06-15,0.05851,0.078528,-25.49154441727791,-4.54147622289216,low_r2,-0.2450816409198836,1.6535421995201818,0.37482797644124166,0.7786053618694476
INITUSDT,1w_MA20,1w,20,10,2026-06-15,0.05851,0.080444,-27.266172741285864,-3.2101260949080612,low_a,-0.19332063890102025,1.0871551536392712,0.31242142007630375,0.9633581841719779
INJUSDT,1d_MA20,1d,20,10,2026-06-15,5.572,5.7188,-2.5669720920472816,-0.4603803141725815,low_a,-0.05179987648225793,0.553361104975116,0.5934817937308839,0.8846598238696287
INJUSDT,1w_MA10,1w,10,10,2026-06-15,5.572,4.7365,17.639607304972028,12.061419073982083,vertex_out,0.480602533217817,1.1538472933879256,-0.13337971188218425,0.9927045528181804
INJUSDT,1w_MA20,1w,20,10,2026-06-15,5.572,3.8768000000000002,43.726784977300866,4.033275191198182,pass,0.2708551709901251,-2.2166499623102984,0.4546607682555177,0.9716363587009685
INJUSDT,1M_MA10,1M,10,10,2026-06-01,5.572,5.4632000000000005,1.9915068091960642,-20.183499642058823,vertex_out,0.375314061604376,-12.648847674296814,1.8723352828274713,0.9937513537622187
INJUSDT,1M_MA20,1M,20,10,2026-06-01,5.572,10.307849999999998,-45.94411055651759,-12.637935418255797,vertex_out,0.37582420789345083,-10.464294843243866,1.5468660647809187,0.9984191562529151
INTCUSDT,1d_MA20,1d,20,10,2026-06-15,126.11,113.545,11.06609714210225,0.4960857462749324,low_a,0.05289491131494898,-0.5557325740270539,0.5836862398078426,0.868807041952865
INTCUSDT,1w_MA10,1w,10,10,2026-06-15,126.11,108.15,16.606564956079506,15.596742127877894,vertex_out,0.11414067530958491,7.799353435689841,-3.7961700499724835,0.9979626986496013
INTCUSDT,1w_MA20,1w,20,10,2026-06-15,126.11,77.7415,62.21709125756514,12.002506825336233,low_a,0.05167785123240161,5.474545270294305,-5.885333787147576,0.9976555913270154
INUSDT,1d_MA20,1d,20,10,2026-06-15,0.07465,0.0851615,-12.34301885241571,-2.122218646561236,low_a,-0.15234338537072684,1.4593851425438387,0.5321987046975899,0.9663662491439977
INUSDT,1w_MA10,1w,10,10,2026-06-15,0.07465,0.07270499999999999,2.6751942782477167,5.470449995647986,vertex_out,0.3139200385326982,-0.9587044457042628,0.16966536556134348,0.9529955254852033
INUSDT,1w_MA20,1w,20,10,2026-06-15,0.07465,0.0669115,11.565276521973056,1.9293167796481159,pass,0.19173517796578157,-1.5207872430624187,0.44065038594645756,0.9183996226477147
INXUSDT,1d_MA20,1d,20,10,2026-06-15,0.008119,0.0081659,-0.5743396318838134,-1.7044839000902812,low_a,0.06850475913962517,-1.9852381103375794,1.609975825257226,0.9959512002049526
INXUSDT,1w_MA10,1w,10,10,2026-06-15,0.008119,0.0094708,-14.273345440723062,-14.389022472113256,low_a,-0.3935987717555484,1.30085548023746,0.18361273989687535,0.9351211419567979
IONQUSDT,1d_MA20,1d,20,10,2026-06-15,61.29,62.70649999999999,-2.2589364738902495,-0.6448699565069438,low_r2,-0.08685993270777094,0.6964078520518244,0.4454220019275803,0.8327655122129312
IOSTUSDT,1d_MA20,1d,20,10,2026-06-15,0.000827,0.0008936499999999996,-7.458177138700794,-2.376010487218694,low_a,0.011866713078700075,-1.4410504845934096,6.746464646464622,0.9988832744552143
IOSTUSDT,1w_MA10,1w,10,10,2026-06-15,0.000827,0.001003,-17.54735792622133,-4.675917126021655,low_a,-0.10278630497209847,-0.07022020683221442,-0.03795371964045849,0.9487122222423835
IOSTUSDT,1w_MA20,1w,20,10,2026-06-15,0.000827,0.0010673500000000001,-22.518386658546873,-5.3557969408113415,low_a,-0.058478972107107986,-2.0400163296700633,-1.9380340736777457,0.9970839457455613
IOSTUSDT,1M_MA10,1M,10,10,2026-06-01,0.000827,0.0015784,-47.60516979219462,-24.162782876087064,vertex_out,0.34284680637148346,-13.063382156622655,2.116815556273087,0.9977733808587635
IOSTUSDT,1M_MA20,1M,20,10,2026-06-01,0.000827,0.0031441499999999996,-73.69718365854045,-11.327486039821776,vertex_out,0.48988780393883125,-11.490122268709996,1.30303330866173,0.9986864938763731
IOTAUSDT,1d_MA20,1d,20,10,2026-06-15,0.04957,0.05104499999999999,-2.8896072093250846,-1.5990515571234654,low_a,0.0066133327689960695,-1.0508372436618862,8.827598566307604,0.9973693127705494
IOTAUSDT,1w_MA10,1w,10,10,2026-06-15,0.04957,0.054725,-9.419826404751031,-2.890655499165984,low_a,0.049616367693647585,-1.5609987509449912,1.747853719678484,0.9672523640856457
IOTAUSDT,1w_MA20,1w,20,10,2026-06-15,0.04957,0.05853200000000001,-15.31128271714618,-4.630625346237805,low_a,0.00515103168100156,-2.7659163904443798,29.831309766178062,0.996671486733709
IOTAUSDT,1M_MA10,1M,10,10,2026-06-01,0.04957,0.08522199999999999,-41.834268146722664,-23.890580765005865,vertex_out,0.14325626525802088,-10.320618748585876,4.002391848077781,0.9975924857287998
IOTAUSDT,1M_MA20,1M,20,10,2026-06-01,0.04957,0.150346,-67.02938555066314,-4.278760907004353,vertex_out,0.27978578807614785,-5.963671872804409,1.1841741724011983,0.9974917865049275
IOTXUSDT,1d_MA20,1d,20,10,2026-06-15,0.00341,0.003714,-8.18524501884761,-2.0789116363684412,low_a,0.014876795171986531,-1.3366677093485653,4.991620596206366,0.9989000022503767
IOTXUSDT,1w_MA10,1w,10,10,2026-06-15,0.00341,0.0042274,-19.3357619340493,-4.616425992779782,low_a,-0.20998376834330837,0.43643414943154063,0.11546769460506374,0.966782489765453
IOTXUSDT,1w_MA20,1w,20,10,2026-06-15,0.00341,0.0046037000000000005,-25.92914394943199,-6.958367016976553,low_a,-0.09035068407915228,-2.4216292302913778,-1.4890308646755754,0.996679559042278
IOTXUSDT,1M_MA10,1M,10,10,2026-06-01,0.00341,0.0078466,-56.54168684525782,-38.24006296733569,low_a,-0.1289499921168133,-9.290954231981054,-4.002824005846889,0.9870099617241649
IOTXUSDT,1M_MA20,1M,20,10,2026-06-01,0.00341,0.0177733,-80.8139175054717,-17.192908891839643,vertex_out,0.339658511471145,-11.030734940439588,1.8042197887164093,0.9982674621793124
IOUSDT,1d_MA20,1d,20,10,2026-06-15,0.1778,0.16699000000000003,6.473441523444512,0.5206922498119049,low_a,0.04273453086584437,0.15449890849370485,-0.2008509867825624,0.956070131354486
IOUSDT,1w_MA10,1w,10,10,2026-06-15,0.1778,0.14586000000000002,21.897710133004257,12.537612838515555,vertex_out,0.32315958440155584,0.7058401598016092,-0.12134358411129248,0.9945953726462625
IOUSDT,1w_MA20,1w,20,10,2026-06-15,0.1778,0.12534499999999998,41.84849814511951,3.6208820733269587,pass,0.17725060185531255,-2.0150034018439786,0.631561372791025,0.8932268315599063
IOUSDT,1M_MA10,1M,10,10,2026-06-01,0.1778,0.19988,-11.046627976786061,-29.01232375608197,vertex_out,2.3336332337832104,-39.26361062617274,0.93472773265136,0.9794656857586824
IPUSDT,1d_MA20,1d,20,10,2026-06-15,0.3134,0.357155,-12.250983466562138,-4.686228200098752,low_a,-0.007239071987948033,-2.3332406049455807,-17.906228625483703,0.9991799256182289
IPUSDT,1w_MA10,1w,10,10,2026-06-15,0.3134,0.4464,-29.793906810035843,-7.49720253636702,vertex_out,0.43592634286704346,-9.284634502187249,1.1832573010083345,0.9953926378978585
IPUSDT,1w_MA20,1w,20,10,2026-06-15,0.3134,0.6259849999999999,-49.93490259351261,-19.28866597471587,low_a,-0.293668151634196,-5.21196062706961,-0.9859883223946339,0.9945383361278611
IRYSUSDT,1d_MA20,1d,20,10,2026-06-15,0.01846,0.020565999999999997,-10.240202275600495,-5.560912889746062,low_a,0.0665227630011477,-3.9393564975335393,3.2898985080954546,0.9992667979363012
IRYSUSDT,1w_MA10,1w,10,10,2026-06-15,0.01846,0.029425999999999997,-37.26636308026914,-3.2389595869915633,low_a,-0.552187722748192,8.37957493840583,0.8430682571239227,0.9095264609158162
IRYSUSDT,1w_MA20,1w,20,10,2026-06-15,0.01846,0.027280499999999996,-32.33261853705026,-9.843352391024174,low_a,-0.5078160486211764,3.122062015223416,0.3415565345080772,0.9634036620803031
JASMYUSDT,1d_MA20,1d,20,10,2026-06-15,0.005091,0.0050213,1.3880867504431071,-0.6489780574187365,low_a,0.0511396768853513,-1.2062252809598426,1.3103820690755195,0.9950505322955756
JASMYUSDT,1w_MA10,1w,10,10,2026-06-15,0.005091,0.0056232999999999995,-9.465971938185758,-0.18814675446848783,low_r2,-0.10867450134693896,1.3091128833712755,0.6692323647149174,0.7490637035245562
JASMYUSDT,1w_MA20,1w,20,10,2026-06-15,0.005091,0.005542699999999999,-8.149457845454366,-1.8417836966724055,low_a,-0.1544749204215988,0.3176320361699784,0.11423358680816748,0.9320981479575642
JASMYUSDT,1M_MA10,1M,10,10,2026-06-01,0.005091,0.0068225000000000004,-25.37925980212532,-21.677687468429994,vertex_out,0.706376839646643,-16.371166521228876,1.2875694673601612,0.9852533871708438
JASMYUSDT,1M_MA20,1M,20,10,2026-06-01,0.005091,0.013216,-61.47851089588377,-9.838861524607378,low_a,-0.028828562597445956,-5.108978407642323,-9.845518062112909,0.9887909516817737
JCTUSDT,1d_MA20,1d,20,10,2026-06-15,0.006511,0.00485235,34.182406462847894,6.399517596754745,low_a,0.007918465200753518,2.824551582417224,-19.816912542796807,0.9906073994755137
JCTUSDT,1w_MA10,1w,10,10,2026-06-15,0.006511,0.0040389,61.20725940231253,14.510504380369138,vertex_out,0.22277345020007078,2.6527693341258427,-0.6615513383024112,0.9854024309391041
JCTUSDT,1w_MA20,1w,20,10,2026-06-15,0.006511,0.0032029000000000003,103.28452340066812,17.46218025121482,vertex_out,0.5635132217842943,-1.350199616217948,0.13311327381524915,0.9913957773771891
JDUSDT,1d_MA20,1d,20,10,2026-06-15,28.76,28.95,-0.6563039723661457,-0.5735480990486708,low_a,0.025452958455832647,-0.6696694596609005,1.4616712998061967,0.9985188712696338
JDUSDT,1w_MA10,1w,10,10,2026-06-15,28.76,29.946000000000005,-3.9604621652307603,0.0501152651097625,low_a,-0.09584264741850577,1.6401011635044145,0.9506908851122525,0.981099971267819
JDUSDT,1w_MA20,1w,20,10,2026-06-15,28.76,28.840500000000002,-0.27912137445605945,-0.18170491122416754,low_a,-0.024392655113082605,0.31693089390471163,0.7218267876936332,0.8589224578950276
JOEUSDT,1d_MA20,1d,20,10,2026-06-15,0.03211,0.033882999999999996,-5.2327125697252175,-2.7147307521139363,low_a,0.02856192844147321,-1.9160340485656204,3.7268609593201862,0.9983111341417867
JOEUSDT,1w_MA10,1w,10,10,2026-06-15,0.03211,0.040884,-21.46071812934155,-3.906360174869561,low_a,-0.36139780090917867,3.9098042155530344,0.601031176067085,0.9786621258685592
JOEUSDT,1w_MA20,1w,20,10,2026-06-15,0.03211,0.039501999999999995,-18.71297655814894,-3.8483070856558665,low_a,-0.04943808505376946,-2.006356499107082,-2.2546231276790674,0.9902432153133405
JOEUSDT,1M_MA10,1M,10,10,2026-06-01,0.03211,0.063854,-49.71340871362796,-29.31813150321011,vertex_out,0.6247579255808914,-17.393310239333964,1.5466710764779552,0.9952668020070756
JOEUSDT,1M_MA20,1M,20,10,2026-06-01,0.03211,0.155307,-79.32482116066886,-16.213314630988364,vertex_out,0.5264878909884363,-13.198953216604146,1.3927674145051434,0.9955909181531891
JSTUSDT,1d_MA20,1d,20,10,2026-06-15,0.07845,0.0839235,-6.5220111172675015,-1.7576821773485518,low_a,-0.02724866628438587,-0.6033152855987095,-1.230060785976938,0.9979360032999725
JSTUSDT,1w_MA10,1w,10,10,2026-06-15,0.07845,0.08333600000000001,-5.863012383603728,1.7372089900260068,low_a,-0.30937819885383133,7.046570123026941,1.2653642674120609,0.9950860137795838
JSTUSDT,1w_MA20,1w,20,10,2026-06-15,0.07845,0.0686755,14.232877809408029,5.456681305856703,low_a,-0.04664586130994177,4.287083507866301,5.105947222413281,0.9979512150385188
JTOUSDT,1d_MA20,1d,20,10,2026-06-15,0.7292,0.5610600000000001,29.968274337860446,2.3990947500981408,low_a,-0.042558743605086116,1.1178340686598878,1.4592040892839098,0.9307576006380598
JTOUSDT,1w_MA10,1w,10,10,2026-06-15,0.7292,0.4918099999999999,48.2686403285822,16.880555159465736,vertex_out,0.46793240382189377,2.157799459286427,-0.2561860361860367,0.9986656369598766
JTOUSDT,1w_MA20,1w,20,10,2026-06-15,0.7292,0.383955,89.91808935943013,9.979519642524682,vertex_out,0.32308658178709876,-1.2109101180987196,0.20821905993962897,0.9644160776577934
JTOUSDT,1M_MA10,1M,10,10,2026-06-01,0.7292,0.57924,25.88909605690215,-28.587631916362565,vertex_out,0.7681029635605455,-21.05851114661508,1.5231255982920593,0.9987557680004782
JTOUSDT,1M_MA20,1M,20,10,2026-06-01,0.7292,1.51715,-51.93619615726857,-9.864602332475847,vertex_out,0.22345995030357796,-8.159122113905624,2.028482335505057,0.9967116842569888
JUPUSDT,1d_MA20,1d,20,10,2026-06-15,0.1914,0.175295,9.18736986223223,-0.8035537447302232,low_a,0.06484036029322499,-1.7098261871535145,1.4649879072414118,0.9910386192628111
JUPUSDT,1w_MA10,1w,10,10,2026-06-15,0.1914,0.1906,0.41972717733473885,2.5723818749327387,low_a,-0.12268589900273294,3.218066171144549,1.4572290328857798,0.9782033189040957
JUPUSDT,1w_MA20,1w,20,10,2026-06-15,0.1914,0.17435,9.779179810725536,0.32511436545157313,low_r2,-0.05556033077562208,0.29060440605684207,0.2905794296038251,0.49826735131933664
JUPUSDT,1M_MA10,1M,10,10,2026-06-01,0.1914,0.23293999999999998,-17.832918348072468,-20.18776125539643,vertex_out,0.6076040321703446,-15.468771697695042,1.414368832211061,0.9926548690133087
KAIAUSDT,1d_MA20,1d,20,10,2026-06-15,0.03874,0.041267000000000005,-6.123536966583487,-2.5791144843541502,low_a,0.02248542944172056,-1.8707578343933842,4.622148359185608,0.9976823285700771
KAIAUSDT,1w_MA10,1w,10,10,2026-06-15,0.03874,0.045427,-14.720320514231632,-3.410516467861624,low_a,-0.012826539427395828,-0.9415436295841622,-4.078105378105279,0.9452889632564081
KAIAUSDT,1w_MA20,1w,20,10,2026-06-15,0.03874,0.048490500000000006,-20.108062403976056,-5.296616376153496,low_a,-0.03280102811020416,-1.3554357122364118,-2.2957202365772216,0.9670133223406832
KAIAUSDT,1M_MA10,1M,10,10,2026-06-01,0.03874,0.067691,-42.769348953332056,-23.761093841510117,low_a,-0.13534712157713585,-6.1831119690196505,-2.537964727275886,0.988748606329205
KAIAUSDT,1M_MA20,1M,20,10,2026-06-01,0.03874,0.1087605,-64.38045062315823,-8.078584166532842,vertex_out,0.20392878655216806,-6.301042808002852,1.7165694931862214,0.998487746459612
KAITOUSDT,1d_MA20,1d,20,10,2026-06-15,0.4821,0.45328,6.358100953053292,-0.5561466823162942,low_a,0.01174094484239406,-0.6204898789367164,2.9360209424082155,0.9636933858905958
KAITOUSDT,1w_MA10,1w,10,10,2026-06-15,0.4821,0.46478,3.726494255346613,2.980081093656528,low_a,-0.16878254449701857,4.235848448596018,1.3942491180718437,0.9960494075451483
KAITOUSDT,1w_MA20,1w,20,10,2026-06-15,0.4821,0.40950500000000006,17.727500274721898,2.619972434532025,pass,0.13466928512893714,-1.7749220733548843,0.7322143409214616,0.884635402340782
KASUSDT,1d_MA20,1d,20,10,2026-06-15,0.03302,0.030977499999999998,6.593495278831418,-0.14666537730072537,low_a,0.03283372097607631,-0.7494739616182124,1.26813047910291,0.9851108883437238
KASUSDT,1w_MA10,1w,10,10,2026-06-15,0.03302,0.033474,-1.3562765131146404,0.7342762563948169,low_r2,-0.158099956849954,1.952819223488011,0.6862111731213709,0.8303518738927663
KASUSDT,1w_MA20,1w,20,10,2026-06-15,0.03302,0.0326395,1.1657654069455736,-0.7555947458039114,low_a,0.05571085276931737,-2.149236249089883,2.1432451291445185,0.9835282860184411
KASUSDT,1M_MA10,1M,10,10,2026-06-01,0.03302,0.042028,-21.433330160845156,-20.532455991075306,low_a,0.03473839482287261,-8.022985714204067,12.830800929046344,0.9958275022033759
KATUSDT,1d_MA20,1d,20,10,2026-06-15,0.005764,0.0063515,-9.249783515704957,-3.4909781576448307,low_a,0.02620326837337789,-1.8286558145368292,3.8770732051008716,0.9943406593139602
KAVAUSDT,1d_MA20,1d,20,10,2026-06-15,0.04626,0.048551,-4.718749356346919,-2.3531304680115106,low_a,0.019787431973007894,-1.623056046039572,4.556921810699472,0.9985455086569178
KAVAUSDT,1w_MA10,1w,10,10,2026-06-15,0.04626,0.055823,-17.13093169482113,-1.706226229046337,low_a,-0.24286102573348145,2.4928670272747153,0.570254581640269,0.8840316320168239
KAVAUSDT,1w_MA20,1w,20,10,2026-06-15,0.04626,0.055015999999999995,-15.91537007416023,-3.9080580226536377,low_a,-0.05605153990218858,-1.7021560601288916,-1.6870941588354806,0.9869461597975421
KAVAUSDT,1M_MA10,1M,10,10,2026-06-01,0.04626,0.09681000000000001,-52.215680198326616,-40.29197170329161,low_a,0.02284847366448335,-14.196111875610692,34.5175302980662,0.9994628047094506
KAVAUSDT,1M_MA20,1M,20,10,2026-06-01,0.04626,0.268065,-82.74299143864361,-9.862152797042311,vertex_out,0.5834934324811587,-11.944413795108998,1.1372510935573374,0.9969752624798305
KERNELUSDT,1d_MA20,1d,20,10,2026-06-15,0.05124,0.053984500000000005,-5.083866665431747,-2.10622710622711,low_a,0.03545177612006489,-1.6802869355015335,2.6331339191126193,0.9978361873466076
KERNELUSDT,1w_MA10,1w,10,10,2026-06-15,0.05124,0.059541,-13.941653650425756,-11.952856973855441,low_a,-0.31410103513618753,-0.3868113252946093,-0.06841594158581916,0.9948891874846136
KERNELUSDT,1w_MA20,1w,20,10,2026-06-15,0.05124,0.068959,-25.694978175437587,-1.9180030579952212,low_a,-0.06150312627702732,-0.23740481074943548,-0.2144469224757577,0.9860976482683889
KGENUSDT,1d_MA20,1d,20,10,2026-06-15,0.17216,0.18213000000000001,-5.474111898094769,-0.4011188673518795,low_a,0.01887188711592059,-0.6671775801196772,1.9640548340547745,0.9530787921013999
KGENUSDT,1w_MA10,1w,10,10,2026-06-15,0.17216,0.18486200000000003,-6.871071393796457,2.0609620767519266,low_r2,0.0002962708216444929,0.2928733046986993,-54.918466353232866,0.6231788442579701
KGENUSDT,1w_MA20,1w,20,10,2026-06-15,0.17216,0.1830765,-5.962807897245137,-4.752825005722839,low_a,-0.18533182330462195,0.8605144699532637,0.2579500842835325,0.9547619821890863
KITEUSDT,1d_MA20,1d,20,10,2026-06-15,0.19299,0.1926895,0.15595037612323726,-0.589171522688503,low_a,0.08747618049000243,-1.469318689335863,0.9331547813012241,0.9883537175334813
KITEUSDT,1w_MA10,1w,10,10,2026-06-15,0.19299,0.181651,6.242189693423095,7.115647702613459,pass,0.6519857963279924,-7.20807876315583,0.6141986871963564,0.9766161144754332
KITEUSDT,1w_MA20,1w,20,10,2026-06-15,0.19299,0.19207999999999997,0.4737609329446224,3.4172710288424613,low_a,0.010586432466879573,2.6767364301783902,-14.046996466429794,0.9919911134654732
KLACUSDT,1d_MA20,1d,20,10,2026-06-08,2109.22,1949.8545,8.173199590020698,1.3330710603114415,low_a,0.011300061091928838,0.38648788597979544,-1.9001268264324673,0.9885304104411236
KMNOUSDT,1d_MA20,1d,20,10,2026-06-15,0.01796,0.01672,7.416267942583743,-1.0767956454857508,low_a,0.09318528523853067,-2.057301118084558,1.2265295563316494,0.9922070085068985
KMNOUSDT,1w_MA10,1w,10,10,2026-06-15,0.01796,0.019507,-7.930486492028499,-0.20974012686719723,low_r2,0.11354582308535921,-1.6949418923271318,0.8292990081355096,0.74479709174581
KMNOUSDT,1w_MA20,1w,20,10,2026-06-15,0.01796,0.020859499999999996,-13.90014142237348,-9.043538927769434,vertex_out,0.11918367628801325,-7.167436506758182,3.340985355073905,0.996579782678146
KMNOUSDT,1M_MA10,1M,10,10,2026-06-01,0.01796,0.037736000000000006,-52.4061903752385,-16.22041650015541,low_a,0.06589471937053201,-7.167735675392644,6.043087235604665,0.9814863352587173
KNCUSDT,1d_MA20,1d,20,10,2026-06-15,0.1245,0.12767,-2.4829638912822194,-1.7393981374586143,low_a,0.002887850893798914,-0.9684258600759542,18.630268199239183,0.9988531616866635
KNCUSDT,1w_MA10,1w,10,10,2026-06-15,0.1245,0.13976,-10.918717801946187,-0.8794326241134742,low_a,-0.19929044439728474,2.371662395185464,0.6611406901782348,0.9382964331435975
KNCUSDT,1w_MA20,1w,20,10,2026-06-15,0.1245,0.13722499999999999,-9.273091637821086,-4.485974803368831,low_a,0.007315411424559446,-2.9362557128146376,22.29885756403849,0.9959481791941918
KNCUSDT,1M_MA10,1M,10,10,2026-06-01,0.1245,0.19696000000000002,-36.78919577579205,-21.660965714740254,low_a,-0.06463645774643047,-6.329115127021849,-5.4399253813717445,0.9966039613127807
KNCUSDT,1M_MA20,1M,20,10,2026-06-01,0.1245,0.311895,-60.08272014620304,-9.04862579281186,vertex_out,0.18135628445219457,-6.66312812985068,2.0411412050586097,0.9988999347013853
KOPNUSDT,1d_MA20,1d,20,10,2026-06-15,5.267,5.4421,-3.217507947299747,-0.5763978332556929,low_r2,-0.06547525382963458,0.6037113342905538,0.5122472477764904,0.8386498523583432
KSMUSDT,1d_MA20,1d,20,10,2026-06-15,3.754,3.96175,-5.243894743484567,-2.463193657984142,low_a,0.031566775796114784,-1.819892897703767,3.2028979340990076,0.9985510165484329
KSMUSDT,1w_MA10,1w,10,10,2026-06-15,3.754,4.567,-17.801620319684698,-1.6961556674846001,low_a,-0.16434764913306973,1.9323070514879093,0.6531909176407406,0.8734563738910421
KSMUSDT,1w_MA20,1w,20,10,2026-06-15,3.754,4.4892,-16.37708277644124,-4.48612248805863,low_a,-0.04365055697257445,-2.1597777606913096,-2.7488229634074863,0.9930261268390612
KSMUSDT,1M_MA10,1M,10,10,2026-06-01,3.754,6.6729,-43.742600668375076,-24.079278213282063,vertex_out,0.5278719781273354,-15.043162670301566,1.5832082286807798,0.9940440255120641
KSMUSDT,1M_MA20,1M,20,10,2026-06-01,3.754,13.80995,-72.81670100181391,-9.304081987830548,vertex_out,0.4761849564611745,-10.326075366749823,1.2047227572488368,0.996499147006105
KWEBUSDT,1d_MA20,1d,20,10,2026-06-15,26.682,26.7065,-0.09173796641267495,-0.28432586021175377,low_a,0.02253635327341549,-0.39285605433592136,0.9684502229445173,0.9792780080520688
LABUSDT,1d_MA20,1d,20,10,2026-06-15,9.57479,10.288305000000001,-6.935204584234245,6.205218260582912,low_a,-0.021935243585964596,3.1046753613131983,7.863234517612723,0.9916462803307154
LABUSDT,1w_MA10,1w,10,10,2026-06-15,9.57479,5.98832,59.891087984610046,50.141232526455084,vertex_out,3.2621906703450185,-0.9720326915408264,0.016553850358170877,0.9954150487334548
LABUSDT,1w_MA20,1w,20,10,2026-06-15,9.57479,3.100662,208.79825018012284,49.39291970929525,vertex_out,3.0975491069136116,-1.0081020741997844,0.01808064016285469,0.9958350518158958
LAUSDT,1d_MA20,1d,20,10,2026-06-15,0.077,0.08498000000000001,-9.390444810543674,-4.312577412453555,low_a,0.00259720931671072,-2.220235457761969,47.491903531411765,0.9992916575679159
LAUSDT,1w_MA10,1w,10,10,2026-06-15,0.077,0.11727999999999998,-34.34515688949522,-12.919512919512933,low_a,-0.1656290035717337,-4.306838582637519,-1.4446069528088528,0.9955064808992957
LAUSDT,1w_MA20,1w,20,10,2026-06-15,0.077,0.161325,-52.27026189369286,-10.30773079809858,low_a,-0.04997096827987018,-4.302571452668712,-4.7834123611883905,0.9991248683173346
LAYERUSDT,1d_MA20,1d,20,10,2026-06-15,0.06783,0.0735525,-7.7801570306923695,-2.5478466522248833,low_a,0.01978973840177498,-1.712721760219167,4.8081084736587805,0.9970916734739709
LAYERUSDT,1w_MA10,1w,10,10,2026-06-15,0.06783,0.084014,-19.263456090651566,-2.660178426601778,low_r2,-0.21350807318757295,2.352054619232495,0.6120129282122033,0.7843506445410895
LAYERUSDT,1w_MA20,1w,20,10,2026-06-15,0.06783,0.08326700000000001,-18.539157169106613,-5.8704499208681815,low_a,0.07214461413310283,-4.588312641281459,3.533268018852828,0.9954299742675748
LDOUSDT,1d_MA20,1d,20,10,2026-06-15,0.2735,0.286705,-4.6057794597234025,-2.487925991429163,low_a,0.021188741559654434,-1.59675673645489,4.1865963266897275,0.9993479736530612
LDOUSDT,1w_MA10,1w,10,10,2026-06-15,0.2735,0.34135,-19.876959132854832,-2.513208624875052,low_a,-0.31635391094538967,3.936177525268224,0.6912401636764239,0.9815259028045424
LDOUSDT,1w_MA20,1w,20,10,2026-06-15,0.2735,0.325695,-16.025729593638218,-5.2468507258604085,low_a,-0.08419839454500373,-2.3559971561259396,-1.5545276320669745,0.9919142362782346
LDOUSDT,1M_MA10,1M,10,10,2026-06-01,0.2735,0.52012,-47.41598092747827,-22.854896842230154,vertex_out,0.46547317608051075,-12.43725849618418,1.4844223917729118,0.9794557878704225
LDOUSDT,1M_MA20,1M,20,10,2026-06-01,0.2735,0.8880099999999999,-69.20079728831881,-8.819648733706064,vertex_out,0.4694975574724396,-10.64769777683827,1.2599400273016932,0.9982802400261028
LIGHTUSDT,1d_MA20,1d,20,10,2026-05-26,0.138,0.14669500000000002,-5.927264051262826,-1.0322145387080317,low_a,0.012560612491640328,-0.763866112311562,3.3785777777775587,0.9972413761909276
LIGHTUSDT,1w_MA10,1w,10,10,2026-05-25,0.138,0.15089999999999998,-8.548707753479102,-11.65622621626371,vertex_out,0.4687913131505916,-8.948454520716865,1.060464109117037,0.9624323787319897
LIGHTUSDT,1w_MA20,1w,20,10,2026-05-25,0.138,0.21883,-36.937348626787916,-18.673232370157024,vertex_out,0.8029734731092524,-18.50104701905389,1.2800372365017676,0.9938348363426108
LINEAUSDT,1d_MA20,1d,20,10,2026-06-15,0.002588,0.0027131,-4.610961630607058,-1.9160550956219824,low_a,0.06099660778112617,-1.95638538034149,1.7818708390414635,0.9972231769615296
LINEAUSDT,1w_MA10,1w,10,10,2026-06-15,0.002588,0.0031751,-18.490756196655223,-3.8285627744964468,low_r2,-0.22875579663084372,2.093676095797186,0.5084694699260623,0.7608592112779664
LINEAUSDT,1w_MA20,1w,20,10,2026-06-15,0.002588,0.0031940000000000002,-18.973074514715094,-6.796229828708156,low_a,0.06570615434762374,-4.894784457851425,4.138614907242233,0.9972120913602048
LINKUSDT,1d_MA20,1d,20,10,2026-06-15,8.295,8.27375,0.25683638011784193,-1.434332243288483,low_a,0.020083789331491804,-1.1273308811618357,3.1184101946177756,0.9980036871067707
LINKUSDT,1w_MA10,1w,10,10,2026-06-15,8.295,9.0887,-8.732822075764402,-1.1646621283629588,low_a,-0.14896166614544534,1.7858852817671367,0.6660495384778345,0.928363010906363
LINKUSDT,1w_MA20,1w,20,10,2026-06-15,8.295,8.9229,-7.036949870557785,-2.4270491041405773,low_a,-0.010537206547030557,-1.7360361393569255,-9.152943121692438,0.9907466616978341
LINKUSDT,1M_MA10,1M,10,10,2026-06-01,8.295,11.781,-29.590017825311943,-16.153046844974583,low_a,-0.13985714091283435,-2.622234073794718,-1.0416319811454444,0.9726233016658643
LINKUSDT,1M_MA20,1M,20,10,2026-06-01,8.295,14.6007,-43.18765538638558,-1.9541086645581074,low_a,0.03996188329700211,-1.7026512180645208,2.367048960978623,0.982526490424115
LISTAUSDT,1d_MA20,1d,20,10,2026-06-15,0.05243,0.058217,-9.940395417146197,-3.6652766746094967,low_a,0.026591042194872905,-2.2292789735079332,4.657539593744524,0.9996052253476
LISTAUSDT,1w_MA10,1w,10,10,2026-06-15,0.05243,0.07338,-28.550013627691474,-7.0433240435773925,low_a,-0.32401989377326884,1.5802189475002866,0.2709399737943999,0.976026328059997
LISTAUSDT,1w_MA20,1w,20,10,2026-06-15,0.05243,0.078845,-33.502441499143885,-8.314436885865462,low_a,-0.054936833405918664,-3.9055984164562183,-3.9495849387589015,0.9962217454630308
LISTAUSDT,1M_MA10,1M,10,10,2026-06-01,0.05243,0.13903300000000002,-62.28952838534737,-23.130978050533525,low_a,-0.44449032565595503,-1.5202819633121094,-0.19001562958260843,0.9873304477619348
LITEUSDT,1d_MA20,1d,20,10,2026-06-15,952.74,895.2585000000001,6.420659507840454,-0.06390714319997048,low_a,0.007812710688737002,-0.3305975672304656,2.350852635472768,0.9366285150716223
LITUSDT,1d_MA20,1d,20,10,2026-06-15,1.691,1.4699,15.041839580923888,2.8297596977858497,low_a,0.020036371716072244,0.8691224199506141,-2.4098464317975092,0.9824577653533743
LITUSDT,1w_MA10,1w,10,10,2026-06-15,1.691,1.2119,39.532964766069824,11.737045915544897,pass,0.9485621448304508,-7.4370464207497795,0.43557425082682505,0.9818755253497556
LLYUSDT,1d_MA20,1d,20,10,2026-06-15,1131.49,1121.246,0.9136264477197509,0.5890479778950297,low_a,-0.02596981644627208,0.6565444375606128,1.4045032259296335,0.998673666773212
LLYUSDT,1w_MA10,1w,10,10,2026-06-15,1131.49,1033.241,9.508817400780645,4.079823599153465,pass,0.28903039102063105,-1.7226231331077622,0.3311114960427199,0.9797376122529743
LLYUSDT,1w_MA20,1w,20,10,2026-06-15,1131.49,1006.299,12.440735805163271,0.8557664890522343,low_a,0.0846378627370416,-0.8035527649377566,0.5274450326447385,0.9615934080910821
LPTUSDT,1d_MA20,1d,20,10,2026-06-15,1.817,1.9020500000000002,-4.471491285718054,-2.4114312100766977,low_a,-0.03368694160232886,-0.6041394422537846,-0.9963297571992159,0.9988995186939006
LPTUSDT,1w_MA10,1w,10,10,2026-06-15,1.817,2.0497,-11.352880909401385,-2.15762088882524,low_a,-0.046443654337315364,-0.18268075270762069,-0.21852136423779905,0.9688470288422188
LPTUSDT,1w_MA20,1w,20,10,2026-06-15,1.817,2.1308,-14.72686314999061,-4.388405276855445,low_a,0.00765433675644902,-2.302961502164625,16.71500872600321,0.9946324641723168
LPTUSDT,1M_MA10,1M,10,10,2026-06-01,1.817,3.0694999999999997,-40.8046913178042,-22.987179165516736,vertex_out,0.24671752253275395,-11.434598207450444,2.574829097860827,0.9801966550302821
LPTUSDT,1M_MA20,1M,20,10,2026-06-01,1.817,5.9061,-69.23519750766157,-14.769357317574737,vertex_out,0.11627054995727004,-8.54136631690709,4.081174047200011,0.9948953501752014
LQTYUSDT,1d_MA20,1d,20,10,2026-06-15,0.2059,0.226825,-9.225173591976187,-1.8137350388502838,low_a,0.03750414331488132,-1.5569735958131263,2.3063727219282293,0.998560914456899
LQTYUSDT,1w_MA10,1w,10,10,2026-06-15,0.2059,0.26536,-22.40729574917093,-4.701023523074155,low_a,-0.3265498815062648,2.4979581862887352,0.4249747516480304,0.9446504837507849
LQTYUSDT,1w_MA20,1w,20,10,2026-06-15,0.2059,0.273515,-24.72076485750325,-3.852711134546105,low_a,-0.06353460775439147,-1.413674547219496,-1.2361369279107433,0.9921617574889735
LQTYUSDT,1M_MA10,1M,10,10,2026-06-01,0.2059,0.38541,-46.57637321294206,-24.373062281700086,low_a,0.09201595651853335,-10.27577281605834,6.20410077945355,0.9789059832452826
LQTYUSDT,1M_MA20,1M,20,10,2026-06-01,0.2059,0.7411049999999999,-72.217162210483,-8.136969321351096,vertex_out,0.23188790370437753,-6.1244524590811995,1.4672924003470618,0.9938368494052386
LSKUSDT,1d_MA20,1d,20,10,2026-06-15,0.0954,0.100715,-5.2772675371096645,-2.2184466019417592,low_a,0.0025969716322491437,-1.2756680407136929,27.289649923876116,0.9984470139900741
LSKUSDT,1w_MA10,1w,10,10,2026-06-15,0.0954,0.11596999999999999,-17.737345865309983,-4.708299096138047,low_a,-0.16296222429321097,0.5067532474515569,0.17275757197016867,0.961778338764497
LSKUSDT,1w_MA20,1w,20,10,2026-06-15,0.0954,0.122515,-22.13198383871363,-4.835327015690538,low_a,-0.04536844712797842,-2.3876498216674014,-2.9237767812655195,0.9954989532168717
LSKUSDT,1M_MA10,1M,10,10,2026-06-01,0.0954,0.1683,-43.31550802139038,-25.708484152908984,vertex_out,0.7978790124382505,-19.448302983512004,1.3541668097773119,0.9976716700401883
LTCUSDT,1d_MA20,1d,20,10,2026-06-15,45.74,46.311499999999995,-1.2340347429903864,-1.4344851071075304,low_a,0.035913350975551685,-1.3699399326866806,2.119205587079856,0.9990976966584127
LTCUSDT,1w_MA10,1w,10,10,2026-06-15,45.74,51.913,-11.891048484965216,-3.0678168645903447,low_a,-0.19315016354265097,1.387638569253562,0.3991248581478671,0.939513122182368
LTCUSDT,1w_MA20,1w,20,10,2026-06-15,45.74,52.91850000000001,-13.565199315929222,-3.1648001756697353,low_a,-0.004083345207999035,-2.0461463313725217,-27.838644639860483,0.9958117854014401
LTCUSDT,1M_MA10,1M,10,10,2026-06-01,45.74,68.203,-32.93550137090744,-14.649163423394118,low_a,-0.12727299118589316,-3.050310947003393,-1.3314821762179916,0.9898545267910347
LTCUSDT,1M_MA20,1M,20,10,2026-06-01,45.74,84.91900000000001,-46.1369069348438,-2.2059204578825153,low_a,-0.040799349125957986,-0.46001928883081333,-0.626397913318852,0.9718985856531659
LUMIAUSDT,1d_MA20,1d,20,10,2026-06-15,0.09018,0.0930295,-3.063006895662135,-1.4100254345061458,low_a,0.02636007549943098,-0.8893887891745565,1.8744441110778292,0.9654469355007169
LUMIAUSDT,1w_MA10,1w,10,10,2026-06-15,0.09018,0.11079900000000001,-18.609373730809853,2.583118073493895,low_a,-0.5322214475898754,9.179054486798151,0.9581490445340839,0.9965710523188109
LUMIAUSDT,1w_MA20,1w,20,10,2026-06-15,0.09018,0.08873149999999999,1.6324529620258987,0.2372305033240485,low_r2,-0.20995283683748156,1.716906929963075,0.45431021446552644,0.6846434277747122
LUMIAUSDT,1M_MA10,1M,10,10,2026-06-01,0.09018,0.121821,-25.97335434777256,-25.773666989599132,vertex_out,1.9266911135411748,-31.537318346070712,0.9093690364451508,0.9715136985497012
LUNAUSDT,1d_MA20,1d,20,10,2026-06-15,0.0534,0.054859000000000005,-2.6595453799741153,-1.7083986562150155,low_a,0.016113432416933835,-1.0922429717745459,3.7658124928625534,0.9988570516810549
LUNAUSDT,1w_MA10,1w,10,10,2026-06-15,0.0534,0.06050000000000001,-11.735537190082656,-0.5081484648653767,low_r2,-0.09117177586909068,1.0304033035965894,0.6278766365128524,0.8173513649395211
LUNAUSDT,1w_MA20,1w,20,10,2026-06-15,0.0534,0.0603605,-11.531547949403986,-2.830856903684864,vertex_out,0.22099163027681276,-4.794839588170654,1.2053849133875612,0.9940420207833226
LUNAUSDT,1M_MA10,1M,10,10,2026-06-01,0.0534,0.076919,-30.576320544988878,-19.50543125640972,vertex_out,0.9082725533588292,-18.725074982627522,1.1453411639846447,0.9895521619359932
LUNAUSDT,1M_MA20,1M,20,10,2026-06-01,0.0534,0.1661395,-67.8583359165039,-15.950654882657368,vertex_out,0.7692692391450493,-16.212568483584207,1.1708491686071183,0.9939088645934193
LUNCUSDT,1d_MA20,1d,20,10,2026-06-15,7.153e-05,7.35055e-05,-2.687553992558378,-1.7910108756646892,low_a,-0.01784435940848289,-0.4153573224286432,-1.2931485111548275,0.9897219687951773
LUNCUSDT,1w_MA10,1w,10,10,2026-06-15,7.153e-05,7.4271e-05,-3.690538702858437,9.987116264605245,low_a,-0.137059787777367,8.417480834595814,3.411925786021347,0.9973765389986899
LUNCUSDT,1w_MA20,1w,20,10,2026-06-15,7.153e-05,5.6145e-05,27.402262000178123,6.764915616829059,low_a,-0.036727842327392755,4.326704450478989,6.54469345975649,0.9940060142925884
LUNCUSDT,1M_MA10,1M,10,10,2026-06-01,7.153e-05,5.1568000000000005e-05,38.71005274588892,8.915031575390199,pass,1.0361360106890152,-12.180981254509678,0.653120028475879,0.9878043196656019
LUNCUSDT,1M_MA20,1M,20,10,2026-06-01,7.153e-05,6.27085e-05,14.067470917020808,-1.868471499550084,vertex_out,0.546067507501866,-8.565403757969383,0.8714229610704429,0.9943610595522473
LWLGUSDT,1d_MA20,1d,20,10,2026-06-15,10.048,10.51995,-4.486238052462221,-2.3774724739354935,low_a,-0.02147811223976221,-1.0934534279202899,-2.8283404045993046,0.9943382655866473
LYNUSDT,1d_MA20,1d,20,10,2026-06-15,0.03715,0.036041500000000004,3.075621158941777,-1.8210296921819524,low_a,-0.020385719526031035,-0.7863017293161687,-2.1428446197679394,0.9975513345840876
LYNUSDT,1w_MA10,1w,10,10,2026-06-15,0.03715,0.047715999999999995,-22.143515801827462,-5.424850851287355,ma_not_rising,2.5235318990094657,-38.0577133437662,0.8378405713107573,0.982307578430463
LYNUSDT,1w_MA20,1w,20,10,2026-06-15,0.03715,0.107131,-65.32282905974928,-6.053457740673829,low_a,-0.145216553306884,-1.0732797607438411,-0.410605072333935,0.9763893120774011
MAGICUSDT,1d_MA20,1d,20,10,2026-06-15,0.04823,0.05089850000000003,-5.242787115533898,-2.383897663089851,low_a,0.02994982863453174,-1.7127742267853032,3.177117467730124,0.9990324831883182
MAGICUSDT,1w_MA10,1w,10,10,2026-06-15,0.04823,0.05894299999999999,-18.175186196834215,-3.3420245650284786,low_a,-0.15840165137085682,1.1427628323879675,0.40079647826976017,0.8613579032533247
MAGICUSDT,1w_MA20,1w,20,10,2026-06-15,0.04823,0.0603645,-20.10204673276512,-4.610315729591341,low_a,-0.04505359667528671,-2.288243335079011,-2.821631104012246,0.9952376779047993
MAGICUSDT,1M_MA10,1M,10,10,2026-06-01,0.04823,0.086349,-44.1452709353901,-21.161185471942744,vertex_out,0.6607145720194574,-14.65013889612761,1.231842976994996,0.9763587189860345
MAGICUSDT,1M_MA20,1M,20,10,2026-06-01,0.04823,0.1677545,-71.24965351153024,-15.839972306951356,vertex_out,0.9917151106441289,-19.548432422031425,1.095096779094963,0.9979994588320263
MAGMAUSDT,1d_MA20,1d,20,10,2026-06-15,0.39429,0.3596295,9.637835605810974,2.9595581919998004,low_a,-0.10846305015451109,3.1967937119808734,1.6374207659899331,0.9906658743688997
MAGMAUSDT,1w_MA10,1w,10,10,2026-06-15,0.39429,0.27636,42.67260095527572,18.231406019380092,vertex_out,0.5582477027331899,3.711239263399999,-0.3693341827800048,0.9961050614203825
MANAUSDT,1d_MA20,1d,20,10,2026-06-15,0.0689,0.07346,-6.207459842090923,-2.352784793300533,low_a,0.024561559146377275,-1.560471239532906,3.52961496149579,0.999479858291645
MANAUSDT,1w_MA10,1w,10,10,2026-06-15,0.0689,0.0833,-17.28691476590636,-4.032258064516137,low_a,-0.10867379552921268,0.3050480362402765,0.1559447983014842,0.9279082991948031
MANAUSDT,1w_MA20,1w,20,10,2026-06-15,0.0689,0.08715,-20.94090648307516,-6.239913932221619,low_a,-0.11500712111353158,-1.6157192324668228,-0.7804923617980111,0.9938221482104984
MANAUSDT,1M_MA10,1M,10,10,2026-06-01,0.0689,0.13366,-48.451294328894214,-23.649034616702856,vertex_out,0.12085351438117695,-9.875561786560342,4.539729972147389,0.996644709292915
MANAUSDT,1M_MA20,1M,20,10,2026-06-01,0.0689,0.24266000000000001,-71.60636281216517,-8.246682043331955,vertex_out,0.30436856319061456,-7.490858604885959,1.3672857900305846,0.9971596051559236
MANTAUSDT,1d_MA20,1d,20,10,2026-06-15,0.0801,0.0795575,0.6818967413505961,0.6407256075191992,low_a,0.015097432067383402,0.07472073457632797,-0.27495748299310363,0.9652191355532472
MANTAUSDT,1w_MA10,1w,10,10,2026-06-15,0.0801,0.073863,8.444011209942737,5.144557217896351,vertex_out,0.20605111560046344,-0.30893592505110395,0.08329538472658943,0.9773897281591505
MANTAUSDT,1w_MA20,1w,20,10,2026-06-15,0.0801,0.0700875,14.285714285714302,1.382871773359473,low_r2,0.08650522219651617,-0.9518935130742707,0.6113269419554229,0.8180430083410457
MANTAUSDT,1M_MA10,1M,10,10,2026-06-01,0.0801,0.088399,-9.388115250172513,-22.11953553116136,vertex_out,1.7266271380724452,-29.379314570906097,0.9453020324065089,0.9779658651553607
MANTAUSDT,1M_MA20,1M,20,10,2026-06-01,0.0801,0.25896949999999996,-69.06971670409064,-20.63405230801293,vertex_out,1.5446295304263251,-27.520086392552173,0.9898125462182112,0.9946078423428257
MANTRAUSDT,1d_MA20,1d,20,10,2026-06-15,0.007939,0.007782699999999999,2.008300461279511,-1.469219813261602,low_a,0.04309450174660955,-1.4182456079415333,1.8283404951913012,0.9976575385877298
MASKUSDT,1d_MA20,1d,20,10,2026-06-15,0.3764,0.38950500000000005,-3.3645267711582716,-1.8100003781337692,low_a,0.027117122043892793,-1.4528297407837938,2.9764502016929644,0.99758291822602
MASKUSDT,1w_MA10,1w,10,10,2026-06-15,0.3764,0.45246,-16.8103257746541,-2.60461511968314,low_a,-0.26130431894338224,2.7166816068490265,0.5775899784065907,0.9709214950226076
MASKUSDT,1w_MA20,1w,20,10,2026-06-15,0.3764,0.44465000000000005,-15.34915101765434,-3.9228184656604825,low_a,-0.13658754193867262,-0.4896438841965012,-0.1991575338776544,0.9904864950150105
MASKUSDT,1M_MA10,1M,10,10,2026-06-01,0.3764,0.60169,-37.442869251607966,-21.560984512697512,vertex_out,0.7010178166848412,-17.93993205634936,1.4217368921273534,0.9980733251961563
MASKUSDT,1M_MA20,1M,20,10,2026-06-01,0.3764,1.311345,-71.29664581021775,-14.447184545828184,vertex_out,0.44008138001397124,-10.87316536176023,1.3726205419116702,0.9941363951766031
MAVUSDT,1d_MA20,1d,20,10,2026-06-15,0.01094,0.011534,-5.14999132998093,-2.1090600466793896,low_a,0.019087672566530264,-1.4855920040094799,4.323884372176263,0.9982765829566145
MAVUSDT,1w_MA10,1w,10,10,2026-06-15,0.01094,0.013640000000000003,-19.79472140762465,-4.018014214340992,low_a,-0.2063414078272591,1.6304899749236916,0.43899466102548773,0.880913714619244
MAVUSDT,1w_MA20,1w,20,10,2026-06-15,0.01094,0.013952499999999998,-21.591112703816506,-7.4737226035346165,low_a,-0.002560856325083833,-3.859273657213294,-83.723592755789,0.9984106173901015
MAVUSDT,1M_MA10,1M,10,10,2026-06-01,0.01094,0.023366,-53.17983394676025,-28.79041843171912,vertex_out,1.0791908372007517,-22.060253448978358,1.1356375478810445,0.9781035339981197
MAVUSDT,1M_MA20,1M,20,10,2026-06-01,0.01094,0.0643955,-83.011235257122,-20.988086035754172,vertex_out,1.3385844022487756,-25.11793409270306,1.0424750061211345,0.9951214524752421
MCDUSDT,1d_MA20,1d,20,10,2026-06-15,286.29,280.91150000000005,1.914659955181608,0.14188265448902282,low_a,0.007884992216531909,-0.04856160799236888,0.34215215901300844,0.9730553696980451
MCDUSDT,1w_MA10,1w,10,10,2026-06-15,286.29,286.84900000000005,-0.19487604976835549,-1.4396695975453233,low_a,0.07024921512232246,-1.9020090093089945,1.5041757690792492,0.9921375107228141
MCDUSDT,1w_MA20,1w,20,10,2026-06-15,286.29,303.8805,-5.788624146662902,-0.8903804664223913,low_a,0.004129106381957781,-0.5171424144082314,6.957954452161264,0.9955064206268724
MEGAUSDT,1d_MA20,1d,20,10,2026-06-15,0.06019,0.0546435,10.150338100597512,-1.6778825392255725,vertex_out,0.16472361753960235,-3.93925907238802,1.328575279687287,0.992537811535738
MEGAUSDT,1w_MA10,1w,10,10,2026-06-15,0.06019,0.09803100000000001,-38.601054768389595,-11.874325782092765,low_a,-0.5312488809317252,1.2241342028183808,0.1280143039414184,0.9860901303088698
MELANIAUSDT,1d_MA20,1d,20,10,2026-06-15,0.083,0.083645,-0.7711160260625127,-1.309657247360041,low_a,0.0350112708772454,-1.2094679562346424,1.9191723851112161,0.9989390792193446
MELANIAUSDT,1w_MA10,1w,10,10,2026-06-15,0.083,0.09487999999999999,-12.521079258010104,-4.710254092598188,low_a,-0.20675279258970253,0.10207222438983023,0.02742733997321001,0.9831467012590486
MELANIAUSDT,1w_MA20,1w,20,10,2026-06-15,0.083,0.104115,-20.28045910771742,-5.199180514454838,low_a,-0.2648793934112445,0.6883448337203171,0.1443727998567114,0.9825883406152737
MEMEUSDT,1d_MA20,1d,20,10,2026-06-15,0.0006091,0.0005580650000000001,9.144992070816116,2.1189968617620014,low_a,0.04741125717100567,0.10857695818500795,-0.12722829117868953,0.9874058635699192
MEMEUSDT,1w_MA10,1w,10,10,2026-06-15,0.0006091,0.00057815,5.353282020236949,4.5309081704605125,pass,0.2800701307420517,-2.3155854953314376,0.4593265204278667,0.9082605748786428
MEMEUSDT,1w_MA20,1w,20,10,2026-06-15,0.0006091,0.000581015,4.833782260354713,-4.628907692686479,low_a,0.05596658086316825,-4.076929519985613,4.046988058773889,0.9927672890586562
MEMEUSDT,1M_MA10,1M,10,10,2026-06-01,0.0006091,0.0009935,-38.69149471565174,-26.020522137995737,vertex_out,1.838721633658359,-29.467010581593645,0.8903229904163079,0.9498039157832057
MEMEUSDT,1M_MA20,1M,20,10,2026-06-01,0.0006091,0.00299815,-79.68413855210713,-27.55677013110651,vertex_out,1.4011230319972687,-27.82113917614526,1.1031285674577322,0.9973781073861663
MERLUSDT,1d_MA20,1d,20,10,2026-06-15,0.02189,0.0229335,-4.550112281160745,-2.454222581399801,low_a,0.059900088105913095,-2.1414277633840304,1.9861107527343773,0.9983007201211287
MERLUSDT,1w_MA10,1w,10,10,2026-06-15,0.02189,0.030092,-27.256413664761403,-1.237323180937988,vertex_out,0.22144983201480223,-3.922070141676897,0.9839374618904747,0.9783084440769475
MERLUSDT,1w_MA20,1w,20,10,2026-06-15,0.02189,0.033752,-35.144584024650385,-14.678261309200302,vertex_out,1.4568458483678501,-29.828855492559875,1.1374975879102893,0.9978013374604052
MERLUSDT,1M_MA10,1M,10,10,2026-06-01,0.02189,0.147035,-85.1123882068895,-10.348885420223407,low_r2,-1.1842202314366863,10.74829950183386,0.5042370787547267,0.8400967326643529
METAUSDT,1d_MA20,1d,20,10,2026-06-15,593.06,601.0855,-1.3351677922691652,-0.47767233664558484,low_a,-0.011925630535515937,-0.16253926687676107,-0.7571892525128029,0.9902777733514193
METAUSDT,1w_MA10,1w,10,10,2026-06-15,593.06,619.934,-4.334977594389089,-0.38996659495054153,low_r2,0.06215298199699614,-0.5001644654458346,0.4470729135463485,0.49849293168722786
METAUSDT,1w_MA20,1w,20,10,2026-06-15,593.06,618.114,-4.053297611767426,-1.647889598636687,low_a,-0.025434659972142445,-0.12333348590414198,-0.26939067931367877,0.9712283182745783
METISUSDT,1d_MA20,1d,20,10,2026-06-15,3.084,2.8323,8.886770469229965,-0.8974964572508348,low_a,0.07340585890862021,-1.9682067880350942,1.4895925636347895,0.9920161937679658
METISUSDT,1w_MA10,1w,10,10,2026-06-15,3.084,3.3051000000000004,-6.689661432331862,0.9900082500687857,low_a,-0.06886946081243409,1.1972813160846398,0.9658218299766295,0.8664209434922107
METISUSDT,1w_MA20,1w,20,10,2026-06-15,3.084,3.24065,-4.8339067779612055,-3.4011476264997453,low_a,0.04302402871446793,-3.095330880646228,3.9969020066394045,0.9945741040740986
METISUSDT,1M_MA10,1M,10,10,2026-06-01,3.084,5.427999999999999,-43.18349299926307,-31.40055101989234,vertex_out,0.9020919748028134,-21.682926261081743,1.3353483327105906,0.9898911187463072
METUSDT,1d_MA20,1d,20,10,2026-06-15,0.118,0.11477499999999999,2.809845349597051,-1.7547613952493046,low_a,0.07388027227567111,-2.1381539595713472,1.607822053552632,0.9983251031647139
METUSDT,1w_MA10,1w,10,10,2026-06-15,0.118,0.13737000000000002,-14.100604207614486,-2.304245786217196,low_a,0.04170179758547881,-1.8423916260307003,2.4544527157428937,0.9682423551482797
METUSDT,1w_MA20,1w,20,10,2026-06-15,0.118,0.15153,-22.127631492113775,-7.471071352242542,low_a,-0.12279650867859378,-2.3825240114259243,-1.0779007196830166,0.9941129816995212
MEUSDT,1d_MA20,1d,20,10,2026-06-15,0.06416,0.07045399999999999,-8.933488517330446,-4.295261899587066,low_a,0.0034034424058866967,-2.2859549151483156,37.31442467378288,0.9993907654483155
MEUSDT,1w_MA10,1w,10,10,2026-06-15,0.06416,0.090336,-28.9762663832802,-7.660226924256364,low_a,-0.1842311500825797,-0.40157097824035737,-0.12109515020196618,0.9789771596706545
MEUSDT,1w_MA20,1w,20,10,2026-06-15,0.06416,0.102468,-37.38533005426085,-10.233902759526936,low_a,-0.018850252342880194,-5.032461717249654,-14.83169569448594,0.9935467123215129
MEWUSDT,1d_MA20,1d,20,10,2026-06-15,0.0003864,0.00041522499999999997,-6.942019387079279,-3.3371356737126323,low_a,0.04592698740899449,-2.4572156973401147,2.972369643361955,0.9990326064004108
MEWUSDT,1w_MA10,1w,10,10,2026-06-15,0.0003864,0.00051994,-25.683732738392884,-6.110729892737199,low_a,-0.2946075396189081,1.5031412636324688,0.2834545513926895,0.9694912252825368
MEWUSDT,1w_MA20,1w,20,10,2026-06-15,0.0003864,0.000553555,-30.196638093775675,-6.354885640817443,low_a,-0.11766763023204195,-2.2463744842537903,-1.0606024971560968,0.9914016322384667
MEWUSDT,1M_MA10,1M,10,10,2026-06-01,0.0003864,0.0009650199999999999,-59.959379080226306,-33.98141940427163,vertex_out,0.23637658960588295,-13.975982386208546,3.284773112240344,0.9910579708644613
MINAUSDT,1d_MA20,1d,20,10,2026-06-15,0.04383,0.0477225,-8.156529938708157,-2.446877012234383,low_a,0.01860360428892133,-1.5881705687624161,4.742720652100825,0.9987982973541405
MINAUSDT,1w_MA10,1w,10,10,2026-06-15,0.04383,0.054956000000000005,-20.24528713880196,-4.13424972961659,low_r2,-0.21183745926466763,1.6200164716103522,0.42485835792156934,0.8218594180701166
MINAUSDT,1w_MA20,1w,20,10,2026-06-15,0.04383,0.056528,-22.463204075856215,-5.468410314726246,low_a,-0.0993584988337913,-1.2609118837532665,-0.7050293737398027,0.9937325308674966
MINAUSDT,1M_MA10,1M,10,10,2026-06-01,0.04383,0.07643799999999999,-42.65941024097961,-25.8265164526991,vertex_out,1.2220696243374538,-24.285148415033785,1.1040082210355058,0.9911621665565576
MINAUSDT,1M_MA20,1M,20,10,2026-06-01,0.04383,0.21003399999999997,-79.13195006522753,-18.94537995920912,vertex_out,0.7465224954321248,-16.291401903748167,1.2123919762359743,0.9946605237693096
MIRAUSDT,1d_MA20,1d,20,10,2026-06-15,0.0554,0.064296,-13.836008460868499,-4.080201697721931,low_a,-0.026742648412301763,-1.6359432263183888,-3.398531566292369,0.9989583286881933
MIRAUSDT,1w_MA10,1w,10,10,2026-06-15,0.0554,0.07453,-25.66751643633436,-5.741747818388776,low_a,-0.16345879376994552,0.6166073754885198,0.20956942428640551,0.9438586549685067
MIRAUSDT,1w_MA20,1w,20,10,2026-06-15,0.0554,0.07853,-29.453711957213812,-7.032082396116968,low_a,-0.07375868863818323,-2.6373457731862815,-1.9864671176598216,0.9976245392138138
MLNUSDT,1d_MA20,1d,20,10,2026-05-17,2.351,2.9716,-20.884372055458343,-2.1099270337489484,low_a,-0.1069584541431035,0.630978582455042,0.32773814816962765,0.933966771710454
MLNUSDT,1w_MA10,1w,10,10,2026-05-11,2.351,3.1067,-24.3248462999324,-3.2753199041065995,vertex_out,0.2652532415482002,-4.780132245202203,1.0011674163196873,0.9845881656090765
MLNUSDT,1w_MA20,1w,20,10,2026-05-11,2.351,3.5686500000000003,-34.12074594034159,-5.1635020396231575,vertex_out,0.11168036539357923,-3.9807950113841604,1.980252102783198,0.9978657947403156
MMTUSDT,1d_MA20,1d,20,10,2026-06-15,0.128,0.118415,8.094413714478744,0.12260082861250687,low_a,0.08284504344706022,-1.2614618628543222,0.8459312915660587,0.9776472984674652
MMTUSDT,1w_MA10,1w,10,10,2026-06-15,0.128,0.12828,-0.2182725288431553,-0.742804085422466,low_a,-0.10169588013685753,1.5711127733148114,0.8582849457074485,0.9235468734792325
MMTUSDT,1w_MA20,1w,20,10,2026-06-15,0.128,0.12501,2.39180865530757,-4.078265873777065,low_a,-0.027421940727336128,-2.8389791048250883,-5.751637455110684,0.9877687982953205
MOCAUSDT,1d_MA20,1d,20,10,2026-06-15,0.0099,0.0104105,-4.903702992171355,-2.587255544119016,low_a,0.02084032839041098,-1.6734528092490077,4.461042972653483,0.9995711507541319
MOCAUSDT,1w_MA10,1w,10,10,2026-06-15,0.0099,0.012264,-19.27592954990215,-4.359354285268635,low_a,-0.031359630533992926,-1.2866449103177147,-2.2793722878190823,0.986750439337233
MOCAUSDT,1w_MA20,1w,20,10,2026-06-15,0.0099,0.013349999999999997,-25.842696629213457,-6.718373336128303,low_a,-0.14428993417630573,-1.6343015719074965,-0.6292506285414075,0.9954166983127715
MOCAUSDT,1M_MA10,1M,10,10,2026-06-01,0.0099,0.025216,-60.739213197969534,-32.89333617202471,vertex_out,1.438604324929192,-28.116534415623995,1.0857952132416755,0.9830452327275819
MONUSDT,1d_MA20,1d,20,10,2026-06-15,0.02263,0.0219565,3.067428779632464,-1.383368142109631,low_a,0.0431052592055211,-1.4527365554101048,1.8723373411784314,0.9962089271384512
MONUSDT,1w_MA10,1w,10,10,2026-06-15,0.02263,0.027068000000000002,-16.395744052017147,-5.544893045329225,low_a,-0.48443171898506965,5.800350623535984,0.6651952972499026,0.9708913418684673
MONUSDT,1w_MA20,1w,20,10,2026-06-15,0.02263,0.0250465,-9.648054618409752,1.9372825135833605,low_a,-0.12810070027654502,1.9953008776806085,0.8653352286188105,0.90694626122108
MOODENGUSDT,1d_MA20,1d,20,10,2026-06-15,0.04221,0.0429335,-1.685164265666672,-1.8539473533815798,low_a,0.03779940161064268,-1.6397984072046239,2.410088721767442,0.9982861524857396
MOODENGUSDT,1w_MA10,1w,10,10,2026-06-15,0.04221,0.05094,-17.137809187279153,-1.8194433736797522,low_a,-0.22146746626715147,2.450098079400753,0.614611989114979,0.8922150817446659
MOODENGUSDT,1w_MA20,1w,20,10,2026-06-15,0.04221,0.0497955,-15.233304214236231,-3.373500989637912,low_a,-0.054660932559402284,-1.713626083665888,-1.7416726103070053,0.9838270694553893
MOODENGUSDT,1M_MA10,1M,10,10,2026-06-01,0.04221,0.06969,-39.43176926388291,-23.115960416138037,low_a,-0.5791445223690237,-0.33940824015946164,-0.03255839020122424,0.9071193046341227
MORPHOUSDT,1d_MA20,1d,20,10,2026-06-15,1.9577,1.93202,1.3291787869690763,-1.4159824877409188,low_a,-0.06538048266541055,0.3562666842492282,0.30272938899352625,0.9677568621688327
MORPHOUSDT,1w_MA10,1w,10,10,2026-06-15,1.9577,1.9707599999999998,-0.6626885059570875,3.9145382068209056,low_a,-0.0029344945818993618,1.73753062533944,32.89475461326134,0.9750431181254927
MORPHOUSDT,1w_MA20,1w,20,10,2026-06-15,1.9577,1.78147,9.892392237870972,4.919181716722276,low_a,-0.02716744484828159,2.693860742612868,5.50875987715958,0.9974334209520105
MORPHOUSDT,1M_MA10,1M,10,10,2026-06-01,1.9577,1.6715399999999998,17.119542457853253,2.5516120126384267,low_r2,0.9002333025894413,-9.009589990892593,0.556003400265323,0.8485914447619168
MOVEUSDT,1d_MA20,1d,20,10,2026-06-15,0.01202,0.013253500000000001,-9.306975515901472,-2.7979464613127836,low_a,-0.02434590576878898,-1.0534235478870297,-2.403834591079147,0.9975412361199679
MOVEUSDT,1w_MA10,1w,10,10,2026-06-15,0.01202,0.015856000000000002,-24.192734611503543,-6.382476235460821,low_a,-0.04432501315898768,-2.152617400421921,-2.6980218855219147,0.993458972447212
MOVEUSDT,1w_MA20,1w,20,10,2026-06-15,0.01202,0.018217999999999998,-34.021297617740686,-8.635907723169534,low_a,-0.00250470835075727,-4.493025990256478,-99.65733333335247,0.9966863532932866
MOVRUSDT,1d_MA20,1d,20,10,2026-06-15,1.411,1.44085,-2.071693791858964,-3.6639588138936197,vertex_out,0.10641276477082928,-3.5502377826999374,1.8534941066232546,0.9988740246691332
MOVRUSDT,1w_MA10,1w,10,10,2026-06-15,1.411,1.9035,-25.873391121618074,2.3552185836425377,low_a,-0.4497069588493766,8.341863314492977,1.0305307527170986,0.9921576308104089
MOVRUSDT,1w_MA20,1w,20,10,2026-06-15,1.411,1.5753,-10.429759410905849,-3.76615046275085,low_a,-0.15784794158647397,-0.31887785891742293,-0.11223102707879423,0.9720247047577097
MOVRUSDT,1M_MA10,1M,10,10,2026-06-01,1.411,2.4021,-41.259731068648264,-27.211296627374935,vertex_out,0.41765882601482884,-14.533370535897047,1.9331794850848807,0.9951759942178036
MPUSDT,1d_MA20,1d,20,10,2026-06-15,58.21,61.592,-5.4909728536173485,-1.1586481368552781,low_a,-0.04593479996634944,0.00935291332519286,0.011311822326965544,0.9749172184773804
MRVLUSDT,1d_MA20,1d,20,10,2026-06-15,305.66,260.84749999999997,17.1795781059815,3.4704688841861175,low_a,-0.01212912380111557,1.8246214709854558,8.357393424401252,0.9962628219626356
MRVLUSDT,1w_MA10,1w,10,10,2026-06-15,305.66,209.565,45.85450814783005,20.734552786979688,vertex_out,0.5652826129831137,3.4382369267534707,-0.33790737271999033,0.9980460706431252
MRVLUSDT,1w_MA20,1w,20,10,2026-06-15,305.66,150.2375,103.45120226308345,16.86495820903651,vertex_out,0.483888260851954,1.269039208218375,-0.1456992945235437,0.9973096282251122
MSFTUSDT,1d_MA20,1d,20,10,2026-06-15,399.93,419.7345,-4.71833980766413,-0.48119327396363154,low_a,-0.014765532703716215,-0.11957660472328238,-0.44990890881824147,0.9892101129976612
MSFTUSDT,1w_MA10,1w,10,10,2026-06-15,399.93,418.925,-4.534224503192696,1.3521686956858403,low_a,0.05995706129683432,0.32055424869477717,-0.29702205189420017,0.9779225650524771
MSFTUSDT,1w_MA20,1w,20,10,2026-06-15,399.93,403.495,-0.8835301552683417,-1.2321049816597873,low_a,0.022526646990634093,-0.8474353442328346,2.089957789361326,0.9949694582136178
MSTRUSDT,1d_MA20,1d,20,10,2026-06-15,130.02,133.724,-2.769884239179188,-2.283181766698217,low_a,0.036383948545939675,-1.7438062377813466,2.6626610962486423,0.998720748899544
MSTRUSDT,1w_MA10,1w,10,10,2026-06-15,130.02,158.13400000000001,-17.778592838984665,0.8263303536132804,low_a,-0.2586374172025568,4.282972240457801,0.9199863841097135,0.9913949297810016
MSTRUSDT,1w_MA20,1w,20,10,2026-06-15,130.02,144.368,-9.938490524215881,-1.750708620155772,low_r2,-0.12019120742832756,0.9293502449045636,0.4295702677931162,0.7959198150954321
MTLUSDT,1d_MA20,1d,20,10,2026-06-15,0.2569,0.262215,-2.0269626070209434,-1.319057654674105,low_a,-0.002204924117223605,-0.8471457570304304,-21.344794952680196,0.9961914931032475
MTLUSDT,1w_MA10,1w,10,10,2026-06-15,0.2569,0.28813999999999995,-10.841951828972007,-1.554545765144022,low_a,-0.1613170768219734,2.0670232214128186,0.7118565850195306,0.9422054514230213
MTLUSDT,1w_MA20,1w,20,10,2026-06-15,0.2569,0.281115,-8.613912455756534,-2.5057224110425103,low_a,-0.06060510012485553,-0.7773187014637966,-0.7125534355124902,0.9849026494232752
MTLUSDT,1M_MA10,1M,10,10,2026-06-01,0.2569,0.35435,-27.501058275716094,-20.12307831026554,vertex_out,0.2921326087965861,-11.382845119967184,2.164702828101439,0.9982266025583536
MUBARAKUSDT,1d_MA20,1d,20,10,2026-06-15,0.01089,0.0112125,-2.8762541806020003,-2.38115967264495,low_a,0.048692037747372734,-1.6662280861820156,1.9010957703265694,0.9964285759109314
MUBARAKUSDT,1w_MA10,1w,10,10,2026-06-15,0.01089,0.012936,-15.816326530612235,-0.26214340786431256,low_r2,-0.010928209220016165,-0.25757702628607093,-1.3094400469072867,0.5055822373686658
MUBARAKUSDT,1w_MA20,1w,20,10,2026-06-15,0.01089,0.013248500000000002,-17.80201532248935,-4.291132382156382,low_a,-0.22805873615966152,0.22254505805624505,0.054212412752311416,0.9733642252174599
MUSDT,1d_MA20,1d,20,10,2026-06-15,2.92354,3.0503795,-4.158154747630583,-0.25268900009057793,low_r2,0.03735172291330146,-0.36880902041867897,0.5485527420199241,0.5756571885467776
MUSDT,1w_MA10,1w,10,10,2026-06-15,2.92354,3.2184490000000006,-9.163078240481692,0.9066853110019313,low_a,-0.5068396456882975,9.350411852120459,1.0249145455311752,0.9974626160814885
MUSDT,1w_MA20,1w,20,10,2026-06-15,2.92354,2.5071149999999998,16.609728712085413,6.283067535403619,low_a,-0.10302192928831819,4.547794439249352,2.452441420679286,0.9953076119289158
MUUSDT,1d_MA20,1d,20,10,2026-06-15,1084.87,968.8104999999999,11.97958733931972,2.188894461681401,low_a,0.0074727038855163744,1.0574247117309967,-7.861387018459287,0.997918150351881
MYXUSDT,1d_MA20,1d,20,10,2026-06-15,0.1668,0.23841,-30.036491757896066,-1.4203312038702398,low_a,-0.18555126094748553,2.2828749439237126,0.6835113117848001,0.977903052303142
MYXUSDT,1w_MA10,1w,10,10,2026-06-15,0.1668,0.22410000000000002,-25.56894243641232,-4.185728333832128,ma_not_rising,2.277574366902315,-28.975944975402996,0.7067934835625784,0.8573172059245547
MYXUSDT,1w_MA20,1w,20,10,2026-06-15,0.1668,0.6895,-75.8085569253082,-43.951747291068855,low_a,-0.6358393223893656,-6.615353078687465,-0.5780070570369362,0.998420795807482
NAORISUSDT,1d_MA20,1d,20,10,2026-06-15,0.03222,0.0344165,-6.382113230572561,-1.3613630826992296,low_r2,-0.010960527668034561,0.03998221723877865,0.20265760539260333,0.1307859051556418
NAORISUSDT,1w_MA10,1w,10,10,2026-06-15,0.03222,0.055996000000000004,-42.46017572683763,-9.247674305533039,low_a,-1.2784282457567573,11.932176760566502,0.5185263319397035,0.8894997382417373
NAORISUSDT,1w_MA20,1w,20,10,2026-06-15,0.03222,0.0517255,-37.70964031280511,1.9312057226749113,low_a,-0.48969779493082305,6.6405739520177685,0.7533641746624848,0.9231032391262022
NATGASUSDT,1d_MA20,1d,20,10,2026-06-15,3.181,3.20285,-0.6822049112509165,0.3509156705779226,low_a,0.021645599790584363,-0.09722486865519055,0.2495371643295642,0.955998463462065
NBISUSDT,1d_MA20,1d,20,10,2026-06-15,259.45,235.4395,10.198161311079911,1.7513948493216969,low_a,0.021714635381957236,0.15852868263486825,-0.40558585858588025,0.9221739955684078
NEARUSDT,1d_MA20,1d,20,10,2026-06-15,2.392,2.2530849999999996,6.165546350892237,-1.5561235635950688,low_a,-0.15804278497607632,1.3606263036012325,0.47829042123948234,0.9299693146557343
NEARUSDT,1w_MA10,1w,10,10,2026-06-15,2.392,1.8438700000000001,29.727149961765175,12.288682646399707,vertex_out,0.4237908243560672,1.0722584488963034,-0.1405644256646813,0.9953902580518784
NEARUSDT,1w_MA20,1w,20,10,2026-06-15,2.392,1.5142799999999998,57.962860237208446,7.0756568131436826,vertex_out,0.31947618573028297,-1.6593273004106277,0.28854998945254556,0.9900740517013225
NEARUSDT,1M_MA10,1M,10,10,2026-06-01,2.392,1.7607499999999998,35.851199772824096,-1.0725683207479464,vertex_out,0.7562801403107481,-12.911514770521478,0.9484664979373227,0.9970371011041406
NEARUSDT,1M_MA20,1M,20,10,2026-06-01,2.392,2.582725,-7.384642189935054,-8.221010849054933,vertex_out,0.24621916850856926,-8.205478380634752,1.851439564175924,0.9916938064323003
NEIROCTOUSDT,1d_MA20,1d,20,10,2026-06-15,6.97e-05,7.19e-05,-3.0598052851182223,-2.660258579841601,low_a,0.02253611945347258,-1.919504798505071,4.731921824104103,0.9961884895457206
NEIROCTOUSDT,1w_MA10,1w,10,10,2026-06-15,6.97e-05,8.394e-05,-16.96449845127472,3.706449221645669,low_a,-0.12930067464705208,3.9696609137381245,1.7056114984077835,0.992139083706375
NEIROCTOUSDT,1w_MA20,1w,20,10,2026-06-15,6.97e-05,7.431e-05,-6.203741084645397,-3.5436137071651164,low_a,-0.08988023441536765,-1.4070425677200353,-0.8697021324928441,0.9798806030780499
NEIROCTOUSDT,1M_MA10,1M,10,10,2026-06-01,6.97e-05,0.00011292999999999999,-38.28035065970069,-34.320111666860534,vertex_out,0.5148222249336443,-17.264619971157728,1.863061669641073,0.973835936791616
NEOUSDT,1d_MA20,1d,20,10,2026-06-15,2.28,2.37945,-4.179537288028746,-2.2752941659650583,low_a,0.02089101068893384,-1.534400070526507,4.080436778855248,0.9992996084884682
NEOUSDT,1w_MA10,1w,10,10,2026-06-15,2.28,2.6696999999999997,-14.597145746713114,-3.4501464684821626,low_r2,-0.22374738022127755,2.1420900406314827,0.5318721593057903,0.8266400814796511
NEOUSDT,1w_MA20,1w,20,10,2026-06-15,2.28,2.6706499999999997,-14.627525134330588,-3.7100466910638175,low_a,-0.062395988284128984,-1.222211865107326,-1.0882215514150353,0.9928555483542119
NEOUSDT,1M_MA10,1M,10,10,2026-06-01,2.28,3.4618,-34.13830954994512,-18.203298520863864,vertex_out,0.717718053660915,-14.925995010939952,1.1553589056629532,0.9811901313690764
NEOUSDT,1M_MA20,1M,20,10,2026-06-01,2.28,6.17405,-63.071241729496855,-10.912226021961525,vertex_out,0.24442987916503153,-8.165702595117203,1.8559520862295535,0.99829056561255
NEWTUSDT,1d_MA20,1d,20,10,2026-06-15,0.05402,0.059398000000000006,-9.054176908313426,-3.2779143801598853,low_a,0.0030969308656338527,-1.81143162649562,32.49510393583509,0.9978682548435003
NEWTUSDT,1w_MA10,1w,10,10,2026-06-15,0.05402,0.068742,-21.416310261557705,-2.921862422504984,low_a,-0.2478873542775901,2.508892482440142,0.5622832842656214,0.92968020933101
NEWTUSDT,1w_MA20,1w,20,10,2026-06-15,0.05402,0.06811600000000001,-20.69411004756593,-5.111756552507107,low_a,-0.09942158856896664,-1.1620365276740976,-0.6493316572386185,0.9940204111901522
NFLXUSDT,1d_MA20,1d,20,10,2026-06-15,81.68,83.05350000000001,-1.6537533035934748,-0.846440829726891,low_a,-0.004283284451128265,-0.40106386412887507,-5.201925307358084,0.9989180043622278
NIGHTUSDT,1d_MA20,1d,20,10,2026-06-15,0.03412,0.034197,-0.22516595022955554,0.05120028087011175,low_r2,-0.011343425348449291,0.11066043150476511,0.5419704861111612,0.3620752126486919
NIGHTUSDT,1w_MA10,1w,10,10,2026-06-15,0.03412,0.033249,2.619627657974677,-3.976780453994122,vertex_out,0.3391159005504406,-7.4633915009322775,1.2226877609981937,0.9964994777755681
NILUSDT,1d_MA20,1d,20,10,2026-06-15,0.04091,0.048832,-16.222968545216244,-7.461696623996827,low_a,-0.15279861910586104,-0.9578531552557631,-0.348262729678259,0.9958692386616523
NILUSDT,1w_MA10,1w,10,10,2026-06-15,0.04091,0.049173,-16.803937119964207,3.4937806495064505,vertex_out,0.23576891345615142,-0.20504183324564101,0.04831516076952918,0.9011154162858157
NILUSDT,1w_MA20,1w,20,10,2026-06-15,0.04091,0.046749,-12.490106740251116,-3.765078842274272,low_a,-0.02675855498192704,-1.3547944519940944,-2.8127960756831567,0.9763332341320419
NIOUSDT,1d_MA20,1d,20,10,2026-06-15,5.205,5.4928,-5.239586367608506,-0.17991167972086775,low_a,0.02605879527766125,-0.4187003700424173,0.8926403320326803,0.97307135977335
NMRUSDT,1d_MA20,1d,20,10,2026-06-15,8.573,8.3533,2.630098284510307,0.2556409025444406,low_a,0.05640665523624673,-0.6985505127071082,0.6880103359173022,0.9889287966722805
NMRUSDT,1w_MA10,1w,10,10,2026-06-15,8.573,8.739799999999999,-1.9085104922309304,0.7783402326948963,low_a,-0.024840653944658557,1.781581970948648,3.9844674131494275,0.9803537552382743
NMRUSDT,1w_MA20,1w,20,10,2026-06-15,8.573,8.234950000000001,4.105064390190583,-0.4515068360673391,low_a,0.009329590324148393,-0.6935300847156317,4.129811472122213,0.9574497989065537
NOMUSDT,1d_MA20,1d,20,10,2026-05-26,0.002103,0.00235145,-10.565821089115236,-1.6376641847234974,low_a,0.04434964991069019,-1.2939801211843476,1.620932400932289,0.9940817195002708
NOMUSDT,1w_MA10,1w,10,10,2026-05-25,0.002103,0.0028686999999999996,-26.691532750026138,-4.056856187290981,vertex_out,1.0343822843822852,-15.947376267143698,0.8565163591367314,0.9799837429558979
NOMUSDT,1w_MA20,1w,20,10,2026-05-25,0.002103,0.0043361499999999996,-51.50075527829987,-12.18902198236147,vertex_out,0.18712786901467782,-7.286741330277377,2.163328022302411,0.9980127938118727
NOTUSDT,1d_MA20,1d,20,10,2026-06-15,0.0004513,0.00043054,4.821851628187868,-0.12294986893079951,ma_not_rising,0.12680600826783225,-1.712517636557134,0.7502788708297614,0.982374707502927
NOTUSDT,1w_MA10,1w,10,10,2026-06-15,0.0004513,0.00045012000000000003,0.26215231493822433,5.397241669983854,low_a,-0.03101163356139728,2.678032844662225,4.797541612462263,0.9700203662043871
NOTUSDT,1w_MA20,1w,20,10,2026-06-15,0.0004513,0.00040975500000000004,10.138985491330189,-0.40227510269559286,low_a,-0.012192766596566557,-1.0131879580664833,-4.616525662718171,0.937483117196307
NOTUSDT,1M_MA10,1M,10,10,2026-06-01,0.0004513,0.00058606,-22.99423267242262,-32.447323528055705,vertex_out,1.3452805469554727,-27.921429036675754,1.1530609771679725,0.990862111836169
NVDAUSDT,1d_MA20,1d,20,10,2026-06-15,212.05,211.08249999999998,0.4583515923868742,-0.2952186389240108,low_a,0.011968493610610427,-0.4165888958474888,1.9337293647853073,0.9952719686535294
NVDAUSDT,1w_MA10,1w,10,10,2026-06-15,212.05,211.154,0.4243348456576701,2.8845123127746897,low_a,0.03962549863459747,1.4841815956009223,-2.080845312491492,0.9918085086176234
NVDAUSDT,1w_MA20,1w,20,10,2026-06-15,212.05,195.413,8.513763158029409,1.138378011888408,low_a,-0.013787220750079425,0.8658624417642594,3.488989540305009,0.9975270333800804
NXPCUSDT,1d_MA20,1d,20,10,2026-06-15,0.3472,0.379095,-8.413458367955261,-0.5000000000000004,low_a,-0.054761529254274945,0.7512018664453475,0.7620940757691426,0.9344250180871316
NXPCUSDT,1w_MA10,1w,10,10,2026-06-15,0.3472,0.33871,2.506569041362816,4.465965518304915,low_a,0.09881552527531183,1.479331508251827,-0.8317021395452864,0.9901950550804034
NXPCUSDT,1w_MA20,1w,20,10,2026-06-15,0.3472,0.30778500000000003,12.806017187322304,-0.22691540917709752,ma_not_rising,0.1451316570037258,-1.928871395267158,0.7383607696047706,0.9322376964373497
OGNUSDT,1d_MA20,1d,20,10,2026-06-15,0.01823,0.018932499999999998,-3.710550640433108,-1.7565253489699617,low_a,0.019861979552249682,-1.3099466581413652,3.6640262441990115,0.9968865855805779
OGNUSDT,1w_MA10,1w,10,10,2026-06-15,0.01823,0.021274,-14.308545642568404,-2.6851470655505083,low_a,-0.2657204450135359,2.4393032716209375,0.5099978227737881,0.890787124625954
OGNUSDT,1w_MA20,1w,20,10,2026-06-15,0.01823,0.021248499999999997,-14.205708638256809,-3.62399365007372,low_a,-0.026609179808569944,-1.8059190494412478,-3.7704595482404417,0.9950628167218872
OGNUSDT,1M_MA10,1M,10,10,2026-06-01,0.01823,0.02974,-38.7020847343645,-21.592407065647244,vertex_out,0.32351287087678005,-11.562133480773683,1.9855183727034056,0.9943620394094963
OGNUSDT,1M_MA20,1M,20,10,2026-06-01,0.01823,0.053522,-65.9392399387168,-10.79220627698052,vertex_out,0.5179723135600899,-11.592355825835869,1.2433478609610669,0.9979761756395908
OGUSDT,1d_MA20,1d,20,10,2026-06-15,2.732,2.717105,0.5481937576943041,-0.8703155098943371,low_a,0.031072216695708362,-0.9165620802756338,1.638766750036908,0.9989124854767729
OGUSDT,1w_MA10,1w,10,10,2026-06-15,2.732,3.03025,-9.842422242389237,0.6536968082456074,low_a,-0.04798034814205746,1.3721325736692846,1.5887668676428772,0.8825060870691959
OGUSDT,1w_MA20,1w,20,10,2026-06-15,2.732,2.970685,-8.034678870361544,-1.823610769151962,ma_not_rising,1.0608998947512787,-15.918948587680978,0.8336187391707509,0.994199338566454
OGUSDT,1M_MA10,1M,10,10,2026-06-01,2.732,6.76194,-59.59739364738521,-15.830943418772792,low_a,-1.2188291626628354,11.657274599030112,0.5313512233313182,0.9435093156184681
OKLOUSDT,1d_MA20,1d,20,10,2026-06-15,60.5,62.090999999999994,-2.5623681370890994,-1.4045144540337118,low_a,-0.0390860669262597,-0.1935940605310827,-0.2751677626032597,0.982856627703938
ONDOUSDT,1d_MA20,1d,20,10,2026-06-15,0.37,0.36341,1.813378828320622,-1.2942214979289823,low_a,-0.031167190380465983,-0.3925369814312558,-0.6996976568405127,0.9889718785570915
ONDOUSDT,1w_MA10,1w,10,10,2026-06-15,0.37,0.34642,6.806766352981919,7.340501347875938,vertex_out,0.12774778645962043,2.617569122716896,-1.1383407168747384,0.9826565413929477
ONDOUSDT,1w_MA20,1w,20,10,2026-06-15,0.37,0.30138000000000004,22.76859778352909,2.3848348960456622,pass,0.1929302344227608,-2.123194319291597,0.6113880507819909,0.8907033525890479
ONDOUSDT,1M_MA10,1M,10,10,2026-06-01,0.37,0.42505999999999994,-12.953465393120956,-20.29925748143705,vertex_out,0.26725526376358066,-11.325865824315402,2.3543587473515144,0.9981414208802525
ONEUSDT,1d_MA20,1d,20,10,2026-06-15,0.001524,0.00164675,-7.454076210718085,-2.2003800926476025,low_a,0.03550313402940302,-1.7217069282610409,2.69413919413918,0.9990243258766398
ONEUSDT,1w_MA10,1w,10,10,2026-06-15,0.001524,0.0019721,-22.721971502459315,-5.510037851564375,low_a,-0.20188003436471055,0.3767643398882744,0.10368213123146827,0.9759037255483027
ONEUSDT,1w_MA20,1w,20,10,2026-06-15,0.001524,0.00213705,-28.686741068295085,-6.951277920494614,low_a,-0.10197508414730237,-2.6121099371177463,-1.4230654472335886,0.9953721681737407
ONEUSDT,1M_MA10,1M,10,10,2026-06-01,0.001524,0.0035539,-57.11753285123387,-32.53668444731298,vertex_out,0.7064167852478307,-19.80765830363885,1.5577566732466719,0.9946979269064121
ONEUSDT,1M_MA20,1M,20,10,2026-06-01,0.001524,0.00956445,-84.06599438545865,-10.285199724227201,vertex_out,0.38766833856709076,-9.373912076511854,1.3433464674067555,0.9968986602665566
ONGUSDT,1d_MA20,1d,20,10,2026-06-15,0.04931,0.05347149999999999,-7.782650570864835,-2.731340840048757,low_a,0.021218807231553585,-1.8166301495976331,4.756341678329067,0.9986032092113432
ONGUSDT,1w_MA10,1w,10,10,2026-06-15,0.04931,0.06462500000000002,-23.698259187620906,-10.667385474551406,low_r2,-0.45022349872523754,3.8266021491519577,0.4721855009526252,0.8495185455006621
ONGUSDT,1w_MA20,1w,20,10,2026-06-15,0.04931,0.0656135,-24.847782849566023,-3.6724656830360525,low_a,-0.12450965069646801,-0.39593152704315865,-0.17666257855356843,0.9926910804966913
ONGUSDT,1M_MA10,1M,10,10,2026-06-01,0.04931,0.081644,-39.60364509333202,-21.866536514407663,vertex_out,0.4786743097365713,-14.249871748825566,1.6538584283687463,0.9982938579767274
ONTUSDT,1d_MA20,1d,20,10,2026-06-15,0.04991,0.0491925,1.4585556741373296,-1.0071841104380863,low_a,0.058610027994934616,-1.6090954715526093,1.5252371637112985,0.9966501786099154
ONTUSDT,1w_MA10,1w,10,10,2026-06-15,0.04991,0.05935700000000001,-15.915561770305109,-11.164823323405692,low_a,-0.7111923393045202,7.351785044954938,0.5742926068310935,0.9325138082515904
ONTUSDT,1w_MA20,1w,20,10,2026-06-15,0.04991,0.056216,-11.217446990180735,-0.6389465777031478,low_a,-0.11816371195672898,0.7517337410164476,0.35343325730422454,0.8592081022968606
ONTUSDT,1M_MA10,1M,10,10,2026-06-01,0.04991,0.06839500000000001,-27.026829446596977,-20.70512671876086,vertex_out,0.4959774624230137,-13.104532124958201,1.4678682352641852,0.9942997248273893
ONTUSDT,1M_MA20,1M,20,10,2026-06-01,0.04991,0.12087250000000001,-58.70855653684668,-9.824905626594639,vertex_out,0.4569661032612602,-10.119306083548063,1.230252457011696,0.9944878619343973
OPENUSDT,1d_MA20,1d,20,10,2026-06-15,0.2364,0.20280499999999999,16.565173442469373,2.9310257321220057,vertex_out,0.14745599693343134,-0.7357139768534743,0.27718776831120623,0.9930555800812472
OPENUSDT,1w_MA10,1w,10,10,2026-06-15,0.2364,0.21266,11.16335935295778,7.052605084319152,low_a,-0.020039134399437723,2.849010167257825,7.8984620528257885,0.9824298022988807
OPENUSDT,1w_MA20,1w,20,10,2026-06-15,0.2364,0.18484499999999998,27.89093564878684,5.165988678064437,vertex_out,0.10563353883818735,0.015085524155925801,-0.00793388808655757,0.9569316821662849
OPGUSDT,1d_MA20,1d,20,10,2026-06-15,0.1615,0.17380500000000002,-7.079773309168324,1.3587986586966139,vertex_out,0.21217941085538117,-3.429785645223842,0.8980308041610705,0.975011660822173
OPNUSDT,1d_MA20,1d,20,10,2026-06-15,0.0731,0.13174999999999998,-44.51612903225806,-6.834494219142262,low_a,-0.043114654412145556,-2.477469605911158,-3.19235309212231,0.9996464849376291
OPUSDT,1d_MA20,1d,20,10,2026-06-15,0.1085,0.10824500000000001,0.23557670100233796,-1.8185941043083798,low_a,0.0478513641656845,-1.7199726214484845,1.9968925900223375,0.9970221072236465
OPUSDT,1w_MA10,1w,10,10,2026-06-15,0.1085,0.12187999999999999,-10.978011158516566,0.008205464839572407,low_r2,0.004104216778839039,0.2420234703552855,-3.276081424937505,0.19841842318105707
OPUSDT,1w_MA20,1w,20,10,2026-06-15,0.1085,0.125905,-13.823914856439368,-10.531177829099326,low_a,-0.07673714490214899,-4.559856310791742,-3.30120896369767,0.9965176026695921
OPUSDT,1M_MA10,1M,10,10,2026-06-01,0.1085,0.24701,-56.07465284806283,-31.420400910655776,vertex_out,0.8431866297392102,-20.530416071152253,1.3527001382509352,0.9921187209948995
OPUSDT,1M_MA20,1M,20,10,2026-06-01,0.1085,0.66099,-83.58522821827864,-19.156821017098412,vertex_out,0.6210495916026586,-15.038110346562448,1.3452236119390895,0.9966506844876641
ORCAUSDT,1d_MA20,1d,20,10,2026-06-15,1.137,1.13965,-0.2325275303821428,-2.0919243986254332,low_a,0.05791105489560262,-1.9315494155298227,1.8529847376500856,0.9971419636554202
ORCAUSDT,1w_MA10,1w,10,10,2026-06-15,1.137,1.3316000000000001,-14.613998197656963,4.6115170084060075,low_a,-0.39757880204769563,7.966989338554227,1.1132648836631642,0.9953099985145409
ORCAUSDT,1w_MA20,1w,20,10,2026-06-15,1.137,1.1002,3.3448463915651594,1.776133209990749,low_a,-0.1936102115917203,3.0794334884950265,0.883629209653939,0.959013532886609
ORCLUSDT,1d_MA20,1d,20,10,2026-06-15,191.83,210.175,-8.728440585226593,-0.13802737265727894,low_r2,-0.058429364741774174,0.5514117248607474,0.5242909083449977,0.7384369950764997
ORCLUSDT,1w_MA10,1w,10,10,2026-06-15,191.83,192.74099999999999,-0.47265501372306673,5.46818569833869,vertex_out,0.17687589782267962,1.391645756089026,-0.4371067741155154,0.9924324969544199
ORCLUSDT,1w_MA20,1w,20,10,2026-06-15,191.83,170.1025,12.7731808762364,1.1695889042203644,pass,0.11107524399627151,-0.836034655702796,0.41815230910341744,0.9191029931567029
ORDERUSDT,1d_MA20,1d,20,10,2026-06-15,0.04038,0.0430865,-6.281549905422812,-2.685458097593485,low_a,0.019086249277093854,-1.6291481770686864,4.742064862790716,0.9981707031625933
ORDERUSDT,1w_MA10,1w,10,10,2026-06-15,0.04038,0.049837000000000006,-18.97586130786365,-4.231441803262925,low_a,-0.2001596404793211,1.107089527641869,0.30727959747827294,0.965004819210078
ORDERUSDT,1w_MA20,1w,20,10,2026-06-15,0.04038,0.05193249999999999,-22.245222163385158,-5.411312575701032,low_a,0.0233544179375646,-3.8204292017240347,9.088047808764161,0.9957123516397176
ORDERUSDT,1M_MA10,1M,10,10,2026-06-01,0.04038,0.109175,-63.013510419051975,-13.087608963897635,low_a,0.04288773469943251,-4.249533657505455,5.504725415070044,0.9739440374925659
ORDIUSDT,1d_MA20,1d,20,10,2026-06-15,3.382,3.34075,1.234752675297468,-1.9027763503692396,low_a,0.06377388909898662,-1.7959119890552604,1.5644786556138253,0.9987582599895706
ORDIUSDT,1w_MA10,1w,10,10,2026-06-15,3.382,4.076300000000001,-17.032603095944864,5.691246629330005,low_a,-0.3951171233160574,8.343103940246406,1.1730845035723032,0.9942190066489109
ORDIUSDT,1w_MA20,1w,20,10,2026-06-15,3.382,3.2584500000000007,3.7916800932958683,-0.07360044160262813,low_r2,-0.22733870634226314,1.7193544680391168,0.42016467061721086,0.7490451982126505
ORDIUSDT,1M_MA10,1M,10,10,2026-06-01,3.382,3.9810000000000003,-15.046470735995987,-21.535004730368957,vertex_out,1.2052405212145771,-21.96515918001905,1.0124838981371367,0.9754986106740388
ORDIUSDT,1M_MA20,1M,20,10,2026-06-01,3.382,9.61525,-64.82670757390603,-25.020274801540886,vertex_out,0.6140954955078857,-16.61452674410093,1.503071216631828,0.9960086106223823
OXYUSDT,1d_MA20,1d,20,10,2026-06-15,54.65,57.213,-4.479751105517982,-0.4792262800386138,low_a,-0.00027874643804799026,-0.19574886627591595,-39.01372549003258,0.9943660891097059
PARTIUSDT,1d_MA20,1d,20,10,2026-06-15,0.0557,0.052802,5.488428468618611,0.6212363747236882,low_a,0.06872115068662699,-0.10386024947404333,0.08396270728906623,0.944827251641044
PARTIUSDT,1w_MA10,1w,10,10,2026-06-15,0.0557,0.0502,10.956175298804771,-2.9144990040033236,vertex_out,0.40786495407646617,-9.353217021108811,1.274007885811047,0.9907839667631562
PARTIUSDT,1w_MA20,1w,20,10,2026-06-15,0.0557,0.068978,-19.249615819536658,-3.1724641343103377,vertex_out,0.1376143928774509,-4.237718560883731,1.710786234021614,0.9977278496726228
PAXGUSDT,1d_MA20,1d,20,10,2026-06-15,4306.25,4356.9055,-1.16264858165962,-0.5399312758707087,low_a,0.00038249219061246045,-0.3544271986829143,51.47922077912122,0.9938091627183764
PAXGUSDT,1w_MA10,1w,10,10,2026-06-15,4306.25,4525.509,-4.844957771600944,-1.4340012053102535,low_a,0.07315879952193245,-1.4533576778621975,1.1036552505260924,0.9776855028297703
PAXGUSDT,1w_MA20,1w,20,10,2026-06-15,4306.25,4709.342500000001,-8.559422042461351,-1.2849318812855781,low_a,-0.07426190608704877,0.6394421686799608,0.4783686118293691,0.9502764645521247
PAXGUSDT,1M_MA10,1M,10,10,2026-06-01,4306.25,4479.495,-3.8675118512243034,4.8804894912184205,low_a,-0.06987983272652945,4.492910720084538,3.571934009811192,0.9960275493864332
PENDLEUSDT,1d_MA20,1d,20,10,2026-06-15,1.3516,1.3229,2.1694761508806337,-3.5681743630863516,low_a,0.014014869070299654,-2.1237619029227095,8.418685311490554,0.997961517309347
PENDLEUSDT,1w_MA10,1w,10,10,2026-06-15,1.3516,1.51522,-10.798431910877637,4.688536369666152,low_a,-0.12659421256499398,4.1881838988508315,1.837974094985056,0.9778003905408262
PENDLEUSDT,1w_MA20,1w,20,10,2026-06-15,1.3516,1.34076,0.8084966735284471,-2.437320584607683,low_a,-0.04461823934604199,-1.0801639944520054,-1.3449457370444737,0.946989918242259
PENDLEUSDT,1M_MA10,1M,10,10,2026-06-01,1.3516,2.02019,-33.09540191764141,-22.68813336190798,low_a,-0.4421225880434453,-2.3250617755450174,-0.2921590123070051,0.9963165644619719
PENDLEUSDT,1M_MA20,1M,20,10,2026-06-01,1.3516,2.983495,-54.69742701093851,-9.504541463126115,low_a,-0.035439095791288254,-3.601093826818579,-5.645199565327716,0.9865557237720145
PENGUUSDT,1d_MA20,1d,20,10,2026-06-15,0.007113,0.0070854,0.38953340672369663,-2.2352843778458364,low_a,0.01705858000763324,-1.6084211599046674,5.238227980630873,0.9959196581909006
PENGUUSDT,1w_MA10,1w,10,10,2026-06-15,0.007113,0.0082659,-13.947664501143242,1.6515814845786903,low_a,-0.26436874322866055,4.714315342400761,0.9906859816806052,0.9912701362688624
PENGUUSDT,1w_MA20,1w,20,10,2026-06-15,0.007113,0.007452499999999999,-4.555518282455539,-1.74686882003956,low_a,-0.12907810295835787,-0.0781167386832192,-0.03362165011934268,0.9378893550089592
PEOPLEUSDT,1d_MA20,1d,20,10,2026-06-15,0.005755,0.0057644,-0.1630698771771688,-1.605373434952928,low_a,0.0395250310084251,-1.4663971743367445,2.0611371479508622,0.9988643022419854
PEOPLEUSDT,1w_MA10,1w,10,10,2026-06-15,0.005755,0.0068105,-15.498127890756919,-2.320611562898889,low_a,-0.27421036662432574,2.6829108693274764,0.5435629793520137,0.8996710759791992
PEOPLEUSDT,1w_MA20,1w,20,10,2026-06-15,0.005755,0.00670065,-14.112809951273386,-3.5759769180403356,low_a,-0.11731614970164948,-0.9719534212984252,-0.4602726259912171,0.9834049182862831
PEOPLEUSDT,1M_MA10,1M,10,10,2026-06-01,0.005755,0.0087197,-34.00002293656893,-22.50188863707062,vertex_out,0.4969364578371865,-13.688559527767326,1.5303275043055204,0.9766084456282437
PEOPLEUSDT,1M_MA20,1M,20,10,2026-06-01,0.005755,0.017922849999999997,-67.89015139891255,-27.716598945362524,low_a,-0.4715160356517412,-4.870352906726527,-0.5738408474503127,0.9918707135527529
PEPEUSDT,1d_MA20,1d,20,10,2026-06-15,2.9442e-06,3.022155e-06,-2.579450756165713,-2.015040665563228,low_a,0.03399838645213174,-1.6253647694138909,2.6559508308534556,0.9985308364543523
PEPEUSDT,1w_MA10,1w,10,10,2026-06-15,2.9442e-06,3.5242199999999998e-06,-16.458109879632932,-3.0008945159292644,low_r2,-0.15837051823210485,1.5712629818826125,0.5511908962401276,0.5324665765555238
PEPEUSDT,1w_MA20,1w,20,10,2026-06-15,2.9442e-06,3.5533599999999995e-06,-17.143210932750964,-4.0480440259554555,low_a,-0.2176842218535949,0.003649584191437903,0.0009314165058709209,0.9617660219651789
PEPEUSDT,1M_MA10,1M,10,10,2026-06-01,2.9442e-06,4.588460000000001e-06,-35.834680916908944,-23.44758320153223,vertex_out,0.10868400949746318,-9.49539195907195,4.853720229343493,0.9820181581438018
PEPEUSDT,1M_MA20,1M,20,10,2026-06-01,2.9442e-06,8.28739e-06,-64.47373660464875,-7.384992425863713,low_a,-0.1468746085240779,-1.7882191364309554,-0.676396748068345,0.9696760615628472
PHAUSDT,1d_MA20,1d,20,10,2026-06-15,0.03548,0.035806000000000004,-0.9104619337541364,-4.028518588008234,low_a,-0.08863284408530776,0.2954404469647238,0.18518370175405038,0.9107119702174783
PHAUSDT,1w_MA10,1w,10,10,2026-06-15,0.03548,0.034523,2.772065000144819,-1.148207536364676,low_a,-0.2729251345771099,3.3748310854274988,0.686967201271495,0.9476889729753859
PHAUSDT,1w_MA20,1w,20,10,2026-06-15,0.03548,0.032972999999999995,7.603190489188139,0.06221075790910913,low_a,0.02746968771292753,-0.6783929505532356,1.3720031201964091,0.9318186684823186
PIEVERSEUSDT,1d_MA20,1d,20,10,2026-06-15,0.70538,0.713948,-1.2000874013233465,-0.5325518393413997,low_a,0.06778516542232291,-1.2924940476406024,1.0593058882655697,0.9958704297812725
PIEVERSEUSDT,1w_MA10,1w,10,10,2026-06-15,0.70538,0.7758780000000001,-9.086222318457294,5.369387281164584,low_a,-0.22980917571970177,5.585630290775669,1.350306370318608,0.9927034692776024
PIEVERSEUSDT,1w_MA20,1w,20,10,2026-06-15,0.70538,0.627684,12.378203044844227,2.9584284701992036,low_a,-0.07188355659951655,2.383793022310235,1.84232600539958,0.9677181322240656
PIPPINUSDT,1d_MA20,1d,20,10,2026-06-15,0.01824,0.0185955,-1.9117528434298703,-1.5277483583986506,low_a,-0.06016823773821234,-0.17154085367365096,-0.15839000417094634,0.9628911219105281
PIPPINUSDT,1w_MA10,1w,10,10,2026-06-15,0.01824,0.022595999999999998,-19.27774827403079,-13.33231052470084,ma_not_rising,5.104914696824317,-74.7686131898196,0.8136887863107456,0.9964320698985293
PIPPINUSDT,1w_MA20,1w,20,10,2026-06-15,0.01824,0.166338,-89.03437578905601,-12.258343575433717,low_a,0.057513778783249474,-7.6922911952952,7.430384855432176,0.990975607585585
PIUSDT,1d_MA20,1d,20,10,2026-06-15,0.1354,0.134855,0.4041377776129895,-0.8017948435028899,low_a,0.028455163447221914,-1.0138604746484858,1.979450303611416,0.9950544376109005
PIUSDT,1w_MA10,1w,10,10,2026-06-15,0.1354,0.15556,-12.959629724865007,-4.276659897852431,low_a,-0.2077015881827149,0.14595162908053386,0.03903881481481242,0.962963336446919
PIUSDT,1w_MA20,1w,20,10,2026-06-15,0.1354,0.16576,-18.31563706563707,-1.7602086173176046,low_a,-0.031893396001060344,-1.081095738293363,-1.8831758884389254,0.987550168697448
PIXELUSDT,1d_MA20,1d,20,10,2026-06-15,0.005696,0.00598685,-4.858147439805583,-1.764734838540294,low_a,0.025063066145145228,-1.3891879185803286,3.079316239315971,0.9986475898407515
PIXELUSDT,1w_MA10,1w,10,10,2026-06-15,0.005696,0.006925499999999999,-17.75323081365966,-3.042224337794719,low_r2,-0.5549473921425143,4.677468649169168,0.4682594658117673,0.7631022831351001
PIXELUSDT,1w_MA20,1w,20,10,2026-06-15,0.005696,0.0068267,-16.562907407678672,-1.857416006555579,low_a,-0.09392768802017112,-0.3220191484525316,-0.19046516601117036,0.9644699495080647
PIXELUSDT,1M_MA10,1M,10,10,2026-06-01,0.005696,0.01020930000000001,-44.20773216577049,-32.83222695184772,vertex_out,2.010661879976427,-35.12871799421223,0.9706233870340157,0.9725771256484067
PLTRUSDT,1d_MA20,1d,20,10,2026-06-15,134.63,139.999,-3.8350273930528034,-0.3665115219835702,low_a,-0.017708209357120593,-0.058962458081891475,-0.18498155570672983,0.9709266953895568
PLTRUSDT,1w_MA10,1w,10,10,2026-06-15,134.63,140.618,-4.258345304299594,-0.6352593681324459,low_r2,-0.034564855670927,0.06739293402606203,0.10831961591223875,0.5791364146341179
PLTRUSDT,1w_MA20,1w,20,10,2026-06-15,134.63,140.97949999999997,-4.503846303895232,-1.7827969499472296,low_a,0.05830975105728497,-1.7649170942706658,1.681553220581853,0.9931717923726069
PLUMEUSDT,1d_MA20,1d,20,10,2026-06-15,0.01137,0.0117245,-3.023583095227944,-2.3649914643793957,low_a,-0.08897451250562911,-0.3693402425593213,-0.23061550759391436,0.9824616434942155
PLUMEUSDT,1w_MA10,1w,10,10,2026-06-15,0.01137,0.012487,-8.945303115239845,2.3608492499385125,low_a,-0.08384572748578613,2.4308788896197897,1.6106822762554411,0.9614340362223098
PLUMEUSDT,1w_MA20,1w,20,10,2026-06-15,0.01137,0.011554499999999999,-1.5967804751395476,-1.8934408830396987,low_a,0.050390753765935666,-2.1319490628301323,2.3504632447419547,0.9922571886674809
PNUTUSDT,1d_MA20,1d,20,10,2026-06-15,0.04503,0.046206,-2.5451240098688377,-2.3634692389777,low_a,0.05125055526585157,-1.8721362767251788,2.0293940307506717,0.9979460159753641
PNUTUSDT,1w_MA10,1w,10,10,2026-06-15,0.04503,0.052851,-14.798206278026903,1.8539574861724084,low_a,-0.14421771368019587,3.3173087329675215,1.2778938516386587,0.9844721586518527
PNUTUSDT,1w_MA20,1w,20,10,2026-06-15,0.04503,0.04835,-6.86659772492243,-3.355087600067963,low_a,-0.07034598786741453,-1.655432325304826,-1.3073732462222787,0.9810674854297894
PNUTUSDT,1M_MA10,1M,10,10,2026-06-01,0.04503,0.077649,-42.0082679751188,-30.57569715772439,vertex_out,0.4533688607271639,-16.030284855276562,1.9643417490568267,0.9784349160121648
POLUSDT,1d_MA20,1d,20,10,2026-06-15,0.07789,0.082777,-5.903813861338292,-1.7495341301586809,low_a,-0.00835205978489799,-0.8181301680950962,-5.441972061486896,0.9976797245220654
POLUSDT,1w_MA10,1w,10,10,2026-06-15,0.07789,0.08878,-12.266276188330705,-1.941726126046528,low_a,-0.001603475391524841,-0.7014590653260259,-24.30342759211867,0.9486395155225719
POLUSDT,1w_MA20,1w,20,10,2026-06-15,0.07789,0.0925045,-15.798690874498,-3.4545919458954466,low_a,-0.13978632939262184,-0.43840863459105767,-0.1742376050711602,0.9776946581169835
POLUSDT,1M_MA10,1M,10,10,2026-06-01,0.07789,0.121102,-35.68231738534459,-20.475171064209807,vertex_out,0.4410131082163143,-11.96299425605984,1.507009156012063,0.9868582804594759
POLYXUSDT,1d_MA20,1d,20,10,2026-06-15,0.04117,0.042839499999999996,-3.8971043079400913,-3.3938819921298213,low_a,-0.0028676431228412784,-1.6936659760140311,-32.81180753404707,0.9990390207152025
POLYXUSDT,1w_MA10,1w,10,10,2026-06-15,0.04117,0.048208999999999995,-14.601008110518777,-3.042918627569302,low_a,-0.2724740410458271,3.697165034385973,0.7538261504747961,0.9002091584125533
POLYXUSDT,1w_MA20,1w,20,10,2026-06-15,0.04117,0.045943,-10.388960233332611,-1.9642152208008357,low_a,-0.11183165309511485,0.27646831154889207,0.13734349995293108,0.9201747269355588
POLYXUSDT,1M_MA10,1M,10,10,2026-06-01,0.04117,0.05939099999999999,-30.67973261942044,-22.93088681840596,vertex_out,0.4986422512195731,-14.722157711087611,1.6402493944618095,0.9961647642416401
POLYXUSDT,1M_MA20,1M,20,10,2026-06-01,0.04117,0.1227155,-66.45085584135664,-13.379943672311189,vertex_out,0.4574779038893282,-11.780038655649642,1.4305534462247111,0.991765617548843
POPCATUSDT,1d_MA20,1d,20,10,2026-06-15,0.04406,0.045684999999999996,-3.556966181459986,-2.675699282077504,low_a,0.02466115487718236,-1.6988065974864415,3.826996131155452,0.9992857047915112
POPCATUSDT,1w_MA10,1w,10,10,2026-06-15,0.04406,0.054345,-18.925384119974233,-2.128694148792476,low_a,-0.3215455179193059,3.7037883882913105,0.6399281286930515,0.9446747313519926
POPCATUSDT,1w_MA20,1w,20,10,2026-06-15,0.04406,0.052145,-15.504842266756146,-3.715124545303472,low_a,-0.04386135115949494,-2.541775026815588,-3.219456764988613,0.982803200649661
POPCATUSDT,1M_MA10,1M,10,10,2026-06-01,0.04406,0.083842,-47.448772691491136,-35.640813068042256,vertex_out,0.19587471329081518,-15.14715856289267,4.296158472483402,0.987926167212947
POWERUSDT,1d_MA20,1d,20,10,2026-06-15,0.07949,0.0773925,2.7102109377523664,0.5953115962279654,low_a,0.04251346247150384,0.05522277124305182,-0.07216377018883118,0.8970403009347507
POWERUSDT,1w_MA10,1w,10,10,2026-06-15,0.07949,0.08142,-2.3704249570130176,-3.8225288225288145,ma_not_rising,3.8185708433082532,-52.69787309271784,0.766689878594919,0.8907660356719649
POWRUSDT,1d_MA20,1d,20,10,2026-06-15,0.05031,0.053669,-6.25873409230655,-2.3018740841198926,low_a,0.007076871456666887,-1.3582448804365792,10.66262816488729,0.9989850497353302
POWRUSDT,1w_MA10,1w,10,10,2026-06-15,0.05031,0.059963999999999996,-16.099659795877518,-4.578221224996437,low_a,-0.18750583464232476,1.354666235265561,0.4013700983550262,0.8554938368230393
POWRUSDT,1w_MA20,1w,20,10,2026-06-15,0.05031,0.061657,-18.40342540181974,-4.247422040004967,low_a,-0.11276403126819219,-0.8593736276953913,-0.42338836931841484,0.9920949563841429
POWRUSDT,1M_MA10,1M,10,10,2026-06-01,0.05031,0.07976200000000001,-36.92485143301323,-21.264708205006688,vertex_out,0.2507149639848627,-10.89957385613721,2.415220341347761,0.9967574036941207
PRLUSDT,1d_MA20,1d,20,10,2026-06-15,0.1847,0.187485,-1.4854521695068956,1.1600615102382195,low_a,0.09112913019156575,-0.8586078788253783,0.5234378690134345,0.9659893178257709
PROMUSDT,1d_MA20,1d,20,10,2026-06-15,1.1566,1.040545,11.153289862523973,0.04999879810583252,low_a,0.028890732540688076,-0.542788204253783,1.0437568584961567,0.9858143626994822
PROMUSDT,1w_MA10,1w,10,10,2026-06-15,1.1566,1.60307,-27.8509360165183,0.23196778711485067,low_a,-0.5623848781642178,7.571371528542113,0.7479428553604307,0.9756410364490389
PROMUSDT,1w_MA20,1w,20,10,2026-06-15,1.1566,1.356545,-14.739282515508133,-4.744701095066073,vertex_out,0.9466866363362427,-20.282537771662994,1.1902646670308121,0.99013286424746
PROSUSDT,1d_MA20,1d,20,10,2026-06-15,0.5852,0.60998,-4.062428276336916,-0.4788592219149512,low_a,-0.008438785697688364,-0.25649254328561416,-1.6885824866951014,0.934875095558118
PROVEUSDT,1d_MA20,1d,20,10,2026-06-15,0.2041,0.201315,1.3834041179246581,-2.257665137280618,low_a,0.004703810331177848,-1.7967261480095011,21.22069392812155,0.9807457395247008
PROVEUSDT,1w_MA10,1w,10,10,2026-06-15,0.2041,0.23128,-11.751988931165691,-1.0524514417728947,low_a,0.068980339740332,-1.7035743644772394,1.372028908599284,0.9704398118177447
PROVEUSDT,1w_MA20,1w,20,10,2026-06-15,0.2041,0.24892499999999998,-18.007431957416888,-5.0611186330784435,low_a,-0.04190572747574104,-2.5501176064392137,-3.380759836224006,0.9950215470125667
PUMPUSDT,1d_MA20,1d,20,10,2026-06-15,0.001557,0.00160985,-3.2829145572568774,-1.3874425727411932,low_a,-0.007864383878447446,-0.6635878343557938,-4.687715066729681,0.9869346307225648
PUMPUSDT,1w_MA10,1w,10,10,2026-06-15,0.001557,0.0017422,-10.630237630582018,-1.9362827873466326,low_a,0.003810362029024187,-0.643344893255966,9.380049109878925,0.8630477445098953
PUMPUSDT,1w_MA20,1w,20,10,2026-06-15,0.001557,0.00182075,-14.485788823287116,-4.926635684820635,low_a,-0.09697473164602857,-0.6336788570674523,-0.363026330164983,0.9606250662994676
PUNDIXUSDT,1d_MA20,1d,20,10,2026-06-15,0.1041,0.11578,-10.08809811711867,-2.9668119342943444,low_a,0.01809162437085229,-1.8323458435624864,5.62674689803055,0.9989231824409698
PUNDIXUSDT,1w_MA10,1w,10,10,2026-06-15,0.1041,0.13328,-21.89375750300121,-5.622433083132705,low_a,-0.16899175743427003,0.4512535235347446,0.14834830157988999,0.9551820647791661
PUNDIXUSDT,1w_MA20,1w,20,10,2026-06-15,0.1041,0.14233,-26.86011381999579,-6.229205784497804,low_a,-0.0812736415148781,-2.192215499672928,-1.4985147424400107,0.9977740687263332
PYTHUSDT,1d_MA20,1d,20,10,2026-06-15,0.0388,0.036776500000000004,5.50215490870527,-0.4412620636445985,low_a,0.09469922754651794,-1.658471776639775,0.9729469110946282,0.9940693026193544
PYTHUSDT,1w_MA10,1w,10,10,2026-06-15,0.0388,0.043691,-11.194525188253868,-1.129214754469321,low_r2,-0.05007029216372284,0.17876419992465634,0.19834804254356211,0.5327831851308553
PYTHUSDT,1w_MA20,1w,20,10,2026-06-15,0.0388,0.044608,-13.020086083213778,-3.163973038390977,low_a,-0.0950774072693821,-1.0320398029393525,-0.6030406828963418,0.9833413945645579
PYTHUSDT,1M_MA10,1M,10,10,2026-06-01,0.0388,0.06494799999999999,-40.2599002278746,-25.178563199852544,vertex_out,0.8124183668441299,-17.55231223569283,1.2002786954785551,0.9853504181420591
PYTHUSDT,1M_MA20,1M,20,10,2026-06-01,0.0388,0.140129,-72.31122751179271,-18.440504737736607,vertex_out,0.7055629983713345,-15.386882416095432,1.2115527640584964,0.9893579742562
QNTUSDT,1d_MA20,1d,20,10,2026-06-15,70.59,69.472,1.6092814371257536,-1.158125373474106,low_a,-0.018106813993508292,-0.49162607098324274,-1.508413324887593,0.9946513074769726
QNTUSDT,1w_MA10,1w,10,10,2026-06-15,70.59,72.14200000000001,-2.151312688863638,-1.4359296654051668,low_a,-0.133944091622493,1.9317511540043601,0.801226147833876,0.8857556628755565
QNTUSDT,1w_MA20,1w,20,10,2026-06-15,70.59,70.1005,0.69828317914995,-0.16378150123547153,low_r2,0.019754012555902027,-0.4122068246293284,1.1592773408069803,0.788024757525347
QNTUSDT,1M_MA10,1M,10,10,2026-06-01,70.59,76.53,-7.7616620932967395,-9.108184182709989,low_a,-0.2276124397775856,-0.6254767743107319,-0.15266612720238268,0.98305263764315
QNTUSDT,1M_MA20,1M,20,10,2026-06-01,70.59,87.851,-19.64804043209525,0.5977395824983578,pass,0.18427538018666945,-2.361359138316595,0.711905294470023,0.9931260856269023
QQQUSDT,1d_MA20,1d,20,10,2026-06-15,743.8,725.706,2.4932961833028733,0.12693401914496416,low_r2,0.002368768145656963,-0.033071219804445794,0.7756309930562311,0.28064100308011974
QQQUSDT,1w_MA10,1w,10,10,2026-06-15,743.8,704.865,5.523752775354129,4.243755268645466,low_a,0.09345980209004094,1.0709884953987983,-0.636630503434685,0.9982053838568048
QQQUSDT,1w_MA20,1w,20,10,2026-06-15,743.8,649.6895000000001,14.485458053423962,1.8134591199896466,low_a,0.029574872463392077,0.4687145455252105,-0.8804669235972148,0.9979554028569058
QTUMUSDT,1d_MA20,1d,20,10,2026-06-15,0.749,0.7708999999999999,-2.840835387209739,-1.8774263348819598,low_a,0.019845410562975896,-1.3464631878620332,3.769310299698962,0.997835786983721
QTUMUSDT,1w_MA10,1w,10,10,2026-06-15,0.749,0.8554999999999999,-12.448860315604904,-3.995062282572115,low_r2,-0.14774642346172015,1.0114999947111507,0.3803438542468609,0.7595808399539995
QTUMUSDT,1w_MA20,1w,20,10,2026-06-15,0.749,0.87775,-14.668185702079183,-4.306350504224565,low_a,-0.044920357420355786,-1.9856725065058485,-2.4557938891273223,0.9937659237131468
QTUMUSDT,1M_MA10,1M,10,10,2026-06-01,0.749,1.22,-38.60655737704918,-20.75349139330951,low_a,0.012954029372670898,-6.952088638663337,29.815213126444704,0.9935933542342782
QTUMUSDT,1M_MA20,1M,20,10,2026-06-01,0.749,1.9008500000000002,-60.59657521635058,-7.795105624408816,vertex_out,0.2001658108317257,-6.151440559642758,1.70731802967705,0.9976066097827072
QUSDT,1d_MA20,1d,20,10,2026-06-15,0.017393,0.0179625,-3.1704940848991003,-0.4017199936789506,low_a,0.07160833355603466,-1.0173079266857417,0.7892532088303831,0.9432948378589793
QUSDT,1w_MA10,1w,10,10,2026-06-15,0.017393,0.0160612,8.292032973874907,12.071564139778967,pass,1.011167172049993,-6.638909224940857,0.3647550083402597,0.8880343461414464
QUSDT,1w_MA20,1w,20,10,2026-06-15,0.017393,0.015475649999999999,12.389463447415782,-0.887333324794104,low_r2,-0.06144361950326413,1.0162911157941494,0.9189012301125915,0.5500837772314914
RAREUSDT,1d_MA20,1d,20,10,2026-06-15,0.01343,0.014003499999999999,-4.095404720248508,-1.4393299549549488,low_a,0.02446061552822678,-1.2236302885797212,2.7791394046566418,0.9960925333273224
RAREUSDT,1w_MA10,1w,10,10,2026-06-15,0.01343,0.015668,-14.283890732703608,-1.4219202214671989,low_r2,-0.00491704914113018,0.02855726198746371,0.3226558265582913,0.005956053880043943
RAREUSDT,1w_MA20,1w,20,10,2026-06-15,0.01343,0.015968,-15.894288577154313,-5.77127345686298,low_a,-0.15964426634505777,-0.6262576589876478,-0.21793511888977102,0.9915117388349185
RAREUSDT,1M_MA10,1M,10,10,2026-06-01,0.01343,0.02286,-41.25109361329834,-24.402261979562834,vertex_out,0.4432255672079251,-14.593166012379971,1.8291621808718714,0.9962095049943134
RAVEUSDT,1d_MA20,1d,20,10,2026-06-15,0.29578,0.379406,-22.041296131321076,-5.595505282487412,low_a,0.01599992047293975,-2.957299849080592,10.268453292496035,0.9996502114863706
RAVEUSDT,1w_MA10,1w,10,10,2026-06-15,0.29578,0.5422030000000001,-45.44847593982328,-51.24911098902976,low_r2,-1.4876613168957886,12.231912618684566,0.4567912691687165,0.486720501802286
RAYUSDT,1d_MA20,1d,20,10,2026-06-15,0.6351,0.63448,0.097717816164411,-2.0327494229091525,low_a,0.010026467382843029,-1.3173600554824223,7.29934751239087,0.9956116566921315
RAYUSDT,1w_MA10,1w,10,10,2026-06-15,0.6351,0.70769,-10.257316056465404,0.2919377010614621,low_a,-0.22602704852090855,3.895092547527226,0.9573811268794308,0.9878339851651412
RAYUSDT,1w_MA20,1w,20,10,2026-06-15,0.6351,0.65425,-2.9270156667940417,-2.8920866512798016,low_a,-0.08364442617586722,-1.3346096634849682,-0.8864306289677493,0.9773495896016182
RAYUSDT,1M_MA10,1M,10,10,2026-06-01,0.6351,1.03798,-38.81384997784158,-31.879901558654634,vertex_out,0.6112419669080243,-16.562204842759666,1.5053326523355028,0.9745847166061432
RDDTUSDT,1d_MA20,1d,20,10,2026-06-15,181.74,170.651,6.498057438866467,1.6929861152493952,low_a,0.015781012395982775,0.5379637025705096,-1.8938501291993366,0.9941426264538562
RDDTUSDT,1w_MA10,1w,10,10,2026-06-15,181.74,163.525,11.138969576517344,4.763948772815518,vertex_out,0.15088607674090923,0.36828688798243303,-0.13560152870051642,0.9942110131992254
RDDTUSDT,1w_MA20,1w,20,10,2026-06-15,181.74,150.6825,20.611218953760392,-1.7154504688136951,low_a,0.06892130507642812,-2.6763928903547627,2.1573661982127947,0.9911038047115796
RECALLUSDT,1d_MA20,1d,20,10,2026-06-15,0.03774,0.0423575,-10.901257156347743,-4.100207161212177,low_a,-0.015362306072272788,-2.2186583814155303,-8.023456790123298,0.997146038919483
RECALLUSDT,1w_MA10,1w,10,10,2026-06-15,0.03774,0.048257,-21.793729407132645,-2.8467314932254184,low_r2,-0.08987053089753794,1.541077648643582,0.9526529338327179,0.7265602806684559
RECALLUSDT,1w_MA20,1w,20,10,2026-06-15,0.03774,0.0474215,-20.41584513353647,-6.556779443929939,low_a,0.02854369014743032,-4.228460528116173,8.229996632211211,0.9963102785965702
REDUSDT,1d_MA20,1d,20,10,2026-06-15,0.096,0.104945,-8.523512315975035,-3.4322521279043006,low_a,-0.019879094976531113,-1.4318800093145772,-4.001635361181147,0.9993457630040151
REDUSDT,1w_MA10,1w,10,10,2026-06-15,0.096,0.12213,-21.395234586096777,-3.9027460854512364,low_r2,0.04227271420175479,-0.9608531495221789,1.2627703599593811,0.5628558543754831
REDUSDT,1w_MA20,1w,20,10,2026-06-15,0.096,0.13118000000000002,-26.818112517152016,-8.556690251298305,low_a,-0.11329786050679352,-2.541755751484598,-1.246348803310265,0.9964299759422215
RENDERUSDT,1d_MA20,1d,20,10,2026-06-15,1.7932,1.8417750000000002,-2.637401419826002,-2.311501017049822,low_a,-0.028197344116606144,-0.5135646640481124,-1.0118460131176779,0.994868372314287
RENDERUSDT,1w_MA10,1w,10,10,2026-06-15,1.7932,1.85567,-3.3664390759132856,-0.9902733389178575,low_a,-0.2400920254070799,3.777489041653307,0.8740836017283403,0.9824302327469634
RENDERUSDT,1w_MA20,1w,20,10,2026-06-15,1.7932,1.7189349999999997,4.320407694299111,0.6806008264438335,low_r2,-0.16403135582619163,1.775347970628012,0.6012901759903553,0.7515337773159164
RENDERUSDT,1M_MA10,1M,10,10,2026-06-01,1.7932,1.8806199999999997,-4.648466994927192,-14.803841623629632,vertex_out,0.5830838998998835,-13.952467100013275,1.3293748313835125,0.9963046866224203
RESOLVUSDT,1d_MA20,1d,20,10,2026-06-15,0.01776,0.019337,-8.155349847442716,-3.375390381011867,low_a,0.07451448959606374,-3.148179757857024,2.3471794061076197,0.9985568528309017
RESOLVUSDT,1w_MA10,1w,10,10,2026-06-15,0.01776,0.025426999999999998,-30.152986982341588,-13.342648762865528,vertex_out,0.393221081725565,-12.602966998789434,1.7805882385388871,0.9864646124537247
RESOLVUSDT,1w_MA20,1w,20,10,2026-06-15,0.01776,0.041983,-57.69716313746039,-14.513189643762537,low_a,-0.15997207392044221,-3.5000056635757204,-1.2154918938179289,0.9989666020994512
REZUSDT,1d_MA20,1d,20,10,2026-06-15,0.003342,0.0035439499999999997,-5.698443826803423,-2.825610090485342,low_a,0.07658506015715799,-2.56230826056591,1.858723602595794,0.9997980945763912
REZUSDT,1w_MA10,1w,10,10,2026-06-15,0.003342,0.0043214,-22.663951497199985,-0.9398496240601406,low_a,-0.580565890105799,8.128958284814166,0.7778768978633733,0.9617076307188174
REZUSDT,1w_MA20,1w,20,10,2026-06-15,0.003342,0.00380495,-12.167045559074364,-1.6440268317586604,low_r2,-0.1789887328395602,1.0889542546841686,0.3379959041767892,0.7153314987842365
REZUSDT,1M_MA10,1M,10,10,2026-06-01,0.003342,0.0053596,-37.6446003433092,-24.672878807044185,vertex_out,1.1226487339090805,-22.24952603012734,1.10104322226192,0.9938546323631106
RIVERUSDT,1d_MA20,1d,20,10,2026-06-15,4.809,5.54155,-13.219225667908796,-3.0884114617489855,low_a,-0.01900958341672946,-1.1736269657695428,-3.429927772163965,0.9986696696448916
RIVERUSDT,1w_MA10,1w,10,10,2026-06-15,4.809,6.014,-20.036581310276024,-14.525298465036961,low_a,-0.3325707510947378,-7.017880445115328,-1.1723287320591451,0.9622700395850643
RIVERUSDT,1w_MA20,1w,20,10,2026-06-15,4.809,10.405249999999999,-53.78294610893539,-26.69752271054143,low_a,-1.06164008991879,5.71672996548884,0.2991561002732281,0.9352295508733389
RKLBUSDT,1d_MA20,1d,20,10,2026-06-15,108.69,119.80250000000001,-9.275682894764303,-2.7778341333571377,low_a,-0.06432435648271327,-0.4052495918144366,-0.3500053081442578,0.9961668582209035
ROBOUSDT,1d_MA20,1d,20,10,2026-06-15,0.01934,0.0197325,-1.989104269605979,0.13701758392328234,low_a,0.03461394185179615,-0.4336517432661958,0.6960132890365538,0.8884334789796045
ROSEUSDT,1d_MA20,1d,20,10,2026-06-15,0.00691,0.0074789999999999995,-7.607968979810121,-3.961476725521673,low_a,0.0008301694652613572,-2.0391360334134045,136.46049382696657,0.9991891917204337
ROSEUSDT,1w_MA10,1w,10,10,2026-06-15,0.00691,0.009082,-23.915437128385808,-6.678997122893559,low_a,-0.15884403898032617,-0.7687463175392395,-0.26886831275720485,0.9886898194496582
ROSEUSDT,1w_MA20,1w,20,10,2026-06-15,0.00691,0.0103245,-33.071819458569415,-9.699567061704627,low_a,-0.31031047141982643,1.1530078995288926,0.20642550064515522,0.9692535611744563
ROSEUSDT,1M_MA10,1M,10,10,2026-06-01,0.00691,0.012920000000000001,-46.517027863777095,-20.394331484904505,vertex_out,1.0660756194414913,-20.3036860919723,1.0580699343411202,0.9759205136849199
ROSEUSDT,1M_MA20,1M,20,10,2026-06-01,0.00691,0.028918,-76.10484819143785,-17.880418577574574,vertex_out,0.5050364659644563,-13.55019341087289,1.4905627089495193,0.9981699820900225
RPLUSDT,1d_MA20,1d,20,10,2026-06-15,1.433,1.4539,-1.437512896347748,-1.8033229771714288,low_a,0.04006985204870925,-1.5371886932256134,2.1312624699001943,0.9986461312406485
RPLUSDT,1w_MA10,1w,10,10,2026-06-15,1.433,1.6926,-15.337350821221795,-3.4289952644491417,low_a,-0.13040450455446775,0.31730844084973886,0.1351812713379955,0.9602278169493232
RPLUSDT,1w_MA20,1w,20,10,2026-06-15,1.433,1.7447499999999998,-17.867889382433,-2.227514710002809,low_a,-0.09954302083575989,-0.02639546865881401,-0.014731468998807713,0.9706749035054056
RPLUSDT,1M_MA10,1M,10,10,2026-06-01,1.433,2.267,-36.78870754300838,-33.11303218953766,vertex_out,0.23822240280367055,-11.859736006477807,2.7657945467249245,0.9783841462905941
RSRUSDT,1d_MA20,1d,20,10,2026-06-15,0.001475,0.0014697,0.36061781315914754,-1.292857382719359,low_a,0.04362306861026206,-1.4628730365540872,1.863021718602492,0.9972403342955917
RSRUSDT,1w_MA10,1w,10,10,2026-06-15,0.001475,0.0016952999999999998,-12.994750191706473,-0.25300070604850067,low_a,-0.24923831141395159,3.0146172098136974,0.6719622393861386,0.9281565184122452
RSRUSDT,1w_MA20,1w,20,10,2026-06-15,0.001475,0.0016233999999999999,-9.141308365159539,-3.233689983011956,low_a,0.0273748625287609,-2.780444051687421,5.642735696675896,0.9926716395989217
RSRUSDT,1M_MA10,1M,10,10,2026-06-01,0.001475,0.0026433,-44.19853970415768,-30.901343650337232,vertex_out,0.22980456667406943,-13.607912320824378,3.289730660604806,0.9971519994231562
RSRUSDT,1M_MA20,1M,20,10,2026-06-01,0.001475,0.0056895,-74.07505053168117,-7.906344337522963,low_a,-0.03093048375481285,-2.886074446002736,-5.183800890195432,0.987381616186335
RUNEUSDT,1d_MA20,1d,20,10,2026-06-15,0.3918,0.387105,1.212849226953927,-1.4134545593459946,low_a,0.026647354636498997,-0.9465330027771564,1.9733728746540191,0.9833178807870779
RUNEUSDT,1w_MA10,1w,10,10,2026-06-15,0.3918,0.44878999999999997,-12.69858954076517,0.3510576450069136,low_a,-0.28909558314412725,3.683307042648001,0.7078218449777685,0.9439637411269087
RUNEUSDT,1w_MA20,1w,20,10,2026-06-15,0.3918,0.42612000000000005,-8.054069276260222,-2.6022559742174156,low_a,-0.09808465448590785,-0.5500000049665199,-0.31152228645372193,0.9745100983649083
RUNEUSDT,1M_MA10,1M,10,10,2026-06-01,0.3918,0.5770500000000001,-32.10293735378218,-22.708581684726546,vertex_out,0.6965403751773067,-17.033304076444857,1.3585639894496004,0.9682120977658502
RUNEUSDT,1M_MA20,1M,20,10,2026-06-01,0.3918,1.3914250000000001,-71.84181684244571,-26.17436311012894,vertex_out,0.3018449327604417,-12.428391126343318,2.2874863837244743,0.9957192114195694
RVNUSDT,1d_MA20,1d,20,10,2026-06-15,0.00448,0.0046178999999999994,-2.9862058511444523,-1.746808510638309,low_a,0.03107870993609784,-1.4684967584772506,2.625049540874846,0.9985833284154795
RVNUSDT,1w_MA10,1w,10,10,2026-06-15,0.00448,0.0053325,-15.986872948898267,-4.250161603102787,low_a,-0.2174130794416819,1.3873733103744028,0.3545154469028844,0.9091479800635174
RVNUSDT,1w_MA20,1w,20,10,2026-06-15,0.00448,0.0055144,-18.75816045263311,-3.2569889737809277,low_a,-0.07876044657791251,-0.9151397671858507,-0.6455156158452957,0.9920334632742208
RVNUSDT,1M_MA10,1M,10,10,2026-06-01,0.00448,0.006910899999999999,-35.1748686856994,-19.93952804068536,low_a,0.062000857515447115,-7.440191855738139,6.666746373346048,0.9894881126393184
RVNUSDT,1M_MA20,1M,20,10,2026-06-01,0.00448,0.01109245,-59.612168637226226,-10.059150007500172,vertex_out,0.4968679940734644,-10.69304334625946,1.1956052125853907,0.9923881520129909
SAFEUSDT,1d_MA20,1d,20,10,2026-06-15,0.0961,0.106725,-9.95549308971656,-4.063103959728531,low_a,-0.011123871191925786,-2.078224860019014,-10.379204745873622,0.9980216396007957
SAFEUSDT,1w_MA10,1w,10,10,2026-06-15,0.0961,0.1278,-24.80438184663536,-5.0661120190165,low_a,-0.3973944526122035,5.439281552311607,0.7604089752018756,0.9483416544955702
SAFEUSDT,1w_MA20,1w,20,10,2026-06-15,0.0961,0.11764,-18.310098605916348,-3.652743652743673,low_a,-0.23087163977302463,1.1409267641670604,0.27454571853787874,0.943106513507569
SAFEUSDT,1M_MA10,1M,10,10,2026-06-01,0.0961,0.15611000000000003,-38.44084299532382,-29.021551332181485,vertex_out,0.7369549993489176,-19.689708505576903,1.4843140974967033,0.9973849299064687
SAGAUSDT,1d_MA20,1d,20,10,2026-05-26,0.02012,0.022816,-11.816269284712488,1.5104664872199747,low_a,-0.015024798340076828,0.7756396434619838,2.867997980944828,0.990171444864626
SAGAUSDT,1w_MA10,1w,10,10,2026-05-25,0.02012,0.021778,-7.613187620534479,-9.698552888004318,low_a,0.06685811443574431,-5.139001510721392,4.270238344866176,0.9959544335431284
SAGAUSDT,1w_MA20,1w,20,10,2026-05-25,0.02012,0.029246,-31.204267250222262,-12.383349061549753,vertex_out,0.19506911171697758,-7.866208400303687,2.240291012493571,0.9993702850408723
SAGAUSDT,1M_MA10,1M,10,10,2026-05-01,0.02012,0.080843,-75.11225461697364,-34.71400075911135,ma_not_rising,3.9402610520969,-58.20242515685665,0.8206228017681848,0.9696579171238839
SAHARAUSDT,1d_MA20,1d,20,10,2026-06-15,0.01473,0.027409,-46.258528220657446,-6.346847077716844,low_a,-0.1699307882523158,-0.9213809362686666,-0.3012275192691935,0.9873589365068363
SAHARAUSDT,1w_MA10,1w,10,10,2026-06-15,0.01473,0.028152999999999994,-47.678755372429215,-4.840290687848592,low_a,-0.4172172321304656,7.171779441502665,0.9549753953355433,0.960135487545507
SAHARAUSDT,1w_MA20,1w,20,10,2026-06-15,0.01473,0.024557000000000002,-40.017103066335466,-2.4393150848198153,low_r2,-0.006391774040588877,0.9471852518649078,8.232675709001711,0.7135129045744284
SANDUSDT,1d_MA20,1d,20,10,2026-06-15,0.05406,0.058367,-7.379169736323621,-2.843112775697043,low_a,0.017632443900191336,-1.7210554760940127,5.422628516929323,0.9993227703781119
SANDUSDT,1w_MA10,1w,10,10,2026-06-15,0.05406,0.068443,-21.014566865859187,-5.935790659959872,low_a,-0.1638896501180749,-0.004257568633034823,-0.00144323690088878,0.9897351654997979
SANDUSDT,1w_MA20,1w,20,10,2026-06-15,0.05406,0.0741485,-27.0922540577355,-7.581810136916289,low_a,-0.10958686137139118,-2.176895320263418,-1.1035869390734787,0.9949535792376237
SANDUSDT,1M_MA10,1M,10,10,2026-06-01,0.05406,0.11848800000000001,-54.375126595098244,-26.52043682908225,vertex_out,0.405375956565305,-13.988241123145961,1.9170463720293425,0.9940952518290171
SANDUSDT,1M_MA20,1M,20,10,2026-06-01,0.05406,0.24369549999999998,-77.81657847600798,-7.391876023667399,vertex_out,0.3441399188441644,-7.905820067350715,1.2762606193407497,0.9974106516746999
SANTOSUSDT,1d_MA20,1d,20,10,2026-06-15,0.6583,0.699625,-5.9067357512953444,-2.6764413346038407,vertex_out,0.10883949635021536,-3.0911477209635057,1.5778318965188523,0.9991552723195294
SANTOSUSDT,1w_MA10,1w,10,10,2026-06-15,0.6583,0.9569199999999999,-31.20637043849015,-7.185257032007786,low_a,0.04189474177669872,-3.488638295411712,4.626194849630992,0.9737440756260738
SANTOSUSDT,1w_MA20,1w,20,10,2026-06-15,0.6583,1.1622599999999998,-43.36034966358645,-11.284634760705291,low_a,-0.33234207283935824,-0.43409270331246885,-0.07256457507501334,0.9970117046396788
SANTOSUSDT,1M_MA10,1M,10,10,2026-06-01,0.6583,1.42533,-53.81420442985133,-15.715806279936139,low_a,0.0017960065959515326,-5.403212263025446,167.13661282403768,0.9893635130041276
SAPIENUSDT,1d_MA20,1d,20,10,2026-06-15,0.08365,0.085977,-2.7065377949916813,-2.884865188465058,low_a,0.011988318403282282,-1.893236391614659,8.773524025300373,0.9947451894968579
SAPIENUSDT,1w_MA10,1w,10,10,2026-06-15,0.08365,0.09520200000000001,-12.13419886136846,3.4275967712147137,low_a,-0.002277536972664121,2.6589305828228724,64.85882226517275,0.962576544392875
SAPIENUSDT,1w_MA20,1w,20,10,2026-06-15,0.08365,0.085757,-2.456942290425268,-2.528372441933824,low_a,0.001359142996318578,-1.9559869088644801,79.95180762855442,0.9767462590318783
SCRTUSDT,1d_MA20,1d,20,10,2026-06-15,0.06114,0.067635,-9.603016189842538,-2.8923394999246232,low_a,0.007818800889690544,-1.6258255322324304,11.552109070672898,0.9987941488227013
SCRTUSDT,1w_MA10,1w,10,10,2026-06-15,0.06114,0.085591,-28.567255903073917,-6.580440951757261,low_a,-0.471729198046139,4.56610836009118,0.5377506580521668,0.9704826647872498
SCRTUSDT,1w_MA20,1w,20,10,2026-06-15,0.06114,0.0846405,-27.765077002144356,-7.728660198408388,low_a,-0.2991393125183407,0.8865856786505357,0.1646549211816146,0.9870462980905315
SCRTUSDT,1M_MA10,1M,10,10,2026-06-01,0.06114,0.104734,-41.62354154333836,-16.426747526332587,vertex_out,0.6347245176916384,-13.785870924580726,1.2066364173509725,0.9818853573121696
SEIUSDT,1d_MA20,1d,20,10,2026-06-15,0.05399,0.05659499999999999,-4.602880113084174,-1.6132677363837278,low_a,0.03350565511399257,-1.237411855590328,2.051746275500889,0.9951687434841915
SEIUSDT,1w_MA10,1w,10,10,2026-06-15,0.05399,0.059934,-9.917576000266958,0.33985702566505793,low_r2,0.09512127963153125,-1.006819047821323,0.5880323704885028,0.5968230609585765
SEIUSDT,1w_MA20,1w,20,10,2026-06-15,0.05399,0.061834,-12.685577513989067,-5.917974544873584,low_a,0.03777641361655576,-4.029423502759825,5.9258367810312205,0.9971266523408936
SEIUSDT,1M_MA10,1M,10,10,2026-06-01,0.05399,0.10996400000000002,-50.90211341893711,-29.277233963186376,low_a,-0.23686354286738814,-6.427071372044156,-1.5074481971631457,0.9912485850574291
SEIUSDT,1M_MA20,1M,20,10,2026-06-01,0.05399,0.20905650000000003,-74.1744456642104,-14.777952614672152,vertex_out,0.4119148614302878,-10.362127103840619,1.3975551306700602,0.9922025774634265
SENTUSDT,1d_MA20,1d,20,10,2026-06-15,0.015,0.014610999999999999,2.662377660666615,-0.9792958557825915,low_a,0.02813390258913366,-0.6253731853186444,1.2349141620097768,0.9532792699098337
SENTUSDT,1w_MA10,1w,10,10,2026-06-15,0.015,0.015820999999999998,-5.1893053536438805,-0.7278659722658065,low_a,0.09923669443987096,-3.4369708647165327,1.9241151359921642,0.9798588836323416
SFPUSDT,1d_MA20,1d,20,10,2026-06-15,0.2507,0.25387499999999996,-1.250615460364346,-1.0889468967935634,low_a,0.023072851482423197,-0.9370328779228868,2.2562179688316437,0.99895358265294
SFPUSDT,1w_MA10,1w,10,10,2026-06-15,0.2507,0.28681999999999996,-12.59326406805662,-3.0620521833175873,low_a,-0.3254454262119212,3.1870807146004805,0.54405447254536,0.9748562103949949
SFPUSDT,1w_MA20,1w,20,10,2026-06-15,0.2507,0.28086,-10.738446200954222,-2.4385160483534896,low_a,-0.15254748462955064,0.5221761007393061,0.1901688739401625,0.9720112007623871
SFPUSDT,1M_MA10,1M,10,10,2026-06-01,0.2507,0.32255,-22.275616183537437,-10.303114571746397,vertex_out,0.3372844130834822,-8.671557804324378,1.4283293050726131,0.9975439406210921
SFPUSDT,1M_MA20,1M,20,10,2026-06-01,0.2507,0.44558,-43.73625387135868,-8.88027729777815,low_a,0.010511860067875562,-4.500475860652366,23.78517551493999,0.9990899357408262
SHELLUSDT,1d_MA20,1d,20,10,2026-06-15,0.0263,0.027749000000000003,-5.221809794947574,-2.033539276257712,low_a,0.030446224520775892,-1.5546760151960552,2.8368341589997943,0.9984017678583124
SHELLUSDT,1w_MA10,1w,10,10,2026-06-15,0.0263,0.031932,-17.637479644244024,-1.4748534402961866,low_a,-0.25863678482359653,3.232621613256484,0.6943717992313034,0.9170950494743434
SHELLUSDT,1w_MA20,1w,20,10,2026-06-15,0.0263,0.0308125,-14.64503042596349,-4.680515382592687,low_a,-0.09145318449371545,-1.4086697883215589,-0.8557321772639743,0.9899896290674554
SHIBUSDT,1d_MA20,1d,20,10,2026-06-15,5.056e-06,5.0339999999999996e-06,0.4370282081843646,-0.967894239848921,low_a,0.04519565158581519,-1.2397105647588538,1.5238813190356926,0.9976357213591218
SHIBUSDT,1w_MA10,1w,10,10,2026-06-15,5.056e-06,5.650600000000001e-06,-10.522776342335327,-2.8355257501504583,low_r2,-0.17540734931332663,1.2951016187412971,0.41018857084231436,0.8243810368438622
SHIBUSDT,1w_MA20,1w,20,10,2026-06-15,5.056e-06,5.76625e-06,-12.317363971385209,-3.374053220725237,low_a,-0.07537679923220285,-1.1737385295730813,-0.8650897458051663,0.989448038212693
SHIBUSDT,1M_MA10,1M,10,10,2026-06-01,5.056e-06,7.2426e-06,-30.190815453014107,-16.233721172306915,vertex_out,0.22281618382390947,-8.95265983719731,2.2321986779401763,0.9963555316969026
SHIBUSDT,1M_MA20,1M,20,10,2026-06-01,5.056e-06,1.1381500000000001e-05,-55.57703290427448,-9.856288041691897,vertex_out,0.14853207582696695,-5.941516173797006,2.222309424007138,0.9900011293281752
SIGNUSDT,1d_MA20,1d,20,10,2026-06-15,0.00886,0.009799,-9.582610470456176,-3.567386704718789,low_a,0.015528799616368341,-2.1408720408538287,7.659145493617095,0.9990044652723241
SIGNUSDT,1w_MA10,1w,10,10,2026-06-15,0.00886,0.013133999999999998,-32.5414953555657,-27.372262773722632,low_a,-0.4915432354008628,-5.8516832575862825,-0.6613731832668374,0.9839599244338781
SIGNUSDT,1w_MA20,1w,20,10,2026-06-15,0.00886,0.0242565,-63.47370807824707,-10.596539078193235,low_a,-0.14420912409893236,-2.802878642485226,-1.0797893760955237,0.9993046405777597
SIRENUSDT,1d_MA20,1d,20,10,2026-06-15,0.05293,0.5939490000000001,-91.08846045704261,-6.704501187499201,low_a,-0.6846138429442299,6.798539423791613,0.5516929558870425,0.9933358881401543
SIRENUSDT,1w_MA10,1w,10,10,2026-06-15,0.05293,0.614677,-91.38897339578348,-16.412781558177368,low_a,-1.491213873569238,10.70836029533824,0.3989427109289477,0.8670014062566433
SIRENUSDT,1w_MA20,1w,20,10,2026-06-15,0.05293,0.6661119999999999,-92.05388883551115,-0.3846360911880842,low_a,-0.27626466932800814,7.557488588091413,1.5197762281274216,0.9810344865772501
SKLUSDT,1d_MA20,1d,20,10,2026-06-15,0.004411,0.004883500000000001,-9.67543769837208,-3.2510500039622636,low_a,-0.0016376134686962908,-1.717958297201914,-58.281230245566036,0.9989897316420843
SKLUSDT,1w_MA10,1w,10,10,2026-06-15,0.004411,0.0059751,-26.17696774949373,-5.828303046541327,low_a,-0.264600417249857,1.6724266966958465,0.35114303759069593,0.9758144737807269
SKLUSDT,1w_MA20,1w,20,10,2026-06-15,0.004411,0.00619705,-28.82097126858747,-6.317508068844058,low_a,-0.058396577304310957,-2.587401505717122,-2.4615231702078564,0.9963383333833943
SKLUSDT,1M_MA10,1M,10,10,2026-06-01,0.004411,0.0104282,-57.701233194606935,-28.071458132156156,vertex_out,0.6109721645751055,-15.7940586286121,1.4361500449038842,0.9863482876906117
SKLUSDT,1M_MA20,1M,20,10,2026-06-01,0.004411,0.0227141,-80.58034436759546,-12.383652529460543,vertex_out,0.747544164581976,-15.080378058838518,1.1207348284433178,0.997363966685217
SKRUSDT,1d_MA20,1d,20,10,2026-06-15,0.009265,0.0112147,-17.385217616164482,-4.290609304925552,low_a,-0.023591029691423175,-1.8525896845911543,-4.362745098039173,0.9993934564892997
SKRUSDT,1w_MA10,1w,10,10,2026-06-15,0.009265,0.0136973,-32.35893205230228,-9.567289917075994,low_a,-0.16679234246653626,-2.590852959171269,-0.8629669287029351,0.9934333118091516
SKYAIUSDT,1d_MA20,1d,20,10,2026-06-15,0.35688,0.23264999999999997,53.397807865892986,5.437521527110545,pass,0.3677318821310571,-4.010501274605378,0.6058915127939846,0.9230496536439179
SKYAIUSDT,1w_MA10,1w,10,10,2026-06-15,0.35688,0.316207,12.862776598873516,20.602235020405036,low_a,-0.6443933594116776,19.64399783274465,1.6935823390958444,0.9890849388112259
SKYAIUSDT,1w_MA20,1w,20,10,2026-06-15,0.35688,0.185145,92.75702827513568,21.526091237282575,low_a,-0.4197497643276775,15.944844646900314,2.1103637878735153,0.9888189804522671
SKYUSDT,1d_MA20,1d,20,10,2026-06-15,0.05727,0.060879,-5.928152564923872,-1.9661835748792322,low_a,0.0007265346392523103,-1.0720027498476183,81.97229024917176,0.9988386369781388
SKYUSDT,1w_MA10,1w,10,10,2026-06-15,0.05727,0.070129,-18.336208986296676,-4.387364173040476,low_a,-0.34076507295051583,2.8867382895332923,0.47063024396812225,0.9780527615222768
SKYUSDT,1w_MA20,1w,20,10,2026-06-15,0.05727,0.07002,-18.209083119108826,-0.7315413405920457,low_a,-0.15506223277586606,1.909226621230555,0.6840359752670104,0.9768414025237164
SLPUSDT,1d_MA20,1d,20,10,2026-06-15,0.000518,0.000553835,-6.47033863876425,-1.764857170729972,low_a,0.02411604520961657,-1.3391122107714686,3.0848807163029854,0.9989196182068091
SLPUSDT,1w_MA10,1w,10,10,2026-06-15,0.000518,0.00062806,-17.523803458268304,-2.233775937485405,low_a,-0.28176911922124,3.349880659789206,0.6604857253831088,0.916122306664355
SLPUSDT,1w_MA20,1w,20,10,2026-06-15,0.000518,0.0006104799999999999,-15.148735421307812,-4.298479385483633,low_a,-0.1645307331408848,-0.04351089558823691,-0.014691917619150249,0.983755046568502
SNDKUSDT,1d_MA20,1d,20,10,2026-06-15,2103.71,1746.3015,20.46659754916318,2.951625217024767,low_a,0.07790354228611607,0.37569815692736824,-0.26792260296253634,0.9953868993923749
SNXUSDT,1d_MA20,1d,20,10,2026-06-15,0.2539,0.26295999999999997,-3.4453909339823396,-2.457480942930823,low_a,0.0035054133949031195,-1.2268046659261933,19.44301772589109,0.9995158557536796
SNXUSDT,1w_MA10,1w,10,10,2026-06-15,0.2539,0.29324,-13.415632246623922,-2.122830440587442,low_r2,-0.03871010531765586,-0.0458507799287143,-0.06580363268692578,0.6341535141242188
SNXUSDT,1w_MA20,1w,20,10,2026-06-15,0.2539,0.29964,-15.264984648244562,-3.711558854718988,low_a,-0.062062803301203354,-1.5595095452934862,-1.3959959037379088,0.9914667253792415
SNXUSDT,1M_MA10,1M,10,10,2026-06-01,0.2539,0.48445,-47.590050572814526,-12.818528649582483,vertex_out,0.6090651942488334,-12.623907882515063,1.1514829977441687,0.9892039568624654
SNXUSDT,1M_MA20,1M,20,10,2026-06-01,0.2539,0.79508,-68.06610655531519,-13.205611047431898,vertex_out,0.7855780978892276,-15.668891397459145,1.108093477738803,0.9962417474250159
SOLUSDT,1d_MA20,1d,20,10,2026-06-15,73.938,72.10979999999999,2.535300333657853,-1.6016554874866307,low_a,0.034916210895594595,-1.5209437454734416,2.419989815080008,0.9976114671229719
SOLUSDT,1w_MA10,1w,10,10,2026-06-15,73.938,81.5036,-9.282534759200821,-2.1794417873367,low_a,-0.1656148065186575,1.1773844091587615,0.39495408851560426,0.9031906235750411
SOLUSDT,1w_MA20,1w,20,10,2026-06-15,73.938,82.9514,-10.865880503523751,-4.2882082062678295,low_a,-0.05416602721661758,-2.0462458691964858,-2.098738488090474,0.9941875801506193
SOLUSDT,1M_MA10,1M,10,10,2026-06-01,73.938,116.60069999999999,-36.58871687734292,-15.652452574682595,low_a,-0.30908146018917415,-1.2097458192322483,-0.21744462132191084,0.9888290516183372
SOLUSDT,1M_MA20,1M,20,10,2026-06-01,73.938,146.42464999999999,-49.50440380086276,-5.329859230966938,low_a,-0.1652834436135535,-0.16583933678114596,-0.0557424039965122,0.9832257852315822
SOMIUSDT,1d_MA20,1d,20,10,2026-06-15,0.1114,0.126365,-11.842677956712699,-3.941467122767006,low_a,-0.004589398031605507,-1.965901428253454,-23.797619047627805,0.9985936079151535
SOMIUSDT,1w_MA10,1w,10,10,2026-06-15,0.1114,0.15384,-27.587103484139362,-6.086319516513017,low_a,-0.1367503423143735,-0.22759340806230086,-0.09246103528293977,0.9796816775054127
SOMIUSDT,1w_MA20,1w,20,10,2026-06-15,0.1114,0.166385,-33.04684917510593,-6.449073683618667,low_a,-0.10736180712675536,-1.5085936316341058,-0.7806384742952004,0.9981640030610179
SONICUSDT,1d_MA20,1d,20,10,2026-06-15,0.02819,0.030178,-6.5875803565511255,-3.2740909309444066,low_a,0.01832287129223162,-1.9730959346868797,5.9824925399335225,0.9992139678428679
SONICUSDT,1w_MA10,1w,10,10,2026-06-15,0.02819,0.035035,-19.537605251890955,-3.9558089807555263,low_a,-0.0510994296436875,-1.0692732908144296,-1.1625192712743155,0.9733557905752431
SONICUSDT,1w_MA20,1w,20,10,2026-06-15,0.02819,0.038122500000000004,-26.054167486392554,-6.636870140206941,low_a,-0.004357875698498182,-3.918094098361311,-49.949082858976595,0.9958373217472429
SOONUSDT,1d_MA20,1d,20,10,2026-06-15,0.1731,0.164485,5.237559655895674,-0.027350635142542323,low_a,-0.005652978704216645,0.28019041182377613,2.7536162445824823,0.9660208926206587
SOONUSDT,1w_MA10,1w,10,10,2026-06-15,0.1731,0.17028000000000001,1.6560958421423466,6.839001129376343,vertex_out,0.2860162555448001,-0.9094636522199985,0.1766534505545,0.989577206167503
SOONUSDT,1w_MA20,1w,20,10,2026-06-15,0.1731,0.15808000000000003,9.501518218623461,-3.8647489889621855,vertex_out,0.24558964207409942,-7.04706093043214,1.5941363883167488,0.9951386237026446
SOPHUSDT,1d_MA20,1d,20,10,2026-06-15,0.005559,0.00622,-10.627009646302255,-3.32532891924866,low_a,0.020845504009021607,-1.9205086789748966,5.118366366365649,0.9989797620536092
SOPHUSDT,1w_MA10,1w,10,10,2026-06-15,0.005559,0.007603899999999999,-26.8927787056642,-6.374359732072499,low_a,-0.27067231927722873,1.050901462194387,0.2156977659269148,0.9846871436937494
SOPHUSDT,1w_MA20,1w,20,10,2026-06-15,0.005559,0.00820645,-32.26059989398584,-6.61010776916685,low_a,-0.04852266964769454,-2.5024677072511166,-2.865175901194024,0.9986513275623574
SOXLUSDT,1d_MA20,1d,20,10,2026-06-15,271.53,223.756,21.35093584082661,2.010289655864139,low_a,0.019276947198580745,0.6211673017381998,-1.7901846275509758,0.9833934293444451
SOXSUSDT,1d_MA20,1d,20,10,2026-06-15,3.99,5.8015,-31.224683271567688,-4.131207138725934,low_a,0.03862822888118137,-2.47341026013192,3.557286603564245,0.9965014639372438
SPACEUSDT,1d_MA20,1d,20,10,2026-06-15,0.006637,0.00673975,-1.5245372602841423,-1.4202447033356047,low_a,0.088844601513571,-1.7090393668508574,1.0686820569194766,0.9760222850390984
SPACEUSDT,1w_MA10,1w,10,10,2026-06-15,0.006637,0.0070263999999999995,-5.541956051463048,3.5792204729052424,pass,0.28433098092508857,-2.547720979804207,0.4978003240204696,0.8975130852778453
SPELLUSDT,1d_MA20,1d,20,10,2026-06-15,0.000131,0.00013463,-2.6962786897422486,-1.6617362404587,low_a,0.028448669920208017,-1.433587946250325,2.799560577526725,0.9985427968020488
SPELLUSDT,1w_MA10,1w,10,10,2026-06-15,0.000131,0.00015265,-14.182771044873888,-3.4838138593829115,low_a,-0.10342132190871535,-0.13387639438060295,-0.07191532005512186,0.9748704279193224
SPELLUSDT,1w_MA20,1w,20,10,2026-06-15,0.000131,0.00016252,-19.394536057100666,-5.2306256924602,low_a,-0.07368327044111762,-2.0023738271456746,-1.5097455600302017,0.9960891714848195
SPELLUSDT,1M_MA10,1M,10,10,2026-06-01,0.000131,0.00022715000000000002,-42.32885758309487,-22.648641285840764,vertex_out,0.8974350357293692,-19.545010192121186,1.2099303641291452,0.9868993096575069
SPELLUSDT,1M_MA20,1M,20,10,2026-06-01,0.000131,0.00046862,-72.04558064103111,-8.132639358563443,vertex_out,0.36703522964001584,-8.436728195505246,1.2770085379330385,0.9974054524217002
SPKUSDT,1d_MA20,1d,20,10,2026-06-15,0.02016,0.021046000000000002,-4.209826095220004,-3.0451006587736584,low_a,0.02969866333695386,-2.0304991114386586,3.7983361375955726,0.9995410754118201
SPKUSDT,1w_MA10,1w,10,10,2026-06-15,0.02016,0.027468,-26.60550458715596,-0.1417820918311885,low_a,-0.5624242001664977,7.747438476242009,0.7652822345707988,0.9893305987920654
SPKUSDT,1w_MA20,1w,20,10,2026-06-15,0.02016,0.024126,-16.438696841581702,-0.4702970297029707,low_a,-0.3123087799228803,3.8973990162649708,0.6932951664815279,0.9771750778895539
SPXUSDT,1d_MA20,1d,20,10,2026-06-15,0.3402,0.32083,6.037465324315061,-0.5270827519920585,low_a,0.05712350006103527,-1.1872619325349634,1.1546735788505011,0.9912879867023853
SPXUSDT,1w_MA10,1w,10,10,2026-06-15,0.3402,0.35885,-5.197157586735401,3.1178160919540288,low_a,-0.11382919778256781,3.0743011644900466,1.5004455136772648,0.9858725435161936
SPXUSDT,1w_MA20,1w,20,10,2026-06-15,0.3402,0.327775,3.7907100907634828,0.5121049968568325,low_a,0.0666454103334828,-2.8219815482529365,2.352401341611272,0.9553250519311867
SPXUSDT,1M_MA10,1M,10,10,2026-06-01,0.3402,0.48809,-30.29973980208568,-30.028958082458846,low_a,-0.8852585711975234,1.6899310563764032,0.10605382624036727,0.9833187649814984
SPYUSDT,1d_MA20,1d,20,10,2026-06-15,753.9,746.5040000000001,0.9907515565890979,0.00294715746664842,low_a,-9.62721466543573e-06,-0.04223742824904267,-243.73859658891038,0.8943638265905591
SQDUSDT,1d_MA20,1d,20,10,2026-06-15,0.04158,0.0356,16.797752808988765,0.6701920085965485,pass,0.1350774630724052,-1.5233911126862294,0.6265504079560178,0.9461843488432528
SQDUSDT,1w_MA10,1w,10,10,2026-06-15,0.04158,0.036365999999999996,14.337568058076243,6.320898140568354,pass,0.2527652079192994,-1.8752733516249425,0.4121684852343864,0.8691543014169789
SQDUSDT,1w_MA20,1w,20,10,2026-06-15,0.04158,0.036333000000000004,14.44141689373295,-6.3075375847752575,low_a,-0.18593436299264454,-1.7145485587735962,-0.5122920592866009,0.9798560016542535
SQQQUSDT,1d_MA20,1d,20,10,2026-06-15,36.38,39.977500000000006,-8.998811831655317,-0.4556716176342235,low_r2,-0.012239457439412982,0.057898242065150596,0.262803234501361,0.47266113607456917
SSVUSDT,1d_MA20,1d,20,10,2026-06-15,2.342,2.24815,4.174543513555595,-1.0410247380931437,low_a,0.04684110070914935,-1.28155556524757,1.5199798963890694,0.998091654127778
SSVUSDT,1w_MA10,1w,10,10,2026-06-15,2.342,2.5605,-8.533489552821717,1.5225407398596458,low_r2,0.01566102034679961,-0.1140301264336559,0.4045079365078902,0.03956539519492308
SSVUSDT,1w_MA20,1w,20,10,2026-06-15,2.342,2.5925000000000002,-9.662487945998077,-5.085304239584076,low_a,-0.1370876106252151,-1.041654167559449,-0.4221364404237471,0.9920451739987038
SSVUSDT,1M_MA10,1M,10,10,2026-06-01,2.342,3.5964000000000005,-34.879323768212664,-25.764769021178203,vertex_out,0.973867846818321,-19.609081645853312,1.1186255181632045,0.9577391479092852
SSVUSDT,1M_MA20,1M,20,10,2026-06-01,2.342,8.48995,-72.41444295902802,-18.161268556005396,vertex_out,0.671819375761672,-17.134218794703607,1.4169002539871483,0.9965850719205321
STABLEUSDT,1d_MA20,1d,20,10,2026-06-15,0.03573,0.03576649999999999,-0.10205080172785985,-0.4758260869565323,low_r2,0.0024614519718567387,-0.04252079050091925,0.9597043395317757,0.13102678785104827
STABLEUSDT,1w_MA10,1w,10,10,2026-06-15,0.03573,0.033998,5.0944173186658,6.038300792215079,vertex_out,0.1575355909905585,1.2271098979602795,-0.43274520811611505,0.993805630506669
STABLEUSDT,1w_MA20,1w,20,10,2026-06-15,0.03573,0.030080999999999997,18.77929590106713,4.388110978085469,low_a,0.007681540896927414,3.4081224296382433,-24.64871794871752,0.9862779549256301
STBLUSDT,1d_MA20,1d,20,10,2026-06-15,0.02628,0.0275285,-4.5352997802277635,-1.7488445134464792,low_a,0.03802730963528643,-1.6574193120498193,2.4213874595007447,0.9928637459562378
STBLUSDT,1w_MA10,1w,10,10,2026-06-15,0.02628,0.031501,-16.574077013428145,-4.594463625901035,low_a,-0.1328656747698665,0.013948213502110092,0.005832211754160092,0.9819914348123095
STBLUSDT,1w_MA20,1w,20,10,2026-06-15,0.02628,0.033738000000000004,-22.10563756002135,-2.8619140849936553,low_a,-0.04490255550487599,-2.260779923140988,-2.7971433520148965,0.9744036144497604
STEEMUSDT,1d_MA20,1d,20,10,2026-06-15,0.04585,0.047235,-2.932147771779392,-1.6378080651375138,low_a,0.010685516179049163,-1.0267914654862993,5.338438438438675,0.9991411332436682
STEEMUSDT,1w_MA10,1w,10,10,2026-06-15,0.04585,0.052907,-13.338499631428736,-4.453433984071664,low_a,-0.2311141050660793,1.0073399143504551,0.24214588096656608,0.9816006726015618
STEEMUSDT,1w_MA20,1w,20,10,2026-06-15,0.04585,0.055044499999999996,-16.703757868633552,-2.5735196509642067,low_a,-0.0618260181779026,-0.7316467782577257,-0.657442358968996,0.9914650279922433
STEEMUSDT,1M_MA10,1M,10,10,2026-06-01,0.04585,0.06680900000000001,-31.371521800954973,-19.883679098213204,vertex_out,0.38531355344833595,-12.145366835779893,1.7511520058124386,0.9925362471971622
STGUSDT,1d_MA20,1d,20,10,2026-06-15,0.2019,0.294755,-31.50243422503435,2.1167870567652347,low_a,0.02756736778336508,4.476155912505737,-9.020641013923665,0.9432423261561279
STGUSDT,1w_MA10,1w,10,10,2026-06-15,0.2019,0.22721999999999998,-11.143385265381568,-0.3770606804629928,low_a,-0.18762832827008505,3.9057588257854423,1.1564703658190636,0.922148538534466
STGUSDT,1w_MA20,1w,20,10,2026-06-15,0.2019,0.20554,-1.7709448282572704,3.49706689493694,low_a,-0.013328992125992428,3.029939887483514,12.62886136910752,0.9853185647632255
STGUSDT,1M_MA10,1M,10,10,2026-06-01,0.2019,0.19066,5.895311024861005,15.64964212058715,pass,1.5333974181874777,-15.137528925274932,0.5484382712578174,0.9660029394450911
STGUSDT,1M_MA20,1M,20,10,2026-06-01,0.2019,0.21711,-7.005665330938237,-0.2183054898085679,ma_not_rising,0.9344509150820942,-13.864080650376348,0.8242559243799544,0.9938449223023792
STORJUSDT,1d_MA20,1d,20,10,2026-06-15,0.0794,0.08466,-6.213087644696436,-2.689655172413785,low_a,0.057883615122432334,-2.2129863847742977,2.1239808153477044,0.999257700789309
STORJUSDT,1w_MA10,1w,10,10,2026-06-15,0.0794,0.09575,-17.075718015665796,-3.1556589460908224,low_r2,-0.21458061203263193,2.3612612967165885,0.6113375384117762,0.803222455045826
STORJUSDT,1w_MA20,1w,20,10,2026-06-15,0.0794,0.09507,-16.482591774481968,-3.5850109020840737,low_a,-0.08224774394640366,-0.8475687882873627,-0.5725039088675501,0.9860498682561964
STORJUSDT,1M_MA10,1M,10,10,2026-06-01,0.0794,0.12381,-35.86947742508683,-21.925841846386685,vertex_out,0.37085586335761844,-12.77828492478574,1.9142335019767154,0.9972580585718228
STORJUSDT,1M_MA20,1M,20,10,2026-06-01,0.0794,0.235935,-66.34666327590226,-12.51297834470484,vertex_out,0.3094422562381914,-8.851048668095228,1.5890684484500008,0.996058611954404
STOUSDT,1d_MA20,1d,20,10,2026-06-15,0.05128,0.05630099999999999,-8.918136445178583,-2.482072955277659,low_a,0.028731405034663392,-1.6508808887317938,3.1921726354451714,0.9990045166574456
STOUSDT,1w_MA10,1w,10,10,2026-06-15,0.05128,0.070424,-27.18391457457685,-19.79774052478134,low_a,-1.0999981385119943,7.6039707533641625,0.3840395768330985,0.9638189639513522
STOUSDT,1w_MA20,1w,20,10,2026-06-15,0.05128,0.07873749999999999,-34.87220193681536,-3.5570145085526583,low_a,-0.03398994015732863,-1.1435105943341448,-1.869034368929286,0.979037880266199
STRKUSDT,1d_MA20,1d,20,10,2026-06-15,0.036398,0.0354403,2.7022908948287627,-1.2660625857541685,low_a,0.031512660385990876,-1.2268825519041364,2.1629447002434925,0.994736224160746
STRKUSDT,1w_MA10,1w,10,10,2026-06-15,0.036398,0.0389341,-6.5138272105943145,1.598050190884015,low_r2,0.051402534143734885,0.0342180202032229,-0.03698263430136688,0.6805116521483752
STRKUSDT,1w_MA20,1w,20,10,2026-06-15,0.036398,0.03918785,-7.119170865459578,-5.94144719867028,vertex_out,0.17007622068166967,-6.114380913261301,1.9972682080601247,0.9952669703747057
STRKUSDT,1M_MA10,1M,10,10,2026-06-01,0.036398,0.0689959,-47.246140712709014,-19.468436754455166,vertex_out,1.0690810321007729,-20.469621186565664,1.0637184113133078,0.9813852832750778
STXSTOCKUSDT,1d_MA20,1d,20,10,2026-06-15,1016.48,889.2695,14.305056003832362,1.7118207303417732,low_a,0.02664529562867199,0.3219027386979892,-0.6711685894743042,0.9796781793949751
STXUSDT,1d_MA20,1d,20,10,2026-06-15,0.1934,0.202155,-4.330835250179321,-2.448969743762952,low_a,0.00022884985485205296,-1.3973114437391052,339.2111111070911,0.9977836607219485
STXUSDT,1w_MA10,1w,10,10,2026-06-15,0.1934,0.22347999999999998,-13.45981743332737,-1.6156724631301023,low_a,-0.013732810218900174,-0.3567361546863762,-1.4431623931624873,0.8904919000974344
STXUSDT,1w_MA20,1w,20,10,2026-06-15,0.1934,0.232125,-16.68282175551966,-3.0955164064456864,low_a,-0.14477142572012386,-0.2808032112578989,-0.10775730311156367,0.9722068899895112
STXUSDT,1M_MA10,1M,10,10,2026-06-01,0.1934,0.29355000000000003,-34.11684551183786,-23.371097420904242,vertex_out,0.6507222017740524,-16.756523465395627,1.4305919911166578,0.991032834226019
STXUSDT,1M_MA20,1M,20,10,2026-06-01,0.1934,0.654845,-70.46629355038215,-18.871991823334465,vertex_out,0.4616098723674838,-12.863032975650631,1.5480885177490407,0.9947995455082255
SUIUSDT,1d_MA20,1d,20,10,2026-06-15,0.7932,0.80755,-1.7769797535756249,-2.6966129673587025,low_a,0.03980370397250267,-2.1047422746416267,2.9376694804523047,0.998324533042531
SUIUSDT,1w_MA10,1w,10,10,2026-06-15,0.7932,0.94424,-15.995933237312542,-1.8216602894693068,low_r2,-0.21625117966471807,2.524657855193788,0.6485919288414953,0.7885280574574491
SUIUSDT,1w_MA20,1w,20,10,2026-06-15,0.7932,0.93118,-14.817758113361545,-4.627879942439561,low_a,-0.09750018452329082,-1.9111182097119686,-1.088954183953616,0.9852396315891151
SUIUSDT,1M_MA10,1M,10,10,2026-06-01,0.7932,1.4051500000000001,-43.55051062164183,-26.91445482963263,low_a,-0.20973496851579349,-6.701623965913299,-1.775156737979546,0.9969646005819708
SUIUSDT,1M_MA20,1M,20,10,2026-06-01,0.7932,2.36094,-66.40321227985463,-4.174851854858352,low_r2,-0.12275651391867343,1.0051813220898467,0.4549119635294115,0.6426411836942783
SUNUSDT,1d_MA20,1d,20,10,2026-06-15,0.017044,0.01762565,-3.3000201411011787,-1.7990311195054787,low_a,-0.01816407245350097,-0.6524200811402344,-1.995453396045023,0.9992768546086678
SUNUSDT,1w_MA10,1w,10,10,2026-06-15,0.017044,0.0185887,-8.30988718952912,-0.9980773430052103,low_a,-0.1707135928246659,2.6215910733668983,0.8531479310494576,0.9388551963178661
SUNUSDT,1w_MA20,1w,20,10,2026-06-15,0.017044,0.01783255,-4.421969936997227,-1.0621948513093615,low_a,-0.03977721759393546,-0.004112873920125777,-0.005744318214891427,0.9021622669357436
SUNUSDT,1M_MA10,1M,10,10,2026-06-01,0.017044,0.019111200000000002,-10.816693875842443,-4.216514221275524,low_r2,-0.07967181345281694,0.3903456251124987,0.2721899643297091,0.6699820341479438
SUPERUSDT,1d_MA20,1d,20,10,2026-06-15,0.0981,0.10103999999999999,-2.9097387173396494,-1.9837997768831772,low_a,-0.012201822873615818,-0.8936672324590978,-4.068914956011695,0.9980967934879271
SUPERUSDT,1w_MA10,1w,10,10,2026-06-15,0.0981,0.11452999999999999,-14.345586309263936,-0.7280922250151867,low_a,-0.11964268485209165,1.4891157295639503,0.6914643527493137,0.9149055668520458
SUPERUSDT,1w_MA20,1w,20,10,2026-06-15,0.0981,0.11327499999999999,-13.39660119178988,-5.784745903684607,low_a,0.07511198282637929,-4.473167914624626,3.3085177522830707,0.9983117144277068
SUPERUSDT,1M_MA10,1M,10,10,2026-06-01,0.0981,0.21216,-53.76131221719456,-34.293412617300014,vertex_out,0.13665891843311773,-13.19510954677706,5.364169787765315,0.9912747545823638
SUSDT,1d_MA20,1d,20,10,2026-06-15,0.03271,0.034382,-4.863009714385436,-3.6041213990327337,low_a,0.008258709027594286,-2.0744639025869724,13.954722730041045,0.9986636193876635
SUSDT,1w_MA10,1w,10,10,2026-06-15,0.03271,0.041032,-20.28173133164358,-3.7936694021102,low_r2,-0.29881820617009053,2.6828984951232897,0.49879797588670854,0.8043282223124553
SUSDT,1w_MA20,1w,20,10,2026-06-15,0.03271,0.041425000000000003,-21.03802051901026,-5.773036416986999,low_a,0.006178984660645244,-3.9036952201155515,35.0983160800466,0.9939003517681594
SUSHIUSDT,1d_MA20,1d,20,10,2026-06-15,0.1813,0.186405,-2.7386604436576256,-1.2031270703591002,low_a,0.03892515890093177,-1.2444010522068565,1.7760593338930446,0.9986943770963478
SUSHIUSDT,1w_MA10,1w,10,10,2026-06-15,0.1813,0.20392000000000002,-11.092585327579451,-0.9904835890464092,low_a,-0.15942623212905477,1.8308734549820984,0.6380078772802706,0.905553518035892
SUSHIUSDT,1w_MA20,1w,20,10,2026-06-15,0.1813,0.20055,-9.598603839441544,-3.7737207014850283,low_a,-0.06258250746138214,-1.7434580667681512,-1.547697358513292,0.9913785758363408
SUSHIUSDT,1M_MA10,1M,10,10,2026-06-01,0.1813,0.30434000000000017,-40.428468160609874,-27.439620437260082,vertex_out,0.34255118232563775,-12.826833728431735,2.080278541045425,0.9892015340620246
SUSHIUSDT,1M_MA20,1M,20,10,2026-06-01,0.1813,0.59168,-69.35843699296917,-8.494366730848057,vertex_out,0.3814352412191043,-8.354014082960399,1.2167514779558728,0.9944378362483335
SXTUSDT,1d_MA20,1d,20,10,2026-06-15,0.00823,0.009674,-14.9266074012818,-3.428999251310205,low_a,0.0017778102863098284,-1.6533563098986028,51.666439909265115,0.9993158084766472
SXTUSDT,1w_MA10,1w,10,10,2026-06-15,0.00823,0.01235,-33.36032388663968,-11.577289324837125,low_a,-0.1201900576235137,-2.651569919147043,-1.2256374850409775,0.9978291688864194
SXTUSDT,1w_MA20,1w,20,10,2026-06-15,0.00823,0.0153005,-46.210908140256855,-10.669663708547416,low_a,-0.161882961476847,-2.3627010264881965,-0.8108399237371655,0.9995754656618474
SYNUSDT,1d_MA20,1d,20,10,2026-06-15,0.04963,0.040215,23.41166231505658,0.03358083653595134,vertex_out,0.12662158492949066,-2.7306235667763548,1.1980683178924671,0.976179287656189
SYNUSDT,1w_MA10,1w,10,10,2026-06-15,0.04963,0.048097999999999995,3.185163624267129,-1.379918394127655,low_r2,-0.20700368176405098,1.9552691094660999,0.5247542493510855,0.7996489726136193
SYNUSDT,1w_MA20,1w,20,10,2026-06-15,0.04963,0.048029499999999996,3.332327007360081,-4.299875466998781,low_a,-0.19758541647429737,0.8000259934200598,0.22494518733430077,0.9704364179595981
SYNUSDT,1M_MA10,1M,10,10,2026-06-01,0.04963,0.065239,-23.92587256089149,-18.384937761931564,vertex_out,2.0661148632505975,-33.1377735104376,0.8910382718752269,0.9790030915732767
SYRUPUSDT,1d_MA20,1d,20,10,2026-06-15,0.1448,0.14248,1.628298708590692,-3.641835458019138,low_a,0.05723061443445134,-2.708090804103665,2.6288288288287815,0.9998657883481364
SYRUPUSDT,1w_MA10,1w,10,10,2026-06-15,0.1448,0.19587000000000002,-26.07341604125185,-6.954538976770708,low_a,-0.3563326283045136,1.5385355213993746,0.2398719310100738,0.9754846136735688
SYRUPUSDT,1w_MA20,1w,20,10,2026-06-15,0.1448,0.21481500000000003,-32.593161557619354,-6.774438537485072,low_a,-0.2551906135416957,-0.5947235555054184,-0.12947262075797453,0.9865866681572298
TACUSDT,1d_MA20,1d,20,10,2026-06-15,0.015664,0.01715355,-8.683625255413595,-0.5741163650696102,low_a,0.01718256610429473,-0.5672730308494747,1.8341363093984693,0.9888212004380219
TACUSDT,1w_MA10,1w,10,10,2026-06-15,0.015664,0.0165076,-5.110373403765534,16.253978985323524,low_a,-0.18514138013828924,15.316237307812955,4.595958353668443,0.9958010144178843
TACUSDT,1w_MA20,1w,20,10,2026-06-15,0.015664,0.0103379,51.52013465017073,13.115408813633533,low_a,-0.10753107838039834,10.532182040637462,5.441415015015043,0.9960867296713618
TAGUSDT,1d_MA20,1d,20,10,2026-06-15,0.00093,0.00113084,-17.760249018428766,-4.495914532440947,low_a,-0.1830130573075904,0.34886286077825673,0.10590102328416026,0.9905921610276318
TAGUSDT,1w_MA10,1w,10,10,2026-06-15,0.00093,0.0011067800000000001,-15.972460651620024,3.7311264609126926,low_a,-0.49140498581096753,11.980889104363492,1.3544936853743268,0.9899222971833979
TAGUSDT,1w_MA20,1w,20,10,2026-06-15,0.00093,0.0008142100000000001,14.221146878569414,7.629975280572121,low_a,-0.04936017585717599,6.139308983835754,6.90987654320975,0.9944223307257559
TAIKOUSDT,1d_MA20,1d,20,10,2026-06-15,0.088,0.09346499999999999,-5.84710854330498,-2.1718651873560924,low_a,-0.006750469417256551,-1.0926182866870198,-8.992117758786332,0.9977339209102115
TAIKOUSDT,1w_MA10,1w,10,10,2026-06-15,0.088,0.10619,-17.12967322723421,-4.941366037060247,low_a,-0.18164601298848038,0.37324306842765015,0.1141545893719856,0.9926406070084225
TAIKOUSDT,1w_MA20,1w,20,10,2026-06-15,0.088,0.11311,-22.19962868004598,-6.011882504466315,low_a,-0.08467157879260083,-1.8578189211971643,-1.2189705655724792,0.997281637031403
TAIKOUSDT,1M_MA10,1M,10,10,2026-06-01,0.088,0.16504,-46.67959282598159,-28.07147526694269,vertex_out,1.6808098217006617,-31.179020695219865,1.0305555060646168,0.9945874482191939
TAOUSDT,1d_MA20,1d,20,10,2026-06-15,266.16,232.7,14.379028792436621,-0.44302213399334267,low_a,0.07100232532379086,-1.620119690048012,1.2676577708780066,0.9820489460173638
TAOUSDT,1w_MA10,1w,10,10,2026-06-15,266.16,264.474,0.6374917761292398,-1.1980678494177721,low_a,-0.5252010980753476,5.7357060580648875,0.6067206213522529,0.9116462436031422
TAOUSDT,1w_MA20,1w,20,10,2026-06-15,266.16,247.6165,7.488798202058433,2.574761496431255,low_r2,-0.030741494055390544,0.6317157105879919,1.141626922609978,0.6228191382177213
TAOUSDT,1M_MA10,1M,10,10,2026-06-01,266.16,274.899,-3.1789857365796093,-5.075656599838396,low_a,-0.033192695469440106,-2.8005338865719214,-4.687332972518207,0.9798106447013906
THETAUSDT,1d_MA20,1d,20,10,2026-06-15,0.1643,0.1681,-2.260559190957767,-1.6095990635059954,low_a,0.04430141946732382,-1.574767217740219,1.9748140963465914,0.9981934059215142
THETAUSDT,1w_MA10,1w,10,10,2026-06-15,0.1643,0.19322,-14.967394679639789,0.4366358249298319,low_a,-0.08042725811223389,1.7570733049393172,1.213707714261758,0.9717277171479686
THETAUSDT,1w_MA20,1w,20,10,2026-06-15,0.1643,0.185195,-11.282702016793111,-4.053984043104341,low_a,-0.039822820765975084,-2.085317170782299,-2.9091599164500637,0.9911530701716336
THETAUSDT,1M_MA10,1M,10,10,2026-06-01,0.1643,0.28816,-42.983064963908944,-29.69478127211066,vertex_out,1.1183825469927093,-23.215642478297998,1.1532350168813996,0.9854015816613646
THETAUSDT,1M_MA20,1M,20,10,2026-06-01,0.1643,0.7918299999999999,-79.25059671899271,-12.065787135749828,vertex_out,0.395888445331107,-10.563337298744662,1.4823672655100075,0.9971387296763118
THEUSDT,1d_MA20,1d,20,10,2026-06-15,0.0699,0.07565000000000001,-7.600793126239269,-2.0648585668975317,low_a,0.04641297696464222,-1.8806425121182728,2.25109756785737,0.9978883053800289
THEUSDT,1w_MA10,1w,10,10,2026-06-15,0.0699,0.08856,-21.07046070460704,-6.037135278514594,vertex_out,0.9442742261107877,-16.96741558566567,0.9982631878941627,0.9957382632563792
THEUSDT,1w_MA20,1w,20,10,2026-06-15,0.0699,0.14238,-50.90602612726507,-9.840425531914887,low_a,-0.21832890475602854,-1.5735180944691503,-0.4003944050039439,0.998713376435225
THEUSDT,1M_MA10,1M,10,10,2026-06-01,0.0699,0.18492,-62.19987021414666,-23.570985740855544,vertex_out,1.3380826808081225,-21.6029862291844,0.8969295536330585,0.8878003345669139
TIAUSDT,1d_MA20,1d,20,10,2026-06-15,0.3694,0.356,3.764044943820233,-3.005203934283307,low_a,-0.020653761326956697,-1.0704900100115833,-2.8794594011912498,0.9983535375585886
TIAUSDT,1w_MA10,1w,10,10,2026-06-15,0.3694,0.37597,-1.747479852115863,3.9165284687672886,low_a,-0.007939599295759629,2.0238137165437338,14.161180076630494,0.9845729093102847
TIAUSDT,1w_MA20,1w,20,10,2026-06-15,0.3694,0.345385,6.953110297204579,-0.9449925433061779,low_a,0.027660452514520695,-1.9143633212307571,3.8449666646025253,0.974466824541926
TIAUSDT,1M_MA10,1M,10,10,2026-06-01,0.3694,0.54859,-32.663737946371604,-31.36104299084129,vertex_out,1.510051447543289,-30.61236521552626,1.1262443800739257,0.9989583209030771
TIAUSDT,1M_MA20,1M,20,10,2026-06-01,0.3694,1.9756400000000003,-81.30226154562573,-19.58597138187953,vertex_out,1.0667769447840334,-20.976691307077978,1.0924230646154776,0.9956614348080565
TLMUSDT,1d_MA20,1d,20,10,2026-06-15,0.001013,0.00119565,-15.276209593108348,-2.879538623994815,vertex_out,0.12858285300874228,-3.4050558580829984,1.4711897073915319,0.9985658683282183
TLMUSDT,1w_MA10,1w,10,10,2026-06-15,0.001013,0.0015355,-34.02800390752198,-6.71324422843258,low_a,-0.3884439984960118,2.7047881838659418,0.386840859420093,0.9726247091663061
TLMUSDT,1w_MA20,1w,20,10,2026-06-15,0.001013,0.0015987999999999998,-36.639979984988734,-5.669951029559261,low_a,-0.21164320315364074,-0.10474194023299653,-0.02749437068095527,0.9876034721972752
TLMUSDT,1M_MA10,1M,10,10,2026-06-01,0.001013,0.0021484,-52.848631539750514,-23.503649635036506,vertex_out,0.8409200414575385,-18.56125368444916,1.2262530435829126,0.9883550186423911
TLMUSDT,1M_MA20,1M,20,10,2026-06-01,0.001013,0.00476415,-78.7370254924803,-15.844837179724959,vertex_out,0.5981951737806074,-14.316801709022295,1.329629371124234,0.9977320000972496
TNSRUSDT,1d_MA20,1d,20,10,2026-06-15,0.03056,0.0322795,-5.326910268126839,-2.477378812368769,low_a,0.01722958293869242,-1.51936196340923,4.899073777208061,0.9986443309755542
TNSRUSDT,1w_MA10,1w,10,10,2026-06-15,0.03056,0.03635,-15.928473177441537,-3.8232570445826175,low_a,-0.0053594374179246045,-1.5297530903325907,-15.857314148686381,0.9876898836889243
TNSRUSDT,1w_MA20,1w,20,10,2026-06-15,0.03056,0.039649000000000004,-22.923655073267934,-5.48284822045817,vertex_out,0.22534265751973448,-6.303360669713663,1.5540187007970896,0.9985291639950078
TNSRUSDT,1M_MA10,1M,10,10,2026-06-01,0.03056,0.06067600000000001,-49.634122222954716,-22.152369710810593,vertex_out,1.9058280421840361,-31.73879673933498,0.9251970516174932,0.9859465937927424
TONUSDT,1d_MA20,1d,20,10,2026-06-14,1.7551,1.76786,-0.7217766112701196,-0.617814880400247,low_a,0.04455477827973726,-1.091851255402587,1.3614342932440961,0.9862984849151663
TONUSDT,1w_MA10,1w,10,10,2026-06-08,1.7551,1.6907800000000002,3.804161392966554,6.190099358128909,vertex_out,0.2580783210216633,0.9769951119823517,-0.21031408607422575,0.9506688653690389
TONUSDT,1w_MA20,1w,20,10,2026-06-08,1.7551,1.4993500000000002,17.05739153633241,0.963270473285327,low_r2,0.05013929633531294,0.023789275872615905,-0.026359094242747343,0.6483219050463294
TONUSDT,1M_MA10,1M,10,10,2026-06-01,1.7551,1.7072100000000003,2.8051616379941358,-15.130048320706313,vertex_out,0.41181551432582164,-11.985344811977669,1.6168708229566688,0.9985902979780763
TONUSDT,1M_MA20,1M,20,10,2026-06-01,1.7551,2.878565,-39.02864795479692,-10.71517745675048,low_a,-0.11611971442711552,-4.674123813210718,-2.2362571804408087,0.9863379336367863
TOSHIUSDT,1d_MA20,1d,20,10,2026-06-15,0.000133,0.00013464500000000002,-1.2217312191318053,-1.7333236023937992,low_a,0.07353576052572693,-2.012211632290027,1.5202064183196076,0.9980628553138828
TOSHIUSDT,1w_MA10,1w,10,10,2026-06-15,0.000133,0.00016084999999999998,-17.3142679515076,-4.55138855922147,low_a,-0.1108642300604838,-1.158988300033947,-0.5807846124547725,0.9880311684660121
TOSHIUSDT,1w_MA20,1w,20,10,2026-06-15,0.000133,0.000179355,-25.845390426807157,-5.736584853103488,low_a,0.06554750625431334,-4.514801786400816,3.826573058226859,0.9960119856931554
TOWNSUSDT,1d_MA20,1d,20,10,2026-06-15,0.002347,0.0025686499999999996,-8.629046386233997,-3.379725409065293,low_a,0.027762587227077046,-2.0927613422899363,4.187812831172808,0.9997266642154927
TOWNSUSDT,1w_MA10,1w,10,10,2026-06-15,0.002347,0.0030283000000000003,-22.497771026648618,-4.952763566743023,low_a,-0.2201122105119123,0.5700017742711418,0.14386646321727745,0.958202310907533
TOWNSUSDT,1w_MA20,1w,20,10,2026-06-15,0.002347,0.0033105,-29.104364899561997,-8.861909481334651,low_a,-0.043892191875308406,-3.5231753965602555,-4.459380088185546,0.9956348910841837
TQQQUSDT,1d_MA20,1d,20,10,2026-06-15,84.45,79.7345,5.914002094450965,0.053330321738687125,low_r2,0.003655305314868783,-0.15146979163831487,2.3021301093840107,0.8140850622502389
TRADOORUSDT,1d_MA20,1d,20,10,2026-06-15,0.5178,0.43081499999999995,20.190801155948623,-0.749879051765856,vertex_out,0.12853853835978765,-3.116374685054297,1.3469262149446068,0.9874973687128829
TRBUSDT,1d_MA20,1d,20,10,2026-06-15,14.004,14.593699999999998,-4.040784722174628,-2.3365689945358703,low_a,0.015529820703563318,-1.4995908842226595,5.36455676271401,0.9987776438686481
TRBUSDT,1w_MA10,1w,10,10,2026-06-15,14.004,16.9371,-17.317604548594513,-1.2563692967829887,low_a,-0.3068619020700249,3.936899896201359,0.71275273803838,0.9774717851634891
TRBUSDT,1w_MA20,1w,20,10,2026-06-15,14.004,15.942000000000002,-12.15656755739557,-2.0764678241160017,low_a,-0.1235895696983561,0.11027194960629241,0.049569065071785635,0.9683889671338716
TRBUSDT,1M_MA10,1M,10,10,2026-06-01,14.004,19.2857,-27.386612878972507,-16.875923986362718,vertex_out,0.14461394174975936,-8.406862350186193,3.229618823002967,0.9886598871074023
TREEUSDT,1d_MA20,1d,20,10,2026-06-15,0.04729,0.051356,-7.91728327751382,-3.106457242582883,low_a,0.013014932415638348,-1.8005321199230682,7.6857534886432255,0.9991777002069444
TREEUSDT,1w_MA10,1w,10,10,2026-06-15,0.04729,0.060719999999999996,-22.117918313570485,-3.256643936014303,low_a,-0.13874719342927624,0.644205095261528,0.2579451956786184,0.9650331933534743
TREEUSDT,1w_MA20,1w,20,10,2026-06-15,0.04729,0.0627205,-24.602004129431364,-5.3018178523976385,low_a,-0.03202323440302182,-2.746897799338794,-4.765459708910581,0.9957245002528812
TRIAUSDT,1d_MA20,1d,20,10,2026-06-15,0.022554,0.030002149999999998,-24.825387513894825,-5.379723381675571,low_a,-0.021936744863385427,-2.403137496336674,-6.086027782007352,0.9995398510701661
TRIAUSDT,1w_MA10,1w,10,10,2026-06-15,0.022554,0.0342207,-34.09252294663756,-1.0318848962475702,low_a,-0.7576615442666356,9.682722875706038,0.7099859465231455,0.9668319943914293
TRUMPUSDT,1d_MA20,1d,20,10,2026-06-15,1.99,1.8776,5.986365573072017,-0.08780098443529338,ma_not_rising,0.1032207835042619,-1.4236334066674512,0.7662288749396365,0.974677708735047
TRUMPUSDT,1w_MA10,1w,10,10,2026-06-15,1.99,2.2099,-9.950676501199162,-6.774941995359618,low_a,-0.013955505795922897,-4.1071053557404795,-16.350000000001476,0.9914301114932189
TRUMPUSDT,1w_MA20,1w,20,10,2026-06-15,1.99,2.7201000000000004,-26.840924965993906,-8.159027601924517,low_a,0.002072490948099538,-4.506888240998627,120.81243601332913,0.9983101242148514
TRUSTUSDT,1d_MA20,1d,20,10,2026-06-15,0.05105,0.05569949999999999,-8.347471700823162,-3.5155641012316274,low_a,-0.018951533487894166,-1.4858794784618459,-4.355787882140379,0.9994809810119509
TRUSTUSDT,1w_MA10,1w,10,10,2026-06-15,0.05105,0.06385199999999999,-20.04948944434003,-4.793713748937645,low_r2,-0.12838617336669275,0.502799616386457,0.2175725881453569,0.8451533289242954
TRUSTUSDT,1w_MA20,1w,20,10,2026-06-15,0.05105,0.066713,-23.478182663049175,-5.581895636667289,low_a,-0.01100178394880703,-2.7856244453029633,-14.066529060018794,0.997003327686027
TRXUSDT,1d_MA20,1d,20,10,2026-06-15,0.31794,0.3316215,-4.125637209891398,-1.5965780618512504,low_a,-0.023900520936757416,-0.4206386574136519,-0.9777533453180409,0.9996738460816684
TRXUSDT,1w_MA10,1w,10,10,2026-06-15,0.31794,0.337826,-5.886462261637648,0.0014800737668796415,low_a,-0.1383509067119043,2.5480698483563455,1.0231912416343896,0.9785074268433972
TRXUSDT,1w_MA20,1w,20,10,2026-06-15,0.31794,0.3182635,-0.10164533476191284,0.9475824357071172,low_a,-0.04564180659408032,1.2195909593604053,1.4844954298234994,0.9880731673606448
TRXUSDT,1M_MA10,1M,10,10,2026-06-01,0.31794,0.30721299999999996,3.4917142178228167,0.1254774662025504,low_a,-0.05440554971453659,1.779429730130177,1.817042705168011,0.9811877673723488
TRXUSDT,1M_MA20,1M,20,10,2026-06-01,0.31794,0.28568849999999996,11.289043836206236,6.420106275388449,low_a,0.025168001750209706,3.19726937398839,-7.057615383835879,0.9997428670166618
TSLAUSDT,1d_MA20,1d,20,10,2026-06-15,409.0,412.98699999999997,-0.9654056907360209,-0.5844757651986554,low_a,-0.012192524334370234,-0.16308579690854466,-0.74310469284314,0.9834856252005728
TSLAUSDT,1w_MA10,1w,10,10,2026-06-15,409.0,409.74000000000007,-0.18060233318691887,2.8419972039345875,vertex_out,0.1364904910327127,-0.3972305721678254,0.16168426791830953,0.9754720578593628
TSLAUSDT,1w_MA20,1w,20,10,2026-06-15,409.0,397.949,2.7769890111546847,-0.7219784304577925,low_a,0.04016355253530401,-0.8366900870943025,1.1573374286423364,0.9841333380573513
TSMUSDT,1d_MA20,1d,20,10,2026-06-15,440.4,425.578,3.4827928135382935,0.4817755216480091,low_a,-0.00355385869756639,0.23479087918442682,3.670359134256063,0.9832627039318894
TURBOUSDT,1d_MA20,1d,20,10,2026-06-15,0.000908,0.0009403,-3.435073912581099,-1.9703919933277692,low_a,0.029837669360214317,-1.5874326023066387,2.95568326947615,0.9976345196283216
TURBOUSDT,1w_MA10,1w,10,10,2026-06-15,0.000908,0.0010808,-15.988156920799412,-1.4318285453716162,low_a,-0.2780403402585317,3.1792552166231927,0.6352505886310137,0.9005389544611428
TURBOUSDT,1w_MA20,1w,20,10,2026-06-15,0.000908,0.0010502999999999999,-13.548509949538223,-3.6200963523744134,low_a,0.03559187474713737,-3.254140616849499,5.079406215867082,0.9905178523929087
TURBOUSDT,1M_MA10,1M,10,10,2026-06-01,0.000908,0.0015593,-41.768742384403254,-29.337925408981736,vertex_out,0.1355124512399275,-11.329497094736922,4.6447134525577125,0.9781853829614048
TUSDT,1d_MA20,1d,20,10,2026-06-15,0.003864,0.0041984,-7.9649390243902385,-3.0224634751977897,low_a,0.021799922123044158,-1.8855559676667295,4.8052056664957705,0.9992845552093107
TUSDT,1w_MA10,1w,10,10,2026-06-15,0.003864,0.005186,-25.491708445815654,-7.90104601395869,low_a,-0.21547759861635854,-0.2356212373902774,-0.060749093306957484,0.9942205044114826
TUSDT,1w_MA20,1w,20,10,2026-06-15,0.003864,0.00583035,-33.72610563688286,-6.736037239360481,low_a,-0.07129058206081772,-2.432275172157659,-1.8954312694196755,0.9971182594407526
TUSDT,1M_MA10,1M,10,10,2026-06-01,0.003864,0.0081788,-52.75590551181102,-22.886613490222697,low_a,0.049026310963557904,-8.647543017908998,9.79920877399084,0.996479281467168
TUTUSDT,1d_MA20,1d,20,10,2026-06-15,0.01041,0.0101725,2.334725976898522,0.31556629357525345,low_a,0.05849948740841176,-0.8525838062473371,0.8096783256075185,0.9672111893258327
TUTUSDT,1w_MA10,1w,10,10,2026-06-15,0.01041,0.011038,-5.689436492118127,3.0433159073935734,low_a,0.004003215382594755,1.281043479577354,-17.777979797982383,0.9502046116119092
TUTUSDT,1w_MA20,1w,20,10,2026-06-15,0.01041,0.0104725,-0.5968011458581834,-1.883168595118745,low_a,-0.12795659456132422,-0.5965792759151035,-0.25901981230447996,0.9506880512978861
UAIUSDT,1d_MA20,1d,20,10,2026-06-15,0.32713,0.284687,14.908654065693172,2.0237241972477005,low_a,-0.04032521063670433,1.1826495246571647,1.6293219634180736,0.9617110825611028
UAIUSDT,1w_MA10,1w,10,10,2026-06-15,0.32713,0.28088799999999997,16.462789439207093,7.523522971741814,low_r2,0.10949343752355248,-0.4077575319314089,0.20689090351683234,0.25481685914312446
UAIUSDT,1w_MA20,1w,20,10,2026-06-15,0.32713,0.267371,22.350591500200068,4.877489100226917,low_a,-0.04719501915905132,2.869823943155775,3.378209530360513,0.9955097123049088
UBUSDT,1d_MA20,1d,20,10,2026-06-15,0.11354,0.14335,-20.795256365538894,-5.212800074057656,low_r2,-0.2064787275501698,1.8633723839725205,0.5013624852628952,0.6415000815910507
UBUSDT,1w_MA10,1w,10,10,2026-06-15,0.11354,0.121969,-6.910772409382703,18.606505567170693,vertex_out,0.4101877926967769,11.31711294011483,-1.5327820765690632,0.9879634710086432
UBUSDT,1w_MA20,1w,20,10,2026-06-15,0.11354,0.0769895,47.47465563485929,11.930186745367699,vertex_out,0.22277871758668985,7.488396567535251,-1.8674226875727011,0.9855567923689171
UMAUSDT,1d_MA20,1d,20,10,2026-06-15,0.4263,0.407435,4.630186410102222,-0.7816970862910777,low_a,0.035189887193184964,-1.114791450710278,1.7599618331481162,0.9955669074895188
UMAUSDT,1w_MA10,1w,10,10,2026-06-15,0.4263,0.44627999999999995,-4.477009948910982,0.9180950658043363,low_a,-0.04345552199717459,0.9875671025830199,1.2625516047409862,0.9150316497136922
UMAUSDT,1w_MA20,1w,20,10,2026-06-15,0.4263,0.439635,-3.033197993790304,-4.08312425002727,low_a,-0.0027222959894628793,-2.739658526765602,-55.90988344989196,0.9953358057153877
UMAUSDT,1M_MA10,1M,10,10,2026-06-01,0.4263,0.64983,-34.398227228659806,-21.454558640445775,vertex_out,0.34921196438349467,-11.420671035693458,1.816895722130592,0.9883571561564692
UNHUSDT,1d_MA20,1d,20,10,2026-06-15,411.49,394.8565,4.212543037787153,0.7236884899858298,low_a,0.005926256312446928,0.23261509363706562,-2.1806449259496974,0.9954633670158851
UNHUSDT,1w_MA10,1w,10,10,2026-06-15,411.49,378.951,8.586598267322154,6.6956668637553785,vertex_out,0.12688876300801663,1.9703807726931761,-0.8626894603428231,0.9992009372705878
UNHUSDT,1w_MA20,1w,20,10,2026-06-15,411.49,331.4045,24.165483570681758,2.662084005811449,low_a,0.05178749615822118,0.2830532924896109,-0.30364825648349375,0.9913110391196082
UNIUSDT,1d_MA20,1d,20,10,2026-06-15,2.84,2.7163,4.553988881934989,-2.0641416235510412,low_a,0.05271427857923566,-2.0959176265471684,2.208886686488306,0.9975435990334819
UNIUSDT,1w_MA10,1w,10,10,2026-06-15,2.84,3.1606,-10.143643611972418,-2.2605683891517403,low_a,-0.11977607719615702,-0.0033082306603540454,-0.001534451591204627,0.9656869242350276
UNIUSDT,1w_MA20,1w,20,10,2026-06-15,2.84,3.32345,-14.546630760204005,-4.370782798854799,low_a,0.029020206296549143,-3.2812016725390523,6.281450240048829,0.9964562582947317
UNIUSDT,1M_MA10,1M,10,10,2026-06-01,2.84,4.539199999999999,-37.43390905886499,-22.38826385801732,low_a,-0.09850664142053149,-4.614500972638356,-2.6024759493337326,0.9527717902855373
UNIUSDT,1M_MA20,1M,20,10,2026-06-01,2.84,6.7027,-57.629015172989995,-6.384256543478861,low_a,0.05964889769850197,-3.412515812050454,3.178335545089914,0.9947831154120859
USARUSDT,1d_MA20,1d,20,10,2026-06-15,23.06,24.916,-7.44902873655483,-1.6499565800899951,low_a,-0.07095544925733918,0.16773383544141038,0.1313295386181751,0.9738541808324561
USDCUSDT,1d_MA20,1d,20,10,2026-06-15,0.9997,0.99997,-0.027000810024302435,-0.004999900001989577,low_a,-7.764712808812366e-05,-0.000843512947579477,-0.6035230352357321,0.9681213297887332
USDCUSDT,1w_MA10,1w,10,10,2026-06-15,0.9997,0.9996499999999999,0.005001750612732003,0.009003961743170308,low_r2,0.00042447121422877594,9.095811732458191e-05,-0.011904761903432695,0.7814353110915194
USDCUSDT,1w_MA20,1w,20,10,2026-06-15,0.9997,0.9995749999999999,0.012505314758781694,-0.0035013655325655257,low_r2,-4.926195660838357e-05,0.00023418376296208812,0.2641025641120235,0.25687890734087837
USDCUSDT,1M_MA10,1M,10,10,2026-06-01,0.9997,0.99976,-0.006001440345682063,0.017006972858890634,low_a,0.0012808960851910978,-0.00897536771646037,0.38928336620605924,0.8921689382857483
USDCUSDT,1M_MA20,1M,20,10,2026-06-01,0.9997,0.999725,-0.0025006876891109364,-0.0025006251562986748,low_a,-3.7884167411485277e-06,-0.0030208835109169544,-44.300000022365225,0.9179024926104214
USELESSUSDT,1d_MA20,1d,20,10,2026-06-15,0.07477,0.0721245,3.6679630361389215,-0.6488005454883705,low_a,-0.052103855145431976,0.1085745144945887,0.11576720100816616,0.859591882706177
USELESSUSDT,1w_MA10,1w,10,10,2026-06-15,0.07477,0.059621,25.408832458361985,15.087346781198718,vertex_out,0.6295594334259274,0.08155656296655964,-0.007196969696971377,0.9950936582622677
USELESSUSDT,1w_MA20,1w,20,10,2026-06-15,0.07477,0.0483195,54.740839619615265,5.221954857746369,pass,0.32703155994346483,-4.950496904969719,0.8409818485995544,0.9394054500949539
USTCUSDT,1d_MA20,1d,20,10,2026-06-15,0.00626,0.0061565,1.6811500040607497,-0.056818181818185653,low_a,0.008754633221276061,-0.2262123758923674,1.4355089355086463,0.9260504265518081
USTCUSDT,1w_MA10,1w,10,10,2026-06-15,0.00626,0.006279999999999999,-0.31847133757960666,5.263157894736814,low_a,-0.020347627918751957,3.275748861217938,8.943845866069056,0.9947604315452787
USTCUSDT,1w_MA20,1w,20,10,2026-06-15,0.00626,0.00552,13.405797101449291,0.5556061572092208,low_r2,0.049516757287440594,-0.8066092585377898,0.9049789996181283,0.8129047367123942
USUALUSDT,1d_MA20,1d,20,10,2026-06-15,0.01024,0.010990000000000022,-6.824385805277711,-2.9794747296402413,low_a,0.046023917463711546,-2.1367927450052933,2.579326458888455,0.9987616254075057
USUALUSDT,1w_MA10,1w,10,10,2026-06-15,0.01024,0.012986000000000001,-21.14584937625135,-2.8212227793160127,low_r2,-0.21914023960535606,1.7634841437632138,0.44707143469685245,0.773095473220213
USUALUSDT,1w_MA20,1w,20,10,2026-06-15,0.01024,0.0132345,-22.626468699233058,-8.132028321532692,low_a,-0.12197092629774667,-2.8552926983168865,-1.3005342907824293,0.9956003303661723
USUSDT,1d_MA20,1d,20,10,2026-06-15,0.014502,0.0113621,27.634856232562633,6.962579430454219,low_a,-0.0005323798518201627,3.4040846095712842,355.2272141710054,0.9990429333934693
USUSDT,1w_MA10,1w,10,10,2026-06-15,0.014502,0.007903299999999999,83.49297129047362,25.024519884835627,vertex_out,1.0064702441518942,-0.6795282319648644,0.037508876851400565,0.9931314788854759
VANAUSDT,1d_MA20,1d,20,10,2026-06-15,1.162,1.21415,-4.295185932545409,-2.743511694969547,low_a,0.01663612146571245,-1.686891062597728,5.63329441525599,0.9988218501358717
VANAUSDT,1w_MA10,1w,10,10,2026-06-15,1.162,1.3743,-15.44786436731428,-1.307001795332119,low_r2,-0.09314231091287438,1.0662571698173633,0.6359785241930274,0.6520053458050703
VANAUSDT,1w_MA20,1w,20,10,2026-06-15,1.162,1.37735,-15.635096380731127,-5.473200192162508,low_a,0.06783315505343254,-3.9302892858189624,3.218918603973605,0.9988310500702546
VANRYUSDT,1d_MA20,1d,20,10,2026-06-15,0.003605,0.0038979,-7.514302573180432,-2.9588597746934564,low_a,0.03183409256068266,-2.0335114025306864,3.5488008800878665,0.9993129269458678
VANRYUSDT,1w_MA10,1w,10,10,2026-06-15,0.003605,0.0046967,-23.243979815615212,-5.907925314528417,low_a,-0.2725828413901802,1.5312226321400588,0.3120809937042708,0.9151619257716634
VANRYUSDT,1w_MA20,1w,20,10,2026-06-15,0.003605,0.00499785,-27.868983662975076,-5.927250482330237,low_a,-0.09868899724889879,-2.2128348499337744,-1.2456836412139856,0.9904208828913915
VANRYUSDT,1M_MA10,1M,10,10,2026-06-01,0.003605,0.008628300000000002,-58.218884368879166,-36.36289882436239,vertex_out,1.3582349629555255,-27.79969048976677,1.137084003544428,0.9800658703489442
VELODROMEUSDT,1d_MA20,1d,20,10,2026-06-15,0.016256,0.01447715,12.287294115209146,-0.8142641819676499,low_a,-0.005303921991589934,-0.7143842120670167,-7.482766874104011,0.9793062106277773
VELODROMEUSDT,1w_MA10,1w,10,10,2026-06-15,0.016256,0.0158258,2.7183459919877473,1.2300508523363174,low_a,-0.10810787436135315,1.7218164245738334,0.8848242424242438,0.937292877791482
VELODROMEUSDT,1w_MA20,1w,20,10,2026-06-15,0.016256,0.015204500000000001,6.915715742050033,-1.4461095698617976,low_a,0.030111410133663422,-2.1022654338516142,3.878679994873366,0.9760076845277653
VELVETUSDT,1d_MA20,1d,20,10,2026-06-15,0.37111,0.3112415,19.235384741430693,9.539621871216575,low_a,-0.05529793403081187,13.38458056236094,13.446936527605663,0.9444858665246394
VELVETUSDT,1w_MA10,1w,10,10,2026-06-15,0.37111,0.166638,122.70430514048414,53.117706514747766,vertex_out,1.8069408725637341,-8.612084689396745,0.26478406497723106,0.9384456404737898
VELVETUSDT,1w_MA20,1w,20,10,2026-06-15,0.37111,0.12464299999999999,197.7383407010422,24.58942654658496,pass,1.0986039702227297,-9.757692127608612,0.49343896598103854,0.8785526243750209
VETUSDT,1d_MA20,1d,20,10,2026-06-15,0.005264,0.00534255,-1.4702716867413534,-2.376384168402601,low_a,0.026467127827237823,-1.7041967210058369,3.577176799441036,0.9991324047717101
VETUSDT,1w_MA10,1w,10,10,2026-06-15,0.005264,0.006407899999999999,-17.85140217543969,-5.606540472858523,low_a,-0.21346400898363221,0.8662377916458118,0.22544466389081397,0.9525969825408063
VETUSDT,1w_MA20,1w,20,10,2026-06-15,0.005264,0.00683515,-22.986328024988477,-5.338199041630897,low_a,-0.054096902467132876,-2.4796280591141002,-2.546488026350927,0.9951363580355952
VETUSDT,1M_MA10,1M,10,10,2026-06-01,0.005264,0.0101535,-48.15580834195106,-26.116063307258507,vertex_out,0.40443574803932464,-14.025242837538707,1.9265857714567731,0.9945687600649383
VETUSDT,1M_MA20,1M,20,10,2026-06-01,0.005264,0.0203289,-74.10582963170658,-7.734098248305388,vertex_out,0.2424201889486637,-6.67207866887438,1.529043594789802,0.999067419632026
VIRTUALUSDT,1d_MA20,1d,20,10,2026-06-15,0.6343,0.64532,-1.707679910741966,-2.238314182049539,low_a,0.011473722075440139,-1.1914517501909843,5.768987906826214,0.9973263065846555
VIRTUALUSDT,1w_MA10,1w,10,10,2026-06-15,0.6343,0.70575,-10.12398157987956,-0.08777269702846535,low_a,-0.19663081481454325,2.555332614612681,0.7219769859975069,0.9539835052953217
VIRTUALUSDT,1w_MA20,1w,20,10,2026-06-15,0.6343,0.67691,-6.294780694627056,-0.7390571156243197,low_a,-0.12915181089185152,0.4425416541419298,0.19036239045007922,0.861809165319099
VIRTUALUSDT,1M_MA10,1M,10,10,2026-06-01,0.6343,0.79757,-20.47093045124566,-11.21636814978907,vertex_out,0.28897524034274824,-9.705006393247363,1.8657896822149178,0.9526517994298273
VRTUSDT,1d_MA20,1d,20,10,2026-06-15,313.77,308.5865,1.6797559193289402,-0.6149837679068293,low_a,0.02131622097896491,-0.6602173186890777,1.7206961760889035,0.9959274973817427
VTHOUSDT,1d_MA20,1d,20,10,2026-06-15,0.0004127,0.00043770500000000004,-5.712751739185073,-2.068464034008277,low_a,0.021505244282872232,-1.4828694947311412,3.83076971889071,0.9987733716838015
VTHOUSDT,1w_MA10,1w,10,10,2026-06-15,0.0004127,0.00051062,-19.176687164623406,-5.075104104699591,low_a,-0.17646434299384164,0.37256750384594267,0.11729392072612803,0.9911748609507226
VTHOUSDT,1w_MA20,1w,20,10,2026-06-15,0.0004127,0.000543235,-24.02919546789143,-5.066188999082533,low_a,-0.010144093010642593,-2.57107437076718,-14.080851278942763,0.9983121060051506
VVVUSDT,1d_MA20,1d,20,10,2026-06-15,15.069,16.516399999999997,-8.763410912789693,-0.6672740996009785,low_a,-0.03575036601315961,-0.3362967600393131,-0.5226003372564123,0.9308184667561745
VVVUSDT,1w_MA10,1w,10,10,2026-06-15,15.069,14.2815,5.514126667366881,13.033946195794123,vertex_out,0.2669316917576538,7.219562991935606,-1.5025822907886732,0.9926677587091495
VVVUSDT,1w_MA20,1w,20,10,2026-06-15,15.069,9.9009,52.19828500439354,15.607321131447605,vertex_out,0.22136615479181465,7.8092744699877485,-1.9598686261411637,0.9970076543051645
WALUSDT,1d_MA20,1d,20,10,2026-06-15,0.03542,0.0429985,-17.625033431398773,-6.3876340281935455,low_a,0.03509920384392535,-3.529627488131765,5.586748260139178,0.9995135824922938
WALUSDT,1w_MA10,1w,10,10,2026-06-15,0.03542,0.05978599999999999,-40.75536078680627,-10.40074333842882,low_a,-0.41186385449747337,1.587182051028388,0.21409205894087305,0.9821178309034033
WALUSDT,1w_MA20,1w,20,10,2026-06-15,0.03542,0.067533,-47.55156738187256,-9.34924427501409,low_a,-0.1327293763306161,-3.1868790272302676,-1.333908436404571,0.9931159080822279
WAXPUSDT,1d_MA20,1d,20,10,2026-06-15,0.004641,0.00517965,-10.399351307520776,-2.8727603439061555,low_a,0.0063243784510256295,-1.5354756744850453,13.488156156155428,0.9995326961011065
WAXPUSDT,1w_MA10,1w,10,10,2026-06-15,0.004641,0.0060047,-22.710543407663998,-5.43034884636584,low_a,-0.26521371854313713,1.7844395262533044,0.3737948767539725,0.9259119043003377
WAXPUSDT,1w_MA20,1w,20,10,2026-06-15,0.004641,0.0062416,-25.64406562419892,-4.493324662407727,low_a,-0.1342472541386627,-0.34711303909271024,-0.1436458261370059,0.9904723718595981
WAXPUSDT,1M_MA10,1M,10,10,2026-06-01,0.004641,0.0082933,-44.03916414455041,-26.73892687408349,vertex_out,0.6399724739703844,-17.398630121002103,1.5103627133854276,0.9966325484249438
WAXPUSDT,1M_MA20,1M,20,10,2026-06-01,0.004641,0.01881515,-75.33370714557151,-12.670862516303016,vertex_out,0.7989683215214984,-15.628726180583024,1.0867296514766547,0.996158103672736
WCTUSDT,1d_MA20,1d,20,10,2026-06-15,0.04731,0.049322500000000005,-4.080287901059365,-2.351019600079185,low_a,0.036189638394775334,-1.8743111093925644,2.8772985745358124,0.998088302515249
WCTUSDT,1w_MA10,1w,10,10,2026-06-15,0.04731,0.05731299999999999,-17.45328285031318,-2.013985057530243,low_r2,-0.2020634757834937,1.800210103603077,0.49495175728617746,0.8451859467130798
WCTUSDT,1w_MA20,1w,20,10,2026-06-15,0.04731,0.057535,-17.771791083688193,-3.5626587105371255,low_a,-0.10339660994314727,-0.6254482758838757,-0.3360567281374007,0.9871519718259458
WETUSDT,1d_MA20,1d,20,10,2026-06-15,0.06045,0.0627895,-3.7259414392533774,-2.502290337106572,low_a,0.03322244298896354,-1.95531274589194,3.269732027803368,0.9980822432752486
WETUSDT,1w_MA10,1w,10,10,2026-06-15,0.06045,0.079774,-24.22343119312057,-9.833397382281806,low_a,-0.4736903350901523,1.8544960139658222,0.21749980672885477,0.9890112227818536
WIFUSDT,1d_MA20,1d,20,10,2026-06-15,0.1677,0.169705,-1.181461948675644,-1.5889124068543703,low_a,0.023784982220006953,-1.216085589814511,2.8404608387060994,0.996827908664026
WIFUSDT,1w_MA10,1w,10,10,2026-06-15,0.1677,0.18541999999999997,-9.556682127062876,-1.9719799101242552,low_r2,-0.024070078418486643,0.41643876263303076,0.9611720581341068,0.1643121092440588
WIFUSDT,1w_MA20,1w,20,10,2026-06-15,0.1677,0.188575,-11.06986610102082,-5.759620189905046,low_a,0.011125421457141974,-3.776314808937157,18.857287157287615,0.9947132447450447
WIFUSDT,1M_MA10,1M,10,10,2026-06-01,0.1677,0.30501,-45.01819612471722,-30.561183836084215,low_a,0.02927620831471359,-10.231508321849523,19.415667591966344,0.9721231962263984
WLDUSDT,1d_MA20,1d,20,10,2026-06-15,0.587,0.44697999999999993,31.325786388652755,4.738026056800071,low_a,-0.05186402176884255,3.101897590904594,3.3226818526956277,0.9989658354042276
WLDUSDT,1w_MA10,1w,10,10,2026-06-15,0.587,0.34979,67.81497469910518,19.582236504734873,pass,1.1091197755556714,-9.632473017873895,0.4824883675108741,0.9394341057508617
WLDUSDT,1w_MA20,1w,20,10,2026-06-15,0.587,0.344955,70.16712324795986,4.17195144047835,pass,0.4057201644024928,-6.158427091777438,0.843277875862898,0.975731924263299
WLDUSDT,1M_MA10,1M,10,10,2026-06-01,0.587,0.5409900000000001,8.504778276862757,-14.938679245283005,vertex_out,0.3574837386389739,-11.878422520309272,1.845992672986604,0.991297780658877
WLDUSDT,1M_MA20,1M,20,10,2026-06-01,0.587,0.991465,-40.79468261612866,-12.515607007822249,vertex_out,1.3719899771593655,-22.90582838093895,0.9275184530123286,0.9928454510404134
WLFIUSDT,1d_MA20,1d,20,10,2026-06-15,0.05989,0.058577500000000005,2.240621399001319,0.15045435505520732,low_a,0.02904994818221398,-0.5224924643567083,0.9992224064860957,0.9776713080111208
WLFIUSDT,1w_MA10,1w,10,10,2026-06-15,0.05989,0.063662,-5.9250416260877685,-8.209816021685224,low_a,0.08366118058475079,-5.663626153169546,3.760954545454499,0.9974341261133166
WLFIUSDT,1w_MA20,1w,20,10,2026-06-15,0.05989,0.081866,-26.84386680673295,-9.697985836881474,low_a,-0.10926192519291295,-3.4985233610102946,-1.7788667790893298,0.9974762195812386
WMTUSDT,1d_MA20,1d,20,10,2026-06-15,120.67,118.227,2.0663638593553024,0.09524656159913825,low_a,0.05155625851896852,-0.6317924148697093,0.6808015091118169,0.9503761381417627
WOOUSDT,1d_MA20,1d,20,10,2026-06-15,0.01399,0.014529,-3.70982173583867,-2.319483662767252,low_a,0.010999504614905984,-1.321063959983643,6.672340690857631,0.9990433028615497
WOOUSDT,1w_MA10,1w,10,10,2026-06-15,0.01399,0.016819,-16.820262798026043,-3.4611410859832326,low_a,-0.26104974060578273,2.260223722067426,0.4810117193294766,0.9410794660432792
WOOUSDT,1w_MA20,1w,20,10,2026-06-15,0.01399,0.016856000000000003,-17.002847650688192,-4.262630278590295,low_a,-0.11368397683265333,-1.4780391204364427,-0.722294264824715,0.9899758025299479
WOOUSDT,1M_MA10,1M,10,10,2026-06-01,0.01399,0.026022,-46.237798785642916,-29.03736023997817,vertex_out,1.1194923864520565,-23.537853010899557,1.1680816380983334,0.987503507704862
WOOUSDT,1M_MA20,1M,20,10,2026-06-01,0.01399,0.07303649999999999,-80.84519384143545,-19.767001169937547,vertex_out,0.8801367756871289,-18.205285858461778,1.149144994111776,0.9940260340123006
WUSDT,1d_MA20,1d,20,10,2026-06-15,0.01002,0.010572,-5.221339387060164,-2.133765332099069,low_a,0.031819399785637456,-1.6434610033886414,2.869425246618228,0.995972031932564
WUSDT,1w_MA10,1w,10,10,2026-06-15,0.01002,0.012029000000000001,-16.701305179150406,-4.242954943480326,vertex_out,0.10183988718126123,-4.164771397018317,2.2719603794476075,0.9961697985179802
WUSDT,1w_MA20,1w,20,10,2026-06-15,0.01002,0.0144065,-30.448061638843583,-9.614781353911805,low_a,0.06361923950741924,-6.469474451419711,5.6494741226697665,0.9973428984994243
WUSDT,1M_MA10,1M,10,10,2026-06-01,0.01002,0.033128,-69.7536826853417,-29.46086364023508,vertex_out,1.3043460892919336,-25.21202933566441,1.0738471237999079,0.9800570029199129
XAGUSDT,1d_MA20,1d,20,10,2026-06-15,70.02,70.877,-1.209136955570922,-1.0284373756344944,low_a,0.00972104255214801,-0.7491354402983945,4.281293425974847,0.9966011932265063
XAGUSDT,1w_MA10,1w,10,10,2026-06-15,70.02,74.88499999999999,-6.496628163183537,-0.6922434256766641,ma_not_rising,0.11096902336755546,-1.4418863991116937,0.7218663147581623,0.8606060982358089
XAIUSDT,1d_MA20,1d,20,10,2026-06-15,0.0081,0.008652,-6.380027739251048,-2.099009900990112,low_a,0.029323240336179557,-1.5404876237274883,2.91859442481344,0.9987572506565503
XAIUSDT,1w_MA10,1w,10,10,2026-06-15,0.0081,0.009826,-17.565642173824546,-1.8283544809671426,low_a,-0.21356582995649542,2.2633085112271547,0.5887616092914103,0.8619559462734844
XAIUSDT,1w_MA20,1w,20,10,2026-06-15,0.0081,0.009736499999999999,-16.80788784470805,-4.665622246156875,low_a,-0.06979118096238615,-2.130693341921334,-1.696086105675147,0.9928336431463707
XAIUSDT,1M_MA10,1M,10,10,2026-06-01,0.0081,0.015719,-48.47000445320949,-33.53769396642847,vertex_out,1.8244424751859643,-33.41229058031297,1.0174277297417873,0.9794469087851315
XAIUSDT,1M_MA20,1M,20,10,2026-06-01,0.0081,0.0681275,-88.11052805401637,-23.146126988961658,vertex_out,2.418696384384433,-39.381740664077554,0.9045676404293563,0.9943243809647931
XANUSDT,1d_MA20,1d,20,10,2026-06-15,0.009614,0.0092664,3.7511870845204243,-1.7775940471269291,low_a,-0.006685501901278978,-0.6227105914110346,-5.17463510848009,0.9871385871581301
XANUSDT,1w_MA10,1w,10,10,2026-06-15,0.009614,0.0090684,6.016496846191144,5.0045158750376295,low_a,-0.03690438040297663,1.6297768948043203,2.453452946067053,0.912546801927063
XANUSDT,1w_MA20,1w,20,10,2026-06-15,0.009614,0.00852815,12.732538710036746,-0.44534980096425647,vertex_out,0.2111136005830769,-5.24784933578615,1.3809966980631543,0.9900127450475347
XAUTUSDT,1d_MA20,1d,20,10,2026-06-15,4296.62,4344.949500000001,-1.11231442390759,-0.5460986779572963,low_a,0.0014065730086844058,-0.3701437550191376,14.619605110111642,0.9941291056671939
XAUTUSDT,1w_MA10,1w,10,10,2026-06-15,4296.62,4519.307,-4.927459010861623,-1.4231273684162216,low_a,0.06471873557687462,-1.3387781968090706,1.1492277441212735,0.9783141978918514
XAUTUSDT,1w_MA20,1w,20,10,2026-06-15,4296.62,4693.464999999999,-8.455267057493753,-1.2537303635524855,low_a,-0.07438216468338588,0.6448330721051234,0.4816216322001915,0.9535788934083683
XAUUSDT,1d_MA20,1d,20,10,2026-06-15,4320.85,4369.538500000001,-1.1142709922340788,-0.5327636316660112,low_a,5.457463891097989e-05,-0.3496937032126654,355.97904711652757,0.993089967100407
XAUUSDT,1w_MA10,1w,10,10,2026-06-15,4320.85,4537.058,-4.765378798331421,-1.449908108698672,low_a,0.06691176425774319,-1.3536700002283615,1.123926259243312,0.9767806314911593
XLMUSDT,1d_MA20,1d,20,10,2026-06-15,0.21371,0.20803699999999997,2.7269187692574137,2.647893995426065,low_a,-0.013849334082315071,1.2929683389573814,5.186644640065882,0.9963259997253963
XLMUSDT,1w_MA10,1w,10,10,2026-06-15,0.21371,0.18312500000000004,16.70170648464162,5.284793569937851,vertex_out,0.26630472882944695,-0.8467462102921924,0.17664521517930465,0.9493131869798754
XLMUSDT,1w_MA20,1w,20,10,2026-06-15,0.21371,0.17105800000000002,24.934232833308002,0.787763447069012,pass,0.19219401172194914,-2.7382858565695036,0.7915282618259938,0.9718754300012061
XLMUSDT,1M_MA10,1M,10,10,2026-06-01,0.21371,0.22553900000000002,-5.244769197345034,-11.061906771139352,low_a,-0.06590470257179719,-3.145544189581607,-2.651593105763265,0.9945448014445808
XLMUSDT,1M_MA20,1M,20,10,2026-06-01,0.21371,0.2802075,-23.731520391138705,5.307514516038103,low_a,-0.011170678055392253,1.9177676479307109,9.53770635756815,0.9810777808192395
XMRUSDT,1d_MA20,1d,20,10,2026-06-15,349.02,346.88800000000003,0.6146075966882547,-1.0677861689748713,low_a,0.05254905569977018,-1.1683443188255527,1.2351890409481627,0.9802446622770977
XMRUSDT,1w_MA10,1w,10,10,2026-06-15,349.02,368.849,-5.3759126363362775,0.6755392031093876,low_a,-0.16352621083854166,2.352244423445163,0.7991394472900815,0.9806927173053195
XMRUSDT,1w_MA20,1w,20,10,2026-06-15,349.02,352.74,-1.0546011226399088,-2.285923233755871,low_a,-0.1613570119438403,0.17303505698084656,0.05957633080429086,0.9655382997814177
XOMUSDT,1d_MA20,1d,20,10,2026-06-15,141.54,148.5205,-4.700024575731976,-0.5500796828755594,low_a,0.003988868099739184,-0.30114769839689887,4.194279497437014,0.991577829756415
XPDUSDT,1d_MA20,1d,20,10,2026-06-15,1342.67,1306.9445,2.733513167544599,-0.4357169846967768,low_a,0.03323480168615989,-0.7113701303269871,1.1891318976156686,0.9977851075966188
XPDUSDT,1w_MA10,1w,10,10,2026-06-15,1342.67,1413.9109999999998,-5.038577392777888,-2.2770736845451944,low_a,0.06879311729096935,-1.7910133791390934,1.4463764283955032,0.9899906118699296
XPINUSDT,1d_MA20,1d,20,10,2026-06-15,0.0013324,0.00124095,7.369354123856731,0.511894251719136,low_r2,0.031507353663803736,-0.2554543371140638,0.4504315966641124,0.8083143872066242
XPINUSDT,1w_MA10,1w,10,10,2026-06-15,0.0013324,0.00125716,5.9849183874765455,3.307557666548888,pass,0.3114069393967606,-3.3818742562191666,0.6033324224798616,0.9850035709728727
XPINUSDT,1w_MA20,1w,20,10,2026-06-15,0.0013324,0.0013347449999999998,-0.17568898928257415,-7.032732819535936,low_a,-0.027800461084022322,-3.4727537272609124,-6.939840387628994,0.993504115216633
XPLUSDT,1d_MA20,1d,20,10,2026-06-15,0.09019,0.0815515,10.59269296088976,0.3377339222658371,pass,0.11836187622912045,-1.6010187417372967,0.7514707309969869,0.9547780805843593
XPLUSDT,1w_MA10,1w,10,10,2026-06-15,0.09019,0.090415,-0.24885251341036918,-6.801150361291796,low_a,-0.2472147253535983,1.0860267325074824,0.244058352051397,0.9799141433518807
XPLUSDT,1w_MA20,1w,20,10,2026-06-15,0.09019,0.0946675,-4.729711886339027,-2.072999798285935,low_a,0.05128275760551413,-3.378711391305237,3.6602202605747465,0.9788026115670745
XPTUSDT,1d_MA20,1d,20,10,2026-06-15,1772.92,1826.016,-2.9077510821372887,-1.0836017712705481,low_a,0.0032669414482266097,-0.6342639422220806,10.785894463499513,0.9977731498120891
XPTUSDT,1w_MA10,1w,10,10,2026-06-15,1772.92,1936.154,-8.430837629651355,-2.2027878070315365,low_a,0.027976310335366333,-0.8693389120791654,1.7263393795559236,0.9289254027222377
XRPUSDT,1d_MA20,1d,20,10,2026-06-15,1.2375,1.2046100000000002,2.730344260798079,-1.048567614744833,low_a,0.022879296692697667,-1.0454760824869769,2.538627186086001,0.9974040873005239
XRPUSDT,1w_MA10,1w,10,10,2026-06-15,1.2375,1.33446,-7.265860348005926,-1.669712331997164,low_a,-0.10630039320927837,0.6560131791775341,0.34285081664018735,0.8962774745150786
XRPUSDT,1w_MA20,1w,20,10,2026-06-15,1.2375,1.357015,-8.80719815182589,-3.559105817304453,low_a,-0.034552541544067575,-1.776260299261621,-2.85597305804266,0.9951816841182684
XRPUSDT,1M_MA10,1M,10,10,2026-06-01,1.2375,1.76477,-29.877547782430568,-15.454449639736334,low_a,-0.4035359501282057,0.1887407789371746,0.025984299110182615,0.9929254358076091
XRPUSDT,1M_MA20,1M,20,10,2026-06-01,1.2375,2.0672249999999996,-40.13714036933569,3.6317288121998414,low_a,-0.1929522770425244,4.523029974843975,1.3022880418846183,0.9974690879366152
XTZUSDT,1d_MA20,1d,20,10,2026-06-15,0.2412,0.27042,-10.805413800754382,-3.2970962666285297,low_a,0.0035963412738488003,-1.7768254459100963,27.448041566739608,0.9989982163857082
XTZUSDT,1w_MA10,1w,10,10,2026-06-15,0.2412,0.32144,-24.962667994026877,-5.973205405721638,low_a,-0.23108929010767038,0.8109878031249417,0.19496739952939157,0.9830537921115243
XTZUSDT,1w_MA20,1w,20,10,2026-06-15,0.2412,0.345995,-30.28800994234021,-7.261079914764734,low_a,-0.22653131575070812,-0.4363478287130556,-0.10701189793243154,0.9948556692037719
XTZUSDT,1M_MA10,1M,10,10,2026-06-01,0.2412,0.43596,-44.67382328654005,-17.5177372055624,vertex_out,0.2089450294541567,-7.160405615739926,1.9038515203006077,0.9596960053208611
XTZUSDT,1M_MA20,1M,20,10,2026-06-01,0.2412,0.648995,-62.83484464441174,-5.5684488516074655,vertex_out,0.18579336984401204,-4.789818609078613,1.4322418182151126,0.9952243183180075
XVGUSDT,1d_MA20,1d,20,10,2026-06-15,0.002749,0.0028007,-1.8459670796586614,-2.177747507029215,low_a,0.016348630042164882,-1.531339527073956,5.203764349144804,0.9961509204976311
XVGUSDT,1w_MA10,1w,10,10,2026-06-15,0.002749,0.0032124,-14.425351761922546,-10.323265032661489,vertex_out,0.10150053979576229,-5.537841648036611,3.03109589322807,0.9982251936810339
XVGUSDT,1w_MA20,1w,20,10,2026-06-15,0.002749,0.00418965,-34.38592722542455,-7.753533841208348,low_a,-0.17528631870898562,-1.2025342313779532,-0.38113332398571537,0.9926668445833158
XVGUSDT,1M_MA10,1M,10,10,2026-06-01,0.002749,0.004833,-43.12021518725429,-10.275689223057649,low_r2,-0.06353763892437225,-1.8384791212773293,-1.6075153356174343,0.7792179912843726
XVGUSDT,1M_MA20,1M,20,10,2026-06-01,0.002749,0.00579955,-52.599770671862466,-1.3556150869583727,low_r2,-0.05206743088124365,0.6020357218386077,0.6423675688420077,0.5550948513616563
XVSUSDT,1d_MA20,1d,20,10,2026-06-15,2.59,2.50445,3.4159196629998556,-0.6288933857080514,low_a,0.029207246791119697,-0.7660190104317768,1.4570565995146576,0.9990459914670347
XVSUSDT,1w_MA10,1w,10,10,2026-06-15,2.59,2.6181,-1.0732974294335729,-0.5432305120802283,low_a,0.03578239986770017,-1.1525527849379906,1.7894470608756363,0.9812877019187504
XVSUSDT,1w_MA20,1w,20,10,2026-06-15,2.59,2.74025,-5.483076361645844,-6.279391897669173,low_a,-0.11796251925469728,-2.226851259351388,-1.0487565002383463,0.9920627044616215
XVSUSDT,1M_MA10,1M,10,10,2026-06-01,2.59,3.6088,-28.23099091110619,-16.59039430499699,low_a,-0.034934224871512605,-5.757309934168011,-9.155793582786705,0.9958824552265201
YBUSDT,1d_MA20,1d,20,10,2026-06-15,0.09,0.09404,-4.296044236495112,-2.4936492301311675,low_a,-0.04260989741568465,-1.0932928371878228,-1.4254549914152408,0.9919013807163867
YBUSDT,1w_MA10,1w,10,10,2026-06-15,0.09,0.10833,-16.920520631404045,-3.775093267010121,vertex_out,0.22181429372324007,-4.480699491629042,1.122234935163991,0.992549906168116
YBUSDT,1w_MA20,1w,20,10,2026-06-15,0.09,0.12426,-27.571221632061803,-8.173219036358258,vertex_out,0.40234872211429096,-11.420344635559715,1.5768997289972835,0.996877357432764
YGGUSDT,1d_MA20,1d,20,10,2026-06-15,0.02676,0.029294499999999994,-8.65179470549078,-3.8468481775064567,low_a,-0.01394693509863933,-1.7879757956410027,-7.122137440534392,0.9990524007592937
YGGUSDT,1w_MA10,1w,10,10,2026-06-15,0.02676,0.036068,-25.806809360097603,-5.24877843745074,low_a,-0.25220984999719775,1.7523962410142142,0.3860092963224616,0.926260856562381
YGGUSDT,1w_MA20,1w,20,10,2026-06-15,0.02676,0.037322,-28.299662397513536,-6.681002150322546,low_a,-0.08111186852128283,-2.7231726913377727,-1.8651693580612227,0.9961518771612451
YGGUSDT,1M_MA10,1M,10,10,2026-06-01,0.02676,0.06504000000000001,-58.856088560885624,-27.430152637686323,vertex_out,0.8322490173284889,-20.242158734412126,1.3512354484284614,0.9933687083472359
YGGUSDT,1M_MA20,1M,20,10,2026-06-01,0.02676,0.17219,-84.4590278181079,-20.45255056314733,vertex_out,0.9304965708396529,-19.56197331019296,1.1679530361192463,0.9913005328215508
ZAMAUSDT,1d_MA20,1d,20,10,2026-06-15,0.03105,0.032575,-4.681504221028387,-0.5464981376320455,low_r2,-0.03632137907321043,0.35892152755329704,0.5489903019343028,0.7902343309783322
ZAMAUSDT,1w_MA10,1w,10,10,2026-06-15,0.03105,0.029922999999999998,3.766333589546522,5.347838332629196,low_a,0.04949964796373689,2.9632655334983435,-3.3257986620982436,0.9939124723662602
ZBTUSDT,1d_MA20,1d,20,10,2026-06-15,0.11477,0.121171,-5.282617127860634,-1.8532468268817825,low_a,0.02268773403581937,-1.5432916382870403,3.7790651201180463,0.9927832250322176
ZBTUSDT,1w_MA10,1w,10,10,2026-06-15,0.11477,0.147356,-22.113792448220625,1.9623581511209354,low_a,-0.629621230611487,11.401369297307278,1.0060165931679175,0.9996758476860507
ZBTUSDT,1w_MA20,1w,20,10,2026-06-15,0.11477,0.112446,2.0667698272948787,2.821872713972229,low_a,-0.32038409378714494,4.952957597464354,0.8588575909547308,0.965436230164963
ZECUSDT,1d_MA20,1d,20,10,2026-06-15,518.79,484.49399999999997,7.078725433132305,-2.314834417057321,low_a,0.0030732045606525664,-1.863808671542772,33.69281938551915,0.9906950277267506
ZECUSDT,1w_MA10,1w,10,10,2026-06-15,518.79,485.939,6.760313537295826,8.589478012339624,low_a,0.004785661235722698,7.95052531297543,-92.29567847882892,0.9818156294981352
ZECUSDT,1w_MA20,1w,20,10,2026-06-15,518.79,366.024,41.73660743557799,5.114519929526207,vertex_out,0.13445359526535322,0.3754564955654884,-0.15513675299583216,0.9882305123258798
ZENUSDT,1d_MA20,1d,20,10,2026-06-15,4.767,4.9437,-3.574246010073412,-2.878079446780102,low_a,0.02823154718737964,-2.0049754292843183,3.9454983855409247,0.9966601552671276
ZENUSDT,1w_MA10,1w,10,10,2026-06-15,4.767,5.775399999999999,-17.46026249264119,-2.7137202055082965,low_a,-0.2492485016943899,2.832551291401211,0.6313536874390069,0.902734659734973
ZENUSDT,1w_MA20,1w,20,10,2026-06-15,4.767,5.6845,-16.1403817398188,-5.475739133326685,low_a,-0.19879201911954492,-0.632164769459678,-0.17666838500625273,0.9875464566264214
ZETAUSDT,1d_MA20,1d,20,10,2026-06-15,0.03921,0.041865,-6.341812970261551,-2.2747697802261824,low_a,0.03844610915346412,-1.8190274880968769,2.6285386193089746,0.9993568013272546
ZETAUSDT,1w_MA10,1w,10,10,2026-06-15,0.03921,0.049731,-21.155818302467267,-3.9979151384116562,low_a,-0.2559069204789729,2.0309297518407687,0.44090027126519754,0.9382476390798585
ZETAUSDT,1w_MA20,1w,20,10,2026-06-15,0.03921,0.05056050000000001,-22.449342866466914,-5.060510182046906,low_a,-0.11210131484088748,-1.1833136784414717,-0.5864306667197655,0.9929520893699493
ZETAUSDT,1M_MA10,1M,10,10,2026-06-01,0.03921,0.074099,-47.08430613098692,-27.70758739109649,vertex_out,1.096024875450944,-23.678048205535156,1.2001982363662218,0.9966360182491196
ZILUSDT,1d_MA20,1d,20,10,2026-06-15,0.003279,0.0033721000000000003,-2.760890839536212,-1.8397228771868446,low_a,0.025353568594761518,-1.3696630122859907,3.0012496776160313,0.9987184694463892
ZILUSDT,1w_MA10,1w,10,10,2026-06-15,0.003279,0.0037727999999999998,-13.088422391857502,-2.8129829984544164,low_a,-0.12491539544783044,0.5773843593773934,0.256789075031958,0.972330121415345
ZILUSDT,1w_MA20,1w,20,10,2026-06-15,0.003279,0.0039085000000000005,-16.105922988358724,-2.6876968467178464,low_a,-0.08639171672260189,-0.6245940769047299,-0.40165506897576786,0.9852816932712577
ZILUSDT,1M_MA10,1M,10,10,2026-06-01,0.003279,0.0051093,-35.822911161998704,-22.746722711946422,vertex_out,0.40336317811168687,-13.452996609674733,1.8528927306560976,0.9973147054209571
ZILUSDT,1M_MA20,1M,20,10,2026-06-01,0.003279,0.00991415,-66.92606022704922,-9.911084658128011,vertex_out,0.4749487741638251,-10.52811140571659,1.2314908678838217,0.9964147894646698
ZKCUSDT,1d_MA20,1d,20,10,2026-06-15,0.05383,0.05475300000000001,-1.6857523788651019,-2.107041649160124,low_a,0.03864486220777194,-1.9640961000682813,2.8235693898230227,0.9967943520262946
ZKCUSDT,1w_MA10,1w,10,10,2026-06-15,0.05383,0.066435,-18.973432678557977,-3.7745687345200674,low_a,-0.031090912460626802,-1.3033089365759987,-2.3288493743531706,0.9902271850160954
ZKCUSDT,1w_MA20,1w,20,10,2026-06-15,0.05383,0.07268250000000001,-25.938155677088716,-8.391678902956222,low_a,-0.1431281303780224,-1.655518863915651,-0.6425939469384617,0.9939439873167959
ZKPUSDT,1d_MA20,1d,20,10,2026-06-15,0.05752,0.0598,-3.8127090301003252,-2.4485734327335806,low_a,0.02861767003845573,-1.8010875615585187,3.4964558593388495,0.9976680729403511
ZKPUSDT,1w_MA10,1w,10,10,2026-06-15,0.05752,0.070821,-18.78115248302057,-3.014160116129394,low_a,-0.039432205251972885,-0.8212071496318905,-1.1569887895557478,0.9919386561475472
ZKUSDT,1d_MA20,1d,20,10,2026-06-15,0.01167,0.012073,-3.3380270024020553,-2.4522280127661333,low_a,0.05802559041736675,-2.069406897609399,1.9813163302648593,0.9991806083724896
ZKUSDT,1w_MA10,1w,10,10,2026-06-15,0.01167,0.014593,-20.030151442472423,-4.452301446997964,low_a,-0.11261242345294922,-1.04050893069941,-0.5133186013857061,0.9782966540195231
ZKUSDT,1w_MA20,1w,20,10,2026-06-15,0.01167,0.0164275,-28.960584385938215,-8.786785119378104,low_a,-0.14257526659552572,-2.6896503838746257,-1.0480430785395238,0.9961282335740049
ZKUSDT,1M_MA10,1M,10,10,2026-06-01,0.01167,0.024472,-52.31284733573063,-25.571776155717775,vertex_out,1.2972838549184686,-23.932154058081732,1.0248829578021952,0.9782963375512337
ZORAUSDT,1d_MA20,1d,20,10,2026-06-15,0.00848,0.009357,-9.372662178048529,-2.3175696836830517,low_a,0.007603503694501767,-1.439821565015241,10.520161514899172,0.9975072890821018
ZORAUSDT,1w_MA10,1w,10,10,2026-06-15,0.00848,0.011337,-25.20067037135044,-8.675688738521025,low_a,0.059712079210786986,-4.63985336599566,4.316875828997046,0.998437392905177
ZORAUSDT,1w_MA20,1w,20,10,2026-06-15,0.00848,0.014318,-40.77385109652186,-11.986722399803273,vertex_out,0.2319667900249946,-9.24003814732739,2.2129695917850443,0.9993414914581158
ZROUSDT,1d_MA20,1d,20,10,2026-06-15,1.1159,1.0222149999999999,9.164901708544694,-2.607697327991554,low_a,0.07045085587322217,-2.570775407454774,2.0272408929526544,0.9980778256979174
ZROUSDT,1w_MA10,1w,10,10,2026-06-15,1.1159,1.27291,-12.33472908532418,-11.767682368924504,low_a,-0.3481742246571046,-1.0385676271821354,-0.16571646441359078,0.995087586475684
ZROUSDT,1w_MA20,1w,20,10,2026-06-15,1.1159,1.56784,-28.82564547402796,-4.632603406326052,low_a,-0.2292368428315369,1.2935904740531612,0.313501689168749,0.968502037264225
ZROUSDT,1M_MA10,1M,10,10,2026-06-01,1.1159,1.5212599999999998,-26.64633264530718,-8.095404951487984,vertex_out,0.7982499256980968,-13.0746056306049,0.9099493230053446,0.9794781284701757
ZRXUSDT,1d_MA20,1d,20,10,2026-06-15,0.0894,0.09276000000000001,-3.6222509702458106,-1.5965628812390498,low_a,0.02064255146170387,-1.136540068427399,3.058784425451131,0.9992974633321912
ZRXUSDT,1w_MA10,1w,10,10,2026-06-15,0.0894,0.10313000000000001,-13.31329390090179,-2.366751869733963,low_a,-0.17431668293285368,1.6692473185323826,0.5319970560500487,0.8587830980781678
ZRXUSDT,1w_MA20,1w,20,10,2026-06-15,0.0894,0.10322,-13.388878124394509,-2.392434988179648,low_a,-0.08653447082283333,-0.4715344177193642,-0.3027274136060517,0.9798877502884332
ZRXUSDT,1M_MA10,1M,10,10,2026-06-01,0.0894,0.13395,-33.25867861142219,-18.60606428875251,vertex_out,0.36481070810424965,-11.234656942375471,1.7108807226442204,0.9946604589012772
ZRXUSDT,1M_MA20,1M,20,10,2026-06-01,0.0894,0.22839,-60.856429791146724,-9.114785411568072,vertex_out,0.2886067253930162,-7.889530035939653,1.5187006595982673,0.9946005913150808
龙虾USDT,1d_MA20,1d,20,10,2026-06-15,0.012319,0.0093416,31.87248437098569,6.298289732706741,vertex_out,0.1319416211682783,1.6938261971726056,-0.7132052385384983,0.9977876107602074
