Symbol,week,entry,ret_pct,weeks,reason,fan,m10slope,low_m5,Name
000050,2026-01-11,8580.0,-4.428904428904435,1,STOP,0.870604781997187,0.509142053445851,-0.8016877637130801,경방
000050,2026-03-22,9880.0,-3.9473684210526327,1,STOP,0.15953835709436523,0.07535641547861507,-0.506449422946368,경방
000050,2026-05-24,10030.0,-15.254237288135597,1,STOP,0.276,0.13333333333333333,-0.5573333333333333,경방
000070,2025-10-19,67264.0,3.7702188392007674,4,TIMEOUT,0.9785166539834915,0.7304630334250437,-0.015512497804835216,삼양홀딩스
000070,2025-11-02,69800.0,-12.75071633237822,4,STOP,1.0620665834152552,1.0780083428541052,-0.06732736403007525,삼양홀딩스
000070,2025-11-23,69800.0,-12.75071633237822,1,STOP,1.1303879310344838,1.2404700969827602,-0.008957435344829547,삼양홀딩스
000070,2026-03-15,70900.0,-6.770098730606488,3,STOP,1.1863117870722433,0.6520912547528517,-1.0836501901140685,삼양홀딩스
000100,2025-11-02,118000.0,-2.2881355932203418,1,STOP,0.05972434915773354,0.11332312404287902,-0.5788667687595712,유한양행
000100,2025-11-30,122000.0,-3.852459016393439,1,STOP,0.12057522123893805,0.07079646017699115,-0.5752212389380531,유한양행
000105,2025-10-05,106300.0,-1.59924741298213,2,STOP,0.21074380165289255,0.02066115702479339,-0.47107438016528924,유한양행우
000105,2025-11-02,105000.0,-3.9047619047618998,1,STOP,0.06378132118451026,0.04100227790432802,-0.724373576309795,유한양행우
000105,2025-11-16,113300.0,-8.120035304501327,1,STOP,0.008305647840531562,0.11627906976744186,-0.8504983388704319,유한양행우
000105,2025-11-30,106700.0,-2.0618556701030966,1,STOP,0.08689248895434462,0.10603829160530191,-0.4418262150220913,유한양행우
000120,2025-12-07,97500.0,-2.564102564102566,4,TIMEOUT,0.9220532319391636,0.6254752851711026,-0.12167300380228137,CJ대한통운
000120,2026-03-08,119400.0,-6.281407035175879,1,STOP,1.018005540166205,0.7271468144044322,-1.2382271468144044,CJ대한통운
000140,2025-12-28,10120.0,-4.249011857707508,1,STOP,0.30025445292620867,0.2900763358778626,-0.356234096692112,하이트진로홀딩스
000150,2025-10-05,595000.0,59.49579831932774,4,TIMEOUT,0.13073713490959665,0.031988873435326845,-0.8984700973574409,두산
000150,2025-11-23,855000.0,-11.111111111111116,4,STOP,1.1397058823529411,0.7581699346405228,-0.42320261437908496,두산
000150,2026-03-08,1050000.0,2.0000000000000018,4,TIMEOUT,0.6737825216811207,0.637758505670447,-0.6137424949966644,두산
000150,2026-05-24,1593000.0,7.281858129315766,4,TIMEOUT,0.9538116591928251,0.7327354260089686,-1.0699551569506727,두산
000155,2025-11-30,536000.0,-7.74253731343284,3,STOP,1.0269121813031161,0.8307365439093485,-0.6345609065155807,두산우
000155,2026-05-24,618000.0,-9.223300970873783,3,STOP,0.8128760529482552,0.4055354993983153,-1.398315282791817,두산우
000157,2025-11-30,466500.0,-9.217577706323688,3,STOP,0.7179294823705926,0.5048762190547637,-0.8672168042010503,두산2우B
000157,2026-05-17,567000.0,-13.492063492063489,3,STOP,0.7302816901408451,0.29577464788732394,-0.29295774647887324,두산2우B
000210,2026-03-08,43500.0,36.7816091954023,4,TIMEOUT,1.0050454086781029,0.557013118062563,-1.501513622603431,DL
000210,2026-04-19,64600.0,-3.4055727554179516,4,STOP,0.8401751505199782,0.7279693486590039,-0.17952928297755885,DL
000215,2026-03-29,28000.0,8.571428571428562,4,TIMEOUT,0.2993527508090615,0.5016181229773463,-0.4886731391585761,DL우
000215,2026-04-26,30400.0,-12.335526315789469,3,STOP,0.4600326264274062,0.5089722675367048,-0.03262642740619902,DL우
000220,2026-01-25,4460.0,-1.1210762331838597,1,STOP,0.421875,0.3628472222222222,-0.65625,유유제약
000230,2025-09-07,8780.0,17.312072892938502,4,TIMEOUT,0.08079930495221546,0.5369244135534318,-0.366637706342311,일동홀딩스
000230,2025-11-09,13430.0,-7.446016381236042,4,TIMEOUT,0.08722421754746024,0.1883016931759877,-0.581836839404823,일동홀딩스
000230,2025-12-07,12430.0,6.999195494770727,4,TIMEOUT,0.9125569830087028,0.49316203895565686,-0.6100290095317032,일동홀딩스
000240,2025-11-09,24600.0,14.430894308943088,4,TIMEOUT,0.02857142857142857,0.2698412698412698,-0.8317460317460318,한국앤컴퍼니
000240,2025-11-30,29850.0,-15.07537688442211,4,STOP,0.8277404921700223,0.6017897091722595,-0.1610738255033557,한국앤컴퍼니
000240,2025-12-14,26300.0,-3.6121673003802313,2,STOP,0.930379746835443,0.6729957805907173,-0.7257383966244726,한국앤컴퍼니
000270,2025-09-14,105900.0,-4.060434372049104,1,STOP,0.3556370302474794,0.41796516956920254,-0.230980751604033,기아
000270,2025-10-05,104200.0,-3.454894433781186,1,STOP,0.03161222339304531,0.0273972602739726,-0.779768177028451,기아
000270,2025-11-09,110100.0,12.261580381471383,4,TIMEOUT,0.5589706933523946,0.4374553252323088,-0.3745532523230879,기아
000270,2025-12-21,121000.0,24.876033057851245,4,TIMEOUT,0.2588483888008452,0.6909667194928685,-0.15847860538827258,기아
000270,2026-02-08,151900.0,9.940750493745876,4,TIMEOUT,1.0570987654320987,0.9135802469135802,-0.10493827160493827,기아
000270,2026-03-08,167000.0,-6.706586826347305,3,STOP,0.661605705083966,0.8175753393144698,-0.7849091327352197,기아
000320,2025-09-21,30150.0,-13.598673300165842,1,STOP,1.184593023255814,0.8212209302325582,-0.8226744186046512,노루홀딩스
000320,2026-03-15,23100.0,-5.1948051948051965,2,STOP,0.5456255879586077,0.2273439949827532,-1.3107557227971152,노루홀딩스
000370,2026-02-08,6200.0,16.93548387096775,4,TIMEOUT,0.4845814977973568,0.4801762114537445,-0.04405286343612335,한화손해보험
000370,2026-03-08,7250.0,-6.620689655172418,3,STOP,0.7814845704753962,0.6613844870725605,-1.079232693911593,한화손해보험
000390,2025-12-21,8620.0,-22.157772621809745,4,TIMEOUT,0.40963855421686746,0.3990963855421687,-0.8042168674698795,SP삼화
000390,2026-01-11,6740.0,8.456973293768556,4,TIMEOUT,0.6966394187102634,0.38056312443233425,-0.5885558583106267,SP삼화
000390,2026-02-15,9630.0,-1.869158878504673,4,TIMEOUT,0.04792676359719979,0.3527194399569198,-0.11631663974151858,SP삼화
000390,2026-03-08,10120.0,-12.549407114624511,4,STOP,0.6349684020463436,0.3912127595546193,-1.1928979837496239,SP삼화
000400,2025-09-21,2095.0,-8.114558472553702,4,TIMEOUT,0.03895410885805739,0.028281750266809933,-0.2251867662753471,롯데손해보험
000400,2025-10-19,1925.0,-1.3506493506493467,2,STOP,0.7834394904458604,0.387555120039196,-0.48015678588926997,롯데손해보험
000400,2026-03-08,2150.0,-3.953488372093028,4,TIMEOUT,0.717061923583662,0.5415019762845852,-1.044795783926218,롯데손해보험
000430,2025-09-07,3980.0,-5.778894472361806,3,STOP,0.39490445859872614,0.37791932059447986,-0.4543524416135881,대원강업
000430,2025-12-07,4085.0,-7.955936352509186,3,STOP,0.11512027491408934,0.037800687285223365,-0.42955326460481097,대원강업
000430,2026-01-04,3990.0,4.511278195488733,4,TIMEOUT,0.029895366218236172,0.12705530642750373,-0.6965620328849028,대원강업
000430,2026-02-01,4170.0,-5.635491606714627,1,STOP,0.44155844155844154,0.37662337662337664,-0.5772005772005772,대원강업
000430,2026-02-15,4120.0,-0.6067961165048597,3,STOP,0.30158730158730157,0.1455026455026455,-0.7037037037037037,대원강업
000430,2026-04-26,4480.0,1.5625,4,TIMEOUT,0.18779342723004694,0.3208137715179969,-0.01564945226917058,대원강업
000490,2026-02-01,9850.0,14.720812182741128,4,TIMEOUT,0.050590219224283306,0.37099494097807756,-0.16526138279932545,대동
000500,2025-11-23,67200.0,26.488095238095234,4,TIMEOUT,0.8914285714285715,0.4083116883116883,-0.8415584415584415,가온전선
000500,2025-12-28,77900.0,15.661103979460854,4,TIMEOUT,0.25595695618754805,0.6249039200614912,-0.14296694850115296,가온전선
000500,2026-02-01,87600.0,-5.47945205479452,1,STOP,0.40591397849462363,0.4381720430107527,-0.6559139784946236,가온전선
000500,2026-02-15,89400.0,10.290827740492169,4,TIMEOUT,0.17551755175517553,0.3708370837083708,-0.2808280828082808,가온전선
000500,2026-05-10,477000.0,-35.74423480083857,4,TIMEOUT,0.8513442277279916,0.819978914074855,-3.091460200316289,가온전선
000520,2026-03-08,10520.0,-6.368821292775662,1,STOP,0.4351407000686342,0.12560054907343857,-1.0404941660947151,삼일제약
000540,2026-03-08,4785.0,-6.060606060606055,3,STOP,0.8882602545968883,0.698019801980198,-0.8231966053748232,흥국화재
000640,2025-12-21,113438.0,-5.650663798727063,1,STOP,0.5966630133825566,0.29973754037840333,-0.0280918320258426,동아쏘시오홀딩스
000660,2025-09-14,328500.0,30.289193302891924,4,TIMEOUT,0.19710669077757687,0.21518987341772153,-0.20614828209764918,SK하이닉스
000660,2025-11-23,521000.0,4.99040307101728,4,TIMEOUT,1.1792859945076501,1.2397018438603373,-0.5021577089054531,SK하이닉스
000660,2026-02-01,909000.0,16.721672167216717,4,TIMEOUT,1.4448979591836735,1.0489795918367346,-0.5115646258503401,SK하이닉스
000660,2026-03-08,924000.0,-5.1948051948051965,4,STOP,0.718132854578097,1.09245960502693,-0.7594254937163375,SK하이닉스
000660,2026-04-12,1027000.0,64.16747809152872,4,TIMEOUT,0.0625,0.27598314606741575,-0.5575842696629213,SK하이닉스
000670,2025-11-02,47670.0,39.796517726033144,4,TIMEOUT,0.800386053066978,0.5156565966051841,-0.6587413444451253,영풍
000670,2026-03-22,60200.0,8.30564784053156,4,TIMEOUT,0.03914795624640184,0.335636154289004,-0.9648819804260219,영풍
000670,2026-04-19,65200.0,-2.4539877300613466,4,TIMEOUT,0.14097496706192358,0.10408432147562582,-0.3425559947299078,영풍
000670,2026-05-10,66700.0,-16.941529235382312,2,STOP,0.5311203319502075,0.2033195020746888,-0.06085753803596127,영풍
000680,2025-09-14,4045.0,-10.506798516687265,2,STOP,0.0603448275862069,0.12758620689655173,-0.5,LS네트웍스
000680,2026-05-17,3770.0,-11.538461538461542,2,STOP,0.8096280087527352,0.46061269146608314,-0.6433260393873085,LS네트웍스
000720,2025-12-07,75100.0,-8.122503328894803,4,TIMEOUT,0.2799479166666667,0.3932291666666667,-0.23697916666666666,현대건설
000720,2025-12-21,69400.0,50.28818443804035,4,TIMEOUT,0.350561797752809,0.6292134831460674,-0.19775280898876405,현대건설
000720,2026-02-08,106600.0,47.091932457786115,4,TIMEOUT,1.110843373493976,1.03855421686747,-0.13654618473895583,현대건설
000720,2026-03-08,156800.0,-3.635204081632648,4,TIMEOUT,0.9753602975360297,1.0864714086471408,-0.5318456531845653,현대건설
000720,2026-03-29,149800.0,15.48731642189587,4,TIMEOUT,0.9843298969072165,0.9447422680412371,-0.7150515463917526,현대건설
000725,2025-12-21,56700.0,-2.821869488536155,1,STOP,0.244140625,0.421875,-0.2421875,현대건설우
000725,2026-01-11,55700.0,16.876122082585287,4,TIMEOUT,0.32460732984293195,0.049738219895287955,-0.39790575916230364,현대건설우
000725,2026-02-08,65100.0,5.837173579109067,4,TIMEOUT,0.5701107011070111,0.6678966789667896,-0.5387453874538746,현대건설우
000725,2026-03-08,68900.0,-3.6284470246734424,3,STOP,0.59526938239159,0.6241787122207622,-1.5374507227332457,현대건설우
000725,2026-04-12,78700.0,-7.496823379923756,4,STOP,0.1104868913857678,0.1853932584269663,-0.3333333333333333,현대건설우
000725,2026-05-03,74300.0,-2.0188425302826385,1,STOP,0.12644787644787644,0.2519305019305019,-0.11583011583011583,현대건설우
000810,2025-09-21,454500.0,-3.960396039603964,4,STOP,0.1848013816925734,0.14335060449050085,-0.25215889464594127,삼성화재
000810,2025-10-12,451500.0,-3.322259136212624,1,STOP,0.27951807228915665,0.05542168674698795,-0.6939759036144578,삼성화재
000810,2025-11-23,470000.0,3.8297872340425476,4,TIMEOUT,0.3897058823529412,0.2977941176470588,-0.2536764705882353,삼성화재
000810,2026-03-01,530000.0,-6.320754716981137,1,STOP,0.5805805805805806,0.41541541541541543,-0.3083083083083083,삼성화재
000815,2025-09-28,338500.0,-0.5908419497784312,3,STOP,0.08658008658008658,0.04040404040404041,-0.2077922077922078,삼성화재우
000815,2025-10-12,340500.0,-1.1747430249632873,1,STOP,0.20512820512820512,0.03418803418803419,-0.3418803418803419,삼성화재우
000815,2025-10-26,340000.0,-0.588235294117645,1,STOP,0.03571428571428571,0.14285714285714285,-0.2857142857142857,삼성화재우
000815,2025-11-09,359000.0,5.571030640668528,4,TIMEOUT,0.04843304843304843,0.1737891737891738,-0.8433048433048433,삼성화재우
000815,2025-11-23,354000.0,5.649717514124286,4,TIMEOUT,0.3241206030150754,0.3542713567839196,-0.22613065326633167,삼성화재우
000815,2025-12-14,377500.0,-4.635761589403975,4,STOP,0.6301369863013698,0.4817351598173516,-0.0182648401826484,삼성화재우
000815,2025-12-28,369500.0,-2.571041948579156,2,STOP,0.5046948356807511,0.4788732394366197,-0.28169014084507044,삼성화재우
000815,2026-03-01,411500.0,-5.589307411907651,2,STOP,0.6986301369863014,0.535958904109589,-0.14726027397260275,삼성화재우
000850,2026-02-08,41150.0,-10.32806804374241,4,STOP,0.20963855421686747,0.6024096385542169,-0.11566265060240964,화천기공
000850,2026-03-01,39950.0,-7.634543178973718,1,STOP,0.5863509749303621,0.46657381615598886,-0.7214484679665738,화천기공
000860,2025-12-07,12370.0,12.045270816491517,4,TIMEOUT,0.06901408450704226,0.04366197183098591,-0.5183098591549296,강남제비스코
000860,2025-12-28,12650.0,36.75889328063242,4,TIMEOUT,0.22466422466422467,0.25518925518925517,-0.1855921855921856,강남제비스코
000860,2026-02-08,16330.0,-2.7556644213104664,4,STOP,1.078048780487805,0.8451219512195122,-0.1719512195121951,강남제비스코
000860,2026-03-01,17750.0,-10.535211267605638,1,STOP,0.6840108401084011,0.9008130081300812,-0.06937669376693767,강남제비스코
000880,2025-11-16,88900.0,-10.236220472440948,1,STOP,0.1930745015739769,0.2161594963273872,-0.22455403987408185,한화
000880,2026-02-08,113200.0,17.137809187279164,4,TIMEOUT,1.2223107569721114,0.7872509960159363,-0.4446215139442231,한화
000880,2026-03-08,132600.0,-8.974358974358976,2,STOP,0.5239912758996729,0.8178844056706652,-0.7851690294438386,한화
000880,2026-05-17,165200.0,-24.152542372881356,3,STOP,0.6761786600496278,0.27233250620347393,-0.2679900744416873,한화
00088K,2025-11-16,39950.0,-5.882352941176472,1,STOP,0.1810918774966711,0.3262316910785619,-0.03994673768308921,한화3우B
00088K,2026-02-08,45100.0,14.412416851441234,4,TIMEOUT,0.9684317718940937,0.6008146639511202,-0.714867617107943,한화3우B
000890,2026-05-24,1606.0,-11.64383561643836,4,TIMEOUT,0.3295254833040422,0.3066783831282951,-1.929701230228471,보해양조
000910,2026-05-10,4480.0,-4.241071428571431,1,STOP,0.16840536512667661,0.10581222056631892,-0.14605067064083457,유니온
000970,2025-12-14,7400.0,-5.270270270270272,3,STOP,1.0078740157480315,0.5590551181102362,-0.015748031496062992,한국주철관
000970,2026-05-10,7170.0,-2.092050209205021,1,STOP,0.5501355013550135,0.22493224932249323,-0.3523035230352303,한국주철관
000990,2025-09-14,51500.0,14.563106796116498,4,TIMEOUT,0.10026737967914438,0.08288770053475936,-0.4946524064171123,DB하이텍
000990,2025-10-19,59100.0,-9.644670050761416,3,STOP,1.0995169082125604,0.7594202898550725,-0.6144927536231884,DB하이텍
000990,2025-11-16,67600.0,0.0,4,TIMEOUT,0.23322475570032572,0.5980456026058631,-0.5654723127035831,DB하이텍
000990,2025-11-30,63600.0,5.817610062893075,4,TIMEOUT,0.19256308100929614,0.5099601593625498,-0.06108897742363878,DB하이텍
000990,2025-12-14,67600.0,6.360946745562135,4,TIMEOUT,0.46877098723975824,0.33848220282068503,-0.16118200134318333,DB하이텍
000990,2026-01-04,73700.0,43.55495251017638,4,TIMEOUT,0.44267726971504306,0.3697813121272366,-0.2571239231278993,DB하이텍
000990,2026-02-15,93000.0,-3.2258064516129004,3,STOP,1.1980063434526507,1.010421386497508,-0.2990484821024014,DB하이텍
000990,2026-04-26,152000.0,19.14473684210527,4,TIMEOUT,0.47044025157232705,0.3264150943396226,-0.007547169811320755,DB하이텍
000990,2026-05-24,181100.0,-10.988404196576473,4,STOP,1.6233144845585037,1.1078729882557634,-0.9517181383210092,DB하이텍
000990,2026-06-07,173800.0,-7.249712313003453,2,STOP,0.9853963838664812,0.980528511821975,-0.4047287899860918,DB하이텍
001040,2025-09-07,175600.0,1.5375854214122908,4,TIMEOUT,0.1272824919441461,0.11385606874328678,-0.05907626208378088,CJ
001040,2025-09-28,181000.0,-9.2817679558011,3,STOP,0.7624481327800829,0.5098547717842323,-0.10684647302904564,CJ
001040,2026-02-01,217500.0,0.45977011494253706,4,TIMEOUT,0.38938580799045913,0.49552772808586765,-0.1490757304710793,CJ
001040,2026-02-22,225500.0,-18.536585365853664,2,STOP,1.0466124661246612,0.6276422764227643,-0.024932249322493227,CJ
001040,2026-05-17,218500.0,-19.95423340961099,1,STOP,0.48170469220835127,0.1605682307361171,-0.9685751183814033,CJ
001045,2025-09-07,94800.0,-0.42194092827003704,4,TIMEOUT,0.10107948969578018,0.05593719332679097,-0.43768400392541706,CJ우
001045,2025-09-28,96100.0,-5.82726326742976,3,STOP,0.5402985074626866,0.4417910447761194,-0.15920398009950248,CJ우
001045,2025-10-26,93400.0,-2.1413276231263434,1,STOP,0.0728476821192053,0.19646799116997793,-0.5982339955849889,CJ우
001045,2026-02-08,96400.0,-9.439834024896266,4,STOP,0.3306581059390048,0.28892455858747995,-0.5008025682182986,CJ우
001045,2026-03-01,99200.0,-11.995967741935488,1,STOP,0.7521367521367521,0.48547008547008547,-0.2564102564102564,CJ우
00104K,2025-09-07,145300.0,3.7852718513420536,4,TIMEOUT,0.1955521472392638,0.19095092024539878,-0.24233128834355827,CJ4우(전환)
00104K,2025-09-28,152300.0,-6.1720288903480025,3,STOP,0.8730964467005076,0.6794778825235678,-0.19724437998549674,CJ4우(전환)
00104K,2025-12-21,155200.0,-2.8350515463917536,1,STOP,0.5298184961106309,0.22731201382886776,-0.5548833189282627,CJ4우(전환)
00104K,2026-01-04,153300.0,15.981735159817356,4,TIMEOUT,0.25863596102745795,0.19574844995571303,-0.6465899025686448,CJ4우(전환)
00104K,2026-02-01,177800.0,2.1372328458942658,4,TIMEOUT,0.2699551569506726,0.4600896860986547,-0.35515695067264574,CJ4우(전환)
00104K,2026-03-01,181600.0,-12.004405286343612,1,STOP,1.0681818181818181,0.6800699300699301,-0.2972027972027972,CJ4우(전환)
00104K,2026-04-19,182200.0,3.732162458836452,4,TIMEOUT,0.10026385224274406,0.06860158311345646,-0.5980650835532102,CJ4우(전환)
00104K,2026-05-10,192400.0,-18.970893970893975,2,STOP,0.4850940665701881,0.09782923299565846,-0.07872648335745297,CJ4우(전환)
001060,2025-12-14,27150.0,0.7366482504604033,4,TIMEOUT,0.98125,0.9,-0.1,JW중외제약
001060,2025-12-28,26700.0,7.490636704119846,4,TIMEOUT,0.7037037037037037,0.9417989417989417,-0.1111111111111111,JW중외제약
001060,2026-02-08,33450.0,-3.4379671150971625,4,TIMEOUT,0.4682170542635659,0.5302325581395348,-0.17984496124031008,JW중외제약
001060,2026-03-08,32300.0,-1.7027863777089758,1,STOP,0.7879133409350056,0.5826681870011402,-1.6100342075256557,JW중외제약
001080,2026-05-03,5300.0,-3.7735849056603765,1,STOP,0.03595080416272469,0.003784295175023652,-0.34815515610217596,만호제강
001120,2025-12-14,33950.0,-5.596465390279826,4,TIMEOUT,0.6450511945392492,0.24232081911262798,-0.11604095563139932,LX인터내셔널
001120,2025-12-28,31850.0,13.500784929356357,4,TIMEOUT,0.6857142857142857,0.5047619047619047,-0.46984126984126984,LX인터내셔널
001120,2026-03-01,42600.0,8.920187793427225,4,TIMEOUT,1.2762803234501348,0.9932614555256065,-0.1105121293800539,LX인터내셔널
001120,2026-04-05,53100.0,0.5649717514124353,4,TIMEOUT,0.2550930026572188,0.7581930912311781,-0.2993799822852081,LX인터내셔널
001130,2026-03-08,148500.0,-3.5016835016835057,4,STOP,0.5299647473560517,0.0399529964747356,-1.099882491186839,대한제분
001130,2026-05-10,156500.0,-91.83386581469648,2,STOP,0.04140069305124931,0.009483859201167245,-2.814152836038665,대한제분
001200,2025-10-19,3650.0,-4.383561643835621,3,STOP,0.37697160883280756,0.27129337539432175,-0.6466876971608833,유진투자증권
001200,2026-03-08,4970.0,-9.456740442655931,4,STOP,0.8262233375156838,0.7258469259723965,-1.2107904642409033,유진투자증권
001200,2026-05-17,6520.0,-27.07055214723927,2,STOP,0.5363391655450875,0.27860026917900405,-0.08613728129205922,유진투자증권
001210,2026-02-08,924.0,-11.58008658008658,4,STOP,0.9457013574660634,0.5525389643036701,-0.5309200603318251,금호전기
001210,2026-05-10,886.0,-6.884875846501126,1,STOP,0.5104261106074339,0.11151405258386282,-0.6563916591115139,금호전기
001230,2025-12-28,7610.0,-4.730617608409982,1,STOP,0.3734567901234568,0.35185185185185186,-0.2839506172839506,동국홀딩스
001230,2026-03-08,9530.0,8.394543546694644,4,TIMEOUT,1.0049627791563276,0.674937965260546,-0.4218362282878412,동국홀딩스
001250,2026-03-08,2515.0,26.043737574552694,4,TIMEOUT,0.6864406779661016,0.3672316384180791,-1.3220338983050848,GS글로벌
001250,2026-04-26,4330.0,-15.819861431870674,4,STOP,0.8356605800214822,0.8281417830290011,-0.37379162191192267,GS글로벌
001250,2026-05-17,3980.0,-8.417085427135673,1,STOP,0.9552129221732746,0.842143906020558,-0.4170337738619677,GS글로벌
001260,2026-02-22,8940.0,-5.8165548098433995,2,STOP,0.31343283582089554,0.09769335142469471,-0.4043419267299864,남광토건
001260,2026-03-15,9020.0,-5.654101995565409,3,STOP,0.38228155339805825,0.18932038834951456,-1.1504854368932038,남광토건
001260,2026-04-12,10750.0,-7.627906976744181,4,TIMEOUT,0.2064026958719461,0.3251895534962089,-0.7245155855096883,남광토건
001260,2026-04-26,9740.0,-9.342915811088293,3,STOP,0.2747784045124899,0.37550362610797744,-0.1063658340048348,남광토건
001270,2025-09-28,65500.0,-3.8167938931297662,3,STOP,0.6371833404894804,0.36839845427221984,-0.39501932159725206,부국증권
001270,2026-03-08,78800.0,-3.8071065989847663,3,STOP,0.6943573667711599,0.6167711598746082,-1.1630094043887147,부국증권
001290,2025-09-28,724.0,4.834254143646399,4,TIMEOUT,0.31390593047034815,0.02351738241308747,-0.1329243353783231,상상인증권
001290,2025-10-26,759.0,-12.648221343873523,2,STOP,0.07699619771863139,0.20437262357414449,-0.21292775665399216,상상인증권
001290,2026-03-08,1330.0,-18.571428571428573,4,STOP,0.9186180422264878,0.8280230326295587,-0.6656429942418429,상상인증권
001340,2026-03-08,6900.0,-2.753623188405796,4,TIMEOUT,0.8836140888208269,0.47013782542113325,-1.4793261868300154,PKC
001340,2026-04-19,7970.0,-12.296110414052697,3,STOP,0.05670103092783505,0.3956185567010309,-0.4381443298969072,PKC
001360,2026-02-01,1811.0,9.939260077305345,4,TIMEOUT,0.10257441673370878,0.2164119066773932,-0.046661303298471075,삼성제약
001360,2026-03-01,1991.0,-5.424409844299349,3,STOP,1.0286783042394014,0.6151288445552785,-0.2053200332502082,삼성제약
001380,2025-11-09,3454.0,10.422698320787482,4,TIMEOUT,0.23712342079688883,0.2793974732750243,-0.4868804664723023,SG글로벌
001380,2025-12-21,3794.0,-13.679493937796517,2,STOP,0.4073948439620078,0.5498643147896876,-0.08344640434192642,SG글로벌
001390,2025-09-14,4800.0,6.458333333333344,4,TIMEOUT,0.049079754601226995,0.029447852760736196,-0.40736196319018403,KG케미칼
001390,2025-10-05,5150.0,-5.436893203883497,4,STOP,0.2822857142857143,0.053714285714285714,-0.5097142857142857,KG케미칼
001390,2025-10-19,5090.0,-4.322200392927311,2,STOP,0.35502958579881655,0.4532544378698225,-0.17988165680473372,KG케미칼
001390,2025-11-16,5710.0,1.5761821366024442,4,TIMEOUT,0.1379657603222558,0.25579053373615307,-0.6948640483383686,KG케미칼
001390,2025-12-14,5800.0,-11.55172413793103,3,STOP,0.5522107243650047,0.36124176857949203,-0.605832549388523,KG케미칼
001390,2026-05-03,7070.0,-19.37765205091938,2,STOP,0.3863361547762999,0.15114873035066506,-0.03385731559854897,KG케미칼
001430,2025-12-14,44750.0,37.87709497206704,4,TIMEOUT,0.5837264150943396,0.5719339622641509,-0.7877358490566038,세아베스틸지주
001430,2026-02-08,83800.0,-26.133651551312653,4,STOP,1.1963902019767942,1.2806188225182638,-0.2784701332187366,세아베스틸지주
001430,2026-05-10,74000.0,-15.000000000000002,2,STOP,0.20781527531083482,0.027531083481349913,-0.3605683836589698,세아베스틸지주
001440,2025-10-19,17570.0,42.003414911781455,4,TIMEOUT,0.0959119496855346,0.18632075471698112,-0.20440251572327045,대한전선
001440,2025-11-23,22500.0,0.6666666666666599,4,TIMEOUT,1.2153212815464471,0.8899230356183998,-0.22731340612135315,대한전선
001440,2026-02-01,29400.0,22.44897959183674,4,TIMEOUT,0.6432337434094904,0.3602811950790861,-0.07381370826010544,대한전선
001440,2026-03-08,30250.0,-6.6115702479338845,3,STOP,0.6148068669527897,0.6566523605150214,-1.4892703862660943,대한전선
001440,2026-05-24,54800.0,-17.06204379562044,1,STOP,1.3517745302713988,0.9739039665970772,-0.7651356993736952,대한전선
001450,2025-09-07,27850.0,0.0,4,TIMEOUT,0.09562841530054644,0.24863387978142076,-0.11475409836065574,현대해상
001450,2025-11-30,30050.0,0.9983361064891838,4,TIMEOUT,0.11392405063291139,0.14430379746835442,-0.41012658227848103,현대해상
001450,2025-12-14,29450.0,-7.47028862478778,4,STOP,0.4366576819407008,0.23450134770889489,-0.3450134770889488,현대해상
001450,2026-01-04,30550.0,-10.801963993453356,1,STOP,0.43107769423558895,0.42105263157894735,-0.16541353383458646,현대해상
001460,2026-03-08,47550.0,-6.203995793901152,1,STOP,0.604494382022472,0.2752808988764045,-0.9629213483146067,BYC
001460,2026-03-22,53700.0,-13.035381750465547,2,STOP,0.27882173692229556,0.23108176739461656,-0.7689182326053834,BYC
001500,2025-11-02,8730.0,-8.132875143184426,1,STOP,0.25996533795493937,0.3483535528596187,-0.49566724436741766,현대차증권
001500,2026-02-08,9230.0,23.40195016251354,4,TIMEOUT,0.6779026217228464,0.6179775280898876,-0.13857677902621723,현대차증권
001500,2026-03-08,11390.0,-4.302019315188765,3,STOP,0.9812661498708011,0.8888888888888888,-0.9470284237726099,현대차증권
001510,2025-11-16,1373.0,-3.7873270211216337,1,STOP,0.061488673139157846,0.1990291262135915,-0.498381877022653,SK증권
001510,2026-02-01,1898.0,124.13066385669124,4,TIMEOUT,0.48254620123203285,0.4934976043805607,-0.9431895961670086,SK증권
001510,2026-02-15,2432.0,46.58717105263157,4,TIMEOUT,0.9697972693421602,0.8572610674389741,-0.04633843607778256,SK증권
001510,2026-03-08,3866.0,2.379720641489902,4,TIMEOUT,1.2778592375366569,1.1620234604105575,-0.44692082111436976,SK증권
001510,2026-05-17,4455.0,-13.580246913580252,1,STOP,0.16174375534238786,0.2804634818121376,-0.11871972646975021,SK증권
001515,2026-05-03,13110.0,-32.49427917620137,2,STOP,0.5778879813302217,0.426487747957993,-0.05367561260210035,SK증권우
001520,2025-09-28,829.0,18.697225572979505,4,TIMEOUT,0.37176938369781176,0.2624254473161043,-1.1013916500994032,동양
001520,2025-10-19,1011.0,-16.2215628090999,4,TIMEOUT,0.7361495844875351,0.5650969529085866,-0.6135734072022162,동양
001520,2025-11-02,874.0,-6.864988558352403,3,STOP,0.7006920415224913,0.5409457900807378,-0.34832756632064577,동양
001530,2026-02-08,20650.0,7.021791767554486,4,TIMEOUT,0.13261000602772754,0.43525215993570426,-0.37773759292746634,DI동일
001530,2026-03-08,22100.0,-1.1312217194570096,2,STOP,0.713857998289136,0.5008982035928138,-1.253207869974337,DI동일
001530,2026-04-26,32150.0,-11.66407465007776,4,TIMEOUT,0.17667844522968199,0.4457733079641207,-0.35063876053275345,DI동일
001530,2026-05-10,27450.0,-10.018214936247727,3,STOP,0.714635940181417,0.4290267222358421,-0.250061289531748,DI동일
001550,2026-04-05,16490.0,-8.853850818677989,1,STOP,0.30711498048634045,0.430201140798559,-0.344040828580006,조비
001550,2026-04-19,15540.0,-2.187902187902191,1,STOP,0.04346598927462602,0.32712390629410104,-0.12418854078464578,조비
001550,2026-05-03,15930.0,-12.994350282485879,1,STOP,0.026404666871354007,0.10101320233343568,-0.23887012588271414,조비
001620,2026-03-29,660.0,-4.696969696969699,1,STOP,0.5847750865051905,0.3581314878892732,-0.8685121107266435,케이비아이동국실업
001630,2025-12-28,48500.0,-6.494845360824741,1,STOP,0.5412844036697247,0.30045871559633025,-0.3761467889908257,종근당홀딩스
001630,2026-03-15,50000.0,-2.0000000000000018,1,STOP,0.5140449438202247,0.22752808988764045,-1.3370786516853932,종근당홀딩스
001680,2026-02-08,22250.0,-7.191011235955058,4,STOP,0.21949078138718173,0.23266022827041263,-0.5355575065847235,대상
001680,2026-03-01,22600.0,-8.628318584070794,1,STOP,0.5063795853269537,0.40271132376395535,-0.1594896331738437,대상
001720,2025-11-23,141100.0,1.275690999291279,4,TIMEOUT,0.2901818181818182,0.04581818181818182,-0.3098181818181818,신영증권
001720,2026-03-08,194000.0,-3.350515463917525,4,STOP,0.9726672950047125,0.730128809299403,-1.425699026076029,신영증권
001740,2025-11-09,4680.0,-3.6324786324786307,2,STOP,0.4197860962566845,0.2540106951871658,-0.93048128342246,SK네트웍스
001740,2025-12-07,4690.0,-3.4115138592750505,3,STOP,0.05236907730673317,0.11471321695760599,-0.1596009975062344,SK네트웍스
001740,2025-12-21,4635.0,-2.265372168284785,1,STOP,0.014319809069212411,0.22911694510739858,-0.28162291169451076,SK네트웍스
001740,2026-02-01,5600.0,2.678571428571419,4,TIMEOUT,0.11932773109243698,0.32100840336134456,-0.13109243697478992,SK네트웍스
001740,2026-02-15,5420.0,-2.2140221402214055,4,TIMEOUT,0.6585987261146496,0.5936305732484076,-0.10445859872611465,SK네트웍스
001740,2026-03-01,5750.0,-6.78260869565217,4,TIMEOUT,0.9910979228486647,0.5370919881305638,-0.0830860534124629,SK네트웍스
001740,2026-05-17,8100.0,60.49382716049383,4,TIMEOUT,0.6067285382830626,0.4756380510440835,-0.3619489559164733,SK네트웍스
001750,2025-11-09,18140.0,0.8269018743109147,2,STOP,0.19106047326906223,0.37598597721297106,-0.6345311130587205,한양증권
001750,2025-11-30,18750.0,3.5733333333333395,4,TIMEOUT,0.25384615384615383,0.17863247863247864,-0.4888888888888889,한양증권
001750,2025-12-14,19870.0,-6.794162053346753,4,STOP,0.29931972789115646,0.3129251700680272,-0.006802721088435374,한양증권
001750,2026-02-08,20400.0,15.931372549019617,4,TIMEOUT,0.025089605734767026,0.37455197132616486,-0.10931899641577061,한양증권
001750,2026-03-08,23650.0,5.919661733615222,4,TIMEOUT,1.1224572823433685,0.7717656631407649,-1.4401952807160292,한양증권
001750,2026-04-19,28250.0,-1.415929203539823,4,TIMEOUT,0.08766716196136701,0.5482912332838039,-0.46953937592867756,한양증권
001750,2026-05-10,28550.0,-13.309982486865145,2,STOP,0.41475409836065574,0.26557377049180325,-0.10163934426229508,한양증권
001780,2026-02-08,2210.0,-6.108597285067874,4,STOP,0.2662098049551924,0.36900369003690037,-0.3426462836056932,알루코
001780,2026-03-01,2240.0,-7.366071428571431,1,STOP,0.4214876033057851,0.43526170798898073,-0.24793388429752067,알루코
001780,2026-05-03,3005.0,-25.62396006655574,4,STOP,0.6371545547594677,0.32625383828045035,-0.13050153531218014,알루코
001780,2026-05-17,2805.0,-20.320855614973265,2,STOP,0.5677613320999075,0.48103607770582796,-0.13182238667900092,알루코
001790,2026-04-19,3165.0,-8.056872037914697,2,STOP,0.5701754385964912,0.4590643274853801,-0.23391812865497075,대한제당
001800,2026-02-08,22000.0,3.863636363636358,4,TIMEOUT,0.005577689243027889,0.34820717131474105,-0.12430278884462151,오리온홀딩스
001800,2026-03-08,22850.0,1.0940919037199182,4,STOP,0.9691681210005817,0.4857475276323444,-1.4136125654450262,오리온홀딩스
001800,2026-04-19,24650.0,0.6085192697768749,4,TIMEOUT,0.04481132075471698,0.35141509433962265,-0.49056603773584906,오리온홀딩스
001820,2025-09-07,32050.0,3.43213728549141,4,TIMEOUT,0.24726477024070023,0.19037199124726478,-1.0415754923413567,삼화콘덴서
001820,2025-10-05,33150.0,1.9607843137254832,4,TIMEOUT,1.0286195286195285,0.6414141414141414,-0.3569023569023569,삼화콘덴서
001820,2025-10-19,34250.0,-9.197080291970805,3,STOP,0.7978560490045942,0.7350689127105666,-0.3675344563552833,삼화콘덴서
001820,2026-03-08,47400.0,20.042194092827014,4,TIMEOUT,0.8813202247191011,0.7106741573033708,-0.35814606741573035,삼화콘덴서
001820,2026-04-26,63600.0,60.377358490566046,4,TIMEOUT,0.44676131322094054,0.8189884649511979,-0.16858917480035493,삼화콘덴서
001940,2025-11-30,26000.0,2.3076923076922995,4,TIMEOUT,0.23958333333333334,0.013888888888888888,-0.4652777777777778,KISCO홀딩스
001940,2025-12-21,26350.0,-6.451612903225811,2,STOP,0.039603960396039604,0.09570957095709572,-0.21782178217821782,KISCO홀딩스
001940,2026-04-19,27400.0,-8.941605839416056,3,STOP,0.30997304582210244,0.29649595687331537,-0.2371967654986523,KISCO홀딩스
001940,2026-05-03,27000.0,-7.592592592592595,1,STOP,0.27848101265822783,0.4430379746835443,-0.6987341772151898,KISCO홀딩스
002020,2025-11-30,55500.0,-8.46846846846847,4,TIMEOUT,0.4901287553648069,0.4223175965665236,-0.15107296137339055,코오롱
002020,2025-12-14,55700.0,-18.043087971274684,3,STOP,0.6711891460494812,0.6241021548284118,-0.7501995211492418,코오롱
002020,2026-03-01,68900.0,-19.303338171262695,2,STOP,1.117533718689788,0.4945407835581246,-0.05394990366088632,코오롱
002020,2026-03-29,69800.0,-11.46131805157593,1,STOP,0.07869934024505183,0.44910461828463716,-1.1017907634307258,코오롱
002020,2026-04-19,63300.0,-4.739336492891,1,STOP,0.013577023498694517,0.16344647519582245,-0.4595300261096606,코오롱
002020,2026-05-03,72000.0,-7.916666666666671,3,STOP,0.11013419713095789,0.04905136510874595,-0.5016196205460435,코오롱
002025,2025-11-30,28100.0,-5.338078291814952,4,TIMEOUT,0.34521880064829824,0.3419773095623987,-0.12965964343598055,코오롱우
002025,2026-03-08,27650.0,-3.2549728752260365,1,STOP,0.7275720164609053,0.24362139917695474,-1.6493827160493828,코오롱우
002025,2026-03-29,30000.0,-4.5000000000000036,4,STOP,0.10054137664346481,0.37587006960556846,-1.2962103634957463,코오롱우
002025,2026-04-19,29500.0,-2.881355932203389,1,STOP,0.005154639175257732,0.23711340206185566,-0.3848797250859107,코오롱우
002025,2026-05-03,31250.0,-9.28,4,STOP,0.16422764227642275,0.08292682926829269,-0.43902439024390244,코오롱우
002030,2025-11-02,356000.0,-2.3876404494381998,1,STOP,0.003076923076923077,0.18461538461538463,-0.49230769230769234,아세아
002030,2025-11-16,380000.0,-5.657894736842106,4,STOP,0.22043010752688172,0.1478494623655914,-0.521505376344086,아세아
002030,2025-11-30,395500.0,-9.355246523388116,2,STOP,0.5777262180974478,0.5266821345707656,-0.11600928074245939,아세아
002100,2026-04-05,9890.0,5.965621840242674,4,TIMEOUT,0.04328523862375139,0.20754716981132076,-0.3174250832408435,경농
002100,2026-05-03,10480.0,-6.393129770992367,2,STOP,0.2975420439844761,0.1759379042690815,-0.00517464424320828,경농
002140,2026-03-29,2720.0,3.492647058823528,4,TIMEOUT,0.4042904290429043,0.29042904290429045,-0.1716171617161716,고려산업
002140,2026-05-03,2830.0,-5.300353356890463,1,STOP,0.12682926829268293,0.2975609756097561,-0.13008130081300814,고려산업
002150,2026-03-15,6380.0,-0.31347962382445305,2,STOP,0.45646437994722955,0.026385224274406333,-1.5725593667546174,도화엔지니어링
002150,2026-04-12,7090.0,-1.128349788434413,4,TIMEOUT,0.03903345724907063,0.3048327137546468,-0.275092936802974,도화엔지니어링
002150,2026-05-03,7120.0,-11.65730337078652,2,STOP,0.5027624309392266,0.27624309392265195,-0.03683241252302026,도화엔지니어링
002170,2026-05-10,60300.0,-6.467661691542292,2,STOP,0.20496894409937888,0.012422360248447204,-0.8633540372670807,SYTS
002200,2025-12-28,3200.0,-2.34375,2,STOP,1.015,0.885,-0.04,한국수출포장
002200,2026-02-15,3235.0,-2.0092735703245768,2,STOP,0.022123893805309734,0.19911504424778761,-0.8849557522123894,한국수출포장
002220,2025-10-05,3585.0,8.647140864714075,4,TIMEOUT,0.6448863636363636,0.5127840909090909,-0.29261363636363635,한일철강
002220,2025-10-26,4405.0,-7.832009080590241,4,TIMEOUT,1.0344062153163152,0.9100998890122086,-0.048834628190899,한일철강
002220,2025-11-23,4060.0,24.87684729064039,4,TIMEOUT,0.4256816182937555,0.6314863676341249,-0.3095866314863676,한일철강
002220,2026-01-11,4700.0,-4.78723404255319,1,STOP,0.6197440585009141,0.42321755027422303,-0.6526508226691042,한일철강
002220,2026-01-25,4870.0,-6.570841889117041,1,STOP,0.2706078268109908,0.2631140716069942,-0.8959200666111574,한일철강
002240,2026-01-18,20600.0,14.320388349514568,4,TIMEOUT,0.5166784953867991,0.5117104329311568,-0.8474095102909865,고려제강
002240,2026-02-08,21650.0,-3.002309468822173,4,STOP,0.15225878416062466,0.5660903513664249,-0.4372559955382041,고려제강
002240,2026-03-01,23500.0,-10.63829787234043,1,STOP,0.5445689235265465,0.5557720409157331,-0.3019970774476376,고려제강
002240,2026-05-10,24400.0,-6.147540983606559,1,STOP,0.5101716465352829,0.10012714558169103,-0.06357279084551812,고려제강
002310,2026-01-25,7880.0,-1.269035532994922,1,STOP,0.15145228215767634,0.1970954356846473,-0.6763485477178424,아세아제지
002310,2026-03-08,9430.0,-6.892895015906686,3,STOP,0.8765432098765432,0.5343915343915344,-0.8624338624338624,아세아제지
002350,2025-11-09,7010.0,11.412268188302432,4,TIMEOUT,0.5075757575757576,0.5681818181818182,-0.898989898989899,넥센타이어
002350,2025-11-23,7290.0,9.327846364883396,4,TIMEOUT,0.98828125,0.82421875,-0.0546875,넥센타이어
002350,2025-12-28,7580.0,-1.715039577836408,1,STOP,0.6184615384615385,0.8569230769230769,-0.31076923076923074,넥센타이어
002350,2026-02-01,8030.0,11.830635118306354,4,TIMEOUT,0.021739130434782608,0.35451505016722407,-0.16387959866220736,넥센타이어
002360,2026-04-19,410.0,-10.73170731707317,1,STOP,0.0650953984287319,0.2087542087542084,-0.1234567901234568,SH에너지화학
002360,2026-05-24,2955.0,-30.964467005076145,4,TIMEOUT,0.4578646141701204,0.4880599960528913,-1.734754292480758,SH에너지화학
002380,2025-11-09,404000.0,-0.8663366336633671,2,STOP,0.16054421768707483,0.3197278911564626,-0.2503401360544218,KCC
002380,2026-02-08,462500.0,16.324324324324337,4,TIMEOUT,0.4594594594594595,0.5186615186615187,-0.10296010296010295,KCC
002380,2026-03-08,538000.0,-2.4163568773234223,3,STOP,0.8015978695073236,0.6757656458055925,-0.9254327563249002,KCC
002380,2026-05-31,550000.0,-1.4545454545454528,1,STOP,0.2847548690396239,0.08999328408327736,-0.5910006715916722,KCC
002420,2026-06-07,5890.0,-10.186757215619691,1,STOP,0.10166441745389114,0.14304993252361672,-0.40845704003598743,세기상사
002460,2026-03-08,12900.0,-4.573643410852712,3,STOP,0.5798387096774194,0.0846774193548387,-1.0838709677419356,HS화성
002630,2026-01-04,616.0,-3.409090909090906,1,STOP,0.15600448933782243,0.13804713804713883,-0.43322109988776686,오리엔트바이오
002700,2026-02-08,1389.0,-2.2318214542836556,4,TIMEOUT,0.030800821355236138,0.07597535934291674,-0.29568788501026877,신일전자
002700,2026-03-01,1377.0,0.9440813362382006,4,TIMEOUT,0.6720647773279316,0.354251012145749,-0.1336032388663949,신일전자
002700,2026-04-19,1478.0,-4.12719891745602,4,STOP,0.14308426073131955,0.3513513513513499,-0.3624801271860088,신일전자
002700,2026-05-10,1418.0,-0.07052186177715081,1,STOP,0.49570200573065776,0.2808022922636123,-0.501432664756447,신일전자
002710,2026-05-17,18050.0,-15.567867036011085,2,STOP,0.8757212605415002,0.48379937860630273,-0.6879715934309809,TCC스틸
002720,2026-02-08,4585.0,7.851690294438396,4,TIMEOUT,0.043668122270742356,0.22489082969432314,-0.25327510917030566,국제약품
002720,2026-03-08,4945.0,-1.6177957532861442,4,TIMEOUT,0.4736111111111111,0.3333333333333333,-0.5305555555555556,국제약품
002760,2026-03-08,1170.0,-1.1111111111111072,3,STOP,0.49563465413028845,0.3391537944929483,-1.2666218938885152,보락
002780,2026-01-25,723.0,-6.639004149377592,1,STOP,0.17277486910994724,0.24607329842931977,-0.5200698080279225,진흥기업
002780,2026-03-15,748.0,33.68983957219251,4,TIMEOUT,0.4646194926568767,0.0520694259012013,-1.1375166889185586,진흥기업
002780,2026-04-05,942.0,47.23991507430998,4,TIMEOUT,0.4597384721266342,0.6414315209910533,-0.002752924982794062,진흥기업
002780,2026-05-03,1387.0,-20.62004325883201,3,STOP,0.49545671927307466,0.5064562410329985,-0.11286465805834486,진흥기업
002780,2026-05-17,1176.0,-6.377551020408168,1,STOP,0.5205709487825357,0.6796809403862295,-0.18303946263643958,진흥기업
002790,2025-12-21,27850.0,-3.052064631956908,1,STOP,0.5607476635514018,0.2266355140186916,-0.780373831775701,아모레퍼시픽홀딩스
002790,2026-01-04,29000.0,-10.172413793103452,1,STOP,0.03938730853391685,0.3150984682713348,-0.5864332603938731,아모레퍼시픽홀딩스
002790,2026-03-01,31350.0,-13.237639553429027,1,STOP,0.7620689655172413,0.5655172413793104,-0.13793103448275862,아모레퍼시픽홀딩스
00279K,2026-03-22,24550.0,-4.887983706720977,2,STOP,0.38369304556354916,0.27577937649880097,-0.9256594724220624,아모레퍼시픽홀딩스3우C
002810,2025-12-28,15980.0,-4.443053817271592,2,STOP,0.5031847133757962,0.45605095541401275,-0.29554140127388534,삼영무역
002810,2026-02-15,20800.0,-7.499999999999996,4,TIMEOUT,0.5281445448227936,0.5934676858929813,-0.043085476025017375,삼영무역
002810,2026-03-08,19740.0,-3.1914893617021267,4,STOP,1.0472689075630253,0.7006302521008403,-0.8035714285714286,삼영무역
002810,2026-05-24,21600.0,0.4629629629629539,4,TIMEOUT,0.6406779661016949,0.37033898305084745,-0.7745762711864407,삼영무역
002870,2026-04-05,1195.0,-4.51882845188285,1,STOP,0.16012658227848073,0.2481012658227851,-0.5392405063291142,신풍
002900,2025-09-07,5990.0,-7.178631051752927,3,STOP,0.614963503649635,0.3704379562043796,-0.3978102189781022,TYM
002900,2025-09-21,5930.0,-6.2394603709949426,1,STOP,0.6282527881040892,0.4516728624535316,-0.10780669144981413,TYM
002900,2025-11-16,6350.0,4.409448818897643,4,TIMEOUT,0.33468559837728196,0.10547667342799188,-0.6004056795131846,TYM
002900,2026-01-04,6300.0,-3.650793650793649,2,STOP,0.27387387387387385,0.20540540540540542,-0.33513513513513515,TYM
002900,2026-02-01,7060.0,4.107648725212454,4,TIMEOUT,0.07148407148407149,0.22377622377622378,-0.045066045066045064,TYM
002900,2026-03-01,7350.0,-8.435374149659868,1,STOP,0.7401484865790977,0.46373500856653344,-0.33123929183323814,TYM
002900,2026-05-24,8070.0,-12.763320941759604,1,STOP,0.8376068376068376,0.6082621082621082,-0.30484330484330485,TYM
002960,2025-12-14,455000.0,-3.8461538461538436,3,STOP,0.8016085790884718,0.7694369973190348,-0.7131367292225201,한국쉘석유
002960,2026-03-08,527000.0,-7.1157495256167,4,TIMEOUT,0.7045101088646968,0.3856920684292379,-0.3390357698289269,한국쉘석유
002960,2026-03-22,478500.0,5.538140020898652,4,TIMEOUT,0.8407310704960835,0.5456919060052219,-0.6579634464751958,한국쉘석유
002960,2026-06-14,515000.0,-3.300970873786413,1,STOP,0.07162162162162163,0.16486486486486487,-0.4918918918918919,한국쉘석유
002990,2025-12-21,4380.0,-0.7990867579908634,4,TIMEOUT,0.8340874811463047,0.5641025641025641,-0.01809954751131222,금호건설
002990,2026-02-08,4335.0,6.805074971164937,4,TIMEOUT,0.04576659038901602,0.3695652173913043,-0.39816933638443935,금호건설
002990,2026-03-08,4630.0,0.8639308855291628,4,STOP,0.6026026026026026,0.4184184184184184,-1.3353353353353354,금호건설
002990,2026-04-12,5350.0,-6.542056074766355,4,STOP,0.22486413043478262,0.30910326086956524,-0.6970108695652174,금호건설
003000,2025-11-02,3695.0,8.660351826792967,4,TIMEOUT,0.17842323651452283,0.24273858921161826,-0.03319502074688797,부광약품
003000,2025-11-16,3900.0,1.4102564102564052,4,TIMEOUT,0.20272904483430798,0.42105263157894735,-0.042884990253411304,부광약품
003000,2025-12-21,3925.0,-3.694267515923566,1,STOP,0.41398865784499056,0.42533081285444235,-0.45368620037807184,부광약품
003000,2026-02-08,4020.0,27.86069651741294,4,TIMEOUT,0.07429420505200594,0.11144130757800892,-0.3194650817236256,부광약품
003000,2026-03-08,5140.0,63.035019455252915,4,TIMEOUT,0.808963763509218,0.7263191354100444,-0.7565162110616656,부광약품
003000,2026-03-29,9600.0,-20.20833333333333,4,TIMEOUT,0.9263431542461005,0.8838821490467937,-0.6377816291161178,부광약품
003010,2025-10-05,5400.0,-0.37037037037036535,1,STOP,0.21710526315789475,0.05921052631578947,-0.5394736842105263,혜인
003010,2026-03-15,5390.0,12.244897959183664,4,TIMEOUT,0.18522860492379836,0.01406799531066823,-1.0996483001172332,혜인
003010,2026-05-17,6470.0,-5.873261205564139,1,STOP,0.7387925881649731,0.5654512851165571,-0.6240286909742977,혜인
003030,2026-03-22,201000.0,7.213930348258701,4,TIMEOUT,0.5169258920402562,0.5196706312900274,-0.039341262580054895,세아제강지주
003030,2026-04-19,215500.0,-14.060324825986081,4,STOP,1.1489425981873111,0.8764350453172205,-0.23021148036253777,세아제강지주
003060,2026-05-10,3480.0,-22.844827586206897,4,TIMEOUT,0.5561714708056171,0.5308573540280856,-1.6570583887657055,에이프로젠바이오로직스
003070,2026-03-22,11970.0,1.0860484544695126,4,TIMEOUT,0.6525172754195459,0.5172754195459033,-0.6811451135241856,코오롱글로벌
003090,2025-12-21,23850.0,-5.660377358490565,1,STOP,0.4155495978552279,0.3672922252010724,-0.450402144772118,대웅
003090,2026-03-22,24600.0,1.0162601626016343,1,STOP,0.27617328519855594,0.23826714801444043,-0.8339350180505415,대웅
0030R0,2025-11-23,4500.0,0.0,4,STOP,0.24324324324324326,0.4594594594594595,-0.2702702702702703,대신밸류리츠
0030R0,2025-12-14,4580.0,-1.7467248908296984,1,STOP,0.4633333333333333,0.5066666666666667,-1.0533333333333332,대신밸류리츠
003160,2025-11-09,23250.0,-7.95698924731183,3,STOP,1.1429526834977428,1.0713927436883464,-0.5711419495067714,디아이
003160,2025-12-07,22350.0,-4.921700223713643,1,STOP,0.11865054105665182,0.5224697644812222,-0.40738383195416933,디아이
003160,2026-02-01,34450.0,4.499274310595069,4,TIMEOUT,0.9489382009067049,0.5559532331185875,-0.26246719160104987,디아이
003160,2026-03-08,35500.0,-9.859154929577462,1,STOP,0.4716981132075472,0.779073756432247,-1.3121783876500857,디아이
003160,2026-03-22,38750.0,-26.96774193548387,2,STOP,0.32166123778501626,0.5252442996742671,-0.6237785016286646,디아이
003200,2025-11-09,11400.0,11.228070175438587,4,TIMEOUT,0.7067183462532299,0.6395348837209303,-0.08785529715762273,일신방직
003200,2026-03-01,14450.0,-13.35640138408305,2,STOP,0.591875,0.19125,-0.01375,일신방직
003230,2025-09-21,1554000.0,-5.662805662805659,1,STOP,0.5725614591593973,0.514670896114195,-0.0015860428231562252,삼양식품
003230,2025-10-05,1509000.0,-3.644797879390327,1,STOP,0.3312741312741313,0.24633204633204633,-0.6517374517374518,삼양식품
003230,2026-05-03,1341000.0,-10.14168530947055,4,STOP,0.5616343490304709,0.4279778393351801,-0.35318559556786705,삼양식품
003240,2026-03-08,1220000.0,-7.868852459016395,4,STOP,1.1272401433691757,0.8243727598566308,-0.5053763440860215,태광산업
003240,2026-04-12,1174000.0,1.3628620102214661,3,STOP,0.041666666666666664,0.49573863636363635,-0.29924242424242425,태광산업
003280,2026-02-22,1938.0,56.346749226006196,4,TIMEOUT,0.6292517006802721,0.4132653061224482,-0.034013605442176874,흥아해운
003280,2026-04-12,3285.0,-12.024353120243536,3,STOP,0.6422353573347661,0.5747447608812468,-0.30951101558301986,흥아해운
003300,2026-04-12,17240.0,4.17633410672853,4,TIMEOUT,0.2936064556176288,0.3016759776536313,-0.7908131595282434,한일홀딩스
003300,2026-05-10,17960.0,-7.071269487750554,2,STOP,0.017062766605728214,0.1687995124923827,-0.376599634369287,한일홀딩스
003460,2026-03-22,3825.0,-13.464052287581696,2,STOP,0.7710064635272391,0.5475530932594644,-0.41920590951061865,유화증권
003470,2025-11-16,3855.0,-4.0207522697795035,1,STOP,0.10256410256410256,0.42857142857142855,-0.304029304029304,유안타증권
003470,2025-12-14,3840.0,-2.473958333333337,1,STOP,0.029535864978902954,0.10126582278481013,-0.5316455696202531,유안타증권
003470,2026-01-25,4035.0,42.998760842627014,4,TIMEOUT,0.14527845036319612,0.14043583535108958,-0.14043583535108958,유안타증권
003470,2026-03-08,4965.0,-9.264853977844911,4,STOP,0.8635634028892456,0.7351524879614767,-1.3113964686998394,유안타증권
003470,2026-05-10,7170.0,-27.754532775453278,3,STOP,0.36777920410783055,0.20667522464698332,-0.1810012836970475,유안타증권
003470,2026-05-24,5730.0,-9.598603839441534,1,STOP,0.6204128440366973,0.4959862385321101,-0.6536697247706422,유안타증권
003480,2026-02-15,5170.0,-6.866537717601551,3,STOP,0.1156773211567732,0.2998477929984779,-0.0547945205479452,한진중공업홀딩스
003480,2026-03-01,5210.0,-7.5815738963531665,1,STOP,0.5762987012987013,0.3409090909090909,-0.24025974025974026,한진중공업홀딩스
003480,2026-03-22,5300.0,-7.735849056603772,1,STOP,0.19876416065911431,0.1400617919670443,-0.9083419155509783,한진중공업홀딩스
003480,2026-05-17,5660.0,-9.18727915194346,2,STOP,0.8461538461538461,0.4656301145662848,-0.8968903436988543,한진중공업홀딩스
003490,2026-02-01,23300.0,20.600858369098706,4,TIMEOUT,0.31950207468879666,0.5560165975103735,-0.04149377593360996,대한항공
003490,2026-03-08,24500.0,-0.8163265306122436,1,STOP,0.4388646288209607,0.42358078602620086,-1.0305676855895196,대한항공
003490,2026-03-22,26350.0,-12.713472485768495,2,STOP,0.3157894736842105,0.3007518796992481,-0.650375939849624,대한항공
003490,2026-05-17,27050.0,-7.948243992606285,3,STOP,0.2163355408388521,0.039735099337748346,-0.5783664459161147,대한항공
003520,2026-01-04,2025.0,-5.876543209876539,1,STOP,0.004942339373969596,0.06919275123558559,-0.12191103789126816,영진약품
003530,2026-03-08,7600.0,-5.394736842105264,3,STOP,0.9488264717198923,0.8507118122354752,-1.152751058099269,한화투자증권
003535,2025-10-26,9500.0,-1.8947368421052602,1,STOP,0.7609970674486803,0.4946236559139785,-0.841642228739003,한화투자증권우
003540,2025-10-12,26850.0,-0.5586592178770999,1,STOP,0.33290653008962867,0.020486555697823303,-0.5121638924455826,대신증권
003540,2025-11-09,27800.0,-2.517985611510787,2,STOP,0.13254437869822486,0.378698224852071,-0.44023668639053254,대신증권
003540,2025-12-14,28450.0,-4.0421792618629215,1,STOP,0.020689655172413793,0.135632183908046,-0.6758620689655173,대신증권
003540,2026-02-15,41400.0,-3.7439613526570104,4,TIMEOUT,0.697428139183056,0.6111951588502269,-0.39939485627836613,대신증권
003540,2026-03-08,40000.0,-5.3749999999999964,3,STOP,1.1808999081726355,0.928374655647383,-1.019283746556474,대신증권
003545,2025-09-14,21250.0,-2.8235294117647025,4,TIMEOUT,0.037783375314861464,0.2008816120906801,-0.031486146095717885,대신증권우
003545,2025-10-12,20650.0,0.2421307506053294,4,STOP,0.3132400430570506,0.19806243272335844,-0.38751345532831,대신증권우
003545,2025-11-16,21450.0,-3.4965034965035002,2,STOP,0.1625615763546798,0.20689655172413793,-0.23645320197044334,대신증권우
003545,2025-12-07,21300.0,-2.5821596244131495,2,STOP,0.043478260869565216,0.00966183574879227,-0.5603864734299517,대신증권우
003545,2026-01-25,22100.0,34.84162895927603,4,TIMEOUT,0.16574585635359115,0.09944751381215469,-0.22099447513812154,대신증권우
003545,2026-03-08,26000.0,-4.807692307692313,3,STOP,1.0059642147117296,0.8091451292246521,-1.312127236580517,대신증권우
003547,2025-09-14,19880.0,-1.1569416498994012,4,TIMEOUT,0.07371794871794872,0.28926282051282054,-0.14262820512820512,대신증권2우B
003547,2025-10-12,19650.0,1.7302798982188339,4,TIMEOUT,0.3171471927162367,0.3156297420333839,-0.0819423368740516,대신증권2우B
003547,2025-11-09,19990.0,-1.1005502751375684,3,STOP,0.3333333333333333,0.4211309523809524,-0.8660714285714286,대신증권2우B
003547,2025-12-07,20450.0,-1.9559902200488977,4,STOP,0.10174029451137885,0.17804551539491298,-0.6854082998661312,대신증권2우B
003547,2025-12-28,20500.0,-2.195121951219514,1,STOP,0.03713527851458886,0.26525198938992045,-0.20424403183023873,대신증권2우B
003547,2026-01-25,21200.0,36.32075471698113,4,TIMEOUT,0.19874804381846636,0.11737089201877934,-0.30985915492957744,대신증권2우B
003547,2026-02-08,21800.0,14.678899082568808,4,TIMEOUT,0.41890315052508753,0.5635939323220537,-0.14935822637106183,대신증권2우B
003547,2026-03-08,25000.0,-5.200000000000005,3,STOP,1.0414765657403566,0.8129406885109913,-1.5346329323931978,대신증권2우B
003550,2025-11-23,79300.0,3.0264817150063017,4,TIMEOUT,0.7215189873417721,0.33273056057866185,-0.4810126582278481,LG
003550,2026-01-18,87500.0,9.371428571428563,4,TIMEOUT,0.024734982332155476,0.10954063604240283,-0.6713780918727915,LG
003550,2026-02-08,89700.0,4.793756967670015,4,TIMEOUT,0.45339652448657186,0.5323854660347551,-0.17377567140600317,LG
003550,2026-03-08,94000.0,-4.255319148936165,1,STOP,0.6094117647058823,0.6235294117647059,-0.92,LG
003550,2026-03-22,95500.0,-6.806282722513091,1,STOP,0.29543039319872477,0.3900106269925611,-0.9075451647183846,LG
003550,2026-05-17,152100.0,-29.980276134122285,4,STOP,0.8191039729501268,0.5063398140321217,-0.5224006762468301,LG
003555,2025-11-09,66800.0,4.79041916167664,4,TIMEOUT,0.42735042735042733,0.5897435897435898,-0.5042735042735043,LG우
003555,2026-02-08,69000.0,3.6231884057970953,4,TIMEOUT,0.2199710564399421,0.341534008683068,-0.4399421128798842,LG우
003555,2026-03-08,71500.0,-2.9370629370629397,1,STOP,0.5115346038114343,0.49147442326980945,-1.3841524573721165,LG우
003555,2026-05-17,89300.0,-17.805151175811872,3,STOP,0.4898989898989899,0.10101010101010101,-0.45454545454545453,LG우
003570,2025-09-07,57300.0,26.70157068062826,4,TIMEOUT,0.3322804801010739,0.17435249526216046,-0.07327858496525584,SNT다이내믹스
003570,2025-10-12,68500.0,-10.948905109489049,1,STOP,0.7148988350705089,0.6351931330472103,-0.40956468424279585,SNT다이내믹스
003570,2026-04-26,58300.0,-9.60548885077187,2,STOP,0.1334231805929919,0.21293800539083557,-0.11590296495956873,SNT다이내믹스
003580,2026-01-04,2430.0,-8.436213991769549,4,STOP,0.023952095808383235,0.15059880239521012,-0.45209580838323354,HLB글로벌
003580,2026-01-25,2545.0,-12.573673870333991,1,STOP,0.3620689655172414,0.21120689655172414,-0.521551724137931,HLB글로벌
003610,2025-09-28,5070.0,7.100591715976323,4,TIMEOUT,0.6202185792349727,0.47404371584699456,-1.169398907103825,방림
003610,2025-11-23,5530.0,7.233273056057876,4,TIMEOUT,0.09110169491525423,0.2076271186440678,-0.6122881355932204,방림
003610,2025-12-21,5930.0,-7.757166947723437,4,STOP,0.9067296340023613,0.602125147579693,-0.02833530106257379,방림
003610,2026-03-01,5930.0,-8.09443507588533,1,STOP,0.3763157894736842,0.07631578947368421,-0.11052631578947368,방림
003620,2025-12-28,3535.0,-1.1315417256011262,1,STOP,0.05185185185185185,0.2222222222222222,-0.044444444444444446,KG모빌리티
003620,2026-02-01,3885.0,4.118404118404118,4,TIMEOUT,0.03164556962025317,0.19746835443037974,-0.34177215189873417,KG모빌리티
003620,2026-03-01,4045.0,-13.349814585908526,1,STOP,0.6485507246376812,0.3611111111111111,-0.17391304347826086,KG모빌리티
003620,2026-05-17,3995.0,-6.007509386733412,1,STOP,0.8005018820577164,0.17189460476787954,-1.0790464240903388,KG모빌리티
003650,2026-03-08,128000.0,-8.906250000000004,1,STOP,0.3926512968299712,0.29250720461095103,-0.8170028818443804,미창석유
003670,2025-10-19,193500.0,8.268733850129205,4,TIMEOUT,0.2941896024464832,0.3070336391437309,-0.634862385321101,포스코퓨처엠
003670,2025-11-09,207000.0,-0.48309178743961567,4,TIMEOUT,1.2564620355411955,0.8473344103392568,-0.0024232633279483036,포스코퓨처엠
003670,2026-03-01,247000.0,-22.71255060728745,2,STOP,0.8671140939597315,0.3821029082774049,-0.22818791946308725,포스코퓨처엠
003670,2026-05-17,260500.0,-19.769673704414593,3,STOP,0.9092176337341,0.37288726258930127,-0.48092002090956615,포스코퓨처엠
003680,2025-12-21,5850.0,-4.61538461538461,2,STOP,0.45395590142671854,0.14267185473411154,-0.27496757457846954,한성기업
003690,2025-09-07,10910.0,-0.18331805682859637,4,TIMEOUT,0.0784,0.3456,-0.2336,코리안리
003690,2025-09-21,11300.0,-3.8053097345132736,3,STOP,0.09010600706713781,0.26148409893992935,-0.27208480565371024,코리안리
003690,2025-11-23,11130.0,4.312668463611868,4,TIMEOUT,0.14545454545454545,0.1834710743801653,-0.1487603305785124,코리안리
003690,2026-03-08,12790.0,-4.769351055512116,4,STOP,0.9038984587488668,0.5448776065276518,-1.1894832275611968,코리안리
003720,2025-09-21,5130.0,-6.530214424951264,2,STOP,0.845098830173457,0.8249294070189592,-0.058491327148043566,삼영
003720,2025-11-16,6060.0,14.686468646864693,4,TIMEOUT,0.00706436420722135,0.1185243328100471,-0.5321821036106751,삼영
003720,2025-12-21,6270.0,-3.189792663476876,2,STOP,0.9171974522292994,0.6650743099787686,-0.5966029723991507,삼영
003720,2026-03-01,7530.0,1.195219123505975,4,TIMEOUT,0.8003714020427113,0.3565459610027855,-0.007428040854224698,삼영
003720,2026-05-24,10700.0,-12.05607476635514,1,STOP,1.205341246290801,0.8249258160237388,-1.2474777448071217,삼영
003780,2025-09-07,6500.0,4.923076923076919,4,TIMEOUT,0.8136882129277566,0.5741444866920152,-0.1444866920152091,진양산업
003780,2025-10-05,6820.0,-4.252199413489732,3,STOP,1.0857843137254901,0.8848039215686274,-0.46568627450980393,진양산업
003780,2025-11-02,6860.0,0.8746355685131268,1,STOP,0.26666666666666666,0.4666666666666667,-0.7022222222222222,진양산업
003850,2025-11-02,8830.0,-5.775764439411102,3,STOP,0.020594965675057208,0.12128146453089245,-0.009153318077803204,보령
003850,2025-11-16,8750.0,-4.9142857142857155,1,STOP,0.04831932773109244,0.22058823529411764,-0.06302521008403361,보령
003850,2025-11-30,8940.0,0.8948545861297452,4,TIMEOUT,0.19089316987740806,0.017513134851138354,-0.9807355516637478,보령
003850,2025-12-28,9020.0,-2.328159645232819,2,STOP,0.4543726235741445,0.3897338403041825,-0.22053231939163498,보령
003850,2026-01-25,9190.0,12.622415669205655,4,TIMEOUT,0.060714285714285714,0.09107142857142857,-0.7035714285714286,보령
003850,2026-03-08,9470.0,-1.055966209081305,2,STOP,0.38134592680047225,0.2727272727272727,-1.1641086186540732,보령
003850,2026-03-29,9650.0,-5.388601036269424,1,STOP,0.05393258426966292,0.19662921348314608,-0.748314606741573,보령
003850,2026-04-26,10170.0,-5.408062930186819,2,STOP,0.023121387283236993,0.24739884393063583,-0.09942196531791908,보령
003920,2026-04-12,52200.0,-4.214559386973182,4,STOP,0.23180873180873182,0.12162162162162163,-0.6174636174636174,남양유업
004000,2025-10-05,46000.0,-0.8695652173912993,4,STOP,0.8,0.5015873015873016,-0.33650793650793653,롯데정밀화학
004000,2025-12-21,46800.0,-3.0982905982905984,1,STOP,0.007374631268436578,0.061946902654867256,-0.19469026548672566,롯데정밀화학
004000,2026-03-15,51400.0,-8.268482490272378,3,STOP,0.4269782262347318,0.27296866702071165,-0.605416887944769,롯데정밀화학
004000,2026-04-12,51200.0,22.265625,4,TIMEOUT,0.24285714285714285,0.20982142857142858,-0.625,롯데정밀화학
004000,2026-05-17,59000.0,-8.47457627118644,1,STOP,0.732776617954071,0.6186499652052888,-0.6096033402922756,롯데정밀화학
004020,2025-09-28,35150.0,-5.5476529160739645,1,STOP,0.2,0.16635514018691588,-0.10467289719626169,현대제철
004020,2026-03-08,39750.0,-11.949685534591193,3,STOP,0.5567360815979601,0.5405864853378666,-0.7343816404589886,현대제철
004020,2026-05-17,46200.0,-13.095238095238093,2,STOP,0.6434878587196468,0.1423841059602649,-0.4194260485651214,현대제철
004060,2026-02-08,4910.0,20.366598778004064,4,TIMEOUT,0.09622641509433963,0.18867924528301888,-0.8603773584905661,SG세계물산
004060,2026-03-08,5910.0,-10.998307952622676,4,TIMEOUT,1.0844686648501363,0.7538601271571299,-0.1344232515894641,SG세계물산
004090,2026-02-01,15950.0,2.1943573667711602,4,TIMEOUT,0.3039647577092511,0.3377386196769457,-0.5580029368575624,한국석유
004090,2026-03-22,17520.0,-4.509132420091322,1,STOP,0.48997621474685693,0.42654887303205347,-0.38056405028882095,한국석유
004100,2025-12-14,2590.0,-10.617760617760618,3,STOP,0.8911419423692636,0.6670224119530416,-0.06937033084311632,태양금속
004100,2026-03-08,2845.0,2.4604569420035194,4,TIMEOUT,0.7282809611829945,0.3419593345656192,-0.11090573012939002,태양금속
004100,2026-04-05,2915.0,10.977701543739272,4,TIMEOUT,0.7329376854599406,0.7477744807121661,-0.6468842729970327,태양금속
004100,2026-05-03,3235.0,-9.428129829984544,1,STOP,0.383199079401611,0.6766398158803222,-0.37284234752589185,태양금속
004140,2026-03-29,2720.0,10.110294117647056,4,TIMEOUT,0.20754716981132076,0.25728987993138935,-0.3018867924528302,동방
004140,2026-04-26,2995.0,-7.512520868113526,2,STOP,0.20300751879699247,0.31278195488721805,-0.012030075187969926,동방
004150,2026-03-08,3255.0,-1.0752688172043001,4,STOP,0.7071583514099783,0.3665943600867679,-1.5704989154013016,한솔홀딩스
004150,2026-04-19,3430.0,-4.518950437317781,1,STOP,0.021103896103896104,0.16558441558441558,-0.2077922077922078,한솔홀딩스
004150,2026-05-24,4120.0,-14.320388349514568,3,STOP,0.257847533632287,0.35201793721973096,-0.3452914798206278,한솔홀딩스
004150,2026-06-07,3655.0,-3.4199726402188824,1,STOP,0.5621734587251829,0.3458725182863114,-0.7063740856844305,한솔홀딩스
004170,2026-01-04,231000.0,38.31168831168832,4,TIMEOUT,0.8436974789915966,0.8298319327731093,-0.7983193277310925,신세계
004170,2026-02-01,319500.0,15.336463223787167,4,TIMEOUT,0.5702479338842975,0.8578512396694215,-0.15867768595041323,신세계
004170,2026-03-08,334000.0,-8.682634730538918,4,STOP,0.8772782503037667,0.7278250303766707,-1.057108140947752,신세계
004170,2026-05-17,560000.0,24.10714285714286,4,TIMEOUT,0.9263803680981595,0.5985977212971078,-0.26818580192813324,신세계
004250,2026-04-19,3980.0,-2.010050251256279,1,STOP,0.1402439024390244,0.24390243902439024,-0.17073170731707318,NPC
004250,2026-05-03,3925.0,-6.242038216560508,1,STOP,0.16023166023166024,0.05019305019305019,-0.24324324324324326,NPC
004310,2025-09-21,3955.0,-2.402022756005062,1,STOP,0.003976143141153081,0.27335984095427435,-0.16699801192842942,현대약품
004310,2026-01-18,13190.0,8.718726307808943,4,TIMEOUT,1.1651352730985196,0.9846860643185299,-0.5410923940786115,현대약품
004310,2026-02-01,12020.0,-0.8319467554076532,4,TIMEOUT,1.0034392069593365,1.0594780497673477,-0.05988266235079911,현대약품
004310,2026-03-01,11920.0,-16.10738255033557,1,STOP,0.4049159120310479,0.7270375161707633,-0.3221216041397154,현대약품
004360,2025-12-14,15500.0,-9.419354838709681,3,STOP,0.435006435006435,0.31917631917631917,-0.010296010296010296,세방
004360,2025-12-28,15050.0,-6.710963455149499,1,STOP,0.8416289592760181,0.581447963800905,-0.058823529411764705,세방
004360,2026-03-08,14790.0,1.893171061528065,4,STOP,0.6524559777571826,0.07970342910101946,-1.4754402224281742,세방
004360,2026-05-10,16100.0,-8.074534161490687,1,STOP,0.2224390243902439,0.018536585365853658,-0.09560975609756098,세방
004370,2025-09-28,437000.0,-1.7162471395881007,3,STOP,0.7832402234636872,0.5128491620111731,-0.4022346368715084,농심
004410,2026-03-01,240.0,-24.583333333333336,4,TIMEOUT,0.4782608695652174,0.4260869565217384,-0.09565217391304298,서울식품
004410,2026-05-24,1303.0,-18.18879508825787,4,TIMEOUT,0.46346929627969513,0.4285073957866429,-1.734648139847602,서울식품
004430,2026-04-26,10590.0,13.125590179414548,4,TIMEOUT,0.3905579399141631,0.3147353361945637,-0.022889842632331903,송원산업
004430,2026-05-17,12470.0,-15.79791499599038,2,STOP,1.0737327188940091,0.8953258722843976,-0.13429888084265965,송원산업
004440,2026-03-22,6640.0,12.5,4,TIMEOUT,0.029411764705882353,0.033823529411764704,-0.08235294117647059,삼일씨엔에스
004440,2026-04-12,8000.0,-9.999999999999998,4,STOP,0.7721036585365854,0.7355182926829268,-0.125,삼일씨엔에스
004490,2025-12-21,66400.0,-6.024096385542165,2,STOP,0.29545454545454547,0.20909090909090908,-0.3181818181818182,세방전지
004560,2026-03-08,18300.0,-13.551912568306012,3,STOP,1.0008939213349226,0.7854588796185935,-0.7246722288438617,현대비앤지스틸
004690,2026-02-01,143600.0,6.197771587743728,4,TIMEOUT,0.023575638506876228,0.1650294695481336,-0.047151277013752456,삼천리
004690,2026-03-01,152500.0,-9.57377049180328,1,STOP,1.0,0.6345004269854825,-0.17933390264731,삼천리
004690,2026-03-22,154400.0,-11.010362694300513,2,STOP,0.3289835164835165,0.3901098901098901,-0.6634615384615384,삼천리
004700,2025-12-07,69700.0,-4.304160688665714,3,STOP,0.988929889298893,0.35178351783517836,-0.2952029520295203,조광피혁
004700,2026-02-08,69300.0,-8.36940836940837,4,STOP,0.04889589905362776,0.05362776025236593,-0.2334384858044164,조광피혁
004710,2025-11-02,6510.0,-3.840245775729645,2,STOP,0.4461391801715923,0.32634254845884914,-0.4194470924690181,한솔테크닉스
004710,2026-05-10,10880.0,13.235294117647056,4,TIMEOUT,1.088703261734288,0.6388225934765315,-0.1909307875894988,한솔테크닉스
004720,2025-09-14,4500.0,-2.444444444444449,2,STOP,0.08020477815699659,0.12457337883959044,-0.24914675767918087,팜젠사이언스
004720,2026-02-01,4210.0,-0.3562945368171033,1,STOP,0.10695187165775401,0.16399286987522282,-0.5204991087344029,팜젠사이언스
004770,2026-02-08,1629.0,1.2891344383057168,4,TIMEOUT,0.2288961038961061,0.3749999999999985,-0.3603896103896111,써니전자
004770,2026-02-22,1606.0,-0.9962640099626441,4,STOP,0.45411392405063,0.27689873417721517,-0.4208860759493656,써니전자
004770,2026-03-29,1663.0,8.659049909801553,4,TIMEOUT,0.015070921985816006,0.1595744680851064,-0.6471631205673759,써니전자
004770,2026-04-26,1807.0,-5.368013281682349,3,STOP,0.44420131291028514,0.37053245805981005,-0.017505470459519265,써니전자
004770,2026-05-10,1760.0,-2.840909090909094,1,STOP,0.5513955071477196,0.375765827093261,-0.4833219877467665,써니전자
004800,2025-10-12,89400.0,49.776286353467555,4,TIMEOUT,0.12093023255813953,0.35348837209302325,-0.17674418604651163,효성
004800,2025-11-23,122900.0,-3.173311635475995,4,STOP,0.9983397897066962,0.7249584947426674,-0.7969009407858328,효성
004800,2026-02-08,140000.0,4.428571428571426,4,STOP,0.6101587301587301,0.37396825396825395,-0.4812698412698413,효성
004800,2026-05-24,221000.0,-19.004524886877828,2,STOP,0.9773982923154194,0.7016574585635359,-0.8890005022601708,효성
004960,2025-12-07,11200.0,-9.642857142857142,4,TIMEOUT,0.36678507992895204,0.369449378330373,-0.3410301953818828,한신공영
004960,2025-12-28,10210.0,-6.170421155729677,3,STOP,0.8032886723507917,0.6419001218026796,-0.3313032886723508,한신공영
004960,2026-03-08,12880.0,20.88509316770186,4,TIMEOUT,0.8829621957534955,0.4438114966338685,-1.1330916623511134,한신공영
004960,2026-05-10,16170.0,-8.101422387136669,1,STOP,0.1394335511982571,0.1310820624546115,-0.42556281771968046,한신공영
004980,2026-05-10,11050.0,-7.149321266968323,1,STOP,0.4607969151670951,0.16388174807197944,-0.061696658097686374,성신양회
004990,2026-03-08,31700.0,-5.047318611987384,1,STOP,0.8504936530324401,0.5613540197461213,-1.5768688293370945,롯데지주
004990,2026-03-22,32400.0,-4.475308641975307,1,STOP,0.2565104166666667,0.3971354166666667,-0.9453125,롯데지주
005010,2026-02-08,4245.0,4.240282685512375,4,TIMEOUT,0.06212424849699399,0.24448897795591182,-0.21643286573146292,휴스틸
005010,2026-03-01,4325.0,21.156069364161855,4,TIMEOUT,0.4696223316912972,0.3333333333333333,-0.3218390804597701,휴스틸
005010,2026-04-05,6090.0,11.98686371100164,4,TIMEOUT,0.8090277777777778,0.8289930555555556,-0.3125,휴스틸
005010,2026-05-17,6050.0,-7.107438016528922,1,STOP,0.1903114186851211,0.541275333662877,-0.5773603559070687,휴스틸
005070,2025-09-14,41750.0,-1.0778443113772407,2,STOP,0.7079646017699115,0.45132743362831856,-1.1106194690265487,코스모신소재
005070,2025-11-09,50700.0,-10.256410256410254,2,STOP,0.7466666666666667,0.38296296296296295,-0.24888888888888888,코스모신소재
005070,2025-11-30,49650.0,-6.143001007049342,3,STOP,0.2686187141947804,0.27243793761935076,-0.8771483131763208,코스모신소재
005070,2026-03-29,51700.0,-0.9671179883945835,1,STOP,0.06444977716832362,0.30990743914981145,-0.7596846074734316,코스모신소재
005070,2026-05-17,57100.0,-4.378283712784592,1,STOP,0.6909975669099757,0.19951338199513383,-0.9472830494728305,코스모신소재
005090,2025-12-28,23450.0,-8.742004264392323,1,STOP,0.4439252336448598,0.205607476635514,-0.6635514018691588,SGC에너지
005090,2026-03-08,49250.0,15.329949238578688,4,TIMEOUT,1.592455621301775,1.1020710059171597,-0.7100591715976331,SGC에너지
005090,2026-04-26,63400.0,-14.984227129337535,3,STOP,0.16797994269340974,0.5848853868194842,-0.6482808022922636,SGC에너지
005180,2025-12-28,77400.0,-5.813953488372093,1,STOP,0.271875,0.1,-0.56875,빙그레
005180,2026-01-18,76500.0,-2.2222222222222254,2,STOP,0.15503875968992248,0.13695090439276486,-0.7183462532299741,빙그레
005180,2026-02-08,78400.0,-2.5510204081632626,4,STOP,0.10049019607843138,0.16911764705882354,-0.6323529411764706,빙그레
005250,2025-11-30,16190.0,0.8029647930821504,4,TIMEOUT,0.29854096520763185,0.122334455667789,-0.835016835016835,녹십자홀딩스
005250,2025-12-28,16320.0,-2.389705882352944,1,STOP,0.28512396694214875,0.3987603305785124,-0.29958677685950413,녹십자홀딩스
005300,2025-12-21,133500.0,-6.367041198501877,3,STOP,0.6289308176100629,0.5723270440251572,-0.06828391734052111,롯데칠성
005300,2026-01-25,131300.0,8.149276466108146,4,TIMEOUT,0.04195804195804196,0.24553224553224554,-0.47707847707847706,롯데칠성
005305,2026-02-01,81100.0,12.946979038224416,4,TIMEOUT,0.425531914893617,0.6750483558994197,-0.1702127659574468,롯데칠성우
005305,2026-03-08,84300.0,-4.8635824436536135,1,STOP,0.7469670710571924,0.6048526863084922,-1.559792027729636,롯데칠성우
005380,2025-09-07,220000.0,-2.7272727272727226,2,STOP,0.2974137931034483,0.39655172413793105,-0.08620689655172414,현대차
005380,2025-10-05,220000.0,-1.3636363636363669,1,STOP,0.12244897959183673,0.1377551020408163,-0.4489795918367347,현대차
005380,2025-10-19,243000.0,12.139917695473246,4,TIMEOUT,0.072992700729927,0.39902676399026765,-0.7493917274939172,현대차
005380,2025-11-23,259500.0,11.17533718689787,4,TIMEOUT,1.1017964071856288,0.6347305389221557,-0.6323353293413174,현대차
005380,2025-12-21,288500.0,43.15424610051992,4,TIMEOUT,0.348993288590604,0.8506711409395973,-0.22483221476510068,현대차
005380,2026-02-15,499000.0,3.607214428857719,4,TIMEOUT,1.4842657342657342,1.1022727272727273,-0.08566433566433566,현대차
005380,2026-05-24,655000.0,-7.328244274809159,3,STOP,0.6833013435700576,0.32821497120921306,-0.49776071657069737,현대차
005380,2026-06-07,700000.0,-13.28571428571429,1,STOP,0.9729431253451132,0.6062948647156268,-0.38321369409166206,현대차
005385,2025-10-05,166700.0,-0.6598680263947165,1,STOP,0.15474209650582363,0.1447587354409318,-0.5357737104825291,현대차우
005385,2025-11-16,200500.0,3.4912718204488824,4,TIMEOUT,1.17431906614786,0.8715953307392996,-0.07937743190661478,현대차우
005385,2025-12-21,202500.0,33.827160493827165,4,TIMEOUT,0.16427340608845492,0.7191269385410684,-0.20333141872487076,현대차우
005385,2026-02-08,246500.0,10.95334685598377,4,TIMEOUT,1.0038387715930903,0.7880998080614203,-0.9021113243761996,현대차우
005385,2026-03-08,273500.0,-3.1078610603290646,1,STOP,0.33359704641350213,0.692246835443038,-1.0891350210970465,현대차우
005387,2025-09-14,173500.0,-5.187319884726227,1,STOP,0.4351032448377581,0.47345132743362833,-0.35398230088495575,현대차2우B
005387,2025-10-05,169100.0,-0.4139562389118834,1,STOP,0.05625,0.0796875,-0.440625,현대차2우B
005387,2025-11-16,203500.0,3.439803439803435,4,TIMEOUT,1.064259927797834,0.7783393501805054,-0.08664259927797834,현대차2우B
005387,2026-02-08,249500.0,10.420841683366744,4,TIMEOUT,0.9328621908127208,0.7526501766784452,-0.8904593639575972,현대차2우B
005389,2025-09-07,167500.0,-2.9253731343283573,2,STOP,0.5388692579505301,0.5618374558303887,-0.10600706713780919,현대차3우B
005389,2025-10-05,166200.0,29.061371841155225,4,TIMEOUT,0.17293233082706766,0.18984962406015038,-0.5977443609022557,현대차3우B
005389,2025-10-19,179000.0,11.396648044692736,4,TIMEOUT,0.027472527472527472,0.48717948717948717,-0.7362637362637363,현대차3우B
005389,2025-11-09,194000.0,7.731958762886593,4,TIMEOUT,0.9289843104872006,0.8142031379025598,-0.35342691990090835,현대차3우B
005389,2026-02-08,237500.0,8.631578947368412,4,TIMEOUT,1.0075250836120402,0.762123745819398,-0.9991638795986622,현대차3우B
005389,2026-03-08,258000.0,-3.6821705426356544,1,STOP,0.2518710420264824,0.6390328151986183,-1.0995970063327576,현대차3우B
005420,2025-11-09,17560.0,-8.656036446469251,2,STOP,0.587782340862423,0.2546201232032854,-0.4702258726899384,코스모화학
005430,2025-09-28,68300.0,-7.759882869692536,3,STOP,0.5239005736137667,0.5315487571701721,-0.2332695984703633,한국공항
005430,2026-02-01,68700.0,-2.4745269286754024,4,TIMEOUT,0.31262939958592134,0.6045548654244306,-0.13250517598343686,한국공항
005440,2025-12-14,8630.0,-7.068366164542295,3,STOP,0.33746556473829203,0.09641873278236915,-0.44352617079889806,현대지에프홀딩스
005440,2025-12-28,8390.0,-4.410011918951129,1,STOP,0.24508320726172467,0.2859304084720121,-0.12708018154311648,현대지에프홀딩스
005440,2026-02-01,9280.0,72.41379310344827,4,TIMEOUT,0.1,0.30454545454545456,-0.1606060606060606,현대지에프홀딩스
005440,2026-02-15,14420.0,1.2482662968099856,4,TIMEOUT,0.8243944636678201,0.7794117647058824,-0.21626297577854672,현대지에프홀딩스
005440,2026-03-08,14510.0,-7.305306685044799,4,STOP,1.3753226639132679,0.9979349509550852,-0.22922044398554467,현대지에프홀딩스
005490,2025-11-30,309500.0,-2.2617124394184174,3,STOP,0.49836065573770494,0.3912568306010929,-0.4021857923497268,POSCO홀딩스
005490,2026-02-08,359500.0,-1.6689847009735748,4,STOP,0.5648604269293924,0.4630541871921182,-0.1510673234811166,POSCO홀딩스
005490,2026-05-24,447500.0,-12.849162011173188,2,STOP,1.168481078278901,0.769310523587351,-1.2503888024883358,POSCO홀딩스
005500,2025-11-30,20800.0,-0.24038461538461453,4,TIMEOUT,0.3398268398268398,0.3560606060606061,-0.3939393939393939,삼진제약
005500,2025-12-14,20550.0,-5.936739659367396,3,STOP,0.508641975308642,0.5419753086419753,-0.4567901234567901,삼진제약
005500,2026-05-24,22400.0,-13.794642857142858,3,STOP,0.35129533678756475,0.32694300518134717,-0.41761658031088084,삼진제약
005500,2026-06-07,20300.0,-4.876847290640396,1,STOP,0.38512949039264827,0.31996658312447784,-0.6800334168755221,삼진제약
005680,2026-02-22,12100.0,30.330578512396688,4,TIMEOUT,0.8049132947976878,0.5563583815028902,-0.1791907514450867,삼영전자
005680,2026-03-08,11780.0,30.135823429541595,4,TIMEOUT,0.7798219584569733,0.4427299703264095,-1.0421364985163204,삼영전자
005680,2026-04-12,14520.0,6.404958677685957,4,TIMEOUT,0.9861626729665879,0.8963887951400608,-0.32399595005062437,삼영전자
005690,2025-10-26,14830.0,10.923803101820639,4,TIMEOUT,0.5038274182324287,0.25191370911621436,-0.2045929018789144,파미셀
005690,2025-11-23,16450.0,-8.814589665653493,4,STOP,0.9172965762561138,0.7550022232103157,-0.06847487772343264,파미셀
005690,2026-04-12,16740.0,15.412186379928317,4,TIMEOUT,0.13163716814159293,0.27876106194690264,-0.6688790560471977,파미셀
005690,2026-05-17,17910.0,-7.258514796203242,1,STOP,0.40910760190965845,0.27469702533969886,-0.6874770473742197,파미셀
005720,2026-03-01,6930.0,-2.5974025974025983,4,TIMEOUT,0.8045602605863192,0.40553745928338764,-0.1758957654723127,넥센
005720,2026-05-10,7200.0,-7.499999999999996,3,STOP,0.27435387673956263,0.007952286282306162,-0.19483101391650098,넥센
005740,2026-03-22,7110.0,-5.063291139240511,1,STOP,0.2315369261477046,0.08183632734530938,-0.810379241516966,크라운해태홀딩스
005740,2026-05-17,7340.0,-7.356948228882832,1,STOP,0.45129224652087474,0.14512922465208747,-0.7992047713717694,크라운해태홀딩스
005750,2026-04-05,5650.0,-0.1769911504424737,4,TIMEOUT,0.10284331518451299,0.5172413793103448,-0.17543859649122806,대림바스
005800,2026-03-08,16860.0,-7.710557532621587,3,STOP,0.5934306569343065,0.03941605839416058,-1.5489051094890511,신영와코루
005810,2026-02-15,39800.0,-3.015075376884424,4,STOP,0.3948497854077253,0.4012875536480687,-0.0815450643776824,풍산홀딩스
005810,2026-05-10,43600.0,-5.5045871559633035,2,STOP,0.6198979591836735,0.19642857142857142,-0.32653061224489793,풍산홀딩스
005830,2025-09-07,138600.0,-2.236652236652237,4,TIMEOUT,0.01639344262295082,0.4474445515911283,-0.015429122468659595,DB손해보험
005830,2025-09-28,138800.0,-4.106628242074928,2,STOP,0.5829493087557603,0.28456221198156684,-0.17511520737327188,DB손해보험
005830,2026-03-08,188400.0,-14.012738853503182,4,STOP,1.338096453176831,0.9630007655014035,-0.7144679765246237,DB손해보험
005850,2025-11-02,36350.0,-6.877579092159558,1,STOP,0.1955193482688391,0.3604887983706721,-0.10183299389002037,에스엘
005850,2025-11-23,36100.0,19.52908587257618,4,TIMEOUT,0.09215686274509804,0.025490196078431372,-0.4588235294117647,에스엘
005850,2025-12-21,43150.0,15.874855156431057,4,TIMEOUT,0.8097560975609757,0.7207317073170731,-0.13902439024390245,에스엘
005850,2026-02-08,51500.0,32.42718446601942,4,TIMEOUT,0.5800561797752809,0.7205056179775281,-0.2640449438202247,에스엘
005850,2026-03-08,68200.0,-12.316715542521994,3,STOP,0.5716425361957065,0.7219171243135297,-0.3534697953070394,에스엘
005850,2026-05-24,75800.0,0.13192612137202797,4,TIMEOUT,0.4700352526439483,0.06345475910693302,-1.198589894242068,에스엘
005870,2026-02-15,8370.0,-0.35842293906810374,4,STOP,0.36335403726708076,0.32919254658385094,-0.08695652173913043,휴니드
005870,2026-03-22,8750.0,7.428571428571429,4,TIMEOUT,0.2413127413127413,0.2808880308880309,-0.3532818532818533,휴니드
005870,2026-05-03,9460.0,-9.619450317124734,1,STOP,0.2865370770338373,0.21382289416846653,-0.0014398848092152627,휴니드
005880,2025-12-21,1818.0,-3.190319031903188,1,STOP,0.1323713927227096,0.36574654956085434,-0.10037641154328733,대한해운
005880,2026-03-08,2275.0,5.054945054945059,4,TIMEOUT,0.6234845860755109,0.44163491513682024,-0.6719778316591618,대한해운
005880,2026-04-26,2765.0,-8.318264014466548,3,STOP,0.3974688550524026,0.48289499703381417,-0.11271504844769627,대한해운
005930,2025-11-09,97900.0,10.725229826353422,4,TIMEOUT,1.362517099863201,1.2517099863201095,-0.4103967168262654,삼성전자
005930,2025-12-21,106300.0,40.075258701787384,4,TIMEOUT,0.22711471610660486,0.6593279258400927,-0.12514484356894554,삼성전자
005930,2026-02-08,158600.0,18.663303909205542,4,TIMEOUT,1.561216105176664,1.4683648315529991,-0.11668036154478226,삼성전자
005930,2026-03-08,188200.0,-4.516471838469716,3,STOP,1.00390625,1.2822265625,-0.7333984375,삼성전자
005930,2026-04-05,186200.0,18.421052631578938,4,TIMEOUT,0.11739469578783152,0.48868954758190325,-0.7956318252730109,삼성전자
005930,2026-05-10,268500.0,22.532588454376157,4,TIMEOUT,0.6808585503166784,0.4247009148486981,-0.07389162561576355,삼성전자
005935,2025-11-09,75300.0,-3.984063745019917,2,STOP,1.2041522491349481,1.1159169550173011,-0.6747404844290658,삼성전자우
005935,2025-11-30,75000.0,17.999999999999993,4,TIMEOUT,0.2909090909090909,0.603030303030303,-0.5666666666666667,삼성전자우
005935,2026-02-08,112400.0,13.879003558718871,4,TIMEOUT,1.4973325429756965,1.4119739181979847,-0.5050385299347955,삼성전자우
005935,2026-03-08,128000.0,-1.4062499999999978,3,STOP,0.7896253602305475,1.0979827089337175,-1.2089337175792507,삼성전자우
005935,2026-04-12,140400.0,30.12820512820513,4,TIMEOUT,0.0955821061405946,0.2839677688246735,-0.35120866907474296,삼성전자우
005935,2026-05-24,187500.0,15.199999999999992,4,TIMEOUT,1.0292028413575376,0.8139963167587477,-0.18310970797158643,삼성전자우
005940,2025-11-16,21400.0,-0.4672897196261627,4,TIMEOUT,0.16024844720496895,0.24161490683229814,-0.009937888198757764,NH투자증권
005940,2026-01-18,22650.0,36.42384105960266,4,TIMEOUT,0.12102874432677761,0.30030257186081694,-0.43872919818456885,NH투자증권
005940,2026-03-08,32200.0,-6.987577639751552,4,STOP,1.0691964285714286,0.9709821428571429,-0.9375,NH투자증권
005940,2026-04-12,34050.0,-1.1747430249632873,3,STOP,0.03130434782608696,0.42695652173913046,-0.5756521739130435,NH투자증권
005945,2025-10-12,17790.0,1.4614952220348476,4,TIMEOUT,0.6404066073697586,0.28081321473951715,-0.6785260482846251,NH투자증권우
005945,2025-12-21,19400.0,3.350515463917536,4,TIMEOUT,0.5332555425904317,0.6102683780630105,-0.21236872812135357,NH투자증권우
005945,2026-02-08,22300.0,11.88340807174888,4,TIMEOUT,0.9078091106290672,1.0715835140997831,-0.15835140997830802,NH투자증권우
005945,2026-03-08,24950.0,-3.8076152304609256,4,STOP,1.0048582995951416,0.8449392712550607,-1.4777327935222673,NH투자증권우
005945,2026-05-10,28250.0,-8.318584070796465,2,STOP,0.24830261881668284,0.08729388942774007,-0.15906886517943744,NH투자증권우
005950,2025-10-26,12400.0,-24.677419354838715,4,TIMEOUT,0.5767350928641252,0.5278592375366569,-1.1260997067448681,이수화학
005950,2025-11-16,9260.0,6.803455723542107,4,TIMEOUT,1.2806276403138201,0.8111044055522028,-0.2824381412190706,이수화학
005950,2026-05-17,10445.0,59.88511249401627,4,TIMEOUT,0.8397540983606557,0.39057377049180325,-0.7811475409836065,이수화학
005960,2025-09-07,5680.0,1.936619718309851,4,TIMEOUT,0.15124153498871332,0.07223476297968397,-0.6501128668171557,동부건설
005960,2025-09-28,5800.0,-3.4482758620689613,2,STOP,0.3118279569892473,0.35663082437275984,-0.32974910394265233,동부건설
005960,2026-03-08,7950.0,3.018867924528301,4,TIMEOUT,1.4068441064638784,0.9005975013579577,-0.3107007061379685,동부건설
005960,2026-05-10,9120.0,-8.991228070175438,1,STOP,0.28206850235057085,0.14842175957018133,-0.5171255876427132,동부건설
006110,2025-11-16,23950.0,-6.471816283924847,1,STOP,0.5024263992235523,0.07440957618893562,-0.8249757360077645,삼아알미늄
006110,2025-12-28,24950.0,-8.016032064128254,1,STOP,0.08402203856749312,0.2515151515151515,-0.25068870523415976,삼아알미늄
006110,2026-02-22,32000.0,1.8750000000000044,4,TIMEOUT,0.7274853801169591,0.3707602339181287,-0.07485380116959064,삼아알미늄
006110,2026-04-05,36000.0,91.11111111111111,4,TIMEOUT,0.12366412213740458,0.38778625954198476,-0.35572519083969467,삼아알미늄
006110,2026-05-10,72900.0,-1.3717421124828544,4,TIMEOUT,1.2401107594936709,0.9402689873417721,-0.2990506329113924,삼아알미늄
006120,2025-11-30,59900.0,-5.843071786310516,4,STOP,0.8211640211640212,0.5206349206349207,-0.23703703703703705,SK디스커버리
006220,2026-03-08,14280.0,-4.691876750700286,1,STOP,0.7687326549491211,0.5448658649398704,-1.4051803885291396,제주은행
006260,2025-11-16,193100.0,-5.644743656136719,1,STOP,0.64111328125,0.42578125,-0.3798828125,LS
006260,2026-01-04,208500.0,9.832134292565954,4,TIMEOUT,0.008049242424242424,0.05776515151515151,-0.008522727272727272,LS
006260,2026-02-01,229000.0,24.235807860262003,4,TIMEOUT,0.7502448579823702,0.4980411361410382,-0.2007835455435847,LS
006260,2026-03-08,249000.0,7.63052208835342,4,TIMEOUT,0.48362871733253227,0.6581556022829679,-0.8801441874436767,LS
006260,2026-05-24,544000.0,-24.540441176470583,2,STOP,1.2927807486631016,1.0621657754010696,-0.5668449197860963,LS
006280,2025-12-14,162000.0,-3.4567901234567877,4,TIMEOUT,0.6138297872340426,0.3223404255319149,-0.9148936170212766,녹십자
006280,2026-01-04,159400.0,3.450439146800499,4,TIMEOUT,0.8852459016393442,0.7220921155347385,-0.6572989851678376,녹십자
006280,2026-02-08,164300.0,-7.425441265976874,4,STOP,0.1884328358208955,0.529228855721393,-0.3034825870646766,녹십자
006280,2026-03-01,169100.0,-10.05322294500296,1,STOP,0.3521400778210117,0.3346303501945525,-0.3463035019455253,녹십자
006340,2025-11-02,3650.0,9.86301369863014,4,TIMEOUT,0.7076271186440678,0.3580508474576271,-0.3516949152542373,대원전선
006340,2025-11-23,3820.0,-1.832460732984298,4,TIMEOUT,0.6937354988399071,0.6519721577726219,-0.8375870069605569,대원전선
006340,2026-03-01,6790.0,-22.38586156111929,4,TIMEOUT,0.5344452501812907,0.45902828136330676,-0.08846990572878898,대원전선
006340,2026-05-24,14610.0,-28.06297056810404,2,STOP,1.3965714285714286,0.9495510204081633,-0.4532244897959184,대원전선
006345,2026-03-15,4210.0,-11.401425178147273,2,STOP,0.380873866446826,0.30585325638911787,-0.5391591096455071,대원전선우
006345,2026-05-24,16900.0,-38.52071005917159,2,STOP,0.7974448488449826,0.6615167496100424,-0.1705414840674441,대원전선우
006360,2025-12-14,20600.0,-6.553398058252425,2,STOP,0.4355716878402904,0.4246823956442831,-0.27041742286751363,GS건설
006360,2026-02-15,21950.0,-9.521640091116168,3,STOP,0.05027932960893855,0.09497206703910614,-0.0712290502793296,GS건설
006360,2026-03-15,23000.0,63.69565217391304,4,TIMEOUT,0.6924119241192412,0.3224932249322493,-1.6269196025293586,GS건설
006360,2026-04-05,27250.0,39.633027522935784,4,TIMEOUT,0.5387488328664799,0.6640989729225023,-0.28057889822595705,GS건설
006360,2026-05-10,37350.0,-13.922356091030785,2,STOP,0.899888455103179,0.6811210262130507,-0.5033463469046291,GS건설
006400,2025-10-19,255500.0,23.28767123287672,4,TIMEOUT,0.15722240419259745,0.4664264657713724,-0.8778250900753357,삼성SDI
006400,2025-11-23,288500.0,-3.119584055459268,4,STOP,1.3177159590043923,0.8755490483162518,-0.5241581259150805,삼성SDI
006400,2026-02-22,402000.0,-0.3731343283582045,4,TIMEOUT,1.3226600985221675,0.5701970443349754,-0.1206896551724138,삼성SDI
006400,2026-05-17,658000.0,-13.677811550151976,3,STOP,1.4923398328690807,1.048050139275766,-0.5153203342618384,삼성SDI
006405,2025-10-19,149100.0,26.358148893360166,4,TIMEOUT,0.020202020202020204,0.23434343434343435,-0.8303030303030303,삼성SDI우
006405,2025-11-16,188400.0,-1.5392781316348247,4,TIMEOUT,1.3066509711595056,0.9287816362566216,-0.03884638022366098,삼성SDI우
006405,2026-02-22,209500.0,4.2959427207637235,4,TIMEOUT,0.994610485056345,0.3365997060264576,-0.6663400293973543,삼성SDI우
006405,2026-05-17,318500.0,-23.076923076923073,3,STOP,1.2063914780292944,0.7363515312916112,-0.29027962716378164,삼성SDI우
006650,2025-09-21,114000.0,-5.438596491228065,3,STOP,0.8139763779527559,0.7362204724409449,-0.48031496062992124,대한유화
006650,2025-10-19,123500.0,23.319838056680165,4,TIMEOUT,0.08913412563667232,0.38115449915110355,-0.8285229202037352,대한유화
006650,2025-11-16,152300.0,-0.6565988181221227,4,TIMEOUT,0.6620784583620096,0.42739160357880246,-0.49002064693737096,대한유화
006650,2025-11-30,142000.0,4.577464788732399,4,TIMEOUT,0.6297709923664122,0.5095419847328244,-0.2862595419847328,대한유화
006650,2026-02-15,164200.0,-24.604141291108405,3,STOP,0.3726027397260274,0.2147945205479452,-0.7331506849315068,대한유화
006650,2026-03-01,189900.0,-34.807793575566095,1,STOP,0.4655436447166922,0.409903011740684,-0.38284839203675347,대한유화
006660,2025-11-09,15840.0,-3.7878787878787845,4,TIMEOUT,0.09498878085265519,0.2281226626776365,-0.74943904263276,삼성공조
006660,2025-11-23,14380.0,-1.3212795549374157,4,STOP,0.11879895561357702,0.3185378590078329,-0.13054830287206268,삼성공조
006660,2026-06-07,13130.0,-9.748667174409753,1,STOP,0.2330554548749547,0.21565784704603116,-0.2979340340703153,삼성공조
006800,2025-09-28,20511.0,17.961094047096672,4,TIMEOUT,0.46575001245453984,0.13490758730633154,-0.2937278931898563,미래에셋증권
006800,2025-10-19,21456.0,8.585011185682333,4,TIMEOUT,0.5449158450353565,0.41051688078876497,-0.5803206851907188,미래에셋증권
006800,2025-11-09,23000.0,-8.443478260869563,2,STOP,0.4192368383302252,0.6409769043178895,-0.47855400946779564,미래에셋증권
006800,2026-03-08,66810.0,-5.5530609190241,4,TIMEOUT,1.5446487772534025,1.3805628144623425,-0.7689067436327468,미래에셋증권
006800,2026-05-10,79600.0,-15.201005025125625,2,STOP,0.1333470195214811,0.0717031839050422,-0.3489977977679071,미래에셋증권
006805,2025-09-28,9431.0,17.25161700774043,4,TIMEOUT,0.36255675864477777,0.07928746070555404,-0.06706252183024841,미래에셋증권우
006805,2025-10-19,10151.0,4.945325583686344,4,TIMEOUT,0.7411878319652342,0.5031385803959432,-0.306615161757605,미래에셋증권우
006805,2025-11-09,10427.0,-2.9346887887215845,2,STOP,0.5352816766006547,0.703134012689867,-0.5510478754085759,미래에셋증권우
006805,2025-12-28,15867.0,3.107077582403739,4,TIMEOUT,0.33572643113546213,0.46174192329491826,-0.2558095597959574,미래에셋증권우
006805,2026-01-11,14931.0,22.108365146339825,4,TIMEOUT,0.8580182169472809,0.6931272426166163,-0.09351366271046074,미래에셋증권우
006805,2026-01-25,16360.0,62.047677261613686,4,TIMEOUT,1.1651654454660012,0.7184860223083027,-0.5022634993232841,미래에셋증권우
006805,2026-03-08,23111.0,-9.350525723681368,4,STOP,0.711465956974939,0.8026391661122205,-0.7343978709248173,미래에셋증권우
00680K,2025-09-28,9000.0,11.077777777777786,4,TIMEOUT,0.47282397198080167,0.19392917369308602,-0.1294590738098317,미래에셋증권2우B
00680K,2025-10-19,9342.0,4.816955684007707,4,TIMEOUT,0.7278463648834024,0.49862825788751713,-0.5945130315500681,미래에셋증권2우B
00680K,2025-11-09,9665.0,-0.9105018106570051,2,STOP,0.40940995832419314,0.6741610002193472,-0.5492432550998018,미래에셋증권2우B
00680K,2025-11-30,9665.0,15.168132436627001,4,TIMEOUT,0.21694214876033058,0.21900826446280952,-0.595258808177468,미래에셋증권2우B
00680K,2025-12-21,10505.0,21.58019990480724,4,TIMEOUT,0.005223323739473016,0.23856731691717417,-0.5517535443982522,미래에셋증권2우B
00680K,2026-01-25,13163.0,67.04398693306996,4,TIMEOUT,0.9293962097840455,0.6691934773027772,-0.11053327457029496,미래에셋증권2우B
00680K,2026-03-08,20669.0,-5.3171416130436855,4,STOP,1.2230083679161852,1.145213960133342,-0.8637322266820874,미래에셋증권2우B
006880,2026-03-15,6990.0,7.153075822603716,4,TIMEOUT,0.12121212121212122,0.014141414141414142,-0.6505050505050505,신송홀딩스
006890,2026-03-29,9180.0,-4.575163398692805,4,TIMEOUT,0.39265762170790103,0.27214684756584195,-0.12450119712689545,태경케미컬
006890,2026-04-12,8560.0,-1.4018691588784993,4,STOP,0.25,0.2894736842105263,-0.7045454545454546,태경케미컬
007070,2025-11-09,20150.0,11.166253101736977,4,TIMEOUT,0.4166666666666667,0.5154639175257731,-0.13745704467353953,GS리테일
007070,2025-12-07,22400.0,-7.366071428571431,3,STOP,1.3811524609843937,1.0090036014405763,-0.12605042016806722,GS리테일
007070,2026-03-01,22000.0,-14.681818181818185,1,STOP,0.3870967741935484,0.03280481137233461,-0.07107709130672499,GS리테일
007070,2026-05-10,25800.0,-6.976744186046513,4,STOP,0.7699509585376728,0.2630405706642889,-0.8827463218903254,GS리테일
007110,2026-03-15,1710.0,-7.777777777777772,1,STOP,0.33405172413793105,0.10344827586206921,-1.2920258620689653,일신석재
007120,2026-04-05,2000.0,-3.200000000000003,4,TIMEOUT,0.9000000000000005,0.826530612244898,-0.16173469387755124,미래아이앤지
007160,2025-12-07,54600.0,1.6483516483516425,4,TIMEOUT,0.40330920372285417,0.2647362978283351,-0.13857290589451912,사조산업
007160,2025-12-28,56500.0,-4.070796460176995,3,STOP,0.5309119010819165,0.5602782071097373,-0.10510046367851623,사조산업
007160,2026-02-08,65400.0,-17.889908256880737,4,STOP,0.0692588092345079,0.32260024301336576,-0.0850546780072904,사조산업
007160,2026-03-01,63100.0,-14.896988906497622,1,STOP,0.5570032573289903,0.26547231270358307,-0.04560260586319218,사조산업
007210,2026-03-08,1880.0,-1.0638297872340385,3,STOP,0.8335766423357668,0.34160583941605804,-1.3562043795620435,벽산
007210,2026-04-12,2065.0,-0.7263922518159771,4,TIMEOUT,0.014148559878727549,0.33855482566953005,-0.8307225871652354,벽산
007210,2026-05-10,2050.0,-8.097560975609753,1,STOP,0.5402352941176468,0.2084705882352939,-0.45647058823529413,벽산
007310,2025-09-28,414000.0,-3.6231884057971064,2,STOP,0.44582814445828145,0.2714819427148194,-0.1095890410958904,오뚜기
007310,2026-03-01,397500.0,-7.672955974842766,1,STOP,0.43568464730290457,0.25311203319502074,-0.16597510373443983,오뚜기
007340,2025-12-21,26250.0,-6.666666666666665,1,STOP,0.5230769230769231,0.5868131868131868,-0.07912087912087912,DN오토모티브
007340,2026-01-11,25000.0,-5.600000000000005,1,STOP,0.22747747747747749,0.12387387387387387,-0.9774774774774775,DN오토모티브
007340,2026-02-15,32800.0,-23.47560975609756,3,STOP,0.2281639928698752,0.32620320855614976,-0.035650623885918005,DN오토모티브
007340,2026-03-01,27200.0,-7.720588235294112,1,STOP,0.662379421221865,0.3054662379421222,-0.5562700964630225,DN오토모티브
007340,2026-03-15,27600.0,28.07971014492754,4,TIMEOUT,0.4779220779220779,0.14415584415584415,-1.3688311688311687,DN오토모티브
007340,2026-04-12,35350.0,44.55445544554455,4,TIMEOUT,0.664323374340949,0.6845342706502636,-0.37434094903339193,DN오토모티브
007340,2026-05-17,47400.0,-12.9746835443038,3,STOP,0.7074780058651027,0.9215542521994134,-0.1217008797653959,DN오토모티브
007460,2025-12-28,691.0,1.447178002894356,2,STOP,0.374595469255664,0.27750809061488635,-0.3495145631067965,에이프로젠
007460,2026-05-10,4530.0,-29.249448123620315,4,TIMEOUT,0.6120651037778111,0.5635359116022098,-1.71001941167687,에이프로젠
007540,2025-10-19,52200.0,-5.938697318007657,2,STOP,0.13624678663239073,0.15295629820051415,-0.3444730077120823,샘표
007540,2025-11-09,49800.0,-1.3052208835341417,4,STOP,0.11045828437132785,0.16686251468860164,-0.6674500587544065,샘표
007540,2026-03-08,56300.0,-3.374777975133214,3,STOP,0.751412429378531,0.507532956685499,-1.1977401129943503,샘표
007660,2025-10-05,76800.0,48.30729166666667,4,TIMEOUT,0.5888888888888889,0.6197530864197531,-0.1654320987654321,이수페타시스
007660,2025-10-19,84900.0,30.859835100117785,4,TIMEOUT,0.7350620067643743,0.5682074408117249,-0.6877113866967306,이수페타시스
007660,2025-12-21,121400.0,-1.1532125205930832,1,STOP,0.7393015248401378,0.8184948352188883,-0.6276438760452533,이수페타시스
007660,2026-05-17,138650.0,-9.051568698160839,1,STOP,0.6603817504655494,0.40665735567970207,-0.7751396648044693,이수페타시스
007660,2026-05-31,129200.0,-6.424148606811142,1,STOP,0.3838036246845607,0.20853406744666209,-0.6776783665978435,이수페타시스
007690,2026-02-08,37750.0,-5.960264900662249,4,STOP,0.6659528907922913,0.6381156316916489,-0.0728051391862955,국도화학
007690,2026-03-22,37800.0,-2.5132275132275117,1,STOP,0.09985315712187959,0.3700440528634361,-0.7430249632892805,국도화학
007690,2026-04-19,42500.0,-6.941176470588239,4,TIMEOUT,0.045925925925925926,0.18666666666666668,-0.1037037037037037,국도화학
007690,2026-05-10,38750.0,-7.9999999999999964,2,STOP,0.5363636363636364,0.0987012987012987,-0.5558441558441558,국도화학
007700,2025-12-14,20700.0,-10.09661835748792,3,STOP,0.8215085884988798,0.34428678117998507,-0.3241224794622853,F&F홀딩스
007700,2025-12-28,19760.0,-5.81983805668016,1,STOP,0.6666666666666666,0.43121149897330596,-0.7063655030800822,F&F홀딩스
007700,2026-02-15,20600.0,-8.155339805825246,3,STOP,0.1651376146788991,0.06368051807879115,-0.10685375067458176,F&F홀딩스
007700,2026-03-01,21450.0,-11.794871794871797,1,STOP,0.4162826420890937,0.08960573476702509,0.0,F&F홀딩스
007810,2025-10-05,19000.0,8.684210526315784,4,TIMEOUT,1.2954048140043763,1.0049234135667395,-0.2024070021881838,코리아써키트
007810,2025-10-19,18660.0,42.550911039657024,4,TIMEOUT,1.241225902125556,1.1191300049431536,-0.3638161146811666,코리아써키트
007810,2025-12-21,35100.0,77.77777777777777,4,TIMEOUT,1.174504041146216,1.0292064658339457,-0.12123438648052902,코리아써키트
007810,2026-02-08,53000.0,4.150943396226414,4,STOP,0.9758915118031141,1.0170768458061277,-0.8809643395278755,코리아써키트
007810,2026-03-29,84000.0,16.547619047619055,4,TIMEOUT,0.06275992438563327,0.3266540642722117,-0.19810964083175803,코리아써키트
007810,2026-04-12,80100.0,27.590511860174782,4,TIMEOUT,0.4279356384799726,0.2423827456350565,-0.2684012324546388,코리아써키트
007810,2026-05-10,102200.0,15.166340508806254,4,TIMEOUT,0.8850684495383636,0.734797835084368,-0.1553645335880293,코리아써키트
007815,2025-12-21,10890.0,77.04315886134067,4,TIMEOUT,0.6168451801363194,0.5408958130477117,-0.3953261927945472,코리아써우
007815,2026-02-08,14590.0,8.773132282385188,4,STOP,0.8812235600390498,0.780995769606248,-0.9313374552554508,코리아써우
007815,2026-04-19,19270.0,21.95121951219512,4,TIMEOUT,0.31495798319327734,0.07260504201680672,-0.13243697478991598,코리아써우
007860,2025-12-21,9850.0,-3.5532994923857864,3,STOP,0.3670886075949367,0.5288326300984529,-0.16033755274261605,서연
007860,2026-01-18,10670.0,1.0309278350515427,4,TIMEOUT,0.15532734274711169,0.25673940949935814,-0.5930680359435173,서연
007860,2026-02-01,10660.0,6.566604127579745,4,TIMEOUT,0.2350230414746544,0.5668202764976958,-0.2304147465437788,서연
007980,2025-09-07,1741.0,6.260769672601962,4,TIMEOUT,0.870360408821947,0.5884884346422813,-0.560516406670253,TP
007980,2025-12-07,1829.0,5.576817933296874,4,TIMEOUT,0.03475783475783424,0.07065527065527118,-0.05128205128205128,TP
007980,2026-01-04,1931.0,-5.3858104609010855,1,STOP,0.5919948353776633,0.2969657843770174,-0.26726920593931625,TP
007980,2026-01-18,1880.0,4.521276595744683,4,TIMEOUT,0.17995765702187722,0.46083274523641626,-0.8779110797459428,TP
007980,2026-03-15,1937.0,-1.961796592669074,1,STOP,0.24183006535947713,0.013725490196079323,-1.4457516339869283,TP
007980,2026-05-10,2105.0,-8.076009501187652,2,STOP,0.6217315514235909,0.252760023242301,-0.14526438117373622,TP
008040,2025-09-14,1379.0,-11.892675852066715,4,TIMEOUT,0.27436823104693087,0.1877256317689547,-0.8423586040914561,사조동아원
008040,2025-10-05,1214.0,-5.601317957166396,2,STOP,0.6622264509990476,0.285442435775452,-0.41674595623215943,사조동아원
008060,2025-10-05,8920.0,2.2421524663677195,4,TIMEOUT,0.533508541392904,0.19185282522996058,-0.2102496714848883,대덕
008060,2025-10-19,9050.0,13.038674033149178,4,TIMEOUT,1.0527704485488127,0.7018469656992085,0.0,대덕
008060,2025-12-07,10870.0,-8.187672493100273,4,STOP,0.8330827067669173,0.9293233082706767,0.0,대덕
008060,2025-12-21,11000.0,-9.272727272727277,2,STOP,0.9504132231404959,0.9352617079889807,-0.10743801652892562,대덕
008060,2026-03-08,11880.0,4.545454545454541,4,TIMEOUT,0.6965648854961832,0.27958015267175573,-1.1240458015267176,대덕
008060,2026-04-05,12420.0,34.05797101449275,4,TIMEOUT,0.5879265091863517,0.7598425196850394,-0.6430446194225722,대덕
008060,2026-05-10,19620.0,0.4587155963302836,4,TIMEOUT,0.7866795366795367,0.8947876447876448,-0.019305019305019305,대덕
008060,2026-05-24,22400.0,-4.01785714285714,4,TIMEOUT,1.0503860219422998,0.9987809833401057,-0.3364485981308411,대덕
008260,2026-03-22,3650.0,-2.1917808219178103,2,STOP,0.3402061855670103,0.14948453608247422,-0.8247422680412371,NI스틸
008260,2026-04-12,3820.0,2.3560209424083878,4,TIMEOUT,0.05327868852459016,0.30327868852459017,-0.7008196721311475,NI스틸
008260,2026-04-26,3805.0,-10.11826544021025,4,STOP,0.2210953346855984,0.33468559837728196,-0.13793103448275862,NI스틸
008260,2026-05-17,3750.0,-8.799999999999997,1,STOP,0.30923076923076925,0.20615384615384616,-0.6984615384615385,NI스틸
008350,2026-01-18,1252.0,-0.31948881789137795,4,TIMEOUT,0.7372549019607844,0.49176470588235327,-0.42666666666666736,남선알미늄
008350,2026-03-08,1341.0,34.60104399701716,4,TIMEOUT,0.0029568302779420462,0.22767593140153755,-0.7900650502661142,남선알미늄
008350,2026-03-29,1340.0,67.91044776119404,4,TIMEOUT,0.2832399388690786,0.2480896586856854,-0.28731533367295004,남선알미늄
008350,2026-05-03,2105.0,-18.764845605700707,3,STOP,0.7821743388834476,0.58922624877571,-0.12732615083251714,남선알미늄
008420,2026-05-17,2515.0,-7.3558648111332054,1,STOP,0.37326607818411095,0.424968474148802,-0.4060529634300126,문배철강
008490,2025-09-14,25950.0,1.1560693641618602,4,TIMEOUT,1.2185554171855542,0.7895392278953923,-0.6257783312577833,서흥
008500,2025-11-16,3740.0,-0.8021390374331583,4,TIMEOUT,0.2075212107314836,0.45035542306810383,-0.17289612474203184,일정실업
008500,2025-12-07,3710.0,-16.71159029649596,2,STOP,0.07607581967213127,0.3545081967213111,-0.020491803278688527,일정실업
008700,2026-01-25,1401.0,-6.780870806566741,2,STOP,0.7248062015503871,0.46511627906976744,-0.3003875968992248,아남전자
008700,2026-04-12,1522.0,-6.570302233902758,4,STOP,0.6051459673428994,0.24146462147451736,-0.3047996041563578,아남전자
008730,2025-09-14,32500.0,-2.4615384615384595,1,STOP,0.1054739652870494,0.10013351134846461,-0.5874499332443258,율촌화학
008770,2026-03-01,47950.0,-12.30448383733055,1,STOP,0.46404602109300097,0.28187919463087246,-0.12655800575263662,호텔신라
008770,2026-04-19,52900.0,25.51984877126654,4,TIMEOUT,0.18238341968911917,0.09430051813471503,-0.022797927461139896,호텔신라
008770,2026-05-17,66400.0,-17.018072289156628,2,STOP,1.2880184331797235,0.8901689708141322,-0.2857142857142857,호텔신라
008930,2026-02-08,46450.0,-15.177610333692137,4,STOP,0.5224089635854342,0.3333333333333333,-0.4677871148459384,한미사이언스
008970,2026-05-03,1885.0,-6.10079575596817,1,STOP,0.3315363881401623,0.1089718906430495,-0.09780515979976932,KBI동양철관
009070,2025-12-28,6120.0,5.228758169934644,4,TIMEOUT,0.4483457123565159,0.3389601620526671,-0.05131667792032411,KCTC
009150,2025-10-19,207000.0,2.898550724637672,4,TIMEOUT,1.1552106430155211,1.2934220251293422,-0.37989652623798964,삼성전기
009150,2025-11-09,222500.0,18.202247191011246,4,TIMEOUT,0.7933713102019679,1.0963231486276541,-0.3314344899016054,삼성전기
009150,2025-12-21,253000.0,14.426877470355738,4,TIMEOUT,0.5700988947062245,0.736862516967229,-0.08919914679076983,삼성전기
009150,2026-01-25,272000.0,38.60294117647059,4,TIMEOUT,0.3827751196172249,0.5626794258373206,-0.14545454545454545,삼성전기
009150,2026-03-08,404500.0,12.731767614338697,4,TIMEOUT,0.9400630914826499,0.9379600420609885,-0.29863301787592006,삼성전기
009150,2026-05-17,1091000.0,57.10357470210816,4,TIMEOUT,1.6971770744225834,1.3746792130025662,-0.023952095808383235,삼성전기
009155,2025-10-05,87200.0,22.36238532110091,4,TIMEOUT,1.1097372488408037,1.1267387944358578,-0.1143740340030912,삼성전기우
009155,2025-10-19,91100.0,7.574094401756315,4,TIMEOUT,1.0184615384615385,1.1307692307692307,-0.2676923076923077,삼성전기우
009155,2025-11-09,100500.0,19.20398009950248,4,TIMEOUT,0.7543453070683661,1.0231749710312863,-0.13441483198146004,삼성전기우
009155,2025-12-28,120000.0,2.083333333333326,4,TIMEOUT,0.8714524207011686,0.7929883138564274,-0.38731218697829717,삼성전기우
009155,2026-02-15,129700.0,27.4479568234387,4,TIMEOUT,0.05235137533274179,0.30612244897959184,-0.4241348713398403,삼성전기우
009155,2026-03-08,162900.0,5.40208717004298,4,TIMEOUT,0.6760847628657921,0.6796165489404642,-0.6791120080726539,삼성전기우
009155,2026-05-24,454000.0,38.10572687224669,4,TIMEOUT,1.6050773218914811,1.3136676499508357,-0.7312058639492268,삼성전기우
009160,2026-01-04,5070.0,-3.2544378698224907,1,STOP,0.7551622418879056,0.5206489675516224,-0.8082595870206489,SIMPAC
009160,2026-04-26,5820.0,-2.2336769759450203,4,TIMEOUT,0.31157894736842107,0.2736842105263158,-0.2505263157894737,SIMPAC
009160,2026-05-10,6410.0,-22.93291731669267,3,STOP,0.6104928457869634,0.383147853736089,-0.06041335453100159,SIMPAC
009160,2026-05-24,5690.0,-13.181019332161693,1,STOP,0.5988857938718662,0.4373259052924791,-1.0278551532033426,SIMPAC
009180,2026-03-01,2885.0,1.0398613518197486,4,TIMEOUT,0.2978723404255319,0.0729483282674772,-0.11550151975683891,한솔로지스틱스
009180,2026-03-15,2965.0,8.263069139966284,4,TIMEOUT,0.3890063424947146,0.008456659619450317,-0.5708245243128964,한솔로지스틱스
009180,2026-04-26,3200.0,-2.968749999999998,3,STOP,0.2713472485768501,0.4174573055028463,-0.04174573055028463,한솔로지스틱스
009190,2026-04-19,1550.0,-11.548387096774192,4,STOP,0.49101365923795964,0.24874191229331352,-0.16103522645578786,대양금속
009190,2026-05-10,1550.0,-11.548387096774192,1,STOP,0.856839121190644,0.5783132530120492,-0.12473423104181368,대양금속
009190,2026-05-24,1550.0,22.90322580645161,4,TIMEOUT,0.3923590054578535,0.523953911461491,-1.4784718010915703,대양금속
009200,2026-03-29,2090.0,-3.8277511961722466,4,STOP,0.3495440729483283,0.2226443768996957,-0.4452887537993914,무림페이퍼
009240,2025-11-16,45750.0,-1.967213114754096,1,STOP,0.1070615034168565,0.510250569476082,-0.08200455580865604,한샘
009240,2025-11-30,45450.0,6.710671067106722,4,TIMEOUT,0.2191142191142191,0.1888111888111888,-0.43356643356643354,한샘
009240,2026-02-15,48600.0,-11.62551440329218,3,STOP,0.006631299734748011,0.0649867374005305,-0.376657824933687,한샘
009290,2026-03-08,8820.0,-5.782312925170063,4,TIMEOUT,0.9574119574119574,0.8673218673218673,-0.9844389844389845,광동제약
009410,2026-03-08,1744.0,3.325688073394506,4,TIMEOUT,0.26670506912442504,0.1065668202764977,-0.9758064516129038,태영건설
009410,2026-05-03,1960.0,-6.479591836734699,2,STOP,0.20869565217391303,0.34643478260869615,-0.06400000000000032,태영건설
009415,2026-05-17,10860.0,-12.52302025782689,2,STOP,0.6727777777777778,0.39361111111111113,-0.34944444444444445,태영건설우
009420,2025-09-07,31950.0,7.9812206572769995,4,TIMEOUT,0.3363774733637747,0.4231354642313546,-0.15220700152207,한올바이오파마
009420,2025-09-28,30700.0,6.67752442996743,4,TIMEOUT,0.5684210526315789,0.4857142857142857,-0.43609022556390975,한올바이오파마
009420,2025-10-19,33350.0,31.034482758620683,4,TIMEOUT,0.3984375,0.6296875,-0.03125,한올바이오파마
009420,2025-11-16,43700.0,-2.631578947368418,4,TIMEOUT,0.6071428571428571,0.816468253968254,-0.2777777777777778,한올바이오파마
009420,2025-11-30,46800.0,-9.829059829059828,4,STOP,1.0238095238095237,0.6547619047619048,-0.3717948717948718,한올바이오파마
009420,2025-12-14,42550.0,-0.8225616921269108,2,STOP,0.5812407680945347,0.6277695716395865,-0.7045790251107829,한올바이오파마
009420,2026-01-25,50300.0,9.542743538767407,4,TIMEOUT,0.14987080103359174,0.31598375784422295,-0.40457733480989294,한올바이오파마
009420,2026-02-08,48800.0,13.524590163934436,4,TIMEOUT,0.4501563042723168,0.22438346648141716,-0.4126432789162904,한올바이오파마
009420,2026-03-08,55400.0,-15.072202166064985,4,STOP,0.36558462023321775,0.5647652064292468,-0.7437756066813741,한올바이오파마
009450,2026-03-22,66300.0,-6.334841628959276,1,STOP,0.4125,0.3535714285714286,-0.6785714285714286,경동나비엔
009450,2026-04-19,69600.0,10.344827586206895,4,TIMEOUT,0.04129793510324484,0.3333333333333333,-0.16519174041297935,경동나비엔
009450,2026-05-17,76800.0,-8.723958333333337,2,STOP,0.7105978260869565,0.45516304347826086,-0.7065217391304348,경동나비엔
009470,2025-10-19,36200.0,-5.386740331491713,1,STOP,1.332236842105263,0.8201754385964912,-1.1754385964912282,삼화전기
009470,2026-02-15,43300.0,-5.0808314087759765,3,STOP,0.9002478314745973,0.7589838909541512,-0.2540272614622057,삼화전기
009470,2026-05-10,43550.0,-10.218140068886338,1,STOP,0.3505683901723506,0.042537587092042535,-0.11587825449211588,삼화전기
009540,2025-09-28,397500.0,12.452830188679243,4,TIMEOUT,0.7126917712691772,0.7308228730822873,-0.5941422594142259,HD한국조선해양
009540,2025-11-16,432000.0,-2.777777777777779,1,STOP,0.3856749311294766,0.34710743801652894,-0.6694214876033058,HD한국조선해양
009540,2026-05-31,423000.0,-10.401891252955087,1,STOP,0.3551296505073281,0.11950394588500564,-0.7395715896279594,HD한국조선해양
009580,2026-04-26,2955.0,-6.091370558375631,2,STOP,0.45004849660523766,0.3976721629485936,-0.1066925315227934,무림P&P
009680,2025-11-30,10830.0,5.263157894736836,4,TIMEOUT,0.43015521064301554,0.15299334811529933,-0.5986696230598669,모토닉
009680,2025-12-28,11400.0,-11.403508771929827,1,STOP,0.788135593220339,0.7542372881355932,-0.00423728813559322,모토닉
009830,2026-02-08,42000.0,23.33333333333334,4,TIMEOUT,0.46657929226736566,0.43119266055045874,-1.1716906946264745,한화솔루션
009830,2026-03-08,51800.0,-31.177606177606176,3,STOP,1.4522595990485898,1.0343187223921169,-1.3374108053007137,한화솔루션
009835,2026-03-08,30450.0,-25.94417077175698,3,STOP,0.8776541961577351,0.5571284125379171,-1.20525783619818,한화솔루션우
009900,2025-09-07,8690.0,-0.5753739930955071,3,STOP,0.5,0.351985559566787,-0.6137184115523465,명신산업
009900,2025-12-28,9000.0,6.000000000000005,4,TIMEOUT,0.12979351032448377,0.16224188790560473,-0.12684365781710916,명신산업
009900,2026-01-25,9540.0,-4.192872117400414,2,STOP,0.22271386430678466,0.18289085545722714,-0.07964601769911504,명신산업
009900,2026-02-15,9360.0,-0.7478632478632452,3,STOP,0.23870967741935484,0.2564516129032258,-0.3225806451612903,명신산업
009900,2026-03-15,11080.0,-11.552346570397109,2,STOP,0.3427091043671355,0.35085122131754254,-1.2805329385640267,명신산업
009900,2026-05-17,12080.0,-8.85761589403974,1,STOP,0.6063375990249847,0.48567946374162096,-0.48141377209018893,명신산업
009970,2025-09-28,139200.0,-4.1666666666666625,2,STOP,0.3552158273381295,0.15827338129496402,-0.03776978417266187,영원무역홀딩스
009970,2025-10-26,138900.0,24.262059035277183,4,TIMEOUT,0.1241446725317693,0.12903225806451613,-0.5063538611925709,영원무역홀딩스
009970,2025-11-09,146800.0,27.861035422343328,4,TIMEOUT,0.018867924528301886,0.3806398687448728,-0.3199343724364233,영원무역홀딩스
009970,2025-12-07,187700.0,-2.1843367075119913,4,TIMEOUT,0.9212307692307692,0.6326153846153846,-0.10461538461538461,영원무역홀딩스
009970,2025-12-28,191200.0,2.6150627615062705,4,TIMEOUT,0.8909435751541015,0.9122807017543859,-0.21147463252726412,영원무역홀딩스
009970,2026-03-01,249500.0,-10.821643286573146,4,TIMEOUT,0.783975210270031,0.5104028331119964,-0.199203187250996,영원무역홀딩스
010060,2025-11-16,117500.0,-14.212765957446805,3,STOP,0.7837613918806959,0.6420878210439105,-0.6230323115161558,OCI홀딩스
010060,2026-02-01,115400.0,31.715771230502597,4,TIMEOUT,0.17051070840197693,0.16639209225700163,-0.03130148270181219,OCI홀딩스
010060,2026-03-01,152000.0,17.63157894736842,4,TIMEOUT,0.9019607843137255,0.761344537815126,-0.21288515406162464,OCI홀딩스
010060,2026-04-05,229500.0,60.348583877995644,4,TIMEOUT,0.5779202676331195,0.7591301923613047,-0.40591023139113463,OCI홀딩스
010060,2026-05-17,346000.0,-13.728323699421964,3,STOP,1.0555720653789005,0.8567607726597325,-0.3610698365527489,OCI홀딩스
010100,2026-01-11,4900.0,6.530612244897949,4,TIMEOUT,0.643756050338819,0.3765730880929332,-0.3910939012584705,한국무브넥스
010100,2026-02-08,5220.0,-10.344827586206895,4,STOP,0.5307901907356948,0.6762942779291553,-0.5623978201634877,한국무브넥스
010120,2025-09-07,58600.0,1.0238907849829282,2,STOP,0.2661654135338346,0.12180451127819548,-0.7368421052631579,LS ELECTRIC
010120,2025-10-26,73700.0,19.674355495251028,4,TIMEOUT,0.20093457943925233,0.17601246105919002,-0.1277258566978193,LS ELECTRIC
010120,2025-11-30,92000.0,-1.0869565217391353,4,TIMEOUT,1.20503909643788,0.7801911381407471,-0.30929626411815814,LS ELECTRIC
010120,2025-12-21,94200.0,13.163481953290868,4,TIMEOUT,0.5874906924795235,0.9337304542069993,-0.38868205510052123,LS ELECTRIC
010120,2026-02-01,113200.0,39.045936395759725,4,TIMEOUT,0.2927461139896373,0.47322970639032813,-0.5146804835924007,LS ELECTRIC
010120,2026-03-08,140800.0,9.232954545454541,4,TIMEOUT,0.9625698324022346,0.8379888268156425,-0.9787709497206704,LS ELECTRIC
010120,2026-05-24,281000.0,-19.217081850533813,2,STOP,1.3267990074441687,1.0369727047146402,-1.054590570719603,LS ELECTRIC
010130,2025-09-07,901000.0,1.9977802441731418,4,TIMEOUT,0.1295774647887324,0.11971830985915492,-0.2676056338028169,고려아연
010130,2025-09-28,916000.0,27.292576419213965,4,TIMEOUT,0.6989010989010989,0.47912087912087914,-0.17582417582417584,고려아연
010130,2025-11-02,1033000.0,29.912875121006778,4,TIMEOUT,0.4352791878172589,0.6434010152284264,-0.17893401015228427,고려아연
010130,2025-12-21,1310000.0,-12.824427480916034,3,STOP,0.4345718901453958,0.5601777059773829,-0.18739903069466882,고려아연
010130,2026-01-18,1585000.0,5.362776025236604,4,TIMEOUT,0.05351996706463565,0.3256484149855908,-0.713874022231371,고려아연
010130,2026-02-08,1641000.0,6.764168190127973,4,TIMEOUT,0.3828264758497317,0.5366726296958855,-0.03005366726296959,고려아연
010140,2025-09-28,20850.0,18.944844124700232,4,TIMEOUT,0.7109275730622617,0.7782719186785261,-0.40660736975857686,삼성중공업
010140,2025-11-16,26300.0,0.0,4,TIMEOUT,0.7875939849624061,0.7481203007518797,-0.05639097744360902,삼성중공업
010140,2026-02-08,27500.0,0.363636363636366,4,STOP,0.8779443254817987,0.4753747323340471,-1.1349036402569592,삼성중공업
010140,2026-04-26,34400.0,-14.244186046511631,4,STOP,0.015957446808510637,0.19547872340425532,-0.1675531914893617,삼성중공업
010140,2026-05-17,30200.0,-2.3178807947019875,1,STOP,0.4304635761589404,0.223841059602649,-0.447682119205298,삼성중공업
010580,2025-10-19,2250.0,-4.0000000000000036,4,STOP,0.6078042328042329,0.38955026455026465,-0.1882716049382718,에스엠벡셀
010580,2025-11-09,2220.0,-2.7027027027026973,1,STOP,0.39152798789712584,0.44704992435703444,-0.3388804841149773,에스엠벡셀
010580,2026-01-25,2685.0,-18.249534450651772,2,STOP,0.7049861495844876,0.19806094182825484,-0.15512465373961218,에스엠벡셀
010660,2025-12-14,5360.0,-9.421641791044777,3,STOP,0.5155038759689923,0.32041343669250644,-0.15762273901808785,화천기계
010660,2025-12-28,5100.0,-4.803921568627456,1,STOP,0.5385514018691588,0.4462616822429907,-0.0794392523364486,화천기계
010660,2026-02-08,6500.0,-9.999999999999998,4,TIMEOUT,0.22086638194020744,0.5265405735204393,-0.035387431360585725,화천기계
010690,2025-12-21,8470.0,-0.5903187721369552,1,STOP,0.025871766029246346,0.3532058492688414,-0.2204724409448819,화신
010690,2026-01-18,9650.0,10.5699481865285,4,TIMEOUT,0.0966702470461869,0.06337271750805586,-0.6380236305048335,화신
010690,2026-02-01,9290.0,67.16899892357372,4,TIMEOUT,0.1596884128529698,0.4936708860759494,-0.11100292112950341,화신
010690,2026-03-08,12800.0,-12.421875000000004,3,STOP,0.7361046240074731,0.7094815506772536,-0.42316674451191033,화신
010770,2026-05-24,5000.0,-15.000000000000002,4,STOP,0.533625730994152,0.30994152046783624,-0.5760233918128655,평화홀딩스
010770,2026-06-07,4180.0,1.674641148325362,2,STOP,0.5409090909090909,0.4590909090909091,-0.5931818181818181,평화홀딩스
010780,2026-01-04,23200.0,1.2931034482758674,4,TIMEOUT,1.0730362884703721,0.7478180983004135,-0.040422599908130456,아이에스동서
010780,2026-03-08,29000.0,-7.241379310344831,3,STOP,1.1139646869983948,0.6741573033707865,-1.1428571428571428,아이에스동서
010820,2025-09-07,4325.0,1.5028901734104094,3,STOP,0.02916160388821385,0.10935601458080195,-0.32320777642770354,퍼스텍
010820,2025-10-05,4605.0,-5.863192182410426,2,STOP,0.32470334412081986,0.09492988133764833,-0.40129449838187703,퍼스텍
010820,2025-10-26,4945.0,-16.076845298281096,2,STOP,0.12078651685393259,0.22659176029962547,-0.43258426966292135,퍼스텍
010820,2026-03-22,7060.0,90.93484419263456,4,TIMEOUT,1.0056517131755562,0.8145531614270576,-0.23030731190392087,퍼스텍
010820,2026-05-10,12990.0,-28.17551963048499,3,STOP,0.9586033117350612,0.8200143988480921,-0.26925845932325415,퍼스텍
010950,2025-10-26,74900.0,19.759679572763677,4,TIMEOUT,0.7867298578199052,0.5687203791469194,-0.2796208530805687,S-Oil
010950,2025-11-30,76700.0,6.910039113428934,4,TIMEOUT,0.8730569948186528,0.9650259067357513,-0.48704663212435234,S-Oil
010950,2026-01-11,84000.0,16.666666666666675,4,TIMEOUT,0.030303030303030304,0.43308080808080807,-0.21212121212121213,S-Oil
010950,2026-02-08,98000.0,32.3469387755102,4,TIMEOUT,0.8795552810376775,0.6337245213094502,-0.1012970969734404,S-Oil
010950,2026-03-15,108000.0,1.5740740740740833,2,STOP,0.5164043744998666,0.5542811416377701,-0.4043744998666311,S-Oil
010950,2026-04-05,111400.0,20.73608617594256,4,TIMEOUT,0.16094986807387862,0.3150395778364116,-0.49709762532981533,S-Oil
010950,2026-05-03,134500.0,-13.159851301115244,1,STOP,0.17577319587628865,0.2422680412371134,-0.32783505154639175,S-Oil
010950,2026-05-17,117100.0,-6.917164816396237,1,STOP,0.29411764705882354,0.058823529411764705,-0.8397565922920892,S-Oil
010955,2025-11-09,45700.0,3.2822757111597323,4,TIMEOUT,0.7700934579439253,0.5869158878504673,-0.14205607476635515,S-Oil우
010955,2025-11-30,44450.0,7.536557930258714,4,TIMEOUT,0.8126801152737753,0.792507204610951,-0.7463976945244957,S-Oil우
010955,2026-01-04,47750.0,-1.675392670157072,1,STOP,0.1813953488372093,0.5550387596899224,-0.39069767441860465,S-Oil우
010955,2026-01-18,50200.0,12.151394422310746,4,TIMEOUT,0.08628659476117104,0.31587057010785824,-0.4776579352850539,S-Oil우
010955,2026-02-01,59900.0,-8.180300500834726,4,TIMEOUT,0.5203045685279187,0.4137055837563452,-0.15228426395939088,S-Oil우
010955,2026-03-22,57400.0,-6.0975609756097615,1,STOP,0.19123505976095617,0.3705179282868526,-0.6932270916334662,S-Oil우
010955,2026-05-03,61400.0,-10.097719869706845,1,STOP,0.0907715582450832,0.08018154311649017,-0.08472012102874432,S-Oil우
010955,2026-05-17,58000.0,-5.1724137931034475,1,STOP,0.28544061302681994,0.007662835249042145,-1.1340996168582376,S-Oil우
010960,2026-01-25,3795.0,10.276679841897241,4,TIMEOUT,0.24611398963730569,0.49222797927461137,-0.37823834196891193,삼호개발
010960,2026-03-15,3995.0,-6.132665832290362,3,STOP,0.5725806451612904,0.3911290322580645,-1.4637096774193548,삼호개발
011070,2025-10-19,209500.0,15.751789976133646,4,TIMEOUT,0.8871201157742402,0.9008683068017366,-0.6164978292329957,LG이노텍
011070,2025-11-23,231000.0,21.645021645021643,4,TIMEOUT,1.0815652993870815,1.0353606789250354,-0.40075436115040075,LG이노텍
011070,2025-12-28,272500.0,-4.036697247706423,2,STOP,0.7055449330783938,0.9873804971319312,-0.11089866156787763,LG이노텍
011070,2026-01-18,286000.0,-14.335664335664333,2,STOP,0.3056092843326886,0.40038684719535783,-0.4332688588007737,LG이노텍
011070,2026-03-22,296000.0,33.10810810810811,4,TIMEOUT,0.26150121065375304,0.035108958837772396,-0.6949152542372882,LG이노텍
011070,2026-05-24,864000.0,39.93055555555556,4,TIMEOUT,1.7065052950075643,1.465456379223399,-0.08472012102874432,LG이노텍
011150,2026-01-25,2825.0,4.24778761061948,4,TIMEOUT,0.15283018867924528,0.14150943396226415,-0.3283018867924528,CJ씨푸드
011170,2025-10-12,65400.0,5.198776758409784,4,TIMEOUT,0.3532608695652174,0.059782608695652176,-0.322463768115942,롯데케미칼
011170,2025-11-02,70700.0,2.121640735502117,4,STOP,0.4170692431561997,0.5539452495974235,-0.12238325281803543,롯데케미칼
011170,2025-12-14,74400.0,-4.3010752688172005,1,STOP,0.33811230585424135,0.22939068100358423,-0.5185185185185185,롯데케미칼
011170,2026-02-15,80300.0,-6.102117061021173,3,STOP,0.4731051344743276,0.16503667481662593,-0.5183374083129584,롯데케미칼
011170,2026-03-22,84200.0,-4.869358669833734,2,STOP,0.15014792899408283,0.17381656804733728,-0.9985207100591716,롯데케미칼
011170,2026-04-12,92300.0,8.234019501625145,4,TIMEOUT,0.002851033499643621,0.12188168210976479,-0.09408410548823949,롯데케미칼
011170,2026-04-26,96700.0,-14.270941054808684,4,STOP,0.21936459909228442,0.31089258698940997,-0.0453857791225416,롯데케미칼
011170,2026-05-17,92000.0,-9.891304347826091,1,STOP,0.5399467376830892,0.32822902796271636,-0.9014647137150466,롯데케미칼
011200,2026-02-15,21450.0,-1.8648018648018683,4,TIMEOUT,0.00975609756097561,0.26439024390243904,-0.22439024390243903,HMM
011200,2026-03-08,21150.0,-7.044917257683214,3,STOP,0.379133409350057,0.23090079817559864,-1.014823261117446,HMM
011210,2025-11-09,54100.0,23.475046210720897,4,TIMEOUT,0.4197218710493047,0.45764854614412137,-0.15170670037926676,현대위아
011210,2026-01-04,79300.0,8.070617906683486,4,TIMEOUT,1.0529411764705883,0.975,-0.011764705882352941,현대위아
011210,2026-01-25,87700.0,-1.4823261117445807,4,TIMEOUT,1.0133333333333334,1.0215384615384615,-0.036923076923076927,현대위아
011280,2026-04-26,2130.0,-7.417840375586859,2,STOP,0.21773255813953515,0.061046511627906974,-0.1686046511627907,태림포장
011390,2026-03-01,84800.0,-6.367924528301883,1,STOP,0.47194719471947194,0.3448844884488449,-0.22112211221122113,부산산업
011500,2025-11-09,15860.0,-7.944514501891553,2,STOP,0.5462097611630322,0.29075804776739356,-0.4790584977500865,한농화성
011500,2025-11-30,15320.0,-0.9138381201044377,1,STOP,0.13119450014322542,0.15697507877399025,-0.7482096820395302,한농화성
011500,2026-01-25,23400.0,5.341880341880345,4,TIMEOUT,0.3249211356466877,0.29337539432176657,-0.5822442541685444,한농화성
011500,2026-02-22,24650.0,-9.73630831643002,3,STOP,1.4576576576576576,0.8258258258258259,-0.4864864864864865,한농화성
011690,2026-01-04,4165.0,41.896758703481396,4,TIMEOUT,0.8330838323353293,0.42889221556886226,-0.18113772455089822,와이투솔루션
011690,2026-03-08,6990.0,-17.59656652360515,3,STOP,1.1611470113085622,0.9083198707592892,-0.7059773828756059,와이투솔루션
011690,2026-05-17,7170.0,-11.854951185495121,1,STOP,0.6731054977711739,0.08395245170876671,-0.5794947994056464,와이투솔루션
011700,2026-03-08,4385.0,1.4823261117445918,3,STOP,0.6778819635962493,0.5968008825151683,-1.1638168781025924,한신기계
011760,2026-02-08,24350.0,3.696098562628336,4,TIMEOUT,0.08960573476702509,0.3333333333333333,-0.3870967741935484,현대코퍼레이션
011760,2026-03-08,25250.0,3.5643564356435675,4,TIMEOUT,0.9843400447427293,0.6062639821029083,-1.2975391498881432,현대코퍼레이션
011760,2026-05-10,30300.0,-6.930693069306926,2,STOP,0.6014362657091562,0.39497307001795334,-0.03590664272890485,현대코퍼레이션
011780,2025-11-30,116900.0,4.875962360992303,4,TIMEOUT,0.4265463917525773,0.40335051546391754,-0.4639175257731959,금호석유화학
011780,2026-01-11,121700.0,11.01068200493016,4,TIMEOUT,0.35145888594164454,0.21485411140583555,-0.8647214854111406,금호석유화학
011780,2026-02-08,135100.0,-9.32642487046632,4,STOP,0.8024316109422492,0.7304964539007093,-0.6119554204660588,금호석유화학
011785,2025-12-14,63500.0,-5.511811023622048,3,STOP,0.5709969788519638,0.5800604229607251,-0.030211480362537766,금호석유화학우
011785,2026-02-08,64700.0,-4.791344667697062,4,STOP,0.4470588235294118,0.35058823529411764,-0.7247058823529412,금호석유화학우
011790,2025-11-02,120029.0,-17.070874538653158,3,STOP,0.5770306953434958,0.4808623929839212,-0.06078513259553112,SKC
011790,2025-11-30,104520.0,-1.0782625334864182,1,STOP,0.35609948002189407,0.21382389162561552,-0.7266522988505753,SKC
011790,2026-05-10,159900.0,-11.006879299562222,4,TIMEOUT,0.7097193494643342,0.4207282161849896,-0.04951746264268509,SKC
011790,2026-05-24,142100.0,0.703729767769179,4,TIMEOUT,0.8696654314639811,0.6652984876154675,-0.7083207744543536,SKC
011930,2025-09-14,1674.0,10.215053763440851,4,TIMEOUT,0.07683284457477953,0.17888563049853373,-0.003519061583577179,신성이엔지
011930,2025-10-05,1789.0,3.297931805477927,4,TIMEOUT,0.5212514757969301,0.272727272727273,-0.07674144037780402,신성이엔지
011930,2025-10-19,1787.0,-9.065472859541135,4,STOP,0.6151419558359621,0.5488958990536278,-0.4706624605678228,신성이엔지
011930,2026-03-01,2450.0,4.693877551020398,4,TIMEOUT,1.1138240574506286,0.8140035906642731,-0.6104129263913824,신성이엔지
011930,2026-04-26,3995.0,689.7371714643305,4,TIMEOUT,0.46928327645051193,0.48165529010238906,-3.0648464163822524,신성이엔지
012030,2025-09-28,1526.0,-4.259501965923985,3,STOP,0.9119341563786004,0.2938271604938275,-0.3555555555555559,DB
012030,2026-02-01,1832.0,10.534934497816595,4,TIMEOUT,0.28623452294246143,0.5994173343044424,-0.3627093954843405,DB
012030,2026-02-15,1715.0,6.822157434402332,4,TIMEOUT,0.5623003194888179,0.5335463258785943,-0.16869009584664596,DB
012030,2026-03-08,1883.0,-9.346787041954329,3,STOP,0.49356548069644157,0.49886449659348964,-0.751703255109765,DB
012030,2026-05-17,2305.0,-18.17787418655098,3,STOP,0.7380145278450356,0.24552058111380168,-0.018401937046004624,DB
012200,2026-02-15,7460.0,-5.4959785522788245,1,STOP,0.2862520128824477,0.3826489533011272,-0.286634460547504,계양전기
012205,2026-05-17,16660.0,-39.375750300120046,3,STOP,0.37200870195794056,0.3587140439932318,-0.17210539037950207,계양전기우
012205,2026-05-31,13710.0,-26.33114514952589,1,STOP,0.42486729277256025,0.550837076357697,-0.19109840751327073,계양전기우
012280,2026-03-22,1037.0,6.364513018322082,4,TIMEOUT,0.5193889541715621,0.35252643948296125,-0.618096357226791,영화금속
012280,2026-04-12,1071.0,-1.1204481792717047,4,STOP,0.028969957081545553,0.22424892703862637,-0.48283261802575106,영화금속
012320,2026-03-08,90300.0,-31.11849390919158,2,STOP,1.1985878199470432,1.0185348631950573,-0.35657546337157986,경동인베스트
012330,2025-09-21,308000.0,-4.2207792207792245,1,STOP,0.4858757062146893,0.2994350282485876,-0.536723163841808,현대모비스
012330,2025-12-07,362500.0,1.7931034482758568,4,TIMEOUT,0.13333333333333333,0.2288888888888889,-0.4088888888888889,현대모비스
012330,2026-01-04,369000.0,21.68021680216803,4,TIMEOUT,1.1550802139037433,0.64349376114082,-0.5597147950089126,현대모비스
012330,2026-02-08,426000.0,4.225352112676051,4,TIMEOUT,0.724972497249725,0.9438943894389439,-0.5852585258525853,현대모비스
012330,2026-05-24,646000.0,-0.9287925696594423,4,TIMEOUT,0.8583776595744681,0.6117021276595744,-0.3390957446808511,현대모비스
012450,2025-10-12,1042000.0,-12.476007677543189,1,STOP,0.9133089133089133,0.49206349206349204,-0.17582417582417584,한화에어로스페이스
012450,2025-10-26,1013000.0,-3.3563672260612076,1,STOP,0.42374727668845313,0.2875816993464052,-1.0413943355119826,한화에어로스페이스
012450,2026-02-08,1181000.0,25.402201524132085,4,TIMEOUT,1.2232658959537572,0.7658959537572254,-1.010115606936416,한화에어로스페이스
012450,2026-03-22,1320000.0,7.803030303030312,4,TIMEOUT,0.3050494534096825,0.6553878188443519,-0.2040603852160333,한화에어로스페이스
012450,2026-04-26,1463000.0,-10.663021189336973,2,STOP,0.22893401015228426,0.40964467005076144,-0.23045685279187816,한화에어로스페이스
012510,2025-09-21,90000.0,0.0,4,TIMEOUT,0.45569620253164556,0.4131185270425777,-0.142692750287687,더존비즈온
012510,2025-10-05,93300.0,-4.5016077170418,4,TIMEOUT,0.9844271412680756,0.40155728587319245,-0.09343715239154617,더존비즈온
012510,2025-10-19,90000.0,-7.9999999999999964,3,STOP,0.9254437869822485,0.757396449704142,-0.3834319526627219,더존비즈온
012510,2026-01-25,98000.0,-14.693877551020407,2,STOP,0.018018018018018018,0.27177177177177175,0.0,더존비즈온
012510,2026-03-29,119300.0,-0.25146689019278634,4,TIMEOUT,1.6293532338308458,1.044776119402985,-0.07960199004975124,더존비즈온
012510,2026-05-17,120400.0,-0.33222591362126463,4,TIMEOUT,0.18493150684931506,1.86986301369863,-2.9178082191780823,더존비즈온
012510,2026-05-31,120000.0,-0.33333333333332993,3,STOP,0.28187919463087246,0.22818791946308725,-0.053691275167785234,더존비즈온
012610,2026-02-01,4920.0,-5.182926829268297,3,STOP,0.8223812621990891,0.7813923227065712,-0.5061808718282368,경인양행
012610,2026-05-24,6090.0,-33.333333333333336,2,STOP,1.0297029702970297,0.7052551408987052,-0.43412033511043413,경인양행
012630,2026-03-08,24000.0,11.04166666666666,4,TIMEOUT,1.036078431372549,0.7,-0.37176470588235294,HDC
012630,2026-04-12,27550.0,0.9074410163339319,4,TIMEOUT,0.5991643454038997,0.8055710306406685,-0.362116991643454,HDC
012630,2026-05-10,27800.0,-11.870503597122307,1,STOP,0.20537124802527645,0.4060031595576619,-0.36018957345971564,HDC
012690,2026-04-12,2255.0,-0.6651884700665134,4,STOP,0.10412989763501589,0.17119661136604306,-0.1447229085774797,모나리자
012750,2025-09-14,80500.0,-1.7391304347826098,4,STOP,1.018018018018018,1.0960960960960962,-0.23423423423423423,에스원
012750,2026-03-08,83800.0,-0.835322195704058,1,STOP,0.9821958456973294,0.47032640949554894,-1.3382789317507418,에스원
012750,2026-03-22,88900.0,-2.699662542182224,2,STOP,0.3242876526458616,0.4681139755766621,-0.7082767978290366,에스원
012750,2026-04-19,92200.0,-5.097613882863339,1,STOP,0.06443914081145585,0.301909307875895,-0.19809069212410502,에스원
012800,2026-02-08,1358.0,3.092783505154628,4,TIMEOUT,0.4536878216123507,0.340480274442539,-0.5849056603773589,대창
012800,2026-03-08,1400.0,-3.2857142857142807,1,STOP,0.24129651860744325,0.39375750300119994,-0.9843937575030013,대창
012800,2026-05-03,1650.0,-12.303030303030305,4,STOP,0.3502789832610043,0.25666460012399167,-0.1227526348419092,대창
012800,2026-05-24,1653.0,-12.462189957652747,1,STOP,0.5425311203319497,0.3739626556016604,-1.0529045643153527,대창
013360,2025-12-28,2035.0,0.7371007371007376,4,TIMEOUT,1.1134712129681381,0.8071548351034096,-0.14421464505310203,일성건설
013520,2025-11-02,2135.0,-3.9812646370023463,1,STOP,0.4364919354838705,0.4097782258064525,-0.282258064516129,화승코퍼레이션
013520,2025-11-16,2165.0,-3.23325635103926,1,STOP,0.3065589353612167,0.21910646387832655,-0.594106463878327,화승코퍼레이션
013520,2025-12-21,2205.0,-2.26757369614512,2,STOP,0.02565418163160595,0.22832221652129298,-0.02565418163160595,화승코퍼레이션
013520,2026-01-18,2335.0,10.492505353319048,4,TIMEOUT,0.06875,0.096875,-0.9625,화승코퍼레이션
013520,2026-02-01,2320.0,49.78448275862068,4,TIMEOUT,0.075,0.37222222222222223,-0.027777777777777776,화승코퍼레이션
013520,2026-03-01,3475.0,-20.719424460431657,4,STOP,0.7174231332357247,0.5988286969253295,-0.27232796486090777,화승코퍼레이션
013520,2026-04-12,2885.0,15.077989601386488,4,TIMEOUT,0.0011049723756906078,0.3082872928176796,-0.41104972375690607,화승코퍼레이션
013520,2026-05-17,3490.0,-16.7621776504298,1,STOP,0.5349206349206349,0.2841269841269841,-0.24761904761904763,화승코퍼레이션
013570,2026-01-04,4550.0,12.08791208791209,4,TIMEOUT,0.6380597014925373,0.36380597014925375,-0.3208955223880597,디와이
013570,2026-02-08,5300.0,-7.830188679245287,4,STOP,0.7182910547396528,0.7089452603471295,-0.42456608811748997,디와이
013570,2026-03-01,5220.0,-6.417624521072796,1,STOP,0.5405046480743692,0.6361221779548473,-0.1806108897742364,디와이
013580,2026-01-11,19760.0,13.36032388663968,4,TIMEOUT,0.7799858055358411,0.41163946061036194,-0.8034066713981547,계룡건설
013580,2026-03-08,26000.0,-2.3076923076923106,3,STOP,1.2156101768003449,0.8408796895213454,-1.2289780077619663,계룡건설
013580,2026-04-12,27400.0,3.2846715328467058,4,TIMEOUT,0.05822784810126582,0.3822784810126582,-0.4708860759493671,계룡건설
013580,2026-05-10,28300.0,-10.424028268551233,1,STOP,0.23569794050343248,0.09153318077803203,-0.14645308924485126,계룡건설
013870,2026-03-22,5450.0,-6.972477064220184,1,STOP,0.2906100068540096,0.4866346812885538,-0.46333104866346814,지엠비코리아
014160,2026-03-29,1300.0,-6.769230769230772,4,TIMEOUT,0.18096856414613385,0.2523364485981312,-0.4944774851316911,대영포장
014160,2026-04-26,1212.0,-7.590759075907593,2,STOP,0.43740648379052394,0.25885286783042327,-0.1596009975062344,대영포장
014280,2025-09-28,4795.0,23.461939520333686,4,TIMEOUT,0.2077502691065662,0.1969860064585576,-0.02583423035522067,금강공업
014280,2025-11-02,5610.0,-8.556149732620321,1,STOP,0.4042093901780896,0.4657312466270912,-0.011872638963842417,금강공업
014280,2025-11-16,5600.0,29.64285714285715,4,TIMEOUT,0.3770568876351669,0.3008932769158439,-0.5980253878702397,금강공업
014280,2025-12-14,7260.0,-22.1763085399449,3,STOP,0.3045473508552357,0.45807259073842305,0.0,금강공업
014530,2026-02-08,3645.0,17.558299039780522,4,TIMEOUT,0.04498269896193772,0.4117647058823529,-0.615916955017301,극동유화
014530,2026-03-22,3720.0,4.8387096774193505,4,TIMEOUT,0.2782608695652174,0.2885375494071146,-0.25138339920948616,극동유화
014680,2025-10-19,206000.0,7.7669902912621325,4,TIMEOUT,1.1119090365050868,0.7528426092160383,-0.4189108318372232,한솔케미칼
014680,2025-11-30,238000.0,-7.773109243697474,3,STOP,0.2029742765273312,0.4252411575562701,-0.7435691318327974,한솔케미칼
014680,2025-12-14,230000.0,-4.565217391304344,1,STOP,0.1524628616106333,0.27756059421422985,-0.06645817044566067,한솔케미칼
014680,2026-01-04,240000.0,17.708333333333325,4,TIMEOUT,0.10978043912175649,0.15768463073852296,-0.3992015968063872,한솔케미칼
014680,2026-02-08,279500.0,10.912343470482998,4,TIMEOUT,0.6011029411764706,0.6029411764705882,-0.007352941176470588,한솔케미칼
014680,2026-03-01,338000.0,-18.639053254437865,2,STOP,0.988673139158576,0.8673139158576052,-0.07119741100323625,한솔케미칼
014680,2026-03-22,294000.0,-7.14285714285714,1,STOP,0.375,0.48711340206185566,-0.8530927835051546,한솔케미칼
014710,2025-09-14,9210.0,-8.251900108577637,2,STOP,0.36856010568031705,0.39762219286657857,-0.3487450462351387,사조씨푸드
014710,2025-10-05,9140.0,-3.610503282275712,2,STOP,0.274234693877551,0.12755102040816327,-0.6122448979591837,사조씨푸드
014710,2025-10-26,9020.0,-4.32372505543237,1,STOP,0.024657534246575342,0.33013698630136984,-0.5534246575342465,사조씨푸드
014710,2026-01-18,9010.0,-6.215316315205333,2,STOP,0.354251012145749,0.152834008097166,-0.4311740890688259,사조씨푸드
014710,2026-02-08,9160.0,-1.5283842794759805,1,STOP,0.026343519494204427,0.14436248682824027,-0.9357218124341412,사조씨푸드
014790,2026-02-08,3080.0,3.0844155844155896,4,TIMEOUT,0.1267056530214425,0.4327485380116959,0.0,HL D&I
014790,2026-03-08,3175.0,2.677165354330713,4,STOP,0.9381598793363499,0.6666666666666666,-0.6606334841628959,HL D&I
014790,2026-04-12,3530.0,-4.107648725212465,4,STOP,0.07378854625550661,0.3898678414096916,-0.47577092511013214,HL D&I
014830,2026-03-01,82100.0,2.3142509135200884,4,TIMEOUT,1.0072992700729928,0.6934306569343066,-0.08759124087591241,유니드
014830,2026-04-19,87700.0,-3.6488027366020526,3,STOP,0.22255639097744362,0.21203007518796993,-0.4180451127819549,유니드
014910,2026-05-24,3250.0,-35.38461538461538,3,STOP,0.5938931297709926,0.5085665818490245,-0.2788804071246821,성문전자
015230,2025-09-07,6490.0,-8.628659476117107,3,STOP,0.48314606741573035,0.3865168539325843,-0.647191011235955,대창단조
015230,2025-09-21,6300.0,-5.873015873015874,1,STOP,0.4018058690744921,0.45146726862302483,-0.32054176072234764,대창단조
015230,2025-11-16,6440.0,-3.4161490683229823,2,STOP,0.3898989898989899,0.050505050505050504,-0.45656565656565656,대창단조
015230,2026-02-08,6630.0,-6.184012066365008,4,STOP,0.08577878103837472,0.19187358916478556,-0.2799097065462754,대창단조
015230,2026-03-01,6800.0,-8.529411764705886,1,STOP,0.4935897435897436,0.21153846153846154,-0.05555555555555555,대창단조
015230,2026-04-12,6930.0,3.7518037518037506,4,TIMEOUT,0.02073365231259968,0.14354066985645933,-0.16905901116427433,대창단조
015230,2026-05-17,7020.0,-5.840455840455839,1,STOP,0.3678861788617886,0.2865853658536585,-0.7886178861788617,대창단조
015260,2026-05-03,755.0,-11.125827814569533,2,STOP,0.10308864821500173,0.38227035699959916,-0.0296831127156036,에이엔피
015360,2025-12-07,13340.0,-2.0989505247376306,4,TIMEOUT,0.36688311688311687,0.1590909090909091,-1.0389610389610389,INVENI
015360,2025-12-28,13440.0,-4.01785714285714,2,STOP,0.7041420118343196,0.6479289940828402,-0.04142011834319527,INVENI
015360,2026-01-18,13300.0,23.60902255639097,4,TIMEOUT,0.18662952646239556,0.298050139275766,-0.6128133704735376,INVENI
015360,2026-03-01,15460.0,1.8111254851228997,4,TIMEOUT,1.2406417112299466,0.6987522281639929,-0.7237076648841355,INVENI
015360,2026-04-12,16160.0,7.67326732673268,4,TIMEOUT,0.050073637702503684,0.43446244477172313,-0.11192930780559647,INVENI
015360,2026-05-10,17400.0,-13.103448275862073,3,STOP,0.24166048925129727,0.05114899925871016,-0.47739065974796147,INVENI
015760,2025-11-16,47400.0,4.957805907172985,4,TIMEOUT,1.082210242587601,0.5983827493261455,-0.08355795148247978,한국전력
015760,2025-12-14,49750.0,-6.5326633165829096,3,STOP,0.8568486096807415,0.972193614830072,-0.24716786817713698,한국전력
015760,2026-02-08,60700.0,-19.60461285008237,4,STOP,0.6549053356282272,0.5533562822719449,-0.13080895008605853,한국전력
015760,2026-03-01,58500.0,-16.58119658119658,1,STOP,0.6514657980456026,0.48941368078175895,-0.30293159609120524,한국전력
015860,2025-11-30,7000.0,0.14285714285713347,4,STOP,1.1095679012345678,0.8287037037037037,-0.6018518518518519,일진홀딩스
015860,2026-02-15,8230.0,-9.72053462940462,4,STOP,0.3308714918759232,0.18168389955686853,-0.2717872968980798,일진홀딩스
015860,2026-03-08,8000.0,-7.1250000000000036,1,STOP,0.6491416309012875,0.47103004291845496,-0.8304721030042919,일진홀딩스
015860,2026-05-24,10720.0,-17.537313432835823,1,STOP,1.2176711527208894,0.7864248098303102,-0.919836161497952,일진홀딩스
015890,2026-04-26,5150.0,-5.631067961165048,3,STOP,0.21333333333333335,0.38,-0.008888888888888889,태경산업
015890,2026-05-10,5070.0,-4.142011834319526,1,STOP,0.5480093676814989,0.19672131147540983,-0.6744730679156908,태경산업
015890,2026-05-24,5000.0,-3.200000000000003,1,STOP,0.2116788321167883,0.21654501216545013,-0.851581508515815,태경산업
016360,2025-10-12,73300.0,0.27285129604366354,4,STOP,0.6256684491978609,0.0855614973262032,-0.16042780748663102,삼성증권
016360,2025-11-16,80400.0,-0.3731343283582045,4,TIMEOUT,0.29856115107913667,0.48381294964028776,-0.23741007194244604,삼성증권
016360,2025-12-14,80100.0,-5.243445692883897,3,STOP,0.4088397790055249,0.39594843462246776,-0.283609576427256,삼성증권
016360,2026-01-25,86100.0,32.9849012775842,4,TIMEOUT,0.1223175965665236,0.33047210300429186,-0.03862660944206009,삼성증권
016360,2026-03-08,95900.0,1.7726798748696648,3,STOP,0.8235294117647058,0.6874451273046532,-1.2800702370500439,삼성증권
016360,2026-05-10,137200.0,-10.05830903790087,4,TIMEOUT,0.569774919614148,0.21864951768488747,-0.32282958199356915,삼성증권
016360,2026-05-24,129900.0,-8.545034642032334,3,STOP,0.6550671550671551,0.6123321123321124,-0.8534798534798534,삼성증권
016380,2026-03-15,5670.0,0.17636684303350414,2,STOP,0.6051660516605166,0.2853628536285363,-1.3530135301353015,KG스틸
016380,2026-05-17,7180.0,-17.409470752089142,2,STOP,0.871499176276771,0.5799011532125206,-0.4744645799011532,KG스틸
016580,2025-12-14,11620.0,-6.540447504302927,3,STOP,0.488,0.424,-0.452,환인제약
016580,2026-05-17,11470.0,-9.241499564080213,2,STOP,0.658753709198813,0.32344213649851633,-0.3768545994065282,환인제약
016590,2025-11-30,14380.0,-4.7287899860917975,4,TIMEOUT,0.9634630659253376,0.6830818109610802,-0.10166799046862589,신대양제지
016610,2025-10-12,9470.0,2.9567053854276715,4,TIMEOUT,0.7067307692307693,0.15224358974358973,-0.2532051282051282,DB증권
016610,2025-11-09,9750.0,10.769230769230775,4,TIMEOUT,0.2305433186490455,0.5477239353891337,-0.5521292217327459,DB증권
016610,2025-12-14,10760.0,11.05947955390334,4,TIMEOUT,0.5264586160108549,0.3948439620081411,-0.2062415196743555,DB증권
016610,2026-03-08,14120.0,-4.036827195467419,3,STOP,0.7680157946692991,0.7388943731490621,-1.2507403751233959,DB증권
016740,2025-12-07,3880.0,-2.3195876288659822,4,TIMEOUT,0.5944055944055944,0.5011655011655012,-0.289044289044289,두올
016740,2026-03-15,4755.0,-4.8370136698212445,3,STOP,0.13148009015777612,0.3305785123966942,-0.7197595792637115,두올
016740,2026-04-12,4625.0,8.97297297297297,4,TIMEOUT,0.12241521918941274,0.17452440033085195,-0.4218362282878412,두올
016740,2026-05-10,5040.0,-9.126984126984128,3,STOP,0.2673170731707317,0.3131707317073171,-0.5346341463414634,두올
016880,2025-09-28,4355.0,-6.544202066590121,2,STOP,1.2162400706090026,1.030008826125331,-0.8261253309796999,웅진
016880,2026-04-12,2675.0,6.728971962616814,4,TIMEOUT,0.4858014550574982,0.22999295939920206,-0.13142454822811545,웅진
017040,2026-03-15,1425.0,-17.19298245614035,1,STOP,0.0860058309037903,0.2555879494655,-0.9863945578231292,광명전기
017180,2026-03-15,1856.0,-1.18534482758621,3,STOP,0.05109034267912801,0.003738317757010196,-0.9993769470404991,명문제약
017390,2025-10-19,62600.0,8.94568690095847,4,TIMEOUT,0.09130434782608696,0.1,-0.6173913043478261,서울가스
017390,2026-02-15,67100.0,1.6393442622950838,4,TIMEOUT,0.13870967741935483,0.041935483870967745,-0.1870967741935484,서울가스
017390,2026-03-15,68200.0,-4.545454545454541,2,STOP,0.35760517799352753,0.1715210355987055,-0.003236245954692557,서울가스
017550,2026-03-08,1802.0,10.987791342952269,4,TIMEOUT,0.5343173431734324,0.26199261992619927,-1.1955719557195572,수산세보틱스
017550,2026-05-10,3600.0,-21.38888888888889,3,STOP,1.2684752104770813,0.8295603367633304,-0.45088868101029,수산세보틱스
017670,2026-01-25,62700.0,28.86762360446571,4,TIMEOUT,0.41545893719806765,0.5507246376811594,-0.28019323671497587,SK텔레콤
017670,2026-03-08,76500.0,5.751633986928106,4,TIMEOUT,1.166464155528554,0.9295261239368166,-1.1616038882138517,SK텔레콤
017670,2026-05-10,93500.0,13.796791443850264,4,TIMEOUT,0.9910714285714286,0.46316964285714285,-0.5111607142857143,SK텔레콤
017800,2025-12-21,88700.0,0.22547914317925244,4,TIMEOUT,0.61328125,0.4375,-0.10416666666666667,현대엘리베이터
017800,2026-02-08,102200.0,-14.87279843444227,4,STOP,0.2270363951473137,0.7365684575389948,-0.11785095320623917,현대엘리베이터
017800,2026-03-01,98700.0,-11.85410334346505,1,STOP,0.8074369189907038,0.5059760956175299,-0.4860557768924303,현대엘리베이터
017810,2025-09-14,14960.0,-3.074866310160429,1,STOP,0.003626003626003626,0.33048433048433046,-0.32944832944832947,풀무원
017860,2026-03-22,19690.0,-3.8090401218892844,3,STOP,0.07036713286713286,0.16826923076923078,-0.015734265734265736,DS단석
017860,2026-04-19,19590.0,3.879530372639106,4,STOP,0.10510510510510511,0.04676104676104676,-0.3063063063063063,DS단석
017860,2026-05-10,22250.0,-8.539325842696632,1,STOP,0.4175515302935665,0.4590880699562773,-0.03310430980637102,DS단석
017900,2026-04-05,4455.0,126.93602693602695,4,TIMEOUT,0.7916905992724489,0.8232816389048441,-0.09573042312847023,광전자
017900,2026-05-10,11210.0,-22.21231043710973,4,STOP,0.9059519185118046,0.5534118865725753,-0.2473132202511977,광전자
017940,2025-12-14,86000.0,-6.04651162790698,3,STOP,1.0650759219088937,0.5943600867678959,-0.2950108459869848,E1
017940,2026-02-08,97900.0,-0.3064351378958108,4,TIMEOUT,0.13306451612903225,0.3400537634408602,-0.21505376344086022,E1
017940,2026-03-08,97600.0,0.0,4,STOP,0.9030131826741996,0.5301318267419962,-1.0037664783427496,E1
017960,2025-09-21,32750.0,7.175572519083961,4,TIMEOUT,0.4684431977559607,0.791023842917251,-0.1879382889200561,한국카본
017960,2026-02-08,34350.0,21.68850072780204,4,TIMEOUT,0.5794392523364486,0.4264018691588785,-0.7827102803738317,한국카본
017960,2026-03-08,41800.0,7.655502392344493,4,TIMEOUT,0.41000962463907603,0.5033686236766122,-0.4793070259865255,한국카본
017960,2026-03-29,40500.0,25.43209876543211,4,TIMEOUT,0.7980162308385933,0.6447249774571686,-0.8313796212804329,한국카본
017960,2026-05-03,49550.0,-7.568113017154388,1,STOP,0.3266016713091922,0.6260445682451253,-0.04874651810584958,한국카본
018250,2026-03-15,14380.0,-0.9735744089012566,3,STOP,0.6418461538461538,0.24246153846153845,-0.8393846153846154,애경산업
018250,2026-04-12,14730.0,-2.104548540393758,4,STOP,0.0014851485148514852,0.29356435643564355,-0.33762376237623765,애경산업
018260,2025-11-09,168800.0,-0.7109004739336511,1,STOP,0.32696546656869946,0.5393093313739897,-0.34974283614988977,삼성에스디에스
018260,2025-11-23,169000.0,-0.295857988165682,1,STOP,0.23185011709601874,0.3083528493364559,-0.8024980483996877,삼성에스디에스
018260,2025-12-21,171800.0,-0.6984866123399325,1,STOP,0.06612244897959184,0.2089795918367347,-0.3836734693877551,삼성에스디에스
018260,2026-01-04,175100.0,-1.142204454597373,4,STOP,0.1001628664495114,0.11807817589576547,-0.6465798045602605,삼성에스디에스
018260,2026-03-01,195000.0,-15.948717948717949,1,STOP,0.028862478777589132,0.12054329371816638,-0.1833616298811545,삼성에스디에스
018470,2026-05-10,1594.0,-5.771643663739024,1,STOP,0.575249853027631,0.39623750734861835,-0.3027630805408583,조일알미늄
018500,2026-01-18,1619.0,-0.8647313156269321,4,TIMEOUT,0.6356132075471709,0.3926886792452825,-0.393867924528303,동원금속
018500,2026-02-08,1551.0,-2.9658284977433946,4,STOP,0.904557179707653,0.8314703353396393,-1.2416165090283757,동원금속
018500,2026-03-15,1599.0,-1.4383989993746127,3,STOP,0.07226890756302572,0.35686274509803945,-1.2056022408963587,동원금속
018500,2026-04-19,1716.0,4.895104895104896,4,TIMEOUT,0.17920918367347025,0.040816326530611374,-0.4043367346938781,동원금속
018500,2026-05-17,1800.0,-4.555555555555557,1,STOP,0.4785942492012771,0.4178913738019175,-0.22875399361022336,동원금속
018670,2026-03-29,246500.0,5.476673427991896,4,TIMEOUT,0.1400329489291598,0.2487644151565074,-0.09884678747940692,SK가스
018880,2025-09-07,3234.0,-4.885590599876311,2,STOP,0.2883211678832108,0.41027980535279834,-0.09306569343065665,한온시스템
018880,2025-11-23,3535.0,1.980198019801982,3,STOP,0.927570093457944,0.37663551401869116,-0.8509345794392519,한온시스템
018880,2026-03-08,4140.0,-4.8309178743961345,3,STOP,0.8864265927977839,0.5650969529085873,-1.1204986149584488,한온시스템
018880,2026-05-24,5050.0,12.475247524752486,4,TIMEOUT,0.5695102685624013,0.3546603475513428,-0.707740916271722,한온시스템
019170,2025-11-09,13930.0,6.030150753768848,4,TIMEOUT,0.03352675693101225,0.15667311411992263,-0.025789813023855575,신풍제약
019170,2025-11-23,13830.0,4.121475054229928,4,TIMEOUT,0.20715962441314553,0.2705399061032864,-0.31103286384976525,신풍제약
019180,2025-09-21,6530.0,-7.810107197549765,4,TIMEOUT,1.58051689860835,1.0781974817760107,-0.4970178926441352,티에이치엔
019180,2025-10-05,5720.0,2.7972027972027913,4,TIMEOUT,1.1557093425605536,1.0865051903114187,-0.0922722029988466,티에이치엔
019180,2025-11-02,5880.0,15.306122448979597,4,TIMEOUT,0.13399894902785076,0.7362059905412507,-0.10509721492380451,티에이치엔
019180,2025-11-30,6780.0,22.418879056047203,4,TIMEOUT,0.24125,0.29625,-0.245,티에이치엔
019180,2025-12-14,7500.0,2.1333333333333426,4,TIMEOUT,0.5577731092436975,0.40441176470588236,-0.19327731092436976,티에이치엔
019180,2026-03-15,8610.0,-13.356562137049943,3,STOP,0.19268635724331926,0.008438818565400843,-1.1251758087201125,티에이치엔
019180,2026-03-29,8300.0,-10.120481927710845,1,STOP,0.2113564668769716,0.1695583596214511,-0.138801261829653,티에이치엔
020000,2025-12-14,15850.0,-2.208201892744477,3,STOP,0.6171107994389902,0.19214586255259467,-0.5525946704067322,한섬
020000,2026-02-15,21050.0,11.876484560570066,4,TIMEOUT,0.6980474198047419,0.7357043235704324,-0.07670850767085077,한섬
020000,2026-03-08,24200.0,-7.438016528925617,4,STOP,1.4259077526987243,1.02306182531894,-0.3042198233562316,한섬
020000,2026-04-12,23100.0,11.038961038961048,4,TIMEOUT,0.4580020739716557,0.7760110611821639,-0.9920497753197373,한섬
020000,2026-05-10,25650.0,-2.92397660818714,2,STOP,0.10508474576271186,0.4135593220338983,-0.4101694915254237,한섬
020120,2025-09-21,4390.0,-8.200455580865606,3,STOP,0.24857954545454544,0.11789772727272728,-0.48295454545454547,키다리스튜디오
020120,2025-10-05,4030.0,0.0,1,STOP,0.1903485254691689,0.2546916890080429,-0.26273458445040215,키다리스튜디오
020120,2026-05-10,3975.0,-18.74213836477987,4,STOP,0.7198838896952104,0.047895500725689405,-0.397677793904209,키다리스튜디오
020150,2025-11-02,26000.0,50.38461538461539,4,TIMEOUT,0.18599562363238512,0.10065645514223195,-0.01312910284463895,롯데에너지머티리얼즈
020150,2025-11-16,36950.0,-2.571041948579156,4,TIMEOUT,0.6613102595797281,0.28059332509270707,-1.0902348578491965,롯데에너지머티리얼즈
020150,2025-12-14,36000.0,-12.222222222222223,1,STOP,1.065359477124183,0.7459150326797386,-0.5196078431372549,롯데에너지머티리얼즈
020150,2026-02-08,46350.0,-11.54261057173679,4,TIMEOUT,0.27782357790601814,0.11294311624072548,-0.13520197856553998,롯데에너지머티리얼즈
020150,2026-03-08,41000.0,-9.14634146341463,1,STOP,0.6938483547925608,0.4341917024320458,-1.530758226037196,롯데에너지머티리얼즈
020150,2026-05-17,71500.0,-21.53846153846154,2,STOP,1.2808038075092543,0.8424114225277631,-0.32998413537810684,롯데에너지머티리얼즈
021050,2026-03-01,1324.0,-8.308157099697889,4,STOP,0.5579536370903292,0.5091926458832919,-0.22701838529176732,서원
021050,2026-05-17,1531.0,-15.937295885042458,2,STOP,0.679960610536681,0.42392909896602615,-0.00787789266371201,서원
021240,2026-05-24,94200.0,-3.0785562632696384,4,TIMEOUT,0.9564032697547684,0.6294277929155313,-0.5286103542234333,코웨이
021820,2025-11-16,12030.0,-1.7456359102244412,4,TIMEOUT,0.18278427205100956,0.40063761955366634,-0.23379383634431455,세원정공
021820,2026-02-15,14100.0,13.617021276595743,4,TIMEOUT,0.5004314063848145,0.3028472821397757,-0.003451251078515962,세원정공
021820,2026-03-08,16060.0,-11.64383561643836,4,STOP,0.8968354430379747,0.7601265822784811,-0.21645569620253163,세원정공
022100,2025-11-23,24400.0,5.327868852459017,4,STOP,0.6050847457627119,0.28983050847457625,-0.5389830508474577,포스코DX
022100,2025-12-28,28100.0,40.92526690391458,4,TIMEOUT,0.10918774966711052,0.3794940079893475,-0.22902796271637815,포스코DX
022100,2026-01-11,27050.0,38.817005545286506,4,TIMEOUT,0.273972602739726,0.15616438356164383,-0.2493150684931507,포스코DX
022100,2026-02-08,37550.0,-10.386151797603194,4,STOP,0.9072847682119205,0.7578051087984863,-0.08893093661305582,포스코DX
023530,2025-12-07,74200.0,-7.547169811320753,4,STOP,0.583743842364532,0.21921182266009853,-0.08866995073891626,롯데쇼핑
023530,2026-03-08,96800.0,2.789256198347112,4,STOP,1.3813481071098799,0.840258541089566,-1.3665743305632503,롯데쇼핑
023530,2026-04-12,106800.0,29.307116104868914,4,TIMEOUT,0.036608863198458574,0.5324341682723186,-0.44572896596017986,롯데쇼핑
023530,2026-05-17,173900.0,12.478435882691198,4,TIMEOUT,0.9522222222222222,0.7394444444444445,-0.034444444444444444,롯데쇼핑
023590,2025-10-12,35500.0,-2.8169014084507005,1,STOP,0.5769980506822612,0.02729044834307992,-0.39766081871345027,다우기술
023590,2025-11-02,39000.0,-8.71794871794872,3,STOP,0.06466876971608833,0.32334384858044163,-0.24290220820189273,다우기술
023590,2025-12-14,41300.0,-9.927360774818405,2,STOP,0.1944055944055944,0.16083916083916083,-0.45874125874125876,다우기술
023590,2026-01-04,39600.0,34.34343434343434,4,TIMEOUT,0.1880794701986755,0.28741721854304636,-0.5668874172185431,다우기술
023590,2026-03-08,50200.0,-3.2868525896414313,1,STOP,0.7239057239057239,0.6356902356902356,-1.2484848484848485,다우기술
023590,2026-03-22,50900.0,-5.108055009823187,1,STOP,0.36304062909567497,0.4541284403669725,-0.6657929226736566,다우기술
023800,2025-11-16,6040.0,6.62251655629138,4,TIMEOUT,0.20783132530120482,0.34036144578313254,-0.24096385542168675,인지컨트롤스
023800,2025-12-21,6410.0,12.636505460218416,4,TIMEOUT,0.4034334763948498,0.5579399141630901,-0.09155937052932761,인지컨트롤스
023800,2026-02-08,7170.0,-7.810320781032076,4,STOP,0.656353591160221,0.7513812154696132,-0.3624309392265193,인지컨트롤스
023800,2026-03-01,7290.0,-9.327846364883396,1,STOP,0.4503968253968254,0.5674603174603174,-0.35714285714285715,인지컨트롤스
023800,2026-05-17,8040.0,-10.199004975124382,1,STOP,0.9219015280135824,0.5212224108658744,-0.6893039049235993,인지컨트롤스
023960,2026-01-18,1309.0,26.050420168067223,4,TIMEOUT,0.28264868179031216,0.15879828326180315,-0.31146535867565883,에쓰씨엔지니어링
023960,2026-02-15,1650.0,-12.484848484848488,3,STOP,0.5097540288379985,0.565733672603902,-0.03562340966921158,에쓰씨엔지니어링
024110,2025-11-30,20550.0,3.1630170316301776,4,TIMEOUT,0.5318627450980392,0.35784313725490197,-0.11764705882352941,기업은행
024110,2026-01-04,20750.0,-1.6867469879518038,1,STOP,0.5923076923076923,0.6961538461538461,-0.6025641025641025,기업은행
024110,2026-03-08,23650.0,-2.3255813953488413,1,STOP,1.1042183622828785,0.7270471464019851,-1.6724565756823822,기업은행
024110,2026-03-22,24100.0,-2.2821576763485507,1,STOP,0.5466666666666666,0.37777777777777777,-1.0355555555555556,기업은행
025000,2026-03-08,51000.0,-2.941176470588236,3,STOP,1.0867158671586716,0.43911439114391143,-0.992619926199262,KPX케미칼
025000,2026-05-17,52000.0,-0.5769230769230749,1,STOP,0.4358047016274864,0.018083182640144666,-0.8390596745027125,KPX케미칼
025540,2026-01-04,66300.0,12.82051282051282,4,TIMEOUT,1.0949554896142433,0.712166172106825,-0.7240356083086054,한국단자
025540,2026-02-08,71400.0,-0.9803921568627416,4,STOP,0.4376163873370577,0.7094972067039106,-0.6405959031657356,한국단자
025540,2026-03-22,76500.0,-3.9215686274509776,2,STOP,0.08409986859395532,0.19316688567674112,-0.7148488830486203,한국단자
025540,2026-04-12,75600.0,19.312169312169303,4,TIMEOUT,0.05524079320113314,0.04107648725212465,-0.3087818696883853,한국단자
025540,2026-05-17,89800.0,-12.249443207126953,2,STOP,0.8959459459459459,0.5918918918918918,-0.4783783783783784,한국단자
025560,2025-10-26,12300.0,-6.341463414634141,4,STOP,0.3831101956745623,0.509783728115345,-0.16683831101956745,미래산업
025560,2025-11-09,12850.0,-10.35019455252918,2,STOP,0.5249169435215947,0.5224252491694352,-0.12458471760797342,미래산업
025560,2025-11-30,12990.0,2.0785219399538146,4,TIMEOUT,0.33131720430107525,0.28696236559139787,-0.6639784946236559,미래산업
025560,2025-12-14,12910.0,-5.809450038729668,4,STOP,0.16930835734870317,0.4250720461095101,0.0,미래산업
025560,2026-03-08,14080.0,-2.6988636363636354,2,STOP,0.37444444444444447,0.2816666666666667,-1.2422222222222221,미래산업
025560,2026-05-10,17730.0,72.02481669486747,4,TIMEOUT,0.48122183274912367,0.26639959939909863,-0.018027040560841263,미래산업
025620,2025-09-28,8100.0,79.75308641975309,4,TIMEOUT,0.1652089407191448,0.27696793002915454,-0.20796890184645286,차AI헬스케어
025620,2025-10-26,14560.0,-12.774725274725274,4,TIMEOUT,0.8733731973267675,0.6767499120647203,-0.049243756595145974,차AI헬스케어
025820,2025-12-21,5200.0,10.1923076923077,4,TIMEOUT,0.13770053475935828,0.29411764705882354,-0.0855614973262032,이구산업
025820,2026-01-25,5620.0,-3.0249110320284656,2,STOP,0.6277013752455796,0.46463654223968565,-0.22789783889980353,이구산업
025860,2026-02-08,7120.0,6.60112359550562,4,TIMEOUT,0.06666666666666667,0.41403508771929826,-0.6105263157894737,남해화학
025860,2026-03-08,7590.0,10.013175230566528,4,TIMEOUT,0.75,0.48060344827586204,-1.5301724137931034,남해화학
025860,2026-05-03,11740.0,-24.44633730834753,2,STOP,0.34676434676434675,0.46825396825396826,-0.08547008547008547,남해화학
026890,2025-12-14,10890.0,-11.202938475665746,2,STOP,0.17324561403508773,0.02850877192982456,-0.05482456140350877,스틱인베스트먼트
026960,2025-12-21,29000.0,-10.344827586206895,2,STOP,0.21220930232558138,0.25290697674418605,-0.05813953488372093,동서
027410,2025-12-14,4110.0,-6.082725060827254,3,STOP,0.5552407932011332,0.21246458923512748,-0.5155807365439093,BGF
027410,2026-03-01,4405.0,1.7026106696935273,4,TIMEOUT,0.8133971291866029,0.3708133971291866,-0.32057416267942584,BGF
027410,2026-05-03,5240.0,-12.118320610687029,3,STOP,0.8034883720930233,0.5976744186046512,-0.030232558139534883,BGF
028050,2025-09-07,28250.0,-3.8938053097345104,3,STOP,0.8033980582524272,0.8932038834951457,-0.3786407766990291,삼성E&A
028050,2026-03-08,33450.0,21.225710014947687,4,TIMEOUT,1.231124807395994,0.9460708782742681,-1.0909090909090908,삼성E&A
028050,2026-05-10,62400.0,-22.51602564102564,4,STOP,1.1606699751861043,0.7704714640198511,-0.21712158808933002,삼성E&A
028100,2025-12-21,17030.0,-0.41103934233704953,4,TIMEOUT,0.7475409836065574,0.5745901639344262,-0.09016393442622951,동아지질
028100,2026-03-01,17900.0,-8.212290502793296,1,STOP,0.4880847308031774,0.2506619593998235,-0.22594880847308033,동아지질
028100,2026-03-22,18350.0,-4.196185286103537,1,STOP,0.00697350069735007,0.07182705718270571,-0.9107391910739191,동아지질
028100,2026-04-26,17950.0,-7.130919220055709,3,STOP,0.09527272727272727,0.0014545454545454545,-0.20218181818181818,동아지질
028260,2025-10-05,197800.0,14.256825075834168,4,TIMEOUT,0.8708955223880597,0.49850746268656715,-0.3746268656716418,삼성물산
028260,2025-10-19,210500.0,4.275534441805218,4,TIMEOUT,0.9557399723374828,0.813969571230982,-0.39557399723374825,삼성물산
028260,2025-11-23,216000.0,15.277777777777768,4,TIMEOUT,0.47176781002638524,0.6527704485488126,-0.44327176781002636,삼성물산
028260,2025-12-28,240500.0,27.027027027027017,4,TIMEOUT,0.6128266033254157,0.6351543942992874,-0.342042755344418,삼성물산
028260,2026-02-08,289500.0,-2.072538860103623,4,STOP,0.9229166666666667,0.9833333333333333,-0.6041666666666666,삼성물산
028260,2026-05-10,422500.0,8.994082840236683,4,TIMEOUT,0.48942598187311176,0.06646525679758308,-0.44914400805639476,삼성물산
028260,2026-05-24,420500.0,17.717003567181933,4,TIMEOUT,0.8536121673003803,0.6806083650190115,-0.33269961977186313,삼성물산
02826K,2025-09-28,123500.0,9.149797570850193,4,TIMEOUT,0.34513274336283184,0.04424778761061947,-0.10872313527180784,삼성물산우B
02826K,2025-10-19,135300.0,3.5476718403547602,4,TIMEOUT,0.6847826086956522,0.5289855072463768,-0.2995169082125604,삼성물산우B
02826K,2025-11-23,138000.0,8.550724637681162,4,TIMEOUT,0.37014134275618377,0.48056537102473496,-0.4558303886925795,삼성물산우B
02826K,2025-12-21,149800.0,11.949265687583456,4,TIMEOUT,0.3665086887835703,0.5466034755134281,-0.13428120063191154,삼성물산우B
02826K,2026-02-08,177700.0,0.5064715813168252,4,STOP,0.8783140720598233,0.9191026512576479,-0.19714479945615226,삼성물산우B
02826K,2026-03-22,191000.0,-5.340314136125657,1,STOP,0.21515679442508712,0.43162020905923343,-0.8440766550522648,삼성물산우B
02826K,2026-05-10,245000.0,-5.5102040816326525,4,TIMEOUT,0.391580354159706,0.055462746408286,-0.3768793852322085,삼성물산우B
02826K,2026-05-24,227500.0,10.769230769230775,4,TIMEOUT,0.5946202531645569,0.4591772151898734,-0.5082278481012659,삼성물산우B
028670,2026-01-18,4155.0,22.262334536702767,4,TIMEOUT,0.028070175438596492,0.12982456140350876,-0.4105263157894737,팬오션
028670,2026-03-08,5250.0,-6.666666666666665,3,STOP,0.891324200913242,0.7296803652968037,-0.6557077625570776,팬오션
028670,2026-04-05,5260.0,5.323193916349811,4,TIMEOUT,0.07801418439716312,0.47596532702915684,-0.8006304176516943,팬오션
028670,2026-05-03,5540.0,-0.9025270758122761,4,STOP,0.23615635179153094,0.21579804560260588,-0.035830618892508145,팬오션
029460,2025-10-19,27200.0,-9.191176470588236,3,STOP,1.1516587677725119,0.8625592417061612,-0.2938388625592417,케이씨
029460,2026-02-01,33450.0,4.783258594917794,4,TIMEOUT,0.8758465011286681,0.7313769751693002,-0.1580135440180587,케이씨
029460,2026-03-01,35050.0,-10.271041369472178,4,STOP,0.9217081850533808,0.8576512455516014,-0.49466192170818507,케이씨
029460,2026-04-19,37650.0,6.507304116865864,4,TIMEOUT,0.03734939759036145,0.12409638554216867,-0.4963855421686747,케이씨
029460,2026-05-17,40100.0,-11.471321695760594,1,STOP,0.9040284360189573,0.4609004739336493,-0.7677725118483413,케이씨
029530,2025-12-14,53300.0,-11.819887429643527,3,STOP,0.8258527827648114,0.7199281867145422,-0.0933572710951526,신도리코
029530,2025-12-28,49900.0,-5.811623246492981,1,STOP,0.966832504145937,0.7976782752902156,-0.10945273631840796,신도리코
029530,2026-03-08,54900.0,-5.282331511839711,3,STOP,0.9203084832904884,0.30162810625535563,-1.2784918594687231,신도리코
029780,2025-12-07,54200.0,0.1845018450184588,4,TIMEOUT,0.8789346246973365,0.3341404358353511,-0.21307506053268765,삼성카드
029780,2026-03-08,59300.0,-7.251264755480602,3,STOP,0.9038901601830663,0.4988558352402746,-1.345537757437071,삼성카드
030000,2025-12-21,23150.0,-9.935205183585316,2,STOP,1.2658227848101267,1.0063291139240507,-0.1518987341772152,제일기획
030190,2025-12-14,17950.0,-9.02506963788301,3,STOP,1.2693911592994163,0.8657214345287739,-0.4053377814845705,NICE평가정보
030190,2025-12-28,17120.0,-4.614485981308414,1,STOP,0.7867756315007429,0.8811292719167905,-0.5482912332838039,NICE평가정보
030190,2026-03-15,17460.0,-3.3218785796105377,2,STOP,0.17569352708058125,0.005284015852047556,-1.0198150594451783,NICE평가정보
030200,2026-01-11,52000.0,8.269230769230763,4,TIMEOUT,0.5958005249343832,0.41732283464566927,-0.6404199475065617,KT
030200,2026-02-08,56300.0,4.7957371225577194,4,TIMEOUT,0.35135135135135137,0.6563706563706564,-0.138996138996139,KT
030200,2026-03-08,59000.0,0.8474576271186418,4,STOP,0.884,0.638,-1.66,KT
030210,2026-03-08,4575.0,-6.8852459016393475,2,STOP,0.8625592417061612,0.6872037914691943,-0.8265402843601896,다올투자증권
030610,2025-09-28,9020.0,3.880266075388028,4,TIMEOUT,0.3474842767295597,0.014150943396226415,-0.18238993710691823,교보증권
030610,2025-10-12,9130.0,0.5476451259583737,4,STOP,0.6183206106870229,0.03244274809160305,-0.41603053435114506,교보증권
030610,2025-11-16,9530.0,-4.092339979013637,1,STOP,0.0030441400304414,0.3546423135464231,-0.1095890410958904,교보증권
030610,2025-12-14,9970.0,-5.917753259779335,3,STOP,0.19934640522875818,0.1568627450980392,-0.17320261437908496,교보증권
030610,2026-01-18,9860.0,41.98782961460446,4,TIMEOUT,0.09644670050761421,0.09475465313028765,-0.7952622673434856,교보증권
030610,2026-03-08,12730.0,2.435192458758828,3,STOP,0.9455709711846318,0.7796157950907151,-1.279615795090715,교보증권
031210,2025-09-07,44750.0,13.743016759776538,4,TIMEOUT,0.12077294685990338,0.1996779388083736,0.0,서울보증보험
031210,2025-10-05,50900.0,-0.7858546168958758,4,TIMEOUT,1.1797752808988764,0.7443820224719101,-0.1151685393258427,서울보증보험
031210,2026-03-01,58300.0,-7.718696397941683,4,STOP,0.8509249183895539,0.5919477693144722,-0.05223068552774755,서울보증보험
031430,2025-12-28,11360.0,-6.602112676056338,1,STOP,0.6223067173637515,0.49429657794676807,-0.032953105196451206,신세계인터내셔날
031430,2026-01-18,10910.0,13.198900091659027,4,TIMEOUT,0.25609756097560976,0.33875338753387535,-0.8590785907859079,신세계인터내셔날
031430,2026-02-15,12350.0,0.4858299595141613,4,TIMEOUT,0.4836325237592397,0.5712777191129884,-0.25343189017951423,신세계인터내셔날
031430,2026-04-19,13970.0,19.32712956335003,4,TIMEOUT,0.03808073115003808,0.16831683168316833,-0.11576542269611577,신세계인터내셔날
031430,2026-05-10,14840.0,-5.660377358490565,3,STOP,0.7082257469568425,0.4869052010328292,-0.10475839173736629,신세계인터내셔날
031440,2025-09-21,40750.0,-6.62576687116564,2,STOP,0.40486409155937053,0.11015736766809728,-0.1917024320457797,신세계푸드
031440,2026-01-18,47300.0,1.374207188160681,4,TIMEOUT,1.1366559485530547,1.0160771704180065,-0.2572347266881029,신세계푸드
031440,2026-03-01,51900.0,-4.913294797687861,4,TIMEOUT,0.4409090909090909,1.990909090909091,-0.6,신세계푸드
031440,2026-04-19,50800.0,5.7086614173228245,4,TIMEOUT,0.0946843853820598,0.17275747508305647,-0.7674418604651163,신세계푸드
031440,2026-05-10,56400.0,-18.971631205673756,2,STOP,0.37812911725955206,0.33201581027667987,-0.4795783926218709,신세계푸드
031820,2026-02-08,6030.0,30.679933665008296,4,TIMEOUT,0.08012820512820513,0.30128205128205127,-0.358974358974359,아이티센씨티에스
031820,2026-03-08,7880.0,-12.563451776649748,4,STOP,0.9831697054698457,0.7994389901823282,-0.4908835904628331,아이티센씨티에스
031820,2026-04-12,7530.0,0.0,2,STOP,0.012121212121212121,0.396969696969697,-0.6404040404040404,아이티센씨티에스
031820,2026-05-10,8240.0,-18.082524271844658,3,STOP,0.1595900439238653,0.060029282576866766,-0.5592972181551976,아이티센씨티에스
032350,2025-10-05,17640.0,-2.8911564625850317,1,STOP,0.2652196929592377,0.1439915299100053,-0.5971413446267867,롯데관광개발
032350,2025-10-19,18140.0,-2.3704520396912954,3,STOP,0.4405076679005817,0.06345848757271286,-0.9264939185616076,롯데관광개발
032350,2025-11-02,18140.0,-2.3704520396912954,1,STOP,0.15337734890807517,0.2270187912646013,-0.202133062468258,롯데관광개발
032350,2025-11-16,18290.0,27.938764352104982,4,TIMEOUT,0.07240889730241364,0.277330809275911,-0.285849503076195,롯데관광개발
032350,2025-12-07,21350.0,5.854800936768156,4,TIMEOUT,0.3359436178543461,0.2995301487862177,-0.1816758026624902,롯데관광개발
032350,2025-12-21,23000.0,-9.130434782608699,4,STOP,0.6110154905335629,0.5156626506024097,-0.6175559380378658,롯데관광개발
032350,2026-01-04,22600.0,-7.52212389380531,2,STOP,0.6080650866643085,0.48072161301733285,-0.35726918995401485,롯데관광개발
032350,2026-01-25,22850.0,6.345733041575485,4,TIMEOUT,0.033447098976109216,0.3757679180887372,-0.45733788395904434,롯데관광개발
032350,2026-02-22,24300.0,-4.732510288065839,1,STOP,0.4855595667870036,0.4162454873646209,-0.2743682310469314,롯데관광개발
032640,2025-09-14,15160.0,0.06596306068602509,4,TIMEOUT,0.06428571428571428,0.2726190476190476,-0.7619047619047619,LG유플러스
032640,2025-10-12,15170.0,-1.713909030982197,1,STOP,0.28714285714285714,0.1742857142857143,-0.2542857142857143,LG유플러스
032640,2025-10-26,15170.0,2.8345418589321048,4,TIMEOUT,0.1318840579710145,0.1855072463768116,-0.4579710144927536,LG유플러스
032640,2025-12-07,15300.0,-1.3725490196078383,1,STOP,0.19518377693282637,0.08111533586818757,-0.514575411913815,LG유플러스
032640,2026-02-15,17170.0,-12.114152591729766,3,STOP,0.46883988494726747,0.2607861936720997,-0.23010546500479387,LG유플러스
032640,2026-03-01,16540.0,-8.76662636033857,1,STOP,0.7565905096660809,0.5,-0.0035149384885764497,LG유플러스
032640,2026-04-26,16600.0,-4.578313253012045,1,STOP,0.2246065808297568,0.20958512160228898,-0.14163090128755365,LG유플러스
032830,2025-09-28,152000.0,6.97368421052631,4,TIMEOUT,1.0223752151462995,0.6385542168674698,-0.2633390705679862,삼성생명
032830,2026-01-11,159500.0,15.548589341692786,4,TIMEOUT,0.22465034965034966,0.04108391608391608,-0.22377622377622378,삼성생명
032830,2026-03-08,210000.0,5.238095238095242,4,TIMEOUT,0.7653371127758656,0.7531889046365661,-0.5531484106094351,삼성생명
032830,2026-05-10,295000.0,39.83050847457628,4,TIMEOUT,0.5741861606412564,0.4400458040242107,-0.12759692458694585,삼성생명
032830,2026-05-24,364500.0,16.049382716049386,4,TIMEOUT,0.9258202567760342,0.9643366619115549,-0.11697574893009986,삼성생명
033240,2025-10-05,20900.0,3.8277511961722466,4,TIMEOUT,0.27001953125,0.4990234375,-0.01953125,자화전자
033240,2025-11-02,21700.0,-8.34101382488479,2,STOP,0.4850818094321463,0.4716073147256978,-0.6352261790182868,자화전자
033240,2026-01-04,26300.0,14.068441064638781,4,TIMEOUT,0.5747836835599506,0.1668726823238566,-0.2985166872682324,자화전자
033240,2026-01-18,22400.0,88.16964285714286,4,TIMEOUT,0.6222030981067126,0.27395295467584624,-0.5134825014343086,자화전자
033240,2026-03-08,39950.0,-9.261576971214014,3,STOP,1.2691056910569105,0.8861788617886179,-1.8845528455284553,자화전자
033240,2026-05-17,48450.0,-18.16305469556243,2,STOP,0.7789389067524116,0.32636655948553056,-0.819935691318328,자화전자
033270,2026-03-15,20350.0,0.0,4,TIMEOUT,0.6552995391705069,0.14746543778801843,-1.1852534562211983,유나이티드제약
033530,2025-09-21,6280.0,-8.439490445859876,3,STOP,1.400355871886121,0.7980427046263345,-0.2704626334519573,SJG세종
033530,2025-10-26,8300.0,-3.3734939759036187,4,TIMEOUT,0.1608695652173913,0.6809782608695653,-0.8130434782608695,SJG세종
033530,2025-11-16,8220.0,13.625304136253046,4,TIMEOUT,0.7380191693290735,0.5862619808306709,-0.134185303514377,SJG세종
033530,2025-12-21,9040.0,12.168141592920346,4,TIMEOUT,0.33568075117370894,0.6291079812206573,-0.19483568075117372,SJG세종
033530,2026-02-15,10290.0,-2.526724975704564,2,STOP,0.1227106227106227,0.24786324786324787,-0.10378510378510379,SJG세종
033780,2025-09-28,137600.0,-2.6162790697674465,1,STOP,0.023529411764705882,0.06631016042780749,-0.2374331550802139,KT&G
033780,2025-10-26,136400.0,-1.6129032258064502,1,STOP,0.024320457796852647,0.01430615164520744,-0.16022889842632332,KT&G
033780,2025-11-16,142700.0,-0.7708479327259932,4,TIMEOUT,0.09973753280839895,0.07742782152230972,-0.1837270341207349,KT&G
033780,2025-11-30,145500.0,-0.4810996563573866,4,TIMEOUT,0.2908093278463649,0.33607681755829905,-0.13168724279835392,KT&G
033780,2026-02-01,153900.0,5.977907732293697,4,TIMEOUT,0.03471074380165289,0.2809917355371901,-0.5024793388429752,KT&G
033780,2026-03-01,163100.0,-5.150214592274683,1,STOP,1.3175141242937853,0.9344632768361582,-0.4,KT&G
033780,2026-05-10,181000.0,-0.939226519337022,4,TIMEOUT,0.8816169393647738,0.20692974013474494,-0.12704523580365737,KT&G
033920,2025-11-02,8600.0,-4.418604651162794,3,STOP,0.12533333333333332,0.25333333333333335,-0.176,무학
033920,2025-12-07,8420.0,8.432304038004744,4,TIMEOUT,0.1702127659574468,0.024822695035460994,-0.475177304964539,무학
033920,2026-01-04,9130.0,-2.957283680175249,4,TIMEOUT,0.2222222222222222,0.3409436834094368,-0.5418569254185692,무학
033920,2026-03-01,9510.0,-3.8906414300736047,1,STOP,0.5356600910470409,0.6327769347496206,-0.2488619119878604,무학
034020,2025-11-09,77900.0,-6.1617458279846,2,STOP,1.0330296127562641,0.6617312072892938,-0.5284738041002278,두산에너빌리티
034020,2025-11-30,76400.0,1.308900523560208,3,STOP,0.3249475890985325,0.4643605870020964,-0.7547169811320755,두산에너빌리티
034020,2026-02-08,89000.0,10.1123595505618,4,TIMEOUT,0.8252184769038702,0.5617977528089888,-0.6591760299625468,두산에너빌리티
034020,2026-03-08,98000.0,0.10204081632652073,3,STOP,0.48284960422163586,0.6781002638522428,-1.7326297273526825,두산에너빌리티
034020,2026-04-19,108500.0,8.294930875576046,4,TIMEOUT,0.015163002274450341,0.24564063684609552,-0.4473085670962851,두산에너빌리티
034020,2026-05-17,117500.0,-5.021276595744684,1,STOP,0.7655947307245253,0.5145292522278186,-0.4618364974815963,두산에너빌리티
034220,2025-09-07,11990.0,21.601334445371133,4,TIMEOUT,1.0825082508250825,0.9031903190319032,-0.07700770077007701,LG디스플레이
034220,2025-10-19,14370.0,-6.680584551148227,3,STOP,1.0115416323165705,1.0741962077493816,-0.38582028029678483,LG디스플레이
034220,2026-05-17,16500.0,-15.75757575757576,4,STOP,0.5173137460650578,0.0776495278069255,-0.7943336831059811,LG디스플레이
034230,2026-03-01,19950.0,-14.987468671679194,1,STOP,0.9023121387283237,0.4930635838150289,-0.5132947976878612,파라다이스
034310,2025-09-28,13440.0,-0.37202380952381375,2,STOP,0.3275217932752179,0.074719800747198,-0.5753424657534246,NICE
034310,2025-11-23,14200.0,-4.577464788732399,1,STOP,0.25738396624472576,0.16877637130801687,-0.5203938115330521,NICE
034310,2026-03-15,14010.0,0.49964311206280865,2,STOP,0.635483870967742,0.2698924731182796,-1.5978494623655914,NICE
034730,2025-09-28,206500.0,15.012106537530268,4,TIMEOUT,0.6323278315310188,0.10472396129766648,-0.5919180421172453,SK
034730,2025-11-09,247500.0,6.666666666666665,4,TIMEOUT,0.42961165048543687,0.7728155339805826,-0.19902912621359223,SK
034730,2025-11-23,249000.0,0.40160642570281624,4,STOP,0.608786610878661,0.49581589958158995,-0.1297071129707113,SK
034730,2026-01-04,259000.0,28.764478764478763,4,TIMEOUT,0.0752212389380531,0.3407079646017699,-0.6238938053097345,SK
034730,2026-02-01,333500.0,20.239880059970016,4,TIMEOUT,0.7243460764587525,0.7022132796780685,-0.3782696177062374,SK
034730,2026-03-08,358500.0,-7.67085076708508,1,STOP,0.7988023952095809,0.9065868263473054,-0.9724550898203593,SK
034730,2026-03-22,360000.0,-7.222222222222219,1,STOP,0.48279352226720645,0.5293522267206477,-0.7975708502024291,SK
034730,2026-05-24,642000.0,0.6230529595015577,4,TIMEOUT,1.1918396564065856,0.9269863994273443,-0.2763063707945598,SK
03473K,2025-10-26,178800.0,3.803131991051445,4,TIMEOUT,0.38926174496644295,0.5048471290082028,-0.1029082774049217,SK우
03473K,2025-11-09,183900.0,7.667210440456773,4,TIMEOUT,0.41935483870967744,0.7117364447494853,-0.32807137954701443,SK우
03473K,2025-11-23,185600.0,2.963362068965525,4,TIMEOUT,0.5119116792562464,0.5113306217315514,-0.2138291690877397,SK우
03473K,2026-01-04,193500.0,24.031007751937985,4,TIMEOUT,0.12429731417863835,0.33229231730168646,-0.4684572142410993,SK우
03473K,2026-02-01,240000.0,20.833333333333325,4,TIMEOUT,0.6203007518796992,0.6647869674185464,-0.23809523809523808,SK우
03473K,2026-03-08,257000.0,-6.809338521400776,1,STOP,0.903353057199211,0.9487179487179487,-1.1479289940828403,SK우
03473K,2026-03-22,260500.0,-7.677543186180424,2,STOP,0.5327072538860104,0.554080310880829,-0.8354922279792746,SK우
03473K,2026-05-24,420000.0,-0.8333333333333304,4,TIMEOUT,1.2444152431011826,1.0210249671484888,-0.09986859395532194,SK우
034830,2025-10-12,1340.0,-2.68656716417911,1,STOP,1.012587412587414,0.5762237762237736,-1.2307692307692308,한국토지신탁
034830,2026-03-15,1456.0,4.739010989010994,4,TIMEOUT,0.9055515501081481,0.44412400865176577,-0.9531362653208367,한국토지신탁
035150,2026-03-22,13530.0,-4.212860310421284,1,STOP,0.32454128440366975,0.14564220183486237,-0.23394495412844038,백산
035250,2026-01-11,17970.0,-1.057317751808573,1,STOP,0.5670261941448382,0.5161787365177196,-0.5978428351309707,강원랜드
035420,2025-10-26,247000.0,6.275303643724706,4,TIMEOUT,0.7559055118110236,0.4776902887139108,-0.7296587926509186,NAVER
035420,2026-03-01,254500.0,-12.573673870333991,1,STOP,0.2064676616915423,0.15920398009950248,-0.3034825870646766,NAVER
035510,2025-12-14,15900.0,-1.3207547169811318,4,STOP,0.5804274465691789,0.35020622422197223,-0.4544431946006749,신세계 I&C
035510,2026-01-25,18000.0,2.333333333333343,4,TIMEOUT,0.007462686567164179,0.17028493894165536,-0.3242876526458616,신세계 I&C
035510,2026-02-08,17100.0,-5.555555555555558,4,STOP,0.13606340819022458,0.24240422721268165,-0.2311756935270806,신세계 I&C
035510,2026-03-01,17460.0,-7.502863688430694,1,STOP,0.39807162534435264,0.256198347107438,-0.3884297520661157,신세계 I&C
035510,2026-03-22,21200.0,-0.9433962264150941,4,TIMEOUT,0.06434411660149307,0.17312477781727692,-0.5026661926768574,신세계 I&C
035510,2026-04-05,19050.0,10.76115485564304,4,TIMEOUT,0.11780636425186188,0.33513879485443465,-0.0947867298578199,신세계 I&C
035510,2026-05-10,19510.0,-15.786776012301384,2,STOP,0.23547572270558517,0.1888857704181869,-0.21274207128824024,신세계 I&C
035720,2025-09-14,65500.0,-9.465648854961827,2,STOP,0.4205607476635514,0.011214953271028037,-0.8037383177570093,카카오
036460,2025-12-07,42400.0,-4.245283018867929,2,STOP,0.2209026128266033,0.2684085510688836,-0.25653206650831356,한국가스공사
036530,2025-09-28,74900.0,-11.882510013351133,3,STOP,1.1722158438576349,0.7979334098737084,-0.23880597014925373,SNT홀딩스
036530,2026-03-22,66600.0,-12.612612612612617,2,STOP,0.32968369829683697,0.19708029197080293,-0.6934306569343066,SNT홀딩스
036530,2026-04-19,64000.0,-8.125000000000004,3,STOP,0.01570048309178744,0.20652173913043478,-0.1570048309178744,SNT홀딩스
036530,2026-05-03,62100.0,-5.31400966183575,1,STOP,0.04827586206896552,0.008275862068965517,-0.07172413793103448,SNT홀딩스
036570,2025-09-14,220000.0,-1.3636363636363669,4,TIMEOUT,0.11609814482345901,0.22681029323758228,-0.5960502692998204,NC
036570,2025-10-05,215500.0,-6.264501160092806,2,STOP,0.48708081363386474,0.31445849367784495,-0.42880703683342497,NC
036570,2026-02-08,216500.0,-2.0785219399538146,1,STOP,0.5419415645617343,0.21300659754948162,-1.1310084825636193,NC
036570,2026-02-22,232000.0,-7.543103448275867,2,STOP,0.2153987167736022,0.1993583868010999,-0.4078826764436297,NC
036570,2026-03-22,228000.0,-7.236842105263152,2,STOP,0.028779739063699156,0.10360706062931696,-0.3760552570990023,NC
036570,2026-04-19,262500.0,5.9047619047619015,4,TIMEOUT,0.19955654101995565,0.13303769401330376,-0.014781966001478197,NC
036570,2026-05-10,255500.0,10.176125244618394,4,TIMEOUT,0.6428817649086522,0.4188210961737332,-0.37228541882109617,NC
037270,2025-09-07,9110.0,-7.135016465422616,1,STOP,0.24985574148874784,0.21754183496826313,-0.3854587420657819,YG PLUS
037270,2026-02-08,7060.0,-1.2747875354107596,3,STOP,0.18489984591679506,0.44684129429892144,-0.48382126348228044,YG PLUS
037710,2025-12-28,32200.0,-3.4161490683229823,2,STOP,0.6705202312138728,0.6069364161849711,-0.10404624277456648,광주신세계
037710,2026-03-08,37400.0,-5.080213903743314,4,STOP,1.5675675675675675,1.0,-1.253071253071253,광주신세계
039130,2026-03-01,48100.0,-12.78586278586279,1,STOP,0.3160919540229885,0.038314176245210725,-0.18773946360153257,하나투어
039490,2025-10-05,253000.0,17.391304347826097,4,TIMEOUT,0.8809328968903437,0.37643207855973815,-0.18412438625204583,키움증권
039490,2025-11-30,273000.0,9.340659340659329,4,TIMEOUT,0.4276094276094276,0.30134680134680136,-0.6835016835016835,키움증권
039490,2026-01-04,301500.0,47.097844112769494,4,TIMEOUT,0.25136612021857924,0.45901639344262296,-0.4408014571948998,키움증권
039490,2026-03-01,466000.0,-6.65236051502146,4,STOP,1.341747572815534,1.0883495145631068,-0.31844660194174756,키움증권
042660,2025-10-26,135200.0,-11.390532544378695,4,TIMEOUT,0.057190916736753576,0.08410428931875526,-0.4827586206896552,한화오션
042660,2025-11-09,126800.0,-14.984227129337535,3,STOP,0.42969307637401855,0.4782298358315489,-0.4439685938615275,한화오션
042660,2026-02-08,130600.0,-2.986217457886675,4,STOP,0.974025974025974,0.4025974025974026,-0.9365928189457601,한화오션
042700,2025-10-05,100600.0,42.84294234592445,4,TIMEOUT,0.22295514511873352,0.19525065963060687,-0.21108179419525067,한미반도체
042700,2025-11-09,127200.0,-5.58176100628931,2,STOP,1.426302414231258,0.97712833545108,-0.7623888182973316,한미반도체
042700,2026-02-01,211000.0,53.317535545023695,4,TIMEOUT,1.1924778761061947,0.8305309734513274,-0.5123893805309735,한미반도체
042700,2026-03-01,323500.0,-14.837712519319934,4,TIMEOUT,0.8293601003764115,0.9304893350062735,-0.7503136762860728,한미반도체
042700,2026-03-22,309500.0,-15.993537964458804,2,STOP,1.1199825479930192,1.0800610820244327,-0.09816753926701571,한미반도체
042700,2026-04-12,286000.0,36.36363636363635,4,TIMEOUT,0.3567193675889328,0.5156126482213439,-0.7865612648221344,한미반도체
042700,2026-05-24,320500.0,-12.012480499219969,1,STOP,0.6497227356746765,0.2643253234750462,-1.4195933456561922,한미반도체
044450,2026-03-01,10820.0,-2.957486136783738,4,TIMEOUT,1.1255411255411256,0.5714285714285714,-0.1240981240981241,KSS해운
044450,2026-05-03,12820.0,-9.906396255850236,2,STOP,0.46424702058504874,0.3304442036836403,-0.2296858071505959,KSS해운
044820,2026-04-05,16120.0,10.483870967741925,4,TIMEOUT,0.42592592592592593,0.6805555555555556,-0.1335978835978836,코스맥스비티아이
044820,2026-04-26,17780.0,13.329583802024736,4,TIMEOUT,0.7295918367346939,0.7692743764172335,-0.1145124716553288,코스맥스비티아이
047040,2026-01-18,4500.0,62.22222222222222,4,TIMEOUT,0.41706161137440756,0.3412322274881517,-0.5655608214849921,대우건설
047040,2026-02-08,5520.0,58.876811594202906,4,TIMEOUT,0.8826125330979699,0.9249779346866726,-0.04589585172109444,대우건설
047040,2026-03-08,8770.0,91.67616875712656,4,TIMEOUT,1.2061068702290076,1.0659264399722415,-0.4205412907702984,대우건설
047040,2026-04-12,24300.0,35.18518518518518,4,TIMEOUT,1.198331346841478,1.0424314660309892,-0.2431466030989273,대우건설
047040,2026-05-10,32850.0,-20.243531202435317,3,STOP,1.2038216560509554,1.143615407946618,-0.19411586290567182,대우건설
047050,2025-11-09,51600.0,6.3953488372092915,4,TIMEOUT,0.4479638009049774,0.41855203619909503,-0.5180995475113123,포스코인터내셔널
047050,2026-03-08,73300.0,16.098226466575728,4,TIMEOUT,0.826214160327677,0.7782328847279111,-1.336454066705676,포스코인터내셔널
047400,2026-03-22,1623.0,8.379544054220588,4,TIMEOUT,0.09099901088031698,0.13699307616221587,-0.02571711177052446,유니온머티리얼
047400,2026-04-05,1634.0,8.812729498164007,4,TIMEOUT,0.18100890207715203,0.09198813056379777,-0.1295746785361031,유니온머티리얼
047400,2026-05-10,1912.0,-10.878661087866103,1,STOP,0.3945182724252492,0.4024086378737545,-0.18770764119601346,유니온머티리얼
047810,2025-09-21,109900.0,-13.011828935395819,4,STOP,0.39595050618672667,0.46794150731158607,-0.10123734533183353,한국항공우주
047810,2025-10-05,106000.0,-9.811320754716979,2,STOP,0.5945089757127772,0.5691657866948258,0.0,한국항공우주
047810,2025-10-26,101600.0,-4.527559055118113,2,STOP,0.2912513842746401,0.34994462901439644,-0.8039867109634552,한국항공우주
047810,2025-11-30,108900.0,1.1019283746556363,4,TIMEOUT,0.017364657814096015,0.15526046986721145,-0.36772216547497444,한국항공우주
047810,2026-02-08,158300.0,15.792798483891346,4,TIMEOUT,1.400352733686067,1.004703115814227,-0.7019400352733686,한국항공우주
047810,2026-03-01,191500.0,-2.610966057441255,4,TIMEOUT,0.8900050226017077,1.0848819688598694,-0.2179809141135108,한국항공우주
047810,2026-03-29,186500.0,-8.096514745308314,4,STOP,0.3529896907216495,0.5459793814432989,-0.7274226804123711,한국항공우주
051600,2025-12-14,54600.0,-4.029304029304026,2,STOP,0.5477386934673367,0.609715242881072,-0.01340033500837521,한전KPS
051600,2026-02-08,57100.0,-3.327495621716292,4,STOP,0.31456548347613217,0.3182374541003672,-0.30599755201958384,한전KPS
051600,2026-03-15,60200.0,-1.9933554817275767,2,STOP,0.3473848555815769,0.36377829820452773,-1.1085089773614363,한전KPS
051630,2025-11-09,2585.0,1.934235976789167,2,STOP,0.837019790454016,0.6274738067520369,-1.4842840512223514,진양화학
051910,2025-10-19,339000.0,20.206489675516217,4,TIMEOUT,0.23123732251521298,0.08924949290060852,-0.9046653144016227,LG화학
051910,2025-11-16,407500.0,-8.834355828220863,4,TIMEOUT,1.377717391304348,0.9442934782608695,-0.26902173913043476,LG화학
051910,2026-05-17,407500.0,-13.865030674846624,1,STOP,0.9717717717717718,0.3675675675675676,-0.554954954954955,LG화학
051915,2025-10-19,167400.0,20.669056152927112,4,TIMEOUT,0.3399653979238754,0.054498269896193774,-0.9117647058823529,LG화학우
051915,2025-11-16,202000.0,-4.504950495049509,4,TIMEOUT,1.4331210191082802,1.0196873190503764,-0.13086276780544295,LG화학우
051915,2026-05-17,191100.0,-11.198325484039772,1,STOP,0.9325842696629213,0.2958801498127341,-0.7365792759051186,LG화학우
052690,2026-02-08,146200.0,6.292749658002728,4,TIMEOUT,1.0114045618247298,0.8709483793517407,-0.20528211284513806,한전기술
052690,2026-03-08,155400.0,4.826254826254828,4,TIMEOUT,0.7950432730133753,0.8265145554681353,-1.0841856805664831,한전기술
052690,2026-05-10,173600.0,-11.290322580645162,1,STOP,0.29135338345864664,0.2661654135338346,-0.45864661654135336,한전기술
053210,2025-09-07,5200.0,-3.653846153846152,3,STOP,0.3458333333333333,0.4479166666666667,-0.225,스카이라이프
053690,2025-09-21,20400.0,0.4901960784313708,2,STOP,0.29850746268656714,0.08844665561083472,-0.5362078496406855,한미글로벌
053690,2025-10-12,21550.0,-2.784222737819031,1,STOP,0.06683168316831684,0.3094059405940594,-0.2524752475247525,한미글로벌
053690,2025-10-26,22000.0,-7.272727272727275,1,STOP,0.13739224137931033,0.23814655172413793,-0.43103448275862066,한미글로벌
053690,2026-03-15,20350.0,62.89926289926291,4,TIMEOUT,0.3631628787878788,0.2703598484848485,-1.5104166666666667,한미글로벌
053690,2026-04-26,28750.0,-15.478260869565219,3,STOP,0.8968371895563575,0.7558904691148376,-0.4924644449161537,한미글로벌
055490,2025-12-07,16120.0,-8.746898263027292,2,STOP,0.500620347394541,0.2109181141439206,-0.17245657568238212,테이팩스
055490,2026-05-17,17640.0,0.8503401360544283,4,STOP,0.9439147504206393,0.5939427930454291,-1.0465507571508694,테이팩스
055550,2025-10-19,73100.0,8.891928864569088,4,TIMEOUT,0.6156156156156156,0.3303303303303303,-0.9009009009009009,신한지주
055550,2025-11-02,73300.0,6.4120054570259155,4,TIMEOUT,0.6944444444444444,0.4111111111111111,-0.03888888888888889,신한지주
055550,2025-11-23,77000.0,0.3896103896103842,4,TIMEOUT,0.5625,0.7767857142857143,-0.23214285714285715,신한지주
055550,2026-01-25,83900.0,21.573301549463643,4,TIMEOUT,0.10459183673469388,0.27040816326530615,-0.2193877551020408,신한지주
055550,2026-02-08,93600.0,-1.9230769230769273,4,TIMEOUT,0.6357894736842106,0.5726315789473684,-0.3705263157894737,신한지주
055550,2026-03-08,91800.0,1.85185185185186,3,STOP,1.1707988980716253,0.8112947658402204,-1.7024793388429753,신한지주
055550,2026-05-17,97200.0,-3.703703703703709,2,STOP,0.30386740331491713,0.06077348066298342,-0.7651933701657458,신한지주
057050,2025-12-21,55300.0,-2.169981916817365,2,STOP,0.26217228464419473,0.14232209737827714,-0.1647940074906367,현대홈쇼핑
057050,2026-02-15,79300.0,-0.7566204287515754,4,TIMEOUT,0.6812933025404158,0.6974595842956121,-0.5219399538106235,현대홈쇼핑
057050,2026-03-08,77500.0,0.3870967741935516,4,TIMEOUT,1.6049562682215743,1.1253644314868805,-0.34110787172011664,현대홈쇼핑
057050,2026-05-17,87800.0,-7.744874715261963,2,STOP,0.3328804347826087,0.19701086956521738,-0.6005434782608695,현대홈쇼핑
058430,2025-12-14,3950.0,-8.101265822784809,4,STOP,0.06387665198237885,0.21585903083700442,-0.06607929515418502,포스코스틸리온
058430,2026-02-08,4160.0,9.375,4,TIMEOUT,0.05929487179487179,0.2948717948717949,-0.20192307692307693,포스코스틸리온
058430,2026-03-08,4550.0,4.83516483516484,4,TIMEOUT,0.552734375,0.3974609375,-0.91015625,포스코스틸리온
058430,2026-04-26,5410.0,25.32347504621073,4,TIMEOUT,0.2580321285140562,0.4919678714859438,-0.14859437751004015,포스코스틸리온
058430,2026-05-24,6780.0,-12.389380530973447,1,STOP,1.0547490667772708,0.7075902115304853,-1.0369141435089175,포스코스틸리온
058650,2026-02-22,161500.0,-3.7151702786377694,3,STOP,0.5818262020291134,0.4874283193647993,-0.5125716806352008,세아홀딩스
058730,2026-01-11,3380.0,-5.3254437869822535,1,STOP,0.5177045177045178,0.4163614163614164,-0.18315018315018314,다스코
058730,2026-03-01,3450.0,-3.4782608695652195,1,STOP,0.2655860349127182,0.22069825436408977,-0.4114713216957606,다스코
058730,2026-03-15,3600.0,7.08333333333333,4,TIMEOUT,0.2815814850530376,0.058823529411764705,-0.9122468659594986,다스코
058850,2025-10-19,2970.0,-1.683501683501687,2,STOP,0.6013513513513513,0.625,-0.2972972972972973,KTcs
058860,2025-09-07,2920.0,-2.397260273972601,1,STOP,0.17254901960784313,0.047058823529411764,-0.047058823529411764,KTis
058860,2026-03-08,2825.0,-0.1769911504424737,1,STOP,0.7525083612040134,0.25418060200668896,-1.7993311036789297,KTis
058860,2026-03-22,2855.0,-0.7005253940455369,1,STOP,0.38870431893687707,0.2292358803986711,-0.7973421926910299,KTis
060980,2025-11-23,43950.0,6.712172923777016,4,TIMEOUT,0.0859504132231405,0.08429752066115702,-0.21487603305785125,HL홀딩스
060980,2025-12-14,48800.0,-9.016393442622949,2,STOP,0.8119158878504673,0.6670560747663551,-0.14485981308411214,HL홀딩스
060980,2026-01-04,46350.0,-7.659115426105723,1,STOP,0.5607763023493361,0.3268641470888662,-0.8764044943820225,HL홀딩스
062040,2025-10-19,132000.0,9.015151515151508,4,TIMEOUT,0.11899641577060932,0.0953405017921147,-0.8157706093189964,산일전기
062040,2025-11-16,143900.0,6.323835997220284,4,TIMEOUT,0.7696954442486785,0.557764913163856,-0.1968285930027687,산일전기
062040,2026-02-08,142500.0,3.017543859649119,4,TIMEOUT,0.06237148732008225,0.09664153529814942,-0.5263879369431117,산일전기
062040,2026-03-08,146800.0,-4.223433242506813,1,STOP,0.22382671480144403,0.2408457968024755,-1.300670448684889,산일전기
062040,2026-03-22,159200.0,-16.080402010050253,2,STOP,0.1879382889200561,0.20430107526881722,-0.8452547919588593,산일전기
062040,2026-04-19,198100.0,40.837960625946494,4,TIMEOUT,0.15926986399427345,0.18432355046528276,-0.30923407301360056,산일전기
062040,2026-05-24,282500.0,-21.769911504424776,2,STOP,1.3222172149616944,0.9878323569175305,-1.038756196484903,산일전기
063160,2025-09-21,24500.0,-6.530612244897959,1,STOP,0.061016949152542375,0.2,-0.08813559322033898,종근당바이오
064350,2025-09-28,212500.0,-5.1764705882352935,3,STOP,0.6477272727272727,0.5292207792207793,-0.07683982683982683,현대로템
064350,2025-10-26,234500.0,-15.266524520255864,2,STOP,0.33584195672624645,0.464722483537159,-0.7243650047036688,현대로템
064350,2026-02-22,220000.0,-9.772727272727277,3,STOP,0.34490634993147556,0.36500685244403835,-0.429419826404751,현대로템
064350,2026-05-10,223000.0,-5.605381165919288,1,STOP,0.37036089070898387,0.185564371640645,-0.3097005374968006,현대로템
064400,2026-02-08,67500.0,-3.8518518518518507,4,STOP,0.18951612903225806,0.5255376344086021,-0.21505376344086022,LG씨엔에스
064400,2026-05-24,83200.0,16.10576923076923,4,TIMEOUT,0.6163873370577281,0.40130353817504655,-0.6908752327746741,LG씨엔에스
064960,2025-09-14,36700.0,-8.719346049046317,2,STOP,0.3474714518760196,0.4926590538336052,-0.12071778140293637,SNT모티브
064960,2025-10-05,35000.0,-3.4285714285714253,1,STOP,0.25301204819277107,0.020654044750430294,-0.6884681583476764,SNT모티브
064960,2026-02-22,36150.0,-6.639004149377592,2,STOP,0.08912655971479501,0.035650623885918005,-0.1140819964349376,SNT모티브
066570,2025-10-05,76400.0,14.659685863874339,4,TIMEOUT,0.1462140992167102,0.0835509138381201,-0.46475195822454307,LG전자
066570,2025-11-09,88300.0,12.910532276330699,4,TIMEOUT,0.7941176470588235,0.6893382352941176,-0.3713235294117647,LG전자
066570,2025-12-21,94300.0,-5.51431601272534,3,STOP,0.30544993662864384,0.743979721166033,-0.12420785804816223,LG전자
066570,2026-01-18,98400.0,19.10569105691058,4,TIMEOUT,0.08125,0.1875,-0.795,LG전자
066570,2026-02-08,99200.0,18.9516129032258,4,TIMEOUT,0.1945945945945946,0.4508108108108108,-0.31135135135135134,LG전자
066570,2026-03-08,118000.0,-5.0847457627118615,3,STOP,0.7234939759036144,0.6325301204819277,-0.8457831325301205,LG전자
066570,2026-05-17,256000.0,-11.9140625,4,TIMEOUT,0.955701394585726,0.6714520098441346,-0.3502871205906481,LG전자
066575,2025-10-19,40950.0,25.03052503052503,4,TIMEOUT,0.3121951219512195,0.1,-0.5219512195121951,LG전자우
066575,2025-11-23,47550.0,4.5215562565720235,4,TIMEOUT,1.237913486005089,1.0216284987277353,-0.3944020356234097,LG전자우
066575,2025-12-21,49700.0,-1.810865191146882,1,STOP,0.32196162046908317,0.9040511727078892,-0.1279317697228145,LG전자우
066575,2026-02-15,53400.0,-1.6853932584269704,4,STOP,0.2968197879858657,0.07891637220259129,-0.47820965842167257,LG전자우
066575,2026-03-08,54700.0,-4.021937842778788,1,STOP,0.4505988023952096,0.4101796407185629,-1.0658682634730539,LG전자우
066575,2026-05-17,91000.0,-13.406593406593403,4,TIMEOUT,0.8568761667703796,0.492843808338519,-0.0224019912881145,LG전자우
066970,2025-10-19,111000.0,20.270270270270263,4,TIMEOUT,0.27572964669738864,0.3725038402457757,-0.8310291858678955,엘앤에프
066970,2025-11-16,133500.0,-3.8202247191011285,4,TIMEOUT,1.529786003470214,0.9618276460381724,-0.34239444765760557,엘앤에프
066970,2026-03-29,155300.0,27.817128139085632,4,TIMEOUT,0.1457334611697028,0.3044103547459252,-0.7909875359539789,엘앤에프
066970,2026-04-26,198500.0,-19.94962216624685,4,STOP,1.3357385398981325,0.9240237691001698,-0.09422750424448217,엘앤에프
066970,2026-05-17,175100.0,-9.251856082238719,1,STOP,0.8322122571001495,0.773542600896861,-0.9461883408071748,엘앤에프
067830,2026-03-01,3230.0,-8.204334365325073,1,STOP,0.2363150867823765,0.014686248331108143,-0.16555407209612816,세이브존I&C
068270,2025-10-19,175000.0,-1.200000000000001,3,STOP,0.2226950354609929,0.00851063829787234,-0.8595744680851064,셀트리온
068270,2025-11-16,196100.0,-4.742478327383992,4,TIMEOUT,0.21415270018621974,0.31843575418994413,-0.5400372439478585,셀트리온
068270,2026-01-04,202500.0,3.703703703703698,4,TIMEOUT,0.14514328247115743,0.3386676590993673,-0.6862672125046521,셀트리온
068270,2026-01-25,212000.0,14.150943396226424,4,TIMEOUT,0.7132437619961612,0.7170825335892514,-0.2763915547024952,셀트리온
069260,2025-10-05,17700.0,-0.8474576271186418,1,STOP,0.08045977011494253,0.07327586206896551,-0.28160919540229884,TKG휴켐스
069260,2025-10-19,18080.0,-2.433628318584069,3,STOP,0.1912479740680713,0.03079416531604538,-0.8492706645056726,TKG휴켐스
069260,2025-11-16,18240.0,7.017543859649122,4,TIMEOUT,0.2661654135338346,0.1924812030075188,-0.45714285714285713,TKG휴켐스
069260,2026-02-08,20200.0,-6.0891089108910945,3,STOP,0.03547459252157239,0.37488015340364333,-0.0862895493767977,TKG휴켐스
069460,2025-11-23,1810.0,-5.193370165745859,1,STOP,0.3013314646110722,0.2613875262789065,-0.9096005606166782,대호에이엘
069620,2025-12-21,180600.0,-8.084163898117392,2,STOP,1.2144846796657383,1.052924791086351,-0.020891364902506964,대웅제약
069620,2026-01-11,172600.0,-4.866743916570105,1,STOP,0.2170184696569921,0.6840369393139841,-0.7269129287598944,대웅제약
069730,2026-05-10,5500.0,-6.727272727272727,1,STOP,0.84,0.8937142857142857,-0.21485714285714286,DSR제강
069730,2026-05-24,5600.0,-8.392857142857146,1,STOP,0.4910394265232975,0.6320191158900836,-0.970131421744325,DSR제강
069960,2025-09-14,79900.0,3.379224030037542,4,TIMEOUT,0.025293586269196026,0.03432700993676603,-0.1878952122854562,현대백화점
069960,2025-10-12,82600.0,-2.784503631961255,1,STOP,0.973661852166525,0.616822429906542,-0.5845369583687341,현대백화점
069960,2025-10-26,82100.0,-1.5834348355663774,1,STOP,0.4977698483496878,0.5209634255129348,-0.8135593220338984,현대백화점
069960,2025-11-30,91200.0,-0.7675438596491224,4,TIMEOUT,0.4431137724550898,0.4880239520958084,-0.23652694610778444,현대백화점
069960,2026-02-08,99900.0,-10.410410410410408,4,STOP,0.18997668997668998,0.08041958041958042,-0.2913752913752914,현대백화점
069960,2026-05-24,110000.0,66.54545454545455,4,TIMEOUT,0.943222143364088,0.45706174591909154,-0.7494677075940384,현대백화점
071050,2025-09-28,142000.0,21.126760563380277,4,TIMEOUT,0.2377521613832853,0.06844380403458213,-0.13544668587896252,한국금융지주
071050,2025-10-12,145500.0,12.02749140893471,4,TIMEOUT,0.5731132075471698,0.018867924528301886,-0.36163522012578614,한국금융지주
071050,2025-11-09,163000.0,-6.073619631901838,2,STOP,0.5448603683897801,0.7023172905525846,-0.1414141414141414,한국금융지주
071050,2025-11-30,160400.0,1.4339152119700715,3,STOP,0.3948256467941507,0.2514060742407199,-0.8267716535433071,한국금융지주
071050,2026-01-18,182700.0,40.94143404488233,4,TIMEOUT,0.1797505502567865,0.006603081438004402,-0.06016140865737344,한국금융지주
071050,2026-03-08,230000.0,-4.565217391304344,1,STOP,0.9908632640201638,0.9221802142407057,-1.4587271581600505,한국금융지주
071050,2026-03-22,234500.0,-6.183368869936034,1,STOP,0.5046781967677914,0.5395520272185994,-0.8789339381910972,한국금융지주
071050,2026-05-03,240000.0,-1.041666666666663,4,STOP,0.14050822122571002,0.0014947683109118087,-0.07174887892376682,한국금융지주
071050,2026-05-17,274000.0,-13.321167883211682,2,STOP,0.5181818181818182,0.004545454545454545,-0.5969696969696969,한국금융지주
071055,2025-09-14,104800.0,0.6679389312977069,4,TIMEOUT,0.012896825396825396,0.24603174603174602,-0.23809523809523808,한국금융지주우
071055,2025-10-05,105800.0,21.833648393194704,4,TIMEOUT,0.7055555555555556,0.29555555555555557,-0.49777777777777776,한국금융지주우
071055,2025-11-09,118400.0,9.459459459459453,4,TIMEOUT,0.5263620386643234,0.7697715289982425,-0.19859402460456943,한국금융지주우
071055,2025-12-21,123000.0,0.7317073170731714,1,STOP,0.15823293172690764,0.5325301204819277,-0.3534136546184739,한국금융지주우
071055,2026-01-04,128800.0,16.770186335403725,4,TIMEOUT,0.1786743515850144,0.3861671469740634,-0.4956772334293948,한국금융지주우
071055,2026-01-18,138500.0,23.465703971119133,4,TIMEOUT,0.17750257997936017,0.31166150670794635,-0.2724458204334365,한국금융지주우
071055,2026-02-08,143400.0,14.574616457461653,4,TIMEOUT,0.7117296222664016,0.6858846918489065,-0.5049701789264414,한국금융지주우
071055,2026-03-08,164300.0,-8.58186244674376,4,STOP,0.8913301662707839,0.8972684085510689,-1.2042755344418052,한국금융지주우
071055,2026-05-17,182500.0,-6.02739726027397,1,STOP,0.45595533498759305,0.06885856079404466,-0.5285359801488834,한국금융지주우
071090,2026-03-22,3720.0,-7.392473118279574,1,STOP,0.07497116493656286,0.1314878892733564,-0.44982698961937717,하이스틸
071090,2026-04-12,4220.0,4.739336492891,4,TIMEOUT,0.029556650246305417,0.11921182266009853,-0.5182266009852217,하이스틸
071090,2026-05-10,4420.0,-8.371040723981904,1,STOP,0.5772759350741002,0.2949894142554693,-0.07904022582921666,하이스틸
071320,2025-10-26,94000.0,10.63829787234043,4,TIMEOUT,0.5401974612129761,0.3229901269393512,-0.3328631875881523,지역난방공사
071320,2025-11-09,108600.0,1.4732965009208066,4,TIMEOUT,0.5535714285714286,0.7619047619047619,-0.48333333333333334,지역난방공사
071320,2025-11-23,104000.0,-1.3461538461538414,4,TIMEOUT,0.7907725321888412,0.8572961373390557,-0.0536480686695279,지역난방공사
071970,2025-09-14,92500.0,-14.378378378378375,2,STOP,1.1459919390953874,1.1697268248992387,-0.09135691894312584,HD현대마린엔진
071970,2025-10-05,88000.0,-3.0681818181818143,1,STOP,0.31139355424421244,0.8247843849296413,-0.9477984566500227,HD현대마린엔진
071970,2026-02-01,88500.0,-9.71751412429378,1,STOP,0.2581227436823105,0.2509025270758123,-0.3555956678700361,HD현대마린엔진
072130,2025-09-21,5710.0,-6.304728546409811,1,STOP,0.0547945205479452,0.14520547945205478,-0.4657534246575342,유엔젤
072130,2026-04-05,5180.0,0.9652509652509744,4,STOP,0.4387947269303202,0.5282485875706214,-0.2730696798493409,유엔젤
072130,2026-04-26,5400.0,-3.1481481481481444,1,STOP,0.43406179351921625,0.4250188394875659,-0.19894498869630747,유엔젤
072710,2025-10-05,97500.0,-6.153846153846154,2,STOP,0.6404084609773888,0.47556528081692195,-0.25091174325309995,농심홀딩스
072710,2025-10-26,96100.0,-2.0811654526534884,1,STOP,0.21751824817518248,0.2846715328467153,-0.3970802919708029,농심홀딩스
072710,2026-03-15,93600.0,-1.7094017094017144,3,STOP,0.7601410934744268,0.26807760141093473,-1.3544973544973544,농심홀딩스
073240,2025-09-07,4895.0,-2.962206332992845,3,STOP,0.11716171617161716,0.49174917491749176,-0.009900990099009901,금호타이어
073240,2025-12-28,5900.0,-4.576271186440673,2,STOP,1.0500521376433785,0.9040667361835245,-0.4129301355578728,금호타이어
073240,2026-01-18,6100.0,14.918032786885238,4,TIMEOUT,0.13751263902932254,0.6016177957532861,-0.8088978766430738,금호타이어
075580,2025-09-28,20100.0,12.686567164179108,4,TIMEOUT,1.1783094098883573,1.1543859649122807,-0.2679425837320574,세진중공업
077500,2025-10-05,7350.0,4.625850340136051,4,TIMEOUT,0.6801152737752162,0.5086455331412104,-0.31988472622478387,유니퀘스트
077500,2025-10-19,6830.0,-2.7818448023426035,3,STOP,0.7740112994350282,0.5918079096045198,-0.480225988700565,유니퀘스트
077500,2026-05-17,7950.0,0.5031446540880502,4,TIMEOUT,0.7107728337236534,0.373536299765808,-0.3840749414519906,유니퀘스트
077970,2025-09-21,42200.0,-8.886255924170616,3,STOP,1.2884584079440013,1.1598567475174997,-0.02767377502848771,STX엔진
077970,2026-05-17,48350.0,-16.442605997931746,2,STOP,1.2086790044671347,0.8359923420548819,-0.7338864071474155,STX엔진
078000,2025-10-19,15000.0,7.466666666666666,4,TIMEOUT,0.23389279913373037,0.08500270709258256,-0.11586356253383866,텔코웨어
078000,2025-11-23,15630.0,-0.1279590531030106,3,STOP,0.21158958001063263,0.25146198830409355,-0.2817650186071239,텔코웨어
078000,2026-03-08,17800.0,-4.6067415730337125,4,STOP,0.31078610603290674,0.31215722120658135,-0.2093235831809872,텔코웨어
078000,2026-04-12,17700.0,-2.429378531073445,2,STOP,0.14500406173842403,0.19618196588139725,-0.4435418359057677,텔코웨어
078520,2025-09-21,11460.0,-3.6649214659685847,1,STOP,0.7196928140427866,0.8107515085024685,-0.7164015359297861,에이블씨엔씨
078520,2026-03-15,10970.0,3.555150410209662,3,STOP,0.39879608728367194,0.01805869074492099,-1.2701279157261098,에이블씨엔씨
078520,2026-04-12,12140.0,19.43986820428336,4,TIMEOUT,0.32887537993920973,0.3993920972644377,-0.6261398176291794,에이블씨엔씨
078520,2026-05-10,14500.0,-15.034482758620694,3,STOP,0.5409927495817066,0.5103179029559398,-0.17401003904071388,에이블씨엔씨
078930,2025-12-07,58400.0,-8.390410958904104,3,STOP,1.251861042183623,0.9081885856079405,-0.29280397022332505,GS
078930,2026-01-04,55300.0,24.23146473779385,4,TIMEOUT,0.14467592592592593,0.5648148148148148,-0.7037037037037037,GS
078930,2026-03-01,68700.0,-7.132459970887917,2,STOP,1.0865874363327674,0.7640067911714771,-0.400679117147708,GS
078930,2026-03-22,69000.0,-1.5942028985507228,1,STOP,0.17525773195876287,0.4175257731958763,-0.8324742268041238,GS
078930,2026-04-26,75700.0,1.5852047556142779,4,TIMEOUT,0.09722222222222222,0.15025252525252525,-0.08838383838383838,GS
078930,2026-05-10,79400.0,-8.69017632241813,3,STOP,0.6455696202531646,0.27341772151898736,-0.06582278481012659,GS
078935,2025-12-07,48900.0,-2.4539877300613466,4,TIMEOUT,0.90625,0.6833333333333333,-0.17083333333333334,GS우
078935,2026-02-08,54300.0,-0.18416206261510082,4,TIMEOUT,0.8102678571428571,0.6785714285714286,-0.45982142857142855,GS우
078935,2026-03-01,56500.0,-5.663716814159292,2,STOP,1.2671532846715328,0.9591240875912409,-0.362043795620438,GS우
078935,2026-03-22,56000.0,-5.35714285714286,1,STOP,0.3117283950617284,0.40843621399176955,-0.8024691358024691,GS우
078935,2026-05-17,59100.0,-7.44500846023689,2,STOP,0.44970414201183434,0.026627218934911243,-0.6863905325443787,GS우
079160,2025-12-14,6250.0,-6.879999999999997,4,TIMEOUT,0.7351694915254238,0.5074152542372882,-0.3940677966101695,CJ CGV
079430,2026-03-08,7180.0,-3.064066852367686,3,STOP,0.4117647058823529,0.4806312769010043,-0.9067431850789096,현대리바트
079550,2026-02-22,486500.0,35.86844809866392,4,TIMEOUT,0.0899067005937235,0.3986429177268872,-0.527565733672604,LIG디펜스앤에어로스페이스
079550,2026-03-29,735000.0,34.55782312925171,4,TIMEOUT,0.9048218029350105,0.5056603773584906,-0.5987421383647799,LIG디펜스앤에어로스페이스
079550,2026-05-03,941000.0,-14.877789585547285,4,STOP,0.6368525332578545,0.8109255590150014,-0.0362298330031135,LIG디펜스앤에어로스페이스
079900,2026-01-18,49000.0,26.326530612244902,4,TIMEOUT,0.08031674208144797,0.166289592760181,-0.11085972850678733,전진건설로봇
079900,2026-02-08,56800.0,-6.690140845070425,4,STOP,0.279766860949209,0.34388009991673607,-0.3130724396336386,전진건설로봇
079900,2026-03-01,59900.0,-11.519198664440733,1,STOP,0.6625954198473283,0.5374045801526718,-0.08549618320610687,전진건설로봇
079900,2026-03-15,56500.0,-5.13274336283186,2,STOP,0.39663461538461536,0.31430288461538464,-1.2536057692307692,전진건설로봇
079900,2026-05-03,64100.0,-3.900156006240252,3,STOP,0.49316696375519903,0.2650029708853238,-0.049910873440285206,전진건설로봇
079980,2026-04-26,3435.0,-15.866084425036387,3,STOP,0.6319290465631929,0.3392461197339246,-0.19068736141906872,휴비스
081000,2026-03-08,14280.0,-6.23249299719888,3,STOP,0.7807228915662651,0.5560240963855422,-1.2783132530120482,일진다이아
081660,2025-09-21,40400.0,-3.4653465346534684,2,STOP,0.8143459915611815,0.46624472573839665,-0.46835443037974683,미스토홀딩스
081660,2025-12-21,44450.0,-7.649043869516314,2,STOP,0.8667883211678832,0.5784671532846716,-0.29927007299270075,미스토홀딩스
081660,2026-01-18,44450.0,19.23509561304837,4,TIMEOUT,0.13708260105448156,0.46924428822495606,-0.5553602811950791,미스토홀딩스
081660,2026-02-08,50500.0,-3.960396039603964,4,TIMEOUT,0.42566510172143973,0.5978090766823161,-0.2378716744913928,미스토홀딩스
081660,2026-03-01,49000.0,-2.95918367346939,2,STOP,0.9430555555555555,0.6152777777777778,-0.3638888888888889,미스토홀딩스
082640,2026-02-22,8480.0,7.311320754716988,4,TIMEOUT,0.7016129032258065,0.4790322580645161,-0.30483870967741933,동양생명
082640,2026-04-05,8460.0,-1.773049645390068,4,STOP,0.4408695652173913,0.6095652173913043,-0.35478260869565215,동양생명
082740,2025-09-14,44650.0,6.606942889137746,4,TIMEOUT,1.0964102564102565,1.1323076923076922,-0.26871794871794874,한화엔진
082740,2025-10-19,46450.0,-6.027987082884822,3,STOP,0.18726235741444866,0.6112167300380228,-0.6520912547528517,한화엔진
082740,2026-02-08,53000.0,-8.679245283018865,4,STOP,0.7761316872427984,0.5860082304526749,-0.18436213991769548,한화엔진
082740,2026-03-01,54000.0,-10.370370370370374,1,STOP,0.547104580812446,0.5859982713915298,-0.20051858254105445,한화엔진
082740,2026-04-26,76000.0,-1.5789473684210575,4,TIMEOUT,0.1315345699831366,0.1849353569421023,-0.03822372119168072,한화엔진
082740,2026-05-17,77200.0,-16.839378238341972,2,STOP,1.3216816249409542,0.8011336797354748,-0.3060935285781767,한화엔진
084010,2026-03-01,12880.0,-13.897515527950311,1,STOP,0.35621662852784186,0.30663615560640656,-0.40080438249774636,대한제강
084670,2026-01-18,57800.0,-12.110726643598612,1,STOP,0.6469788603451145,0.4632136714198524,-0.46218720523775175,동양고속
084680,2026-02-08,1580.0,2.405063291139231,4,TIMEOUT,0.7314974182444062,0.5757314974182433,-0.37693631669535244,이월드
084680,2026-03-01,1658.0,-4.825090470446325,4,STOP,0.4057873485868099,0.687079407806192,-0.5800807537012116,이월드
084680,2026-04-12,1823.0,0.6582556226001124,4,TIMEOUT,0.05813953488372093,0.16511627906976745,-0.08744186046511607,이월드
084680,2026-05-10,1835.0,-5.177111716621252,1,STOP,0.5956439393939403,0.29024621212121193,-0.5037878787878792,이월드
084690,2025-12-28,9620.0,-1.6632016632016633,1,STOP,0.4672131147540984,0.46174863387978143,-0.03278688524590164,대상홀딩스
084690,2026-02-08,9930.0,-5.941591137965762,4,STOP,0.037520391517128875,0.1566068515497553,-0.20880913539967375,대상홀딩스
084690,2026-03-01,10140.0,-7.8895463510848085,1,STOP,0.3910690121786198,0.2787550744248985,-0.39242219215155616,대상홀딩스
085310,2025-09-28,1314.0,-7.990867579908678,3,STOP,0.7206747744213419,0.7128285602196933,-0.3169870537465671,엔케이
085310,2025-11-16,1670.0,-23.952095808383234,1,STOP,0.10077806595035131,0.3023341978510565,-0.6839570211189326,엔케이
085310,2026-05-17,1169.0,749.4439692044482,4,TIMEOUT,0.08612226684515821,0.06894243641231614,-2.619366354306113,엔케이
085620,2025-09-28,7750.0,8.258064516129027,4,TIMEOUT,0.42589703588143524,0.37597503900156004,-0.0124804992199688,미래에셋생명
085620,2025-11-23,8940.0,2.572706935123037,4,TIMEOUT,0.7868852459016393,0.7511177347242921,-0.28315946348733234,미래에셋생명
085620,2026-02-22,12400.0,38.79032258064517,4,TIMEOUT,0.34811529933481156,0.34811529933481156,-0.6430155210643016,미래에셋생명
085620,2026-03-08,14570.0,15.099519560741248,4,TIMEOUT,0.6034648700673725,0.6188642925890279,-0.7160731472569779,미래에셋생명
085620,2026-04-12,16470.0,-3.2786885245901676,3,STOP,0.6704446381865736,0.6896251089799477,-0.07614065678581808,미래에셋생명
086280,2025-09-21,178000.0,-5.33707865168539,1,STOP,0.8827338129496403,0.9942446043165467,-0.5884892086330935,현대글로비스
086280,2026-01-04,180900.0,33.7755666113875,4,TIMEOUT,0.4102920723226704,0.2851182197496523,-0.2517385257301808,현대글로비스
086280,2026-02-01,242000.0,19.628099173553725,4,TIMEOUT,1.1213849287169042,1.0737270875763747,-0.003258655804480652,현대글로비스
086790,2025-10-19,86100.0,-0.6968641114982632,2,STOP,0.4292682926829268,0.01951219512195122,-0.8926829268292683,하나금융지주
086790,2025-11-09,92000.0,3.4782608695652195,4,TIMEOUT,0.029411764705882353,0.28823529411764703,-0.592156862745098,하나금융지주
086790,2025-11-30,93300.0,0.5359056806002238,4,TIMEOUT,0.3800738007380074,0.3339483394833948,-0.3210332103321033,하나금융지주
086790,2026-01-18,96400.0,32.365145228215766,4,TIMEOUT,0.05010893246187364,0.3747276688453159,-0.23529411764705882,하나금융지주
086790,2026-02-08,114600.0,-3.752181500872598,4,TIMEOUT,0.6608084358523726,0.6520210896309314,-0.03866432337434095,하나금융지주
086790,2026-03-08,110300.0,-1.2692656391659063,1,STOP,1.2243460764587526,0.8501006036217303,-1.7525150905432596,하나금융지주
086790,2026-03-22,113200.0,-2.473498233215543,1,STOP,0.39193825042881647,0.4485420240137221,-0.8662092624356775,하나금융지주
086790,2026-05-17,125400.0,-8.213716108452951,2,STOP,0.6555555555555556,0.16565656565656567,-0.5373737373737374,하나금융지주
086790,2026-06-07,123600.0,-2.1035598705501646,1,STOP,0.0859375,0.2763671875,-0.98046875,하나금융지주
088260,2025-10-05,4685.0,0.8537886872998834,4,TIMEOUT,0.8986013986013986,0.34965034965034963,-0.35664335664335667,이리츠코크렙
088260,2026-03-22,4880.0,1.3319672131147486,4,TIMEOUT,0.25853658536585367,0.275609756097561,-0.697560975609756,이리츠코크렙
088350,2026-01-25,3440.0,91.86046511627907,4,TIMEOUT,0.368111064366849,0.2250736222128734,-0.5174589819099705,한화생명
088350,2026-02-08,3585.0,38.07531380753137,4,TIMEOUT,0.27563905143209116,0.4280874653526332,-0.07083461656914075,한화생명
088350,2026-03-08,4950.0,-9.696969696969692,4,STOP,0.8917062863180137,0.7311146328578975,-0.9286846275752774,한화생명
088350,2026-05-24,5600.0,-12.857142857142856,1,STOP,0.29842931937172773,0.23410620792819745,-0.23635003739715782,한화생명
089470,2026-02-08,5050.0,8.316831683168324,4,TIMEOUT,0.4302536231884058,0.6295289855072465,-0.48309178743961356,HDC현대EP
089470,2026-03-08,5470.0,-2.7422303473491727,3,STOP,1.118851771025684,0.7596105422192378,-1.1415141849924457,HDC현대EP
089860,2025-12-07,32000.0,-6.25,4,STOP,1.0658436213991769,0.6584362139917695,-0.24691358024691357,롯데렌탈
089860,2026-03-08,31700.0,0.1577287066246047,2,STOP,0.5789473684210527,0.12280701754385964,-1.131578947368421,롯데렌탈
089860,2026-03-29,32600.0,-3.834355828220859,1,STOP,0.053418803418803416,0.2799145299145299,-0.8290598290598291,롯데렌탈
089860,2026-04-26,34150.0,-4.392386530014636,3,STOP,0.012690355329949238,0.13705583756345177,-0.09137055837563451,롯데렌탈
090080,2026-05-17,978.0,-7.055214723926384,2,STOP,0.5792988313856416,0.24040066777963426,-0.5575959933222033,평화산업
090350,2026-03-22,8750.0,-4.0000000000000036,2,STOP,0.268188302425107,0.07275320970042796,-0.5649072753209701,노루페인트
090370,2026-01-18,1718.0,-5.87892898719441,1,STOP,0.11241467576791818,0.07551194539249118,-0.5072525597269624,메타랩스
090370,2026-02-15,1726.0,-2.549246813441486,1,STOP,0.00834005918751657,0.15039009954264215,-0.03712671509281667,메타랩스
090430,2026-03-22,140800.0,-6.605113636363635,2,STOP,0.1259946949602122,0.2546419098143236,-0.9389920424403183,아모레퍼시픽
090435,2025-12-07,46800.0,-6.730769230769229,3,STOP,0.9974424552429667,0.578005115089514,-0.1432225063938619,아모레퍼시픽우
090435,2026-01-04,45350.0,-0.8820286659316445,1,STOP,0.016755521706016754,0.4325971058644326,-0.6336633663366337,아모레퍼시픽우
090435,2026-02-08,49100.0,-4.17515274949084,4,STOP,0.4208955223880597,0.28059701492537314,-0.05970149253731343,아모레퍼시픽우
090435,2026-03-01,51800.0,-9.169884169884169,1,STOP,0.8865710560625815,0.6492829204693612,-0.1773142112125163,아모레퍼시픽우
090460,2025-09-14,17810.0,-1.6844469399213913,4,TIMEOUT,0.9246153846153846,0.88,-0.18256410256410258,비에이치
090460,2026-02-15,20850.0,-19.18465227817746,3,STOP,0.18962722852512157,0.20907617504051865,-0.2701242571582928,비에이치
090460,2026-03-15,18470.0,26.42122360584731,4,TIMEOUT,0.44794188861985473,0.18038740920096852,-1.4979822437449557,비에이치
090460,2026-04-05,22950.0,50.326797385620914,4,TIMEOUT,0.19777577397054402,0.5272016831980764,-0.12744214006612564,비에이치
090460,2026-05-10,32200.0,-10.869565217391308,4,STOP,1.1213204373423045,0.849663582842725,-0.124053826745164,비에이치
092200,2025-10-19,4775.0,18.74345549738219,4,TIMEOUT,0.05289052890528905,0.27183271832718325,-0.3296432964329643,디아이씨
092200,2025-11-02,4945.0,83.82204246713852,4,TIMEOUT,0.08237986270022883,0.38558352402745993,-0.13729977116704806,디아이씨
092200,2025-11-23,7060.0,67.42209631728045,4,TIMEOUT,0.6530183727034121,0.5532808398950131,-0.06614173228346457,디아이씨
092200,2026-01-11,12180.0,-10.755336617405586,2,STOP,0.9224318658280922,0.960167714884696,-0.5397369925671812,디아이씨
092220,2025-10-19,851.0,-8.695652173913048,2,STOP,0.8234442836468883,0.45441389290882916,-0.09551374819102783,KEC
092220,2026-03-01,1305.0,38.160919540229884,4,TIMEOUT,0.605845181674565,0.5039494470774097,-0.9857819905213266,KEC
092220,2026-03-29,1803.0,-27.89794786466999,3,STOP,1.42103190232375,0.9846396218983847,-0.21031902323749543,KEC
092220,2026-04-12,1440.0,-9.722222222222221,1,STOP,0.83745044220799,0.799329063738945,-0.5910338517840804,KEC
092220,2026-04-26,1871.0,262.9075360769642,4,TIMEOUT,0.43041676821837654,0.5778698513282967,-0.920789666097977,KEC
092230,2026-03-08,79200.0,3.0303030303030276,4,TIMEOUT,0.7644927536231884,0.39855072463768115,-1.2826086956521738,KPX홀딩스
092790,2026-03-01,11660.0,-2.487135506003435,4,STOP,0.5891050583657588,0.5073929961089494,-0.2630350194552529,넥스틸
092790,2026-04-05,14920.0,36.058981233243955,4,TIMEOUT,0.2188853595148715,0.4088940225238233,-0.875541438059486,넥스틸
092790,2026-05-03,20300.0,-27.53694581280788,4,STOP,0.8852286665498511,0.6052216576134571,-0.2859646048712108,넥스틸
092790,2026-05-17,18200.0,-19.175824175824175,2,STOP,0.7248785076030726,0.7182944035115222,-0.34174635522809216,넥스틸
093050,2026-03-08,20750.0,17.59036144578314,4,TIMEOUT,1.2165566886622676,0.6166766646670666,-1.25374925014997,LF
093050,2026-05-03,24800.0,-3.8306451612903247,3,STOP,0.669889502762431,0.4534990791896869,-0.17495395948434622,LF
093240,2026-01-18,1622.0,-12.453760789149193,2,STOP,0.5720608575380365,0.5098201936376209,-0.08962655601659776,형지엘리트
093370,2025-09-07,5520.0,9.782608695652172,4,TIMEOUT,0.9540106951871657,0.5294117647058824,-0.4406417112299465,후성
093370,2025-10-19,7140.0,34.033613445378144,4,TIMEOUT,0.3522561863173217,0.7270742358078602,-0.5211062590975255,후성
093370,2025-11-23,8040.0,0.12437810945273853,3,STOP,0.9309006211180124,0.7375776397515528,-0.532608695652174,후성
093370,2026-05-17,12550.0,-8.605577689243027,2,STOP,1.2369200394866733,0.7556762092793682,-0.8302073050345509,후성
094280,2026-05-17,12770.0,-1.7227877838684402,1,STOP,0.572961373390558,0.2296137339055794,-1.2532188841201717,효성ITX
094800,2025-09-28,5000.0,4.800000000000004,4,TIMEOUT,0.9367088607594937,0.9525316455696202,-0.25949367088607594,맵스리얼티
094800,2025-10-19,5290.0,-3.2136105860113395,4,STOP,1.0997150997150997,1.225071225071225,-0.11965811965811966,맵스리얼티
094800,2025-11-23,5290.0,-2.2684310018903586,3,STOP,0.13665943600867678,0.455531453362256,-0.6247288503253796,맵스리얼티
094800,2026-02-01,5870.0,16.524701873935264,4,TIMEOUT,0.19961612284069097,0.31861804222648754,-0.33013435700575816,맵스리얼티
094800,2026-03-08,6700.0,4.477611940298498,4,TIMEOUT,1.2287735849056605,1.054245283018868,-0.37264150943396224,맵스리얼티
095570,2025-09-21,4405.0,-2.951191827468791,1,STOP,0.17647058823529413,0.20168067226890757,-0.3081232492997199,AJ네트웍스
095570,2025-11-23,4715.0,-1.590668080593849,4,TIMEOUT,0.39473684210526316,0.14285714285714285,-0.37593984962406013,AJ네트웍스
095570,2025-12-07,4540.0,1.2114537444933848,4,TIMEOUT,0.4796747967479675,0.27967479674796747,-0.7544715447154472,AJ네트웍스
095570,2026-02-01,5280.0,-2.840909090909094,4,TIMEOUT,0.13934426229508196,0.33114754098360655,-0.4819672131147541,AJ네트웍스
095570,2026-03-01,5130.0,-3.3138401559454245,1,STOP,1.0597243491577335,0.6186830015313936,-0.8820826952526799,AJ네트웍스
095570,2026-03-22,5160.0,-0.3875968992248069,2,STOP,0.1406060606060606,0.3006060606060606,-0.3975757575757576,AJ네트웍스
096760,2025-12-28,3675.0,-4.35374149659864,1,STOP,0.8621593291404611,0.7992662473794548,-0.330188679245283,JW홀딩스
096760,2026-03-01,4170.0,4.55635491606714,4,TIMEOUT,0.8699690402476781,0.4674922600619195,-0.19504643962848298,JW홀딩스
096760,2026-04-19,4235.0,-2.5974025974025983,3,STOP,0.10344827586206896,0.1939655172413793,-0.13218390804597702,JW홀딩스
096770,2025-10-19,116600.0,5.231560891938258,4,TIMEOUT,0.035036496350364967,0.008759124087591242,-0.8204379562043795,SK이노베이션
096770,2025-11-09,115900.0,-2.070750647109576,2,STOP,0.7426614481409002,0.6428571428571429,-0.512720156555773,SK이노베이션
096770,2026-05-03,146200.0,-15.389876880984954,3,STOP,0.390927284856571,0.40627084723148765,-0.07471647765176785,SK이노베이션
096770,2026-05-17,134100.0,-7.755406413124533,1,STOP,0.7149059334298119,0.25180897250361794,-0.8364688856729378,SK이노베이션
096775,2026-05-17,76600.0,-7.049608355091386,1,STOP,0.5050136736554239,0.03463992707383774,-0.9808568824065633,SK이노베이션우
097230,2025-09-28,25600.0,10.546875,4,TIMEOUT,1.4684210526315788,1.2975708502024292,-0.20161943319838058,HJ중공업
097230,2026-03-01,25300.0,-8.498023715415016,1,STOP,0.14243759177679882,0.2305433186490455,-0.1262848751835536,HJ중공업
097230,2026-03-15,26900.0,-8.736059479553903,2,STOP,0.018018018018018018,0.23423423423423423,-0.8175675675675675,HJ중공업
097230,2026-04-19,28550.0,-6.654991243432573,3,STOP,0.1323185011709602,0.1522248243559719,-0.38875878220140514,HJ중공업
097520,2025-10-05,29800.0,4.530201342281881,4,TIMEOUT,0.042328042328042326,0.1693121693121693,-0.7671957671957672,엠씨넥스
097520,2025-10-19,31950.0,-8.920187793427225,3,STOP,0.11653116531165311,0.34959349593495936,-0.05962059620596206,엠씨넥스
097520,2025-11-02,31150.0,-6.58105939004815,1,STOP,0.4236842105263158,0.3473684210526316,-0.07894736842105263,엠씨넥스
097950,2026-05-03,246500.0,-12.778904665314405,3,STOP,0.8995739500912964,0.349969567863664,-0.29214850882531956,CJ제일제당
097955,2026-02-08,138700.0,-0.43258832011535686,3,STOP,0.09375,0.13541666666666666,-0.9097222222222222,CJ제일제당 우
100090,2025-09-28,24200.0,-2.685950413223137,2,STOP,0.5885660731021556,0.4486879100281162,-0.29990627928772257,SK오션플랜트
100090,2026-04-12,25750.0,-16.31067961165048,4,STOP,0.9461578672242551,0.6437532671197073,-0.37062205959226346,SK오션플랜트
100220,2026-05-17,6320.0,-3.322784810126578,1,STOP,1.0628930817610063,0.7075471698113207,-1.4591194968553458,비상교육
100840,2025-09-21,55000.0,-4.909090909090907,1,STOP,0.5919354838709677,0.6870967741935484,-0.4150537634408602,SNT에너지
100840,2025-10-12,56000.0,-15.357142857142858,1,STOP,0.03127079174983367,0.35528942115768464,-0.4737192282102462,SNT에너지
100840,2026-03-15,45050.0,38.068812430632626,4,TIMEOUT,0.4088888888888889,0.2992592592592593,-0.9851851851851852,SNT에너지
101530,2026-01-04,6910.0,-2.604920405209843,1,STOP,0.6457831325301204,0.3686746987951807,-0.8481927710843373,해태제과식품
101530,2026-01-25,7020.0,-1.851851851851849,1,STOP,0.09812108559498957,0.29018789144050106,-0.918580375782881,해태제과식품
101530,2026-02-22,7130.0,-4.347826086956519,1,STOP,0.1087962962962963,0.0787037037037037,-0.10185185185185185,해태제과식품
102260,2025-12-21,4469.0,-7.138062206310137,2,STOP,0.8776637726913992,0.43606945540647196,-0.39384372533543877,동성케미컬
103140,2026-02-22,115300.0,-11.101474414570689,3,STOP,0.2132895816242822,0.2247744052502051,-0.5594749794913864,풍산
103590,2025-11-23,53800.0,1.6728624535315983,4,STOP,1.4045068341337275,0.9442186922792759,-0.6087920206871075,일진전기
103590,2026-02-01,67000.0,33.582089552238806,4,TIMEOUT,0.5229508196721312,0.27049180327868855,-0.3770491803278688,일진전기
103590,2026-03-08,82100.0,-13.52009744214373,4,STOP,0.6698841698841699,0.7335907335907336,-0.5386100386100386,일진전기
103590,2026-04-12,81000.0,77.90123456790124,4,TIMEOUT,0.08023648648648649,0.30405405405405406,-0.44594594594594594,일진전기
103590,2026-05-24,108300.0,-14.219759926131115,1,STOP,1.1893629456458212,0.7603740502630041,-1.3606078316773818,일진전기
104700,2025-09-21,10430.0,-3.163950143815919,4,TIMEOUT,0.8740601503759399,0.462406015037594,-0.30451127819548873,한국철강
104700,2025-12-28,10350.0,-5.31400966183575,1,STOP,0.08278145695364239,0.03642384105960265,-0.3841059602649007,한국철강
104700,2026-05-10,10040.0,-4.083665338645415,1,STOP,0.4034090909090909,0.14772727272727273,-0.2727272727272727,한국철강
105560,2025-09-28,112700.0,0.08873114463177068,2,STOP,0.06666666666666667,0.07037037037037037,-0.14320987654320988,KB금융
105560,2025-10-19,114000.0,13.596491228070185,4,TIMEOUT,0.23667711598746083,0.08307210031347963,-0.8401253918495298,KB금융
105560,2025-11-23,120500.0,3.9004149377593444,4,TIMEOUT,0.3577142857142857,0.4297142857142857,-0.5737142857142857,KB금융
105560,2026-01-25,135600.0,24.48377581120944,4,TIMEOUT,0.1869031377899045,0.3178717598908595,-0.1364256480218281,KB금융
105560,2026-02-08,149300.0,-1.272605492297385,4,TIMEOUT,0.5598591549295775,0.5316901408450704,-0.38967136150234744,KB금융
105560,2026-03-08,147400.0,-1.2890094979647215,4,STOP,1.114806017418844,0.7862232779097387,-1.8511480601741885,KB금융
105560,2026-05-17,158800.0,-5.163727959697728,2,STOP,0.32044198895027626,0.04577742699289661,-0.745067087608524,KB금융
105630,2025-11-09,10850.0,21.93548387096773,4,TIMEOUT,0.14720452937013448,0.39773531493276715,-0.7954706298655343,한세실업
105630,2025-12-14,13170.0,6.07441154138193,4,TIMEOUT,1.3275769023205612,0.8041014570966001,-0.8548300053966541,한세실업
105630,2026-01-04,13080.0,6.8807339449541205,4,TIMEOUT,0.6534181240063593,0.8394276629570747,-0.9220985691573926,한세실업
105840,2025-10-26,16820.0,-19.857312722948873,2,STOP,1.0442594215600352,0.7708150744960561,-0.25153374233128833,우진
105840,2025-11-16,15090.0,-6.693174287607684,1,STOP,0.24709724238026126,0.37082728592162556,-0.8468795355587808,우진
105840,2025-12-14,21650.0,-15.658198614318708,4,TIMEOUT,0.20156494522691706,0.437245696400626,-0.09577464788732394,우진
105840,2026-02-15,25800.0,-9.883720930232553,3,STOP,0.7224975222993062,0.6840931615460852,-0.1759167492566898,우진
105840,2026-03-01,25350.0,-8.284023668639051,1,STOP,0.7883307169021455,0.4989534275248561,-0.12297226582940869,우진
105840,2026-03-15,28250.0,-13.628318584070797,2,STOP,0.30427698574338086,0.4759674134419552,-0.8533604887983707,우진
105840,2026-05-10,26300.0,-14.068441064638781,1,STOP,0.021739130434782608,0.09189723320158102,-0.1324110671936759,우진
108320,2026-04-26,64900.0,-4.1602465331278875,4,TIMEOUT,0.026292725679228746,0.11744084136722173,-0.11218229623137599,LX세미콘
108320,2026-05-17,63400.0,-17.034700315457417,2,STOP,1.0382728164867516,0.41216879293424924,-0.5848871442590775,LX세미콘
108670,2025-12-07,31200.0,-6.25,2,STOP,0.8745247148288974,0.4372623574144487,-0.844106463878327,LX하우시스
108670,2026-03-22,30450.0,-6.239737274220037,1,STOP,0.1824175824175824,0.13406593406593406,-0.9494505494505494,LX하우시스
108670,2026-05-03,36100.0,-7.479224376731297,4,STOP,0.3520140105078809,0.23992994746059546,-0.06304728546409807,LX하우시스
108670,2026-05-24,38950.0,-14.249037227214378,1,STOP,1.0194444444444444,0.7875,-1.0222222222222221,LX하우시스
109070,2026-05-10,1666.0,-7.803121248499401,2,STOP,0.7593965060878775,0.7035468501852831,-0.3292747485442035,주성코퍼레이션
109070,2026-06-07,1815.0,-17.355371900826444,1,STOP,0.026414212248714247,0.3006077606358109,-0.6306685366993922,주성코퍼레이션
111110,2025-12-28,8350.0,-3.952095808383238,1,STOP,0.4620123203285421,0.039014373716632446,-0.1601642710472279,호전실업
111770,2025-09-21,64300.0,-5.28771384136858,4,TIMEOUT,0.1534090909090909,0.014204545454545454,-0.3125,영원무역
111770,2025-10-12,62100.0,-3.3816425120772986,2,STOP,0.5710306406685237,0.33147632311977715,-0.2785515320334262,영원무역
111770,2025-12-21,89000.0,-10.898876404494384,2,STOP,1.7860824742268042,1.0425257731958764,-0.2603092783505155,영원무역
111770,2026-01-11,85100.0,-0.7050528789659172,1,STOP,0.3774230330672748,0.790193842645382,-0.7867730900798175,영원무역
111770,2026-02-08,88000.0,9.431818181818175,4,TIMEOUT,0.011811023622047244,0.24803149606299213,-0.4146981627296588,영원무역
111770,2026-03-01,96900.0,-13.106295149638802,3,STOP,0.40089086859688194,0.05456570155902005,-0.4298440979955457,영원무역
112610,2026-03-08,52000.0,47.884615384615394,4,TIMEOUT,0.6701720841300192,0.36806883365200765,-1.0879541108986617,씨에스윈드
112610,2026-04-05,76900.0,-6.892067620286091,4,TIMEOUT,0.8488196885986942,0.8227021597187343,-0.46408839779005523,씨에스윈드
117580,2026-03-22,11140.0,-16.42728904847397,3,STOP,0.5392895586652314,0.5161463939720129,-0.24434876210979548,대성에너지
120030,2025-09-07,106200.0,-1.9774011299435013,3,STOP,0.11243611584327087,0.151618398637138,-0.313458262350937,조선선재
120030,2026-03-15,103700.0,-4.243008678881388,2,STOP,0.45840130505709625,0.3164763458401305,-1.3866231647634584,조선선재
120110,2025-12-07,44900.0,-5.345211581291764,4,TIMEOUT,0.6557805355976486,0.3958197256694971,-0.1541476159372959,코오롱인더
120110,2026-01-04,42500.0,-3.4117647058823475,1,STOP,0.7031164570803717,0.5893931109896118,-0.6036085292509568,코오롱인더
120110,2026-01-18,43650.0,43.6426116838488,4,TIMEOUT,0.08377983438869946,0.3828543594739406,-0.48514369215781783,코오롱인더
120110,2026-03-01,67600.0,18.343195266272193,4,TIMEOUT,1.3082465972778223,0.8783026421136909,-0.16012810248198558,코오롱인더
120110,2026-03-29,80000.0,9.250000000000004,4,TIMEOUT,0.6690975387420237,0.8924339106654512,-0.43938012762078393,코오롱인더
120110,2026-04-26,87400.0,-11.098398169336388,4,STOP,0.7029702970297029,0.726897689768977,-0.07590759075907591,코오롱인더
120110,2026-05-17,88400.0,-12.104072398190047,1,STOP,0.41418764302059496,0.6262395118230358,-0.6742944317315027,코오롱인더
120115,2026-02-08,26400.0,4.924242424242431,4,TIMEOUT,0.140893470790378,0.4879725085910653,-0.15120274914089346,코오롱인더우
120115,2026-03-01,29350.0,-7.495741056218053,3,STOP,0.8829113924050633,0.6329113924050633,-0.13291139240506328,코오롱인더우
120115,2026-03-29,28200.0,4.964539007092195,4,TIMEOUT,0.19736842105263158,0.43640350877192985,-0.9122807017543859,코오롱인더우
123690,2025-10-05,10430.0,-2.4928092042186045,1,STOP,0.0900990099009901,0.14752475247524752,-0.2316831683168317,한국화장품
123690,2025-11-02,12210.0,-16.78951678951679,1,STOP,0.07514450867052024,0.08670520231213873,-0.3892100192678227,한국화장품
123690,2025-11-23,11010.0,-7.992733878292457,1,STOP,0.07193732193732194,0.11609686609686609,-0.7692307692307693,한국화장품
123890,2025-12-21,2515.0,-4.572564612326047,2,STOP,1.1957671957671958,0.7724867724867724,-0.24338624338624337,한국자산신탁
123890,2026-03-08,2785.0,-8.078994614003587,4,STOP,0.8626126126126126,0.5382882882882883,-1.454954954954955,한국자산신탁
126720,2026-01-18,24450.0,7.975460122699385,4,TIMEOUT,0.2283464566929134,0.2125984251968504,-0.16535433070866143,수산인더스트리
126720,2026-02-08,25900.0,-2.7027027027026973,4,STOP,0.7917808219178082,0.8027397260273973,-0.4547945205479452,수산인더스트리
126720,2026-03-15,29300.0,-8.361774744027306,2,STOP,0.49122807017543857,0.5980861244019139,-1.3748006379585327,수산인더스트리
126720,2026-04-05,27950.0,21.82468694096602,4,TIMEOUT,0.15595075239398085,0.37209302325581395,-0.7250341997264022,수산인더스트리
126720,2026-05-17,30950.0,-5.0080775444264924,1,STOP,0.4289044289044289,0.3764568764568765,-1.0582750582750582,수산인더스트리
128820,2025-12-07,5540.0,31.40794223826715,4,TIMEOUT,0.20108695652173914,0.10801630434782608,-0.24728260869565216,대성산업
128820,2026-01-04,7280.0,-10.439560439560436,2,STOP,0.8620209059233449,0.6167247386759582,-0.4580720092915215,대성산업
128940,2025-09-21,360500.0,-4.022191400832176,4,TIMEOUT,0.6029106029106029,0.4282744282744283,-0.6902286902286903,한미약품
128940,2025-10-12,354500.0,23.836389280677018,4,TIMEOUT,1.0409252669039146,0.8594306049822064,-0.05338078291814947,한미약품
128940,2025-11-30,456500.0,-1.3143483023001057,4,TIMEOUT,1.0458100558659218,0.9229050279329609,-0.14078212290502792,한미약품
128940,2026-01-11,477000.0,-8.490566037735848,1,STOP,0.03974284044418469,0.609000584453536,-0.3717124488603156,한미약품
128940,2026-01-25,465500.0,31.041890440386677,4,TIMEOUT,0.13174332765474162,0.09540034071550256,-1.0789324247586598,한미약품
128940,2026-03-22,560000.0,-9.464285714285714,2,STOP,0.2842548076923077,0.24278846153846154,-0.9266826923076923,한미약품
130660,2026-02-08,16830.0,25.371360665478313,4,TIMEOUT,0.5666477595008508,0.4883720930232558,-0.005672149744753261,한전산업
130660,2026-03-08,21100.0,-9.289099526066346,3,STOP,1.2637746197955622,0.943904263275991,-1.0835203191224134,한전산업
133820,2025-09-28,1795.0,28.412256267409465,4,TIMEOUT,0.9964841788046207,0.8849824208940233,-0.8036162732295329,화인베스틸
136490,2026-03-01,12450.0,-10.602409638554223,1,STOP,1.4437564499484004,0.9339525283797729,-0.11764705882352941,선진
138040,2025-09-07,123100.0,-3.086921202274573,2,STOP,0.4850455136540962,0.6488946684005201,-0.03901170351105332,메리츠금융지주
138040,2026-03-01,127100.0,-9.992132179386315,1,STOP,0.945979381443299,0.643298969072165,-0.2441237113402062,메리츠금융지주
138930,2025-12-07,15710.0,0.12730744748568057,4,TIMEOUT,0.5679611650485437,0.10436893203883495,-0.1383495145631068,BNK금융지주
138930,2026-01-04,15730.0,-2.7336300063572794,1,STOP,0.5653710247349824,0.6018845700824499,-0.26383981154299174,BNK금융지주
138930,2026-01-25,15900.0,42.45283018867924,4,TIMEOUT,0.1198501872659176,0.27965043695380776,-1.0786516853932584,BNK금융지주
138930,2026-03-01,19930.0,-6.271951831409939,4,STOP,1.3824273072060682,1.118204804045512,-0.03034134007585335,BNK금융지주
139130,2025-12-14,14220.0,1.8987341772152,4,STOP,0.6383561643835617,0.236986301369863,-0.5068493150684932,iM금융지주
139130,2026-02-01,15500.0,18.645161290322587,4,TIMEOUT,0.04910179640718563,0.2311377245508982,-0.481437125748503,iM금융지주
139130,2026-03-01,18390.0,-9.407286568787388,2,STOP,1.1546451240623197,0.9959607616849394,-0.3739180611656088,iM금융지주
139130,2026-05-17,19030.0,-8.880714661061484,2,STOP,0.666412213740458,0.010687022900763359,-0.76793893129771,iM금융지주
139480,2025-12-21,85500.0,-2.3391812865497075,4,TIMEOUT,0.7100371747211895,0.4851301115241636,-0.08178438661710037,이마트
139480,2026-01-04,80200.0,13.466334164588535,4,TIMEOUT,0.5686274509803921,0.5026737967914439,-0.5454545454545454,이마트
139480,2026-02-08,102200.0,-9.393346379647749,4,STOP,0.3724137931034483,0.49770114942528737,-0.1425287356321839,이마트
139480,2026-03-22,100700.0,-10.427010923535251,2,STOP,0.1974156496769562,0.3007896625987078,-0.6489590811198851,이마트
139480,2026-05-17,109700.0,-17.502278942570648,1,STOP,0.5688800792864221,0.20812685827552033,-0.43409316154608524,이마트
145720,2026-03-29,53000.0,1.8867924528301883,4,TIMEOUT,0.36662883087400683,0.42565266742338254,-0.7150964812712827,덴티움
145720,2026-05-17,53900.0,-5.1948051948051965,1,STOP,0.14776274713839752,0.16233090530697192,-0.8595213319458896,덴티움
145990,2025-12-07,52000.0,-2.8846153846153855,2,STOP,0.14782608695652175,0.1608695652173913,-0.3652173913043478,삼양사
161000,2026-03-29,11400.0,43.85964912280702,4,TIMEOUT,0.1249102656137832,0.32160804020100503,-0.9576453697056713,애경케미칼
161000,2026-04-19,14520.0,-0.4132231404958664,4,TIMEOUT,0.4691415313225058,0.5786542923433875,-0.10116009280742459,애경케미칼
161000,2026-05-10,15320.0,-16.12271540469974,3,STOP,0.6963179001093693,0.5654393000364565,-0.14145096609551586,애경케미칼
161390,2025-12-14,61500.0,-7.317073170731703,3,STOP,1.744952178533475,1.5037194473963869,-0.43358129649309246,한국타이어앤테크놀로지
161390,2026-02-08,67200.0,-11.755952380952383,4,STOP,0.3326959847036329,0.3632887189292543,-0.497131931166348,한국타이어앤테크놀로지
161890,2026-03-08,70000.0,8.714285714285719,4,TIMEOUT,0.5688073394495413,0.5614678899082569,-1.4752293577981652,한국콜마
161890,2026-05-10,93600.0,-8.653846153846157,3,STOP,0.758177570093458,0.616822429906542,-0.21261682242990654,한국콜마
161890,2026-05-24,91200.0,-6.25,1,STOP,0.7106109324758842,0.714898177920686,-0.857449088960343,한국콜마
163560,2026-03-01,7080.0,-3.8135593220338992,1,STOP,0.4613259668508287,0.3011049723756906,-0.5524861878453039,동일고무벨트
163560,2026-05-10,7440.0,-5.779569892473113,1,STOP,0.5243506493506493,0.1672077922077922,-0.3474025974025974,동일고무벨트
170900,2025-11-30,51692.0,-0.9227733498413659,4,TIMEOUT,0.9394436872754309,0.5967352248791971,-0.2539957873869409,동아에스티
170900,2025-12-14,54744.0,-10.105217010083301,3,STOP,1.0039808247596074,0.7393120461999957,-0.12312522777606377,동아에스티
175330,2025-09-14,24900.0,-8.032128514056225,2,STOP,0.013333333333333334,0.4613333333333333,-0.016,JB금융지주
175330,2025-12-07,25100.0,0.3984063745019917,4,TIMEOUT,0.44660194174757284,0.025889967637540454,-0.10355987055016182,JB금융지주
175330,2026-03-08,29400.0,-0.6802721088435382,4,STOP,1.16289592760181,0.6757164404223228,-1.444947209653092,JB금융지주
178920,2026-03-01,20050.0,20.448877805486276,4,TIMEOUT,1.0928502102879327,0.7149789712067293,-0.3623422840504691,PI첨단소재
178920,2026-05-24,27500.0,-9.090909090909093,1,STOP,0.5247376311844077,0.6899050474762619,-0.8070964517741129,PI첨단소재
180640,2025-12-28,119600.0,8.695652173913038,4,TIMEOUT,0.49732262382864795,0.48058902275769744,-0.05488621151271754,한진칼
180640,2026-02-15,136100.0,-9.110947832476125,3,STOP,0.06954793840039741,0.2488822652757079,-0.47888723298559366,한진칼
180640,2026-03-22,130000.0,-9.846153846153848,1,STOP,0.23763213530655392,0.05581395348837209,-0.853276955602537,한진칼
18064K,2026-01-25,42050.0,-8.442330558858501,1,STOP,0.412292817679558,0.2983425414364641,-0.16298342541436464,한진칼우
18064K,2026-02-15,40500.0,-8.39506172839506,3,STOP,0.045394736842105265,0.19210526315789472,-0.29605263157894735,한진칼우
181710,2025-12-14,30000.0,-4.0000000000000036,1,STOP,0.8610478359908884,0.6241457858769932,-0.9476082004555809,NHN
181710,2026-02-01,32300.0,17.3374613003096,4,TIMEOUT,0.1865671641791045,0.0914179104477612,-0.15298507462686567,NHN
181710,2026-02-15,37150.0,5.248990578734869,4,TIMEOUT,0.3586626139817629,0.08054711246200608,-0.2887537993920973,NHN
181710,2026-03-08,36600.0,-0.6830601092896127,4,STOP,0.6743620899149453,0.7205346294046172,-0.9623329283110571,NHN
181710,2026-04-12,38200.0,1.308900523560208,4,STOP,0.16570327552986513,0.4296724470134875,-0.6608863198458574,NHN
181710,2026-05-24,40000.0,-0.5000000000000004,3,STOP,0.12195121951219512,0.08980044345898004,-0.6740576496674058,NHN
183190,2026-03-01,12680.0,-6.861198738170349,1,STOP,0.6189903846153846,0.2692307692307692,-0.6322115384615384,아세아시멘트
183190,2026-03-22,12800.0,-12.187499999999996,1,STOP,0.01289134438305709,0.037753222836095765,-1.0368324125230202,아세아시멘트
185750,2025-11-30,87500.0,-2.285714285714291,4,TIMEOUT,0.5106382978723404,0.32540675844806005,-0.5406758448060075,종근당
185750,2025-12-14,87900.0,-5.802047781569963,3,STOP,0.6918075422626788,0.46033810143042914,-0.39011703511053314,종근당
185750,2026-02-15,94000.0,-8.936170212765958,3,STOP,0.2328159645232816,0.1574279379157428,-0.18625277161862527,종근당
185750,2026-03-22,88700.0,-0.5636978579481422,2,STOP,0.2047244094488189,0.13543307086614173,-0.8566929133858268,종근당
192080,2026-01-04,54500.0,-2.5688073394495414,1,STOP,0.7380952380952381,0.5904761904761905,-0.8666666666666667,더블유게임즈
192080,2026-02-22,54600.0,-2.930402930402931,1,STOP,0.08561643835616438,0.0821917808219178,-0.13013698630136986,더블유게임즈
192080,2026-05-17,59600.0,19.12751677852349,4,TIMEOUT,0.8842696629213483,0.4898876404494382,-0.7910112359550562,더블유게임즈
192400,2025-09-07,34600.0,-11.271676300578036,3,STOP,0.12727272727272726,0.13636363636363635,-0.3054545454545455,쿠쿠홀딩스
192400,2025-10-05,32900.0,-8.510638297872342,2,STOP,0.47758620689655173,0.07586206896551724,-1.0793103448275863,쿠쿠홀딩스
192400,2026-05-10,29200.0,-4.109589041095896,1,STOP,0.18397626112759644,0.008902077151335312,-0.21364985163204747,쿠쿠홀딩스
192650,2025-09-07,6500.0,-6.000000000000005,3,STOP,0.29365079365079366,0.17989417989417988,-0.4708994708994709,드림텍
192650,2025-11-23,6780.0,2.8023598820059004,4,TIMEOUT,0.45227272727272727,0.2681818181818182,-0.10909090909090909,드림텍
192650,2026-01-25,7340.0,13.760217983651234,4,TIMEOUT,0.059734513274336286,0.2345132743362832,-0.38495575221238937,드림텍
192650,2026-03-01,7790.0,-11.810012836970474,1,STOP,0.6096866096866097,0.405982905982906,-0.4985754985754986,드림텍
192820,2026-02-22,194800.0,-13.295687885010265,2,STOP,0.7712833545108005,0.6429479034307497,-0.32147395171537485,코스맥스
192820,2026-05-10,210000.0,-9.190476190476193,1,STOP,0.44551282051282054,0.23918269230769232,-0.2419871794871795,코스맥스
194370,2025-12-14,13700.0,-14.233576642335766,4,STOP,0.8858350951374208,0.6363636363636364,-0.07822410147991543,제이에스코퍼레이션
194370,2026-01-04,12260.0,-4.15986949429038,1,STOP,1.0206953642384107,0.9031456953642384,-0.8526490066225165,제이에스코퍼레이션
194370,2026-03-01,13500.0,-12.222222222222223,1,STOP,0.5090479937057435,0.06058221872541306,-0.14004720692368214,제이에스코퍼레이션
194370,2026-05-17,13800.0,-11.594202898550721,1,STOP,0.7432530999270606,0.24653537563822028,-0.6316557257476295,제이에스코퍼레이션
195870,2025-10-05,39300.0,31.29770992366412,4,TIMEOUT,0.7507374631268436,0.5250737463126843,-0.008849557522123894,해성디에스
195870,2025-11-23,48150.0,12.980269989615788,4,TIMEOUT,0.9703903095558546,1.1150740242261103,-0.34185733512786004,해성디에스
195870,2026-01-04,54800.0,-13.503649635036496,1,STOP,0.21296296296296297,0.4887566137566138,-0.30952380952380953,해성디에스
195870,2026-01-18,54400.0,6.985294117647056,4,TIMEOUT,0.14448160535117058,0.10367892976588629,-0.6421404682274248,해성디에스
195870,2026-02-15,58200.0,-9.106529209621995,4,STOP,0.38226108682073706,0.43472829481574016,-0.1099312929419113,해성디에스
195870,2026-04-26,81700.0,2.2031823745410017,4,TIMEOUT,0.10987996306555864,0.11542012927054478,-0.13665743305632502,해성디에스
195870,2026-05-17,95500.0,-21.675392670157066,3,STOP,1.0915841584158417,0.6815181518151815,-0.41089108910891087,해성디에스
200880,2025-12-21,12920.0,25.464396284829725,4,TIMEOUT,0.1724137931034483,0.5809018567639257,-0.11140583554376658,서연이화
200880,2026-02-01,15070.0,10.08626410086264,4,TIMEOUT,0.5687757909215956,0.7620357634112792,-0.12517193947730398,서연이화
204320,2025-09-07,35250.0,-3.687943262411353,3,STOP,0.08577878103837472,0.309255079006772,-0.1038374717832957,HL만도
204320,2025-11-09,36100.0,63.98891966759004,4,TIMEOUT,0.24282560706401765,0.23841059602649006,-0.2251655629139073,HL만도
204320,2025-12-28,53900.0,21.52133580705009,4,TIMEOUT,1.2635350318471337,0.9378980891719745,-0.06050955414012739,HL만도
204320,2026-02-01,63800.0,-8.934169278996862,1,STOP,0.4839188520534389,0.8030677882236517,-0.11479465611083622,HL만도
207940,2026-01-11,1878000.0,-11.182108626198083,4,STOP,0.04126984126984127,0.082907936507937,-0.6835978835978836,삼성바이오로직스
207940,2026-01-25,1802000.0,-7.4361820199777995,2,STOP,0.42356687898089174,0.18789808917197454,-0.17834394904458598,삼성바이오로직스
210540,2025-12-28,13350.0,2.1722846441947663,4,TIMEOUT,0.5034578146611342,0.5698478561549101,-0.15491009681881052,디와이파워
210540,2026-02-08,13780.0,-1.4513788098693747,4,STOP,0.067816091954023,0.22413793103448276,-0.6850574712643678,디와이파워
210540,2026-05-10,15540.0,-9.588159588159584,2,STOP,0.5557184750733137,0.05498533724340176,-0.18328445747800587,디와이파워
210980,2025-09-14,10300.0,-3.592233009708734,1,STOP,0.06343283582089553,0.12935323383084577,-0.10945273631840796,SK디앤디
210980,2025-10-05,12670.0,0.6314127861089203,4,TIMEOUT,0.4824380165289256,0.1962809917355372,-0.7066115702479339,SK디앤디
210980,2025-11-02,12750.0,-0.8627450980392193,4,TIMEOUT,2.1195286195286194,1.4478114478114479,-0.16498316498316498,SK디앤디
210980,2025-12-28,12740.0,-0.9419152276295084,3,STOP,0.08139534883720931,0.10465116279069768,-0.09302325581395349,SK디앤디
210980,2026-03-15,13430.0,-3.7230081906180157,3,STOP,0.2721804511278195,0.02706766917293233,-1.0345864661654136,SK디앤디
213500,2026-04-19,9090.0,-6.160616061606161,1,STOP,0.03838771593090211,0.236084452975048,-0.046065259117082535,한솔제지
214320,2026-01-04,18300.0,-1.0928961748633892,1,STOP,0.8608837970540099,0.45990180032733224,-0.8772504091653028,이노션
214320,2026-01-18,18490.0,10.059491617090321,4,TIMEOUT,0.10828025477707007,0.5127388535031847,-0.8949044585987261,이노션
214320,2026-02-08,19380.0,-0.41279669762641635,4,TIMEOUT,0.04878048780487805,0.5073170731707317,-0.4813008130081301,이노션
214320,2026-03-01,20050.0,-9.326683291770577,4,STOP,1.027982326951399,0.6244477172312224,-0.055964653902798235,이노션
214390,2026-04-12,7150.0,-6.573426573426577,3,STOP,0.5168350168350169,0.44107744107744107,-0.18181818181818182,경보제약
227840,2026-03-01,13200.0,-8.712121212121215,1,STOP,0.7219101123595506,0.4311797752808989,-0.09550561797752809,현대코퍼레이션홀딩스
227840,2026-05-17,12950.0,-4.787644787644785,2,STOP,0.6614173228346457,0.1732283464566929,-0.7480314960629921,현대코퍼레이션홀딩스
229640,2025-10-19,43000.0,-4.767441860465116,3,STOP,0.09626436781609195,0.1925287356321839,-0.2988505747126437,LS에코에너지
229640,2026-03-08,42300.0,3.664302600472813,4,STOP,0.7055990367248646,0.6056592414208308,-1.5364238410596027,LS에코에너지
229640,2026-04-12,44750.0,101.34078212290505,4,TIMEOUT,0.13162544169611307,0.26148409893992935,-0.5159010600706714,LS에코에너지
229640,2026-05-17,89200.0,-32.51121076233184,3,STOP,1.0930311231393774,0.9008795669824087,-0.39783491204330174,LS에코에너지
234080,2025-11-09,13010.0,4.996156802459639,4,TIMEOUT,0.6212574850299402,0.7155688622754491,-0.4550898203592814,JW생명과학
234080,2025-11-30,14970.0,-10.420841683366733,4,STOP,0.8408644400785854,0.9322200392927309,-0.2888015717092338,JW생명과학
241560,2025-10-19,59300.0,-3.541315345699836,4,STOP,0.38127090301003347,0.23076923076923078,-0.3010033444816054,두산밥캣
241560,2025-11-09,57500.0,-0.521739130434784,1,STOP,0.6340057636887608,0.47262247838616717,-0.7204610951008645,두산밥캣
241560,2026-01-25,61300.0,-4.078303425774877,1,STOP,0.035416666666666666,0.10208333333333333,-0.008333333333333333,두산밥캣
241560,2026-02-08,59500.0,-0.1680672268907557,4,STOP,0.05502846299810247,0.24478178368121442,-0.4629981024667932,두산밥캣
241560,2026-03-22,63100.0,-5.546751188589538,1,STOP,0.10084033613445378,0.18067226890756302,-0.7815126050420168,두산밥캣
241560,2026-05-10,74900.0,-13.618157543391185,3,STOP,0.7559153175591532,0.3449564134495641,-0.0323785803237858,두산밥캣
241590,2026-03-01,5580.0,-9.856630824372758,1,STOP,0.4151436031331593,0.2519582245430809,-0.02610966057441253,화승엔터프라이즈
244920,2025-09-07,6940.0,0.4322766570605152,4,TIMEOUT,0.6180555555555556,0.4166666666666667,-0.09375,에이플러스에셋
244920,2025-12-21,9560.0,12.238493723849375,4,TIMEOUT,1.1254681647940075,0.5608614232209738,-0.10674157303370786,에이플러스에셋
244920,2026-01-04,9250.0,32.97297297297297,4,TIMEOUT,1.0349586016559338,0.7838086476540939,-0.3109475620975161,에이플러스에셋
244920,2026-02-01,12300.0,20.08130081300814,4,TIMEOUT,0.6706753006475485,1.2534690101757633,-0.12210915818686402,에이플러스에셋
244920,2026-03-01,14770.0,-18.754231550440082,3,STOP,1.4233269598470364,1.2137667304015296,-0.43135755258126196,에이플러스에셋
248070,2025-09-07,19120.0,-10.251046025104603,4,TIMEOUT,0.003078817733990148,0.29433497536945813,-0.18842364532019704,솔루엠
248070,2025-09-28,17360.0,-1.6129032258064502,2,STOP,0.7397183098591549,0.3177464788732394,-0.7030985915492958,솔루엠
248070,2026-03-22,17880.0,-4.865771812080533,1,STOP,0.5562236921226699,0.28743235117257965,-0.5484064942874324,솔루엠
248070,2026-05-10,22750.0,-21.978021978021978,4,STOP,0.6082241301400814,0.3515589697243561,-0.18798011748757343,솔루엠
248170,2025-11-16,28900.0,0.34602076124568004,4,TIMEOUT,0.23421052631578948,0.18947368421052632,-0.5473684210526316,샘표식품
248170,2025-12-14,29000.0,-2.5862068965517238,2,STOP,0.5204545454545455,0.37272727272727274,-0.4318181818181818,샘표식품
248170,2026-02-08,29450.0,-1.358234295415961,1,STOP,0.23006134969325154,0.06748466257668712,-0.4601226993865031,샘표식품
248170,2026-03-01,29900.0,-7.0234113712374535,1,STOP,0.13279132791327913,0.04336043360433604,-0.2981029810298103,샘표식품
249420,2025-09-07,22500.0,20.88888888888889,4,TIMEOUT,0.4225352112676056,0.8280207561156412,-0.5312577217692117,일동제약
249420,2025-12-07,27750.0,39.45945945945945,4,TIMEOUT,0.48662551440329216,0.1697530864197531,-0.49794238683127573,일동제약
249420,2026-01-11,41700.0,-14.148681055155876,4,STOP,0.8247800586510264,0.7668621700879765,-0.5674486803519062,일동제약
251270,2025-09-21,66100.0,-10.741301059001518,2,STOP,0.3285123966942149,0.13636363636363635,-0.06611570247933884,넷마블
251270,2026-03-08,54000.0,-3.1481481481481444,2,STOP,0.49702219815917703,0.35083919870059554,-2.1136978884677857,넷마블
259960,2026-04-26,274500.0,-1.2750455373406244,4,TIMEOUT,0.2174721189591078,0.09851301115241635,-0.08178438661710037,크래프톤
259960,2026-05-17,293500.0,-12.265758091993185,2,STOP,0.5159128978224455,0.3232830820770519,-0.18090452261306533,크래프톤
267250,2025-09-07,144700.0,13.614374568071863,4,TIMEOUT,0.0673992673992674,0.23956043956043957,-0.0967032967032967,HD현대
267250,2025-09-28,150600.0,20.58432934926959,4,TIMEOUT,0.49436513899323814,0.5078888054094666,-0.025544703230653644,HD현대
267250,2025-11-23,203500.0,-2.3095823095823143,4,STOP,0.92008547008547,0.8363247863247864,-0.06495726495726496,HD현대
267250,2026-02-08,238500.0,16.981132075471695,4,TIMEOUT,0.74687903572966,0.4606112785191563,-0.4993542832544124,HD현대
267250,2026-03-08,279000.0,-7.706093189964158,3,STOP,0.7929389312977099,0.8482824427480916,-0.5279898218829516,HD현대
267250,2026-05-17,291000.0,-6.70103092783505,3,STOP,0.4231292517006803,0.07346938775510205,-0.3836734693877551,HD현대
267260,2025-10-05,625000.0,39.19999999999999,4,TIMEOUT,0.9378292939936775,0.7629083245521602,-0.22339304531085352,HD현대일렉트릭
267260,2025-11-23,751000.0,7.456724367509993,4,TIMEOUT,1.0817031070195626,0.9073647871116226,-0.6628308400460299,HD현대일렉트릭
267260,2025-12-21,807000.0,-5.3283767038413865,1,STOP,0.0728744939271255,0.6589068825910931,-0.18421052631578946,HD현대일렉트릭
267260,2026-01-04,819000.0,8.547008547008538,4,TIMEOUT,0.05213764337851929,0.29509906152241916,-0.6527632950990615,HD현대일렉트릭
267260,2026-02-01,889000.0,-5.511811023622048,1,STOP,0.383248730964467,0.3629441624365482,-0.30710659898477155,HD현대일렉트릭
267260,2026-02-15,949000.0,-2.1074815595363505,4,TIMEOUT,0.40898876404494383,0.3595505617977528,-0.09662921348314607,HD현대일렉트릭
267260,2026-03-08,968000.0,-5.475206611570249,3,STOP,0.45472061657032753,0.5703275529865125,-1.0655105973025047,HD현대일렉트릭
267260,2026-05-17,1241000.0,-15.149073327961327,2,STOP,1.072122052704577,0.6012482662968099,-0.07766990291262135,HD현대일렉트릭
267270,2025-10-12,96600.0,-2.2774327122153215,1,STOP,0.06779661016949153,0.3152542372881356,-0.35480225988700564,HD건설기계
267270,2025-10-26,109800.0,-19.672131147540984,2,STOP,0.24704618689581095,0.05477980665950591,-0.3995703544575725,HD건설기계
267270,2025-12-21,98700.0,-5.57244174265451,1,STOP,0.03248811410459588,0.1450079239302694,-0.014263074484944533,HD건설기계
267270,2026-02-01,108200.0,30.03696857670979,4,TIMEOUT,0.46604046242774566,0.5621387283236994,-0.45809248554913296,HD건설기계
267270,2026-03-08,126300.0,15.676959619952502,4,TIMEOUT,0.601364522417154,0.547270955165692,-1.0828460038986354,HD건설기계
267270,2026-05-17,172700.0,-12.275622466705272,2,STOP,0.8956043956043956,0.5938644688644689,-0.5384615384615384,HD건설기계
267290,2025-11-23,21150.0,3.546099290780136,4,TIMEOUT,0.4848966613672496,0.3958664546899841,-0.3815580286168522,경동도시가스
267290,2025-12-28,21500.0,-5.116279069767438,1,STOP,0.5741279069767442,0.6613372093023255,-0.4796511627906977,경동도시가스
267290,2026-03-01,22700.0,-2.643171806167399,4,STOP,1.005586592178771,0.4692737430167598,-0.12290502793296089,경동도시가스
267290,2026-05-24,22750.0,-4.83516483516484,1,STOP,0.2254335260115607,0.08670520231213873,-1.2138728323699421,경동도시가스
271560,2026-01-18,109300.0,27.355901189386998,4,TIMEOUT,0.10154525386313466,0.25165562913907286,-0.5386313465783664,오리온
271560,2026-02-01,117500.0,13.531914893617024,4,TIMEOUT,0.424408014571949,0.5355191256830601,-0.051001821493624776,오리온
271560,2026-03-08,126500.0,2.60869565217392,4,STOP,1.2466960352422907,0.9129955947136564,-1.3458149779735682,오리온
271560,2026-04-19,136900.0,3.652300949598253,4,TIMEOUT,0.031992687385740404,0.376599634369287,-0.40950639853747717,오리온
271560,2026-05-10,141200.0,-3.0453257790368227,2,STOP,0.3492647058823529,0.1332720588235294,-0.3382352941176471,오리온
271940,2025-09-14,19690.0,-13.763331640426612,2,STOP,0.2754237288135593,0.3523002421307506,-0.6694915254237288,일진하이솔루스
271940,2025-10-19,19800.0,-16.36363636363637,3,STOP,0.026423957721667644,0.24955960070463887,-0.5848502642395772,일진하이솔루스
271940,2025-11-02,19170.0,-13.6150234741784,1,STOP,0.14588859416445624,0.280106100795756,-0.20689655172413793,일진하이솔루스
271940,2026-03-22,17500.0,-9.485714285714286,2,STOP,0.8657357679914071,0.7207303974221267,-0.5757250268528464,일진하이솔루스
271940,2026-05-10,17800.0,-7.191011235955058,1,STOP,0.019065776930409915,0.392278360343184,-0.14108674928503337,일진하이솔루스
271980,2025-12-14,16040.0,-3.802992518703241,4,TIMEOUT,0.1912087912087912,0.13626373626373625,-0.11868131868131868,제일약품
271980,2025-12-28,15710.0,-5.028644175684283,3,STOP,0.6563670411985019,0.1750936329588015,-0.5243445692883895,제일약품
272210,2025-10-12,57900.0,-11.398963730569944,1,STOP,0.5019230769230769,0.05576923076923077,-0.25,한화시스템
272210,2026-03-08,158900.0,-14.789175582127124,4,TIMEOUT,0.8562956204379562,1.0351277372262773,-0.2864963503649635,한화시스템
272210,2026-03-29,124100.0,4.351329572925056,3,STOP,0.7182203389830508,0.7686440677966102,-0.7330508474576272,한화시스템
272550,2025-11-02,14180.0,-2.8208744710860323,1,STOP,0.8874074074074074,0.42518518518518517,-1.5437037037037038,삼양패키징
278470,2025-10-19,239500.0,-2.2964509394572064,3,STOP,0.39571976579850593,0.717948717948718,-0.22208762366242682,에이피알
278470,2025-12-21,243000.0,-5.349794238683126,1,STOP,0.16429699842022116,0.02527646129541864,-0.21169036334913113,에이피알
278470,2026-02-08,256500.0,19.298245614035082,4,TIMEOUT,0.20880913539967375,0.2936378466557912,-0.1272430668841762,에이피알
278470,2026-03-08,306000.0,6.8627450980392135,4,TIMEOUT,0.520891364902507,0.5194986072423399,-0.6713091922005571,에이피알
278470,2026-05-10,434000.0,-9.907834101382484,2,STOP,0.8422018348623853,0.7990825688073394,-0.581651376146789,에이피알
280360,2025-12-07,121700.0,-4.1906327033689355,3,STOP,0.9166666666666666,0.4127906976744186,-0.5968992248062015,롯데웰푸드
280360,2026-05-24,121600.0,-7.154605263157898,1,STOP,0.5358974358974359,0.23846153846153847,-0.9897435897435898,롯데웰푸드
281820,2025-10-19,37750.0,-2.384105960264904,3,STOP,0.8154761904761905,0.8616071428571429,-0.4166666666666667,케이씨텍
281820,2025-11-16,40800.0,-6.985294117647056,1,STOP,0.03391812865497076,0.4502923976608187,-0.5426900584795321,케이씨텍
281820,2026-01-18,40300.0,-3.8461538461538436,1,STOP,0.12168141592920353,0.18584070796460178,-0.03982300884955752,케이씨텍
281820,2026-02-01,47250.0,4.021164021164014,4,TIMEOUT,0.4423791821561338,0.265179677819083,-0.6171003717472119,케이씨텍
281820,2026-03-01,49150.0,-8.850457782299081,2,STOP,0.765658747300216,0.6479481641468683,-0.183585313174946,케이씨텍
281820,2026-03-22,49550.0,-13.420787083753783,2,STOP,0.3228215767634855,0.3269709543568465,-0.5759336099585062,케이씨텍
281820,2026-04-19,54500.0,44.03669724770643,4,TIMEOUT,0.15260454878943508,0.2090975788701394,-0.15994130594277328,케이씨텍
281820,2026-05-24,70600.0,21.52974504249292,4,TIMEOUT,1.06,0.8668571428571429,-0.47314285714285714,케이씨텍
282330,2026-02-15,139400.0,-17.50358680057389,3,STOP,1.0141388174807198,0.6619537275064268,-0.13110539845758354,BGF리테일
282330,2026-03-01,124800.0,-7.8525641025641075,1,STOP,1.101925254813137,0.7802944507361268,-0.4983012457531144,BGF리테일
282330,2026-03-22,124200.0,7.487922705314021,4,TIMEOUT,0.02610966057441253,0.36118363794604,-0.6544821583986075,BGF리테일
282330,2026-04-19,133500.0,6.292134831460672,4,TIMEOUT,0.14045354791514264,0.274323335771763,-0.387710314557425,BGF리테일
285130,2025-11-30,71300.0,-6.591865357643756,4,STOP,0.6361355081555834,0.4316185696361355,-0.4366373902132999,SK케미칼
286940,2026-03-15,23100.0,-4.329004329004327,2,STOP,0.5146736749890495,0.38020148926850633,-1.4761279018834867,롯데이노베이트
293940,2025-10-05,5580.0,-0.7168458781361964,1,STOP,0.45454545454545453,0.2867132867132867,-1.132867132867133,신한알파리츠
293940,2025-12-14,5640.0,-2.4822695035460973,1,STOP,0.4438356164383562,0.26301369863013696,-0.4931506849315068,신한알파리츠
293940,2026-01-04,5620.0,-0.1779359430605032,1,STOP,0.06896551724137931,0.0049261083743842365,-0.7093596059113301,신한알파리츠
293940,2026-02-08,5770.0,-2.253032928942811,4,STOP,0.1488095238095238,0.16071428571428573,-0.20238095238095238,신한알파리츠
293940,2026-03-15,5770.0,0.17331022530329143,2,STOP,0.31950207468879666,0.21991701244813278,-1.6514522821576763,신한알파리츠
293940,2026-05-03,6050.0,-4.793388429752065,1,STOP,0.43309859154929575,0.2147887323943662,-0.8098591549295775,신한알파리츠
294870,2026-01-04,20900.0,-2.1531100478468845,3,STOP,0.5697432338653713,0.2866065232477446,-0.3816793893129771,IPARK현대산업개발
294870,2026-02-15,23400.0,-7.905982905982912,3,STOP,0.034055727554179564,0.2891640866873065,-0.04953560371517028,IPARK현대산업개발
294870,2026-03-15,22000.0,-7.045454545454543,3,STOP,0.6138392857142857,0.21205357142857142,-1.4397321428571428,IPARK현대산업개발
294870,2026-05-17,23050.0,-4.555314533622557,1,STOP,0.23478260869565218,0.021739130434782608,-0.5826086956521739,IPARK현대산업개발
298020,2026-01-11,229000.0,68.12227074235808,4,TIMEOUT,0.3279742765273312,0.2540192926045016,-1.2540192926045015,효성티앤씨
298020,2026-03-01,425500.0,-23.14923619271445,1,STOP,1.4027777777777777,1.1271367521367521,-0.4829059829059829,효성티앤씨
298020,2026-04-12,464000.0,5.280172413793105,4,TIMEOUT,0.02885345482156416,0.3234624145785877,-0.05770690964312832,효성티앤씨
298020,2026-05-10,488500.0,-13.40839303991812,2,STOP,0.898861352980576,0.41995981245813796,-0.23576691225720026,효성티앤씨
298040,2025-09-28,1328000.0,43.29819277108433,4,TIMEOUT,0.5298969072164949,0.8742268041237113,-0.07422680412371134,효성중공업
298040,2025-10-19,1580000.0,34.493670886075954,4,TIMEOUT,0.6572871572871573,0.7258297258297258,-0.1471861471861472,효성중공업
298040,2025-11-23,1910000.0,-3.141361256544506,4,STOP,1.2584410170904543,0.9612338474364318,-0.7303042934556065,효성중공업
298040,2026-02-01,2603000.0,8.451786400307348,4,TIMEOUT,0.6290057518488086,0.4354971240755957,-0.010682004930156122,효성중공업
298040,2026-03-08,2478000.0,3.3091202582727908,4,STOP,0.44108233924934537,0.6881000872854234,-0.8315391329647949,효성중공업
298040,2026-04-12,2940000.0,49.59183673469387,4,TIMEOUT,0.23985239852398524,0.21968019680196801,-0.27995079950799506,효성중공업
298040,2026-05-24,4007000.0,-15.647616670826059,2,STOP,1.1398533950617284,0.8568672839506173,-0.8796296296296297,효성중공업
298050,2025-12-07,198900.0,-4.977375565610864,2,STOP,0.4121813031161473,0.17563739376770537,-0.38243626062322944,HS효성첨단소재
298050,2026-05-17,245000.0,-7.14285714285714,1,STOP,0.5229253505115574,0.20651762031072377,-0.7692307692307693,HS효성첨단소재
298690,2026-03-01,1862.0,-5.907626208378092,1,STOP,0.5884270578647111,0.4180929095354519,-0.47432762836185854,에어부산
298690,2026-03-22,1879.0,-2.3416711016498115,2,STOP,0.03303964757709251,0.12555066079295088,-0.6284875183553591,에어부산
298690,2026-04-12,2195.0,-7.061503416856496,4,TIMEOUT,0.04817179338363293,0.304120719674986,-0.6372605919907136,에어부산
298690,2026-04-26,2090.0,-7.6076555023923405,4,STOP,0.4528083381586569,0.40011580775911937,-0.04053271569195136,에어부산
300720,2025-09-21,19960.0,-3.857715430861719,1,STOP,0.031055900621118012,0.306832298136646,-0.07329192546583851,한일시멘트
302440,2025-09-07,50100.0,-6.586826347305386,3,STOP,0.09193548387096774,0.056451612903225805,-0.45161290322580644,SK바이오사이언스
302440,2025-11-23,52400.0,-2.6717557251908386,4,STOP,0.5793357933579336,0.2742927429274293,-0.18450184501845018,SK바이오사이언스
306200,2026-03-08,125700.0,2.7844073190135266,3,STOP,0.5539033457249071,0.34107806691449816,-1.1858736059479553,세아제강
306200,2026-04-05,147600.0,20.189701897018963,4,TIMEOUT,0.28264984227129336,0.4637223974763407,-0.8996845425867508,세아제강
306200,2026-05-17,161500.0,-11.950464396284833,2,STOP,0.46217264791464596,0.550921435499515,-0.5315227934044617,세아제강
307950,2025-11-23,186100.0,63.890381515314346,4,TIMEOUT,0.6773715415019763,0.20059288537549408,-0.10474308300395258,현대오토에버
307950,2026-01-04,331500.0,39.2156862745098,4,TIMEOUT,1.216864767885176,1.0401435299394484,-0.3543395380130074,현대오토에버
307950,2026-02-01,461500.0,8.559046587215601,4,TIMEOUT,1.1282051282051282,1.1498267498267498,-0.3076923076923077,현대오토에버
307950,2026-05-10,592000.0,41.2162162162162,4,TIMEOUT,0.33879093198992444,0.1265743073047859,-0.27204030226700254,현대오토에버
307950,2026-05-24,631000.0,18.22503961965134,4,TIMEOUT,0.8424807903402854,0.6514818880351262,-0.41931942919868276,현대오토에버
316140,2025-09-14,25650.0,-1.1695906432748537,4,STOP,0.0029069767441860465,0.46511627906976744,-0.7383720930232558,우리금융지주
316140,2025-10-05,26050.0,-2.6871401151631447,1,STOP,0.38345864661654133,0.21428571428571427,-0.12030075187969924,우리금융지주
316140,2025-10-26,25500.0,-0.39215686274509665,1,STOP,0.1598360655737705,0.1598360655737705,-0.48360655737704916,우리금융지주
316140,2025-11-30,26550.0,6.591337099811678,4,TIMEOUT,0.1553784860557769,0.199203187250996,-0.3426294820717131,우리금융지주
316140,2025-12-21,27750.0,0.540540540540535,4,TIMEOUT,0.5257731958762887,0.4329896907216495,-0.08934707903780069,우리금융지주
316140,2026-01-04,28050.0,7.843137254901955,4,TIMEOUT,0.7216117216117216,0.5787545787545788,-0.40293040293040294,우리금융지주
316140,2026-03-08,33050.0,-2.571860816944027,1,STOP,1.1956181533646322,0.8184663536776213,-1.5649452269170578,우리금융지주
316140,2026-03-22,33900.0,-0.8849557522123908,1,STOP,0.45663956639566394,0.42005420054200543,-0.9728997289972899,우리금융지주
317400,2026-03-01,4550.0,-3.8461538461538436,1,STOP,0.5246995994659546,0.2923898531375167,-0.678237650200267,자이에스앤디
317400,2026-03-15,4455.0,-5.274971941638606,2,STOP,0.4752714113389626,0.027744270205066344,-1.220747889022919,자이에스앤디
317400,2026-05-10,4565.0,-4.381161007667034,1,STOP,0.3904982618771727,0.05214368482039398,-0.5677867902665121,자이에스앤디
322000,2025-09-28,47800.0,10.251046025104603,4,TIMEOUT,0.302367941712204,0.3005464480874317,-0.16393442622950818,HD현대에너지솔루션
322000,2025-10-19,47700.0,14.675052410901458,4,TIMEOUT,0.2964554242749731,0.06659505907626208,-0.8657357679914071,HD현대에너지솔루션
322000,2025-11-23,51500.0,20.97087378640776,4,TIMEOUT,0.45538243626062325,0.31586402266288954,-0.5892351274787535,HD현대에너지솔루션
322000,2026-02-08,84200.0,39.07363420427554,4,TIMEOUT,0.1748971193415638,0.33539094650205764,-1.0823045267489713,HD현대에너지솔루션
322000,2026-03-01,104000.0,18.461538461538463,4,TIMEOUT,0.9901140684410646,0.7346007604562738,-0.3041825095057034,HD현대에너지솔루션
322000,2026-04-05,191100.0,20.879120879120872,4,TIMEOUT,0.8779477374123645,0.8875079668578713,-0.5003186743148502,HD현대에너지솔루션
322000,2026-04-19,160400.0,42.14463840399003,4,TIMEOUT,0.8151130380922886,1.0114586559306287,-0.006813254877671105,HD현대에너지솔루션
322000,2026-05-17,228000.0,-23.33333333333333,2,STOP,0.622680412371134,0.7990836197021765,-0.3097365406643757,HD현대에너지솔루션
323410,2026-03-22,25100.0,-1.7928286852589626,1,STOP,0.2591973244147157,0.26588628762541805,-0.7959866220735786,카카오뱅크
326030,2025-09-07,109200.0,-7.051282051282048,3,STOP,0.20273348519362186,0.36674259681093396,-0.4988610478359909,SK바이오팜
326030,2025-10-05,104000.0,-0.09615384615384581,1,STOP,0.5426621160409556,0.17178612059158135,-0.8350398179749715,SK바이오팜
326030,2025-12-14,133200.0,-6.081081081081086,2,STOP,1.170275590551181,0.8661417322834646,-0.13385826771653545,SK바이오팜
329180,2025-09-14,510000.0,0.9803921568627416,4,TIMEOUT,0.7518972562755399,0.7145359019264448,-0.3175715119673088,HD현대중공업
329180,2025-10-19,509000.0,2.357563850687616,3,STOP,0.08385481852315395,0.4117647058823529,-0.4455569461827284,HD현대중공업
329180,2025-11-16,586000.0,-8.703071672354945,2,STOP,0.4526578073089701,0.31727574750830567,-0.8471760797342193,HD현대중공업
329180,2025-12-14,573000.0,-9.075043630017454,1,STOP,0.06596701649175413,0.19415292353823088,-0.638680659670165,HD현대중공업
329180,2026-02-01,575000.0,-6.260869565217386,1,STOP,0.47593097184377836,0.29427792915531337,-0.29791099000908267,HD현대중공업
329180,2026-02-22,602000.0,-7.973421926910296,2,STOP,0.20257510729613734,0.07210300429184549,-0.22660944206008585,HD현대중공업
329180,2026-05-24,680000.0,5.000000000000004,4,TIMEOUT,1.1097804391217565,0.33399866932801064,-1.0911510312707917,HD현대중공업
330590,2025-09-07,3950.0,-1.6455696202531622,4,STOP,0.14873417721518986,0.21835443037974683,-0.4873417721518987,롯데리츠
330590,2025-09-28,3910.0,-0.6393861892583175,1,STOP,0.3076923076923077,0.2724358974358974,-0.5384615384615384,롯데리츠
330590,2025-12-07,4150.0,-3.6144578313253017,4,TIMEOUT,0.5043478260869565,0.16956521739130434,-0.06086956521739131,롯데리츠
330590,2026-02-08,4430.0,0.11286681715576563,4,TIMEOUT,0.6136363636363636,0.6420454545454546,-0.13068181818181818,롯데리츠
330590,2026-03-01,4850.0,-4.32989690721649,4,TIMEOUT,1.1843434343434343,0.9116161616161617,-0.8080808080808081,롯데리츠
334890,2025-11-30,4430.0,-4.514672686230248,1,STOP,0.2534435261707989,0.3939393939393939,-0.13774104683195593,이지스밸류플러스리츠
334890,2026-04-26,4400.0,-4.886363636363633,1,STOP,0.14029850746268657,0.18208955223880596,-0.2208955223880597,이지스밸류플러스리츠
336260,2025-09-07,25050.0,22.554890219560875,4,TIMEOUT,0.44414535666218036,0.4158815612382234,-0.48183041722745623,두산퓨얼셀
336260,2025-09-28,30200.0,3.6423841059602724,4,TIMEOUT,0.5890257558790594,0.6091825307950728,-0.1769316909294513,두산퓨얼셀
336260,2025-11-16,34050.0,-11.747430249632895,1,STOP,0.311092577147623,0.5512927439532944,-0.2785654712260217,두산퓨얼셀
336260,2026-03-01,39800.0,-4.145728643216085,4,STOP,0.42524916943521596,0.3289036544850498,-0.09523809523809523,두산퓨얼셀
336260,2026-04-19,46050.0,96.74267100977198,4,TIMEOUT,0.031586021505376344,0.17943548387096775,-0.6908602150537635,두산퓨얼셀
336260,2026-05-24,98200.0,-20.87576374745418,4,TIMEOUT,1.2680095595766474,1.0167292591328099,-0.2922499146466371,두산퓨얼셀
33626K,2025-09-07,6800.0,-1.4705882352941124,4,STOP,0.5630914826498423,0.49369085173501576,-0.6593059936908517,두산퓨얼셀1우
33626K,2025-09-28,6820.0,-1.7595307917888547,1,STOP,0.6806201550387597,0.5984496124031008,-0.5519379844961241,두산퓨얼셀1우
33626K,2025-10-12,6990.0,17.45350500715308,4,TIMEOUT,0.3545878693623639,0.42923794712286156,-0.5505443234836703,두산퓨얼셀1우
33626K,2025-11-30,7590.0,1.3175230566534912,2,STOP,0.4697720515361744,0.1635282457879088,-0.7532210109018831,두산퓨얼셀1우
33626K,2026-03-22,7530.0,-3.7184594953519223,1,STOP,0.3096707818930041,0.3487654320987654,-0.5185185185185185,두산퓨얼셀1우
33626K,2026-05-24,11850.0,-26.329113924050628,2,STOP,0.9569067296340024,0.6528925619834711,-0.6977567886658795,두산퓨얼셀1우
336370,2025-11-16,10470.0,-18.433619866284623,2,STOP,0.6313948404022737,0.3690424136423262,-0.9584608657630083,솔루스첨단소재
336370,2026-03-22,8670.0,23.760092272202993,4,TIMEOUT,0.36443148688046645,0.37123420796890183,-0.5928085519922255,솔루스첨단소재
336370,2026-04-26,16030.0,-28.50904553961322,4,TIMEOUT,0.691031941031941,0.7094594594594594,-0.128992628992629,솔루스첨단소재
336370,2026-05-17,12100.0,-9.008264462809922,3,STOP,1.000507872016252,0.590655154900965,-0.9537836465210767,솔루스첨단소재
338100,2025-10-19,4790.0,-1.3569937369519836,2,STOP,0.75,0.5737704918032787,-1.1147540983606556,NH프라임리츠
338100,2025-11-09,4880.0,-7.991803278688526,3,STOP,0.3192307692307692,0.4307692307692308,-1.0538461538461539,NH프라임리츠
338100,2025-11-23,4885.0,-8.085977482088024,1,STOP,0.08754208754208755,0.5488215488215489,-1.4612794612794613,NH프라임리츠
338100,2026-03-29,4600.0,5.978260869565211,4,TIMEOUT,0.6140939597315436,0.44966442953020136,-0.6644295302013423,NH프라임리츠
338100,2026-05-03,4770.0,-2.3060796645702264,1,STOP,0.3532934131736527,0.5149700598802395,-0.5209580838323353,NH프라임리츠
339770,2026-03-01,4505.0,-6.215316315205333,1,STOP,0.4838095238095238,0.23238095238095238,-0.3314285714285714,교촌에프앤비
344820,2026-02-15,29600.0,-10.135135135135132,3,STOP,0.4066390041493776,0.15767634854771784,-0.3651452282157676,KCC글라스
348950,2025-09-28,2940.0,0.8503401360544283,4,TIMEOUT,1.2614840989399294,0.8162544169611308,-0.45936395759717313,제이알글로벌리츠
352820,2025-11-02,341000.0,-12.17008797653959,4,TIMEOUT,0.05128205128205128,0.1794871794871795,-0.14918414918414918,하이브
352820,2025-11-16,297500.0,-2.5210084033613467,3,STOP,0.4407114624505929,0.3201581027667984,-0.7233201581027668,하이브
352820,2025-12-14,299500.0,10.517529215358934,4,TIMEOUT,0.007155635062611807,0.22719141323792486,-0.3828264758497317,하이브
352820,2026-01-04,346000.0,8.092485549132956,4,TIMEOUT,0.08832807570977919,0.45425867507886436,-0.08517350157728706,하이브
352820,2026-02-08,355500.0,-0.7032348804500654,4,STOP,0.7225042301184433,0.7461928934010152,-0.3011844331641286,하이브
353200,2025-10-05,30700.0,23.615635179153106,4,TIMEOUT,0.6472727272727272,0.9545454545454546,-0.14909090909090908,대덕전자
353200,2025-10-26,35150.0,34.70839260312943,4,TIMEOUT,1.0026990553306343,0.9001349527665317,-0.42645074224021595,대덕전자
353200,2025-12-07,48200.0,-0.5186721991701226,4,TIMEOUT,0.9323420074349442,0.9672862453531599,-0.2661710037174721,대덕전자
353200,2026-02-01,63300.0,-1.1058451816745696,4,TIMEOUT,0.2568345323741007,0.4143884892086331,-0.3107913669064748,대덕전자
353200,2026-02-15,57500.0,10.086956521739122,4,TIMEOUT,0.6993243243243243,0.4722972972972973,-0.05405405405405406,대덕전자
353200,2026-03-01,62600.0,36.42172523961662,4,TIMEOUT,0.7834595959595959,0.4595959595959596,-0.3333333333333333,대덕전자
353200,2026-04-05,81200.0,38.91625615763547,4,TIMEOUT,0.6014520443255637,0.8032097821933512,-0.04432556362246848,대덕전자
353200,2026-05-17,142900.0,15.605318404478652,4,TIMEOUT,0.9882978723404255,1.0170212765957447,-0.6053191489361702,대덕전자
35320K,2025-12-07,14990.0,-1.6010673782521634,4,TIMEOUT,0.9850230414746544,1.0593317972350231,-0.07949308755760369,대덕전자1우
35320K,2026-02-01,17300.0,2.3121387283236983,4,TIMEOUT,0.011075949367088608,0.314873417721519,-0.08016877637130802,대덕전자1우
35320K,2026-03-01,17700.0,7.4011299435028155,4,TIMEOUT,0.6061068702290077,0.3150127226463104,-0.19134860050890584,대덕전자1우
35320K,2026-04-05,18320.0,37.82751091703056,4,TIMEOUT,0.20652576937337783,0.5164998146088247,-0.4968483500185391,대덕전자1우
35320K,2026-05-24,40600.0,-11.083743842364536,4,TIMEOUT,1.229281767955801,1.1531422651933703,-0.22617403314917128,대덕전자1우
357120,2025-11-30,4430.0,-1.241534988713322,2,STOP,0.26556016597510373,0.3070539419087137,-0.23236514522821577,코람코라이프인프라리츠
357120,2026-03-01,4585.0,-0.5452562704471142,4,STOP,0.6832579185520362,0.5158371040723982,-0.35294117647058826,코람코라이프인프라리츠
357120,2026-04-12,4650.0,-2.580645161290318,4,STOP,0.09063444108761329,0.2054380664652568,-0.6646525679758308,코람코라이프인프라리츠
361610,2025-11-16,31450.0,-9.69793322734499,1,STOP,0.6839546191247974,0.23176661264181522,-0.9692058346839546,SK아이이테크놀로지
365550,2025-09-28,4475.0,-0.3351955307262622,3,STOP,0.6420118343195266,0.47041420118343197,-0.5680473372781065,ESR켄달스퀘어리츠
365550,2026-04-12,4650.0,-4.946236559139782,4,STOP,0.09018036072144289,0.10020040080160321,-0.02404809619238477,ESR켄달스퀘어리츠
372910,2025-12-28,2990.0,-5.351170568561869,3,STOP,0.7223168654173765,0.3543441226575809,-0.11243611584327087,한컴라이프케어
372910,2026-01-25,2935.0,-4.258943781942081,2,STOP,0.07290015847860538,0.3438985736925515,-0.45641838351822506,한컴라이프케어
373220,2025-10-19,434000.0,6.682027649769595,4,TIMEOUT,0.2237960339943343,0.21954674220963172,-0.7280453257790368,LG에너지솔루션
373220,2025-11-16,463000.0,-11.879049676025922,2,STOP,1.1287128712871286,0.7414741474147415,-0.16721672167216722,LG에너지솔루션
373220,2026-04-19,418000.0,11.483253588516739,4,TIMEOUT,0.07905686546463246,0.09292649098474341,-0.019417475728155338,LG에너지솔루션
373220,2026-05-17,466000.0,-14.48497854077253,1,STOP,0.9227748691099477,0.5157068062827225,-0.9267015706806283,LG에너지솔루션
373220,2026-05-31,458000.0,-9.606986899563319,1,STOP,0.318974358974359,0.4112820512820513,-1.4133333333333333,LG에너지솔루션
375500,2026-02-01,44400.0,15.09009009009008,4,TIMEOUT,0.13584288052373159,0.42225859247135844,-0.009819967266775777,DL이앤씨
375500,2026-03-08,45800.0,63.755458515283834,4,TIMEOUT,0.6228448275862069,0.43426724137931033,-1.6077586206896552,DL이앤씨
375500,2026-04-05,75000.0,32.00000000000001,4,TIMEOUT,0.6054554310764735,0.7705796395518753,-0.16658548465660009,DL이앤씨
375500,2026-05-10,95400.0,-13.83647798742138,2,STOP,1.14058106841612,0.886910340518588,-0.5323336457357076,DL이앤씨
37550K,2026-03-08,23950.0,27.55741127348643,4,TIMEOUT,0.7261306532663316,0.3492462311557789,-1.6582914572864322,DL이앤씨우
37550K,2026-05-03,30700.0,-12.052117263843654,2,STOP,0.5946902654867257,0.49793510324483775,-0.36342182890855457,DL이앤씨우
377190,2025-10-05,3400.0,1.17647058823529,4,TIMEOUT,0.6071428571428571,0.4955357142857143,-0.9910714285714286,디앤디플랫폼리츠
377190,2025-12-14,3580.0,-4.60893854748603,1,STOP,0.5673469387755102,0.5673469387755102,-0.8489795918367347,디앤디플랫폼리츠
377300,2026-02-15,62500.0,-6.879999999999997,4,STOP,0.8510362694300518,0.5634715025906736,-0.29015544041450775,카카오페이
377300,2026-03-22,64300.0,-16.796267496111973,1,STOP,0.10526315789473684,0.337406015037594,-0.6372180451127819,카카오페이
377740,2025-09-07,5670.0,2.2927689594356204,4,TIMEOUT,0.72265625,0.703125,-0.21875,바이오노트
377740,2025-09-28,5840.0,-3.424657534246578,3,STOP,0.7781065088757396,0.7633136094674556,-0.5680473372781065,바이오노트
378850,2026-02-08,3545.0,0.9873060648801113,4,TIMEOUT,0.18095238095238095,0.4704761904761905,-0.1180952380952381,화승알앤에이
378850,2026-02-22,3685.0,1.3568521031207537,4,TIMEOUT,0.5322283609576427,0.3001841620626151,-0.03683241252302026,화승알앤에이
381970,2025-09-21,15990.0,-4.252657911194502,2,STOP,0.20320855614973263,0.22058823529411764,-0.12834224598930483,케이카
381970,2025-12-14,16770.0,-7.274895646988666,3,STOP,0.6816816816816816,0.35135135135135137,-0.27927927927927926,케이카
383220,2025-12-07,72600.0,-8.677685950413228,4,STOP,0.6666666666666666,0.34505862646566166,-0.17420435510887772,F&F
383220,2026-05-24,78000.0,4.743589743589749,4,TIMEOUT,0.8040638606676342,0.6981132075471698,-0.10449927431059507,F&F
383800,2025-12-07,8220.0,-1.9464720194647178,2,STOP,0.04926108374384237,0.019704433497536946,-0.37438423645320196,LX홀딩스
383800,2026-02-15,9050.0,-8.83977900552486,3,STOP,0.5951742627345844,0.5764075067024129,-0.021447721179624665,LX홀딩스
383800,2026-03-22,8760.0,-5.136986301369861,1,STOP,0.17546583850931677,0.19875776397515527,-1.015527950310559,LX홀딩스
383800,2026-05-10,9000.0,-4.222222222222227,3,STOP,0.4028776978417266,0.01870503597122302,-0.031654676258992806,LX홀딩스
395400,2025-09-07,5090.0,-0.9823182711198419,4,TIMEOUT,0.46264367816091956,0.6724137931034483,-0.011494252873563218,SK리츠
395400,2025-09-28,5080.0,3.740157480314954,4,TIMEOUT,0.5589041095890411,0.5506849315068493,-0.5424657534246575,SK리츠
395400,2025-11-09,5350.0,3.738317757009346,4,TIMEOUT,0.33727810650887574,0.6775147928994083,-0.2958579881656805,SK리츠
395400,2025-12-28,5760.0,-3.993055555555558,4,STOP,0.6186440677966102,0.826271186440678,-0.4152542372881356,SK리츠
395400,2026-03-15,5980.0,7.859531772575257,4,TIMEOUT,0.18882978723404256,0.06914893617021277,-0.824468085106383,SK리츠
395400,2026-04-05,6430.0,5.132192846034211,4,TIMEOUT,0.6790123456790124,0.5679012345679012,-0.10864197530864197,SK리츠
400760,2025-11-02,3395.0,4.565537555228283,4,TIMEOUT,0.6684210526315789,0.631578947368421,-0.3263157894736842,NH올원리츠
400760,2025-12-21,3540.0,-4.6610169491525415,2,STOP,0.9868421052631579,0.6776315789473685,-0.868421052631579,NH올원리츠
402340,2025-09-14,197300.0,25.19006588950836,4,TIMEOUT,0.05474635861376193,0.02059266700150678,-0.21094927172275238,SK스퀘어
402340,2025-10-05,238000.0,9.243697478991585,4,TIMEOUT,1.2347972972972974,0.6853885135135135,-0.19763513513513514,SK스퀘어
402340,2025-10-19,257500.0,13.009708737864067,4,TIMEOUT,1.4173258003766478,1.1672316384180792,-0.051224105461393596,SK스퀘어
402340,2025-11-02,260000.0,14.615384615384608,4,TIMEOUT,1.1288916562889166,1.1528642590286426,-0.099626400996264,SK스퀘어
402340,2025-11-23,266000.0,9.210526315789469,4,TIMEOUT,0.5559330893883951,0.8805541035023523,-0.25875588081547307,SK스퀘어
402340,2025-12-21,290500.0,53.700516351118765,4,TIMEOUT,0.2714468629961588,0.5638924455825864,-0.4967989756722151,SK스퀘어
402340,2026-02-01,570000.0,13.157894736842103,4,TIMEOUT,1.3929564411492121,1.160333642261353,-0.40593141797961074,SK스퀘어
402340,2026-03-01,645000.0,-15.658914728682172,4,STOP,1.1329639889196677,1.2222991689750693,-0.13019390581717452,SK스퀘어
402340,2026-04-19,682000.0,71.11436950146629,4,TIMEOUT,0.01411764705882353,0.1915294117647059,-0.30117647058823527,SK스퀘어
402340,2026-05-24,1185000.0,19.240506329113916,4,TIMEOUT,1.433086751849361,1.1553463349024882,-0.13584398117014124,SK스퀘어
404990,2025-12-14,3575.0,1.3986013986013957,4,TIMEOUT,0.7399103139013453,0.5695067264573991,-0.5560538116591929,신한서부티엔디리츠
404990,2026-02-08,3875.0,10.967741935483865,4,TIMEOUT,0.3224932249322493,0.37669376693766937,-1.1869918699186992,신한서부티엔디리츠
404990,2026-03-08,4300.0,-3.2558139534883734,4,STOP,1.0847058823529412,0.9576470588235294,-0.45176470588235296,신한서부티엔디리츠
404990,2026-03-29,4450.0,-6.516853932584265,1,STOP,0.9696969696969697,0.9959595959595959,-0.4727272727272727,신한서부티엔디리츠
404990,2026-04-19,4430.0,-10.609480812641081,4,STOP,0.08712871287128712,0.5346534653465347,-0.7485148514851485,신한서부티엔디리츠
404990,2026-05-10,4535.0,-12.679162072767369,1,STOP,0.20059880239520958,0.38622754491017963,-1.1317365269461077,신한서부티엔디리츠
415640,2025-09-21,8790.0,6.3708759954493654,4,TIMEOUT,0.7031700288184438,0.6484149855907781,-0.7838616714697406,KB발해인프라
415640,2025-10-26,9450.0,3.3862433862433816,4,TIMEOUT,0.6272727272727273,0.9454545454545454,-0.01818181818181818,KB발해인프라
415640,2025-11-23,9770.0,1.9447287615148356,4,TIMEOUT,1.0131004366812226,0.7751091703056768,-0.7248908296943232,KB발해인프라
415640,2026-02-08,9990.0,-0.10010010010009784,4,STOP,0.0598669623059867,0.04878048780487805,-0.164079822616408,KB발해인프라
415640,2026-03-15,10030.0,-0.6979062811565351,1,STOP,0.047752808988764044,0.011235955056179775,-0.7247191011235955,KB발해인프라
417310,2025-09-07,5700.0,14.210526315789473,4,TIMEOUT,0.6094420600858369,0.6351931330472103,-0.24892703862660945,코람코더원리츠
417310,2025-10-05,6510.0,8.909370199692779,4,TIMEOUT,0.9452054794520548,0.8958904109589041,-0.0547945205479452,코람코더원리츠
417310,2025-10-19,6750.0,0.0,4,TIMEOUT,0.9090909090909091,0.9138755980861244,-0.3253588516746411,코람코더원리츠
417310,2026-01-18,8710.0,2.870264064293915,4,TIMEOUT,1.1182978723404255,0.9872340425531915,-0.1974468085106383,코람코더원리츠
417310,2026-05-10,10190.0,-3.9254170755642748,3,STOP,0.5379537953795379,0.665016501650165,-0.10891089108910891,코람코더원리츠
432320,2025-10-26,3990.0,-1.6290726817042578,2,STOP,0.48947368421052634,0.6,-0.5368421052631579,KB스타리츠
439260,2026-03-22,91200.0,-3.7280701754385914,3,STOP,1.1442125237191652,0.881404174573055,-0.4250474383301708,대한조선
443060,2025-09-21,210000.0,-3.0952380952380953,1,STOP,0.4205890448665015,0.3605835397742912,-0.11505642719515552,HD현대마린솔루션
443060,2025-10-05,225000.0,6.8888888888889,4,TIMEOUT,0.4094655676681734,0.3956394575910662,-0.7285296463706461,HD현대마린솔루션
443060,2025-10-26,241000.0,-8.713692946058094,2,STOP,0.38310862375985755,0.5021622996692954,-0.07122869498855253,HD현대마린솔루션
443060,2026-04-26,253500.0,-3.15581854043393,4,TIMEOUT,0.46045694200351495,0.4837434094903339,-0.36203866432337434,HD현대마린솔루션
443060,2026-05-17,214000.0,15.654205607476634,4,TIMEOUT,0.8206106870229007,0.6024173027989822,-0.6202290076335878,HD현대마린솔루션
448730,2025-11-09,4500.0,5.333333333333323,4,TIMEOUT,0.6136363636363636,0.65,-0.4909090909090909,삼성FN리츠
448730,2025-12-14,4595.0,5.331882480957573,4,TIMEOUT,0.4642857142857143,0.6626984126984127,-0.6825396825396826,삼성FN리츠
448730,2026-02-08,5020.0,4.581673306772904,4,TIMEOUT,0.5225,0.555,-0.585,삼성FN리츠
448730,2026-03-01,5540.0,0.18050541516245744,4,TIMEOUT,0.8468468468468469,0.8716216216216216,-0.2882882882882883,삼성FN리츠
448730,2026-05-03,6210.0,-8.856682769726243,2,STOP,0.6178390137781,0.6831036983321247,-0.4757070340826686,삼성FN리츠
450080,2025-10-19,65800.0,-4.4072948328267465,4,TIMEOUT,0.03427592116538132,0.12339331619537275,-1.1859468723221938,에코프로머티
450080,2025-11-09,60500.0,-7.768595041322312,2,STOP,0.8096987509184423,0.4893460690668626,-0.15576781778104334,에코프로머티
450080,2025-11-30,58000.0,-5.1724137931034475,3,STOP,0.2836795252225519,0.29673590504451036,-0.8712166172106824,에코프로머티
450080,2026-03-08,70800.0,-10.310734463276837,1,STOP,0.5490196078431373,0.38080495356037153,-1.3003095975232197,에코프로머티
450080,2026-03-29,73400.0,12.94277929155314,4,TIMEOUT,0.15789473684210525,0.39981532779316714,-0.7774699907663897,에코프로머티
450080,2026-04-19,73700.0,-4.884667571234735,4,STOP,0.1313340227507756,0.24405377456049637,-0.014477766287487074,에코프로머티
450080,2026-05-10,80100.0,-12.484394506866414,1,STOP,0.49334600760456276,0.3669201520912547,-0.049429657794676805,에코프로머티
451800,2025-09-28,4020.0,-0.12437810945273853,4,TIMEOUT,0.08646616541353383,0.03383458646616541,-0.13533834586466165,한화리츠
451800,2025-12-14,4160.0,3.4855769230769162,4,TIMEOUT,0.4630541871921182,0.30049261083743845,-0.10837438423645321,한화리츠
451800,2026-02-01,4595.0,11.42546245919478,4,TIMEOUT,0.6926546391752578,0.8311855670103093,-0.7087628865979382,한화리츠
451800,2026-03-08,5090.0,3.5363457760314354,4,TIMEOUT,0.9485583224115335,0.8830275229357798,-1.2254259501965925,한화리츠
451800,2026-05-03,5970.0,-7.37018425460636,2,STOP,0.7017543859649122,0.752539242843952,-0.4616805170821791,한화리츠
452260,2026-01-11,1260.0,69.84126984126983,4,TIMEOUT,0.6993689041881818,0.41308089500860584,-0.4543889845094667,한화갤러리아
452260,2026-02-08,2140.0,35.51401869158879,4,TIMEOUT,0.6527324188983235,0.5795776181145221,-0.23905943827563672,한화갤러리아
452260,2026-03-08,2900.0,-14.137931034482754,3,STOP,0.7735641227380015,0.7850511408339891,-0.1919748229740362,한화갤러리아
452260,2026-05-17,3550.0,-26.76056338028169,3,STOP,0.5072604065827686,0.10842207163601161,-0.6892545982575025,한화갤러리아
45226K,2026-03-01,9920.0,-16.129032258064512,1,STOP,0.18554668244109238,0.4256137237503697,-0.013408261855466824,한화갤러리아우
453340,2025-12-28,16060.0,-4.109589041095896,1,STOP,0.0282021151586369,0.2784958871915394,-0.01880141010575793,현대그린푸드
453340,2026-03-29,16080.0,-3.917910447761197,1,STOP,0.10878112712975098,0.2857142857142857,-0.35910878112712974,현대그린푸드
453340,2026-04-26,16380.0,12.88156288156288,4,TIMEOUT,0.06782106782106782,0.23953823953823955,-0.017316017316017316,현대그린푸드
453340,2026-05-24,18490.0,-9.572742022714987,1,STOP,0.837979094076655,0.7674216027874564,-0.3588850174216028,현대그린푸드
454910,2025-09-07,61500.0,10.569105691056912,4,TIMEOUT,0.07956989247311828,0.32688172043010755,-0.32688172043010755,두산로보틱스
454910,2025-10-05,68000.0,14.705882352941169,4,TIMEOUT,0.4036885245901639,0.33811475409836067,-0.29918032786885246,두산로보틱스
454910,2025-11-02,78000.0,-8.974358974358976,3,STOP,0.6544,0.6048,-0.3264,두산로보틱스
454910,2025-11-30,77500.0,-0.2580645161290307,4,STOP,0.3503893214682981,0.389321468298109,-0.796440489432703,두산로보틱스
454910,2025-12-21,79400.0,-2.6448362720403074,1,STOP,0.1485148514851485,0.3891089108910891,-0.201980198019802,두산로보틱스
454910,2026-01-04,80300.0,42.09215442092153,4,TIMEOUT,0.2074898785425101,0.22064777327935223,-0.2793522267206478,두산로보틱스
454910,2026-02-08,101700.0,-10.422812192723697,4,STOP,0.702200825309491,0.7132049518569463,-0.19119669876203577,두산로보틱스
456040,2025-11-02,59100.0,-1.5228426395939132,3,STOP,0.44881889763779526,0.2152230971128609,-0.12598425196850394,OCI
456040,2025-11-30,59600.0,1.342281879194629,4,TIMEOUT,0.12421052631578948,0.19789473684210526,-0.40842105263157896,OCI
456040,2026-01-18,72800.0,18.818681318681318,4,TIMEOUT,0.12280701754385964,0.1286549707602339,-1.2943469785575048,OCI
456040,2026-02-08,74800.0,11.363636363636353,4,TIMEOUT,0.718801996672213,0.6472545757071547,-0.18635607321131448,OCI
456040,2026-03-08,83300.0,15.36614645858343,4,TIMEOUT,0.9429175475687104,0.7875264270613108,-1.251585623678647,OCI
456040,2026-05-17,135200.0,-16.05029585798816,3,STOP,1.0056497175141244,0.8376990241397021,-0.1694915254237288,OCI
457190,2025-09-14,45650.0,5.147864184008766,4,TIMEOUT,0.12927350427350429,0.14743589743589744,-0.49572649572649574,이수스페셜티케미컬
457190,2025-10-12,48000.0,9.375,4,TIMEOUT,0.006968641114982578,0.23925667828106853,-0.03484320557491289,이수스페셜티케미컬
457190,2025-11-09,52500.0,-7.428571428571429,2,STOP,0.7458715596330275,0.5064220183486239,-0.5357798165137615,이수스페셜티케미컬
457190,2025-11-30,52000.0,-0.9615384615384581,1,STOP,0.0554675118858954,0.2654516640253566,-0.6148969889064976,이수스페셜티케미컬
457190,2025-12-28,56800.0,70.07042253521128,4,TIMEOUT,0.12586532410320955,0.3077407174323474,-0.09062303335431089,이수스페셜티케미컬
457190,2026-02-22,98100.0,-5.300713557594294,3,STOP,1.4977391304347827,0.9140869565217391,-0.32417391304347826,이수스페셜티케미컬
457190,2026-05-10,115000.0,-10.869565217391308,2,STOP,0.5502612972640639,0.27728250845373503,-0.006148170919151552,이수스페셜티케미컬
460850,2026-03-08,5670.0,-6.701940035273369,4,STOP,0.6032953105196451,0.2889733840304182,-1.0342205323193916,동국씨엠
460850,2026-05-17,6240.0,-9.455128205128204,2,STOP,0.46016260162601624,0.3105691056910569,-0.41300813008130083,동국씨엠
460860,2026-03-01,10270.0,-9.834469328140216,4,TIMEOUT,0.48227848101265824,0.2582278481012658,-0.32151898734177214,동국제강
460860,2026-04-12,10410.0,39.19308357348703,4,TIMEOUT,0.19341894060995185,0.2712680577849117,-0.3756019261637239,동국제강
460860,2026-05-17,13720.0,-20.189504373177847,2,STOP,1.0707070707070707,0.8882947118241236,-0.17944147355912063,동국제강
465770,2026-04-05,6630.0,-4.072398190045245,1,STOP,0.13565891472868216,0.11692506459948321,-0.541343669250646,STX그린로지스
475150,2026-02-15,28650.0,37.347294938917976,4,TIMEOUT,0.105078125,0.43203125,-0.64375,SK이터닉스
475150,2026-03-08,27300.0,149.8168498168498,4,TIMEOUT,0.8861895959862688,0.5426458938473726,-1.5949300237655135,SK이터닉스
475150,2026-04-12,59000.0,-13.389830508474576,4,STOP,1.1926073263716228,0.9875683739433118,-0.022376926902038786,SK이터닉스
480370,2026-03-01,3310.0,-12.38670694864048,1,STOP,0.7998975147322579,0.4201895977453241,-0.28542147066359236,씨케이솔루션
483650,2026-02-08,169100.0,-11.117681845062089,4,STOP,0.21268882175226586,0.5015105740181269,-0.2525679758308157,달바글로벌
483650,2026-03-01,169500.0,-11.327433628318584,1,STOP,0.7471418964357768,0.49428379287155344,-0.06859448554135844,달바글로벌
483650,2026-05-10,212000.0,-7.075471698113212,3,STOP,1.0749269005847952,0.5994152046783626,-0.3347953216374269,달바글로벌
484870,2025-09-28,207500.0,-13.542168674698797,3,STOP,0.8599439775910365,0.5578231292517006,-0.13365346138455383,엠앤씨솔루션
487570,2025-11-30,62600.0,-3.6741214057507965,4,STOP,0.26875,0.246875,-0.03125,HS효성
489790,2025-09-07,57700.0,-8.145580589254763,3,STOP,0.04234527687296417,0.21742671009771988,-0.8892508143322475,한화비전
489790,2026-02-15,61300.0,25.122349102773246,4,TIMEOUT,1.1367578385590393,0.790527018012008,-0.1601067378252168,한화비전
489790,2026-03-22,87400.0,-16.819221967963383,2,STOP,0.7345099511828764,0.8419076229815997,-0.259857303792715,한화비전
489790,2026-04-19,79300.0,0.8827238335435084,3,STOP,0.15257731958762888,0.2872852233676976,-0.5690721649484536,한화비전
499790,2025-09-07,55700.0,-16.517055655296232,4,STOP,0.6646382691007438,0.6538201487491548,-0.2799188640973631,GS피앤엘
499790,2025-09-21,56200.0,-17.25978647686833,2,STOP,0.6634746922024624,0.6963064295485636,-0.19288645690834474,GS피앤엘
499790,2026-02-08,62000.0,-25.88709677419355,4,STOP,0.3053030303030303,0.24393939393939393,-0.13636363636363635,GS피앤엘
499790,2026-03-01,51300.0,-10.42884990253411,1,STOP,0.9926421404682274,0.47558528428093644,-0.9444816053511705,GS피앤엘
900140,2026-04-12,1641.0,1.0359536867763586,4,TIMEOUT,0.2160714285714283,0.25654761904761986,-0.42857142857142855,엘브이엠씨홀딩스
900140,2026-05-10,1658.0,-5.850422195416161,2,STOP,0.4815756035578142,0.26302414231258,-0.2668360864040661,엘브이엠씨홀딩스
