symbol,score,verdict,s_1m,s_1w,s_1d,m_1w,m_1d,v_1w,acc_w,acc_d,ret_30d,ret_90d,risk_flags,reason,cut,Name,Marcap
010955,57.0,watch,B4,B5,A4,bounce_ma20,pullback_ma10,accumulation_suspect,0.0,0.0,0.004,0.133,,주봉 B5(buy zone)이나 일봉 A4 조정 중으로 TF 충돌. 주봉 MA20 지지 확인 시 진입 고려. 일봉 MA 복귀 확인 필요.,False,S-Oil우,220803792300
034830,55.0,watch,B3,B5,A4,bounce_ma20,pullback_ma10,accumulation_suspect,0.0,0.0,-0.08,0.156,,"월봉 B3(바닥 다지기), 주봉 B5(상승 retest), 일봉 A4(첫 하락) 충돌. 주봉 MA20 지지 여부가 핵심. 거래량 회복 시 pass 가능.",False,한국토지신탁,342122906650
005490,54.0,watch,B4,B5,A4,bounce_ma10,pullback_ma50,accumulation_suspect,0.0,0.0,0.195,0.372,drawdown_deep,"1W B5 신호이나 1D는 MA10·MA20 하향 이탈(A4), drawdown_deep — MA50 지지 확인 후 재평가",False,POSCO홀딩스,35420962569000
006400,54.0,watch,B4,B5,A4,bounce_ma10,breaking,normal,0.0,0.0,0.257,1.058,parabolic,"1W B5 강세 반전 신호(ADX 50, 정배열 전환)이나 1D A4 하락 첫 시도 중, 1M B4 전환 경계. TF 충돌. 1W MA10(546K) 지지와 1D MA50(521K) 지지가 관건. auto_risk ",False,삼성SDI,51897081320000
021240,53.0,watch,A2,B4,B5,bounce_ma20,bounce_ma20,normal,0.0,0.0,0.218,0.064,,"1M A2 vs 1W B4 분리. 1D B5 조건 근접(MA20 지지+정배열). 1W MA50(90,498) 돌파 확인 시 pass 상향 가능.",False,코웨이,6772442668200
002420,52.0,watch,B3,B5,B5,bounce_ma10,pullback_ma10,accumulation_suspect,0.0,0.0,0.214,0.137,"drawdown_deep,accumulation_suspect",1W/1D B5 정합이나 1M은 B3 아직 전환 미확정. 주봉 거래량 폭증+MA 회복은 긍정. 그러나 일봉 역배열 MA 아직 하향 중 — 눌림 확인 후 진입 검토.,False,세기상사,38088268240
021050,51.0,watch,B4,B5,A4,bounce_ma10,pullback_ma20,normal,0.0,0.0,0.171,0.21,drawdown_deep,"주봉 B5(정배열 전환, MA10 지지 중)로 큰 흐름 긍정적이나, 일봉 A4(MA10/20 하향 이탈)로 단기 하락 진행 중. TF간 분리 상태로 일봉 MA50 지지 확인 후 재진입 고려.",False,서원,71686630900
004000,51.0,watch,B4,B5,A4,bounce_ma20,breaking,normal,0.0,0.0,0.075,0.201,drawdown_deep,1W는 B5 buy zone (MA20 닿음) 이나 1D가 A4 하락 국면. TF 충돌로 주봉 MA20 지지 재확인 필요. 1M 장기 사이클상 회복 시도 구간.,False,롯데정밀화학,1390620000000
007590,50.0,watch,B3,B4,B4,bounce_ma10,pullback_ma10,accumulation_suspect,0.0,1.0,0.013,0.008,accumulation_suspect,"월봉 B3 다지기, 주봉/일봉 B4 상승 첫 시도. 일봉 acc_score=1.0 + 주봉 강양봉 holding=true 매집 시그널. MA 군 수렴 돌파 시 pass 전환 가능.",False,동방아그로,81841637770
267290,49.8,watch,B4,B5,A3,riding,pullback_ma20,normal,0.0,0.6,0.011,0.106,"drawdown_deep,accumulation_suspect",1W B5 상승 안정+1D A3 박스 분리. 일봉 MA 수렴 + 매집 신호(accumulation_score 0.6). 돌파 방향 확인 필요.,False,경동도시가스,133825716200
011790,49.0,watch,B3,B5,A4,bounce_ma10,pullback_ma20,normal,0.0,0.0,0.367,0.184,drawdown_deep,"주봉 B5 상승 retest (매력적)이나 일봉 A4 하락 첫 시도로 충돌. 일봉 MA50(110,857) 지지 + 거래량 안정화 확인 시 진입 재검토. drawdown_deep.",False,SKC,5755981296000
000430,49.0,watch,B3,B5,A4,bounce_ma20,pullback_ma50,normal,0.0,0.0,0.043,-0.047,drawdown_deep,"월봉 B3, 주봉 B5(MA20 풀백), 일봉 A4(신고가 후 하락) — TF 충돌. 주봉 B5 구조는 긍정적이나 일봉 신고가 실패+하락 중. MA20 지지 여부 확인 필요.",False,대원강업,281790000000
126720,47.0,watch,B4,B5,A4,pullback_ma20,breaking,accumulation_suspect,0.0,0.0,0.007,0.278,"low_history,accumulation_suspect","1W B5(MA20 retest, buy zone 후보) vs 1D A4(하락 확인). 1M 데이터 부족(46봉, low_history). 주봉 MA20 지지 확인 후 일봉 MA50 회복 시 재평가. 현재는 관망.",False,수산인더스트리,407151000000
019180,47.0,watch,A3,A4,A5,pullback_ma10,pullback_ma20,normal,0.0,0.0,-0.03,-0.136,parabolic,"1M=A3(토핑 횡보), 1W=A4(하락 첫 시도), 1D=A5(MA 아래 재진입). TF 충돌. 1M 기준 페러볼릭 상승 후 조정 국면. 1D 추세 약화로 B1 진입 리스크 — 관망.",False,티에이치엔,174240000000
002170,47.0,watch,B5,B5,A4,pullback_ma50,breaking,normal,0.0,0.0,-0.089,0.04,,월봉·주봉은 B5(상승 retest 확인) 구조이나 일봉은 A4(하락 첫 시도) 충돌. 큰 그림에서 추세 회복 중이나 단기 일봉이 MA3선 전부 하회하는 약세. 주봉 MA50 지지 여부(~56200) 확인 후 진입 ,False,SYTS,167700000000
026960,46.8,watch,B4,B3,B4,riding,bounce_ma10,normal,0.0,0.6,-0.06,-0.023,,월봉 B4 회복 시도이나 주봉은 B3 횡보. 일봉에서 accumulation_score 0.6 + holding=true 단기 긍정 신호 포착. 주봉 역배열 극복 여부가 관건.,False,동서,2507455000000
000815,45.4,watch,A2,A3,A3,pullback_ma10,pullback_ma20,accumulation_suspect,0.6,0.3,0.032,-0.003,"parabolic,accumulation_suspect",월봉 A2 강세 추세(ADX 60) + 주봉·일봉 A3 토핑 횡보 분리. 90일 +109%로 parabolic 기준 근접. 주봉 accumulation_score 0.6 + holding=true는 긍정적이나 일봉 ,False,삼성화재우,1180255350000
003350,45.0,skip,A3,A5,A5,breaking,breaking,distribution_suspect,0.0,0.0,0.031,-0.096,drawdown_deep,1W/1D 모두 A5(하락 retest 확정)로 정합. 반등 시도 후 MA 아래 재이탈이 확인됨. 90일 수익률 -47%의 깊은 하락 추세. 매수 진입 근거 없음.,False,한국화장품제조,213004000000
031430,45.0,watch,B3,B5,A3,bounce_ma10,pullback_ma20,normal,0.0,0.0,0.171,0.263,drawdown_deep,1W B5 정배열 상승 확정이나 1D A3 토핑 후 풀백 진행 중. 큰 그림 상승 추세 유효하나 1D MA10/MA20 복귀 확인 필요.,False,신세계인터내셔날,489804000000
443060,45.0,skip,A3,A4,A4,pullback_ma10,pullback_ma10,normal,0.0,0.0,0.277,0.141,,전 TF A3~A4 토핑/하락 구간 정합. 월봉 이력 짧아(25봉) 패턴 신뢰도 제한. 일봉 MA 역배열 진행 중이며 반등 확인 전까지 매매 회피.,False,HD현대마린솔루션,11544615950000
031820,44.0,watch,B4,B5,A4,pullback_ma10,pullback_ma20,accumulation_suspect,0.0,0.0,0.045,0.227,"drawdown_deep,accumulation_suspect","주봉 B5(상승 retest), 일봉 A4(하락 첫 시도) 분리. 주봉 정배열+ADX 29로 큰 그림 긍정적. 일봉 MA50까지 풀백 중, 지지 확인 시 pass 가능. 현재는 관망.",False,아이티센씨티에스,93693830040
306200,44.0,skip,A3,A4,A5,pullback_ma10,pullback_ma50,normal,0.0,0.0,-0.005,0.277,drawdown_deep,"1M A3, 1W A4, 1D A5로 하락 확인 정합. 190K 고점 후 MA10/20 모두 하회. drawdown_deep. 1D MA50 지지 여부 미확정 — skip.",False,세아제강,448419030000
009770,44.0,watch,A1,A4,A5,pullback_ma50,breaking,normal,0.0,0.0,-0.098,-0.051,,"1M=A1(월봉 정배열 전환 중)이나 1W=A4, 1D=A5로 단기 하락 추세 충돌. 월봉 정배열 완성 전 진입 불가, 1D 바닥 확인 후 재검토.",False,삼정펄프,70749179300
00104K,44.0,watch,A2,A4,A5,pullback_ma50,breaking,normal,0.0,0.0,-0.08,-0.021,,1M A2 장기 정배열이나 1W A4 / 1D A5로 단기 하락 확정. ret_30d 1M +115% 과열 이후 조정. 1W MA50(155K) 지지 확인 후 재진입 검토.,False,CJ4우(전환),652996104000
002995,43.0,skip,A4,A5,B3,pullback_ma10,riding,normal,0.0,0.0,-0.01,-0.17,drawdown_deep,"1M A4, 1W A5(하락 retest), 1D B3 TF 충돌. 큰 그림 하락 추세 재확인 중이며 entry 시기 아님.",False,금호건설우,4264160940
062040,43.0,skip,A3,A3,A5,pullback_ma10,pullback_ma20,normal,0.0,0.0,0.785,0.761,parabolic,"월봉·주봉 A3(토핑), 일봉 A5(하락 retest 확정). 큰 그림 파라볼릭 상승 후 조정 국면. 일봉 MA10/20 아래이며 재반등 미확인. parabolic risk 플래그.",False,산일전기,8419358750000
004370,43.0,watch,B3,B3,B5,riding,bounce_ma10,normal,0.0,0.0,0.071,-0.064,drawdown_deep,월봉/주봉 B3 박스권이나 일봉 B5 상승 확정 시도 중으로 분리. 일봉 MA tight+holding=true 긍정적이나 주봉 ADX 17.9 약한 방향성. 주봉 MA20 돌파 확인 필요.,False,농심,2357023775000
005305,42.8,watch,A2,A3,A4,pullback_ma10,pullback_ma10,normal,0.0,0.6,-0.024,0.017,,"1M 정배열 A2이나 1W A3(신고가 이후 토핑), 1D A4(MA 아래 첫 이탈) — TF 충돌. 일봉 accumulation_score 0.6 주목, MA10 회복 시 매수 검토 가능.",False,롯데칠성우,59233684000
000860,42.0,watch,A1,A4,A4,pullback_ma10,pullback_ma10,normal,0.0,0.0,0.041,0.122,,월봉 A1(상승 변곡 확인)이나 주봉/일봉 A4(신고가 후 하락 첫 시도). 장기 추세는 긍정적이나 단기 조정 중. MA 지지 확인 후 재진입 검토.,False,강남제비스코,191750000000
009180,42.0,watch,A1,B5,A4,pullback_ma20,breaking,normal,0.0,0.0,-0.008,0.065,,"월봉 A1 전환 초기, 주봉 B5 정배열 구조 양호하나 일봉에서 모든 MA 이탈로 TF 간 충돌. 주봉 MA20(~2990) 지지 확인 후 재진입 검토.",False,한솔로지스틱스,84608254125
015230,42.0,skip,A3,A4,A4,pullback_ma50,breaking,normal,0.0,0.0,-0.053,0.044,drawdown_deep,전 TF A3~A4. 급등 후 조정 중. 1M/1W/1D 모두 MA 아래 below_all 또는 직전. 거래량 감소. 진입 적합하지 않음.,False,대창단조,176433530000
214320,42.0,pass,B5,B5,A1,bounce_ma20,pullback_ma10,accumulation_suspect,0.0,0.0,0.156,0.125,,"전 TF 상승 전환 정합(1M B5, 1W B5, 1D A1). MA cluster 돌파 + ADX 40 강한 추세 + 거래량 증가 확인. 1D MA10 풀백 시 매수 적합.",False,이노션,814000000000
064400,42.0,watch,B4,B4,B4,bounce_ma50,bounce_ma20,accumulation_suspect,0.0,0.0,0.236,0.132,"low_history,accumulation_suspect",전 TF B4(상승 첫 시도) 정합. 일봉 거래량 급증 + MA20 근접 지지 탐색 중. accumulation_suspect 시각. 월봉 역사 짧아 low_history 주의. MA20 위 복귀 확인 시 pass ,False,LG씨엔에스,7973713520400
329180,42.0,watch,A2,A3,A3,riding,pullback_ma10,normal,0.0,0.0,0.35,0.156,,월봉 A2 상승이나 주봉/일봉은 A3 토핑 횡보로 분리. 일봉 MA10/MA20 복귀 확인 전까지 관망. 73만 저항 돌파 시 추세 연장.,False,HD현대중공업,78406035075000
023450,41.8,watch,B3,B3,B3,riding,riding,accumulation_suspect,0.3,0.6,-0.021,-0.137,"drawdown_deep,accumulation_suspect",전 TF B3 정합. 일봉 accumulation_score=0.6 매집 의심. MA 수렴 완성. B4 전환 돌파 대기 관망.,False,동남합성,103425000000
055490,41.0,watch,B4,B5,A4,pullback_ma10,pullback_ma10,normal,0.0,0.0,0.144,0.289,drawdown_deep,주봉 B5(정배열 완성 + MA10 근접 눌림) 대비 일봉 A4(고점 후 MA아래 이탈) 충돌. 월봉 장기 저점 반등 흐름은 긍정적이나 일봉 조정 미완 — 주봉 MA10 지지 확인 후 진입 관망.,False,테이팩스,85758307000
003925,41.0,skip,A3,A3,A4,pullback_ma20,pullback_ma50,normal,0.0,0.0,-0.064,0.078,,"월봉/주봉 A3 토핑 횡보, 일봉 A4 하락 첫 시도. 급등 이후 조정 국면으로 A3~A4 전환 중. MA 전체 아래 위치+거래량 감소. 조정 마무리 확인 전 관망.",False,남양유업우,73200000000
007980,41.0,watch,B4,B5,A4,pullback_ma10,breaking,normal,0.0,0.0,0.052,-0.013,drawdown_deep,주봉 B5 정배열(눌림목) 대 일봉 A4(고점 후 MA 이탈) 충돌. 주봉 MA50(1810) 지지 여부가 핵심 — 주봉 MA50 위 복귀 확인 시 재진입 검토.,False,TP,89996014650
034590,41.0,watch,B5,B5,B4,pullback_ma10,pullback_ma10,normal,0.0,0.0,-0.013,0.048,,"1W 정배열 B5 구조, 1M 월봉 MA 위 회복. 1D만 MA 아래 소폭 이탈이나 괴리 작음(-0.8%). 전고점 대비 -21.2%. 1D MA 회복 확인 시 pass 전환 가능. 현재는 변곡 대기.",False,인천도시가스,115493505600
033530,41.0,watch,A4,A5,B4,breaking,pullback_ma10,normal,0.0,0.0,0.14,-0.186,drawdown_deep,"월봉·주봉은 A4/A5(하락 확인 중)이나, 일봉은 MA 위 수렴으로 B4 반등 시도 형태. TF 충돌. drawdown_deep 플래그 있음. 변곡 확인 대기.",False,SJG세종,237034587720
008770,41.0,watch,B4,B5,A4,pullback_ma10,breaking,normal,0.0,0.0,0.283,0.262,drawdown_deep,"1W B5 정배열 복귀 확인, 1M B4 반등 시도. 1D A4 단기 조정. 분리 상태. 1D MA50 지지 확인 후 watch 지속.",False,호텔신라,2217518836500
072130,41.0,watch,B3,A4,A5,pullback_ma20,breaking,normal,0.0,0.0,-0.072,0.009,drawdown_deep,"1M 박스권 B3, 1W A4(조정 중), 1D A5(고점 이탈 확정) — TF 간 충돌. 주봉 MA20 지지 여부가 관건. 일봉 반등 확인 전 관망.",False,유엔젤,61699906440
000590,40.4,watch,A2,A3,A4,pullback_ma10,pullback_ma10,normal,0.0,0.3,-0.001,-0.005,accumulation_suspect,"월봉 A2(정배열 상승), 주봉 A3(토핑 횡보), 일봉 A4(하락 첫 시도) TF 간 충돌. 일봉 accumulation_score 0.3+거래량 증가로 저점 매집 가능성. 월봉 정배열 지속 여부 확인 필요.",False,CS홀딩스,88779665800
181710,40.4,watch,A2,A3,A4,pullback_ma10,pullback_ma10,normal,0.0,0.3,0.019,0.069,,"월봉 A2 상승 추세 진행 중이나 주봉 토핑 신호(A3), 일봉 A4 하락 첫 시도. 큰 그림 상승 추세 유지 여부는 주봉 MA20(37200) 지지 확인 후 판단 필요.",False,NHN,1274097107100
454910,40.0,watch,B4,A3,A4,pullback_ma10,pullback_ma20,normal,0.0,0.0,0.172,0.176,low_history,1W A3 토핑 vs 1D A4 하락 시도 충돌. 1M 데이터 부족. MA50 지지 확인 후 재판단. 변동성 높음(atr_pct 26%).,False,두산로보틱스,6994075842000
005940,40.0,watch,A2,A3,A5,pullback_ma20,breaking,normal,0.0,0.0,0.0,0.381,,월봉 A2(상승 중) vs 주봉 A3(고점 횡보) vs 일봉 A5(하락 retest). 장기 강세 추세 유효하나 일봉 단기 하락 압박. 주봉 MA20(31k) 지지 확인 시 재진입 고려.,False,NH투자증권,11456471463350
244920,40.0,watch,A2,A3,B4,pullback_ma10,bounce_ma10,normal,0.0,0.0,0.123,0.277,,"월봉 A2(대상승 지속)이나 주봉 A3(토핑 횡보 징후), 일봉 B4(반등 첫 시도) — TF 간 사이클 충돌. 주봉 MA10 하락 전환이 핵심 관찰 포인트. 일봉 반등 확정 여부 대기.",False,에이플러스에셋,259084161780
003230,40.0,watch,A2,A3,A2,riding,bounce_ma10,normal,0.0,0.0,0.123,0.075,parabolic,"월봉 A2 강세 + 일봉 A2 정합이나 주봉 A3(고점 횡보, ADX 15 추세 약화). 페러볼릭(90d +2139%) 후 조정 위험. 일봉 MA10 이탈 여부 모니터링 필요.",False,삼양식품,9800452515000
005387,40.0,skip,A2,A3,A5,pullback_ma10,pullback_ma50,normal,0.0,0.0,0.046,0.135,,"월봉 A2이나 주봉 A3 토핑, 일봉 A5 하락 retest 정합 방향으로 진행 중. 일봉 MA50 아래에서 반등 신호 부재. ADX 전체 약화 중. 일봉 MA20 이상 복귀 전까지 매매 회피.",False,현대차2우B,9580116820000
000157,40.0,skip,A2,A3,A5,pullback_ma10,pullback_ma50,normal,0.0,0.0,0.269,0.083,parabolic,"1M A2 강세이나 1W A3 토핑, 1D A5 하락 retest로 TF 충돌. 일봉 MA10/20 모두 하회. 1M/1W 거래량 감소(vol_avg 0.33~0.44). skip.",False,두산2우B,500101280000
000850,39.8,watch,B3,A4,B3,pullback_ma50,pullback_ma10,accumulation_suspect,0.0,0.6,-0.035,-0.066,accumulation_suspect,"월봉 B3, 주봉 A4(하락 시도), 일봉 B3(바닥 다지기) 혼재. 일봉 accumulation_score=0.6 + holding=true 매집 신호 양호. 주봉 vol_avg 6.86배 폭증은 중요 관심 신호.",False,화천기공,77660000000
003547,39.4,watch,A2,A3,A5,pullback_ma10,breaking,normal,0.0,0.3,-0.079,0.003,drawdown_deep,"월봉(1M) A2 장기 상승 추세 유효하나 주봉(1W) A3 토핑, 일봉(1D) A5 하락 확정으로 TF 충돌. 월봉 정배열 구조는 살아있으므로 주봉 MA50(20,974) 지지 확인 후 재진입 타이밍 탐색 가능. ",False,대신증권2우B,199987993200
010960,39.0,watch,B3,A4,A5,pullback_ma50,breaking,dry,0.0,0.0,-0.075,-0.067,drawdown_deep,월봉 B3(박스) 대 주봉 A4·일봉 A5 충돌. 일봉 바닥권 아래꼬리 출현은 기술적 반등 가능성이나 MA 역배열 지속 중 — 주봉 MA50 돌파 후 재진입 검토.,False,삼호개발,82490400000
031440,39.0,watch,B3,B5,A4,pullback_ma10,breaking,normal,0.0,0.0,-0.085,-0.067,drawdown_deep,"1W B5 상승 전환 확인(정배열+ADX44), 1D 급락 A4. 1M B3 기저 형성. 1W 추세 우위이나 1D 눌림 심함. MA50(44000) 지지 확인 시 매수 검토 가능.",False,신세계푸드,180263944000
030720,39.0,watch,B3,B5,A4,pullback_ma20,breaking,normal,0.0,0.0,0.017,0.007,drawdown_deep,"1W B5(상승 retest - MA20 근처 풀백), 1M B3(바닥 형성 중), 1D A4(고점 후 하락). TF 충돌 상태. 주봉 MA 상향이 긍정적이나 일봉 MA 아래 하락 중. 주봉 MA20 지지 확인 후 ",False,동원수산,28434748550
001290,39.0,skip,B4,A3,A5,pullback_ma10,breaking,normal,0.0,0.0,0.026,0.648,drawdown_deep,1W 정배열 강세 후 고점 대비 -38.95% 급락. 1D A5 전환(MA20 저항+하락). 1W recent_strong_bull holding=false(-28%). drawdown_deep 자동 플래그. 단기 ,False,상상인증권,120904225920
001530,39.0,watch,A3,B4,B4,bounce_ma10,pullback_ma10,normal,0.0,0.0,0.332,0.401,drawdown_deep,"1W/1D B4(상승 시도), 1M은 A3/토핑 이후 범주. MA10 근방 지지 확인 대기.",False,DI동일,570715358550
009160,39.0,watch,B3,B5,A4,pullback_ma10,pullback_ma50,normal,0.0,0.0,0.051,0.105,drawdown_deep,"월봉 B3(바닥), 주봉 B5(상승 retest), 일봉 A4(첫 하락). 주봉 MA20 지지 유효하나 일봉 깊은 풀백. MA50 지지 확인 후 재판단 필요.",False,SIMPAC,368038549840
082640,39.0,watch,A1,A4,A5,pullback_ma50,pullback_ma50,normal,0.0,0.0,-0.122,0.168,,월봉 A1(복구 시작)이나 일봉 A5(하락 retest). 큰 그림 바닥 복구 중이나 단기 역배열 완전 해소 전 진입은 부담. 주봉 MA50 지지 여부 확인 필요.,False,동양생명,1196999996270
005385,38.0,skip,A2,A3,A4,pullback_ma10,pullback_ma50,normal,0.0,0.0,0.053,0.162,,"1M A2 이나 1W A3(토핑 후 수렴), 1D A4(전 MA 하회) 로 TF 간 충돌. 큰 그림 A2 이지만 단기-중기는 하락 첫 시도 단계. MA50(1D) 반등 확인 전까지 신규 진입 불적합.",False,현대차우,6512127840000
134380,38.0,watch,A2,A3,A4,pullback_ma10,breaking,normal,0.0,0.0,-0.03,0.198,parabolic,"1M A2 강세 구조이나 1W A3 토핑, 1D A4 하락 시도. TF 충돌. 큰 그림 상승 추세 유지이나 단기 조정 폭 확인 필요. MA20(1D) 회복 시 재진입 검토.",False,미원화학,248297357200
018670,38.0,watch,A2,A3,A4,pullback_ma20,pullback_ma50,normal,0.0,0.0,-0.083,0.053,,"1M A2 장기 상승 추세 유지, 1W A3 토핑 횡보, 1D A4 단기 하락. TF 충돌. 1D MA50 지지 반등 확인 시 재평가.",False,SK가스,2328196866000
006125,38.0,watch,A2,A3,A4,pullback_ma10,pullback_ma20,normal,0.0,0.0,0.028,-0.012,,월봉 A2 강세 vs 주봉 A3 횡보 vs 일봉 A4 하락 첫 시도. TF 충돌. 일봉 MA50(40800) 지지 확인 후 매수 or 이탈 시 skip. 월봉 장기 우상향 구조는 훼손 안 됨.,False,SK디스커버리우,50684660750
060980,38.0,watch,A2,A3,A4,pullback_ma10,pullback_ma50,normal,0.0,0.0,0.05,-0.008,,월봉 A2(장기 회복) vs 주봉 A3(고점 후 조정) vs 일봉 A4(하락 첫 시도) — TF 간 분리. 월봉 큰그림은 회복 추세이나 단기 조정 진행 중. MA50 지지 확인 후 반등 여부 관망 필요.,False,HL홀딩스,413541480850
005720,38.0,watch,A1,A3,A4,pullback_ma10,breaking,normal,0.0,0.0,0.047,0.127,,"월봉 A1 상승 초입이나 주봉 A3 토핑 박스, 일봉 A4 이탈. TF 충돌. 일봉 MA50 지지 확인 시 재진입 고려.",False,넥센,363078881070
032350,38.0,watch,A2,A5,B3,pullback_ma10,riding,normal,0.0,0.0,0.169,-0.105,drawdown_deep,"1M A2(상승 추세 양호), 1W A5(하락 retest 시도), 1D B3(바닥 횡보). TF 간 충돌. drawdown_deep 플래그. 주봉 방향 결정 대기.",False,롯데관광개발,1498895755420
004365,38.0,watch,A2,A3,A4,pullback_ma10,breaking,normal,0.0,0.0,0.005,0.044,,1M A2 우호적이나 1W A3 횡보+1D A4 MA 이탈로 충돌. 일봉 MA50(9588) 지지 여부 확인 필요. 월봉 정배열은 긍정이나 단기 하향 압력 존재.,False,세방우,34678950000
004970,38.0,skip,B3,B3,A4,riding,breaking,normal,0.0,0.0,-0.047,-0.01,,"1M/1W=B3(박스 횡보), 1D=A4(하락 중). 분리. 일봉 하락 추세, 반등 신호 없음. 현시점 매매 회피.",False,신라교역,147360000000
014680,38.0,watch,A1,A3,A4,pullback_ma10,pullback_ma50,normal,0.0,0.0,0.041,0.122,,"1M A1 상승 출발이나 1W A3 토핑, 1D A4 첫 하락 시도로 TF 분리. 1D MA50 지지(285,670원) 확인 여부가 핵심. ADX 1D 12.97 극히 낮아 추세력 부재. MA50 반등 확인 후 재진",False,한솔케미칼,3524760450000
014790,38.0,watch,B4,B5,A5,pullback_ma50,breaking,normal,0.0,0.0,-0.18,0.037,drawdown_deep,"1W=B5(정배열 MA50 retest), 1D=A5(급등 후 역배열 급락), 1M=B4(반등 시도). TF 충돌 심각. 1W MA50 지지 여부가 핵심.",False,HL D&I,111114993935
194370,38.0,watch,A2,A3,A4,pullback_ma10,breaking,normal,0.0,0.0,0.075,-0.019,,"월봉 A2 상승 구조이나 주봉 A3 토핑, 일봉 A4 이탈. TF 충돌. 일봉 MA50 지지 여부 확인 후 판단.",False,제이에스코퍼레이션,365030815640
227840,38.0,watch,B4,B5,B4,pullback_ma10,pullback_ma50,normal,0.0,0.0,0.051,0.056,,1W 정배열 B5 구조에서 MA10 부근 풀백. 1D MA50 지지 테스트 중. ADX 1W 13.68로 추세 약함. 14500 고점 대비 -11.7%. MA10 반등 확인 시 pass 전환 가능. 현재는 변곡 대기,False,현대코퍼레이션홀딩스,115398600480
009540,38.0,watch,A2,A3,A4,pullback_ma10,pullback_ma50,normal,0.0,0.0,0.074,-0.036,,"1M A2 강세이나 1W A3 박스·수렴, 1D MA10·MA20 하향이탈(A4) — TF 충돌, MA50 지지 확인 필요",False,HD한국조선해양,31883288758000
003545,37.0,watch,A2,A3,A5,pullback_ma10,breaking,normal,0.0,0.0,-0.082,0.012,drawdown_deep,월봉 A2(장기 상승) vs 주봉 A3/일봉 A5 충돌. 큰 그림 상승 추세 내 단기 하락 조정 심화. drawdown_deep. 월봉 MA10 수렴 확인 후 반등 여부 판단.,False,대신증권우,536582507100
018260,37.0,watch,B4,B4,A4,pullback_ma10,breaking,normal,0.0,0.0,0.081,-0.09,,"월봉 B4(상승 시도 미확정), 주봉 MA 수렴 횡보, 일봉 MA20 아래 풀백. TF간 사이클 방향은 유사하나 일봉이 단기 약세. MA50 지지 확인 후 재평가 필요.",False,삼성에스디에스,15181524360000
011780,37.0,watch,B4,B4,A4,pullback_ma10,pullback_ma50,normal,0.0,0.0,0.087,0.1,,1D 정배열 유지 중이나 MA50 아래로 첫 음봉(A4). 1W/1M은 아직 하락 추세에서 상승 시도 초입(B4). TF간 사이클 위치 다소 불일치. ADX 전 TF 낮아 추세력 부재. MA50 지지 확인 후 재진입,False,금호석유화학,3738378495000
204320,37.0,watch,A1,A3,A5,pullback_ma10,pullback_ma50,normal,0.0,0.0,0.094,-0.064,drawdown_deep,월봉 A1 회복세이나 주봉 A3 토핑/일봉 A5 retest 실패 충돌. 일봉 MA50 지지 여부가 관건. 주봉 vol_avg 4.1x 폭증 후 조정 중으로 재진입 신호 미확정.,False,HL만도,2995864256000
058650,37.0,watch,A2,A3,A3,pullback_ma20,pullback_ma50,accumulation_suspect,0.0,0.0,-0.005,0.14,accumulation_suspect,1M 정배열 A2이나 1W/1D는 A3 토핑 박스권. 1D에서 volume spike + accumulation_candle_score 0.6 — 방향 돌파 대기.,False,세아홀딩스,670273288000
010780,37.0,watch,B4,B5,A3,pullback_ma10,pullback_ma20,normal,0.0,0.0,-0.012,0.201,"drawdown_deep,accumulation_suspect","1W B5(buy zone 근접, MA10 풀백 중) 이나 1D A3(박스 횡보), 1M B4(MA50 저항). TF 분리 상태. 1W MA10 지지 확인 + 1D 박스 상단 돌파 시 pass 전환 가능.",False,아이에스동서,1005226300800
415640,37.0,watch,A3,A3,B3,pullback_ma10,riding,normal,0.0,0.0,-0.009,-0.016,low_history,상장 약 1.5년으로 월봉 데이터 부족(19봉). 전 TF 공통적으로 10000 부근 수렴 박스. 일봉 ATR 초저값 및 MA 완전수렴으로 방향성 돌파 대기 상태.,False,KB발해인프라,1227906390960
005257,37.0,watch,B4,B4,A2,riding,riding,accumulation_suspect,0.0,0.0,0.256,0.123,drawdown_deep,1D는 A2 정배열 강세 구조이나 1M/1W는 장기 하락 추세 내 반등(B4). TF 충돌. 1D 추세는 양호하나 월봉 피크 대비 -90% 역사 감안 신중 접근 필요. 거래량 폭증 주목.,False,녹십자홀딩스2우,20811354000
067830,37.0,watch,B4,B4,A4,pullback_ma50,breaking,accumulation_suspect,0.0,0.0,-0.075,-0.122,drawdown_deep,"1M/1W B4(상승 첫 시도, 장기 관점 회복 중), 1D A4(단기 하락 확정) — TF 충돌. 월봉/주봉 큰 그림 회복 시그널 있으나 일봉 단기 추세 하락. 주봉 MA50 지지 여부 확인 필요. 관망.",False,세이브존I&C,111220825450
009680,36.4,watch,A2,A3,A3,pullback_ma10,pullback_ma10,normal,0.0,0.3,-0.025,0.022,,"월봉 A2 상승 추세, 주봉/일봉 A3 토핑 횡보. 분리형. 피크 -13.9% 낙폭 제한적. MA 수렴 후 방향성 결정 대기. 일봉 미약 accumulation 신호 관찰 중.",False,모토닉,221894889740
088980,36.4,watch,B3,B3,B3,riding,riding,normal,0.0,0.3,-0.021,-0.013,,1M/1W/1D 모두 B3 바닥 다지기 정합. 1M accumulation_score 0.6 + 1D 거래량 증가 시각적 신호. 그러나 추세 확인(MA10 상향 돌파) 없으므로 watch. 돌파 확인 시 pass 상,False,맥쿼리인프라,5301666462510
020000,36.0,watch,A1,B5,B4,pullback_ma10,pullback_ma50,accumulation_suspect,0.0,0.0,0.091,0.606,drawdown_deep,"1W B5 확인 + 정배열 강세, 1D MA50 풀백 테스트 중. 1D MA50 반등 확인 시 pass 전환 가능. 현재 1D 미확정으로 watch.",False,한섬,497192411100
013870,36.0,skip,B3,A4,A5,pullback_ma50,breaking,normal,0.0,0.0,-0.129,-0.005,drawdown_deep,월봉 B3 다지기이나 주봉 A4/일봉 A5로 급등 후 되돌림 하락 추세. 4000 지지 미확인 상태에서 추가 하락 가능. 월봉 MA20 수렴 후 재확인 필요.,False,지엠비코리아,83822670600
031210,36.0,skip,B3,A3,A4,pullback_ma10,pullback_ma10,dry,0.0,0.0,-0.053,-0.068,low_history,1D/1W 역배열 하락(A4/A3 수준). 1M 역사 짧아(15봉) 신뢰도 낮음. 거래량 전반적으로 감소 추세(dry). 바닥 확인 전 skip.,False,서울보증보험,3131498670300
248070,36.0,watch,B3,B4,B4,bounce_ma10,pullback_ma50,normal,0.0,0.0,0.236,0.223,drawdown_deep,"1M B3 바닥 다지기, 1W/1D B4 상승 첫 시도 일치. 그러나 1M 고점 대비 -40% 수준으로 drawdown_deep. MA 재정배열 확인 후 진입 검토.",False,솔루엠,1018485826800
001060,36.0,watch,B4,B4,A5,pullback_ma10,breaking,normal,0.0,0.0,-0.009,0.064,drawdown_deep,1M/1W B4 상승 시도이나 1D는 A5 하락 retest. TF 간 충돌 — 큰 그림 방향 미확정. 관망 우선.,False,JW중외제약,690427824500
103590,35.0,watch,A2,A3,A4,pullback_ma10,pullback_ma50,normal,0.0,0.0,0.317,0.604,"drawdown_deep,parabolic","월봉 A2 극강 추세(ADX 65)이나 주봉 A3 토핑, 일봉 A4 하락 첫 시도. MA50(95,302) 지지 확인 시 재진입 기회. drawdown_deep 플래그.",False,일진전기,5111873808000
077500,35.0,watch,A2,A3,A4,pullback_ma10,pullback_ma50,normal,0.0,0.0,0.174,0.021,drawdown_deep,"1M=A2(상승 지속), 1W=A3(토핑 횡보), 1D=A4(하락 첫 시도). TF 분리. 일봉 MA50 지지 여부 확인 필요. drawdown_deep 자동 플래그 있음.",False,유니퀘스트,168912797640
077970,35.0,watch,A2,A3,A4,pullback_ma10,pullback_ma50,normal,0.0,0.0,0.178,0.228,drawdown_deep,"1M 대추세 A2이나 1W A3(고점 조정), 1D A4(MA10/20 이탈). 극단적 상승(ret_90d=+497% 1M) 이후 조정 중. MA50 지지 확인 시 watch 유지, 이탈 시 skip 전환.",False,STX엔진,1961232877550
047050,35.0,skip,A2,A3,A5,pullback_ma20,breaking,normal,0.0,0.0,-0.154,0.393,,"월봉 A2이나 주봉 A3(고점 횡보), 일봉 A5(하락 retest 확정). 단기 추세 명확히 하향. MA20(71k) 주봉 지지 확인 전까지 매수 회피.",False,포스코인터내셔널,12191449208400
001275,35.0,watch,A2,A3,A5,pullback_ma20,breaking,normal,0.0,0.0,-0.106,0.119,parabolic,1M 정배열 A2(장기 구조 긍정적)이나 1W A3 토핑 + 1D A5 하락 retest 확정으로 단기~중기 추세 충돌. 월봉 파라볼릭 상승 후 조정 깊어지는 국면. 1D MA 역배열 복귀 확인 전까지 관망.,False,부국증권우,96000000000
025820,35.0,watch,A2,A3,A4,pullback_ma10,pullback_ma50,normal,0.0,0.0,0.1,-0.119,drawdown_deep,"월봉 A2(강세 상승) vs 주봉 A3(토핑 횡보) vs 일봉 A4(하락 첫 시도). 장기 상승 추세 건재하나 단기 조정 심화. MA50(5,392) 지지 확인이 핵심 변수.",False,이구산업,201989680000
002460,35.0,watch,B4,B5,B4,bounce_ma50,pullback_ma50,normal,0.0,0.0,0.033,0.018,drawdown_deep,1W B5(주봉 MA50 지지+반등 확인)로 buy zone에 가까우나 1D B4(일봉 MA50 이탈 조정)로 아직 확정 아님. 일봉에서 MA50 위 재안착 확인 시 pass 상향 가능. 현재 관망.,False,HS화성,122916500000
014915,34.0,pass,A1,B5,A1,bounce_ma20,acceleration,accumulation_suspect,0.0,0.0,0.461,0.138,"drawdown_deep,accumulation_suspect","전 TF 정합 상승(1D A1 정배열, 1W B5 돌파, 1M A1 초입). 거래량 폭증 동반 돌파. 단기 과열 및 drawdown_deep 이력 주의하며 풀백 매수 대기.",False,성문전자우,3084000000
014440,34.0,watch,A1,A3,A3,pullback_ma10,pullback_ma50,normal,0.0,0.0,0.016,-0.002,,1M 정배열 A1(장기 상승 복귀)이나 1W/1D 모두 A3 토핑 횡보 + 도지 출현으로 분리. ADX 약화 + 거래량 감소 중. 1D MA 복귀 양봉 확인 시 재평가.,False,영보화학,92300000000
004080,34.0,watch,B3,B3,B3,riding,riding,normal,0.0,0.0,-0.008,0.0,,"1M/1W/1D 전 TF B3 정합. MA10/20/50이 13,900 부근에 극도로 수렴하여 박스 완성. 1M accumulation_score 0.6으로 매집 의심 신호. 방향성 돌파 확인 후 진입 검토.",False,신흥,129250000000
005180,34.0,watch,A3,B3,B3,riding,riding,normal,0.0,0.0,0.021,-0.083,drawdown_deep,1M/1W/1D 모두 B3~A3 횡보 단계. 1D MA tight 수렴이 돌파 전 전형적 패턴. 방향성 돌파 확인 전까지 관망. drawdown_deep 주의.,False,빙그레,676639263000
018500,34.0,watch,B4,B4,A4,pullback_ma20,breaking,normal,0.0,0.0,0.042,0.181,drawdown_deep,월봉/주봉 B4(상승 시도)이나 일봉 A4(하락 첫 시도) 상충. 주봉 정배열은 유지되나 일봉에서 MA 전체 아래로 내려앉아 TF 간 충돌. 주봉 MA20 지지 여부 확인 후 판단 필요.,False,동원금속,79950935430
111770,34.0,watch,A1,A3,B3,pullback_ma20,riding,normal,0.0,0.0,0.047,0.025,,"월봉 A1 신규 상승이나 주봉 A3 토핑 조정, 일봉 B3 박스 횡보로 TF 충돌. 일봉 MA 수렴 이후 상방 돌파 확인 필요.",False,영원무역,3717732165200
323410,33.4,watch,B3,B3,B3,riding,riding,normal,0.0,0.3,-0.072,-0.029,drawdown_deep,전 TF B3 정합. 장기 하락 후 바닥권 형성 중. 일봉 accumulation_score 0.3 미약한 매집 신호. 주봉 MA 돌파 전까지 관망. B5 신호 확인 후 매수 검토.,False,카카오뱅크,10711353810650
085310,33.0,watch,B4,A3,B3,pullback_ma10,riding,normal,0.0,0.0,0.068,-0.027,"drawdown_deep,accumulation_suspect","월봉 정배열 전환+거래량 급증(매집 가능성), 주봉 고점 횡보(A3), 일봉 극저거래량(데이터 신뢰 문제). TF 간 충돌 및 일봉 데이터 이상으로 신뢰도 낮음 — 실거래량 확인 필요.",False,엔케이,86717288567
036570,33.0,watch,B4,B5,A1,bounce_ma10,pullback_ma10,normal,0.0,0.0,0.223,0.209,drawdown_deep,"1W B5 정합 긍정적이나 1M B4(상승 첫 시도 미확정), 1D A1 변곡 직후로 TF 분리. drawdown_deep(-75% 이력) 주의. 1D MA20(264800) 돌파 확인 시 pass 상향 가능.",False,NC,5859973984000
192400,32.4,skip,A3,A5,B2,breaking,breaking,normal,0.0,0.3,-0.051,-0.079,,1W A5 하락 retest 확정 + 1D B2 역배열 하락 진행. 1M 정배열이나 단기 지지 이탈로 전 TF 약세 정합. 바닥 확인 전 진입 회피.,False,쿠쿠홀딩스,919282482250
027410,32.0,watch,B2,B5,A4,bounce_ma20,pullback_ma50,normal,0.0,0.0,-0.044,0.201,,1W B5(상승 retest 국면) 진행 중. 1D는 고점 이후 조정(A4). 1M 극저점권(-94%)이나 단기 사이클 상승 중. 1W MA20 지지 유지 시 주목 가치 있음.,False,BGF,446040246060
006345,32.0,skip,A5,A5,A5,breaking,pullback_ma20,distribution_suspect,0.0,0.0,2.845,2.738,"parabolic,drawdown_deep,distribution_suspect",전 TF A5 정합. 파라볼릭 급등 후 급락 단계 — 고점(-49%) 대비 하락 retest 확정. 분배 의심 + parabolic risk_flag. 반등 시도 여부 미확정이나 매수 회피.,False,대원전선우,43511920000
001230,32.0,skip,B4,A1,A3,riding,riding,accumulation_suspect,0.0,0.0,0.113,0.603,"drawdown_deep,pump_dump_trace","일봉 데이터 이상(거래량 0, 동일가격 반복). 월봉 거래량 소멸+급등. pump_dump_trace 패턴 의심. 데이터 신뢰도 낮아 판정 유보.",False,동국홀딩스,362525506200
000810,32.0,pass,A2,A3,A2,pullback_ma20,bounce_ma10,normal,0.0,0.0,0.222,0.097,,"1M/1D 정배열 A2 정합, 1D recent_strong_bull holding=true. 1W A3이나 가격 MA 전체 위 유지. 피크 대비 -16% 조정으로 과열 제한적.",False,삼성화재,25806239394000
003490,32.0,watch,B3,B3,B4,riding,pullback_ma50,normal,0.0,0.0,0.071,0.102,,"전 TF B3~B4 바닥 다지기 정합. 월봉/주봉 장기 박스권, 일봉 MA 수렴 박스. ADX 전반 낮아 방향성 불확실. 일봉 MA20 이상 정복귀 + 거래량 동반 시 B5 전환 기대.",False,대한항공,10126068177500
000680,32.0,watch,B3,B4,A4,pullback_ma10,pullback_ma50,normal,0.0,0.0,0.161,0.02,drawdown_deep,"월봉 B3(바닥 다지기), 주봉 B4(상승 첫 시도), 일봉 A4(하락 첫 시도)로 TF 충돌. 중장기 반등 시도 중이나 일봉 하방 이탈로 확인 필요. MA50 지지 확인 후 재검토.",False,LS네트웍스,304573656840
003470,32.0,watch,A2,A2,A5,riding,breaking,normal,0.0,0.0,0.234,0.418,drawdown_deep,"월봉/주봉 A2 정배열 상승 지속이나, 일봉에서 고점 대비 -33% 급락 후 MA50 지지 테스트 중(A5). 큰 그림은 상승 추세이나 단기 손상 명확. 주봉 MA10 풀백 확인 후 재진입 대기.",False,유안타증권,1133708551680
005250,32.0,watch,B3,B4,B4,bounce_ma50,acceleration,accumulation_suspect,0.0,0.0,0.207,0.034,accumulation_suspect,1D 정배열 전환(B4)+ 거래량 폭증 강양봉으로 1W B4 상승 시도 정합. 1M 장기 B3 박스 탈출 가능성. 단 확정 전 — 다음 봉 확인 후 pass 상향 검토.,False,녹십자홀딩스,680498198700
003010,32.0,watch,B3,B4,A4,pullback_ma20,breaking,normal,0.0,0.0,0.014,0.073,drawdown_deep,주봉 B4 정배열(긍정)이나 일봉 A4/MA붕괴(부정) 충돌. 급등 후 급락으로 변동성 극심. 주봉 MA20(5846) 지지 확인 후 재평가 필요. 현재는 관망.,False,혜인,76022227060
003650,32.0,watch,A2,A3,A3,pullback_ma20,riding,normal,0.0,0.0,0.031,-0.028,"zombie,drawdown_deep","1M 장기 A2 상승 추세 유지, 1W/1D는 고점 후 조정 A3. 일봉에서 MA군 수렴 + 거래량 소멸(zombie 위험). 방향 돌파 확인 후 접근. zombie 위험 플래그.",False,미창석유,225983392800
089860,31.4,watch,B3,B4,B4,pullback_ma20,pullback_ma50,normal,0.0,0.3,0.023,0.054,accumulation_suspect,월봉 B3 바닥 다지기 + 주봉/일봉 B4 상승 첫 시도. 일봉 해머 도지+매집 징후 있으나 MA 전부 역배열 미해소. 주봉 MA 수렴 구간으로 변환 확인 대기.,False,롯데렌탈,1143745722000
217590,31.0,watch,,A3,A3,pullback_ma10,pullback_ma10,normal,0.0,0.0,0.229,0.764,"drawdown_deep,low_history",1M PNG 없음 — 2TF 채점만. 1W/1D 모두 A3 토핑 후 하락. 상장 초기(low_history) 신뢰도 낮음. MA50(25K) 지지 여부 확인 필요.,False,티엠씨,652953497500
005960,31.0,skip,B4,B4,A5,pullback_ma20,breaking,normal,0.0,0.0,-0.117,0.304,drawdown_deep,월봉/주봉은 B4(상승 첫 시도) 반등 구조이나 일봉은 A5(하락 retest) 충돌. 급등 후 급락 패턴으로 단기 지지 확인 필요. 주봉 MA20(7790) 하회 구간이며 일봉 추세 반전 신호 부재.,False,동부건설,170493706090
011210,31.0,watch,A2,A3,A3,pullback_ma10,pullback_ma50,normal,0.0,0.0,0.025,0.039,drawdown_deep,"월봉 A2, 주봉 A3, 일봉 A3. 상승 추세 후 고점 다지기 구간. 일봉 MA50 지지 여부가 관건. 월봉 위꼬리+거래량 폭증은 분배 신호.",False,현대위아,2499228127700
200880,31.0,watch,B3,B3,B3,riding,riding,normal,0.0,0.0,-0.013,-0.005,drawdown_deep,전 TF B3 바닥 다지기 정합. MA 수렴 중이며 돌파 방향 미확정. drawdown_deep. 거래량 확인 후 B5 전환 대기.,False,서연이화,382452383550
003480,31.0,watch,A1,A2,A3,bounce_ma10,pullback_ma10,normal,0.0,0.0,0.136,0.136,,주봉 A2 정합이나 일봉 A3(토핑 조정) 분리. 큰 그림 상승 추세 유효하나 일봉 단기 토핑 패턴. 주봉 MA10(5433) 지지 확인 후 재진입 기회 탐색. 고점 대비 -19% 위치.,False,한진중공업홀딩스,162118667880
037710,30.8,watch,B5,A2,A3,pullback_ma20,breaking,normal,0.0,0.6,0.005,0.156,,"1W는 A2 정배열 유지(MA20 지지 테스트), 1D는 고점 대비 조정으로 MA 전체 하방. 큰그림(1M B5 전환, 1W A2)은 긍정적이나 1D 단기 조정 중으로 충돌. MA20 주봉 지지 확인 후 진입 대기.",False,광주신세계,268476454400
072710,30.4,watch,A1,B4,B3,pullback_ma50,riding,normal,0.0,0.3,-0.011,0.021,drawdown_deep,1M A1(변곡 시도) vs 1W B4(상승 첫 시도) vs 1D B3(바닥 다지기) — TF 간 단계 충돌. drawdown_deep -36%. 1D accumulation 미약 신호. 방향 미확정으로 watch.,False,농심홀딩스,439198713000
105840,30.0,watch,A2,A3,A4,pullback_ma10,breaking,normal,0.0,0.0,-0.12,0.041,"drawdown_deep,parabolic","1M A2 대세 상승이나 1W A3 토핑, 1D A4 하락 확인. 페러볼릭 이후 강한 조정 중(ret_90d=305%). 1D MA10 회복 전까지 관망. MA50 지지(약 18,000) 확인 후 재진입 검토.",False,우진,449398157500
000700,30.0,skip,B3,B3,A4,pullback_ma50,breaking,normal,0.0,0.0,-0.054,-0.019,,"1M/1W=B3(박스 바닥권), 1D=A4(하락 중). 분리. 일봉 최저가권, 반등 미확인. 현시점 매매 회피.",False,유수홀딩스,147657074040
000270,30.0,skip,A2,A4,B2,pullback_ma10,riding,normal,0.0,0.0,-0.015,0.22,,"1M A2 정배열이나 1W A4(조정 첫 시도), 1D B2(below_all) — TF 충돌. 1D ADX 21 추세 약화, below_all MA 배열. 피크 대비 -30% drawdown 임박. 1W 강양봉 조",False,기아,65277053265600
192080,30.0,pass,A3,A2,A2,riding,bounce_ma10,normal,0.0,0.0,0.269,0.13,,1D A2 정합 bounce 진행 중. 1W/1M도 상승 구조. 다만 1M ADX 약화 및 장기 사이클 고점권 접근으로 일부 주의 필요.,False,더블유게임즈,1424974396400
029780,30.0,skip,A2,A5,B2,breaking,riding,normal,0.0,0.0,-0.086,-0.105,drawdown_deep,1M A2 장기 긍정이나 1W A5 및 1D B2 로 중단기 명확한 하락 추세. TF 충돌 심각. 1D MA10(49870) 회복 및 1W MA 배열 전환 전까지 관망.,False,삼성카드,5509090267050
003550,30.0,watch,A1,A2,A4,riding,pullback_ma20,normal,0.0,0.0,0.166,0.223,"drawdown_deep,accumulation_suspect","1W A2 상승 추세 건재, 1D A4 조정 중 매집봉 spike 발생. 1D MA20 지지 확인 여부 대기. 일봉 매집봉(acc_score=1.0) 주목.",False,LG,18892144162500
002870,29.0,watch,B3,B3,B4,riding,pullback_ma50,normal,0.0,0.0,-0.024,0.09,drawdown_deep,"1M/1W B3 박스, 1D B4 상승 첫 시도. 분리 상태. 1D 강양봉 후 수렴 중이나 MA 역배열 미해소. 추세 전환 미확정으로 관망.",False,신풍,39188702700
000670,29.0,skip,B3,B4,A5,pullback_ma20,breaking,normal,0.0,0.0,-0.107,0.153,drawdown_deep,1D A5 하락 retest 확정으로 매매 회피. 1W B4/정배열은 큰 그림 회복 구조이나 단기 추세 깨짐 확인. MA50 아래 안착 여부 모니터링.,False,영풍,1021792906500
024890,29.0,watch,B3,B4,C1,bounce_ma10,acceleration,accumulation_suspect,0.0,0.0,0.178,0.08,"drawdown_deep,pump_dump_trace",1D 비정상 균일봉 패턴(거래재개 의심) + 1W B4 첫 상승 시도. 1M B3 바닥 다지기. TF 충돌 + 1D 데이터 이상으로 신뢰도 낮음. 기업 이벤트 확인 후 재판정 필요.,False,대원화성,30648118450
002380,29.0,watch,A2,A3,B4,pullback_ma20,pullback_ma50,normal,0.0,0.0,0.057,0.214,drawdown_deep,"월봉 A2 강세이나 주봉 A3(토핑), 일봉 B4(상승 시도) 충돌. drawdown_deep -30% 수준. 일봉 MA50 지지 확인 후 반등 추세 재확립 시 재검토.",False,KCC,5164330496000
180640,29.0,skip,A2,A4,B3,breaking,pullback_ma10,normal,0.0,0.0,0.013,-0.082,drawdown_deep,"월봉 A2이나 주봉 A4(하락 첫 시도), 일봉 B3 바닥 다지기. drawdown_deep(-38%) 플래그. 일봉 ADX 10으로 방향성 완전 부재. MA 회복 전까지 관망.",False,한진칼,7757776819800
023530,29.0,watch,A1,A2,A3,riding,pullback_ma10,normal,0.0,0.0,0.464,1.222,parabolic,월봉/주봉 A1-A2 강세 정합이나 일봉이 A3(토핑 조정)로 분리. parabolic 자동 플래그 + 일봉 고점 이탈 진행 중. 주봉 MA10 풀백 복귀 확인 시 재진입 가능.,False,롯데쇼핑,4526200800000
084690,29.0,skip,B3,B3,B3,riding,riding,dry,0.0,0.0,0.038,0.001,drawdown_deep,전 TF B3 정합 바닥 다지기. 1W dry 거래량 + ADX 9.89로 추세 소멸. drawdown_deep(1M -68.7%). 돌파 신호 없이 skip 유지.,False,대상홀딩스,353796496260
003280,29.0,skip,B4,A4,A5,pullback_ma20,breaking,pump_dump_trace,0.0,0.0,-0.351,0.538,"drawdown_deep,pump_dump_trace","1D A5, pump_dump_trace 전 TF 확인. 장기 쇠락 종목의 테마 급등 후 급락 패턴, 지속 하락 가능성.",False,흥아해운,581828255580
004255,29.0,skip,B3,B3,B3,riding,riding,dry,0.0,0.0,-0.04,-0.074,drawdown_deep,"전 TF B3 정합. 고점 대비 -73%, 거래량 소멸, ADX 약세. 바닥 다지기 단계이나 상승 전환 신호 없음. watch 전환 대기.",False,NPC우,12117600000
009450,29.0,watch,A2,A3,B4,pullback_ma10,pullback_ma50,normal,0.0,0.0,0.12,0.231,drawdown_deep,"1M A2 장기 상승 구조이나 1W A3 박스 상단, 1D B4 상승 시도 미확정으로 TF 충돌. MA50 지지 확인 후 판단 필요. drawdown_deep.",False,경동나비엔,1043111187200
417310,29.0,watch,A2,A2,A3,riding,pullback_ma20,normal,0.0,0.0,0.058,0.148,parabolic,"1W/1M A2 강한 상승 추세이나 1D에서 A3 토핑 횡보. 1M ret_30d=115% 페러볼릭 경고. 1D 고점권에서 도지+스파이크, 조정 가능성. 풀백 후 MA10 지지 확인 시 재진입 고려.",False,코람코더원리츠,408848000000
000400,29.0,pass,B4,B5,A1,pullback_ma10,riding,normal,0.0,0.0,0.082,0.262,drawdown_deep,"1W B5 상승 retest + 정배열, 1D A1 변곡 + 강양봉 holding=true. 1M B4 상승 시도 정합. ADX 36 단기 추세 확인. drawdown_deep 주의하나 상승 신호 정합.",False,롯데손해보험,718428580800
281820,29.0,watch,A2,A2,A3,riding,pullback_ma20,normal,0.0,0.0,0.526,0.452,parabolic,1M/1W A2 강세 추세 유지이나 1D는 A3 토핑 박스권. 1M 페러볼릭 과열(+505% 90일)로 한 단계 보수적. 일봉 MA20 지지 확인 필요.,False,케이씨텍,1439362654700
014710,29.0,watch,A1,A4,B3,pullback_ma10,pullback_ma50,normal,0.0,0.0,-0.004,-0.203,drawdown_deep,"TF 충돌. 월봉 A1(회복 출발 확인), 주봉 A4(고점 하락 첫 시도), 일봉 B3(바닥 다지기). 월봉 추세는 긍정적이나 주봉 역배열 진행 중. 일봉 수렴 완료 후 반등 확인 필요. drawdown_deep 유",False,사조씨푸드,130860926800
128820,29.0,skip,B4,A4,B2,breaking,riding,normal,0.0,0.0,-0.043,-0.1,drawdown_deep,"월봉 B4(상승 시도)이나 주봉 A4(하락 첫 시도), 일봉 B2(하락 지속) 충돌. 급등 후 급격한 되돌림, 일봉 신저권, 거래량 고갈. 안정화 확인 전 회피.",False,대성산업,284531156620
487570,29.0,watch,B3,B3,B4,riding,pullback_ma50,normal,0.0,0.0,0.021,-0.042,"drawdown_deep,low_history",1D 정배열(B4/상승 첫 시도)이나 MA50 이하. 1W 역배열 B3 박스. 1M 데이터 부족(low_history). TF 충돌. 상장 역사 짧아 신뢰도 낮음. MA50 탈환 확인 후 재평가.,False,HS효성,212750431700
024070,29.0,skip,A4,A4,A5,pullback_ma50,breaking,pump_dump_trace,0.0,0.0,-0.009,0.066,"drawdown_deep,pump_dump_trace,distribution_suspect","1M/1W/1D 모두 단기 급등 후 급락 패턴. 일봉 A5(하락 retest 확정), 월봉 A4. 모든 TF에서 MA 아래 하락 중. 펌프 후 거래량 소멸 패턴. 단기 반등 가능하나 추세 손상.",False,WISCOM,32185519800
138930,28.4,skip,A2,A3,B2,pullback_ma10,riding,normal,0.0,0.3,-0.039,0.054,,"1M A2 장기 상승 추세 이나 1W A3 토핑, 1D B2 하락 추세 충돌. 1D holding=true + accumulation 미약 신호 있으나 추세 반전 미확인. 1D MA10(17477) 회복 확인 전까지",False,BNK금융지주,5474168862120
33626L,28.0,watch,B4,B4,B4,pullback_ma10,pullback_ma20,normal,0.0,0.0,0.166,0.079,drawdown_deep,1M/1W/1D B4 정합. 급등 후 조정 중이며 MA20 지지 여부 관찰 필요. 1D 기준 정배열 유지하나 고점 대비 급락으로 추가 하락 가능성. B5 전환 확인 전 진입 보류.,False,두산퓨얼셀2우B,35805737000
014285,28.0,watch,A1,B4,B3,pullback_ma10,riding,normal,0.0,0.0,0.025,-0.166,drawdown_deep,1W MA10 정확히 닿음(B4) — 주봉 MA10 위로 확인 시 B5 전환 가능. 현재 TF 간 정합 미흡. 1W MA10 위 종가 확인 대기.,False,금강공업우,4129125000
013700,28.0,watch,B3,B4,A3,pullback_ma10,pullback_ma20,normal,0.0,0.0,0.005,0.129,drawdown_deep,"월봉 B3(바닥 다지기), 주봉 B4(상승 시도 미확정), 일봉 A3(토핑 횡보) — TF 간 사이클 혼재. 주봉 MA 정배열 전환은 긍정적이나 일봉 MA10 하락+월봉 거래량 고갈(vol_avg 0.114)로 확신",False,까뮤이앤씨,80603869670
161390,28.0,watch,A2,A3,B3,pullback_ma10,pullback_ma50,normal,0.0,0.0,0.111,0.026,,"월봉 A2 상승 추세이나 주봉 A3 토핑, 일봉 B3 바닥 다지기 패턴. ADX 12.7로 방향성 부재. 일봉 MA50 지지 유지 확인 시 B4 전환 가능성.",False,한국타이어앤테크놀로지,7866066881500
009970,28.0,skip,A2,A4,B2,breaking,riding,distribution_suspect,0.0,0.0,-0.04,0.031,,1M A2 장기 상승이나 1W A4/1D B2 단기 하락. TF 충돌. 1D ADX 13으로 횡보 전환 가능하나 MA 역배열 확인. 1D MA 정배열 복귀 전까지 skip.,False,영원무역홀딩스,2652600070500
00088K,28.0,watch,A2,A3,B3,pullback_ma10,pullback_ma50,normal,0.0,0.0,0.004,0.211,accumulation_suspect,"1M A2 강한 상승이나 1W A3 토핑, 1D B3 바닥 다지기로 단기-중기 TF 충돌. 단 일봉 accumulation_candle_score 1.0으로 매집봉 신호 강함. 일봉 MA 회복 확인 시 pass 전환",False,한화3우B,995447823300
002100,28.0,watch,B3,B4,B3,pullback_ma20,riding,normal,0.0,0.0,-0.055,0.012,drawdown_deep,월봉 B3(장기 바닥) vs 주봉 B4(상승 첫 시도 실패) vs 일봉 B3(스파이크 후 조정). TF간 충돌. 대량 거래량 스파이크 이후 패턴 불안정. 추가 관찰 필요.,False,경농,181559947500
001390,28.0,watch,B3,B4,B3,pullback_ma20,riding,normal,0.0,0.0,-0.016,-0.025,drawdown_deep,"TF 간 충돌. 월봉 B3, 주봉 B4(상승 첫 시도), 일봉 B3 박스. drawdown_deep. 주봉 MA 상방 돌파 확인 전 관망.",False,KG케미칼,348267095400
016610,28.0,skip,A3,A4,B2,breaking,riding,distribution_suspect,0.0,0.0,-0.058,-0.077,"drawdown_deep,parabolic","1M A3/1W A4/1D B2 단계적 하락 정합. 페러볼릭 급등(1M +189%) 후 토핑 확정, 전 TF MA 아래 이탈. 회피.",False,DB증권,507658812440
108670,28.0,watch,B3,B4,A2,bounce_ma10,pullback_ma10,normal,0.0,0.0,0.224,0.208,drawdown_deep,"1M B3 박스, 1W B4 상승 첫 시도(미확정), 1D A2 강세 — TF 충돌. drawdown_deep(-84% from ATH). 1W MA10 지지 + 1D MA20 지지 확인 후 재검토.",False,LX하우시스,340771460000
271560,28.0,watch,A3,A2,A4,pullback_ma10,pullback_ma50,normal,0.0,0.0,0.026,0.297,,"1W A2 정배열 긍정적이나 1D A4 하락 첫 시도, 1M A3 토핑 박스권. TF 분리. 1D MA50(135188) 지지 확인 후 1D MA10/20 회복 시 pass 상향 가능.",False,오리온,5420403697200
002355,27.4,watch,A2,A2,A4,pullback_ma20,breaking,normal,0.0,0.3,-0.031,0.128,,월봉/주봉 A2 상승 추세이나 일봉은 A4 MA 아래 첫 이탈. TF 충돌. 주봉 눌림목(MA20 근접)은 매력적이나 일봉 확인 후 진입 필요.,False,넥센타이어1우B,26715000000
282330,27.0,watch,B4,B5,A2,pullback_ma10,pullback_ma10,normal,0.0,0.0,-0.014,0.291,drawdown_deep,"1W B5 정배열 복귀 확인, 1D A2 tight 수렴. 1M 혼합으로 분리. 1W MA10 풀백 확정 시 pass 격상 가능. 현재 관망.",False,BGF리테일,2231352264600
036580,27.0,watch,B3,B4,A4,pullback_ma10,breaking,normal,0.0,0.0,-0.107,0.206,drawdown_deep,"1W=B4(MA50 정배열 하에 반등 시도), 1D=A4(급등 후 급락 역배열), 1M=B3(장기 하락 후 바닥권). TF 간 충돌. 1W MA50 지지 여부가 핵심 관건.",False,팜스코,98430887240
005750,27.0,watch,B4,A2,A4,pullback_ma10,breaking,normal,0.0,0.0,-0.077,0.048,,주봉 A2 정배열 눌림목 대 일봉 A4 MA 이탈 충돌. 월봉 B4 상승 시도와 주봉 A2 긍정 구조가 있으나 일봉 조정 미완. 주봉 MA20(5309) 지지 여부 확인 후 재진입 검토.,False,대림바스,83293044800
005725,27.0,watch,A3,A3,A3,pullback_ma10,pullback_ma10,dry,0.0,0.0,0.036,-0.002,"zombie,drawdown_deep","전 TF A3 정합, 급등 후 피크권 박스 횡보. 거래량 크게 감소하여 추세 소진. MA 수렴 후 방향 결정 대기 필요. zombie 자동 플래그 확인.",False,넥센우,16868811000
023590,27.0,skip,A2,A4,B2,breaking,riding,normal,0.0,0.0,-0.058,0.015,drawdown_deep,"1M 정배열 A2 대추세 상승권이나, 1W A4(MA10/20 이탈), 1D B2(역배열 하락) 충돌. 큰 그림 상승 추세 내 중단기 하락 조정이 진행 중. 일봉 추세가 회복되기 전까지 매수 근거 부족.",False,다우기술,1878669340800
000215,27.0,watch,B3,B4,A4,pullback_ma50,breaking,normal,0.0,0.0,-0.137,0.055,drawdown_deep,1W B4(상승 첫 시도)이나 1D A4(하락 첫 시도)로 TF 충돌. 장기 1W 정배열 구조는 긍정적이나 단기 1D 하락 압력이 강함. 1W MA50(25088) 지지 확인 후 재평가.,False,DL우,44091907250
001200,27.0,watch,B4,A2,A4,pullback_ma10,pullback_ma50,normal,0.0,0.0,0.094,0.356,,"1W A2 정배열 상승 추세, 1D A4 하락 첫 시도(MA50 근접). MA50 지지 확인 시 1W 눌림목 매수 가능. MA50 이탈 시 skip 전환.",False,유진투자증권,504674037780
120115,27.0,watch,B4,A2,A4,pullback_ma10,breaking,normal,0.0,0.0,-0.097,0.066,,주봉 A2 정배열(긍정)이나 일봉 A4 MA 붕괴(부정) 충돌. 단기 조정 깊이에 따라 주봉 MA20(27662) 지지 확인이 핵심. 일봉 안정화 후 재진입 검토.,False,코오롱인더우,75562578000
012510,27.0,watch,A2,A2,A3,pullback_ma10,riding,normal,0.0,0.0,0.006,0.282,,월봉/주봉 A2 정합 강세이나 일봉 A3 고착 횡보. 거래량 급감(일봉 vol 0.126)과 ATR 극소로 방향성 돌파 임박 가능. 상방 돌파 확인 시 pass 전환 가능.,False,더존비즈온,3777359160000
000070,26.4,skip,B3,A4,B2,pullback_ma50,breaking,normal,0.0,0.3,-0.095,0.007,,1D B2 하락 추세 우세. 1W는 정배열이나 MA 삼선 아래로 이탈(A4). 1M 장기 하락 후 회복 초기 국면. 1D MA 역배열 해소 전 진입 부적합.,False,삼양홀딩스,457251949900
001250,26.0,skip,A4,A4,B2,breaking,breaking,normal,0.0,0.0,-0.037,0.546,drawdown_deep,"월봉·주봉은 A4(하락 첫시도), 일봉은 B2(하락 지속)로 TF간 분리. 고점 급등 후 급격한 되돌림 진행 중이며 일봉 MA10/MA20 하방 이탈 확인. MA50 지지 여부 미확정. 매매 회피.",False,GS글로벌,294232868660
004020,26.0,watch,B4,B5,B2,pullback_ma10,breaking,normal,0.0,0.0,0.066,0.228,,"주봉 B5 상승 retest 구간(매력적)이나 일봉 B2 하락 추세 충돌. 일봉 MA50(38,976) 회복 시 주봉 신호 유효해짐 — 현재는 관망.",False,현대제철,5684790441000
010950,26.0,watch,B4,A2,A5,pullback_ma10,breaking,normal,0.0,0.0,-0.062,0.3,drawdown_deep,주봉 A2 강세(ADX 65) vs 일봉 A5 하락 retest 충돌. 주봉 MA20(109k) 지지 확인 여부가 핵심. 일봉 되돌림 완료 신호 대기.,False,S-Oil,12429140236800
092780,26.0,watch,B3,B4,B4,pullback_ma20,pullback_ma10,normal,0.0,0.0,0.132,0.437,drawdown_deep,1W/1D 모두 B4(첫 상승 시도) 단계이나 반등 미확정. 월봉 급등-반전 패턴 이후 조정 중. MA50 지지 여부 확인 후 진입 검토 필요.,False,DYP,65973984600
451800,26.0,watch,B4,B5,B2,pullback_ma20,breaking,normal,0.0,0.0,-0.067,0.158,,"1W B5 buy zone 신호이나 1D B2 단기 하락 추세로 TF 충돌. 주봉 MA20(5,150) 지지 확인 및 일봉 MA 회복 전까지 관망. 1M 이력 부족으로 장기 사이클 불확실.",False,한화리츠,966248000000
007860,26.0,skip,A3,B3,B2,riding,riding,normal,0.0,0.0,-0.056,-0.091,drawdown_deep,"1D 역배열 B2, 1W 바닥 다지기 B3, 1M 고점 이탈 A3로 TF 분리. 월봉 90일 수익률 +137% 급등 후 조정 중이며 일봉 하락 추세 지속. 주봉 반전 신호 확인 전 관망.",False,서연,219771339840
049800,26.0,watch,B3,B4,B4,pullback_ma20,pullback_ma10,normal,0.0,0.0,-0.084,0.183,drawdown_deep,"1W B4 상승 시도, 1D 전 MA 하방 되밀림으로 충돌. 주봉 급등의 이격 소화 중. MA50 지지 여부 확인 필요.",False,우진플라임,43000000000
000140,25.8,watch,B3,B2,B3,riding,riding,normal,0.0,0.6,-0.052,-0.129,"drawdown_deep,accumulation_suspect","1D 매집 신호(accumulation_score 0.6) 확인되며 B3 바닥 다지기 가능성. 그러나 1W B2 하락 지속 중. 주봉 반전 신호 없이 일봉 매집만으로 진입 부적합. 주봉 MA10(8,984) 돌파 확",False,하이트진로홀딩스,202130923150
001067,25.8,watch,A5,B2,B2,riding,riding,normal,0.3,0.6,-0.079,-0.139,"drawdown_deep,accumulation_suspect",1W/1D B2 정합(강한 하락). 1D accumulation_score 0.6 매집 의심 신호 존재. 하락 추세 강하나 1D 최하단 권에서 거래량 누적 가능성 주목. B3 전환 여부 관찰 필요.,False,JW중외제약2우B,10561641900
138040,25.4,watch,A3,B3,B3,pullback_ma10,pullback_ma10,normal,0.0,0.3,-0.028,-0.001,accumulation_suspect,"월봉 A3 토핑, 주봉/일봉 B3 다지기. 일봉 강양봉 holding + accumulation_score 0.3으로 매집 징후 미약. 일봉 MA10 돌파 + 거래량 동반 시 B4 전환 watch. 현재는 관망.",False,메리츠금융지주,17822484574500
001720,25.0,skip,A2,A4,B2,breaking,riding,distribution_suspect,0.0,0.0,-0.082,0.26,"drawdown_deep,parabolic","1D B2 역배열 하락, 1W A4 MA 이탈 — 단기 TF 명확한 하락. 1M만 A2 정배열이나 parabolic 이후 되돌림 구간. drawdown_deep + parabolic. 1D MA 정배열 복귀 전까지 ",False,신영증권,3047976000000
000880,25.0,watch,A2,A2,A4,pullback_ma10,pullback_ma50,normal,0.0,0.0,0.069,0.444,,월봉·주봉 A2 강세 정합이나 일봉 A4 하락. 주봉은 MA10/MA20 sandwich에서 안정적 지지 중. 일봉 MA50 지지 여부가 관건. ADX 월봉 61로 장기 추세 강도 탁월.,False,한화,10364664093000
336260,25.0,watch,A2,A2,A4,pullback_ma10,pullback_ma20,normal,0.0,0.0,1.165,1.461,parabolic,"월봉·주봉 A2 강세 정배열이나 일봉 A4 전환 — 96,700 고점 후 일봉 조정 단계. parabolic 플래그. MA20(71,100) 지지 확인 후 재진입 고려.",False,두산퓨얼셀,6536273854800
001750,25.0,watch,A2,A2,A4,pullback_ma20,breaking,normal,0.0,0.0,-0.037,0.208,parabolic,"1M/1W A2 상승 추세, 1D A4 하락 첫 시도 — TF 충돌. parabolic(1M ret_90d=2.37). 1W MA20 지지 후 1D 회복 확인 필요. 현재 신규 진입은 보류.",False,한양증권,308666949500
005880,25.0,watch,A1,A2,A4,pullback_ma10,pullback_ma50,normal,0.0,0.0,0.061,0.385,,"1W A2 강세 유지(ADX 58), 1M/1D 는 단기 고점 후 조정 단계. 1D MA50 지지 확인 시 pass 상향 가능. 현재 관망.",False,대한해운,818164506900
028050,25.0,watch,A2,A2,A4,pullback_ma10,pullback_ma50,normal,0.0,0.0,0.038,0.951,,월봉·주봉 A2 강세이나 일봉 A4 하락 확인. 주봉 MA10 접촉 구간(핵심 지지)에서 반등 확인 시 pass 전환 가능. 일봉 MA50 이탈 여부 모니터링 필요.,False,삼성E&A,10760400000000
001550,25.0,watch,B3,B4,A5,pullback_ma50,breaking,accumulation_suspect,0.0,0.0,-0.232,0.09,"drawdown_deep,accumulation_suspect",주봉 B4(상승 시도)이나 일봉 A5(하락 retest 확인 국면). TF 충돌. 월봉 거래량 폭증(매집 의심)이 긍정적이나 일봉 하락 추세 미종료. 일봉 MA10 회복 확인 필요.,False,조비,64695297940
029460,25.0,watch,A2,A2,A4,pullback_ma20,pullback_ma50,normal,0.0,0.0,0.095,0.12,,"월봉/주봉 A2 상승 추세 유지, 일봉 A4(첫 하락) 충돌. 주봉 MA20 지지 여부 핵심. 풀백 깊어지면 skip으로 하향 가능.",False,케이씨,400045420500
007660,25.0,watch,A2,A2,A4,pullback_ma10,pullback_ma50,normal,0.0,0.0,0.16,0.072,parabolic,월봉·주봉 A2이나 일봉 A4 하락 확인. 주봉 MA20 및 일봉 MA50 지지 동시 테스트 중. 90일 월봉 2043% 극단적 상승은 parabolic 경계. 지지 확인 후 재검토 권장.,False,이수페타시스,10262608816200
090460,25.0,watch,A1,A2,A4,pullback_ma10,pullback_ma10,normal,0.0,0.0,0.453,0.994,,주봉 A2 정배열 강세 명확. 월봉 A1 추세 초기. 일봉 A4 첫 하락 이탈 진행 중. 주봉 MA10(28575) 풀백 확인 후 pass 전환 가능. 현재 일봉 이탈 미확정으로 watch.,False,비에이치,1375430750400
006405,25.0,watch,A1,A2,A4,pullback_ma10,pullback_ma50,normal,0.0,0.0,0.289,0.767,parabolic,1W A2 강세이나 1D에서 고점 이후 하락 시도(A4). 1M 기준 90일 수익률 +248% 과열. 1W MA10(274K) 지지 확인 후 재진입 기회 탐색.,False,삼성SDI우,497503020000
007815,25.0,watch,A2,A2,A4,pullback_ma10,pullback_ma50,normal,0.0,0.0,0.138,0.389,,"1M/1W A2 강세 정합이나 1D 에서 MA50 까지 pullback 진행 중, MA50 지지 확인 후 재진입 검토 필요",False,코리아써우,63889069500
044450,25.0,watch,A2,A2,A4,pullback_ma20,breaking,normal,0.0,0.0,-0.054,0.221,,1M/1W A2 정배열이나 1D A4 하락 시도. 1W MA20 터치(-0.01%) 분기점. 주봉 MA20 지지 확인 시 pass 전환 가능. 현재는 관망.,False,KSS해운,243786892800
009320,25.0,watch,B3,B3,B3,riding,pullback_ma50,normal,0.0,0.0,-0.035,0.077,drawdown_deep,전 TF B3 정합(바닥 다지기 중). MA 수렴 박스권. 일봉 MA50 회복+돌파 시 B4→B5 전환 가능. 주봉 ADX 38로 방향성 임박. 현재는 관망.,False,아진전자부품,48313774600
008350,25.0,watch,B4,B4,A4,pullback_ma10,breaking,accumulation_suspect,0.0,0.0,-0.216,0.341,"drawdown_deep,accumulation_suspect","월봉/주봉 B4(상승 시도) 이나 일봉 A4(하락 retest) 충돌. 주봉 MA20 지지(1,650) 확인 시 pass 전환 가능. 일봉 복귀 확인 대기.",False,남선알미늄,212464182140
457190,25.0,skip,A1,A4,B2,breaking,riding,distribution_suspect,0.0,0.0,-0.057,0.504,drawdown_deep,1D/1W B2/A4 모두 MA 이탈 하락. 1M A1은 bars 37개로 신뢰도 낮음. drawdown_deep. 1D MA50(103k) 회복 전까지 skip.,False,이수스페셜티케미컬,3040018523200
093050,25.0,watch,A2,A2,A4,pullback_ma10,pullback_ma50,normal,0.0,0.0,-0.021,0.371,accumulation_suspect,1M/1W A2 강세이나 1D A4 MA 아래 조정 중. 1D 마지막봉 고거래량 아래꼬리봉(accumulation_score=0.6)이 매집 의심 신호. MA50 지지 확인 후 진입 가능.,False,LF,688602000000
000150,25.0,watch,A2,A2,A4,pullback_ma10,pullback_ma20,normal,0.0,0.0,0.371,0.852,parabolic,1M/1W A2 강세 유지이나 1D A4 MA10/20 하향 이탈 진행. 파라볼릭 상승 이후 조정. MA20(161만) 지지 여부 확인 후 재진입 검토.,False,두산,29132709165000
025540,25.0,watch,A2,A2,A4,pullback_ma10,pullback_ma50,normal,0.0,0.0,0.077,0.133,,"1M/1W A2 정배열 강세이나 1D에서 MA20 이탈 후 MA50 테스트 중(A4). 큰 그림 추세는 양호, 단기 일봉 안정화 확인 후 진입 적기.",False,한국단자,854717500000
009150,25.0,watch,A2,A2,A2,riding,riding,normal,0.0,0.0,1.296,2.959,parabolic,"전 TF A2 정합 강세, 일봉 거래량 breakout 신호. 그러나 월봉 MA10 이격 +156%로 배치 중 가장 극단적 과열. ADX 64.6(주봉). 신규 진입보다 보유 종목 트레일링 구간.",False,삼성전기,118090733376000
002220,25.0,watch,A2,A2,A4,pullback_ma10,pullback_ma50,normal,0.0,0.0,0.176,-0.09,,1M/1W A2(정배열 상승 추세 지속)이나 1D A4(일봉 MA10/20 이탈 조정). 큰 그림 상승 추세이나 단기 조정 완료 미확인. 일봉에서 MA50 지지 + 반등봉 확인 시 pass 가능. 현재 watch.,False,한일철강,122140879500
267260,25.0,watch,A2,A2,A4,pullback_ma10,pullback_ma50,normal,0.0,0.0,0.192,0.278,parabolic,"1M ret_30d=+1167%, ret_90d=+4400% 극단적 parabolic. 1M ADX 69로 초강세이나 1D MA10/20 이탈 후 MA50 테스트 중(A4). 1W MA10 이탈. TF 분리. par",False,HD현대일렉트릭,41886770870000
011760,25.0,watch,A2,A2,A4,pullback_ma10,breaking,normal,0.0,0.0,-0.035,0.238,,월봉/주봉은 A2 정배열 유지이나 일봉에서 A4(하락 첫 시도)로 MA 전체 이탈. TF 충돌 상태. MA50 지지 확인 후 재진입 고려.,False,현대코퍼레이션,380994220800
078520,25.0,watch,A1,A2,A4,pullback_ma10,pullback_ma50,normal,0.0,0.0,0.162,0.314,,"월봉 A1 초입, 주봉 A2 상승 중이나 일봉 A4 이탈 진행. MA50 지지 확인 시 watch→pass 전환 가능. 분리 상태.",False,에이블씨엔씨,349630323840
229640,25.0,skip,A3,A4,A4,breaking,pullback_ma20,distribution_suspect,0.0,0.0,0.721,1.033,"parabolic,drawdown_deep,distribution_suspect","전 TF 파라볼릭 후 하락 분배 정합. 1D A4 MA20 이탈, 1W A4 하락 중, 1M A3 고점 분배. 매매 회피.",False,LS에코에너지,2508177590100
003920,25.0,watch,B3,B3,B3,riding,pullback_ma10,normal,0.0,0.0,-0.068,-0.061,"drawdown_deep,accumulation_suspect",전 TF B3(바닥 다지기) 정합. 일봉 accumulation_candle_score 1.0 + 거래량 spike 강한 매집봉 신호. 주봉 도지+아래꼬리 지지. B4/B5 전환 임박 가능성 있어 watch 판정. ,False,남양유업,296100000000
069960,25.0,watch,A1,A2,A4,pullback_ma10,pullback_ma20,normal,0.0,0.0,0.366,0.23,,"1M/1W 상승 추세 유지(A1/A2), 1D A4 MA20 하방 이탈로 분리. 1D MA20 반등 확정 시 pass 격상 가능. 현재 관망.",False,현대백화점,2309602075200
017940,25.0,watch,A2,A2,A4,pullback_ma50,breaking,normal,0.0,0.0,-0.08,0.074,,"1M/1W A2 정배열 강세 유지, 1D는 A4(단기 MA 이탈). 1W MA50 지지 여부가 관건.",False,E1,620144000000
010120,25.0,watch,A2,A2,A4,pullback_ma10,breaking,normal,0.0,0.0,0.492,1.424,parabolic,"1M/1W A2 강세이나 1D는 MA10·MA20 모두 하향 이탈(A4 전환), TF 충돌 — 일봉 반등 확인 필요",False,LS ELECTRIC,42675000000000
267250,25.0,watch,A2,A2,A4,pullback_ma20,breaking,normal,0.0,0.0,0.066,0.326,,"월봉/주봉 A2 강세 기조 유지, 일봉은 MA10/20 이탈 후 MA50 근접 A4 조정. 큰 그림 상승 추세 훼손 없으나 단기 일봉 MA50 지지 확인 필요. 주봉 MA20 풀백 이후 반등 확인 시 pass 전환 ",False,HD현대,23144973905000
002960,25.0,watch,A2,A2,A2,riding,riding,normal,0.0,0.0,0.124,0.281,parabolic,1W/1M A2 강세이나 1M ret_30d=+131% 페러볼릭 위험. 1D ADX 18로 일봉 추세 약함. 신고가 후 과열 조정 가능성 있어 watch.,False,한국쉘석유,683800000000
082740,25.0,watch,A2,A2,A4,pullback_ma10,pullback_ma20,normal,0.0,0.0,0.571,0.604,parabolic,"1M/1W A2 정합이나 1D A4 하락 진입 분리. parabolic 과열(ret_90d 1824%). 1D MA20(77,605) 회복 확인 후 재진입 검토.",False,한화엔진,6609013646400
280360,25.0,watch,B3,B3,B3,riding,pullback_ma10,normal,0.0,0.0,0.068,0.059,drawdown_deep,1M/1W/1D 모두 B3 바닥 다지기 정합. MA cluster 밀집 + tight 횡보. 일봉 강양봉 holding=true 긍정적. MA 돌파 방향 확인 후 pass 전환 가능. 현재 watch.,False,롯데웰푸드,1098105678200
298040,25.0,watch,A2,A2,A4,pullback_ma10,pullback_ma20,normal,0.0,0.0,0.355,0.934,parabolic,"1M/1W A2 정합이나 1D가 MA10·MA20 하향 이탈(A4 전환), parabolic 극단 구간 — 일봉 반등 확인 대기",False,효성중공업,36356412652000
025530,24.4,watch,B3,B3,B4,pullback_ma10,pullback_ma20,dry,0.3,0.3,0.015,-0.011,drawdown_deep,1M/1W B3 박스+거래량 부재 vs 1D B4 상승 시도 중 충돌. 1D 강양봉 holding 유지 및 MA 클러스터 수렴으로 돌파 여부 주시 필요. 장기 거래량 dry 우려,False,SJM홀딩스,54882479400
100250,24.4,skip,B3,B2,B3,riding,riding,dry,0.0,0.3,0.0,0.012,,전 TF 공통적으로 역배열/혼합+수렴 박스. 월봉/주봉/일봉 모두 방향성 없는 dead zone. 거래량 감소 추세. 돌파 신호 나오기 전까지 관망 불필요.,False,진양홀딩스,192019500000
001450,24.0,pass,B5,A2,A2,riding,pullback_ma10,normal,0.0,0.0,0.225,0.182,accumulation_suspect,"1M B5/1W A2/1D A2 전체적 상승 추세 확인. 1W 38,350원 강양봉 holding=true. 1M 당월 강양봉 holding=true. ADX 전 TF 양호(25~36). 1D 고거래량 음봉 분배 경",False,현대해상,3162710075000
024110,24.0,skip,A2,A5,B2,breaking,breaking,normal,0.0,0.0,-0.06,-0.031,drawdown_deep,"1M 장기 A2 유지이나 1W A5 retest 실패, 1D B2 역배열 하락. 큰 TF 하락 추세 확인. 일봉 holding 양봉 있으나 구조적 역배열 미해소.",False,기업은행,16666200662100
012800,24.0,watch,B4,A2,A4,pullback_ma10,pullback_ma20,normal,0.0,0.0,0.132,0.033,drawdown_deep,1W A2 정배열 강세 추세 + 1D A4(MA위아래 진입). 풀백 중이며 MA50(1479) 지지 여부가 관건. 반등 확인 후 pass 격상 가능. drawdown_deep 내포.,False,대창,152478054827
093370,24.0,skip,A1,A4,A5,pullback_ma10,breaking,distribution_suspect,0.0,0.0,0.129,0.444,"drawdown_deep,distribution_suspect",월봉 급등(A1) 이후 주봉·일봉에서 고점권 분배 확인. 거래량 4배 이상 급등 후 하락 전환으로 distribution_suspect. MA 이탈 진행 중으로 매매 회피.,False,후성,1408262482900
456040,24.0,watch,B4,A2,A4,pullback_ma10,breaking,normal,0.0,0.0,0.182,0.924,drawdown_deep,1W A2 정배열 유지이나 1D A4 하락 첫 시도로 TF 충돌. MA50 지지 확인이 반등 조건. drawdown_deep 플래그. 1M 봉수 부족(37봉)으로 장기 신뢰도 낮음.,False,OCI,1128909619500
042660,24.0,skip,A2,A4,B2,breaking,breaking,normal,0.0,0.0,-0.094,-0.078,,1M은 상승 추세 유지이나 1W/1D 모두 MA 하향 이탈 및 역배열 — 중단기 하락 추세 확인으로 회피,False,한화오션,41641580244600
001430,24.0,skip,A3,A4,B2,breaking,breaking,normal,0.0,0.0,-0.08,0.108,drawdown_deep,"월봉 A3/A4, 주봉 A4, 일봉 B2 — 모든 TF에서 피크 이후 하락 전환 확인. 1D 전체 MA 아래 역배열 진입. 재상승 신호 없음.",False,세아베스틸지주,2431451668200
001560,24.0,watch,A1,A4,B1,pullback_ma50,breaking,normal,0.0,0.0,-0.055,0.043,,"월봉 A1(상승 출발), 주봉 A4(하락 첫 시도), 일봉 B1(하락 시작) 충돌. 큰 그림 월봉 정배열은 긍정적이나 중단기 조정 압력 강함. 주봉 MA50 지지 여부가 핵심 — 10,000 이탈 시 skip 전환 ",False,제일연마,78584000000
017800,24.0,watch,A1,A4,B2,breaking,breaking,normal,0.0,0.0,-0.081,-0.067,accumulation_suspect,1M A1 상승 출발 상태이나 1W/1D는 A4/B2로 중단기 하락 충돌. 1D 거래량 폭증+하단 위꼬리 매집 의심(accumulation_suspect). MA10/20/50 모두 아래 -11~14% 이격. 1D ,False,현대엘리베이터,3283760340000
030610,24.0,watch,A2,A2,A5,pullback_ma20,breaking,normal,0.0,0.0,0.008,0.219,drawdown_deep,1M/1W는 A2 상승 추세로 MA20 풀백 중이나 1D는 A5 하락 retest 단계. 일봉 MA50 복귀 확인 후 진입 검토.,False,교보증권,1442771086260
375500,24.0,skip,A1,A4,A5,breaking,breaking,distribution_suspect,0.0,0.0,-0.036,0.804,"drawdown_deep,parabolic,distribution_suspect","1D A5(하락 retest 확정), 1W A4(하락 첫 시도) — 단기 TF 하락 충돌. 1M 장기 A1 상승 전환 시도 중이나, 단기 분배 압력 강함. parabolic + drawdown_deep + distr",False,DL이앤씨,3238656245100
005830,24.0,watch,A2,A4,B1,pullback_ma20,breaking,normal,0.0,0.0,-0.041,0.229,accumulation_suspect,월봉 A2 장기 상승 vs 주봉 A4 단기 하락 시도 vs 일봉 B1 하락 첫 봉. 일봉 고거래량 도지(breakout 이상)는 바닥 탐색 가능성. 일봉 MA10(164k) 회복 여부 확인 필요.,False,DB손해보험,9811952280200
092230,23.4,watch,A2,A2,A3,pullback_ma10,pullback_ma50,normal,0.0,0.3,0.029,0.176,,"월봉/주봉 A2 상승추세, 일봉 A3(토핑 횡보). MA50 지지 확인 후 반등 시 pass로 격상 가능. 현재 수렴 구간 관망.",False,KPX홀딩스,364586949800
036460,23.4,watch,B3,B3,B4,pullback_ma20,bounce_ma50,normal,0.0,0.3,0.047,-0.049,"drawdown_deep,accumulation_suspect","월봉/주봉 B3 바닥 다지기, 일봉 B4 상승 시도 진행 중. accumulation_suspect 초기 신호(일봉 acc_score 0.3). MA10/20 상향 돌파 확인 시 pass 전환 가능.",False,한국가스공사,3429427950000
002450,23.4,watch,B5,A1,A2,bounce_ma20,pullback_ma10,normal,0.0,0.3,0.125,0.107,,1D A2 정배열 상승 중이나 1M 장기 하락 추세에서 막 반등한 B5 단계. ADX 15(1W)로 추세 약함. 신고가(-2.2%) 임박하나 1M 박스 상단 저항 존재. 1D 추가 확인 후 진입 검토.,False,삼익악기,118323905905
377740,23.0,watch,B3,B3,B3,pullback_ma10,riding,normal,0.0,0.0,0.011,-0.093,drawdown_deep,전 TF B3 바닥 다지기 정합. 1D MA 클러스터(5010~5151)가 강한 저항/지지 역할. 거래량 저조하나 1D 도지 + 하락꼬리로 매집 초기 가능성. 돌파 확인 후 pass 검토.,False,바이오노트,520637705280
058850,23.0,watch,B3,B3,B3,riding,pullback_ma10,dry,0.0,0.0,-0.002,-0.074,drawdown_deep,전 TF B3 정합. MA 수렴 tight 박스권. 거래량 dry 상태로 돌파 에너지 부족. B4 전환 대기 관망.,False,KTcs,107651570000
210980,23.0,watch,B3,B3,B3,pullback_ma10,riding,normal,0.0,0.0,-0.061,-0.088,drawdown_deep,전 TF B3(바닥 다지기) 정합. MA 수렴 + 낮은 거래량 횡보. 돌파 신호 미확인. 주봉 MA50 지지 및 거래량 동반 상승 확인 시 재판정.,False,SK디앤디,227318234220
005070,23.0,watch,B3,B3,B3,pullback_ma50,riding,normal,0.0,0.0,-0.099,0.054,drawdown_deep,"전 TF B3 정합. 피크 대비 -80% 큰 낙폭 후 현재 박스권 횡보. MA 수렴 진행, 거래량 감소. 돌파 신호(MA20 회복 + 거래량) 대기 필요.",False,코스모신소재,1866658890200
130660,23.0,skip,A3,A4,B2,breaking,riding,distribution_suspect,0.0,0.0,-0.198,0.364,"drawdown_deep,parabolic","1M 페러볼릭(+302%) 후 토핑, 1W A4 MA 이탈, 1D B2 역배열 정합. 급등 후 전 TF 붕괴 구조. 회피.",False,한전산업,499432000000
057050,23.0,watch,B4,A2,A3,pullback_ma10,pullback_ma50,normal,0.0,0.0,0.033,0.517,,"1W A2 강세 유지(holding=true), 1D A3 토핑 횡보로 분리. MA50 지지 확인 후 1W 구조 살아있으면 재진입 검토 가능.",False,현대홈쇼핑,998400000000
096760,23.0,watch,B4,A2,A3,pullback_ma10,pullback_ma10,normal,0.0,0.0,-0.024,0.076,,"월봉 B4(상승 시도), 주봉 A2(상승 지속), 일봉 A3(토핑 횡보)으로 분리. 중장기 상승 추세이나 일봉 토핑 징후. 주봉 MA10 지지 확인 시 pass 상향 가능.",False,JW홀딩스,284611026700
004380,23.0,pass,B3,B4,A1,bounce_ma50,riding,accumulation_suspect,0.0,0.0,0.034,0.034,"drawdown_deep,accumulation_suspect",일봉 A1(상승 출발)+주봉 B4(상승 첫 시도) 중장기 TF 정합. 주봉 vol_avg 15배+holding=true로 강한 매집 시그널. 월봉 B3 바닥권. 분리이나 방향성 상방으로 수렴 중. pass 판정.,False,삼익THK,276966000000
047040,23.0,skip,A3,A3,A4,pullback_ma10,breaking,normal,0.0,0.0,0.54,5.949,"parabolic,drawdown_deep,distribution_suspect",전 TF A3~A4. 페러볼릭(1M ret_90d +436%) 후 고점 분배 국면. 일봉 MA10/20 모두 이탈. 거래량 급감 + 분배 의심. 주봉 MA10(25.7k) 하방 이탈 시 추가 하락 가능.,False,대우건설,12429956049500
090350,23.0,skip,B3,B3,B2,riding,riding,normal,0.0,0.0,-0.049,-0.05,drawdown_deep,월봉/주봉 B3(바닥 다지기) vs 일봉 B2(지속 하락) 분리. 장기 박스권 하단 접근 중이나 일봉 하락 추세 미전환. 주봉 MA 수렴 이후 돌파 신호 대기 필요.,False,노루페인트,163000000000
052690,22.0,skip,A2,A4,B2,pullback_ma20,riding,normal,0.0,0.0,-0.159,0.414,drawdown_deep,"1M A2 장기 긍정이나 1W A4 하락 첫 시도, 1D B2 지속 하락으로 TF 충돌. drawdown_deep 플래그. 1D MA10(157900) 회복 전까지 skip.",False,한전기술,5648916000000
003540,22.0,skip,A3,A5,B2,pullback_ma50,breaking,normal,0.0,0.0,-0.141,0.128,drawdown_deep,"1M A3(토핑 조정), 1W A5(하락 retest), 1D B2(하락 지속). 전 TF 하락 방향 정합. drawdown_deep 플래그.",False,대신증권,1641479096050
139480,22.0,watch,B4,B4,B2,pullback_ma10,riding,normal,0.0,0.0,-0.029,0.061,drawdown_deep,"월봉/주봉 B4 회복 시도이나 일봉은 B2 하락 진행 중으로 충돌. 일봉 118,700 강양봉 무너짐(holding=false), 일봉 MA50 하방 이탈. 주봉 MA50 지지 확인 후 재평가 필요.",False,이마트,2566411167000
298020,22.0,watch,A1,A2,A4,pullback_ma20,pullback_ma50,normal,0.0,0.0,-0.055,0.807,drawdown_deep,"1W A2 정배열 상승 추세(MA20 근처 풀백), 1D A4 조정. 큰 그림 상승 추세 유효이나 일봉 MA 이탈 상태로 재진입 타이밍 대기 필요. 1W MA20 지지 확인 시 pass 전환 검토.",False,효성티앤씨,1770021938000
015860,22.0,watch,A2,A2,A4,pullback_ma10,pullback_ma20,normal,0.0,0.0,0.504,0.468,"parabolic,drawdown_deep","1M/1W A2 강세 유지, 1D A4 하락 진입 충돌. 큰 그림 상승 추세 훼손 전이나 1D MA20 하단 진입으로 단기 위험. 1D MA20 회복 여부 관찰 후 재평가.",False,일진홀딩스,511239923880
003530,22.0,watch,A2,A2,A4,pullback_ma50,breaking,normal,0.0,0.0,-0.053,0.256,drawdown_deep,1M/1W 큰 그림은 A2 상승 추세이나 1D는 A4 하락 첫 시도 단계. TF 충돌 상태로 1W MA50 지지 여부 확인 필요.,False,한화투자증권,1446052003500
005440,22.0,watch,A2,A2,A4,pullback_ma10,breaking,normal,0.0,0.0,-0.009,0.677,drawdown_deep,"월봉/주봉 A2 강한 정배열, 일봉 A4 전환 중. 주봉 MA10 근방 pullback으로 trend_pullback 후보지만 일봉 방향 확인 필요. 페러볼릭 위험(월봉 30일 257%) 있으나 고점 이후 -31% ",False,현대지에프홀딩스,2213841074200
010130,22.0,skip,A3,A5,B2,breaking,breaking,normal,0.0,0.0,-0.113,0.102,drawdown_deep,"1D 역배열 하락추세, 1W A5 retest 확정. 1M은 장기 정배열이나 현재 조정 깊음. drawdown_deep 자동 플래그. 전 TF 매도 압력.",False,고려아연,30307550988000
001440,22.0,watch,A2,A2,A4,pullback_ma10,pullback_ma20,normal,0.0,0.0,0.799,0.992,"parabolic,drawdown_deep",월봉·주봉 A2 정배열 상승추세 유지이나 일봉 A4 하락 첫 시도 확인. MA20 직하단에서 도지로 소화 중. parabolic 위험 플래그 + drawdown_deep 동반. 주봉 MA10 수렴 여부 확인 후 재진,False,대한전선,10544401664800
010060,22.0,watch,A2,A2,A4,pullback_ma10,pullback_ma50,normal,0.0,0.0,0.282,1.601,"parabolic,drawdown_deep",1M/1W A2 상승 추세 확인이나 1D A4 하락 첫 시도로 TF 충돌. parabolic+drawdown_deep 플래그. 1D MA50(253078) 지지 확인 후 1W MA10(271310) 유지 여부 체크 ,False,OCI홀딩스,6515910968000
001080,22.0,watch,A2,A2,A4,pullback_ma10,pullback_ma50,normal,0.0,0.0,0.002,0.155,drawdown_deep,"1W/1M 정배열 A2 유지, 1D에서 MA 전체 이탈 후 A4 진입. 주봉 MA10 지지권(5000~5100)에서 긴 아래꼬리 도지로 지지 신호 나타남. 1D 반등 확인 후 재진입 고려.",False,만호제강,214140000000
001040,22.0,skip,A2,A5,B2,breaking,breaking,normal,0.0,0.0,-0.102,-0.064,,"월봉 A2 장기 상승 추세이나 주봉·일봉 A5→B2 하락 전환 확정. 전 MA 아래 위치, 일봉 ADX 24.7 하락 추세 진행 중. MA 회복 확인 전 관망.",False,CJ,5065126852800
161000,22.0,watch,A1,A2,A4,pullback_ma10,pullback_ma20,normal,0.0,0.0,0.18,0.607,drawdown_deep,1W 정배열 A2 강세이나 1D는 A4 조정 진행 중. 1M 상승변곡(A1)로 큰 방향성은 우상향이나 단기 조정 폭 확인 필요. drawdown_deep 리스크 상존.,False,애경케미칼,712217099760
460860,22.0,watch,A1,A2,A4,pullback_ma10,pullback_ma50,normal,0.0,0.0,0.213,0.4,"drawdown_deep,low_history",주봉 A2 상승 추세 vs 일봉 A4 하락 첫 시도 충돌. MA50 지지 여부 확인 필요. 월봉 데이터 부족(low_history). drawdown_deep.,False,동국제강,598272685020
011500,22.0,skip,A2,A4,B2,breaking,riding,normal,0.0,0.0,-0.111,0.165,drawdown_deep,월봉 A2(장기 상승 추세)이나 주봉·일봉 A4/B2로 충돌. 단기 하락 추세 강하고 일봉 신저권. 월봉 큰그림 상승이나 단기 진입 부적합. 일봉 바닥 확인 후 재검토.,False,한농화성,315868248400
123700,21.8,watch,B3,B3,B3,pullback_ma10,pullback_ma50,normal,0.0,0.6,0.017,-0.014,"drawdown_deep,accumulation_suspect","전 TF B3 정합, 1D accumulation_score 0.6 감지, MA 수렴 완료 후 돌파 여부 대기 필요",False,SJM,57660098110
033780,21.4,pass,A2,A2,A2,riding,pullback_ma20,normal,0.0,0.3,0.133,0.25,,전 TF A2 정합. 월봉/주봉/일봉 모두 MA 정배열 우상향. 일봉 MA20 풀백 중으로 trend_pullback 진입 구간. 신고가 대비 -6% 수준으로 건강한 조정.,False,KT&G,18800073581600
003475,21.0,watch,A2,A3,A4,pullback_ma20,pullback_ma50,distribution_suspect,0.0,0.0,0.042,0.106,distribution_suspect,"1M A2 강세이나 1W A3 토핑, 1D A4 하락 시도로 분리, 월봉 위꼬리 도지+distribution_score 0.3으로 고점 경계",False,유안타증권우,57007415980
015360,21.0,watch,A2,A2,A3,pullback_ma10,pullback_ma50,normal,0.0,0.0,-0.016,0.199,parabolic,1M/1W A2 강세 정합이나 1D에서 단기 A3 토핑 신호. 일봉 MA50 지지 확인 후 재진입 고려. 1M parabolic(ret_30d 130%) 주의.,False,INVENI,436000000000
064350,21.0,skip,A2,A4,B2,breaking,breaking,normal,0.0,0.0,-0.097,-0.077,"drawdown_deep,parabolic","1W A4, 1D B2 - 단중기 MA 전체 이탈. 1M A2이나 파라볼릭 이후 급락 중. drawdown_deep. 전 TF 하락 압력, MA 회복 전까지 관망.",False,현대로템,23247308409000
013520,21.0,watch,A2,A2,A3,pullback_ma10,pullback_ma10,normal,0.0,0.0,0.064,0.379,,"1M/1W=A2(강한 상승 추세), 1D=A3(고점 조정). 큰 그림 상승 유효, 단기 조정 진행 중. 일봉 MA50 지지 확인 시 pass 전환 가능.",False,화승코퍼레이션,141144530640
163560,21.0,watch,B3,B3,B4,pullback_ma50,pullback_ma10,normal,0.0,0.0,-0.019,0.003,drawdown_deep,"1M/1W B3 박스 다지기, 1D B4 상승 첫 시도 미확정. 거래량 급증 흔적(1D vol 5배, 1W 강양봉)은 있으나 지지 미확인. 추세 전환 확인 후 진입 검토.",False,동일고무벨트,98829000000
009155,21.0,watch,A2,A2,A3,acceleration,pullback_ma10,normal,0.0,0.0,1.179,2.121,parabolic,월봉/주봉 A2 강세 지속이나 parabolic 위험 수준(ret_30d 4.6배). 일봉은 A3 토핑 횡보 진입. MA10 풀백 후 반등 확인 시 pass 전환 가능하나 현재는 과열 watch.,False,삼성전기우,1520352632000
278470,21.0,watch,A1,A2,A3,pullback_ma10,pullback_ma20,normal,0.0,0.0,0.161,0.801,low_history,"1W A2 MA10 지지 탐색 중, 1D A3 횡보 토핑. 1M 데이터 28봉 low_history로 신뢰도 낮음. 주봉 MA10 반등 확인 후 판단 필요.",False,에이피알,14694475837500
023800,21.0,watch,B3,A2,A3,pullback_ma10,pullback_ma50,accumulation_suspect,0.0,0.0,0.036,0.094,drawdown_deep,"1M B3(바닥 다지기), 1W A2(정배열 상승), 1D A3(토핑 풀백) — TF 충돌. 큰 그림(1W)은 상승 사이클 진입했으나 일봉에서 고점 이후 MA50까지 깊은 풀백 진행. MA50 지지 확인 시 재진입 ",False,인지컨트롤스,113826218400
025000,21.0,watch,A2,A2,A3,pullback_ma20,pullback_ma50,normal,0.0,0.0,0.018,0.102,,월봉/주봉 A2 정합이나 일봉 A3 조정 진행 중. 주봉 MA20 지지 확인 시 pass 전환 가능. 현재 일봉 박스 하단 하락 중이어서 관망.,False,KPX케미칼,227254997100
002020,21.0,watch,A2,A3,A4,pullback_ma10,pullback_ma50,distribution_suspect,0.0,0.0,0.008,0.411,distribution_suspect,"1M A2(장기 상승 유지) 이나 1W A3(토핑), 1D A4(하락 첫 시도). TF 충돌. MA50(63,554) 지지 유지 여부가 핵심. 1D MA50 이탈 시 skip 전환.",False,코오롱,880303776000
005389,21.0,watch,A2,A2,A3,pullback_ma10,pullback_ma50,normal,0.0,0.0,0.059,0.152,parabolic,월봉/주봉 A2 강세지속 vs 일봉 A3 토핑 조정. 페러볼릭 리스크 존재(월봉 90일 +292%). MA50 지지 확인 시 watch→pass 고려. parabolic risk.,False,현대차3우B,612119876000
055550,21.0,watch,A2,A2,A3,pullback_ma10,pullback_ma20,normal,0.0,0.0,0.012,0.168,,"1M A2 강한 장기 추세(ADX 57)이나 1W MA10 터치 풀백, 1D A3 tight 횡보(ADX 23). TF 분리. 105560과 유사한 패턴. 1D MA 수렴 돌파 확인 전 관망. 1D 상향 돌파 시 p",False,신한지주,46136403889200
35320K,21.0,watch,A2,A2,A3,acceleration,pullback_ma10,normal,0.0,0.0,1.074,1.722,parabolic,월봉/주봉 A2 강세이나 파라볼릭 과열. 일봉 A3 토핑 진입. MA10 대비 +117% 과리. 고점 42550 이후 되돌림 중. 풀백 안정 후 재진입 대기 필요.,False,대덕전자1우,88011798000
028260,21.0,watch,A2,A2,A3,pullback_ma10,pullback_ma20,normal,0.0,0.0,0.375,0.425,,"1M/1W A2 정배열 상승이나 1D는 452K 고점 후 급락, MA10 이탈 A3 조짐. TF 분리 상태. 1D MA20(366K) 지지 여부가 관건. 1W holding=false로 풀백 깊어질 수 있음. 분기점",False,삼성물산,69650976039500
051600,21.0,watch,A1,A4,B2,pullback_ma50,breaking,normal,0.0,0.0,-0.068,0.044,drawdown_deep,"1M 정배열 A1 (장기 저점 탈출 유효), 1W A4/1D B2 단기 하락 충돌. 1M 큰 그림 상승 가능성 있으나 단기 재진입 대기 필요.",False,한전KPS,2448000000000
030190,21.0,watch,B4,B2,B4,breaking,bounce_ma10,normal,0.0,0.0,-0.09,-0.106,drawdown_deep,"1D B4(반등 첫 시도, 강양봉 holding) 이나 1W B2(역배열 하락 중) 로 TF 충돌. 1D 반등이 1W MA 저항을 돌파해야 추세 전환 확인 가능.",False,NICE평가정보,860108294200
395400,21.0,skip,A1,A3,B2,pullback_ma50,riding,normal,0.0,0.0,-0.136,-0.054,,"1M A1(상승 변곡 초기, low_history), 1W A3(피크 후 조정), 1D B2(하락 추세). TF 간 방향 충돌로 매수 근거 불충분. 일봉 추세 전환 확인 필요.",False,SK리츠,1733861491200
000660,21.0,watch,A2,A2,A3,acceleration,pullback_ma10,normal,0.0,0.0,0.97,1.404,parabolic,"월봉/주봉 A2 강세 정합이나 일봉은 고점(197.6만) 대비 -12.5% 조정 중 A3 전환. 페러볼릭 ADX(월봉 62.9, 주봉 61.7)와 월봉 MA 이격(110% 이상) 과열 리스크. 일봉 MA10 복귀 확",False,SK하이닉스,1470304978995000
039490,21.0,skip,A2,A3,B2,pullback_ma10,riding,normal,0.0,0.0,-0.136,0.14,,"월봉 A2 강세이나 주봉 A3 토핑, 일봉 B2 하락 전환 TF 충돌. 일봉 역배열+ADX 약화로 매매 회피. 주봉 MA20 이상 복귀 및 일봉 역배열 해소 시 재검토.",False,키움증권,10570011348000
001800,21.0,watch,A2,A2,A3,pullback_ma10,pullback_ma10,normal,0.0,0.0,0.082,0.23,,"1M/1W 는 A2 정배열 상승 추세 유지이나, 1D 는 ADX 15 횡보(A3)로 TF 분리. 단기 박스 돌파 확인 후 매수 적합.",False,오리온홀딩스,1566135550000
003720,21.0,watch,A2,A2,A3,acceleration,pullback_ma20,normal,0.0,0.0,0.434,0.614,parabolic,월봉/주봉 A2 강세이나 90일 +1300% 페러볼릭. 일봉 A3 토핑 징후. parabolic 위험. 풀백 이후 MA50 지지 확인 필요.,False,삼영,349180000000
105560,21.0,watch,A2,A2,A3,pullback_ma10,pullback_ma20,normal,0.0,0.0,0.026,0.2,,"1M A2 강한 장기 추세(ADX 51)이나 1W MA10/20 핀치+doji, 1D A3 tight 횡보(ADX 19 이하). TF 분리 상태. 1D 방향 결정 전까지 관망. 1D 돌파 확인 시 pass 전환 가능",False,KB금융,59581502709000
086790,21.0,watch,A2,A2,A3,pullback_ma10,pullback_ma50,normal,0.0,0.0,0.029,0.218,accumulation_suspect,"1M/1W A2 정합이나 1D MA 수렴·전체 하향 이탈(A3 횡보), 일봉 고거래량 도지 매집봉 신호 — 돌파 방향 확인 필요",False,하나금융지주,33143623958400
005680,21.0,watch,A2,A3,B2,pullback_ma20,riding,normal,0.0,0.0,-0.158,0.224,,"월봉 A2(강한 추세), 주봉 A3(고점 조정), 일봉 B2(단기 역배열) — TF 충돌. 주봉 MA20(-3%) 지지 확인 시 watch→pass 검토. 현재는 일봉 역배열로 watch 유지.",False,삼영전자,345400000000
078930,21.0,watch,A2,A2,A3,pullback_ma10,pullback_ma10,normal,0.0,0.0,0.127,0.268,,"월봉/주봉 A2 정합, 일봉 A3 소폭 토핑. 전체 추세 양호. 일봉 MA10/20 회복 확인 시 pass 격상. 현재 ADX 약화로 단기 방향 미결정.",False,GS,7173067181600
005945,21.0,watch,A2,A2,A3,pullback_ma20,pullback_ma50,normal,0.0,0.0,0.033,0.244,parabolic,1M/1W A2 정합이나 1D에서는 고점 이후 MA 혼합·ADX 약화로 A3 전환 징후. 1M 기준 ret_30d +150% 과열 경계. 1W MA20 지지 여부 확인 후 진입 검토.,False,NH투자증권우,482153232400
139130,21.0,watch,A2,A2,A3,pullback_ma10,pullback_ma20,normal,0.0,0.0,0.072,0.166,,"1M/1W A2 정합으로 중장기 상승 추세 유효하나, 1D에서 A3(토핑 횡보) 신호 — MA10 아래이고 ADX 하락. 큰 TF 우세하나 1D 단기 조정 깊어질 가능성. 1D MA50 근방 지지 확인 필요.",False,iM금융지주,3016529668740
078935,21.0,watch,A2,A2,A3,pullback_ma10,pullback_ma20,normal,0.0,0.0,0.043,0.141,,월봉·주봉 A2 강세이나 일봉은 A3 토핑 박스. 큰 추세는 건재하나 단기 고점 후 조정 구간. 주봉 MA10 지지 확인 후 재상승 여부 대기.,False,GS우,102092047200
007340,21.0,watch,A2,A2,A3,pullback_ma10,pullback_ma20,normal,0.0,0.0,0.221,0.856,parabolic,"월봉/주봉 A2 정배열 유지이나 일봉에서 신고가 후 조정이 진행 중(A3). 월봉 ret_30d +230%, ret_90d +614%로 parabolic 위험. 일봉 MA20 지지 여부 확인 필요.",False,DN오토모티브,2723680765750
079550,21.0,watch,A2,A2,A3,pullback_ma10,pullback_ma50,normal,0.0,0.0,0.028,0.683,,월봉/주봉 A2 강세이나 일봉 A3 토핑 징후. 일봉 MA50 지지 여부가 핵심. MA50 지지 확인 + 거래량 동반 반등 시 pass 전환. 페러볼릭 수준의 상승 후 조정이므로 성급한 진입 자제.,False,LIG디펜스앤에어로스페이스,20218000000000
011690,21.0,skip,A1,A4,B2,breaking,breaking,normal,0.0,0.0,0.069,0.38,drawdown_deep,"1D B2 하락 확정, 1W 고점 후 급락(A4). 1M만 장기 회복 시도 중. TF간 충돌. 1D/1W 명확한 하락 추세로 skip. drawdown_deep 위험.",False,와이투솔루션,225364979160
241560,20.0,watch,A2,A3,B2,pullback_ma20,breaking,normal,0.0,0.0,0.052,0.056,,"1M A2 상승 vs 1D B2 단기 하락 충돌. 1W MA20 지지 여부가 핵심. 주봉 MA20(64,350) 위 복귀 시 pass 상향 가능.",False,두산밥캣,6652410911000
001120,20.0,watch,A2,A2,A4,pullback_ma20,pullback_ma10,normal,0.0,0.0,-0.166,0.334,,"1M/1W A2 정배열 상승 추세 유지, 1D는 A4 조정 진행 중. 큰 그림 A2 우세이나 일봉 MA10 회복이 확인되어야 진입 적합. 현재 watch.",False,LX인터내셔널,1726758000000
030200,20.0,skip,A2,A3,B2,pullback_ma10,breaking,normal,0.0,0.0,-0.073,0.057,,"1M A2 장기 상승이나 1W A3 박스, 1D B2 역배열. 일봉 구조 개선 전 매매 부적합.",False,KT,13810788338000
37550L,20.0,watch,A2,A2,A4,pullback_ma10,breaking,normal,0.0,0.0,-0.111,0.485,parabolic,"1M/1W A2 정배열 장기 상승 구조 유효하나 1D A4 하락 첫 시도로 TF 충돌. 파라볼릭 상승 후 조정 깊어지는 중, 1W MA20(43,148) 지지 여부가 핵심 관전 포인트.",False,DL이앤씨2우(전환),106442330400
267270,20.0,skip,A2,A3,B2,pullback_ma10,breaking,normal,0.0,0.0,0.031,0.398,,"월봉 A2이나 주봉 A3 토핑, 일봉 B2 하락 전환. TF 간 충돌 심화. 일봉 전 MA 이탈 확인. 재진입 전 일봉 MA50 지지 확인 필요.",False,HD건설기계,7969411471100
120110,20.0,watch,A3,A2,A4,pullback_ma10,breaking,normal,0.0,0.0,-0.145,0.676,"drawdown_deep,accumulation_suspect","주봉 A2 정배열 유지, 일봉 A4 MA 하향 이탈 충돌. 일봉 매집봉 신호(acc_score=1.0) 긍정적이나 추세 복귀 미확인. 주봉 MA20 지지 여부가 key.",False,코오롱인더,2308839067200
001500,20.0,skip,A2,A3,A5,pullback_ma20,breaking,distribution_suspect,0.0,0.0,-0.01,0.216,"drawdown_deep,distribution_suspect","1M은 정배열이나 1W/1D는 피크 이후 하락 확인. TF 충돌, 1D A5로 하락 retest 진행 중.",False,현대차증권,655430266400
010140,20.0,watch,A2,A3,B1,pullback_ma10,breaking,normal,0.0,0.0,0.024,0.115,,"1M A2 장기 강세 유지이나 1W A3 토핑 신호, 1D B1 MA 이탈 진행. 장기 추세는 건전하나 단기 조정 폭 확대. MA50 지지 확인 필요.",False,삼성중공업,26972000000000
011200,20.0,watch,B3,B3,B3,pullback_ma10,pullback_ma10,normal,0.0,0.0,-0.021,-0.013,,"전 TF B3 바닥 다지기 정합. 월봉 장기 저점권, 주봉/일봉 좁은 횡보. MA 수렴 진행 중. 거래량 미약하나 일봉 강양봉 holding 신호 존재. MA10 돌파 + 거래량 동반 확인 시 B4 전환 가능.",False,HMM,19053406994000
079900,20.0,watch,A1,A3,B2,pullback_ma20,pullback_ma50,normal,0.0,0.0,-0.011,0.126,low_history,"1M 데이터 부족(22봉, low_history). 1W A3 토핑 조정, 1D B2 하락. TF 충돌 + 단기 이력 제한. MA50 지지 확인 후 재평가.",False,전진건설로봇,913493317000
316140,20.0,watch,A2,A3,B2,pullback_ma10,breaking,normal,0.0,0.0,-0.071,0.064,,"1M A2 장기 강세이나 1W A3 조정, 1D B2 역배열 하락. 월봉 기준 우상향 추세 유지. MA50(28,400원) 주봉 지지 여부 확인 후 판단.",False,우리금융지주,22958236908000
010690,20.0,watch,A3,A3,B1,pullback_ma10,breaking,normal,0.0,0.0,0.02,0.338,drawdown_deep,"월봉/주봉 A3(고점 후 횡보/조정) vs 일봉 B1(하락 첫 시도). TF 충돌. 2024~2025 급등 후 현재 고점 대비 -52% 조정 중. 일봉 MA50 지지(~12,100) 상실한 상태, 단기 방향 불명확.",False,화신,435457512700
338100,20.0,watch,B3,B3,B2,riding,breaking,normal,0.0,0.0,-0.061,-0.008,,"월봉/주봉 B3 다지기, 일봉 B2 하락 추세. 큰 그림에서 바닥 다지기 가능성 있으나 일봉 하락 구조 미전환 상태. 4200 지지 확인 필요.",False,NH프라임리츠,84249900000
357120,20.0,watch,B3,B3,B3,pullback_ma50,pullback_ma10,normal,0.0,0.0,-0.031,-0.003,,"전 TF B3 정합. 장기 하락 후 바닥 다지기 국면. MAs 수렴 중. 4200 이탈 시 skip 전환, 4700 돌파+거래량 시 B5 변환 가능. 현재 관망.",False,코람코라이프인프라리츠,435575709150
006280,20.0,watch,B3,B3,B2,riding,breaking,normal,0.0,0.0,-0.074,-0.195,,"1M/1W B3(장기 횡보 바닥 다지기), 1D B2(단기 하락 지속). 큰 TF 바닥권이나 단기 하락 미완결. 일봉 반등 확인 후 재검토.",False,녹십자,1693379356200
034310,20.0,watch,B3,B3,B3,pullback_ma10,pullback_ma10,normal,0.0,0.0,-0.031,0.0,,"전 TF B3 박스 하단 정합. MA3선 수렴(tight), ADX 낮아 에너지 응축 상태. 돌파 시 방향성 주목. 현재는 하단 근접 관망.",False,NICE,470491609600
069260,20.0,watch,B3,B3,B3,pullback_ma10,pullback_ma10,normal,0.0,0.0,-0.008,-0.036,,전 TF B3 정합. MA 수렴+ADX 약세. 16K 지지 유지 시 B4 전환 가능하나 현재는 관망.,False,TKG휴켐스,714966504120
004800,20.0,watch,A2,A2,A4,pullback_ma10,pullback_ma50,distribution_suspect,0.0,0.0,0.406,0.649,"drawdown_deep,parabolic",1M/1W A2이나 1D A4로 TF 충돌. drawdown_deep(고점 -38.9%)와 ret_90d +385%(1M) 페러볼릭 동반. 1D MA50 지지 확인 후 진입 검토 가능하나 현재 관망.,False,효성,3699629947000
033920,20.0,watch,B3,A3,B2,pullback_ma20,breaking,normal,0.0,0.0,-0.071,-0.1,,"월봉 B3(저점 횡보), 주봉 A3(토핑 후 반락), 일봉 B2(하락 추세) — TF 충돌. 장기 관점 저점권이나 중단기 하락 추세 지속. 일봉 반등 신호 확인 후 재판정 필요.",False,무학,229425000000
178920,20.0,watch,B4,A2,A3,pullback_ma10,pullback_ma20,normal,0.0,0.0,0.186,0.574,drawdown_deep,1W A2(정배열 ADX 33.6) vs 1D A3 경계 충돌. 단기 조정 중이나 주봉 상승 추세 유효. MA10 풀백 완성 여부 확인 필요.,False,PI첨단소재,825193648200
071055,20.0,watch,A2,A3,B2,pullback_ma20,breaking,normal,0.0,0.0,0.068,0.196,,1M/1W 정배열 강세 유지되나 1D 단기 MA 전 이탈로 TF 간 충돌. 1W MA20 근방 지지 여부가 관건. 파라볼릭 급등 후 조정 국면으로 섣부른 진입 보류.,False,한국금융지주우,1019335674000
071050,20.0,skip,A2,A3,B2,pullback_ma10,breaking,normal,0.0,0.0,0.081,0.33,parabolic,"1M A2 장기 상승이나 파라볼릭. 1W A3 토핑 횡보, 1D B2 역배열. TF 충돌 구조. 일봉 바닥 지지 확인 필요.",False,한국금융지주,14126538972000
034020,20.0,skip,A1,A3,B2,pullback_ma20,breaking,normal,0.0,0.0,0.059,0.179,,월봉 A1 장기 상승 구조이나 일봉 B2 하락 추세로 TF 충돌. 일봉 전 MA 이탈 + 고점 대비 -27% 조정. 일봉 MA50(10.9만) 복귀 + 주봉 MA20 지지 확인 후 재진입 검토.,False,두산에너빌리티,72511521727200
003830,20.0,watch,B3,B3,B3,pullback_ma20,pullback_ma10,normal,0.0,0.0,-0.009,0.019,,전 TF B3 정합(바닥 다지기/박스 횡보). ADX 15~19로 추세 미형성. 월봉/주봉/일봉 모두 MA 수렴 상태로 방향성 미결. 박스 상단(130000) 돌파 시 A1 전환 모니터링.,False,대한화섬,150728000000
004360,19.4,watch,B3,B3,B3,pullback_ma50,pullback_ma10,normal,0.0,0.3,-0.055,-0.002,drawdown_deep,전 TF B3 정합. 2022~2023년 대형 스파이크 이후 장기 횡보 바닥 다지기. MA들이 수렴 중. 돌파 시그널 부재로 관망. drawdown_deep 플래그.,False,세방,266662661850
005935,19.0,watch,A2,A2,A2,riding,pullback_ma10,normal,0.0,0.0,0.377,0.735,,전 TF A2 정합 상승세. 일봉 MA10 아래 조정 중 — MA20(17.4만) 지지 확인 후 bounce_ma20 신호 시 pass 전환 가능. 월봉 이격(MA10 대비 64%) 과열 주의.,False,삼성전자우,151166734645200
004870,19.0,watch,B2,B4,B4,bounce_ma20,bounce_ma50,accumulation_suspect,0.0,0.0,0.242,-0.2,"drawdown_deep,accumulation_suspect",1D/1W B4 상승 첫 시도 + 대량거래. 하지만 1M B2 장기 하락 추세 미전환. 일봉 acc_score 0.6 주목할 만하나 확인 필요.,False,티웨이홀딩스,43794272178
007810,19.0,watch,A2,A2,A2,pullback_ma10,bounce_ma20,normal,0.0,0.0,0.332,0.941,parabolic,"전 TF A2 정합, 강한 상승 추세. 단 월봉 90일 수익률 16배(1,611%)로 페러볼릭 위험 높음. 일봉 bounce 신호는 긍정적이나 단기 과열 경계.",False,코리아써키트,2714832584000
005850,19.0,watch,A2,A2,B4,pullback_ma20,pullback_ma50,normal,0.0,0.0,0.075,0.401,,1M/1W A2 정합 상승 추세 강함(1W ADX 53.93). 1D는 MA 아래 B4 단기 조정. 1W MA20(58.8k) 및 1D MA50(61.8k) 지지 확인 후 pass 전환 가능. 단기 진입 위험.,False,에스엘,3469704444000
002780,19.0,watch,B4,A1,A4,pullback_ma10,breaking,normal,0.0,0.0,0.153,0.479,"drawdown_deep,pump_dump_trace",주봉 A1(상승 출발) vs 일봉 A4(하락 시도) 충돌. 월봉 pump_dump 흔적 있음. 급등 후 빠른 되돌림 패턴 반복. 일봉 MA50(1059) 지지 확인 후 재판단. 불안정.,False,진흥기업,155509295405
136490,19.0,watch,B4,B3,B3,pullback_ma10,pullback_ma50,normal,0.0,0.0,0.046,0.105,drawdown_deep,"1M B4 상승 시도, 1W/1D B3 박스 다지기. drawdown_deep. 1W MA10 돌파 + 거래량 확인 시 pass 전환 가능. 현재는 관망.",False,선진,242789756840
013580,19.0,watch,A2,A2,A5,pullback_ma10,breaking,normal,0.0,0.0,-0.135,0.091,drawdown_deep,월봉(1M)/주봉(1W) A2 강세 추세지만 일봉(1D) A5 하락 확정으로 TF 충돌. 단기 조정이 깊으나 큰 그림 정배열 유효. 일봉 반등 및 MA 회복 확인 후 재진입 기회. 현재는 관망.,False,계룡건설,201391952850
294870,19.0,watch,B4,B4,B2,pullback_ma50,breaking,normal,0.0,0.0,-0.002,-0.015,,1M은 초장기 바닥 회복 B4 시도 중이나 1W/1D는 MA 아래에서 표류. TF 간 방향성 불일치로 추세 확인 전 관망 필요.,False,IPARK현대산업개발,1426893694500
012610,19.0,pass,A1,A2,A2,riding,pullback_ma10,normal,0.0,0.0,0.384,0.192,,"전 TF A2 정합(주봉/일봉), 월봉 A1 변곡 확인. 정배열 완성 + 강한 ADX + 거래량 동반 상승. MA10 풀백 구간으로 진입 적합.",False,경인양행,238877935100
002810,19.0,pass,A2,A2,A2,riding,pullback_ma10,normal,0.0,0.0,0.081,0.32,,"전 TF A2 정합, 월봉/주봉/일봉 모두 정배열 강한 추세 유지. ADX 35~43 강한 추세 강도. 일봉 MA10 소폭 하회하나 MA20 수렴으로 풀백 진입 적합 구간.",False,삼영무역,395192687200
017550,19.0,watch,B4,A1,A4,pullback_ma10,breaking,normal,0.0,0.0,0.205,0.528,"drawdown_deep,pump_dump_trace",주봉 A1(상승 출발) vs 일봉 A4(하락 첫 시도) 충돌. 거래량 폭증과 함께 급등했으나 단기 급락 패턴. 월봉 pump_dump_trace 의심. 일봉 MA50(2628) 지지 확인 필수. 패턴 불안정으로 신중,False,수산세보틱스,177837520500
047810,19.0,skip,A2,A4,B2,pullback_ma20,breaking,normal,0.0,0.0,-0.137,0.161,parabolic,"1M A2 장기 상승이나 파라볼릭 위험. 1W A4, 1D B2 역배열 하락. TF 충돌로 매매 부적합.",False,한국항공우주,16483040593700
004170,19.0,pass,A2,A2,A2,riding,pullback_ma10,normal,0.0,0.0,0.529,1.069,parabolic,"전 TF A2 정합 상승 추세, 일봉 MA10(482,950) 근방 풀백이 진입 기회. parabolic 플래그 있으나 일봉 ADX 45 강한 추세 유지 중.",False,신세계,5005945930000
012205,19.0,skip,A3,A2,A3,acceleration,pullback_ma10,pump_dump_trace,0.0,0.0,0.15,0.265,"drawdown_deep,pump_dump_trace,parabolic",1M/1W ret_30d +197%/+309% 페러볼릭. 거래량 179~15배 폭증 후 조정 재개. 1D에서 고점 대비 -53%. 전형적 펌프앤덤프 패턴. drawdown_deep + pump_dump_trace 복,False,계양전기우,15361698060
032830,19.0,pass,A1,A2,A2,riding,pullback_ma10,normal,0.0,0.0,0.381,0.886,,"전 TF 정합 강세(월봉 A1, 주봉/일봉 A2). 일봉 MA10 하락꼬리 도지 지지 확인 — 전형적 풀백 매수 구간. ADX 모든 TF 합리적(40~54). 고점 대비 낙폭 -8.1%로 과열 낮음.",False,삼성생명,70300000000000
003670,19.0,skip,A5,B4,B2,pullback_ma20,breaking,normal,0.0,0.0,0.026,0.185,drawdown_deep,일봉 B2 하락 명확. 주봉 B4 상승 시도이나 실패 중. 월봉 장기 하락 추세에서 반등 시도 중인 A5/B4 경계. 일봉 MA50 이상 안착 확인 전 관망.,False,포스코퓨처엠,21702877680000
017670,19.0,pass,A2,A2,A2,riding,pullback_ma20,normal,0.0,0.0,0.22,0.844,,"전 TF A2 정합, 1M/1W/1D 정배열 유지. 1D MA20 풀백 중(dist=-0.6%), recent_strong_bull holding=true. 피크 대비 -9% 신고가 근접. 가장 건전한 차트.",False,SK텔레콤,21758232368900
175330,18.4,skip,A2,A4,B2,breaking,pullback_ma10,normal,0.0,0.3,-0.172,-0.014,drawdown_deep,"월봉 A2 장기 추세 양호하나 주봉 A4·일봉 B2 하락 전환 충돌. 일봉 역배열 완성, drawdown_deep. 일봉 MA10(25,650) 회복 및 방향 전환 확인 필요.",False,JB금융지주,4791053712800
006340,18.0,watch,A2,A2,A3,pullback_ma10,pullback_ma20,normal,0.0,0.0,1.599,2.554,"parabolic,drawdown_deep",1M/1W는 A2 정배열 유지이나 1D는 신고가 갱신 실패 후 A3 토핑 횡보 진입. parabolic+drawdown_deep 동시 발동. 단기 MA20 지지 여부 확인 필요.,False,대원전선,1103290833120
383800,18.0,pass,B5,A2,A1,pullback_ma10,riding,normal,0.0,0.0,0.137,0.132,,"1W A2 정배열+holding, 1M B5 상승retest 확인. 1D A1 변곡 후 MA 전체 위 유지. 3 TF 모두 상승 방향 정합. 최고점 대비 -12.5%로 drawdown 적음.",False,LX홀딩스,726954975700
084870,18.0,watch,B2,B5,A3,pullback_ma10,pullback_ma10,normal,0.0,0.0,-0.029,0.65,,1W B5(추세 전환 확인 단계)이나 1D A3(토핑 횡보)로 TF 충돌. 큰 그림에서 1W 반등은 의미있으나 1D 단기 역배열이 부담. 1D MA20 회복 확인 후 재평가 필요.,False,TBH글로벌,40916512000
006805,18.0,watch,A2,A3,B2,pullback_ma20,riding,normal,0.0,0.0,-0.12,0.209,drawdown_deep,"월봉 A2(강한 상승 추세), 주봉 A3(고점 조정), 일봉 B2(역배열 하락) — TF 간 심각한 충돌. 월봉 기준 대추세는 상승이나 단기 조정 깊이가 변수. drawdown_deep + 일봉 저점 확인 필요.",False,미래에셋증권우,274054852500
028100,18.0,skip,B3,B4,B2,pullback_ma50,riding,normal,0.0,0.0,-0.137,-0.119,,"1D 역배열 B2 하락, 1W B4 조정(MA 정배열이나 가격 MA50 이하). 1M 박스권 B3. 단기 하락세 우세. MA 재돌파 확인 전 관망.",False,동아지질,213964241960
000500,18.0,watch,A2,A2,A3,acceleration,pullback_ma20,normal,0.0,0.0,2.464,2.663,"parabolic,drawdown_deep",1M/1W A2 페러볼릭 상승 확인이나 1D A3 토핑 횡보. parabolic+drawdown_deep 플래그 존재. MA10(1D) 회복 여부 관찰 후 재평가 필요.,False,가온전선,6600702885000
000970,18.0,watch,B3,B3,B3,pullback_ma20,pullback_ma10,dry,0.0,0.0,-0.023,-0.013,,전 TF B3 횡보 정합. ADX 15~22로 추세 없음. 주봉 거래량 극히 낮음(dry). 박스 돌파 확인 대기. 반등 시도 없이 단순 횡보.,False,한국주철관,156867440000
000050,18.0,watch,B4,A1,A3,pullback_ma10,pullback_ma10,accumulation_suspect,0.0,0.0,0.085,0.124,"drawdown_deep,accumulation_suspect","1W A1(새 상승 출발, ADX 50 강한 추세)이나 1D는 고점 조정 중(A3 성격). 큰그림 긍정적이나 단기 조정 완료 확인 필요. MA10 주봉 지지 확인 시 pass 전환 가능. drawdown_deep 플",False,경방,265379813600
012030,18.0,watch,A2,A2,A3,pullback_ma10,pullback_ma50,normal,0.0,0.0,0.147,0.193,drawdown_deep,"월봉/주봉 A2 정합이나 일봉 A3(고점 후 조정). 주봉 MA10 수렴(+0.01%) 핵심 지지 구간. MA50(1,864) 지지 확인 후 반등 시 pass 전환 가능. 단기 조정 완료 여부 관망.",False,DB,473764612215
004700,18.0,watch,A2,A3,B2,pullback_ma10,riding,normal,0.0,0.0,-0.095,-0.075,"drawdown_deep,zombie",1M A2(정배열) vs 1W A3(토핑) vs 1D B2(역배열). zombie 자동 플래그 + 거래량 매우 낮음. 1M 대세 상승 흐름이나 단기 조정 깊음. MA10 회복 여부 모니터링 필요.,False,조광피혁,427539573400
012200,18.0,watch,A2,A3,A4,pullback_ma10,pullback_ma20,distribution_suspect,0.0,0.0,0.252,-0.022,"drawdown_deep,distribution_suspect","월봉 폭등(parabolic), 주봉 A3 토핑, 일봉 A4 하락 첫 시도. 전형적 급등 후 조정 패턴. distribution_suspect+drawdown_deep. 변곡 확인 전까지 관망.",False,계양전기,226221708990
012450,18.0,skip,A2,B4,B2,pullback_ma20,riding,normal,0.0,0.0,-0.139,0.222,,"월봉 A2이나 주봉 B4 상승 시도, 일봉 B2 역배열 하락으로 TF 충돌. 일봉 전 MA 위 복귀 + ADX 상승 확인 전 매수 회피. 109.1만(MA50) 이탈 시 추가 하락 리스크.",False,한화에어로스페이스,64969885260000
005010,18.0,watch,A1,A2,A3,pullback_ma10,pullback_ma50,normal,0.0,0.0,-0.025,0.356,"parabolic,drawdown_deep","1M A1 변곡 초기, 1W A2 강한 추세 정합. 1D는 A3 토핑 조정으로 분리. 1W MA10 풀백 후 지지 확인 시 pass 가능. parabolic(1M ret_90d=1.55) 리스크 존재.",False,휴스틸,316900743000
33626K,18.0,watch,B4,A1,A3,pullback_ma10,pullback_ma20,normal,0.0,0.0,0.367,0.411,,"1W A1 전환+1D A3 토핑/조정 분리. 고점(14,000) 이후 MA20 풀백. MA20 반등 확정 시 pass 고려. 현재 반등 미확정.",False,두산퓨얼셀1우,158499412000
032640,17.0,watch,A1,B4,B2,pullback_ma50,breaking,normal,0.0,0.0,-0.022,0.033,,1M 정배열 상승(A1) vs 1D 역배열 하락(B2) 충돌. 주봉 MA50 지지 여부가 핵심. 1D 재정립 확인 전 관망.,False,LG유플러스,6576373831500
044820,17.0,watch,A1,A3,A3,pullback_ma10,pullback_ma20,distribution_suspect,0.0,0.0,0.215,0.447,distribution_suspect,월봉 A1(바닥 탈출) vs 주봉/일봉 A3(토핑 조정). 장기 방향성은 긍정적이나 단기 단봉 급등 후 분배 의심 신호. MA20 지지 확인 후 판단.,False,코스맥스비티아이,183626969520
000760,17.0,watch,B3,B3,B3,pullback_ma10,pullback_ma10,normal,0.0,0.0,-0.001,0.062,drawdown_deep,"전 TF B3 정합, 장기 하락 후 바닥 다지기 중. 1W 최근 급등 후 풀백이나 추세 전환 미확정. 거래량 증거 부족으로 관망.",False,이화산업,41104000000
012280,17.0,watch,B3,B4,B2,pullback_ma10,breaking,normal,0.0,0.0,-0.062,0.032,,월봉 B3 횡보 vs 주봉 B4 반등 시도 vs 일봉 B2 하락. 분리 상태. 주봉 MA50(943) 지지 확인 시 B5 전환 가능성. 일봉 MA10 회복 전 매수 보류.,False,영화금속,46453985690
33637K,17.0,watch,B3,B3,B3,pullback_ma20,pullback_ma50,normal,0.0,0.0,-0.017,0.02,drawdown_deep,전 TF B3 정합. 장기 바닥 다지기 중이나 1W/1D 모두 MA 아래 눌림 지속. 2000 지지 유지 + 거래량 회복 확인 시 watch 상향 가능.,False,솔루스첨단소재1우,37199285200
004960,17.0,watch,B4,A1,A4,pullback_ma20,breaking,accumulation_suspect,0.0,0.0,-0.152,0.227,drawdown_deep,"1M=B4(바닥 탈출), 1W=A1(상승 초기), 1D=A4(하락 중). TF 충돌. 주봉 관점 상승 추세 유효하나 일봉 단기 하락. 주봉 MA20 지지 확인 후 진입 검토.",False,한신공영,143360997780
042700,17.0,watch,A2,A3,B1,pullback_ma20,breaking,normal,0.0,0.0,0.141,0.565,"drawdown_deep,parabolic",1M/1W 장기 정배열 유지(A2/A3)이나 1D에서 모든 MA 하향 이탈(B1). 파라볼릭 상승 이후 급격한 조정. MA50 지지 확인 후 판단 필요. drawdown_deep.,False,한미반도체,31024121100000
004985,17.0,watch,B3,B3,B2,riding,pullback_ma10,normal,0.0,0.0,-0.008,-0.067,"drawdown_deep,pump_dump_trace","1M/1W B3 바닥 횡보 vs 1D B2 하락+펌프&덤프 흔적. 10,000 지지 여부 확인 필요. 펌프덤프 이후 신뢰성 저하.",False,성신양회우,8084738550
100220,17.0,watch,B3,B4,B1,pullback_ma10,breaking,normal,0.0,0.0,0.056,0.245,,"월봉 B3, 주봉 B4, 일봉 B1 — 단기 급등 후 조정 국면. 큰 그림 바닥 다지기는 진행 중이나 일봉 고점 붕괴 확인. 주봉 MA 정배열 유지 여부가 관건. MA50 지지 확인 시 재진입 검토.",False,비상교육,73951456290
489790,17.0,watch,A1,A3,B2,pullback_ma20,breaking,normal,0.0,0.0,-0.072,0.327,"drawdown_deep,low_history","월봉 데이터 부족(21봉, low_history)으로 신뢰 낮음. 주봉 A3(토핑 조정), 일봉 B2(하락) 충돌. drawdown_deep -33%. 바닥 확인 후 재검토 필요.",False,한화비전,3710896665000
007690,17.0,watch,B3,A1,A4,pullback_ma50,breaking,normal,0.0,0.0,-0.025,0.078,drawdown_deep,"1W A1 상승 출발(정배열)이나 1D A4 하락 첫 시도로 TF 충돌. drawdown_deep(1M -62.6%). 주봉 MA50(35,978) 지지 확인 후 반등 확정되면 pass 전환. 현재 일봉 하락 추세 ",False,국도화학,330611702400
003850,17.0,watch,B3,B3,B3,pullback_ma10,pullback_ma10,normal,0.0,0.0,0.015,-0.005,drawdown_deep,전 TF B3 박스권 다지기 정합. 장기 고점 대비 -63% 낙폭이나 월봉 수준에서 대형 낙폭 후 횡보. 방향 돌파 확인 전 관망.,False,보령,817552082710
003160,17.0,watch,A2,A3,B2,pullback_ma10,breaking,normal,0.0,0.0,0.03,-0.024,drawdown_deep,"1M 장기 정배열 A2이나 1W 토핑 전환(A3), 1D 역배열 B2 하락 중. TF 간 충돌. 1D 하락 안정화 확인 후 재검토 필요.",False,디아이,943805000000
003495,17.0,watch,B3,B3,B3,pullback_ma10,pullback_ma10,normal,0.0,0.0,-0.004,-0.028,drawdown_deep,전 TF B3 박스 횡보 정합. MA 수렴 tight. 돌파 방향 결정 전 관망. 거래량 증가 없어 매집 신호 미확인. 23800 저항 돌파 시 재검토.,False,대한항공우,26048119300
002690,17.0,skip,B3,B3,B3,pullback_ma20,pullback_ma10,normal,0.0,0.0,-0.064,-0.057,drawdown_deep,1M/1W/1D B3 정합. MA 수렴 중이나 하락 추세(ADX 40-44) 강함. 바닥 다지기 중이나 반등 확인 전 진입 부적합.,False,동일제강,31282854760
373220,17.0,skip,B3,B3,B2,riding,breaking,normal,0.0,0.0,-0.068,0.017,drawdown_deep,"일봉 B2 하락 추세, 주봉 B3 바닥 횡보. TF 충돌(일봉 역배열 vs 주봉 정배열). 피크 대비 -38.9% 낙폭. 일봉 전 MA 복귀 전까지 매수 회피.",False,LG에너지솔루션,94185000000000
005810,17.0,watch,A2,A4,A4,breaking,pullback_ma10,distribution_suspect,0.0,0.0,-0.164,0.014,"drawdown_deep,distribution_suspect",월봉 A2(장기 상승 추세)와 주봉/일봉 A4(하락 첫 시도) 충돌. 스파이크 후 되돌림 구간으로 MA 지지 여부 확인 필요. drawdown_deep + distribution_suspect.,False,풍산홀딩스,611293180800
006360,17.0,watch,A1,A1,A4,pullback_ma10,breaking,normal,0.0,0.0,0.036,0.513,drawdown_deep,"월봉/주봉 A1 신규 상승 시도이나 일봉에서 고점 붕괴(A4). 주봉 vol_avg 3.36x 폭증 동반 급등 이후 조정 구간. 일봉 MA50 지지 여부와 주봉 MA20(26,871) 유지가 핵심.",False,GS건설,2768561201500
26490K,17.0,watch,B3,B3,B3,pullback_ma10,pullback_ma10,normal,0.0,0.0,-0.014,-0.068,drawdown_deep,"전 TF B3 정합, 9,000~9,500 박스 하단에서 방향 탐색 중. MA 수렴이 시작되어 돌파 방향 확인 필요. 저거래량이 약점.",False,크라운제과우,6915626400
081660,17.0,watch,B3,B4,B2,pullback_ma10,pullback_ma10,normal,0.0,0.0,-0.043,-0.069,,1D 역배열 B2이나 직전 강양봉 후 holding=true로 단기 반등 시도. 1W B4 진입 단계이나 1M 장기 B3 박스. TF 간 분리 상태로 1D MA20 상향 돌파 확인 전 관망.,False,미스토홀딩스,2070581760000
122900,17.0,watch,B3,B3,B3,pullback_ma10,pullback_ma10,normal,0.0,0.0,-0.024,-0.079,drawdown_deep,전 TF B3 바닥 다지기 정합. 박스 압축 진행 중이나 반등 트리거 미확인. 매집 신호 부재. 돌파 확인 후 재검토.,False,아이마켓코리아,243027666800
003610,17.0,watch,A2,B3,B3,pullback_ma10,pullback_ma50,normal,0.0,0.0,0.047,-0.036,drawdown_deep,월봉 A2(정배열 상승추세) vs 주봉/일봉 B3(수렴 횡보) — TF 충돌. 장기 추세는 상승 복원 중이나 단기 방향성이 불분명. MA 수렴 돌파 방향 확인 필요.,False,방림,188975264760
003690,17.0,pass,A2,A2,A2,pullback_ma10,riding,normal,0.0,0.0,0.142,0.16,accumulation_suspect,"전 TF A2 정합. 월봉/주봉/일봉 모두 MA정배열+우상향. 주봉 holding=true, 일봉 vol_spike+accumulation_candle_score. 신고가 근접(-10%). 매수 적합 구간.",False,코리안리,2444051858730
001270,16.0,skip,A3,A3,B2,pullback_ma10,riding,normal,0.0,0.0,-0.128,0.078,"drawdown_deep,zombie","1M ret_30d +182%, vol 14x 급등 후 조정. 1D B2 역배열+거래량 소멸(zombie 플래그). 1W 위꼬리 도지 토핑 패턴. 이벤트성 급등 소화 구간.",False,부국증권,676116567200
066970,16.0,watch,B4,A1,A5,pullback_ma10,breaking,normal,0.0,0.0,-0.13,0.447,drawdown_deep,"1W A1 회복 vs 1D A5 하락 retest 충돌. drawdown_deep -58%. 1W MA20(144,300) 지지 유지 확인 후 재판단.",False,엘앤에프,6444559079100
145995,16.0,skip,B3,B2,B2,riding,riding,normal,0.0,0.0,-0.02,-0.117,,1W/1D B2 정합(하락 지속). 1M은 B3 경계이나 월봉 MA 여전히 상향이라 혼재. 전체적으로 하락 추세 중. 1D MA10 근접이나 반등 확인 전까지 skip.,False,삼양사우,11768226000
000720,16.0,skip,A2,A4,B2,pullback_ma20,breaking,normal,0.0,0.0,-0.103,0.787,"drawdown_deep,parabolic","1M 장기 A2이나 파라볼릭+drawdown_deep. 1W A4, 1D B2 역배열. 큰 TF 하락 구조 미해소.",False,현대건설,17026296468500
068270,16.0,skip,B3,B2,B2,riding,riding,normal,0.0,0.0,-0.084,-0.158,,"1W/1D B2 하락 추세 정합. 1M 정배열이나 range_pos 하단, 전고점 -48% drawdown. 1D 역배열 below_all, ADX 22. 바닥 다지기 초기 가능성 있으나 추세 전환 신호 없음. B3",False,셀트리온,43580403304200
102460,15.0,pass,B2,B4,B5,pullback_ma50,pullback_ma10,accumulation_suspect,0.0,0.0,0.148,0.048,"drawdown_deep,accumulation_suspect",일봉 B5 정배열+강한 추세(ADX 47). 주봉 B4 MA 돌파 성공+holding true. 월봉 B2이나 단기 TF 전환 확인됨. 일봉 MA10 지지 확인 시 매수 고려.,False,이연제약,219324369800
058860,15.0,skip,B3,B3,B3,pullback_ma10,pullback_ma10,dry,0.0,0.0,-0.017,-0.004,drawdown_deep,"1M/1W/1D 모두 B3 박스 다지기 정합. 거래량 극히 낮고(주봉 vol_rank 0.0) 추세 전환 신호 없음. 일봉 단기 반등 시도 후 재하락, 분배 조짐 있어 skip 유지.",False,KTis,95183470000
499790,15.0,skip,C1,A3,B3,pullback_ma20,pullback_ma50,normal,0.0,0.0,0.131,0.088,"drawdown_deep,low_history",상장 18개월 미만 신규종목으로 1M 사이클 판단 불충분(low_history). 1W/1D 모두 고점 이후 조정 국면. drawdown_deep + 역사 부족으로 진입 회피.,False,GS피앤엘,875531630150
003000,15.0,skip,B2,B4,A5,bounce_ma20,breaking,accumulation_suspect,0.0,0.0,-0.344,0.352,drawdown_deep,"1W B4(상승 시도) vs 1D A5(하락 retest 확정) 충돌. 1D 기준 페러볼릭 붕괴 후 역배열 하락 추세로 전환, 매매 회피.",False,부광약품,516016229330
018880,15.0,watch,B2,B4,A4,pullback_ma10,pullback_ma20,accumulation_suspect,0.0,0.0,0.16,0.461,"drawdown_deep,accumulation_suspect","주봉 B4 상승 시도+거래량 13배 폭증 매집 의심(주목), 일봉 A4 하락 첫 시도 충돌. drawdown_deep(-76.81% 월봉). 일봉 MA50(4,268) 지지 확인 후 재평가.",False,한온시스템,5223676389680
021820,15.0,watch,A1,A3,B2,pullback_ma20,breaking,normal,0.0,0.0,-0.106,0.106,,TF간 충돌. 월봉 MA 정배열(A1/장기 반등 초기) vs 주봉 고점 조정(A3) vs 일봉 역배열 하락(B2). 큰 그림에서 저점 탈출 중이나 단기는 하락 추세. 일봉 안정화 확인 후 재진입 검토.,False,세원정공,130700000000
00279K,15.0,skip,B3,B3,B2,pullback_ma50,riding,normal,0.0,0.0,-0.099,-0.045,drawdown_deep,1M/1W B3(횡보 다지기)이나 1D B2(하락 재개) 분리. 일봉 역배열 하방 추세 중. 주봉 ADX 낮아 추세 없으나 일봉은 하락 방향. 돌파 확인 전 매매 회피.,False,아모레퍼시픽홀딩스3우C,148581590000
002795,15.0,watch,B3,B3,B2,pullback_ma10,riding,normal,0.0,0.0,-0.066,-0.109,drawdown_deep,1M/1W B3(바닥 다지기 가능성)이나 1D B2 하락 추세 충돌. 월봉 MA 기울기 개선 시그널 있으나 일봉 약세 지속. 관망.,False,아모레퍼시픽홀딩스우,70097174420
014910,14.0,watch,A1,A2,A2,acceleration,acceleration,accumulation_suspect,0.0,0.0,0.963,0.608,parabolic,"1W/1D A2 정합 상승이나 parabolic 위험 플래그. MA 대비 과열(MA10 +90%/+22%), 거래량 폭증(주봉 19배)은 단기 급등 이후 급락 리스크 내포. 풀백 확인 후 재진입 검토.",False,성문전자,72347520670
317400,14.0,watch,B3,B4,B2,pullback_ma10,pullback_ma10,normal,0.0,0.0,-0.052,-0.065,drawdown_deep,"1W B4(상승 시도)와 1D B2(하락) 충돌. 주봉 MA50 지지 여부가 관건. 거래량 증가(1W vol 4.1배)는 긍정적이나 일봉 추세는 아직 하락. MA50 근처 수렴 구간, 방향 확인 필요.",False,자이에스앤디,152997041400
096770,14.0,skip,B3,B4,B2,pullback_ma10,breaking,normal,0.0,0.0,-0.062,0.09,drawdown_deep,"일봉 B2 하락 추세 명확, 주봉은 B4 상승 시도 실패 패턴. 월봉 기준 장기 저점권이나 단기-중기 하락 압력 우세. 일봉 MA50 이상 안착 확인 전까지 매매 회피.",False,SK이노베이션,20725871808800
088350,14.0,pass,A1,A2,A2,pullback_ma10,pullback_ma10,accumulation_suspect,0.0,0.0,0.175,0.633,accumulation_suspect,"전 TF A1→A2 정합 상승. 주봉 거래량 4.3배 폭증 + 월봉 accumulation_candle_score 0.6 매집 의심. 일봉 MA10(5,234) 근방 타이트 풀백으로 진입 기회.",False,한화생명,4698747300000
010100,14.0,watch,C1,B4,B4,pullback_ma10,pullback_ma50,pump_dump_trace,0.0,0.0,-0.009,-0.082,"drawdown_deep,pump_dump_trace","1M=C1(펌프앤덤프 반복), 1W/1D=B4(상승 첫 시도 중 재하락). TF 간 충돌. 대형 펌프앤덤프 이력으로 신뢰 낮음. B4→B5 전환 확인 전까지 관망.",False,한국무브넥스,142051209300
084680,14.0,watch,B3,B4,B2,pullback_ma50,breaking,normal,0.0,0.0,-0.082,0.043,drawdown_deep,"월봉 B3(바닥), 주봉 B4(반등 시도), 일봉 B2(지속 하락). TF 충돌. 주봉 MA50 근접 지지 테스트 중. drawdown_deep. 방향 미확정으로 관망.",False,이월드,206469817008
005430,14.0,watch,A2,A2,A2,acceleration,acceleration,accumulation_suspect,0.0,0.0,0.31,0.163,parabolic,"전 TF A2 정합 상승 추세. 단 월봉 ret_30d +65% 과열 구간, MA 이격 크게 확장. 신규 진입은 눌림 대기, acceleration 국면 watch.",False,한국공항,240642980000
004710,14.0,watch,A1,A2,A2,acceleration,pullback_ma10,accumulation_suspect,0.0,0.0,2.031,1.32,parabolic,전 TF A1-A2 상승 정합이나 1M/1D ret_30d 100%+로 parabolic. 고점 대비 -12% 수준에서 MA10 지지 여부 확인 필요. 페러볼릭 위험으로 watch.,False,한솔테크닉스,492626666560
003300,14.0,watch,A2,A3,B3,pullback_ma20,riding,distribution_suspect,0.0,0.0,-0.005,0.042,"drawdown_deep,distribution_suspect",1M A2 정배열 강세 vs 1W A3 스파이크 후 분배 의심 vs 1D B3 박스 하단 충돌. 3월 스파이크(24000)의 성격 불명확. TF 간 정합성 낮아 판단 보류.,False,한일홀딩스,515525820480
383220,14.0,watch,B3,B4,A1,pullback_ma10,pullback_ma10,normal,0.0,0.0,0.263,0.191,drawdown_deep,"1D A1 정배열 추세 형성 중이나 1M은 여전히 B3(장기 하락 후 바닥 다지기), TF 간 사이클 충돌. 1D MA20 지지 확인 후 pass 전환 가능. drawdown_deep 리스크 유지.",False,F&F,2853877087500
051915,14.0,skip,B2,B4,A5,pullback_ma50,breaking,normal,0.0,0.0,0.023,-0.027,drawdown_deep,"월봉 B2 + 일봉 A5 충돌이나 전반적 하락 기조. 장기 고점 대비 -70% 구간이고 일봉 MA 전부 역배열, 반등 시도 실패 중. 매매 회피.",False,LG화학우,1296331680000
030210,14.0,watch,B3,B4,B2,pullback_ma50,breaking,normal,0.0,0.0,-0.034,0.061,drawdown_deep,"월봉 B3(바닥 다지기), 주봉 B4(상승 첫 시도), 일봉 B2(하락 추세) — TF 충돌. 큰 그림에서 장기 박스권 저점 테스트 구간이나 일봉 확인 필요. MA50 지지 여부가 관건.",False,다올투자증권,240598868700
016740,13.4,pass,A2,A2,A2,pullback_ma10,pullback_ma10,normal,0.0,0.3,0.067,0.202,,1M/1W/1D 모두 A2 정합 상승 추세. 주봉 ADX 42.75 강한 추세. 일봉 MA10/MA20 풀백 holding=true. accumulation_score 0.3. 단 월봉 과열(ret_90d +70%),False,두올,136488354240
007070,13.0,watch,B4,A2,A2,pullback_ma10,pullback_ma10,normal,0.0,0.0,0.196,0.315,,1W/1D 정배열 A2 상승 유지. 1M 혼합 B4. 1W 차트 이상 데이터(0원 근접 스파이크) 확인으로 confidence 저하. 데이터 검증 후 재채점 권장.,False,GS리테일,2290843171000
006110,13.0,watch,B3,B3,A2,pullback_ma10,pullback_ma10,normal,0.0,0.0,1.187,2.462,"parabolic,drawdown_deep,accumulation_suspect",1D는 A2 강세 MA10 닿음이나 1M/1W에서 초극단 상승(ret_90d +1879%) 이후 바닥 다지기 패턴. auto_risk_flags에 parabolic+drawdown_deep 동시 발생. 변동성 극대화,False,삼아알미늄,1398919587500
002240,13.0,watch,A1,A1,A3,pullback_ma10,pullback_ma20,normal,0.0,0.0,0.007,0.017,drawdown_deep,월봉/주봉 A1(상승 초기)과 일봉 A3(토핑 조정) 충돌. 큰 그림 상승 추세 초기이나 단기 되돌림 심화. MA 지지 확인 후 재판단 필요.,False,고려제강,580500000000
095720,13.0,watch,B2,B4,A1,bounce_ma10,riding,accumulation_suspect,0.0,0.0,0.596,0.334,"parabolic,drawdown_deep","1D 강한 상승 A1이나 1M 장기 B2, 1W B4 단기 급등. TF 간 사이클 충돌. 일봉 페러볼릭+거래량 약해 지속성 불확실. 큰 그림 하락 추세 속 단기 급등 — 관망.",False,웅진씽크빅,97003834095
010820,12.0,skip,A4,A5,B1,breaking,breaking,distribution_suspect,0.0,0.0,0.381,1.609,"parabolic,drawdown_deep,distribution_suspect",전 TF 페러볼릭 붕괴 확인. 1M/1W 분배 패턴 + 1D MA10/MA20 완전 하향. MA50 근처 일시 지지 가능하나 큰 그림 하락 추세 진입 판정.,False,퍼스텍,539417634280
003465,12.0,watch,A2,A2,A5,pullback_ma20,breaking,normal,0.0,0.0,-0.015,0.18,distribution_suspect,"1M/1W A2 강세지만 1D A5 역배열 이탈로 TF 충돌, 일봉 MA20 지지 복귀 여부 확인 후 재진입 검토",False,유화증권우,57672202500
192820,12.0,skip,A3,B3,B2,pullback_ma20,breaking,normal,0.0,0.0,-0.072,-0.016,drawdown_deep,1D B2 하락 추세 확정. 1W B3 박스 다지기 단계이나 1D 하락 지속. 1M 고점 대비 -40% 조정 중. TF 충돌로 진입 부적합. 1M 최근 +56% 반등은 파라볼릭 위험 유사.,False,코스맥스,2059935883500
000320,12.0,skip,A5,A5,B2,breaking,breaking,distribution_suspect,0.0,0.0,-0.093,-0.119,"drawdown_deep,distribution_suspect","1M 급등 후 A5 retest 확정, 1W/1D 역배열 B2 구조 동기화. 분배 의심 동반, 전 TF skip 정합.",False,노루홀딩스,255057187690
004770,12.0,watch,B2,B4,A4,pullback_ma10,pullback_ma10,normal,0.0,0.0,0.011,0.075,drawdown_deep,"1M B2(장기 하락), 1W B4(상승 첫 시도 — MA50 지지 테스트), 1D A4(급등 후 첫 이탈) — TF 충돌. 주봉 MA 정배열 구조는 긍정적이나 거래량 0.17배로 매수세 부족. 주봉 MA50(1,6",False,써니전자,58587272700
011170,12.0,skip,B2,B4,A4,pullback_ma20,breaking,normal,0.0,0.0,-0.055,0.133,drawdown_deep,"월봉 B2 장기 하락, 주봉 B4 반등 시도 실패, 일봉 A4(하락 첫 시도) 충돌. drawdown_deep -82%. 전체적 하락 바이어스 우세로 매매 회피.",False,롯데케미칼,3597412737900
004980,12.0,watch,B3,B3,A4,pullback_ma50,breaking,normal,0.0,0.0,-0.017,-0.036,"drawdown_deep,distribution_suspect",월봉/주봉 B3(바닥 다지기)이나 일봉은 A4(하락 첫 시도). 2026년 급등 직후 급락 조정 중. 주봉 MA50 근접 지지 테스트. 반등 확인 시 B5 전환 가능성 있으나 현재는 관망.,False,성신양회,230696246930
475150,12.0,skip,A2,A5,B2,pullback_ma20,breaking,normal,0.0,0.0,-0.334,0.962,"drawdown_deep,low_history","1M 역사 부족(27봉, low), 1W A5(고점 하락 retest), 1D B2(하락 지속). 상장 초기 급등 후 급락 패턴. drawdown_deep 플래그.",False,SK이터닉스,1495541475600
008260,12.0,watch,B3,B3,B2,pullback_ma20,breaking,accumulation_suspect,0.0,0.0,-0.023,-0.007,"drawdown_deep,accumulation_suspect",주봉 거래량 폭증(3.7x) 매집 의심이나 일봉 B2 하락 추세 진행 중. 월봉 B3 바닥권. TF 불일치로 확신 어려움. 주봉 MA20 위 복귀 시 재검토.,False,NI스틸,97383398385
034220,12.0,watch,B4,B4,A1,riding,pullback_ma20,normal,0.0,0.0,0.147,0.02,distribution_suspect,1W/1D B4~A1 전환 구간이나 1M 도지+상단위꼬리+거래량 spike 분배 의심. MA50 지지 확인 후 재판단.,False,LG디스플레이,8110000000000
095570,11.4,skip,B3,B3,B2,pullback_ma10,pullback_ma10,normal,0.0,0.3,-0.089,-0.001,drawdown_deep,"1D 역배열 B2 하락 추세, 1W/1M 박스권 B3. 단기 하락 압력 우세. drawdown_deep 위험. 1D accumulation 신호(0.3) 있으나 강도 불충분, 관망.",False,AJ네트웍스,211330384530
161890,11.0,pass,A2,A2,A2,pullback_ma10,pullback_ma20,normal,0.0,0.0,0.178,0.385,,"전 TF A2 정합 상승 추세. 일봉 MA20 풀백에서 긴 아래꼬리 도지 지지 신호. 주봉 MA10 위, 월봉 정배열. trend_pullback 조건 충족.",False,한국콜마,2122096422300
0126Z0,11.0,skip,,B2,B2,riding,riding,dry,0.0,0.0,-0.054,-0.327,"drawdown_deep,low_history",1W/1D 모두 B2(하락 지속). IPO 후 하락 추세 전 TF 정합. 거래량 감소 + MA 전체 역배열. 바닥 확인 불가 상황.,False,삼성에피스홀딩스,12441524500000
453340,11.0,pass,A2,A2,A2,pullback_ma10,pullback_ma10,normal,0.0,0.0,0.173,0.185,,"전 TF A2 정합. 1D 정배열+MA10 풀백, 아래꼬리 도지 지지 신호. 신고가 -8.3% 근방, 추세 유효.",False,현대그린푸드,581890839040
02826K,11.0,watch,A2,A2,A2,pullback_ma10,pullback_ma20,normal,0.0,0.0,0.255,0.397,parabolic,"전 TF A2 정합이나 1M ret_30d=1.39 parabolic, 월봉 기준 MA10 대비 30% 과리 — 단기 조정 지속 가능. 1D MA20 지지 후 반등 확인 시 재진입 검토.",False,삼성물산우B,335344315000
011070,11.0,watch,A2,A2,A2,acceleration,pullback_ma10,normal,0.0,0.0,1.258,1.825,parabolic,"전 TF A2 정합. 강한 추세이나 parabolic 위험 발동(auto_risk_flags). 월봉 MA10 대비 130% 이격, 일봉 30일 수익률 125%. 신고가 근접이나 조정 리스크 높음. 풀백 후 MA10",False,LG이노텍,24874129457000
001780,11.0,skip,B4,B4,B2,pullback_ma20,breaking,normal,0.0,0.0,-0.13,0.118,drawdown_deep,월봉/주봉 B4(상승 첫 시도)이나 일봉은 B2(지속 하락) — TF 충돌. 4월 급등이 일봉/주봉에서 실패로 귀결되어 하락 재개 확인. 월봉 MA50 이하 장기 하락 구조 유지. 지지 확인 전 진입 자제.,False,알루코,245464384620
03473K,11.0,watch,A2,A2,A2,acceleration,pullback_ma10,normal,0.0,0.0,0.559,0.774,parabolic,"전 TF A2 정합, 강한 상승 추세. 단 1M/1W 기준 MA 이격 과도(60%/23%), parabolic 위험. 1D MA10 풀백 지지 후 반등 확인 시 단기 매수 가능하나 급락 위험 높음.",False,SK우,236078295000
005930,11.0,watch,A2,A2,A2,pullback_ma10,pullback_ma10,normal,0.0,0.0,0.429,0.987,parabolic,전 TF A2 정합 상승 추세. 단 1M 기준 월봉 ret_30d=+279% 수준의 수직 급등이며 range_pos 0.90으로 단기 과열권. 1W ADX 62로 추세 강하나 1D 기준 MA10 아래로 소폭 이탈(풀,False,삼성전자,1759729861008000
092790,11.0,watch,A1,A2,A2,pullback_ma10,pullback_ma20,normal,0.0,0.0,0.183,0.817,parabolic,1W/1D A2 정합. 1D MA20 지지 여부 미확정 상태. 1M 90일 수익률 +122% 과열 경계. MA20 반등 확인 시 pass 격상 가능.,False,넥스틸,462055540000
007700,11.0,skip,B3,B2,B2,riding,riding,dry,0.0,0.0,-0.02,-0.098,drawdown_deep,"1W/1D 모두 B2 하락 중. 거래량 극도로 저조(vol_rank=0.0, dry). drawdown_deep. 반등 신호 없음. 관심 완전 이탈 구간.",False,F&F홀딩스,701320600310
402340,11.0,watch,A2,A2,A2,pullback_ma10,pullback_ma20,normal,0.0,0.0,1.113,1.382,parabolic,전 TF A2 정합 강세. 일봉 MA20(97.1만) 지지 확인 시 bounce_ma20 진입 구간. 월봉 ADX 68.5 페러볼릭 수준으로 리스크 존재. 97만 이탈 시 상황 변화.,False,SK스퀘어,158350063200000
034730,11.0,watch,A2,A2,A2,pullback_ma10,pullback_ma10,normal,0.0,0.0,0.675,0.83,parabolic,"전 TF A2 정합이나 1M ret_30d=221%로 parabolic 위험, 일봉 MA10 풀백 구간 — 반등 확인 전 관망",False,SK,47489270465000
005380,11.0,pass,A2,A2,A2,pullback_ma10,pullback_ma20,normal,0.0,0.0,0.262,0.922,,"전 TF A2 정합. 일봉 MA20(59.4만) 하락꼬리 도지 지지 확인 — bounce_ma20 진입 구간. 주봉/월봉 정배열 유지. 월봉 ADX 40으로 페러볼릭 아님, 상대적으로 건전한 상승.",False,현대차,139644796412000
033240,11.0,pass,A2,A2,A2,pullback_ma10,pullback_ma10,normal,0.0,0.0,0.329,0.67,,전 TF A2 정합. 1W/1D 강양봉+holding 확인. MA10 풀백 중 지지 확인 중. 고점 -17%로 건전한 조정 구간.,False,자화전자,1045706296800
004100,11.0,skip,A5,A4,B1,pullback_ma20,breaking,normal,0.0,0.0,-0.076,0.223,"drawdown_deep,distribution_suspect","월봉 폭등 후 A5 하락 retest, 주봉 A4 첫 하락, 일봉 B1 하락 시작. 전 TF 하락 방향으로 수렴. 분배 의심 + 고점 -49%. 진입 금지.",False,태양금속,110100000000
028670,11.0,pass,A1,A2,A2,pullback_ma10,pullback_ma20,normal,0.0,0.0,0.099,0.511,,"전 TF A1/A2 정합. 1W 완전 정배열, ADX 54.49 강추세. 1D MA20 풀백(5,798원) 정확히 닿음 — trend_pullback 진입 구간. vol_avg 2.9배(1W) 거래량 증가로 관심 확",False,팬오션,3196725681760
002900,11.0,watch,A1,A2,A2,pullback_ma10,pullback_ma20,normal,0.0,0.0,0.229,0.2,,"1W/1D 정배열 A2 정합. 그러나 1M 기준 장기 고점(14,000) 대비 -44.8%로 아직 회복 중이며 단기 과열(ret_30d +59.9%, ret_90d +64.5%). 일봉 MA20 지지 확인 후 반등 ",False,TYM,315054000000
002025,11.0,pass,A2,A2,A2,pullback_ma10,pullback_ma20,normal,0.0,0.0,0.014,0.243,,"전 TF A2 정합. 월봉 강한 상승 추세(ADX 51), 주봉 MA10 풀백, 일봉 MA20 풀백 — trend_pullback 전형. 고점 -12.5% 건강한 조정 구간.",False,코오롱우,36437721800
008060,11.0,watch,A2,A2,A2,acceleration,pullback_ma10,normal,0.0,0.0,0.532,0.919,parabolic,"전 TF A2 정합, 강한 상승 추세. 단, 1M ret_30d=201%, 1W ret_90d=210% parabolic 과열. MA10 풀백 후 반등 확인 필요.",False,대덕,696137930500
003240,11.0,watch,B4,B4,B2,pullback_ma50,breaking,normal,0.0,0.0,-0.153,0.306,drawdown_deep,"월봉 B4 반등 시도, 주봉 MA50 지지 테스트 중. 일봉 B2 역배열. 주봉 MA50(968000) 지지 확인 + 일봉 반전 신호 확인 시 pass 전환 가능. 현재 watch.",False,태광산업,1136781400000
353200,11.0,watch,A2,A2,A2,acceleration,pullback_ma10,normal,0.0,0.0,0.642,1.992,parabolic,"전 TF A2 정합이나 1M/1W 페러볼릭 과열(ret_30d 399%, ADX 64.79). 1D MA10 풀백 중이며 과열 해소 후 재진입 기다림.",False,대덕전자,8059900467500
069730,11.0,watch,B3,A2,A2,pullback_ma10,pullback_ma20,normal,0.0,0.0,0.015,0.405,,주봉/일봉 A2 정합이나 월봉은 B3 기조. 큰 그림 반등 강도는 아직 검증 미완. 주봉 MA 정배열+holding=true 긍정적이나 월봉 거래량 고갈(0.194) 유의. 일봉 MA20 반등 확인 시 pass 업그,False,DSR제강,78192000000
000210,11.0,skip,B4,B4,B2,pullback_ma20,breaking,normal,0.0,0.0,-0.156,0.453,drawdown_deep,월봉/주봉 B4(상승 시도)이나 일봉 B2 역배열 하락. TF 간 충돌로 단기 방향성 불명확. 일봉 추세 회복 확인 전까지 skip.,False,DL,1267830982000
071320,10.0,skip,A4,B1,B2,breaking,riding,normal,0.0,0.0,-0.003,-0.259,"parabolic,drawdown_deep","전 TF 하락 정합(1M A4, 1W B1, 1D B2). 파라볼릭 급등 이후 하락 전환 확정. MA 역배열+거래량 감소. 바닥 확인 전 진입 위험.",False,지역난방공사,832511693600
005800,10.0,watch,A3,A5,B1,pullback_ma50,breaking,distribution_suspect,0.0,0.0,-0.061,-0.095,"drawdown_deep,distribution_suspect","1M=A3(정배열 토핑 조정), 1W=A5(MA20 retest 확정), 1D=B1(역배열 하락 진입). TF 충돌 — 큰 그림 장기 상승 추세는 유효하나 중단기 하락 추세 진행 중. 1M MA20(12,898) 지",False,신영와코루,126990000000
007120,10.0,skip,B4,A3,A4,pullback_ma20,breaking,normal,0.0,0.0,-0.24,0.536,"drawdown_deep,distribution_suspect",1M B4 상승 시도 vs 1W A3 토핑 vs 1D A4 하락 시도 충돌. 급등 후 이격 소화 중이나 1D 역배열 전환. 방향성 미확정.,False,미래아이앤지,41152016400
000390,10.0,watch,A1,A1,A4,pullback_ma50,breaking,accumulation_suspect,0.0,0.0,-0.149,0.057,"drawdown_deep,zombie","월봉(1M)·주봉(1W)은 변곡 이후 A1 반등 구도지만 주봉 급등 후 깊은 조정과 일봉(1D) 역배열+하락이 TF 충돌. 주봉 MA50(7,144) 지지 여부가 관건. 거래량 급감한 일봉 조정이지만 auto_ris",False,SP삼화,208922641920
108675,10.0,watch,B2,B4,A4,bounce_ma10,pullback_ma20,accumulation_suspect,0.0,0.0,0.083,-0.016,"drawdown_deep,distribution_suspect",1D 정배열 상승 후 풀백(A4)이나 1M B2로 큰 그림 하락세 유지. 1W B4 전환 시도 중. 1M breakout 거래량이 distribution 의심. 1D MA50(16420) 지지 여부 확인 필요. 현재,False,LX하우시스우,17962542000
004440,10.0,watch,B3,B4,A5,pullback_ma20,breaking,accumulation_suspect,0.0,0.0,-0.312,0.071,"drawdown_deep,distribution_suspect","월봉 B3(바닥), 주봉 B4(상승 시도), 일봉 A5(하락 확정) 충돌. 주봉 거래량 6.9배 폭증은 중요 신호이나 일봉 전 MA 붕괴로 단기 하락 압력 강함. 주봉 MA50(5,590) 지지 후 일봉 회복 확인 ",False,삼일씨엔에스,75500445710
009900,9.0,skip,B3,B3,B1,pullback_ma20,breaking,normal,0.0,0.0,0.052,0.122,drawdown_deep,1W B3 바닥 다지기 vs 1D B1 하락 시작 충돌. 피크 대비 -83.8%. 1D 하락 지속 시 1W B3 지지 여부 불확실. 관망 후 1D 안정 확인 필요.,False,명신산업,567726839060
000725,9.0,skip,B3,B4,B2,breaking,breaking,normal,0.0,0.0,-0.146,0.04,drawdown_deep,1W B4(상승 실패 후 되돌림)와 1D B2(하락 지속) 충돌. 월봉 장기 하락 구조. 일봉 MA 역배열+가격 하방이 가장 명확한 신호 — 관망보다 회피.,False,현대건설우,69715207300
004690,9.0,skip,B3,B3,B2,pullback_ma50,breaking,normal,0.0,0.0,-0.091,-0.006,drawdown_deep,전 TF B2~B3. 1D MA 역배열+박스 최하단. 1M 전 고점 대비 -76%. 2022~2023 폭등-폭락 이후 장기 회복 단계이나 단기 추세 약함. 1W B3 → B5 변환 전 관망.,False,삼천리,455885868900
483650,9.0,watch,C1,A2,A2,riding,pullback_ma10,normal,0.0,0.0,0.421,0.521,low_history,"1W/1D A2 정합, 정배열 유지 중. 1M은 13봉으로 판정 신뢰도 낮음(low_history). 1D MA20(228k) 지지 확인 시 pass 전환 가능. 상장 1년 미만 리스크.",False,달바글로벌,2670631100000
000240,9.0,skip,A3,A4,B1,breaking,breaking,normal,0.0,0.0,-0.051,-0.095,"drawdown_deep,distribution_suspect","월봉 A3, 주봉 A4, 일봉 B1 — 상위 TF에서 하락 전환 확인. 일봉 분배 거래량+역배열. 고점 대비 -38% 낙폭 진행 중.",False,한국앤컴퍼니,2306926332000
002990,9.0,watch,B3,B4,B2,pullback_ma10,breaking,normal,0.0,0.0,-0.133,-0.033,drawdown_deep,1W는 B4(상승 시도)이나 1D는 B2(하락 지속). TF 충돌. 주봉 MA50 근처 지지 테스트 중이나 일봉 역배열 확인 필요. 장기 하락 종목으로 reversal 신호 더 필요.,False,금호건설,160031588330
377300,9.0,skip,B3,B3,B2,pullback_ma10,breaking,normal,0.0,0.0,-0.089,-0.118,"drawdown_deep,low_history",1W B3 바닥 형성 중이나 1D B2 하락 지속. drawdown_deep -60~82%. 1M 55봉으로 history 제한. 명확한 바닥 신호 없음.,False,카카오페이,6600506220000
017960,9.0,watch,A2,A4,B2,pullback_ma20,breaking,normal,0.0,0.0,-0.235,0.155,drawdown_deep,1M 장기 상승 추세 A2(ADX=51.87)이나 1D B2 하락 확인. 1W MA50 지지 테스트 중. 1D 최하단 긴 아래꼬리로 반등 가능성 있으나 TF 충돌로 1D MA20 이상 복귀 확인 전 관망.,False,한국카본,1932700576400
086280,9.0,skip,A2,A4,B2,pullback_ma10,breaking,normal,0.0,0.0,0.007,0.125,distribution_suspect,"1M 장기 A2이나 단기 파라볼릭 분배 신호. 1W A4, 1D B2로 TF 간 하락 방향 정합. 일봉 극하단 반등 시도 있으나 구조적 하락 압박.",False,현대글로비스,17550000000000
210540,9.0,watch,B3,B3,B2,pullback_ma50,breaking,normal,0.0,0.0,-0.036,-0.034,drawdown_deep,1M/1W는 바닥 다지기(B3) 박스권이나 1D는 하락 지속(B2). TF간 분리. 주봉 MA50 지지 여부 확인 후 판단 필요.,False,디와이파워,155356831560
336370,9.0,skip,B3,B3,B2,pullback_ma10,breaking,normal,0.0,0.0,0.097,0.358,drawdown_deep,1M/1W B3 바닥권이나 1D가 급등 후 강한 하락세(B2). 최근 펌프 후 되돌림 패턴이 뚜렷하며 drawdown_deep. TF 간 충돌로 진입 근거 부족.,False,솔루스첨단소재,789945120000
448730,9.0,watch,B4,A1,B3,pullback_ma20,pullback_ma10,normal,0.0,0.0,-0.07,0.066,drawdown_deep,1W A1 변환 진행 중이나 1D B3 박스 하단. 상장 3년 미만으로 1M MA50 미형성. 1W MA20(5454) 지지 확인 또는 1D MA 역배열 해소 후 재평가 필요.,False,삼성FN리츠,488028000000
010400,9.0,skip,B3,B3,B2,pullback_ma10,breaking,normal,0.0,0.0,-0.062,-0.21,drawdown_deep,"월봉/주봉은 장기 하락 후 B3 바닥 다지기 시도이나, 일봉은 B2 지속 하락. TF간 분리. 큰 그림 반전 미확인 상태.",False,우진아이엔에스,30259340000
010580,9.0,skip,B4,B2,B3,breaking,pullback_ma50,normal,0.0,0.0,-0.005,-0.198,drawdown_deep,"월봉 B4 반등 시도이나 주봉 B2 강한 하락 추세(ADX 49). 일봉은 B3 바닥 다지기+극저볼륨(dry). TF 충돌. 피크 -85%, drawdown_deep. 방향 확인 전 관망 필요.",False,에스엠벡셀,242528836800
066570,8.0,watch,A1,A2,A2,pullback_ma10,pullback_ma10,normal,0.0,0.0,0.654,0.925,"parabolic,drawdown_deep","전 TF A2 정합, 1W 폭발적 거래량 급등 확인이나 parabolic+drawdown_deep 복합 — MA10 지지 반등 확인 후 pass 검토",False,LG전자,38685101525000
011700,8.0,skip,B3,B2,B2,riding,riding,normal,0.0,0.0,-0.156,0.119,drawdown_deep,전 TF B2 정합. drawdown_deep 자동 플래그. 1D 박스 최하단(0.025)이나 MA 역배열 지속. 2022년 고점 대비 -76% 수준에서 구조적 반등 근거 미확인.,False,한신기계,120861912475
330590,7.0,skip,B3,B3,B2,pullback_ma50,breaking,normal,0.0,0.0,-0.192,-0.056,,월봉/주봉 B3 바닥권이나 일봉 B2 강한 하락 추세(ADX 44). TF 간 완전 정합이 아니며 일봉 추세 반전 미확인. skip.,False,롯데리츠,1141427091800
114090,7.0,watch,B3,B2,B3,pullback_ma10,pullback_ma10,normal,0.0,0.0,0.02,-0.176,drawdown_deep,"1M B3 박스 다지기, 1W B2 하락 지속, 1D B3 횡보 충돌. MA 수렴 중 방향성 돌파 대기.",False,GKL,696494844200
006980,7.0,watch,B4,A1,A4,pullback_ma10,breaking,normal,0.0,0.0,0.024,0.349,distribution_suspect,주봉 A1(정배열 초기 상승)이나 일봉 A4(고점 후 하락 확인). 큰 TF 흐름은 상승 시작이나 단기 조정 깊어지는 중. 일봉 MA50(22264원) 회복 확인 전 관망 권고.,False,우성,60873000000
005690,7.0,watch,A1,A2,B2,pullback_ma20,breaking,normal,0.0,0.0,0.029,0.057,,"1M A1/1W A2 상승 사이클이나 1D B2 단기 역배열로 TF 충돌. 주봉 MA20(16,000) 지지 확인 후 일봉 회복 시 진입 검토 가능.",False,파미셀,999666873240
322000,7.0,watch,A2,A2,A5,pullback_ma10,pullback_ma50,distribution_suspect,0.0,0.0,-0.009,2.086,"parabolic,drawdown_deep,distribution_suspect",1M/1W 파라볼릭 상승 후 조정 진행 중이며 1D A5(MA20 하향 돌파 후 retest 하락 확정). 1W ADX=74.61 극강 추세이나 고점 대비 -30% 하락. 파라볼릭 위험 동반으로 MA50 지지 확인 ,False,HD현대에너지솔루션,2194080000000
002310,7.0,watch,B3,B3,B2,pullback_ma50,breaking,normal,0.0,0.0,-0.135,0.057,,"1M/1W B3 바닥 다지기, 1D B2 하락 추세 분리. 일봉 해머봉(lower_wick 0.935) + 거래량(vol_rank 0.833) 반등 시도 신호. MA10 돌파 확인 후 pass 전환 검토.",False,아세아제지,317174060400
001755,7.0,skip,A3,A4,B1,breaking,breaking,distribution_suspect,0.0,0.0,0.024,0.332,"drawdown_deep,parabolic,distribution_suspect","1M 장기 A3(신고가 근처 토핑), 1W A4(MA10 아래 이탈 확인), 1D B1(하락 시작). TF 간 방향성 일치하여 하락 전환 중. 단기 반등 가능하나 큰 그림은 skip. parabolic+drawdow",False,한양증권우,12810000000
006260,7.0,watch,A3,A2,A2,riding,pullback_ma10,normal,0.0,0.0,0.866,1.31,"parabolic,distribution_suspect",전 TF 상승 방향 정합이나 월봉 ret_30d=4.9/ret_90d=8.4 극단적 파라볼릭 + 고점권 횡보. 일봉 MA10 풀백 중 반등 확인 전까지 관망 권고.,False,LS,17596800000000
123690,7.0,watch,B3,B2,B3,breaking,pullback_ma10,normal,0.0,0.0,-0.028,-0.267,drawdown_deep,1M B3(월봉 바닥권 다지기)와 1D B3(일봉 수렴)이 같은 방향이나 1W는 B2 하락 진행 중. MAs 수렴과 도지+아래꼬리 신호 감지. 돌파 확인 전까지 관망.,False,한국화장품,125973120000
032560,7.0,skip,B3,B3,B2,pullback_ma50,breaking,dry,0.0,0.0,-0.007,0.005,drawdown_deep,월봉·주봉은 B3(바닥 다지기)이나 일봉은 B2 하락 지속. TF 간 불일치. 거래량 극소(월봉 dry). 상위 TF 회복 신호 없이 진입 근거 부족.,False,황금에스티,102340000000
009830,7.0,skip,B4,A1,B2,pullback_ma10,riding,normal,0.0,0.0,0.047,0.45,drawdown_deep,"월봉 B4이나 주봉 A1 전환 초기(drawdown_deep), 일봉 B2 하락 중. TF 혼재. 일봉 전 MA 이탈 상태에서 매수 진입 위험. 주봉 MA10 회복 후 재검토.",False,한화솔루션,7430054868600
016360,7.0,watch,A2,A2,A4,pullback_ma10,pullback_ma50,normal,0.0,0.0,0.172,0.423,"drawdown_deep,distribution_suspect",월봉 A2 강세이나 월봉 최종봉에 고거래량 위꼬리 도지(분배 의심). 일봉 A4 하락 확인 중이며 MA50 지지 여부가 핵심. 주봉 MA10 접촉 구간에서 반등 확인 시 재검토.,False,삼성증권,11421470000000
404990,7.0,watch,B3,B3,B2,pullback_ma50,breaking,normal,0.0,0.0,-0.109,0.012,,월봉/주봉은 B3(바닥 다지기)이나 일봉은 B2(지속 하락). TF 충돌. 주봉 MA50 근접으로 지지 테스트 중. 반등 확인 후 진입 검토.,False,신한서부티엔디리츠,232071493360
018470,7.0,skip,B2,B4,A4,pullback_ma10,breaking,normal,0.0,0.0,-0.14,0.043,drawdown_deep,"1M 장기 하락 B2, 1W 반등 B4 시도이나 1D 급락 A4. TF 충돌. 장기 고점 대비 -67% 낙폭. 반등 지속성 불확실.",False,조일알미늄,177284409400
003120,6.0,skip,B3,B2,B2,riding,riding,dry,0.0,0.0,-0.122,-0.064,drawdown_deep,전 TF B2 정합 하락 추세. 주봉·일봉 역배열 + 신저가권. drawdown_deep. 주봉 거래량 dry. 반전 징후 없음.,False,일성아이에스,267995000000
452260,6.0,watch,A1,A2,A2,pullback_ma10,pullback_ma10,pump_dump_trace,0.0,0.0,0.205,1.222,"parabolic,drawdown_deep,pump_dump_trace","전 TF 상승 추세이나 parabolic 리스크 강함(주봉 거래량 22배, 일봉 90일 +122%). 고점 대비 -30% 위치, 추가 되돌림 가능. MA50 지지 확인 후 재판단.",False,한화갤러리아,612596367600
004560,6.0,watch,B4,A4,B2,pullback_ma10,breaking,distribution_suspect,0.0,0.0,0.003,0.365,"drawdown_deep,distribution_suspect","월봉 B4(상승 시도), 주봉 A4(하락 첫 시도), 일봉 B2(하락 추세) — TF 충돌. 주봉 대량 거래량 동반 하락이 분배 징후. 월봉 큰 그림 B4이나 단기 추세 하락으로 관망.",False,현대비앤지스틸,252419296140
000155,6.0,skip,A3,A3,B1,pullback_ma10,breaking,distribution_suspect,0.0,0.0,0.182,0.096,"parabolic,distribution_suspect","전 TF 페러볼릭 후 분배 하락 정합(1M A3 분배, 1W A3 하락, 1D B1 이탈). ADX 73 과열, 거래량 폭증 음봉. 매매 회피.",False,두산우,2633668458000
004140,6.0,watch,B4,B3,B2,pullback_ma20,breaking,normal,0.0,0.0,-0.17,-0.103,drawdown_deep,"1M B4(상승 첫 시도, 90일 +57%), 1W B3(바닥 다지기), 1D B2(하락 재개) — TF 충돌. 월봉은 MA 정배열 전환 신호이나 일봉/주봉 단기 하락 중. 월봉 관점 회복 가능성 있으나 일봉 재진입",False,동방,108656049990
003555,6.0,watch,A2,A2,A3,pullback_ma20,pullback_ma20,normal,0.0,0.0,0.071,0.06,distribution_suspect,"월봉/주봉 A2이나 일봉 A3 조정+분배봉 의심. 주봉 MA20 지지(70,545) 확인 필요. 월봉 distribution_suspect 위꼬리 주의.",False,LG우,231561203100
003535,6.0,skip,B3,B2,B2,riding,riding,dry,0.0,0.0,-0.141,-0.054,drawdown_deep,1W/1D B2 정합이나 1M은 B3 다지기 단계로 충돌. 전체적으로 하락 추세 지속이며 거래량 dry. 월봉 박스 돌파 확인 전까지 회피.,False,한화투자증권우,38544000000
012330,6.0,watch,A2,A2,A3,pullback_ma10,pullback_ma10,normal,0.0,0.0,0.377,0.462,distribution_suspect,1M/1W A2 정배열이나 1M breakout거래량+distribution_candle_score 0.6 분배 의심. 1D 649K 급등 후 -17% 조정 중. 1W holding=true로 일부 지지 유지. 분배,False,현대모비스,59611307031000
279570,6.0,skip,,B2,B2,riding,riding,dry,0.0,0.0,-0.139,0.0,"drawdown_deep,low_history",상장 직후 지속 하락세. 1D/1W 모두 B2 역배열. 데이터 이력 짧아(low_history) 신뢰도 낮음.,False,케이뱅크,2280006748620
009140,6.0,watch,A1,A2,A3,pullback_ma10,pullback_ma10,normal,0.0,0.0,0.196,0.324,distribution_suspect,"1W A2 정배열 상승, 1D A3 토핑 조짐으로 분리. 급등 후 되밀림 중. MA10 지지 여부 및 거래량 재확인 필요. 월봉 고점 대비 이격 경계.",False,경인전자,42097359600
120030,5.0,skip,B3,B2,B2,riding,breaking,dry,0.0,0.0,-0.085,-0.061,drawdown_deep,전 TF B2 정합(월봉 B3 경계이나 주봉/일봉 B2 명확). 역배열+우하향 지속. 거래량 극희소. 박스 하단 이탈 시도 중. 매매 회피.,False,조선선재,121866381900
272210,5.0,skip,A2,A3,B2,pullback_ma10,breaking,normal,0.0,0.0,-0.204,0.685,drawdown_deep,"월봉 A2 강세이나 페러볼릭 수준의 상승 후 급격한 조정. 주봉 A3 토핑, 일봉 B2 역배열. 큰 TF 간 사이클 충돌 심각. 일봉 MA10 돌파 + MA 정배열 전환 확인 필요.",False,한화시스템,21914649124000
009070,5.0,skip,A5,B2,B2,breaking,riding,normal,0.0,0.0,-0.101,-0.16,drawdown_deep,1D/1W 역배열 하락 추세 정합. 1M도 최근 고점에서 급락 중. ADX 27~28로 추세 유효. 고점 대비 -38% 이상이나 하락 추세 전환 신호 없음.,False,KCTC,159000000000
001045,5.0,watch,A3,B2,B2,breaking,breaking,normal,0.0,0.0,-0.04,-0.134,,1M은 장기 상승 사이클(A3 토핑 눌림)이나 1W/1D는 B2 하락 진행 중. TF 충돌로 진입 불가. 1M MA20(78885) 지지 여부 확인 후 재평가 필요.,False,CJ우,185338286000
104700,5.0,skip,A3,B2,B2,breaking,breaking,normal,0.0,0.0,-0.012,-0.072,,1M 정배열(A3)이나 1W/1D 모두 B2 하락 추세 확인. TF 충돌로 큰 TF(1W/1D) 기준 skip. 일봉 역배열 완성 전 반등 없이 하락 지속 패턴.,False,한국철강,337162500000
066575,4.0,watch,A1,A2,A3,acceleration,pullback_ma20,distribution_suspect,0.0,0.0,0.407,0.396,distribution_suspect,월봉 A1 급등 단계이나 주봉·일봉에서 90일 +130% 과열 후 고점 분배 신호 감지. 일봉 MA20 지지 여부 확인 필요. parabolic 기준(ret_90d>1.0) 직전까지 도달.,False,LG전자우,1424329687100
37550K,4.0,watch,B4,B4,B2,pullback_ma50,breaking,normal,0.0,0.0,-0.217,0.158,drawdown_deep,월봉/주봉은 B4 반등 시도(정배열 회복 중)이나 일봉은 B2 하락 지속. TF 간 충돌로 관망. 주봉 MA50(~23500) 지지 여부가 관건.,False,DL이앤씨우,56123646750
307950,4.0,watch,A2,A2,A2,riding,pullback_ma10,normal,0.0,0.0,0.496,0.788,"parabolic,distribution_suspect",전 TF 정배열 A2 정합. 일봉 오늘 양봉 반등(holding=true) 긍정적. 그러나 월봉 dist_score=0.6 분배봉 + 파라볼릭 + 주봉 vol 폭증 후 조정으로 과열 경계 필요.,False,현대오토에버,17414228570000
001940,4.0,skip,A2,A4,B1,pullback_ma50,breaking,normal,0.0,0.0,-0.117,-0.082,distribution_suspect,1M A2 장기 상승이나 1W A4/1D B1 하락 첫 시도로 TF 충돌. 큰 TF(1W/1D) 기준 하락 추세 진입 중. 일봉 distribution_suspect + ADX 35.9. 반등 확인 전 skip.,False,KISCO홀딩스,335271387000
195870,4.0,watch,A2,A2,A2,riding,pullback_ma20,normal,0.0,0.0,0.505,0.561,"parabolic,distribution_suspect","전 TF A2 정합이나 1M에서 ret_90d +421% 페러볼릭 과열. 1D MA20 지지 확인 후 watch 유지, 1M 차트에서 분배 신호 주의.",False,해성디에스,1727200000000
001790,4.0,watch,B3,B3,B2,pullback_ma20,pullback_ma10,normal,0.0,0.0,-0.12,-0.04,drawdown_deep,"1M/1W B3 바닥 다지기, 1D B2 하락 지속으로 분리. 큰 TF 박스 유지 확인 필요, 일봉 반등 시그널 없음.",False,대한제당,233284380075
000890,4.0,watch,A2,A2,A3,acceleration,acceleration,pump_dump_trace,0.0,0.0,2.941,2.96,"parabolic,pump_dump_trace,distribution_suspect","1M/1W parabolic 급등 후 1D에서 음봉+거래량 감소. 펌프 후 관심 소멸 패턴. 매수 부적합, 기존 보유 시 경계.",False,보해양조,42568622525
00781K,4.0,watch,A2,A2,A2,riding,pullback_ma20,normal,0.0,0.0,0.342,0.752,"parabolic,distribution_suspect","1W/1D A2 정합 상승. 그러나 1M에서 ret_90d +311% 페러볼릭, MA 대비 극단적 과열(+58~121%). 일봉 MA20 풀백 지지 확인 후 pass 가능. 현재는 조정 대기.",False,코리아써키트2우B,15117553710
112610,4.0,skip,B4,B4,B2,pullback_ma20,breaking,normal,0.0,0.0,-0.325,0.222,drawdown_deep,1D B2 명확한 하락 추세. 1W MA50 근처 지지 시험 중이나 1D 가격이 모든 MA 하부에 위치하고 하락 지속. 1M 빅픽처상 B4 회복 시도로 볼 수 있으나 1D/1W 충돌로 진입 부적합.,False,씨에스윈드,2176044394800
088790,4.0,pass,B4,A1,A1,pullback_ma10,pullback_ma10,accumulation_suspect,0.0,0.0,0.015,0.373,"drawdown_deep,accumulation_suspect","1W A1+1D A1 정합이나 1M은 B4 전환 단계로 분리. 1W ADX 49 강한 상승 추세 확인, 강양봉 holding=true. 눌림 후 MA10 지지 시 진입 적합.",False,진도,36471889920
006200,4.0,watch,A2,A2,A3,acceleration,pullback_ma10,pump_dump_trace,0.0,0.0,2.739,3.383,"parabolic,pump_dump_trace,distribution_suspect","전 TF 상승이나 페러볼릭 과열 극심(ret_30d +221~312%). MA 대비 200% 이상 이탈. 1D에서 토핑 신호(음봉+거래량 감소). 분배 의심. 추격 매수 절대 회피, 보유자는 비중 축소 고려.",False,한국전자홀딩스,29626384455
005950,4.0,watch,B4,A1,A1,acceleration,acceleration,accumulation_suspect,0.0,0.0,0.794,0.698,"parabolic,drawdown_deep,accumulation_suspect",일봉/주봉 A1 강세 출발이나 월봉은 B4(바닥 상승 시도) 레벨. 거래량 폭증+30d 79% 급등으로 parabolic 위험. 풀백 후 재진입 대기.,False,이수화학,439901447370
000990,4.0,watch,A2,A2,A3,acceleration,pullback_ma10,distribution_suspect,0.0,0.0,0.769,1.154,"parabolic,distribution_suspect","월봉/주봉 A2 강세이나 parabolic(ret_90d +1279% 월봉, +300% 주봉). 일봉 A3 토핑 구간. MA10/MA20 지지 반등 확인 시 pass 격상 가능. 현재는 과열 경계.",False,DB하이텍,9179468068000
00806K,4.0,watch,A2,A2,A2,riding,pullback_ma10,normal,0.0,0.0,0.305,0.346,distribution_suspect,"1W/1D A2 정합 상승 추세. 그러나 1M에서 위꼬리 분배봉 신호(distribution_candle_score 0.6), MA 전체 대비 28% 위에 위치해 과열 주의. 풀백 후 MA10/20 반등 확인 시 p",False,대덕1우,16548673050
001685,3.8,watch,B3,B2,B2,pullback_ma10,pullback_ma10,normal,0.0,0.6,-0.021,-0.071,drawdown_deep,"1M 박스권 B3, 1W/1D B2. MA 역배열이나 수렴 tight. 1D 매집봉 점수 0.6 주목. 15500 지지 유지 여부 확인 후 접근.",False,대상우,21718034550
008490,3.0,watch,B2,B4,A1,bounce_ma50,riding,accumulation_suspect,0.0,0.0,0.247,0.081,"drawdown_deep,accumulation_suspect","월봉 B2, 주봉 B4, 일봉 A1 — TF별 전환 단계 차이 존재. 일봉은 반등 확인이나 주봉·월봉 drawdown_deep. 주봉 B4+accumulation 으로 watch 유지, 주봉 MA20 상향 돌파 확인",False,서흥,266668054650
006800,3.0,skip,A2,A3,B2,pullback_ma10,breaking,distribution_suspect,0.0,0.0,-0.019,1.17,"parabolic,distribution_suspect","1M A2이나 1W A3 토핑 조짐, 1D는 전체 MA 하향 이탈(B2) — TF 충돌+하락 가속으로 회피",False,미래에셋증권,37882677776000
058430,3.0,skip,A3,A3,B1,pullback_ma10,breaking,distribution_suspect,0.0,0.0,0.269,0.622,"drawdown_deep,distribution_suspect,parabolic","월봉/주봉 A3(토핑 횡보), 일봉 B1(하락 시작) 충돌. 90d +222% 급등 후 분배 의심. 고위험 구간.",False,포스코스틸리온,401100000000
003960,3.0,skip,A5,B2,B2,riding,riding,normal,0.0,0.0,-0.079,-0.207,"drawdown_deep,distribution_suspect",1W/1D B2 정합 하락 추세. 2024년 초 대형 스파이크 이후 전형적 분배 후 하락. drawdown_deep 플래그. ADX 하락 강도 유지. 매매 회피.,False,사조대림,268518883100
155660,3.0,watch,C1,A1,A3,pullback_ma10,pullback_ma10,normal,0.0,0.0,0.008,0.137,drawdown_deep,"1M=C1(장기 박스), 1W=A1(정배열 상승 시작), 1D=A3(토핑 횡보) TF 충돌. 주봉 정배열 강점이나 일봉 토핑 진행 중, 4,100 지지 확인 후 재진입 검토.",False,DSR,69440000000
006120,2.0,skip,A2,B2,B2,breaking,breaking,normal,0.0,0.0,-0.021,-0.21,,1M A2 장기 상승 사이클이나 1W/1D B2 역배열 하락 일치로 단기-중기 충돌. 1D ret_90d -21%로 단기 하락 추세 뚜렷. 1W 바닥 확인 전 진입 회피.,False,SK디스커버리,915963302600
00680K,2.0,skip,A3,A4,B1,breaking,breaking,distribution_suspect,0.0,0.0,-0.133,0.378,"parabolic,drawdown_deep,distribution_suspect","1M 극단 페러볼릭 후 분배 진행, 1W A4 MA 이탈, 1D B1 거래량 폭증 음봉 하락. 전 TF 분배/하락 압력. 매매 회피.",False,미래에셋증권2우B,2416050000000
128940,2.0,skip,B4,B2,B2,breaking,riding,normal,0.0,0.0,-0.171,-0.116,drawdown_deep,1M B4 약간 긍정 신호 있으나 1W/1D B2 지속 하락 추세 일치. drawdown_deep 플래그. 1D MA10(439400) 회복 전까지 skip.,False,한미약품,5771351445500
005500,2.0,watch,B4,B4,A1,acceleration,acceleration,distribution_suspect,0.0,0.0,0.211,0.108,distribution_suspect,"일봉 A1(상승 출발) vs 주봉 B4(상승 첫 시도), 월봉 B4. TF 충돌에 거래량 폭발+위꼬리 도지 반복으로 distribution_suspect 판단. 변곡 대기, 확인 봉 발생 전까지 관망.",False,삼진제약,287046000000
003200,2.0,skip,A1,B2,A4,breaking,breaking,normal,0.0,0.0,-0.093,-0.092,"drawdown_deep,distribution_suspect","1M A1 정배열 전환이나 1W B2 역배열, 1D A4 하락 확인. 1D breakout vol+distribution. TF 충돌. drawdown_deep. 하락 추세 전환 미확인 상태.",False,일신방직,253248800000
000640,2.0,skip,B3,B2,B2,breaking,breaking,normal,0.0,0.0,-0.056,-0.152,,"1W/1D B2 정합, 역배열+하락 기울기, range 최저점. 1M은 장기 박스(B3)이나 단기 약세 우위.",False,동아쏘시오홀딩스,607273935400
001510,2.0,watch,A1,A2,B2,pullback_ma10,breaking,pump_dump_trace,0.0,0.0,-0.004,1.718,"parabolic,drawdown_deep,pump_dump_trace",1M/1W 정배열이나 주봉 거래량 8.5배 폭증 + 일봉 MA 전 이탈 + 거래량 소멸의 pump_dump_trace 패턴. 신뢰 낮음. parabolic + drawdown_deep 복합 위험.,False,SK증권,906676733200
014530,2.0,skip,C1,B4,B3,bounce_ma50,pullback_ma10,normal,0.0,0.0,-0.115,0.066,"drawdown_deep,zombie",TF 충돌. 일봉 거래량 극히 low(zombie 자동 플래그)로 신뢰도 낮음. 주봉은 MA50 지지 시도 중이나 일봉 dry 거래량과 역배열로 진입 부적합. drawdown_deep 플래그 있음.,False,극동유화,122391664200
026940,2.0,watch,B2,B4,A5,pullback_ma10,breaking,accumulation_suspect,0.0,0.0,0.113,0.107,"drawdown_deep,distribution_suspect",1W B4 반등시도 vs 1M/1D 하락. TF 충돌. 주봉 MA20/50 회복은 긍정이나 일봉 급등후 급락 분배 패턴 주의.,False,부국철강,45700000000
078000,2.0,skip,A3,A4,B2,breaking,breaking,distribution_suspect,0.0,0.0,-0.089,-0.003,"drawdown_deep,zombie,distribution_suspect,parabolic","1M 펌프 후 분배 패턴(A3), 1W/1D 명확한 B사이클 하락 추세. drawdown_deep + zombie 플래그. 분배 의심 volume_flag. 매매 회피.",False,텔코웨어,135829131900
004310,2.0,skip,A3,A4,B2,breaking,breaking,distribution_suspect,0.0,0.0,-0.145,-0.184,"drawdown_deep,parabolic,distribution_suspect","전 TF 고점 형성 후 하락 추세 정합. 일봉 역배열, 월봉/주봉 분배 패턴. parabolic 이후 분배 확정 구간. 재매수 조건 미충족.",False,현대약품,235200000000
010770,1.4,watch,B3,B4,A1,bounce_ma50,pullback_ma10,normal,0.0,0.3,0.154,0.141,"drawdown_deep,distribution_suspect","1D A1(상승 출발)이나 1W B4(미확정), 1M B3(박스). 일봉 정배열+거래량 스파이크는 긍정적이나 distribution_candle_score=0.6 주의. 단기 과열 여부 확인 후 접근.",False,평화홀딩스,74736131260
002030,1.0,watch,A3,B1,B2,breaking,riding,distribution_suspect,0.0,0.0,-0.164,-0.252,"drawdown_deep,accumulation_suspect",1W B1 하락 시작 vs 1D B2+accumulation_candle_score 1.0(도지+거래량 폭증). 하락 추세 내 단기 반등 가능성. 1W MA 회복 확인 전 watch.,False,아세아,456035718000
030000,1.0,skip,B3,B2,B2,riding,riding,normal,0.0,0.0,-0.027,-0.101,distribution_suspect,전 TF B2 역배열 정합. 일봉 거래량 폭증 음봉 이후 추세 하락 지속. 회복 신호 없음.,False,제일기획,2166226266750
084010,1.0,skip,B4,B2,B2,breaking,breaking,normal,0.0,0.0,-0.029,-0.081,drawdown_deep,주봉/일봉 B2 하락 지속. 월봉도 2020년 고점 이후 대형 하락 구조. 전 TF 정합 skip. drawdown_deep 위험.,False,대한제강,343715960000
020150,1.0,watch,B4,A1,B2,pullback_ma10,breaking,normal,0.0,0.0,0.184,0.773,drawdown_deep,"1W A1 상승 전환, 1M B4 상승 첫 시도이나 1D B2(MA 이탈 하락). TF 충돌 구간. 1D MA50(52k) 지지 확인 후 재진입 검토. drawdown_deep 유지.",False,롯데에너지머티리얼즈,3052906492900
009420,1.0,skip,A2,A4,B2,breaking,breaking,normal,0.0,0.0,-0.167,-0.154,"drawdown_deep,distribution_suspect",1D 역배열 B2 하락 추세. 1W도 모든 MA 하부. 1M 정배열이나 최근 큰 폭 하락 후 MA20 수준. TF 충돌 및 1D 하락 확인으로 진입 부적합. 단 1D 거래량 급증 + 도지(distribution_ca,False,한올바이오파마,3212799237000
016590,1.0,skip,A1,B2,B2,riding,riding,normal,0.0,0.0,-0.215,-0.169,drawdown_deep,1M A1(장기 변곡 의심) vs 1W/1D B2(하락 추세) 충돌. 일봉/주봉 하락 추세가 우세. drawdown_deep -43%. 1M parabolic(ret_30d 81%) 이후 급락 중. skip.,False,신대양제지,425947957400
003460,0.0,skip,A2,A3,B1,pullback_ma20,breaking,distribution_suspect,0.0,0.0,-0.067,0.102,"drawdown_deep,distribution_suspect","1M 장기 상승(A2)이나 1W A3 토핑, 1D B1 하락 시작. 전 TF 분배 신호. 2025~2026 급등 후 강한 되돌림 진행 중. 진입 부적합.",False,유화증권,180313679700
352820,0.0,skip,B3,B2,B2,breaking,riding,normal,0.0,0.0,-0.164,-0.325,drawdown_deep,전 TF B2~B3 하락 정합. 일봉 완전 역배열 지속 하락 중이며 90일 -32.5%. drawdown_deep 플래그. 바닥 확인 신호(B3 전환+거래량) 없이 매매 불가.,False,하이브,10042824017000
001740,0.0,watch,A2,A2,A2,acceleration,riding,distribution_suspect,0.0,0.0,0.523,0.753,"parabolic,distribution_suspect","전 TF A2 정합이나 parabolic 자동 플래그. 주봉 거래량 7.8배 + 위꼬리 도지(분배 의심), 1M MA10 대비 +49% 극단 이격. 보유 중이면 trail stop 강화, 신규 진입 시 parabol",False,SK네트웍스,1851481595470
025860,0.0,watch,A1,A3,B1,pullback_ma20,breaking,distribution_suspect,0.0,0.0,-0.069,0.171,"drawdown_deep,distribution_suspect",월봉 A1(상승 변곡) vs 주봉 A3(토핑) vs 일봉 B1(하락 시작) — TF 충돌. 폭발적 거래량 급등 후 급락 패턴 distribution_suspect. 월봉 장기 추세 회복 가능성 있으나 단기 하락 압력,False,남해화학,388488552260
012630,-1.0,watch,B4,A1,B2,pullback_ma50,pullback_ma10,normal,0.0,0.0,-0.179,0.281,,"1M은 장기 바닥 회복 B4, 1W는 새 상승 출발 A1, 1D는 하락 추세 B2. TF 간 큰 불일치. 일봉 MA 역배열 해소 전까지 관망.",False,HDC,1383020841150
183190,-1.0,skip,B3,B2,B2,breaking,breaking,normal,0.0,0.0,-0.02,-0.134,drawdown_deep,월봉 B3(장기 박스/바닥 다지기) vs 주봉/일봉 B2(하락 지속) 충돌. 장기적으로는 박스권이나 단기 하락추세 명확. 반등 시그널 없으므로 관망 → skip.,False,아세아시멘트,369810115640
075580,-1.0,skip,A2,B1,B2,breaking,breaking,normal,0.0,0.0,-0.1,-0.166,drawdown_deep,1M 정배열 장기 상승이나 1W/1D 고점 이후 급격한 하락 전환. drawdown_deep + 1W 30일 -37% 급락으로 단기 하락 압도. 바닥 확인 전 진입 회피.,False,세진중공업,984064083360
007160,-1.0,skip,B3,B2,B2,breaking,breaking,normal,0.0,0.0,-0.096,-0.142,drawdown_deep,"전 TF 공통으로 B2(지속 하락) 또는 전 MA 하단 위치. 일봉/주봉 역배열, 장기 하락 추세 지속. 반등 확인 신호 없음.",False,사조산업,240000000000
026890,-1.0,skip,B3,B2,B2,breaking,breaking,normal,0.0,0.0,-0.091,-0.131,drawdown_deep,1M B3(바닥 다지기 가능성) vs 1W/1D B2(하락 추세) 충돌. drawdown_deep(1W -37.7%). 1D vol_avg 0.302 zombie 경계. 큰 TF 하락 추세 미전환 시 skip 유지.,False,스틱인베스트먼트,336918573530
300720,-1.0,skip,B3,B2,B2,breaking,breaking,normal,0.0,0.0,-0.088,-0.121,drawdown_deep,1M/1W/1D 모두 B2 하락 추세 정합. 주봉/일봉 역배열 명확. 월봉 MA50 근접하나 반등 신호 없어 skip.,False,한일시멘트,1107590847540
317450,-1.0,skip,,B2,B2,breaking,breaking,normal,0.0,0.0,-0.081,-0.23,"drawdown_deep,low_history",1W/1D B2 정합. 1M PNG 없음(신규 상장 이력 부족). 거래량 급감+신저가 갱신 중. 반등 신호 없음.,False,명인제약,737300000000
051910,-1.0,skip,B3,B4,B2,pullback_ma10,breaking,normal,0.0,0.0,0.047,0.011,"drawdown_deep,distribution_suspect","1D B2 하락, breakout 거래량 음봉으로 distribution_suspect. 1W B4 회복 시도이나 1D 에서 꺾임. 1M B3 장기 바닥권. drawdown_deep. 단기 하락 압력 우세.",False,LG화학,24989689422000
000145,-1.0,skip,B3,B2,B2,pullback_ma10,breaking,normal,0.0,0.0,-0.087,-0.136,drawdown_deep,"전 TF B2 정합 하락. 1D ADX 27.76+고거래량 음봉 연속으로 하락 강도 확인. 10,000 지지 미확인 상태에서 추가 관찰 필요.",False,하이트진로홀딩스우,4825802500
28513K,-1.0,skip,B3,B2,B2,breaking,breaking,normal,0.0,0.0,-0.073,-0.182,drawdown_deep,월봉 B3(박스권 다지기) vs 주봉·일봉 B2(하락 지속). 일봉 거래량 spike + 아래꼬리가 바닥 신호일 수 있으나 MA 역배열 확인 전 진입 불가. 관망 후 MA 수렴·돌파 확인 필요.,False,SK케미칼우,52356867750
034230,-1.0,skip,B3,B2,B2,pullback_ma10,pullback_ma10,normal,0.0,0.0,-0.044,-0.109,drawdown_deep,"1W/1D 모두 B2 하락 추세, MA 역배열. 1M은 바닥권이나 추세 전환 확인 미흡. 전 TF 동조적 하락으로 진입 회피.",False,파라다이스,1342199745180
071090,-1.0,skip,B3,B2,B2,pullback_ma20,breaking,normal,0.0,0.0,0.026,0.056,drawdown_deep,"전 TF B2 하락 추세. 2026-04 급등 후 재차 하락 재개하여 전 고점 대비 -40% 구간. 거래량 급증 후 소멸 패턴, MA 역배열 지속. 바닥 확인 전 매매 회피.",False,하이스틸,78645779545
015760,-1.0,skip,A1,B2,B2,breaking,breaking,normal,0.0,0.0,-0.083,-0.269,drawdown_deep,"1W/1D 모두 B2 하락추세, 역배열 또는 MA 전체 하향. 1M만 정배열이나 현재가 MA10에서 크게 이탈. drawdown_deep 47%. 전 TF 하락 추세 지속.",False,한국전력,26320527157000
035000,-1.0,watch,A5,B2,B2,riding,riding,distribution_suspect,0.0,0.0,-0.122,-0.143,distribution_suspect,1D 바닥권 accumulation_candle_score=1.0 + 하락 가속도 둔화. 그러나 1W/1D MA 역배열 지속. 1M A5 구조. 1D 반등 확인 시 B3→B4 전환 watch. 현시점은 매수 미확정.,False,HS애드,117829571880
004490,-1.0,skip,B3,B2,B2,breaking,breaking,normal,0.0,0.0,-0.06,-0.093,drawdown_deep,"1M/1W/1D 전 TF B2~B3 하락 정합. 고점 대비 -62% 장기 낙폭, 전 TF 가격 MA 하방. 회복 신호 전무.",False,세방전지,799722000000
006660,-1.0,skip,B3,B2,B2,pullback_ma10,breaking,normal,0.0,0.0,-0.004,-0.209,drawdown_deep,1W/1D B2 하락 추세 진행 중. 1M에서 거래량 급증 B3 신호 있으나 주/일봉 역배열 유효. 단기 거래량 폭증은 추세 반전보다 변동성 확대 가능성 높음. 큰 그림 하락 추세 회피.,False,삼성공조,97922083700
001460,-1.0,watch,B3,B2,B2,pullback_ma50,breaking,normal,0.0,0.0,-0.092,0.021,"drawdown_deep,accumulation_suspect","월봉 B3(박스 다지기), 주봉·일봉 B2(지속 하락) 정합. 일봉 거래량 급증+매집봉(acc_score 1.0)으로 watch 유지. drawdown_deep 리스크.",False,BYC,263899837500
009415,-1.0,watch,A1,A1,B2,pullback_ma20,breaking,normal,0.0,0.0,0.401,-0.291,"drawdown_deep,pump_dump_trace",1M/1W A1 전환 시그널 있으나 1D가 급등 후 붕괴 B2로 TF 충돌 심함. 1D에서 지지 확인 전 관망.,False,태영건설우,6278748840
016380,-2.0,watch,B2,B4,A2,pullback_ma10,pullback_ma10,normal,0.0,0.0,0.271,0.261,drawdown_deep,1D A2 강세 상승(ADX 43)이나 1M B2 초장기 하락 구조 충돌. 1W B4 중기 회복 시도 중. 단기 매력 있으나 장기 구조 리스크 큼.,False,KG스틸,666059254020
003030,-2.0,skip,A3,A5,B2,breaking,breaking,distribution_suspect,0.0,0.0,-0.3,0.388,"drawdown_deep,distribution_suspect","1W A5 하락 retest, 1D B2 지속 하락, 1M A3 토핑 이후 하락 전환. 전 TF 하락 방향 정합. distribution_suspect 시각 확인. ret_30d=-30% 심각.",False,세아제강지주,739285774500
092200,-2.0,skip,A3,A5,B2,breaking,breaking,distribution_suspect,0.0,0.0,-0.216,-0.505,"drawdown_deep,distribution_suspect","1M 토핑(A3), 1W A5 retest, 1D B2. 큰 TF 하락 retest 확정, 분배 의심 동반. 전체 skip.",False,디아이씨,349608235310
007540,-3.0,skip,A3,A4,B1,pullback_ma50,breaking,dry,0.0,0.0,-0.12,-0.037,"drawdown_deep,zombie,distribution_suspect","1M A3/A4 vs 1D B1 충돌. 단기 고점 이후 하락 전환 확인. zombie 플래그, 거래량 감소. 매매 회피.",False,샘표,133868490000
003570,-3.0,skip,A3,B2,B2,breaking,breaking,normal,0.0,0.0,-0.114,-0.066,drawdown_deep,"1M A3(토핑 후 조정), 1W/1D 모두 B2(하락 지속). 전 TF 하락 정합. drawdown_deep 플래그.",False,SNT다이내믹스,1622731613600
006220,-3.0,skip,A4,B2,B2,breaking,breaking,dry,0.0,0.0,-0.13,-0.112,drawdown_deep,1W/1D B2 역배열 정합. 거래량 극히 낮음(dry 수준). 피크 대비 -62%. 2022년 스파이크 후 구조적 하락 중. 매매 회피.,False,제주은행,418052040420
064960,-3.0,skip,A1,B2,B2,breaking,breaking,normal,0.0,0.0,-0.109,-0.113,,1M 정배열 회복 중(A1)이나 1W/1D 모두 B2 하락 지속. TF 충돌. 1D/1W 반등 확인 전 진입 불가.,False,SNT모티브,867866894400
000105,-4.0,skip,A5,B2,B2,riding,riding,distribution_suspect,0.0,0.0,-0.176,-0.321,"drawdown_deep,parabolic,distribution_suspect",1M A5 이후 1W/1D B2 정합 하락. 파라볼릭 붕괴 후 강한 하락 추세 유지. 반등 시그널 없음. 분배 의심 동반.,False,유한양행우,87271466000
005090,-4.0,watch,B4,A1,B2,pullback_ma20,breaking,normal,0.0,0.0,-0.128,1.21,"parabolic,drawdown_deep",1W A1 강세 출발이나 1D B2 급락 조정 중. 페러볼릭 상승 후 조정 패턴. parabolic + drawdown_deep 리스크. MA20 지지 여부 확인 필요.,False,SGC에너지,746403449400
053690,-5.0,skip,A3,A4,B2,pullback_ma20,breaking,distribution_suspect,0.0,0.0,-0.278,0.198,"drawdown_deep,distribution_suspect","1M A3(토핑), 1W A4(하락 첫 시도), 1D B2(하락 지속). 큰 TF 하락 진행, 분배 의심. 전체 skip.",False,한미글로벌,250380017500
014830,-6.0,skip,B3,B2,B2,pullback_ma50,breaking,normal,0.0,0.0,-0.116,0.078,drawdown_deep,1M/1W/1D 전반적 B2 하락 정합. 1W 고점 돌파 실패 후 1D MA 전부 이탈 하락 중. 바닥 확인 전 회피.,False,유니드,492004520000
001820,-6.0,watch,A2,A2,A2,acceleration,acceleration,distribution_suspect,0.0,0.0,0.406,1.66,"parabolic,distribution_suspect","전 TF A2 정합이나 1M ret_30d +101%, 1W/1D range_position 0.97/0.95 극단 과열. MA10 대비 +25~80% 과리이탈. 신규 진입보다 풀백 후 재진입 대기 권장.",False,삼화콘덴서,1378377000000
004105,-6.0,watch,B2,B4,B1,bounce_ma50,breaking,normal,0.0,0.0,-0.02,0.079,drawdown_deep,"1M B2(장기 하락), 1W B4(MA50 지지 + 반등 시도 중), 1D B1(하락 진입). TF 충돌. 1W에서 MA50 지지 유지 시 B5 전환 가능하나 1D 하락 확인 필요. 현 단계 watch.",False,태양금속우,13447500000
025890,-6.0,skip,B2,B4,B2,pullback_ma10,breaking,normal,0.0,0.0,-0.05,0.04,drawdown_deep,"1M/1D B2 명확한 하락이나 1W 단기 정배열로 TF 충돌. 1D 급락 국면, 전 MA 아래 위치. drawdown_deep 플래그. 매매 회피.",False,한국주강,21765435048
004150,-6.0,watch,A1,A2,A2,pullback_ma10,pullback_ma10,distribution_suspect,0.0,0.0,0.129,0.208,distribution_suspect,1W/1D A2 정합 상승 추세. 그러나 최근 급등 후 pullback 중이고 distribution_suspect 시각. 강양봉 holding=false(무너짐). MA10 지지 여부 확인 후 진입 검토. 월봉 b,False,한솔홀딩스,174363135000
069620,-6.0,skip,B3,B2,B2,breaking,breaking,normal,0.0,0.0,-0.149,-0.221,drawdown_deep,"1M B3(장기 박스 하단), 1W/1D B2(하락 지속). 단기/중기 하락 미완. drawdown_deep 플래그. 바닥 확인 전 회피.",False,대웅제약,1532903872500
015260,-6.0,skip,B2,B4,B2,pullback_ma20,breaking,normal,0.0,0.0,-0.075,0.279,drawdown_deep,"월봉 B2 장기 하락, 주봉 B4 상승 첫 시도, 일봉 B2 되돌림. TF간 충돌. 일봉/월봉 모두 MA 아래이며 반전 미확인.",False,에이엔피,28741305340
089470,-6.0,watch,B4,B4,B2,pullback_ma20,breaking,distribution_suspect,0.0,0.0,-0.128,-0.001,"drawdown_deep,distribution_suspect",1M B4 전환 시도 vs 1D B2 하락 중 충돌. 급등 후 급락으로 변동성 큼. 1D MA 전체 역배열 상태에서 바닥 확인 필요.,False,HDC현대EP,141955000000
003070,-6.0,skip,B3,B2,B2,pullback_ma50,breaking,normal,0.0,0.0,-0.134,0.083,drawdown_deep,1M/1W/1D 모두 B2 하락 구조. 일봉 역배열+거래량 감소 속 낙폭 지속. 반등 시도 없음. 매매 회피.,False,코오롱글로벌,255002308770
005965,-7.0,skip,B2,A5,B2,pullback_ma10,riding,distribution_suspect,0.0,0.0,-0.045,-0.147,"drawdown_deep,distribution_suspect",전 TF B2/A5 정합 하락. 1W 분배 스파이크 후 하락 확정. from_high -69%~-80%. 매수 환경 아님.,False,동부건설우,4187328600
025560,-7.0,watch,B4,A1,A2,acceleration,acceleration,accumulation_suspect,0.0,0.0,1.07,1.011,"parabolic,drawdown_deep,distribution_suspect",1D A2 강세이나 ADX 53 페러볼릭+위꼬리 도지+distribution_candle_score 0.6로 단기 고점 가능성. 1M/1W 기준 상승 전환 첫 시도. parabolic risk 있어 watch.,False,미래산업,188615177400
0120G0,-7.0,skip,,B2,B2,breaking,riding,normal,0.0,0.0,-0.269,0.163,"drawdown_deep,low_history",1W/1D 모두 B2 역배열 하락 추세 정합. 고점 대비 -61% 낙폭에도 하락 추세 유지. low_history + drawdown_deep 플래그. 1M 데이터 미존재.,False,삼양바이오팜,487793072000
058730,-8.0,skip,B2,A5,B2,pullback_ma10,breaking,normal,0.0,0.0,-0.218,-0.143,drawdown_deep,"1M B2, 1D B2 하락 구조, 1W A5(급등 후 이탈 retest) — TF 충돌. drawdown_deep. 주봉 MA50(3,217) 지지 확인 전 매매 회피.",False,다스코,58548028635
103140,-8.0,skip,A5,B2,B2,breaking,breaking,normal,0.0,0.0,-0.227,-0.287,"parabolic,drawdown_deep","1M 페러볼릭 급등 후 A5→B2 하락 확정. 1W/1D 역배열, 전 TF B2 하락 정합. 매매 회피.",False,풍산,2471741319600
000540,-8.0,skip,B3,B2,B2,breaking,breaking,pump_dump_trace,0.0,0.0,-0.068,0.083,"drawdown_deep,zombie,pump_dump_trace",1M B3 박스권 전환 가능성이나 1W/1D B2 역배열 지속. zombie+drawdown_deep. pump_dump_trace 전 TF 관찰. 반등 확인 전 회피.,False,흥국화재,251509955175
000370,-9.0,watch,A2,A2,A2,pullback_ma10,pullback_ma10,distribution_suspect,0.0,0.0,0.156,0.293,"drawdown_deep,distribution_suspect",전 TF A2 정합이나 1M ret_30d +80% 파라볼릭 수준. 1W 위꼬리 도지+breakout 거래량으로 분배 의심. 풀백 후 MA10 지지 확인 시 재진입 고려.,False,한화손해보험,824176739900
085620,-10.0,watch,A2,A2,B3,pullback_ma10,pullback_ma10,distribution_suspect,0.0,0.0,-0.143,0.529,"parabolic,drawdown_deep,distribution_suspect",1M/1W 정배열 A2이나 파라볼릭 급등 후 조정 단계. 1D B3 박스권 수렴 중. 1D 아래꼬리 + 거래량 증가로 반등 시도 가능하나 TF 충돌 및 파라볼릭 위험으로 관망.,False,미래에셋생명,2073661200000
094800,-12.0,skip,A2,A3,B1,pullback_ma50,breaking,distribution_suspect,0.0,0.0,-0.212,0.064,"drawdown_deep,distribution_suspect",1W 분배+A3 vs 1D B1 하락 시작 충돌. 1D MA 역배열 전환으로 단기 하락 추세 확인. 1M 장기 상승 훼손 전이나 1W MA50 붕괴 시 본격 하락 가능.,False,맵스리얼티,546794209590
073240,-13.0,skip,B3,B2,B2,breaking,breaking,normal,0.0,0.0,-0.204,-0.153,drawdown_deep,"1M B3(장기 박스 하단), 1W/1D B2(중단기 하락 지속). 큰 TF 방향 하락 정합. drawdown_deep 플래그.",False,금호타이어,1417629516345
100090,-13.0,skip,B3,B2,B2,breaking,breaking,normal,0.0,0.0,-0.382,-0.124,drawdown_deep,"월봉 B3 기저 형성 중이나, 주봉/일봉 모두 B2 하락 추세 정합. 일봉 역배열+거래량 감소. 바닥 신호 없어 skip.",False,SK오션플랜트,1186459669710
012750,-14.0,skip,B3,B2,B2,riding,riding,normal,0.0,0.0,-0.211,-0.047,"drawdown_deep,distribution_suspect",1M B3/1W B2/1D B2 — 전 TF 하락 정합. 1M 대음봉+거래량 breakout distribution_suspect. drawdown_deep. 반등 신호 없음. 1D MA 정배열 복귀 확인 전까지 s,False,에스원,2663742377800
009470,-15.0,skip,A3,B2,B2,breaking,breaking,distribution_suspect,0.0,0.0,-0.033,0.091,"drawdown_deep,distribution_suspect",전 TF B2 하락 추세 정합. 1W/1D MA 역배열+하방. 강양봉 후 retrace 무너짐(holding=false). 피크 -62% 깊은 하락. 바닥 확인 전 진입 부적합.,False,삼화전기,298944664000
036530,-16.0,skip,A5,B2,B2,breaking,breaking,normal,0.0,0.0,-0.145,-0.046,"drawdown_deep,distribution_suspect",1M 파라볼릭 붕괴 후 1W/1D 모두 B2 역배열 하락 지속. 1D 거래량 폭증+음봉 = 분배 의심. 전 TF 가격 모든 MA 하방. 회피.,False,SNT홀딩스,888561787000
015590,-18.0,skip,B3,B2,B2,breaking,breaking,distribution_suspect,0.0,0.0,-0.018,-0.018,"drawdown_deep,distribution_suspect","1W 거래량 폭증 동반 강양봉 후 실패(holding=false, -17%). 1D 차트 데이터 비정상(거래정지 후 재개 패턴 의심). drawdown_deep 자동 플래그. 전 TF에서 MA 아래 위치. 추세 안정",False,DKME,135893603860
035510,-18.0,skip,A4,B1,B2,breaking,breaking,distribution_suspect,0.0,0.0,-0.153,-0.008,"drawdown_deep,distribution_suspect","월봉 A4, 주봉 B1, 일봉 B2로 전 TF 하락 추세 정합. 주봉 MA 모두 하회. 피크 -45%, drawdown_deep. 반등 신호 없음.",False,신세계 I&C,227329434000
029530,-18.0,skip,A4,B1,B2,breaking,breaking,distribution_suspect,0.0,0.0,-0.167,-0.091,"drawdown_deep,distribution_suspect","전 TF 하락 추세 정합. 1M 스파이크 후 B1 전환, 1W B1, 1D B2 역배열 ADX=42.5로 강한 하락 추세. 대량 거래 동반 음봉으로 분배 의심. 매매 회피.",False,신도리코,412432696050
010660,-19.0,skip,B4,B2,B2,breaking,breaking,normal,0.0,0.0,-0.16,-0.028,"drawdown_deep,distribution_suspect","월봉 B4 상승 시도이나 주봉·일봉 B2 하락 추세 우세. 주봉 강양봉 반등 실패, 일봉 분배봉+역배열. 고점 -55%.",False,화천기계,100540000000
100840,-23.0,skip,A5,B1,B2,breaking,breaking,normal,0.0,0.0,-0.255,0.053,"parabolic,drawdown_deep,distribution_suspect","전 TF 하락 정합(1M A5, 1W B1, 1D B2). 극단적 파라볼릭 이후 급락 조정 국면. MA 모두 위에서 저항 중. 바닥 확인 전 진입 위험.",False,SNT에너지,927533117550
214390,-33.0,skip,B2,A4,B2,breaking,breaking,distribution_suspect,0.0,0.0,-0.201,0.041,"drawdown_deep,zombie,distribution_suspect","1M 정배열처럼 보이나 장기 하락 종목. 1W 펌프 후 분배 패턴(A4), 1D 명확한 B2. drawdown_deep + zombie. 1W vol_avg 13.9배 이상 거래 의심.",False,경보제약,147505326200
