symbol,last_close,today_chg,today_amount,vol_ratio,pb_score,ch_score,today_chg_pct,bull_stack,bear_stack,dist_ma10,dist_ma20,ret_30d,ret_90d,from_high_1y,acc_d,vol_recent_vs_prior,recent_strong_bull_10d,ma10_touch_5d,ma10_strong_up,today_strong_bull,bullish_holding,Name,Marcap,시총,거래대금,today_chg_str,vol_x,pb_pct,ch_pct
088350,5430.0,-0.03035714285714286,20359312590.0,0.3338020440020506,61.0,64.0,-0.03035714285714286,1,0,0.006021306160259421,0.049275362318840665,0.1195876288659794,0.7629870129870129,-0.17727272727272725,0.5,1.8049115576840766,1,1,1,0,1,한화생명,4690062000000,4.69조,204억,-3.04%,0.3,79.2,60.4
000370,7040.0,-0.020862308762169657,3943512320.0,0.46198828456010027,61.0,54.0,-0.020862308762169657,1,0,0.014701643124819919,0.03052038351752917,0.10518053375196224,0.33840304182509495,-0.24301075268817207,0.5,1.9651856005434118,1,1,0,0,1,한화손해보험,834683242250,8347억,39.4억,-2.09%,0.5,79.2,50.9
003555,76600.0,0.00922266139657446,707784000.0,0.3089061246322546,60.0,61.0,0.00922266139657446,1,0,0.017534537725823585,0.042105979185089515,0.138187221396731,0.17304747320061264,-0.053152039555006136,0.5,2.1545052842565595,1,1,0,0,1,LG우,228248884200,2282억,7.1억,0.92%,0.3,77.9,57.5
001800,25200.0,-0.0039525691699604515,1262419200.0,0.35348125694141624,58.0,50.0,-0.0039525691699604515,0,0,0.02376599634369292,0.020242914979757165,0.0862068965517242,0.29032258064516125,-0.027027027027026973,0.5,1.152252260384867,1,1,0,0,1,오리온홀딩스,1584929176600,1.58조,12.6억,-0.4%,0.4,75.3,47.2
383800,9530.0,-0.042211055276381915,2002596080.0,0.6332789065951585,56.0,39.0,-0.042211055276381915,0,0,0.0424414788886458,0.04141623866244126,0.1867995018679951,0.21246819338422385,-0.05456349206349209,0.5,1.5184775674667634,1,0,0,0,1,LX홀딩스,723903748100,7239억,20.0억,-4.22%,0.6,72.7,36.8
009140,26700.0,-0.011111111111111072,119802900.0,0.14910667258175198,56.0,24.0,-0.011111111111111072,1,0,-0.026613197229310992,0.041646347410513984,0.17105263157894735,0.33499999999999996,-0.1563981042654028,0.0,2.1185714803052655,1,1,0,0,0,경인전자,43196917500,432억,1.2억,-1.11%,0.1,72.7,22.6
454910,107800.0,0.011257035647279645,59644230800.0,0.28677648364001906,56.0,57.0,0.011257035647279645,1,0,0.002510927183111633,0.026568898200171498,0.17814207650273217,0.2894736842105263,-0.1688511950655358,0.0,1.8767230789709712,1,1,0,0,1,두산로보틱스,6929255862000,6.93조,596억,1.13%,0.3,72.7,53.8
002450,1309.0,-0.020942408376963373,245860307.0,0.551600245106065,55.0,22.0,-0.020942408376963373,1,0,-0.004108338405356071,0.02473774855174571,0.10744500846023697,0.11880341880341883,-0.07163120567375891,0.0,1.6343084428529038,1,1,0,0,0,삼익악기,119138684140,1191억,2.5억,-2.09%,0.6,71.4,20.8
078930,77200.0,0.0039011703511053764,7025431600.0,0.26760369963151304,55.0,38.0,0.0039011703511053764,0,0,0.022110419700781092,0.0016217969510217145,0.11239193083573484,0.3496503496503496,-0.059683313032886764,0.0,1.0694212339202265,1,1,0,0,1,GS,7154484106000,7.15조,70.3억,0.39%,0.3,71.4,35.8
378850,3590.0,-0.006915629322268302,149333230.0,0.11119530069738649,55.0,53.0,-0.006915629322268302,1,0,0.001953670108847394,0.01894557581778189,0.06845238095238093,0.14696485623003186,-0.08418367346938771,0.0,2.623538616873667,1,1,0,0,1,화승알앤에이,67902202225,679억,1.5억,-0.69%,0.1,71.4,50.0
000155,658000.0,0.06472491909385103,6937294000.0,0.43929990353985804,55.0,41.0,0.06472491909385103,0,0,0.029733959311424085,0.009589566551591933,0.1834532374100719,0.39406779661016955,-0.08611111111111114,0.0,1.1262045297283743,1,1,0,0,1,두산우,2533756908000,2.53조,69.4억,6.47%,0.4,71.4,38.7
014680,309500.0,0.04033613445378159,8858509000.0,0.3068868334697716,55.0,63.0,0.04033613445378159,1,0,0.0040551500405514584,0.03390679806246877,0.15700934579439263,0.3544857768052516,-0.08431952662721898,0.0,1.2723071349981887,1,1,0,0,1,한솔케미칼,3473594572500,3.47조,88.6억,4.03%,0.3,71.4,59.4
033780,181000.0,-0.037234042553191515,16846937000.0,0.3103614653881461,55.0,22.0,-0.037234042553191515,1,0,-0.0003313818623660314,0.00824420677361859,0.10906862745098045,0.2728551336146272,-0.042328042328042326,0.0,1.0933049815963,1,1,0,0,0,KT&G,18903884037600,18.90조,168억,-3.72%,0.3,71.4,20.8
002960,526000.0,0.011538461538461497,448152000.0,0.25902561374173444,54.0,54.0,0.011538461538461497,1,0,0.03370344895352262,0.051054051353781604,0.09697601668404587,0.21900347624565475,-0.06405693950177938,0.5,1.2324949885786212,1,0,1,0,1,한국쉘석유,672100000000,6721억,4.5억,1.15%,0.3,70.1,50.9
003690,13850.0,-0.046143250688705284,2313781000.0,0.34740219331686434,54.0,57.0,-0.046143250688705284,1,0,0.04315733976048808,0.0850405421285596,0.16877637130801681,0.23220640569395012,-0.047455295735901015,0.5,1.4655312152743443,1,0,1,0,1,코리안리,2461723961830,2.46조,23.1억,-4.61%,0.3,70.1,53.8
452260,3160.0,0.004769475357710551,11245229720.0,0.2044348759314701,53.0,61.0,0.004769475357710551,1,0,0.0007917656373712667,0.008778930566640142,0.29508196721311486,1.507936507936508,-0.13186813186813184,0.0,1.5552798966385755,1,1,0,0,1,한화갤러리아,610657771500,6107억,112억,0.48%,0.2,68.8,57.5
007070,27450.0,0.003656307129798808,2201627250.0,0.29458237287836786,52.0,71.0,0.003656307129798808,1,0,0.0007291286912141093,0.07090607627035994,0.22271714922049002,0.3821752265861027,-0.05993150684931503,0.0,1.2735341766450208,1,1,1,0,1,GS리테일,2269941317250,2.27조,22.0억,0.37%,0.3,67.5,67.0
001450,37200.0,-0.03751617076325997,11709295200.0,0.39706305589550006,52.0,63.0,-0.03751617076325997,1,0,0.05636802498935123,0.12684589170768645,0.2504201680672269,0.36513761467889916,-0.0424710424710425,0.8,1.8305777839039694,1,0,1,0,1,현대해상,3162710075000,3.16조,117억,-3.75%,0.4,67.5,59.4
088790,2935.0,-0.006768189509306244,119307750.0,0.7266811764548148,52.0,64.0,-0.006768189509306244,1,0,0.09372088690143476,0.10974572265809623,0.11809523809523803,0.47265429001505277,-0.006768189509306244,0.5,1.5361244759573451,1,0,1,0,1,진도,37032038400,370억,1.2억,-0.68%,0.7,67.5,60.4
005380,682500.0,0.041984732824427384,491739202500.0,0.3344970365783666,52.0,67.0,0.041984732824427384,1,0,0.026547341505602784,0.11451316595223515,0.39427987742594484,0.8647540983606556,-0.05208333333333337,0.0,1.3716642473168323,1,1,0,0,1,현대차,141078100774000,141.08조,4917억,4.2%,0.3,67.5,63.2
005500,21500.0,-0.0401785714285714,4512914500.0,0.4963335332590144,52.0,64.0,-0.0401785714285714,1,0,0.013529439494649464,0.07872158948371877,0.19643850862548695,0.12447698744769875,-0.12955465587044535,0.0,2.863605362849169,1,1,1,0,1,삼진제약,283716000000,2837억,45.1억,-4.02%,0.5,67.5,60.4
000400,2320.0,0.04035874439461873,3265400000.0,1.2484834695688252,52.0,44.0,0.04035874439461873,1,0,0.07791664730753145,0.08390954961689401,0.06178489702517154,0.40947752126366943,-0.14862385321100913,0.8,1.5290182008322437,1,0,0,0,1,롯데손해보험,721531944000,7215억,32.7억,4.04%,1.2,67.5,41.5
00088K,50900.0,0.0,1825121300.0,0.41946989823552877,51.0,42.0,0.0,0,0,0.028698464025868953,0.02244764726560544,0.10173160173160167,0.25369458128078826,-0.09269162210338677,0.0,1.5276128282066468,1,1,0,0,1,한화3우B,985745602800,9857억,18.3억,0.0%,0.4,66.2,39.6
017670,101050.0,-0.017023346303501996,56263528450.0,0.5441442573689002,50.0,24.0,-0.017023346303501996,1,0,-0.007025991254360542,0.020217572376889814,0.0772921108742004,0.9066037735849057,-0.04489603024574673,0.5,1.1140347545041989,0,1,0,0,0,SK텔레콤,21930064411300,21.93조,563억,-1.7%,0.5,64.9,22.6
244920,11570.0,-0.003445305770887197,1665767610.0,1.2297186491057244,49.0,30.0,-0.003445305770887197,0,0,0.038133692238672134,0.06537753222836096,0.06635944700460827,0.25488069414316694,-0.2171853856562923,0.5,1.480612431101007,1,0,1,0,1,에이플러스에셋,257275546340,2573억,16.7억,-0.34%,1.2,63.6,28.3
033240,48300.0,-0.02620967741935487,7881352500.0,0.5138211351392883,49.0,57.0,-0.02620967741935487,1,0,0.00041425020712515526,0.005673832700015646,0.3979739507959479,0.8830409356725146,-0.16145833333333337,0.0,1.1913129793565214,1,1,0,0,1,자화전자,1040304921300,1.04조,78.8억,-2.62%,0.5,63.6,53.8
005430,75600.0,-0.0026385224274406704,901908000.0,0.5067549629491185,49.0,65.0,-0.0026385224274406704,1,0,0.06644096487515871,0.1466707113605339,0.3125,0.23529411764705888,-0.0026385224274406704,0.5,1.880306154466807,1,0,1,0,1,한국공항,254891577500,2549억,9.0억,-0.26%,0.5,63.6,61.3
005389,262500.0,0.025390625,2676712500.0,0.3857225536293175,48.0,48.0,0.025390625,1,0,0.01410083059687084,0.03754940711462451,0.11702127659574457,0.1513157894736843,-0.14355628058727565,0.0,1.2500710746960102,1,1,0,0,1,현대차3우B,613283602000,6133억,26.8억,2.54%,0.4,62.3,45.3
005387,273500.0,0.03992395437262353,24730964000.0,0.3468483915339288,48.0,38.0,0.03992395437262353,1,0,0.01559598960267361,0.04101246550575688,0.1301652892561984,0.1540084388185654,-0.15455950540958274,0.0,1.0935239151306981,1,1,0,0,1,현대차2우B,9545152890000,9.55조,247억,3.99%,0.3,62.3,35.8
108320,61100.0,-0.01768488745980712,4240217800.0,0.35326945284162303,48.0,27.0,-0.01768488745980712,0,0,0.04106321349463271,0.0071705266628203645,0.2123015873015872,0.20039292730844793,-0.08395802098950522,0.0,0.8710375616064758,1,0,0,0,1,LX세미콘,992122300000,9921억,42.4억,-1.77%,0.4,62.3,25.5
005935,188600.0,0.005866666666666687,390376539000.0,0.39803780332723226,48.0,65.0,0.005866666666666687,1,0,0.012291342386345327,0.05345472825783393,0.3696441539578794,0.8310679611650484,-0.03232426885582351,0.0,0.9915499616871106,1,1,0,0,1,삼성전자우,150203889201600,150.20조,3904억,0.59%,0.4,62.3,61.3
023530,160200.0,-0.019583843329253336,7876072800.0,0.2971116462096721,48.0,31.0,-0.019583843329253336,1,0,-0.010805804260574203,0.0760705289672543,0.4406474820143884,1.3386861313868614,-0.08821855435401249,0.0,0.9812209207223739,1,1,1,0,0,롯데쇼핑,4483767667500,4.48조,78.8억,-1.96%,0.3,62.3,29.2
00781K,19290.0,0.021175224986765384,61052850.0,0.9944699302457111,48.0,65.0,0.021175224986765384,1,0,0.006679887276902274,0.05291886138478752,0.4152604548789436,0.7844588344125809,-0.05208845208845214,0.0,0.8376925869161894,1,1,0,0,1,코리아써키트2우B,15203760600,152억,0.61억,2.12%,1.0,62.3,61.3
005250,14470.0,-0.0334001336005344,2982382760.0,0.31335750445749333,47.0,-3.0,-0.0334001336005344,1,0,-0.06099935107073329,-0.01069975728985062,0.06553755522827687,-0.053629823413996025,-0.15872093023255818,0.5,2.57716695478435,1,1,1,0,0,녹십자홀딩스,665919453600,6659억,29.8억,-3.34%,0.3,61.0,-2.8
064400,82200.0,-0.012019230769230727,64851361200.0,0.39371173866769904,47.0,70.0,-0.012019230769230727,1,0,0.035525321239606944,0.1193572547150541,0.3047619047619048,0.3677204658901829,-0.15605749486652976,0.0,2.1925593490203146,1,1,1,0,1,LG씨엔에스,8031845089200,8.03조,649억,-1.2%,0.4,61.0,66.0
35320K,41950.0,0.03325123152709364,1047449550.0,0.38687365830266135,46.0,84.0,0.03325123152709364,1,0,0.020681265206812682,0.205892921307941,1.1974855945521217,2.2799061767005475,-0.07395143487858724,0.0,1.5786155813128264,1,1,1,0,1,대덕전자1우,90316868900,903억,10.5억,3.33%,0.4,59.7,79.2
214320,20350.0,-0.0332541567695962,896865200.0,0.2111401433599031,46.0,18.0,-0.0332541567695962,1,0,-0.015052514399109485,0.011833731105807432,0.12430939226519344,0.12430939226519344,-0.06864988558352403,0.5,1.1007667624548207,0,1,0,0,0,이노션,820000000000,8200억,9.0억,-3.33%,0.2,59.7,17.0
005930,300500.0,0.027350427350427253,3287654807500.0,0.37632749478510014,46.0,71.0,0.027350427350427253,1,0,0.04904869959853375,0.13465804502761136,0.4730392156862746,1.1618705035971222,0.0,0.0,1.073892297201809,1,1,0,0,1,삼성전자,1748037303792000,1748.04조,3.29조,2.74%,0.4,59.7,67.0
005385,278000.0,0.03925233644859816,18930132000.0,0.4433439806031312,46.0,40.0,0.03925233644859816,1,0,0.031731304509185376,0.056431692950788426,0.1463917525773195,0.2139737991266375,-0.13530326594090203,0.0,1.2785913808393243,1,1,0,0,1,현대차우,6477116400000,6.48조,189억,3.93%,0.4,59.7,37.7
011210,92000.0,0.016574585635359185,8982880000.0,0.2301733336743658,45.0,51.0,0.016574585635359185,1,0,0.02131438721136769,0.05028825846224105,0.1870967741935483,0.004366812227074135,-0.09180651530108586,0.0,1.228411007572497,1,1,0,0,1,현대위아,2499228127700,2.50조,89.8억,1.66%,0.2,58.4,48.1
012510,120200.0,0.0016666666666667052,3736417000.0,0.6053123779906588,45.0,52.0,0.0016666666666667052,1,0,0.0019171459531550639,0.0026275180381198915,0.0058577405857740406,0.3107960741548528,-0.0008312551953449931,0.0,1.045875216082976,0,1,0,0,0,더존비즈온,3777359160000,3.78조,37.4억,0.17%,0.6,58.4,49.1
010780,33300.0,0.02777777777777768,2420910000.0,0.42643235372182475,45.0,59.0,0.02777777777777768,0,0,0.13400306487314828,0.18801284338209068,0.19141323792486586,0.4605263157894737,-0.004484304932735439,0.0,1.6009678167313661,1,1,1,0,1,아이에스동서,991642161600,9916억,24.2억,2.78%,0.4,58.4,55.7
002810,21450.0,-0.00694444444444442,116452050.0,0.23615128645686073,45.0,50.0,-0.00694444444444442,1,0,0.006805914104670352,0.023329039645055172,0.13013698630136994,0.4047151277013752,-0.09110169491525422,0.0,1.0477264494316123,0,1,0,0,0,삼영무역,394269339800,3943억,1.2억,-0.69%,0.2,58.4,47.2
293480,10000.0,0.002004008016031955,287060000.0,0.6168716745317483,45.0,16.0,0.002004008016031955,0,0,0.026588645929576105,0.0246951531919255,0.08342361863488623,-0.05123339658444026,-0.19549477071600962,0.5,1.4278322545637765,1,1,0,0,1,하나제약,177196271620,1772억,2.9억,0.2%,0.6,58.4,15.1
003550,122600.0,0.03459915611814357,41862260400.0,0.5498503247492792,44.0,59.0,0.03459915611814357,1,0,0.06340532570040769,0.13313923933638327,0.35320088300220753,0.5267745952677461,-0.0561970746728252,0.0,1.8706935500226303,1,0,0,0,1,LG,18922988479500,18.92조,419억,3.46%,0.5,57.1,55.7
009450,71400.0,-0.029891304347826053,2681212800.0,0.3685167084721944,44.0,28.0,-0.029891304347826053,0,0,0.004078188721698739,-0.01916340407995054,0.11041990668740276,0.24825174825174834,-0.2314316469321851,0.0,1.2338451318093204,1,1,0,0,1,경동나비엔,1038740609600,1.04조,26.8억,-2.99%,0.4,57.1,26.4
004150,4240.0,0.029126213592232997,4353131680.0,0.8962254515730356,44.0,65.0,0.029126213592232997,1,0,0.11111111111111116,0.16531537721588574,0.3046153846153845,0.447098976109215,0.0,0.0,1.6457160983641033,1,1,0,0,1,한솔홀딩스,166362944100,1664억,43.5억,2.91%,0.9,57.1,61.3
004370,389000.0,-0.02749999999999997,6637507000.0,0.6543201118207493,44.0,26.0,-0.02749999999999997,1,0,0.006207966890843242,0.016727652901202372,0.03871829105473967,-0.043050430504305015,-0.2547892720306514,0.5,1.4052102512194484,1,1,0,0,1,농심,2387436985000,2.39조,66.4억,-2.75%,0.7,57.1,24.5
102460,11810.0,-0.0398373983739837,771913410.0,0.3902707282623396,44.0,49.0,-0.0398373983739837,1,0,0.015913978494623615,0.04162991709296171,0.19534412955465585,0.09554730983302417,-0.14109090909090904,0.0,0.7924944702402316,1,1,0,0,1,이연제약,216908084370,2169억,7.7억,-3.98%,0.4,57.1,46.2
000270,166900.0,0.01274271844660202,77445772500.0,0.27842989599943596,44.0,42.0,0.01274271844660202,1,0,0.0037890178625128446,0.030755928853754888,0.10897009966777405,0.25300300300300305,-0.1898058252427185,0.0,1.1498188555822815,1,1,0,0,1,기아,65198970666000,65.20조,774억,1.27%,0.3,57.1,39.6
001525,4815.0,0.020127118644067687,33656850.0,1.5441030285625925,42.0,20.0,0.020127118644067687,1,0,0.04982012427777183,0.07035678559519831,0.09681093394077456,-0.098314606741573,-0.4626116071428571,0.5,1.6404986984518428,1,1,0,0,1,동양우,2962020145,30억,0.34억,2.01%,1.5,54.5,18.9
019180,9680.0,0.29932885906040263,40632787360.0,11.414245747430021,42.0,37.0,0.29932885906040263,0,0,0.2357972679688498,0.25502398547906124,0.3828571428571428,0.2637075718015667,0.0,0.0,1.736496306975877,1,1,0,1,1,티에이치엔,174240000000,1742억,406억,29.93%,11.4,54.5,34.9
004170,531000.0,-0.00747663551401867,20231631000.0,0.4415587425756917,42.0,78.0,-0.00747663551401867,1,0,0.029069767441860517,0.13979071639388252,0.5324675324675325,1.0383877159309023,-0.08131487889273359,0.0,1.3621637919662735,1,1,1,0,1,신세계,4958720025000,4.96조,202억,-0.75%,0.4,54.5,73.6
002420,6380.0,-0.042042042042042094,903337820.0,1.4302200901936957,42.0,41.0,-0.042042042042042094,0,0,0.10802361931226123,0.14255014326647575,0.25343811394891946,0.22222222222222232,-0.07936507936507942,0.0,1.947276247566125,1,0,1,0,1,세기상사,38446465120,384억,9.0억,-4.2%,1.4,54.5,38.7
307950,633000.0,0.0031695721077653616,48435261000.0,0.22754526810252013,42.0,72.0,0.0031695721077653616,1,0,0.015888300433317237,0.1432699688445387,0.6086404066073698,0.3425238600212088,-0.09442060085836912,0.0,1.1783376711643125,1,1,1,0,1,현대오토에버,17496500516000,17.50조,484억,0.32%,0.2,54.5,67.9
267250,291000.0,0.03191489361702127,22533876000.0,0.3629370737530541,41.0,30.0,0.03191489361702127,0,0,0.04582210242587603,0.019710906701708275,0.14341846758349708,0.41951219512195115,-0.0628019323671497,0.0,0.9991473625193145,0,1,0,0,0,HD현대,22868498107500,22.87조,225억,3.19%,0.4,53.2,28.3
078935,57200.0,-0.00521739130434784,187959200.0,0.3949495495820338,41.0,24.0,-0.00521739130434784,0,0,0.008284858099770753,0.0035087719298245723,0.04761904761904767,0.18181818181818188,-0.08479999999999999,0.0,1.1909948661024004,0,1,0,0,0,GS우,102092047200,1021억,1.9억,-0.52%,0.4,53.2,22.6
028670,5970.0,-0.0016722408026755842,7060026480.0,0.2958376288240708,41.0,24.0,-0.0016722408026755842,1,0,-0.0008368200836820217,0.023136246786632286,0.148076923076923,0.5386597938144331,-0.0370967741935484,0.0,0.8337386785587094,0,1,0,0,0,팬오션,3175342901280,3.18조,70.6억,-0.17%,0.3,53.2,22.6
453340,17940.0,-0.029745808545159513,442167180.0,0.2776171132077916,41.0,18.0,-0.029745808545159513,1,0,-0.013635363976248094,0.015452538631346657,0.13760304375396326,0.18807947019867544,-0.07046632124352337,0.0,1.0238409282199004,0,1,0,0,0,현대그린푸드,577344816860,5773억,4.4억,-2.97%,0.3,53.2,17.0
005850,74800.0,-0.01319261213720313,11171454800.0,0.5261121243638305,40.0,53.0,-0.01319261213720313,1,0,0.1154190277363556,0.1352253756260433,0.28301886792452824,0.6243213897937026,-0.01319261213720313,0.0,1.2418894656796449,1,0,0,0,1,에스엘,3516152964000,3.52조,112억,-1.32%,0.5,51.9,50.0
025820,6000.0,0.013513513513513598,3805560000.0,0.2803081967100092,40.0,43.0,0.013513513513513598,1,0,0.008403361344537785,0.011207550349709328,0.18577075098814233,0.05633802816901401,-0.1124260355029586,0.0,1.475334500693624,1,1,0,0,1,이구산업,200317580000,2003억,38.1억,1.35%,0.3,51.9,40.6
044820,19040.0,-0.05508684863523572,209440000.0,0.10990685394128476,40.0,1.0,-0.05508684863523572,1,0,-0.046999349316782624,-0.01650352540096589,0.10504933255948923,0.4968553459119496,-0.2291497975708502,0.0,0.6169340016298974,1,1,0,0,0,코스맥스비티아이,182090342160,1821억,2.1억,-5.51%,0.1,51.9,0.9
00806K,13670.0,0.023203592814371232,213210990.0,0.7229820401749396,40.0,71.0,0.023203592814371232,1,0,0.052428978366309886,0.10259719309566062,0.4299163179916319,0.518888888888889,0.0,0.0,1.2935448881752143,1,1,0,0,1,대덕1우,16633538040,166억,2.1억,2.32%,0.7,51.9,67.0
016380,6650.0,-0.016272189349112454,1388247350.0,0.18761829272737018,40.0,17.0,-0.016272189349112454,0,0,-0.021483225426721653,-0.023996477581272435,0.209090909090909,0.3090551181102361,-0.07638888888888884,0.0,0.8136643818696583,1,1,0,0,0,KG스틸,685060944450,6851억,13.9억,-1.63%,0.2,51.9,16.0
012030,2355.0,0.1267942583732058,10069070970.0,1.4386605789499674,40.0,65.0,0.1267942583732058,1,0,0.1039752484530283,0.12657864523536166,0.4169675090252707,0.6252587991718426,0.0,0.0,1.1368134961871224,1,1,0,1,1,DB,482817439200,4828억,101억,12.68%,1.4,51.9,61.3
013000,1398.0,-0.0189473684210526,97208532.0,0.12459731739649771,40.0,13.0,-0.0189473684210526,1,0,-0.05502230634040828,0.006443252582700509,0.16597164303586331,0.19589392643284853,-0.10670926517571888,0.0,0.8941171104790469,1,1,0,0,0,세우글로벌,39928698121,399억,0.97억,-1.89%,0.1,51.9,12.3
004560,16750.0,-0.004753416518122444,953527250.0,0.19640412805064755,40.0,30.0,-0.004753416518122444,0,0,0.014413759689922534,-0.01310944174399764,0.09980302035456345,0.48888888888888893,-0.2471910112359551,0.0,0.9493272663481257,1,1,0,0,1,현대비앤지스틸,248800381500,2488억,9.5억,-0.48%,0.2,51.9,28.3
000430,4540.0,-0.00219780219780219,673018680.0,0.4641633993435922,39.0,54.0,-0.00219780219780219,1,0,0.04692724547446092,0.04759157773291034,0.08742514970059889,0.08482676224611718,-0.017316017316017285,0.0,1.6373309848745117,1,1,0,0,1,대원강업,286750000000,2868억,6.7억,-0.22%,0.5,50.6,50.9
000815,394000.0,0.0025445292620864812,4990798000.0,0.565081135337088,38.0,28.0,0.0025445292620864812,1,0,0.02764736567553472,0.04040137311856351,0.04926764314247678,0.09444444444444455,-0.12831858407079644,0.0,1.0908557560680041,0,1,0,0,0,삼성화재우,1178751840000,1.18조,49.9억,0.25%,0.6,49.4,26.4
060980,45550.0,-0.030851063829787195,1211265600.0,0.8175311739098354,38.0,40.0,-0.030851063829787195,1,0,0.00043927081045458394,0.02325058968886884,0.102905569007264,0.06425233644859807,-0.14056603773584908,0.0,1.4079852371775814,0,1,0,0,0,HL홀딩스,421258500800,4213억,12.1억,-3.09%,0.8,49.4,37.7
267290,22700.0,-0.00219780219780219,91889600.0,0.3453026302881929,38.0,26.0,-0.00219780219780219,0,0,0.01930848675348007,0.004758216222197742,0.015659955257270708,0.12376237623762387,-0.05219206680584554,0.5,1.2581701149425288,0,1,0,0,0,경동도시가스,131467553800,1315억,0.92억,-0.22%,0.3,49.4,24.5
005257,24600.0,0.004081632653061273,49569000.0,0.3937315590988139,38.0,-13.0,0.004081632653061273,1,0,-0.021090330282530823,0.024466423737636633,0.06493506493506485,-0.017964071856287456,-0.5900000000000001,0.5,2.194394761808483,1,1,0,0,0,녹십자홀딩스2우,19965364000,200억,0.50억,0.41%,0.4,49.4,-12.3
012800,1670.0,0.010284331518451317,1741360770.0,0.16907501818917137,37.0,44.0,0.010284331518451317,1,0,0.01575329967763528,0.018199554918757466,0.14149008885851,0.25847776940467226,-0.09239130434782605,0.0,1.445621871087102,0,1,0,0,0,대창,153024897821,1530억,17.4억,1.03%,0.2,48.1,41.5
004020,42750.0,0.028880866425992746,31726485000.0,0.4543036399782918,37.0,30.0,0.028880866425992746,0,0,0.016767748840528007,0.0022859152452963105,0.09056122448979598,0.46404109589041087,-0.0933191940615058,0.0,1.168941512655983,0,1,0,0,0,현대제철,5618067548500,5.62조,317억,2.89%,0.5,48.1,28.3
000020,6080.0,-0.027200000000000002,881551360.0,1.3809932460941927,37.0,30.0,-0.027200000000000002,1,0,0.01282691987339657,0.014770925477760155,0.04647160068846823,0.020134228187919545,-0.1388101983002833,0.5,1.443933718386308,0,1,0,0,0,동화약품,168706078800,1687억,8.8억,-2.72%,1.4,48.1,28.3
069640,1328.0,-0.016296296296296253,35886544.0,0.15006887574404823,37.0,67.0,-0.016296296296296253,1,0,0.04674075825648294,0.3728226598439035,1.1316211878009632,1.1316211878009632,-0.20763723150357993,0.0,2.629666143904121,1,0,1,0,1,한세엠케이,30109969344,301억,0.36억,-1.63%,0.2,48.1,63.2
322000,197600.0,-0.026600985221674867,42364056800.0,0.23670742035194928,37.0,15.0,-0.026600985221674867,0,0,-0.028324154209284025,-0.03146750318596214,0.20341047503045062,2.666048237476809,-0.19016393442622948,0.0,0.8334126488591622,1,1,0,0,0,HD현대에너지솔루션,2229920000000,2.23조,424억,-2.66%,0.2,48.1,14.2
069960,107200.0,-0.025454545454545507,4834076800.0,0.30003280174108715,37.0,7.0,-0.025454545454545507,1,0,-0.04956113130596684,-0.03765878181246918,0.33499377334993774,0.16775599128540297,-0.14239999999999997,0.0,1.1258813491055428,1,1,0,0,0,현대백화점,2309602075200,2.31조,48.3억,-2.55%,0.3,48.1,6.6
180640,116000.0,-0.014443500424808797,6248340000.0,0.4698250879531928,37.0,14.0,-0.014443500424808797,0,0,0.012128086554401785,0.0190187552158827,0.04787714543812105,0.0043290043290042934,-0.32947976878612717,0.0,1.1293008323935543,1,1,0,0,1,한진칼,7757776819800,7.76조,62.5억,-1.44%,0.5,48.1,13.2
192080,67500.0,-0.025974025974025983,3252352500.0,0.37188226468218316,36.0,67.0,-0.025974025974025983,1,0,0.09899055682188207,0.11625599470811965,0.4106583072100314,0.27118644067796605,-0.025974025974025983,0.0,0.9577081615562062,1,1,0,0,1,더블유게임즈,1414387662400,1.41조,32.5억,-2.6%,0.4,46.8,63.2
012610,5760.0,-0.054187192118226646,6139221120.0,0.6265186104925058,36.0,51.0,-0.054187192118226646,1,0,0.03411131059245953,0.07272557966291093,0.43999999999999995,0.23340471092077086,-0.054187192118226646,0.0,1.0137309286754952,0,1,0,0,0,경인양행,236797116850,2368억,61.4억,-5.42%,0.6,46.8,48.1
018260,196200.0,0.007704160246533087,62430055200.0,0.6564585596041229,36.0,55.0,0.007704160246533087,1,0,0.07400919640902126,0.10913253625031794,0.322993931220499,0.1360741169658366,0.0,0.0,1.308279088898881,1,0,0,0,1,삼성에스디에스,15591626700000,15.59조,624억,0.77%,0.7,46.8,51.9
001080,5160.0,-0.0038610038610038533,83948040.0,0.20943722676223872,36.0,4.0,-0.0038610038610038533,1,0,-0.019663721858079186,-0.01116274613136592,0.01976284584980248,0.1794285714285715,-0.1636952998379254,0.0,1.6962774608468798,1,1,0,0,0,만호제강,219535000000,2195억,0.84억,-0.39%,0.2,46.8,3.8
000810,577000.0,0.014059753954305698,37324399000.0,0.33398508795073173,36.0,55.0,0.014059753954305698,1,0,0.05871559633027523,0.1288271544556392,0.2342245989304812,0.22765957446808516,-0.08412698412698416,0.0,0.861490142212482,1,0,1,0,1,삼성화재,25940181813000,25.94조,373억,1.41%,0.3,46.8,51.9
055490,17990.0,-0.008269018743109147,320995570.0,0.22537349628903586,36.0,8.0,-0.008269018743109147,0,0,-0.0280929227444624,-0.07449326062352091,0.09096422073984223,0.31794871794871793,-0.17853881278538808,0.0,1.3306712631583537,1,1,0,0,0,테이팩스,87046112500,870억,3.2억,-0.83%,0.2,46.8,7.5
022100,33050.0,0.007621951219512146,6957884300.0,0.33530843570856617,36.0,2.0,0.007621951219512146,0,0,-0.001661380456124406,-0.03306026916325333,0.020061728395061706,0.22181146025877996,-0.2287047841306884,0.0,1.2582681882231117,1,1,0,0,0,포스코DX,4933526956050,4.93조,69.6억,0.76%,0.3,46.8,1.9
280360,118600.0,-0.024671052631578982,646963000.0,0.21701207589654234,36.0,2.0,-0.024671052631578982,0,0,-0.0016835016835017313,-0.013229053997836804,0.0675067506750675,0.10944808231992509,-0.12536873156342188,0.0,0.8084221375591261,1,1,0,0,0,롯데웰푸드,1074173785800,1.07조,6.5억,-2.47%,0.2,46.8,1.9
028260,430500.0,0.02378121284185486,68035359000.0,0.22833495850432062,36.0,57.0,0.02378121284185486,1,0,0.04224670136787312,0.12615263880714145,0.43500000000000005,0.6033519553072626,-0.047566371681415975,0.0,1.0112995424797102,0,1,0,0,0,삼성물산,66650875791000,66.65조,680억,2.38%,0.2,46.8,53.8
02826K,229000.0,0.00659340659340657,1308735000.0,0.4308914892333675,36.0,11.0,0.00659340659340657,1,0,-0.01695642841811551,0.025227766212253533,0.23118279569892475,0.49477806788511747,-0.13584905660377355,0.5,1.2406214934203816,0,1,0,0,0,삼성물산우B,332409135000,3324억,13.1억,0.66%,0.4,46.8,10.4
248070,21150.0,0.06281407035175879,7178859900.0,0.6326032022664619,35.0,25.0,0.06281407035175879,0,0,0.029447554149428123,0.020211277796536642,0.2246670526925303,0.360128617363344,-0.10381355932203384,0.0,0.9939355843633729,0,1,0,0,0,솔루엠,1028049074000,1.03조,71.8억,6.28%,0.6,45.5,23.6
281820,72600.0,0.028328611898017053,4761035400.0,0.42883575333655716,35.0,58.0,0.028328611898017053,1,0,0.015668718522663605,0.06482839542387797,0.5332629355860612,0.7621359223300972,-0.1124694376528117,0.0,0.8634343933473339,1,1,0,0,1,케이씨텍,1437382788600,1.44조,47.6억,2.83%,0.4,45.5,54.7
021240,95700.0,0.015923566878981,13828267200.0,0.4123630139234159,35.0,41.0,0.015923566878981,1,0,0.0252839082922649,0.06238898756660749,0.2811244979919678,0.20226130653266328,-0.15459363957597172,0.0,0.783802137655034,0,1,0,0,0,코웨이,6630907816200,6.63조,138억,1.59%,0.4,45.5,38.7
016360,128100.0,-0.01385681293302543,43094121000.0,0.3265354535958527,35.0,27.0,-0.01385681293302543,0,0,0.03624009060022648,0.027718721168117355,0.24368932038834945,0.6657997399219766,-0.1431438127090301,0.0,0.8390794551680314,0,1,0,0,0,삼성증권,11323240000000,11.32조,431억,-1.39%,0.3,45.5,25.5
008490,23000.0,-0.03765690376569042,639906000.0,0.49951389767882776,35.0,49.0,-0.03765690376569042,1,0,0.06034760960767138,0.10771305415753596,0.29068462401795725,0.11111111111111116,-0.26045016077170413,0.5,1.3416422787276763,1,0,1,0,1,서흥,265511143350,2655억,6.4억,-3.77%,0.5,45.5,46.2
002870,1117.0,-0.0477408354646206,233661879.0,0.39988813141614693,35.0,7.0,-0.0477408354646206,0,0,-0.0194873595505618,-0.0018319109959340496,-0.013250883392226132,0.012692656391659174,-0.16517189835575485,0.0,2.0341553371560592,1,1,0,0,0,신풍,38244817800,382억,2.3억,-4.77%,0.4,45.5,6.6
036570,271500.0,-0.016304347826086918,19670989500.0,0.5134574131463749,35.0,45.0,-0.016304347826086918,1,0,0.02298417483044468,0.026465028355387554,0.16025641025641035,0.21748878923766823,-0.026881720430107503,0.0,1.0896019098009306,0,1,0,0,0,NC,5849201973000,5.85조,197억,-1.63%,0.5,45.5,42.5
011780,148800.0,0.050105857445307045,14926723200.0,0.7206320562517421,35.0,50.0,0.050105857445307045,1,0,0.04877361150267823,0.04962437837265887,0.13587786259541978,0.22267871815940832,-0.029986962190352018,0.0,0.7396220231000931,1,1,0,0,1,금호석유화학,3766051552500,3.77조,149억,5.01%,0.7,45.5,47.2
001820,128200.0,0.2568627450980392,189031925600.0,2.916711668247162,34.0,54.0,0.2568627450980392,1,0,0.6604066830721409,0.7868841034218412,1.1952054794520546,3.522045855379189,0.0,0.0,1.8094550383740868,1,1,1,1,1,삼화콘덴서,1378377000000,1.38조,1890억,25.69%,2.9,44.2,50.9
226320,12100.0,-0.009009009009009028,221212200.0,0.18515939639373666,34.0,21.0,-0.009009009009009028,0,0,0.009763832095468494,0.003857800638818576,0.16570327552986508,0.05676855895196509,-0.17293233082706772,0.0,0.7433769987533007,0,1,0,0,0,잇츠한불,264686832050,2647억,2.2억,-0.9%,0.2,44.2,19.8
012330,658000.0,0.018575851393188847,317637656000.0,0.6341968125019009,34.0,72.0,0.018575851393188847,1,0,0.08241487086691901,0.24004711425206127,0.6388542963885431,0.6470588235294117,-0.017910447761193993,0.0,1.6844758571190188,1,0,1,0,1,현대모비스,60246435112000,60.25조,3176억,1.86%,0.6,44.2,67.9
005950,16600.0,0.022167487684729092,22226204800.0,0.4972703810391564,34.0,50.0,0.022167487684729092,1,0,0.3193450961691304,0.4400346996313165,1.0802005012531328,1.067247820672478,0.0,0.0,1.765341017175097,1,0,1,0,1,이수화학,434116730190,4341억,222억,2.22%,0.5,44.2,47.2
005725,4685.0,0.0,0.0,0.0,34.0,18.0,0.0,0,0,0.026849315068493196,0.01073297017420849,0.05756207674943559,0.05044843049327352,-0.13240740740740742,0.0,0.9406687459200695,0,1,0,0,0,넥센우,15950658000,160억,0.00억,0.0%,0.0,44.2,17.0
014910,3260.0,0.003076923076922977,6480677880.0,0.3345950552343955,34.0,75.0,0.003076923076922977,1,0,0.08036454018227013,0.33941410904309954,0.9697885196374623,0.20295202952029512,-0.059163059163059195,0.0,2.5552114082649675,1,1,1,0,1,성문전자,71473230390,715억,64.8억,0.31%,0.3,44.2,70.8
034220,16320.0,0.0772277227722773,191725760640.0,1.007672186509875,34.0,67.0,0.0772277227722773,1,0,0.15262377286531525,0.2228841182421042,0.3830508474576271,0.3853989813242784,0.0,0.0,1.6616013077055445,1,0,1,1,1,LG디스플레이,7815000000000,7.82조,1917억,7.72%,1.0,44.2,63.2
025560,37300.0,0.04044630404463034,16873102600.0,1.2232709806635829,34.0,55.0,0.04044630404463034,1,0,0.4446165762974439,0.75327269736069,1.8150943396226413,2.067434210526316,0.0,0.0,2.3561684305330006,1,0,1,0,1,미래산업,180724394000,1807억,169억,4.04%,1.2,44.2,51.9
031820,7740.0,-0.008962868117797673,300459060.0,0.21736367245440816,34.0,6.0,-0.008962868117797673,0,0,-0.007565072445185228,-0.009470181725108828,0.08403361344537807,0.3276157804459692,-0.18867924528301883,0.0,1.16484768548351,0,1,0,0,0,아이티센씨티에스,91999109600,920억,3.0억,-0.9%,0.2,44.2,5.7
066570,238000.0,0.00421940928270037,457847264000.0,0.5804231086196993,34.0,70.0,0.00421940928270037,1,0,0.115354874991213,0.33495996522373206,1.0307167235494878,1.6711560044893377,-0.01754385964912286,0.0,1.796994564467197,1,0,1,0,1,LG전자,39010870801000,39.01조,4578억,0.42%,0.6,44.2,66.0
001740,9200.0,0.09523809523809534,136662448800.0,1.735110079271653,34.0,61.0,0.09523809523809534,1,0,0.18465104300798352,0.3145674073015645,0.7557251908396947,1.1271676300578033,0.0,0.0,2.2002901848311676,1,0,1,0,1,SK네트웍스,2190485267880,2.19조,1367억,9.52%,1.7,44.2,57.5
020560,7640.0,0.024128686327077764,933523960.0,0.4816444237543818,34.0,53.0,0.024128686327077764,1,0,0.052776629461209756,0.06785938919561119,0.0730337078651686,0.001310615989515096,-0.24431256181998018,0.0,2.214123487674594,1,1,0,0,1,아시아나항공,1561409589380,1.56조,9.3억,2.41%,0.5,44.2,50.0
031430,14030.0,-0.05394470667565743,2268356370.0,0.8272522142232183,34.0,10.0,-0.05394470667565743,1,0,-0.07745923198316673,-0.06460430695379693,0.1341956345998383,0.326086956521739,-0.16982248520710064,0.0,1.5042664748374928,1,1,0,0,0,신세계인터내셔날,484905960000,4849억,22.7억,-5.39%,0.8,44.2,9.4
066575,83200.0,-0.0012004801920768582,16009094400.0,0.39065939571102404,34.0,81.0,-0.0012004801920768582,1,0,0.05597156999619246,0.1834992887624467,0.6030828516377649,0.7950377562028048,-0.032558139534883734,0.0,2.002262233704657,1,1,1,0,1,LG전자우,1415739037600,1.42조,160억,-0.12%,0.4,44.2,76.4
45226K,6890.0,0.0,90348570.0,0.22810632437091588,33.0,-2.0,0.0,0,0,-0.028208744710860323,-0.05337638249639354,0.12214983713355054,0.31739961759082225,-0.4937545922116091,0.0,1.2773849697359259,1,1,0,0,0,한화갤러리아우,19866574800,199억,0.90억,0.0%,0.2,42.9,-1.9
105560,159700.0,-0.00187499999999996,73389176800.0,0.3859638027493026,33.0,28.0,-0.00187499999999996,0,0,0.030788097850642293,0.016420570264765733,0.03566796368352798,0.2614533965244865,-0.053909952606635114,0.0,0.9266136713316779,0,1,0,0,0,KB금융,58649376571500,58.65조,734억,-0.19%,0.4,42.9,26.4
003490,27400.0,0.02238805970149249,44100711000.0,0.811877503328692,33.0,46.0,0.02238805970149249,1,0,0.05061349693251538,0.06947697111631546,0.12989690721649483,0.23981900452488691,-0.05354058721934374,0.0,1.0461887716729403,0,1,0,0,0,대한항공,10107657144450,10.11조,441억,2.24%,0.8,42.9,43.4
016740,4760.0,-0.03252032520325199,906066000.0,0.6623539715662767,33.0,8.0,-0.03252032520325199,0,0,-0.0160206718346253,-0.02975947818997149,0.04500548847420416,0.1929824561403508,-0.08461538461538465,0.0,1.1212557131698435,0,1,0,0,0,두올,140789457840,1408억,9.1억,-3.25%,0.7,42.9,7.5
002025,31400.0,0.0,39344200.0,0.20882985283578606,33.0,42.0,0.0,1,0,0.003034659000159756,0.010214751065712235,0.07718696397941671,0.3771929824561404,-0.052790346907994,0.0,0.9287269203711325,0,1,0,0,0,코오롱우,35973547000,360억,0.39억,0.0%,0.2,42.9,39.6
000680,3855.0,-0.02281368821292773,1353667830.0,0.22921553898658684,33.0,29.0,-0.02281368821292773,0,0,0.02200424178154825,-0.032015065913371,0.23954983922829576,0.1681818181818182,-0.16738660907127434,0.0,0.8750049823578656,1,1,0,0,1,LS네트웍스,308513807640,3085억,13.5억,-2.28%,0.2,42.9,27.4
069730,5450.0,-0.0267857142857143,177740850.0,0.45056688700183684,33.0,28.0,-0.0267857142857143,0,0,0.03122043519394513,0.0014700477765527964,0.04606525911708248,0.4709851551956814,-0.048865619546247796,0.0,0.8296408699576493,0,1,0,0,0,DSR제강,77472000000,775억,1.8억,-2.68%,0.5,42.9,26.4
005680,17290.0,0.24031563845050208,13082011670.0,8.93271682224068,33.0,2.0,0.24031563845050208,0,1,0.24102784955498135,0.18432769367764923,0.1924137931034482,0.6967615309126596,0.0,0.0,1.3078630253482932,1,1,0,1,1,삼영전자,334000000000,3340억,131억,24.03%,8.9,42.9,1.9
178920,28050.0,0.020000000000000018,1237061100.0,0.1778605874174382,32.0,22.0,0.020000000000000018,0,0,0.012452625879805002,0.005376344086021501,0.2663656884875847,0.853932584269663,-0.10240000000000005,0.0,0.4848633656949036,0,1,0,0,0,PI첨단소재,822257016000,8223억,12.4억,2.0%,0.2,41.6,20.8
006110,91600.0,-0.049792531120331995,12841495600.0,0.3572632692197425,32.0,73.0,-0.049792531120331995,1,0,0.04530411959374647,0.15634665151802052,0.8693877551020408,2.965367965367965,-0.049792531120331995,0.0,0.6485218950515749,1,1,1,0,1,삼아알미늄,1376234405000,1.38조,128억,-4.98%,0.4,41.6,68.9
028050,54700.0,0.02434456928838946,70735523800.0,0.37837456273938647,32.0,21.0,0.02434456928838946,0,0,0.053746869581968726,0.010156971375807844,0.06627680311890849,1.2235772357723578,-0.1506211180124224,0.0,0.6330549945477233,0,1,0,0,0,삼성E&A,10701600000000,10.70조,707억,2.43%,0.4,41.6,19.8
015360,16010.0,-0.029108550636749553,759146170.0,0.736450061271179,32.0,8.0,-0.029108550636749553,1,0,-0.031164901664145206,-0.027722952661464184,-0.040167865707434025,0.24108527131782953,-0.0798850574712644,0.0,0.9689883970192928,0,1,0,0,0,INVENI,434910000000,4349억,7.6억,-2.91%,0.7,41.6,7.5
111770,83900.0,-0.025551684088269466,2639577900.0,0.3824387658536556,32.0,-20.0,-0.025551684088269466,1,0,-0.0010715561376354321,0.002688975201673216,0.03580246913580254,-0.014101057579318454,-0.1438775510204081,0.0,1.0892199044277124,0,1,0,0,0,영원무역,3668989550400,3.67조,26.4억,-2.56%,0.4,41.6,-18.9
000050,9670.0,-0.03589232303090728,608407390.0,0.6632301862129669,32.0,4.0,-0.03589232303090728,0,0,-0.01407014681892338,-0.025348989568109714,0.06147091108671798,0.127039627039627,-0.19817578772802658,0.0,1.2668770577496218,1,1,0,0,0,경방,261267523100,2613억,6.1억,-3.59%,0.7,41.6,3.8
015590,2575.0,0.01980198019801982,671910200.0,0.3926153360964584,32.0,7.0,0.01980198019801982,1,0,-0.020912547528517123,-0.01056676272814605,0.0,0.0,-0.15711947626841238,0.0,3.0,1,1,0,0,0,DKME,133490770000,1335억,6.7억,1.98%,0.4,41.6,6.6
443060,257500.0,0.048879837067209886,34935797500.0,0.3373624296918127,32.0,24.0,0.048879837067209886,0,0,0.11423626135871912,0.039983844911146926,0.38963842417701033,0.33975026014568166,-0.08199643493761144,0.0,0.6050909963289035,0,1,0,0,0,HD현대마린솔루션,11499782490000,11.50조,349억,4.89%,0.3,41.6,22.6
000157,557000.0,0.10079051383399218,889529000.0,0.7762412812598731,31.0,7.0,0.10079051383399218,0,0,0.04209541627689428,-0.0017921146953404632,0.2391546162402669,0.3199052132701421,-0.1158730158730159,0.0,1.3447318752081714,0,0,0,0,0,두산2우B,495636090000,4956억,8.9억,10.08%,0.8,40.3,6.6
003650,131300.0,0.010000000000000009,485284800.0,1.075497228324919,31.0,40.0,0.010000000000000009,1,0,0.0673928948865945,0.07416042868245598,0.13385146804835935,0.10243492863140213,-0.1199731903485255,0.5,1.2044044973632717,0,1,0,0,0,미창석유,222678016000,2227억,4.9억,1.0%,1.1,40.3,37.7
005720,6890.0,-0.011477761836441891,256535370.0,0.7846695138412515,31.0,18.0,-0.011477761836441891,0,0,0.001307949425955579,-0.021306818181818232,0.05030487804878048,0.22597864768683285,-0.14409937888198754,0.5,1.1681247244435313,0,1,0,0,0,넥센,362028001530,3620억,2.6억,-1.15%,0.8,40.3,17.0
415640,10030.0,0.0,617105780.0,0.47454944566738194,31.0,19.0,0.0,0,0,0.010477533749748247,0.007432703897147341,0.010070493454179319,0.013131313131313105,-0.04293893129770987,0.0,0.6896560978774696,0,1,0,0,0,KB발해인프라,1243837312200,1.24조,6.2억,0.0%,0.5,40.3,17.9
001430,67900.0,0.07949125596184414,20734079800.0,0.8809932631980429,31.0,2.0,0.07949125596184414,0,0,-0.013368206916594016,-0.038924274593064356,-0.02302158273381294,0.10048622366288495,-0.24806201550387597,0.0,1.2170213823573093,1,1,0,0,0,세아베스틸지주,2327451523100,2.33조,207억,7.95%,0.9,40.3,1.9
286940,20450.0,-0.039906103286385,505339950.0,0.5388097387390923,31.0,0.0,-0.039906103286385,0,0,-0.02845740890303572,-0.06522832198199024,-0.0048661800486617945,0.08201058201058209,-0.23408239700374533,0.0,1.0636636544844085,1,1,0,0,0,롯데이노베이트,307126150100,3071억,5.1억,-3.99%,0.5,40.3,0.0
000500,400000.0,-0.033816425120772986,20369600000.0,0.21996947364169692,30.0,30.0,-0.033816425120772986,1,0,-0.03463255701701462,0.1084170419120194,2.861003861003861,3.395604395604396,-0.2907801418439716,0.0,1.491044547506289,1,1,0,0,0,가온전선,7006009202500,7.01조,204억,-3.38%,0.2,39.0,28.3
002785,3335.0,0.050393700787401574,3445055.0,0.0776688809440566,30.0,-20.0,0.050393700787401574,0,0,-0.013897102306327569,-0.035360474365463856,-0.016224188790560423,-0.05390070921985812,-0.2670329670329671,0.8,1.141196221142416,1,1,0,0,0,진흥기업우B,2708808880,27억,0.03억,5.04%,0.1,39.0,-18.9
001230,11400.0,0.0,0.0,0.0,30.0,31.0,0.0,0,0,0.0,0.0,0.0545790934320074,0.6497829232995658,-0.006102877070618962,0.0,0.0,0,1,0,0,0,동국홀딩스,362525506200,3625억,0.00억,0.0%,0.0,39.0,29.2
200880,14225.0,-0.01557093425605538,858621000.0,0.468206955851947,30.0,26.0,-0.01557093425605538,0,0,0.027929327600534792,0.010890614173787894,0.08092705167173242,0.048268238761974835,-0.14820359281437123,0.0,0.9764653652310721,1,1,0,0,1,서연이화,381100961700,3811억,8.6억,-1.56%,0.5,39.0,24.5
271560,137000.0,0.0007304601899196239,4437156000.0,0.31377047226873744,30.0,14.0,0.0007304601899196239,0,0,-0.005877657644583145,-0.019642921034741856,0.05061349693251538,0.3288069835111542,-0.06164383561643838,0.5,0.922312940431655,0,1,0,0,0,오리온,5428310923600,5.43조,44.4억,0.07%,0.3,39.0,13.2
462520,14500.0,0.0027662517289073207,81620500.0,0.5121579510042535,30.0,16.0,0.0027662517289073207,0,0,0.006106022758812113,3.448394772243013e-05,0.0041551246537396835,0.05762217359591548,-0.15599534342258436,0.0,1.0104270432815394,0,1,0,0,0,조선내화,174389521280,1744억,0.82억,0.28%,0.5,39.0,15.1
042700,325000.0,0.014040561622464809,213142475000.0,0.4529132147747844,30.0,-2.0,0.014040561622464809,0,0,-0.05865314989138304,-0.0933816863100635,0.13636363636363646,0.84344866704481,-0.2063492063492064,0.0,1.0237852792439617,1,0,0,0,0,한미반도체,31357713800000,31.36조,2131억,1.4%,0.5,39.0,-1.9
402340,1198000.0,0.010970464135021007,458304484000.0,0.4390390576494257,30.0,64.0,0.010970464135021007,1,0,0.06186846303846827,0.15514415196220233,1.1392857142857142,1.7828106852497094,0.0,0.0,1.0655855941771841,1,0,0,0,1,SK스퀘어,155842853866000,155.84조,4583억,1.1%,0.4,39.0,60.4
306200,158100.0,0.007648183556405286,845518800.0,0.19539891814473329,30.0,15.0,0.007648183556405286,0,0,0.013656472398538178,-0.03840890429705324,0.03740157480314954,0.3652849740932642,-0.13606557377049178,0.0,0.5269863740930809,0,1,0,0,0,세아제강,434237530000,4342억,8.5억,0.76%,0.2,39.0,14.2
006260,566000.0,0.040441176470588314,98177228000.0,0.6013530426124525,30.0,74.0,0.040441176470588314,1,0,0.08888033859176603,0.1402669352807857,1.0214285714285714,1.7881773399014778,0.0,0.0,1.1018916082721717,1,1,0,0,1,LS,17253600000000,17.25조,982억,4.04%,0.6,39.0,69.8
010690,12500.0,-0.01806755695208173,2732975000.0,0.27598274309462495,30.0,2.0,-0.01806755695208173,1,0,-0.04587436073582174,-0.028711294145071675,0.11507582515611059,0.5262515262515262,-0.1961414790996785,0.0,1.512340791891511,0,0,0,0,0,화신,435108308600,4351억,27.3억,-1.81%,0.3,39.0,1.9
006400,642000.0,-0.007727975270479082,174663804000.0,0.34627634433585686,30.0,39.0,-0.007727975270479082,0,0,0.03506650544135437,-0.014165610963952524,0.3374999999999999,1.4,-0.098314606741573,0.0,0.7584743352052112,0,1,0,0,0,삼성SDI,51735910260000,51.74조,1747억,-0.77%,0.3,39.0,36.8
002020,68500.0,0.03318250377073917,2491824500.0,0.2937045716488738,30.0,24.0,0.03318250377073917,0,0,0.004546121132130709,-0.01658172421218862,0.06697819314641751,0.607981220657277,-0.18062200956937802,0.0,0.946471318379289,0,1,0,0,0,코오롱,864814560000,8648억,24.9억,3.32%,0.3,39.0,22.6
000660,2067000.0,0.06491499227202469,4833514140000.0,0.4838171539355884,30.0,72.0,0.06491499227202469,1,0,0.09070761437391162,0.231695145023612,1.071142284569138,1.778225806451613,0.0,0.0,1.1178658128874015,1,0,1,0,1,SK하이닉스,1462465252980000,1462.47조,4.83조,6.49%,0.5,39.0,67.9
034730,654000.0,0.01869158878504673,90653556000.0,0.5344111979066768,30.0,66.0,0.01869158878504673,1,0,0.16890080428954413,0.26633749636944515,0.9263622974963182,1.3028169014084505,0.0,0.0,1.096165996323085,1,1,0,0,1,SK,47561773168000,47.56조,907억,1.87%,0.5,39.0,62.3
011070,1045000.0,0.2094907407407407,475770735000.0,1.4094098413789762,30.0,50.0,0.2094907407407407,1,0,0.30641330166270775,0.4933904966059306,2.064516129032258,2.9961759082217974,0.0,0.0,1.0217977928541426,1,1,1,1,1,LG이노텍,25276470276000,25.28조,4758억,20.95%,1.4,39.0,47.2
009420,61200.0,0.0736842105263158,34332282000.0,1.3630467655383893,30.0,12.0,0.0736842105263158,0,1,0.2889637742207245,0.28524177035753673,0.3007438894792773,0.21188118811881185,-0.0496894409937888,0.0,1.2739382434326043,1,0,1,1,1,한올바이오파마,3087421705800,3.09조,343억,7.37%,1.4,39.0,11.3
090460,40550.0,0.027883396704689423,35035078350.0,1.0105154202089166,30.0,74.0,0.027883396704689423,1,0,0.17349153523368543,0.19361248068290537,0.8643678160919541,1.4635479951397325,0.0,0.0,1.0129013516799088,1,1,1,0,1,비에이치,1355203827600,1.36조,350억,2.79%,1.0,39.0,69.8
161390,63700.0,0.006319115323854652,8285076800.0,0.29572961694688227,30.0,16.0,0.006319115323854652,0,0,0.04187111547268563,0.03762827822120873,0.006319115323854652,0.09638554216867479,-0.16073781291172595,0.0,1.000007956288153,0,1,0,0,0,한국타이어앤테크놀로지,7878454388400,7.88조,82.9억,0.63%,0.3,39.0,15.1
009150,1569000.0,0.17089552238805972,1669226151000.0,1.1442588349733014,30.0,40.0,0.17089552238805972,1,0,0.4045295855339719,0.5838885523924895,2.0406976744186047,4.898496240601504,0.0,0.0,1.2552116538702776,1,1,1,0,1,삼성전기,117418490112000,117.42조,1.67조,17.09%,1.1,39.0,37.7
161890,90100.0,-0.01206140350877194,8532650200.0,0.3447027011090311,30.0,-4.0,-0.01206140350877194,1,0,-0.03995737879595096,-0.023412096249729064,0.14923469387755106,0.4233807266982623,-0.17490842490842495,0.0,0.8614553809515823,0,0,0,0,0,한국콜마,2119735914600,2.12조,85.3억,-1.21%,0.3,39.0,-3.8
008060,22200.0,-0.008928571428571397,1719700800.0,0.41622685072622356,30.0,82.0,-0.008928571428571397,1,0,0.09548482605477426,0.17460317460317465,0.7262830482115086,1.324607329842932,-0.008928571428571397,0.0,1.2359700676896668,1,1,1,0,1,대덕,722731963800,7227억,17.2억,-0.89%,0.4,39.0,77.4
013520,2805.0,-0.03442340791738385,361017525.0,0.43871863684132123,30.0,-6.0,-0.03442340791738385,0,0,-0.09501532505242782,-0.11030053128221395,0.003577817531305927,0.375,-0.19280575539568345,0.0,1.1118240672954078,1,0,0,0,0,화승코퍼레이션,140143505600,1401억,3.6억,-3.44%,0.4,39.0,-5.7
007340,46450.0,0.00759219088937102,4297972050.0,0.330140301332546,30.0,19.0,0.00759219088937102,0,0,-0.006841992730382773,-0.006895077235555047,0.29930069930069925,0.8580000000000001,-0.0927734375,0.0,0.7832874351422083,0,1,0,0,0,DN오토모티브,2738308482000,2.74조,43.0억,0.76%,0.3,39.0,17.9
282330,129700.0,-0.005368098159509227,3295547300.0,0.3696300789768074,29.0,-11.0,-0.005368098159509227,1,0,-0.037048036231346004,-0.033063704476833045,-0.12246278755074425,0.2543520309477756,-0.12246278755074425,0.0,0.982930758737476,1,1,0,0,0,BGF리테일,2236537436400,2.24조,33.0억,-0.54%,0.4,37.7,-10.4
004105,4100.0,0.0073710073710073765,402566700.0,1.3440902165476403,29.0,-6.0,0.0073710073710073765,0,1,0.07414199633219809,0.03222557905337364,0.08322324966974892,0.22754491017964074,-0.09890109890109888,0.0,0.6867279948378828,1,0,0,0,1,태양금속우,13233000000,132억,4.0억,0.74%,1.3,37.7,-5.7
086790,120700.0,-0.01146601146601145,33249591100.0,0.3068565717631312,29.0,28.0,-0.01146601146601145,0,0,0.007849031396125694,-0.01905806818643585,0.030742954739538808,0.2992465016146395,-0.08073115003808073,0.0,1.0087539700015613,0,1,0,0,0,하나금융지주,32924129760000,32.92조,332억,-1.15%,0.3,37.7,26.4
010060,345000.0,0.09697933227345001,101684610000.0,0.7088108231342185,29.0,32.0,0.09697933227345001,0,0,0.09680495946590373,0.03409516672911206,0.7250000000000001,2.392330383480826,-0.1015625,0.0,0.8329820172519982,1,1,0,0,1,OCI홀딩스,6721283520000,6.72조,1017억,9.7%,0.7,37.7,30.2
009835,24500.0,0.006160164271047153,209744500.0,0.270527767727216,29.0,0.0,0.006160164271047153,0,0,-0.0032546786004882255,-0.0679094540612517,0.02941176470588225,0.2098765432098766,-0.2598187311178247,0.0,0.7002097099094013,1,1,0,0,0,한화솔루션우,65027562250,650억,2.1억,0.62%,0.3,37.7,0.0
009830,43100.0,0.00936768149882905,29466866600.0,0.17050881325655484,29.0,27.0,0.00936768149882905,0,0,0.012806955704382617,-0.054150436166127136,0.07615480649188511,0.6513409961685823,-0.2632478632478632,0.0,0.6314043273892153,1,1,0,0,1,한화솔루션,7640623225200,7.64조,295억,0.94%,0.2,37.7,25.5
136490,10280.0,-0.04104477611940294,1310905600.0,0.8046418343713688,29.0,-8.0,-0.04104477611940294,0,0,-0.04211703317182258,-0.05117910378882273,0.02902902902902893,0.09361702127659566,-0.3100671140939597,0.0,1.3847053981737827,1,1,0,0,0,선진,244454329120,2445억,13.1억,-4.1%,0.8,37.7,-7.5
145720,51300.0,0.00391389432485334,694191600.0,0.3136738575370854,29.0,-1.0,0.00391389432485334,0,1,0.01861504095309008,-0.004390965769874633,0.001953125,0.11886586695747003,-0.286509040333797,0.0,1.0819154886832065,1,1,0,0,1,덴티움,435506495500,4355억,6.9억,0.39%,0.3,37.7,-0.9
039490,402000.0,-0.012285012285012331,22788978000.0,0.30226725770404533,29.0,-12.0,-0.012285012285012331,0,1,0.0036200224691049776,-0.04958921922099413,-0.10067114093959728,0.2761904761904761,-0.18869828456104942,0.0,0.8296891368181385,1,1,0,0,1,키움증권,10504440558000,10.50조,228억,-1.23%,0.3,37.7,-11.3
001530,27400.0,-0.035211267605633756,1075669200.0,0.2993163254647607,29.0,-1.0,-0.035211267605633756,0,0,-0.029573224721090807,-0.05979239941665948,0.1759656652360515,0.4263404476834982,-0.3363367727558979,0.0,0.7546994265880993,1,1,0,0,0,DI동일,562429110150,5624억,10.8억,-3.52%,0.3,37.7,-0.9
013700,1342.0,-0.017569546120058566,57743576.0,0.2369659894216726,29.0,18.0,-0.017569546120058566,0,0,0.03926275846046634,0.013671727471863404,-0.008862629246676468,0.12773109243697478,-0.13251454427925013,0.0,1.378827648914463,0,1,0,0,0,까뮤이앤씨,80962374650,810억,0.58억,-1.76%,0.2,37.7,17.0
031440,46550.0,0.018599562363238453,601519100.0,0.6612949036485853,28.0,-23.0,0.018599562363238453,0,0,-0.05683314760409275,-0.08970911757516498,-0.026150627615062816,-0.009574468085106425,-0.17901234567901236,0.5,2.006708332327888,1,0,0,0,0,신세계푸드,181232064000,1812억,6.0억,1.86%,0.7,36.4,-21.7
010770,5120.0,0.02400000000000002,2499194880.0,3.920904599225497,28.0,44.0,0.02400000000000002,1,0,0.16988461099051744,0.2166577555991207,0.3763440860215055,0.40852819807427787,-0.5448888888888889,0.0,2.0119582278216104,1,0,1,0,1,평화홀딩스,75759913880,758억,25.0억,2.4%,3.9,36.4,41.5
020120,3785.0,-0.04899497487437188,432568725.0,0.4044364325086418,28.0,26.0,-0.04899497487437188,0,0,0.011356045424181671,-0.014258740803437697,0.13323353293413165,0.16640986132511548,-0.13879408418657568,0.0,0.8614083816681645,1,1,0,0,1,키다리스튜디오,143992730910,1440억,4.3억,-4.9%,0.4,36.4,24.5
011230,3480.0,0.29850746268656714,4428790680.0,6.396913535877306,28.0,-41.0,0.29850746268656714,0,1,0.4727041895895048,0.4477379095163807,0.38369781312127227,0.20833333333333326,-0.44051446945337625,0.0,2.097218139639623,1,0,0,1,1,삼화전자,66696931800,667억,44.3억,29.85%,6.4,36.4,-38.7
012200,8330.0,-0.028004667444574083,8095202290.0,0.15554543177516977,28.0,-21.0,-0.028004667444574083,1,0,-0.11212960989128118,0.00090117152297986,0.3222222222222222,-0.3249594813614263,-0.33038585209003213,0.0,1.8725368840524137,1,0,1,0,0,계양전기,225405024120,2254억,81.0억,-2.8%,0.2,36.4,-19.8
009310,5330.0,0.0,0.0,,28.0,56.0,0.0,1,0,0.0,0.5627061496738255,4.004694835680751,4.266798418972332,0.0,0.0,,0,1,1,0,0,참엔지니어링,23329484620,233억,0.00억,0.0%,,36.4,52.8
007460,4385.0,0.04156769596199528,1217109370.0,0.19220329583067064,28.0,12.0,0.04156769596199528,1,0,-0.08032718120805371,0.49776274891553096,13.56810631229236,5.255349500713267,-0.35133136094674555,0.0,1.8674507964433873,1,0,1,0,0,에이프로젠,99556352880,996억,12.2억,4.16%,0.2,36.4,11.3
014915,5140.0,-0.030188679245283012,150350140.0,0.4703610319609445,28.0,-10.0,-0.030188679245283012,1,0,-0.10437358424812682,0.006757418470277221,0.2108362779740871,-0.13758389261744963,-0.3236842105263158,0.0,2.855314564735449,1,1,1,0,0,성문전자우,3066000000,31억,1.5억,-3.02%,0.5,36.4,-9.4
003060,3515.0,0.018840579710144967,850587820.0,0.4585779796042067,28.0,12.0,0.018840579710144967,1,0,-0.08523096942094988,0.5017196078012518,13.707112970711297,5.825242718446602,-0.3107843137254902,0.0,1.6964316049999622,1,0,1,0,0,에이프로젠바이오로직스,51235989570,512억,8.5억,1.88%,0.5,36.4,11.3
403550,13630.0,-0.018718502519798452,752744010.0,0.21365525859184134,27.0,-1.0,-0.018718502519798452,1,0,-0.054588333217729046,-0.04967753181105106,0.28342749529190203,0.1770293609671849,-0.24277777777777776,0.0,1.7078211215744776,1,0,0,0,0,쏘카,449934057400,4499억,7.5억,-1.87%,0.2,35.1,-0.9
108670,37950.0,-0.025673940949935803,722795700.0,0.24137413180528106,27.0,39.0,-0.025673940949935803,1,0,0.013351134846461887,0.02050420168067224,0.32229965156794416,0.3700361010830324,-0.10705882352941176,0.0,0.9129575463018774,0,1,0,0,0,LX하우시스,329113489000,3291억,7.2억,-2.57%,0.2,35.1,36.8
004380,13420.0,0.0014925373134329067,1899936500.0,0.45230234914482664,27.0,34.0,0.0014925373134329067,0,0,0.030721966205837115,0.08190906159303446,0.11554447215295105,0.03230769230769237,-0.04822695035460989,0.0,1.224479951711048,0,0,1,0,0,삼익THK,276759000000,2768억,19.0억,0.15%,0.5,35.1,32.1
33626L,12180.0,-0.02948207171314743,263916240.0,0.6348629659363263,27.0,33.0,-0.02948207171314743,1,0,0.0009039362314076094,0.013648468708388872,0.2834562697576397,0.20833333333333326,-0.1446629213483146,0.0,0.9857579940250052,0,1,0,0,0,두산퓨얼셀2우B,35387655000,354억,2.6억,-2.95%,0.6,35.1,31.1
010580,2190.0,0.004587155963302836,437226930.0,1.010387690544952,27.0,6.0,0.004587155963302836,0,0,0.04684512428298282,0.03754589600852776,0.06569343065693434,-0.06609808102345416,-0.28431372549019607,0.0,0.8721237905704816,1,1,0,0,1,에스엠벡셀,246978907200,2470억,4.4억,0.46%,1.0,35.1,5.7
010100,4655.0,-0.038223140495867725,1683099040.0,0.3001405580692846,27.0,-21.0,-0.038223140495867725,1,0,-0.03262676641729012,-0.006933333333333347,0.07879490150637314,-0.050000000000000044,-0.3570441988950276,0.0,2.3925833917238686,1,1,0,0,0,한국무브넥스,143725982400,1437억,16.8억,-3.82%,0.3,35.1,-19.8
021050,1504.0,-0.022106631989596837,512072896.0,0.12881912122910924,27.0,4.0,-0.022106631989596837,0,0,-0.0096793310067822,-0.03882409330563985,0.20803212851405628,0.3345164152617568,-0.18658734451054626,0.0,0.5184872033446987,0,1,0,0,0,서원,71686630900,717억,5.1억,-2.21%,0.1,35.1,3.8
298040,3893000.0,-0.028450212128774632,103036031000.0,0.4175119336448333,27.0,15.0,-0.028450212128774632,0,0,-0.0011289577667162876,-0.03272293587099662,0.35079805690492716,1.0652519893899206,-0.15387959139317542,0.0,0.8510588078970005,0,1,0,0,0,효성중공업,35750317032000,35.75조,1030억,-2.85%,0.4,35.1,14.2
051900,258000.0,-0.017142857142857126,6272238000.0,0.3015014925632277,27.0,-20.0,-0.017142857142857126,0,0,-0.013761467889908285,-0.017610661589719134,0.027888446215139417,-0.01526717557251911,-0.2618025751072961,0.0,0.9632383801750664,1,1,0,0,0,LG생활건강,3937499965000,3.94조,62.7억,-1.71%,0.3,35.1,-18.9
009190,1700.0,0.09677419354838701,6335543000.0,7.486559041232534,27.0,13.0,0.09677419354838701,0,0,0.205417287102035,0.15646258503401356,0.2292118582791034,0.35782747603833864,-0.10573382430299838,0.0,1.2617571674446357,1,0,0,1,1,대양금속,77746725000,777억,63.4억,9.68%,7.5,35.1,12.3
139480,93000.0,0.027624309392265234,16717308000.0,0.7043119102319293,27.0,-8.0,0.027624309392265234,0,0,-0.0653266331658291,-0.10209992758870379,-0.015873015873015928,0.13691931540342295,-0.2711598746081505,0.5,1.245025014137797,1,0,0,0,0,이마트,2558132421300,2.56조,167억,2.76%,0.7,35.1,-7.5
004800,221500.0,0.002262443438914019,3294369500.0,0.14211368425880497,27.0,8.0,0.002262443438914019,0,0,-0.015074036195473317,-0.0332576815642458,0.4806149732620322,0.8381742738589211,-0.19746376811594202,0.0,0.6730493523457423,0,1,0,0,0,효성,3649408726000,3.65조,32.9억,0.23%,0.1,35.1,7.5
00104K,154600.0,-0.008338678640153918,365010600.0,0.1937914505220303,26.0,-41.0,-0.008338678640153918,0,0,-0.06973945484084476,-0.13243546576879905,-0.10376811594202895,-0.015286624203821653,-0.2051413881748072,0.5,1.547042667029781,1,0,0,0,0,CJ4우(전환),649192243200,6492억,3.7억,-0.83%,0.2,33.8,-38.7
03473K,420000.0,0.0,601020000.0,0.21436275390976092,26.0,72.0,0.0,1,0,0.085551822176273,0.17540054572168184,0.650294695481336,1.048780487804878,0.0,0.0,0.979076603838838,1,1,0,0,1,SK우,238342835000,2383억,6.0억,0.0%,0.2,33.8,67.9
020000,23100.0,-0.07228915662650603,2764122900.0,0.7568482818337816,26.0,6.0,-0.07228915662650603,0,0,-0.09941520467836262,-0.10195354261833023,0.013157894736842035,0.5410273515677118,-0.17352415026833634,0.0,0.9852211113745044,1,1,0,0,0,한섬,496118561400,4961억,27.6억,-7.23%,0.8,33.8,5.7
128940,448500.0,-0.01211453744493396,20493759000.0,0.40637099072827776,26.0,-34.0,-0.01211453744493396,0,1,0.004816847765206633,-0.009879132402450419,-0.07905544147843946,-0.05974842767295596,-0.2835463258785943,0.0,1.2829327539867228,1,1,0,0,1,한미약품,6008354779000,6.01조,205억,-1.21%,0.4,33.8,-32.1
000990,210500.0,0.16234124792932092,132858127500.0,0.8792271332233431,26.0,38.0,0.16234124792932092,1,0,0.19371668367925587,0.24696404241454895,1.273218142548596,1.9276773296244785,0.0,0.0,0.8301509617321869,1,0,0,0,1,DB하이텍,9592761654000,9.59조,1329억,16.23%,0.9,33.8,35.8
032830,351000.0,-0.03703703703703709,78565032000.0,0.46286097555200634,26.0,76.0,-0.03703703703703709,1,0,0.07701749002761593,0.17696370190292554,0.5260869565217392,1.200626959247649,-0.03703703703703709,0.0,0.9225874796584602,1,1,1,0,1,삼성생명,69600000000000,69.60조,786억,-3.7%,0.5,33.8,71.7
007610,9750.0,-0.010152284263959421,11769234750.0,0.1876059172731637,26.0,14.0,-0.010152284263959421,1,0,-0.10869366486881804,0.024428684003152012,2.25,2.25,-0.3321917808219178,0.0,1.5186822116812133,1,1,0,0,0,선도전기,180180000000,1802억,118억,-1.02%,0.2,33.8,13.2
004100,3010.0,0.008375209380234505,3782615830.0,1.4083478378200582,26.0,-7.0,0.008375209380234505,0,1,0.07519199857117331,-0.006354708261120723,0.005008347245408995,0.41647058823529415,-0.17307692307692313,0.0,0.9251890131478206,1,0,0,0,1,태양금속,109549500000,1095억,37.8억,0.84%,1.4,33.8,-6.6
001780,2540.0,-0.0249520153550864,1645907300.0,0.09476422588356513,26.0,-5.0,-0.0249520153550864,0,0,-0.03403688914242253,-0.09188416160171609,0.013972055888223478,0.2240963855421687,-0.262699564586357,0.0,0.3858537178178111,1,1,0,0,0,알루코,240622878020,2406억,16.5억,-2.5%,0.1,33.8,-4.7
353200,164400.0,0.08658294778585596,138296732400.0,0.9252606685270409,26.0,66.0,0.08658294778585596,1,0,0.15587428812486825,0.2678826205992364,0.8810068649885583,2.914285714285714,0.0,0.0,0.7267327288299149,1,1,1,0,1,대덕전자,8361343710000,8.36조,1383억,8.66%,0.9,33.8,62.3
077970,48200.0,-0.033099297893681046,19371965600.0,0.5072148263805017,26.0,16.0,-0.033099297893681046,0,0,0.03189895097409545,-0.0875532418362518,0.43452380952380953,0.24226804123711343,-0.275187969924812,0.0,0.5912289213839947,1,0,0,0,1,STX엔진,1917070008250,1.92조,194억,-3.31%,0.5,33.8,15.1
004710,15620.0,0.028308097432521384,7273000020.0,0.17140167911220733,26.0,72.0,0.028308097432521384,1,0,0.0845715872795445,0.3282312925170068,2.1683569979716024,1.75,0.0,0.0,0.811887423423741,1,0,1,0,1,한솔테크닉스,477860433570,4779억,72.7억,2.83%,0.2,33.8,67.9
002380,601000.0,0.11918063314711369,24903036000.0,1.056618977372554,26.0,31.0,0.11918063314711369,0,0,0.10589750667034692,0.07058561567579602,0.1535508637236085,0.5025,-0.11617647058823533,0.0,0.9562806112796653,1,1,0,1,1,KCC,4940915200000,4.94조,249억,11.92%,1.1,33.8,29.2
008770,56400.0,-0.032590051457976,10624632000.0,0.30084138330502797,26.0,-6.0,-0.032590051457976,0,0,-0.0571715145436309,-0.09889758747403743,0.15219611848825343,0.2575250836120402,-0.18731988472622474,0.0,0.6665091463276102,1,0,0,0,0,호텔신라,2213594024400,2.21조,106억,-3.26%,0.3,33.8,-5.7
007815,21550.0,0.06419753086419755,23597250.0,0.3190327044941365,26.0,27.0,0.06419753086419755,0,0,0.022102067918801094,-0.01167190258891515,0.16360691144708417,0.5381870092790864,-0.1020833333333333,0.0,1.1284664136658669,0,1,0,0,0,코리아써우,65223180000,652억,0.24억,6.42%,0.3,33.8,25.5
086280,233000.0,-0.014799154334038,30153462000.0,0.24957274451336844,26.0,4.0,-0.014799154334038,1,0,-0.03639371381306866,-0.018534119629317614,0.0938967136150235,0.028697571743929284,-0.19793459552495696,0.0,1.4967795805490909,1,1,0,0,0,현대글로비스,17700000000000,17.70조,302억,-1.48%,0.2,33.8,3.8
007660,139700.0,0.10785091197462338,227014735200.0,1.3453986948353673,26.0,35.0,0.10785091197462338,0,0,0.07809847198641773,0.004746835443038,0.18490245971162,0.27696526508226693,-0.13444857496902107,0.0,0.7959796124447102,1,1,0,1,1,이수페타시스,10255267894300,10.26조,2270억,10.79%,1.3,33.8,33.0
064960,32650.0,-0.022455089820359264,1215135050.0,0.36932673810668565,25.0,-21.0,-0.022455089820359264,0,1,0.011932434526576774,-0.028635180364447788,-0.038291605301914555,-0.06714285714285717,-0.17237008871989856,0.0,1.0833581272372026,1,1,0,0,1,SNT모티브,861231826400,8612억,12.2억,-2.25%,0.4,32.5,-19.8
027740,1534.0,-0.0019518542615484247,114968698.0,0.8753358556940277,25.0,42.0,-0.0019518542615484247,1,0,0.2220186409623197,0.4776284737273033,0.8985148514851484,0.9947984395318596,-0.03461296412838266,0.5,1.0123041690345604,0,0,1,0,0,마니커,48744867490,487억,1.1억,-0.2%,0.9,32.5,39.6
093050,23600.0,-0.010482180293501009,332665600.0,0.35916898855046925,25.0,4.0,-0.010482180293501009,0,0,-0.020137014739464387,-0.041721652624099104,-0.03869653767820769,0.37449039021549213,-0.1009523809523809,0.0,1.0976352639713114,0,1,0,0,0,LF,665210000000,6652억,3.3억,-1.05%,0.4,32.5,3.8
055550,97000.0,-0.012219959266802416,38614827000.0,0.314814068671587,25.0,24.0,-0.012219959266802416,0,0,0.01815891676288439,-0.0008240626287597808,0.0041407867494824835,0.2467866323907455,-0.08490566037735847,0.0,0.9249169027564562,0,1,0,0,0,신한지주,45566818656000,45.57조,386억,-1.22%,0.3,32.5,22.6
071055,173900.0,0.013994169096209985,1600401700.0,0.5180235961633719,25.0,30.0,0.013994169096209985,0,0,0.018448023426061555,-0.009201492749907447,0.07478368355995046,0.33769230769230774,-0.09989648033126297,0.0,0.9529861664545444,0,1,0,0,0,한국금융지주우,1003518396300,1.00조,16.0억,1.4%,0.5,32.5,28.3
092230,86300.0,0.0023228803716608404,121078900.0,0.6754609792499158,25.0,24.0,0.0023228803716608404,0,0,0.015294117647058902,-0.01202060675443617,0.026159334126040434,0.20868347338935567,-0.05476451259583792,0.0,0.9242686567164178,0,1,0,0,0,KPX홀딩스,363742020600,3637억,1.2억,0.23%,0.7,32.5,22.6
018500,1716.0,-0.0011641443538998875,303949932.0,0.4416335356949937,25.0,10.0,-0.0011641443538998875,0,0,-0.01066589795330064,-0.03364775446994228,0.09229789942711641,0.21357850070721351,-0.09826589595375723,0.0,0.737877204907995,0,1,0,0,0,동원금속,79483386100,795억,3.0억,-0.12%,0.4,32.5,9.4
025540,84600.0,-0.004705882352941226,957756600.0,0.360958112470607,25.0,21.0,-0.004705882352941226,0,0,0.0010649627263046302,-0.02236089443577738,0.12350597609561742,0.2190201729106629,-0.07439824945295404,0.0,0.6048302850170015,0,1,0,0,0,한국단자,848648500000,8486억,9.6억,-0.47%,0.4,32.5,19.8
298690,1909.0,-0.01139306059036771,190018042.0,0.44600813799735006,25.0,-15.0,-0.01139306059036771,0,0,-0.002560217357228778,-0.03216811579507717,-0.12831050228310503,0.09085714285714275,-0.15717439293598234,0.0,0.8852153874905723,1,1,0,0,0,에어부산,221965920000,2220억,1.9억,-1.14%,0.4,32.5,-14.2
001755,24400.0,-0.004081632653061273,23375200.0,0.2591710853803701,25.0,-4.0,-0.004081632653061273,0,0,-0.044635865309318734,-0.11353315168029066,-0.02008032128514059,0.31324004305705055,-0.20779220779220775,0.0,1.3329763214265038,0,0,0,0,0,한양증권우,12731250000,127억,0.23억,-0.41%,0.3,32.5,-3.8
241560,69400.0,0.008720930232558155,4507321800.0,0.21798311165379128,25.0,24.0,0.008720930232558155,0,0,0.010630551914955655,-0.0318080357142857,0.029673590504450953,0.22398589065255736,-0.0951760104302477,0.0,0.7684589989754488,0,1,0,0,0,두산밥캣,6518212420000,6.52조,45.1억,0.87%,0.2,32.5,22.6
001527,7790.0,0.0038659793814432852,592040.0,0.04712593786817139,25.0,-4.0,0.0038659793814432852,0,0,0.016971279373368064,0.03425385023898042,0.14055636896046853,-0.12570145903479235,-0.41340361445783136,0.0,0.7692915278684022,1,1,0,0,1,동양2우B,2394495440,24억,0.01억,0.39%,0.0,32.5,-3.8
006125,41100.0,-0.009638554216867434,47840400.0,0.2362492388877613,24.0,24.0,-0.009638554216867434,0,0,0.009455974456588523,-0.012434672914038547,0.018587360594795488,0.044472681067344366,-0.093715545755237,0.5,1.091745299289432,0,1,0,0,0,SK디스커버리우,51362098500,514억,0.48억,-0.96%,0.2,31.2,22.6
000150,1803000.0,0.13182674199623357,108234090000.0,0.7643000695802079,24.0,27.0,0.13182674199623357,0,0,0.10599926389400083,0.09461797650487203,0.3922779922779922,1.4136546184738954,-0.007705008255366019,0.0,0.937710237537253,0,1,0,0,0,두산,28841220135000,28.84조,1082억,13.18%,0.8,31.2,25.5
006280,144500.0,0.03956834532374098,7637114000.0,0.8111609061329732,24.0,-17.0,0.03956834532374098,0,1,0.055514974433893416,0.050107190872424656,0.001386001386001423,-0.07608695652173914,-0.19855795895729345,0.0,1.5390799334717227,1,1,0,0,1,녹십자,1673512241600,1.67조,76.4억,3.96%,0.8,31.2,-16.0
058650,158200.0,0.012156110044785562,1236491200.0,1.1768425807423022,24.0,-15.0,0.012156110044785562,0,1,0.051162790697674376,0.02874235921446222,0.016056518946692355,0.2178598922247883,-0.12596685082872927,0.0,1.649099590479086,0,0,0,0,0,세아홀딩스,668576393600,6686억,12.4억,1.22%,1.2,31.2,-14.2
126720,28450.0,-0.03231292517006801,1555333050.0,0.5700646456999583,24.0,-1.0,-0.03231292517006801,0,0,-0.033627717391304324,-0.1035134709311486,0.0,0.32943925233644866,-0.20308123249299714,0.0,0.6671489612866702,0,1,0,0,0,수산인더스트리,405722400000,4057억,15.6억,-3.23%,0.6,31.2,-0.9
483650,215000.0,-0.0182648401826484,14183980000.0,0.2872521725045697,24.0,-1.0,-0.0182648401826484,1,0,-0.06481078729882561,-0.05722429291821973,0.21468926553672318,0.42007926023778075,,0.0,1.1822727729149443,1,0,0,0,0,달바글로벌,2645788020000,2.65조,142억,-1.83%,0.3,31.2,-0.9
025530,3680.0,-0.010752688172043001,234430720.0,2.6395573114668514,24.0,10.0,-0.010752688172043001,0,0,-0.0017631900176319215,-0.021406727828746197,0.017980636237897585,0.005464480874316946,-0.07070707070707072,0.5,1.315901428282315,0,1,0,0,0,SJM홀딩스,55554509760,556억,2.3억,-1.08%,2.6,31.2,9.4
007810,112100.0,0.1132075471698113,38093149400.0,1.0012842606396433,24.0,27.0,0.1132075471698113,0,0,0.1738219895287958,0.16443336449568924,0.37546012269938656,1.403001071811361,0.0,0.0,0.9447295894734715,0,1,0,0,0,코리아써키트,2642884724000,2.64조,381억,11.32%,1.0,31.2,25.5
077500,7870.0,0.026075619295958363,2862759720.0,0.4411772464480966,24.0,30.0,0.026075619295958363,0,0,0.05665950590762625,0.04203905991393575,0.31166666666666676,0.26731078904991956,-0.07411764705882351,0.0,0.6117960168071365,0,1,0,0,0,유니퀘스트,172584814980,1726억,28.6억,2.61%,0.4,31.2,28.3
000227,10630.0,0.0056764427625355385,6367370.0,0.8344942881025356,23.0,-12.0,0.0056764427625355385,0,0,-0.007654966392830476,-0.013548626577579825,-0.004681647940074862,-0.039747064137308,-0.08911739502999139,0.5,1.0681331807096999,0,1,0,0,0,유유제약2우B,3447680400,34억,0.06억,0.57%,0.8,29.9,-11.3
024720,9690.0,0.009374999999999911,202094640.0,0.20936858146160472,23.0,-6.0,0.009374999999999911,0,0,-0.004315659679408168,-0.008492786247825679,0.07666666666666666,0.03194888178913735,-0.4745119305856833,0.0,1.2915650130650767,1,1,0,0,0,콜마홀딩스,328558161220,3286억,2.0억,0.94%,0.2,29.9,-5.7
204320,63500.0,0.007936507936507908,20054062000.0,0.43450032641319025,23.0,43.0,0.007936507936507908,1,0,0.05586963751247098,0.07782398370533827,0.25246548323471396,0.1159929701230229,-0.11064425770308128,0.0,1.4541825323799564,1,1,0,0,1,HL만도,2977081408000,2.98조,201억,0.79%,0.4,29.9,40.6
097950,211500.0,-0.016279069767441867,6787881000.0,0.4731203402385945,23.0,-15.0,-0.016279069767441867,0,0,-0.024446494464944624,-0.06374501992031878,-0.0903225806451613,0.01927710843373487,-0.2152133580705009,0.0,1.0299724466445617,1,1,0,0,0,CJ제일제당,3176433246000,3.18조,67.9억,-1.63%,0.5,29.9,-14.2
009470,44100.0,0.050000000000000044,26359407900.0,1.7328505935701604,23.0,17.0,0.050000000000000044,0,0,0.16805721096543502,0.05143947070393984,0.20163487738419628,0.4923857868020305,-0.21808510638297873,0.0,0.8875054701172076,1,0,0,0,1,삼화전기,296299136000,2963억,264억,5.0%,1.7,29.9,16.0
011760,28700.0,0.01773049645390068,1143924600.0,0.5789733239108662,22.0,22.0,0.01773049645390068,0,0,0.04117540359151106,-0.01501501501501501,0.08712121212121215,0.3732057416267942,-0.11827956989247312,0.0,0.7241321175343693,0,1,0,0,0,현대코퍼레이션,379671324200,3797억,11.4억,1.77%,0.6,28.6,20.8
078520,13470.0,-0.00955882352941173,511563660.0,0.2241048757474244,22.0,-4.0,-0.00955882352941173,0,0,-0.04345973583297824,-0.057778399552322335,0.12814070351758788,0.3205882352941176,-0.15015772870662458,0.0,0.8371314585968668,0,0,0,0,0,에이블씨엔씨,344427491640,3444억,5.1억,-0.96%,0.2,28.6,-3.8
001500,10600.0,-0.012115563839701804,1080489800.0,0.22006809539400216,22.0,-1.0,-0.012115563839701804,0,0,-0.015601783060921193,-0.059533315588678914,0.00952380952380949,0.34860050890585237,-0.23188405797101452,0.0,0.6530449819359249,0,1,0,0,0,현대차증권,646773640240,6468억,10.8억,-1.21%,0.2,28.6,-0.9
072710,94700.0,-0.01661474558670817,263171300.0,0.418852113100621,22.0,16.0,-0.01661474558670817,0,0,0.0022224574028997246,-0.0102941944923447,0.012834224598930577,0.08476517754868262,-0.23567393058918484,0.0,1.1345586515033068,0,1,0,0,0,농심홀딩스,441053829000,4411억,2.6억,-1.66%,0.4,28.6,15.1
071050,253000.0,-0.005893909626719096,27772316000.0,0.34337819555340066,22.0,22.0,-0.005893909626719096,0,0,0.016472478907191723,-0.01171875,0.09051724137931028,0.4838709677419355,-0.135042735042735,0.0,0.9512695281802593,0,1,0,0,0,한국금융지주,14070812980000,14.07조,278억,-0.59%,0.3,28.6,20.8
029460,36050.0,0.015492957746478853,843678150.0,0.5584415274519957,22.0,9.0,0.015492957746478853,0,0,-0.006339581036383657,-0.04874991754073488,0.1897689768976898,0.29443447037701964,-0.10323383084577109,0.0,0.8909287965889813,0,1,0,0,0,케이씨,396188233250,3962억,8.4억,1.55%,0.6,28.6,8.5
005440,14070.0,-0.022916666666666696,1513031520.0,0.31535090838310664,22.0,3.0,-0.022916666666666696,0,0,-0.020126749773661134,-0.037257518218208,0.07898773006134974,0.7742749054224465,-0.24960000000000004,0.0,0.6876507076553843,0,1,0,0,0,현대지에프홀딩스,2170187869920,2.17조,15.1억,-2.29%,0.3,28.6,2.8
034020,112800.0,0.010752688172043001,190230319200.0,0.3982762810362232,22.0,22.0,0.010752688172043001,0,0,0.0008873114463177068,-0.06595453980871946,0.1279999999999999,0.33966745843230406,-0.1730205278592375,0.0,0.8662911918559436,0,1,0,0,0,두산에너빌리티,72127185039600,72.13조,1902억,1.08%,0.4,28.6,20.8
005945,25550.0,-0.013513513513513487,1045480450.0,0.5045387402005874,22.0,4.0,-0.013513513513513487,0,0,-0.016929588303193577,-0.05466654333549159,0.01388888888888884,0.30824372759856633,-0.125,0.0,0.8475421481402218,0,1,0,0,0,NH투자증권우,479322587200,4793억,10.5억,-1.35%,0.5,28.6,3.8
005090,51800.0,0.0,2037760200.0,0.2612520894389445,22.0,-6.0,0.0,0,1,0.013202933985330123,-0.07005969211435747,0.003875968992248069,1.4666666666666668,-0.24489795918367352,0.0,0.6212407023165855,0,1,0,0,0,SGC에너지,740639716200,7406억,20.4억,0.0%,0.3,28.6,-5.7
181710,38600.0,-0.03500000000000003,1151939800.0,0.39588107516540366,22.0,16.0,-0.03500000000000003,0,0,0.009810333551340644,-0.020366727999492462,0.029333333333333433,0.18404907975460127,-0.1167048054919908,0.0,1.18902695316492,0,1,0,0,0,NHN,1246256938950,1.25조,11.5억,-3.5%,0.4,28.6,15.1
377740,5110.0,-0.001953125,179166820.0,0.42252205732162085,22.0,-27.0,-0.001953125,0,1,0.014291385470424744,0.010580441016513342,0.03651115618661249,-0.04664179104477617,-0.1797752808988764,0.0,1.2284302921170738,0,1,0,0,0,바이오노트,514524542400,5145억,1.8억,-0.2%,0.4,28.6,-25.5
267270,167500.0,0.009036144578313143,29697415000.0,0.477671051204732,22.0,24.0,0.009036144578313143,0,0,0.0065500871341865885,-0.061019704571572686,0.05878634639696578,0.5227272727272727,-0.15446744068652196,0.0,0.703951636102754,0,1,0,0,0,HD건설기계,7883152056500,7.88조,297억,0.9%,0.5,28.6,22.6
267260,1164000.0,-0.007672634271099765,82219140000.0,0.3731990905005813,22.0,9.0,-0.007672634271099765,0,0,-0.014978420919015023,-0.06857645835000403,0.18775510204081636,0.37264150943396235,-0.18028169014084505,0.0,0.8241752392619011,0,1,0,0,0,HD현대일렉트릭,41382110980000,41.38조,822억,-0.77%,0.4,28.6,8.5
004000,54000.0,0.0,1532142000.0,0.2133172742032555,22.0,1.0,0.0,0,0,-0.020497007074188334,-0.09984997499583259,0.05058365758754868,0.2720848056537102,-0.2415730337078652,0.0,0.6538503332256869,0,1,0,0,0,롯데정밀화학,1403520000000,1.40조,15.3억,0.0%,0.2,28.6,0.9
003670,245000.0,0.008230452674897082,30005885000.0,0.28657714830782177,22.0,22.0,0.008230452674897082,0,0,0.024033437826541215,-0.037611705784150073,0.12385321100917435,0.3928368391131325,-0.17229729729729726,0.0,0.8203680214546378,0,1,0,0,0,포스코퓨처엠,21391565910000,21.39조,300억,0.82%,0.3,28.6,20.8
003230,1299000.0,-0.012167300380228174,35688726000.0,0.432211508964684,22.0,2.0,-0.012167300380228174,1,0,-0.04168203614902255,-0.025652565256525706,0.09527824620573355,0.07711442786069655,-0.20306748466257674,0.0,1.1370804982851075,0,1,0,0,0,삼양식품,9762787440000,9.76조,357억,-1.22%,0.4,28.6,1.9
298050,228000.0,0.00219780219780219,2348856000.0,0.3820253051900856,22.0,18.0,0.00219780219780219,0,0,0.011759485245174117,-0.05462838188037733,0.06542056074766345,0.24658283214871513,-0.17837837837837833,0.0,0.7407667152349393,0,1,0,0,0,HS효성첨단소재,1037107962000,1.04조,23.5억,0.22%,0.4,28.6,17.0
003160,33500.0,0.026033690658499253,10991350000.0,0.8470457633189943,22.0,-9.0,0.026033690658499253,0,1,0.09138296139436397,0.033153430994602884,0.14529914529914523,0.17132867132867124,-0.13548387096774195,0.0,0.8724333302807186,1,0,0,0,1,디아이,940975000000,9410억,110억,2.6%,0.8,28.6,-8.5
139130,18760.0,-0.008456659619450302,3425388400.0,0.29148228856778496,22.0,17.0,-0.008456659619450302,0,0,0.01630640879787637,-0.0019949461364543453,0.11005917159763312,0.2946859903381642,-0.13348729792147807,0.0,0.6706450646479691,0,1,0,0,0,iM금융지주,3018135914570,3.02조,34.3억,-0.85%,0.3,28.6,16.0
138930,17590.0,0.006868918145392033,4773257580.0,0.24375278066642214,22.0,-9.0,0.006868918145392033,0,1,0.01582351582351582,-0.015723798332493932,0.0074455899198166975,0.149673202614379,-0.22339955849889626,0.0,1.0162629138245087,0,1,0,0,0,BNK금융지주,5483478673110,5.48조,47.7억,0.69%,0.2,28.6,-8.5
278470,391000.0,0.0,67135091000.0,0.5674783895936241,22.0,8.0,0.0,0,0,-0.02651562305489852,-0.0661571530929066,0.06976744186046502,0.711159737417943,-0.14814814814814814,0.0,0.7355269290586931,0,1,0,0,0,에이피알,14582161372500,14.58조,671억,0.0%,0.6,28.6,7.5
457190,100400.0,-0.0204878048780488,12373496800.0,0.3967026957255366,22.0,1.0,-0.0204878048780488,0,0,-0.004264603788554977,-0.09181365897783811,0.031860226104830414,0.7460869565217392,-0.22828593389700236,0.0,0.5665305150857755,0,1,0,0,0,이수스페셜티케미컬,3024909087200,3.02조,124억,-2.05%,0.4,28.6,0.9
451800,5390.0,0.04054054054054057,743453480.0,0.537582275047315,21.0,15.0,0.04054054054054057,0,0,0.02764537654909427,-0.04118117940051591,-0.014625228519195566,0.2520325203252032,-0.21313868613138687,0.0,0.653021739971746,0,1,0,0,0,한화리츠,973432000000,9734억,7.4억,4.05%,0.5,27.3,14.2
084670,43000.0,-0.06825568797399784,5505505000.0,0.26952682763966196,21.0,-13.0,-0.06825568797399784,1,0,-0.10806886538062643,0.004320915566974115,0.06567534076827752,-0.2736486486486487,-0.6781437125748503,0.0,2.897899582370283,1,1,1,0,0,동양고속,124943802350,1249억,55.1억,-6.83%,0.3,27.3,-12.3
005690,16680.0,0.004214328717639937,6572186880.0,0.31465436402091024,21.0,-5.0,0.004214328717639937,0,0,-0.007792516804473237,-0.07341054912090661,-0.021126760563380254,0.20869565217391295,-0.17629629629629628,0.0,0.6048311258826307,0,1,0,0,0,파미셀,998466792960,9985억,65.7억,0.42%,0.3,27.3,-4.7
096770,123000.0,-0.0056588520614390125,28189878000.0,0.26993437555724475,21.0,0.0,-0.0056588520614390125,0,0,-0.003967932626123605,-0.06278573605608051,-0.008064516129032251,0.23370110330992988,-0.17890520694259016,0.0,0.7703620945897716,0,1,0,0,0,SK이노베이션,20573724299600,20.57조,282억,-0.57%,0.3,27.3,0.0
030610,12670.0,-0.010156249999999978,453674690.0,0.15791577810467106,21.0,-1.0,-0.010156249999999978,0,0,-0.026732216930404062,-0.0783778868885252,-0.0023622047244094,0.3623655913978494,-0.24222488038277512,0.0,0.6024654565158494,0,1,0,0,0,교보증권,1429095530940,1.43조,4.5억,-1.02%,0.2,27.3,-0.9
489790,73300.0,0.023743016759776525,11007680900.0,0.1716753652487051,21.0,4.0,0.023743016759776525,0,0,-0.0021780560849441466,-0.07226933299582328,-0.0027210884353741083,0.4959183673469387,-0.20927723840345203,0.0,0.7811865060335192,0,1,0,0,0,한화비전,3645261758000,3.65조,110억,2.37%,0.2,27.3,3.8
000650,227500.0,-0.05991735537190079,2674262500.0,0.24813660072910576,21.0,-21.0,-0.05991735537190079,1,0,-0.07516565714053414,0.02616147947677039,0.068075117370892,-0.16666666666666663,-0.5027322404371585,0.0,2.861789367561719,1,1,1,0,0,천일고속,325862160000,3259억,26.7억,-5.99%,0.2,27.3,-19.8
001750,24200.0,-0.022222222222222254,349932000.0,0.43711419986336403,21.0,-6.0,-0.022222222222222254,0,0,-0.04310003954132069,-0.11428310000914998,-0.04536489151873768,0.306695464362851,-0.21935483870967742,0.0,0.9235470058751042,0,0,0,0,0,한양증권,306757669400,3068억,3.5억,-2.22%,0.4,27.3,-5.7
006800,67400.0,-0.001481481481481528,93447741000.0,0.3168320854503423,21.0,8.0,-0.001481481481481528,0,0,-0.023329952180843327,-0.04990132506343392,-0.004431314623338234,1.497869028647667,-0.19570405727923623,0.0,0.7815175199385821,0,1,0,0,0,미래에셋증권,37435024272000,37.44조,934억,-0.15%,0.3,27.3,7.5
084695,14060.0,0.01443001443001446,221037260.0,1.5846025138341513,21.0,-9.0,0.01443001443001446,0,1,0.04690990320178701,0.01600607002203991,0.002138275124732747,0.032305433186490484,-0.16458704693998816,0.5,1.0255569666361477,0,1,0,0,0,대상홀딩스우,12934905120,129억,2.2억,1.44%,1.6,27.3,-8.5
005940,32200.0,-0.019786910197869156,14677339600.0,0.4363850326419007,21.0,6.0,-0.019786910197869156,0,0,-0.011663597298956385,-0.059442091426902266,-0.03880597014925369,0.5443645083932853,-0.1785714285714286,0.0,0.9550804617541196,0,1,0,0,0,NH투자증권,11403019808000,11.40조,147억,-1.98%,0.4,27.3,5.7
000590,76900.0,-0.0012987012987012436,102738400.0,1.5982773058978348,21.0,2.0,-0.0012987012987012436,0,0,-0.0009094452384045271,-0.01731518752795347,0.0013020833333332593,0.03360215053763449,-0.22087132725430603,0.5,1.4474379292128896,0,1,0,0,0,CS홀딩스,88895114000,889억,1.0억,-0.13%,1.6,27.3,1.9
085620,15370.0,0.01051939513477973,836589100.0,0.3201905966439696,21.0,-8.0,0.01051939513477973,0,1,0.04472539423599775,-0.01078037007240551,-0.04652605459057069,0.6779475982532752,-0.1591903719912473,0.0,0.6314723429084828,0,1,0,0,0,미래에셋생명,2083123800000,2.08조,8.4억,1.05%,0.3,27.3,-7.5
025000,52100.0,0.007736943907156624,81276000.0,0.2667031388907885,21.0,24.0,0.007736943907156624,0,0,0.008322043739113605,-0.009411541021009606,0.04200000000000004,0.1539313399778517,-0.07460035523978681,0.0,0.9276048978318515,0,1,0,0,0,KPX케미칼,227692868000,2277억,0.81억,0.77%,0.3,27.3,22.6
092200,8940.0,-0.01866081229418226,10099518000.0,0.820757425349998,21.0,-3.0,-0.01866081229418226,0,0,0.1424920127795528,0.1497652884058902,0.1316455696202532,-0.2660098522167488,-0.3889268626110731,0.0,2.072645032214191,1,1,0,0,1,디아이씨,346886035480,3469억,101억,-1.87%,0.8,27.3,-2.8
000720,152800.0,0.016633399866932796,58126648000.0,0.33859339415778866,21.0,-8.0,0.016633399866932796,0,1,0.011250827266710894,-0.03693432497163751,-0.16684841875681566,1.0158311345646438,-0.19024907260201374,0.0,0.7895983747835782,1,1,0,0,1,현대건설,16926076280000,16.93조,581억,1.66%,0.3,27.3,-7.5
010955,55200.0,0.0036363636363636598,744372000.0,0.44926189119766524,21.0,0.0,0.0036363636363636598,0,0,-0.006479481641468721,-0.02576773738086835,-0.02473498233215543,0.17571884984025554,-0.15981735159817356,0.0,1.1340974584246846,0,1,0,0,0,S-Oil우,223619141200,2236억,7.4억,0.36%,0.4,27.3,0.0
155660,4340.0,-0.016987542468856143,93270940.0,0.4629939817891763,21.0,24.0,-0.016987542468856143,0,0,0.011890883655863771,-0.009980039920159722,0.016393442622950838,0.14966887417218544,-0.05652173913043479,0.0,0.9721470266353246,0,1,0,0,0,DSR,68880000000,689억,0.93억,-1.7%,0.5,27.3,22.6
417310,10120.0,-0.007843137254901933,687846280.0,0.406192115502012,21.0,24.0,-0.007843137254901933,0,0,0.002774474831549689,-0.0061867818913876604,0.014028056112224352,0.16321839080459766,-0.03435114503816794,0.0,0.8164696739413794,0,1,0,0,0,코람코더원리츠,408444000000,4084억,6.9억,-0.78%,0.4,27.3,22.6
051910,353500.0,0.007122507122507171,45819963000.0,0.35732756101568386,21.0,-10.0,0.007122507122507171,0,0,-0.03296402680891808,-0.08838888530720135,-0.004225352112676051,0.13119999999999998,-0.17694994179278234,0.0,1.0157345260341062,0,0,0,0,0,LG화학,24777912393000,24.78조,458억,0.71%,0.4,27.3,-9.4
033530,8500.0,-0.02298850574712641,1896537000.0,0.6641474613226572,20.0,15.0,-0.02298850574712641,1,0,0.03683825323249579,0.04589639473360396,0.17403314917127077,-0.13967611336032393,-0.28270042194092826,0.5,1.3715977491627036,0,1,0,0,0,SJG세종,236199958890,2362억,19.0억,-2.3%,0.7,26.0,14.2
097955,130100.0,-0.009893455098934578,545639400.0,0.7036617591543979,20.0,-18.0,-0.009893455098934578,0,0,-0.011623490085846733,-0.03253392823944967,-0.04618768328445744,-0.05450581395348841,-0.1496732026143791,0.5,1.3713835833888064,0,1,0,0,0,CJ제일제당 우,172566290000,1726억,5.5억,-0.99%,0.7,26.0,-17.0
036460,37200.0,-0.01195219123505975,3634105200.0,0.31903555516729276,20.0,-20.0,-0.01195219123505975,0,0,-0.00680816980376453,-0.01924597943580275,0.020576131687242816,-0.02617801047120416,-0.21436114044350585,0.0,0.9780293620849654,0,1,0,0,0,한국가스공사,3406349700000,3.41조,36.3억,-1.2%,0.3,26.0,-18.9
016580,10960.0,-0.01704035874439458,188577760.0,0.20885072623148615,20.0,-3.0,-0.01704035874439458,0,0,-0.017304761050838335,-0.027808577637823184,0.07135874877810355,0.03201506591337089,-0.16527037319116522,0.0,0.6339721128976746,0,1,0,0,0,환인제약,201810759500,2018억,1.9억,-1.7%,0.2,26.0,-2.8
383220,74400.0,-0.0461538461538461,3695894400.0,0.43515242511017654,20.0,-5.0,-0.0461538461538461,1,0,-0.06883604505632035,-0.032698433335500265,0.15348837209302335,0.1625000000000001,-0.13588850174216027,0.0,0.7900115666808251,0,0,0,0,0,F&F,2815570012500,2.82조,37.0억,-4.62%,0.4,26.0,-4.7
084690,9810.0,0.03046218487394947,705731400.0,0.8373280227291378,20.0,18.0,0.03046218487394947,0,0,0.04472843450479225,0.04057279236276856,0.09731543624161065,0.035902851108764455,-0.1409807355516638,0.0,0.9124481798221581,0,1,0,0,0,대상홀딩스,353072245500,3531억,7.1억,3.05%,0.8,26.0,17.0
000880,146300.0,0.04128113879003559,13756296400.0,0.3141827999385187,20.0,51.0,0.04128113879003559,1,0,0.07431340872374803,0.0760913537567578,0.20709570957095713,0.600656455142232,0.0,0.0,1.1251413783616737,0,1,0,0,0,한화,10449273595800,10.45조,138억,4.13%,0.3,26.0,48.1
004700,64300.0,0.014195583596214423,211418400.0,1.4642618570474282,20.0,-29.0,0.014195583596214423,0,1,0.036261079774375427,-0.012137041020126027,-0.03742514970059885,-0.027231467473525006,-0.23905325443786984,0.5,1.1287415363063273,0,1,0,0,0,조광피혁,424879918200,4249억,2.1억,1.42%,1.5,26.0,-27.4
012205,13130.0,-0.043699927166788055,1743913470.0,0.1414743512962837,20.0,8.0,-0.043699927166788055,1,0,-0.1567657825444737,0.06011061321706834,0.589588377723971,0.1936363636363636,-0.4241228070175439,0.0,1.3991735118721915,1,1,1,0,0,계양전기우,15303244110,153억,17.4억,-4.37%,0.1,26.0,7.5
017900,13160.0,0.0022848438690021844,44265199720.0,0.381183827391189,20.0,43.0,0.0022848438690021844,1,0,0.10310142497904451,0.1511043078941614,0.24976258309591648,6.183406113537118,-0.25984251968503935,0.0,0.8374048709858823,0,0,1,0,0,광전자,782240800500,7822억,443억,0.23%,0.4,26.0,40.6
011785,60900.0,0.026981450252951067,352245600.0,0.5178318031451299,20.0,16.0,0.026981450252951067,0,0,0.03571428571428581,0.01907630522088355,0.03924914675767921,0.011627906976744207,-0.1657534246575343,0.0,0.7779273313048148,0,1,0,0,0,금호석유화학우,183525600200,1835억,3.5억,2.7%,0.5,26.0,15.1
032640,15320.0,-0.027918781725888353,6054172920.0,0.386249199694133,20.0,-40.0,-0.027918781725888353,0,1,-0.025321287695635575,-0.029458346531517243,-0.05373687461395926,0.06759581881533094,-0.13980909601347558,0.0,1.0547942680662328,1,1,0,0,0,LG유플러스,6666637786050,6.67조,60.5억,-2.79%,0.4,26.0,-37.7
900140,1502.0,-0.037796284433055716,932474644.0,0.6988331655727898,20.0,-23.0,-0.037796284433055716,0,0,-0.06748618613025392,-0.09008299509299089,-0.06475716064757164,0.05034965034965033,-0.2796163069544364,0.0,1.2787236243314744,1,0,0,0,0,엘브이엠씨홀딩스,287928243680,2879억,9.3억,-3.78%,0.7,26.0,-21.7
108675,17400.0,-0.028475711892797295,27039600.0,0.13776840014893882,20.0,-3.0,-0.028475711892797295,0,0,-0.01433184161332346,-0.019552600439510903,0.12840466926070038,0.04693140794223827,-0.127382146439318,0.0,0.525727380318832,0,1,0,0,0,LX하우시스우,18117391500,181억,0.27억,-2.85%,0.1,26.0,-2.8
008775,35800.0,-0.005555555555555536,27673400.0,0.12680342188794383,19.0,-15.0,-0.005555555555555536,0,0,-0.02717391304347827,-0.06970700967972454,0.02285714285714291,0.0,-0.30888030888030893,0.0,0.5232432503225046,1,1,0,0,0,호텔신라우,26766892400,268억,0.28억,-0.56%,0.1,24.7,-14.2
450080,68700.0,0.0029197080291971655,27396048600.0,0.3267041689891073,19.0,0.0,0.0029197080291971655,0,0,0.04169825625473833,-0.07262419006479481,-0.0766129032258065,0.3339805825242719,-0.20486111111111116,0.0,0.5050652027504634,0,1,0,0,0,에코프로머티,4772628472500,4.77조,274억,0.29%,0.3,24.7,0.0
298020,410500.0,-0.029550827423167836,6386559000.0,0.4119453016708965,19.0,-9.0,-0.029550827423167836,0,0,-0.03332155893088429,-0.1207496653279786,-0.0958149779735683,0.7925764192139737,-0.2327102803738318,0.0,0.7431817732984879,0,1,0,0,0,효성티앤씨,1746219687000,1.75조,63.9억,-2.96%,0.4,24.7,-8.5
018880,5070.0,0.003960396039603964,40950537030.0,0.20551858706659354,19.0,39.0,0.003960396039603964,1,0,0.030906872712484823,0.05279551471733379,0.2868020304568528,0.8010657193605684,-0.11518324607329844,0.0,0.7770092649747491,0,1,0,0,0,한온시스템,5377615772480,5.38조,410억,0.4%,0.2,24.7,36.8
010950,109500.0,0.004587155963302836,17663007000.0,0.29502311949647114,19.0,-11.0,0.004587155963302836,0,0,-0.016967411796391052,-0.06093220702371249,-0.08444816053511706,0.3035714285714286,-0.22505307855626322,0.0,0.7425818971463355,0,1,0,0,0,S-Oil,12395365399200,12.40조,177억,0.46%,0.3,24.7,-10.4
006405,308000.0,-0.009646302250803873,1856316000.0,0.2177156295041343,19.0,24.0,-0.009646302250803873,0,0,0.003420752565564511,-0.04562708188085829,0.30232558139534893,0.9781631342324983,-0.14206128133704732,0.0,0.6416348566023486,0,1,0,0,0,삼성SDI우,499120916000,4991억,18.6억,-0.96%,0.2,24.7,22.6
002710,17050.0,-0.004670169293636839,1416002500.0,0.1849541317093893,19.0,17.0,-0.004670169293636839,0,0,0.01918823599736985,-0.06577901975288347,0.12690019828155985,0.30651340996168575,-0.24557522123893805,0.0,0.31987128092224854,0,1,0,0,0,TCC스틸,445632849000,4456억,14.2억,-0.47%,0.2,24.7,16.0
000210,60900.0,0.011627906976744207,2916013800.0,0.2890443312582532,19.0,7.0,0.011627906976744207,0,0,0.03098019299136623,-0.04455600878569188,-0.1030927835051546,0.7474892395982784,-0.20703125,0.0,0.7884041786092325,0,1,0,0,0,DL,1267830982000,1.27조,29.2억,1.16%,0.3,24.7,6.6
010120,285250.0,0.015124555160142439,173097116500.0,0.3891025184780511,19.0,32.0,0.015124555160142439,0,0,0.06208694033324025,0.03253246459436232,0.8099619289340101,1.9963235294117645,-0.10439560439560436,0.0,0.817788510854121,0,1,0,0,0,LS ELECTRIC,42750000000000,42.75조,1731억,1.51%,0.4,24.7,30.2
37550L,50400.0,0.008000000000000007,209311200.0,0.3548965988719877,19.0,2.0,0.008000000000000007,0,0,0.035758323057953234,-0.05378766544635316,-0.11111111111111116,0.6179775280898876,-0.17105263157894735,0.0,0.6399979906998106,0,1,0,0,0,DL이앤씨2우(전환),105597550000,1056억,2.1억,0.8%,0.4,24.7,1.9
009540,448000.0,0.06413301662707838,69907712000.0,0.6637256880650046,19.0,26.0,0.06413301662707838,0,0,0.04844371635853029,0.0016209267229332358,0.1457800511508951,0.0022371364653244186,-0.06569343065693434,0.0,1.0000589805697553,0,1,0,0,0,HD한국조선해양,31494036620000,31.49조,699억,6.41%,0.7,24.7,24.5
090355,12550.0,-0.0015910898965791898,3815200.0,0.2580426109837875,19.0,-25.0,-0.0015910898965791898,0,1,0.025745811197384505,-0.024788250835340753,-0.026377036462373882,-0.01953125,-0.22001243008079552,0.0,1.8514568333221182,0,1,0,0,0,노루페인트우,5789075000,58억,0.04억,-0.16%,0.3,24.7,-23.6
267850,10270.0,-0.0019436345966957758,97000150.0,0.21694913696967189,19.0,-16.0,-0.0019436345966957758,0,0,-0.0013613380007778675,-0.02441341312814671,-0.012499999999999956,-0.07726864330637917,-0.18297533810660305,0.0,1.9535695199773664,0,1,0,0,0,아시아나IDT,113886000000,1139억,0.97억,-0.19%,0.2,24.7,-15.1
000670,55600.0,0.0036101083032491488,541154800.0,0.31137230312492,19.0,-25.0,0.0036101083032491488,0,0,-0.04908500085513934,-0.11500198965380026,-0.060810810810810856,0.23145071982281284,-0.20571428571428574,0.0,0.9079321549070957,0,0,0,0,0,영풍,1001541155200,1.00조,5.4억,0.36%,0.3,24.7,-23.6
092780,5010.0,0.005015045135406293,143606640.0,0.43491916578789647,19.0,14.0,0.005015045135406293,0,0,0.007642799678197809,-0.003877124962719969,0.13863636363636367,0.5415384615384615,-0.40569395017793597,0.0,0.8473731553853207,0,1,0,0,0,DYP,66764092200,668억,1.4억,0.5%,0.4,24.7,13.2
082740,79000.0,0.05614973262032086,44760452000.0,0.4029137123805754,19.0,25.0,0.05614973262032086,0,0,0.07717480229070084,0.0050890585241729624,0.7362637362637363,0.5895372233400402,-0.11731843575418999,0.0,0.5056379878199156,0,1,0,0,0,한화엔진,6542255932800,6.54조,448억,5.61%,0.4,24.7,23.6
092790,17780.0,0.0039525691699604515,2581940480.0,0.10931176405231573,19.0,3.0,0.0039525691699604515,0,0,-0.02076334196177787,-0.055084633167698516,0.05644682115270361,0.7346341463414634,-0.1862700228832952,0.0,0.4330558095006778,0,1,0,0,0,넥스틸,461535500000,4615억,25.8억,0.4%,0.1,24.7,2.8
095720,1707.0,0.004708652148322612,74770014.0,0.775411719512044,19.0,48.0,0.004708652148322612,1,0,0.07894570507553267,0.2477614122290852,0.582020389249305,0.4026294165981923,-0.28874999999999995,0.5,1.264063116604149,0,0,1,0,0,웅진씽크빅,97003834095,970억,0.75억,0.47%,0.8,24.7,45.3
007590,6020.0,0.0033333333333334103,5845420.0,0.09369059909879486,19.0,24.0,0.0033333333333334103,0,0,0.004337671004337684,-0.0004980906524987283,0.01861252115059231,0.015177065767284947,-0.051968503937007915,0.0,1.1760617905735549,0,1,0,0,0,동방아그로,81705462000,817억,0.06억,0.33%,0.1,24.7,22.6
001120,44350.0,-0.03376906318082784,3373660150.0,0.4578331454007989,19.0,-11.0,-0.03376906318082784,0,0,-0.014334926102900325,-0.08485942739231367,-0.055378061767838105,0.3837753510140405,-0.2178130511463845,0.0,0.7852105830862538,0,1,0,0,0,LX인터내셔널,1717068000000,1.72조,33.7억,-3.38%,0.5,24.7,-10.4
120110,77300.0,-0.005148005148005175,7122499300.0,0.21508684556528254,19.0,-9.0,-0.005148005148005175,0,0,-0.028650414677054536,-0.10769941128939164,-0.14111111111111108,0.8830694275274056,-0.23389494549058476,0.0,0.7913415666898126,0,1,0,0,0,코오롱인더,2290871448000,2.29조,71.2억,-0.51%,0.2,24.7,-8.5
057050,83200.0,-0.020023557126030656,217401600.0,0.12158691160868837,19.0,3.0,-0.020023557126030656,0,0,-0.012580109185853283,-0.023015500234851993,0.10344827586206895,0.5847619047619048,-0.11677282377919318,0.0,0.46064499170349443,0,1,0,0,0,현대홈쇼핑,985200000000,9852억,2.2억,-2.0%,0.1,24.7,2.8
137310,8360.0,0.004807692307692291,526429200.0,0.44633664783953425,19.0,-4.0,0.004807692307692291,0,0,0.033119130004943154,0.023381074794956547,0.05956907477820028,-0.04018369690011481,-0.3073736536868269,0.0,0.9510330903826079,1,1,0,0,1,에스디바이오센서,1015499947820,1.02조,5.3억,0.48%,0.4,24.7,-3.8
047050,68800.0,-0.02133712660028453,19421827200.0,0.403758913761027,19.0,-11.0,-0.02133712660028453,0,0,-0.029756028768861964,-0.10288173164689007,-0.06901217861975639,0.41273100616016434,-0.21191294387170678,0.0,0.7313098318409981,0,1,0,0,0,포스코인터내셔널,12015526420400,12.02조,194억,-2.13%,0.4,24.7,-10.4
005490,447250.0,-0.0005586592178771221,82662534000.0,0.2833776653954403,19.0,9.0,-0.0005586592178771221,0,0,-0.0230983454376672,-0.04721327190903524,0.21866485013623982,0.47121710526315796,-0.16401869158878501,0.0,0.9426455954380567,0,1,0,0,0,POSCO홀딩스,35024754934000,35.02조,827억,-0.06%,0.3,24.7,8.5
161000,14590.0,-0.04202232435981612,4335593580.0,0.3967154118080781,19.0,22.0,-0.04202232435981612,0,0,0.03740045506257106,-0.017872168557100054,0.16720000000000002,0.6789413118527043,-0.2361256544502618,0.0,0.37507632444137995,0,1,0,0,0,애경케미칼,714649535210,7146억,43.4억,-4.2%,0.4,24.7,20.8
042660,135800.0,0.1112929623567922,386634686200.0,1.785605751891659,19.0,5.0,0.1112929623567922,0,1,0.13668703440194196,0.08172693962083799,0.09959514170040484,0.01041666666666674,-0.0940627084723149,0.0,0.939058970402972,1,1,0,1,1,한화오션,41273884171800,41.27조,3866억,11.13%,1.8,24.7,4.7
005740,6770.0,-0.004411764705882337,65574220.0,0.2441954420716527,19.0,-10.0,-0.004411764705882337,0,0,-0.009799619716249763,-0.03478756772169944,0.018045112781954975,0.07290015847860531,-0.3077709611451943,0.0,1.0824339841473476,0,1,0,0,0,크라운해태홀딩스,98437910610,984억,0.66억,-0.44%,0.2,24.7,-9.4
027410,4645.0,0.008686210640608039,557883080.0,0.4565141949900661,19.0,-15.0,0.008686210640608039,0,0,-0.027734170591313445,-0.0625630676084763,-0.09454191033138404,0.23046357615894042,-0.12358490566037739,0.0,0.9019155423968072,0,1,0,0,0,BGF,446040246060,4460억,5.6억,0.87%,0.5,24.7,-14.2
090080,1000.0,-0.00990099009900991,425724000.0,1.6680125205551266,19.0,16.0,-0.00990099009900991,0,0,0.02912421529278575,0.010917913465426476,0.05596620908130934,0.04058272632674287,-0.4444444444444444,0.0,0.7802343922177634,1,1,0,0,1,평화산업,54627747705,546억,4.3억,-0.99%,1.7,24.7,15.1
032560,6030.0,-0.008223684210526327,357518700.0,1.1270352547804905,19.0,24.0,-0.008223684210526327,0,0,0.012594458438287104,-0.013900245298446468,0.008361204013378032,0.039655172413793016,-0.07515337423312884,0.0,1.117411649770629,0,1,0,0,0,황금에스티,103020000000,1030억,3.6억,-0.82%,1.1,24.7,22.6
005880,2520.0,-0.023255813953488413,6749454600.0,0.23153073118986076,19.0,17.0,-0.023255813953488413,0,0,0.013676588897827857,-0.014373716632443578,0.05882352941176472,0.4318181818181819,-0.18446601941747576,0.0,0.32760929133502936,0,1,0,0,0,대한해운,810095823400,8101억,67.5억,-2.33%,0.2,24.7,16.0
026960,25150.0,-0.03824091778202676,2049448350.0,0.8136398423821798,19.0,-38.0,-0.03824091778202676,0,1,-0.003368337626312612,-0.01700214969708813,-0.08378870673952643,0.010040160642570184,-0.20662460567823349,0.5,1.201082670284385,1,1,0,0,0,동서,2492500000000,2.49조,20.5억,-3.82%,0.8,24.7,-35.8
003350,9410.0,-0.022845275181723745,421069270.0,0.16286545956161685,19.0,-28.0,-0.022845275181723745,0,0,-0.014246804944479385,-0.03945286581942531,0.05257270693512295,-0.04757085020242913,-0.32689556509299,0.0,0.9197584892506119,1,1,0,0,0,한국화장품제조,214590200000,2146억,4.2억,-2.28%,0.2,24.7,-26.4
001465,30450.0,-0.008143322475570036,6485850.0,0.14273269449842527,18.0,-1.0,-0.008143322475570036,0,0,-0.021057707764025047,-0.0590961761297798,-0.006525285481239762,0.3096774193548386,-0.10964912280701755,0.0,0.48302113593108287,0,1,0,0,0,BYC우,64938577500,649억,0.06억,-0.81%,0.1,23.4,-0.9
010130,1452000.0,0.01538461538461533,12867624000.0,0.21240490674029655,18.0,-20.0,0.01538461538461533,0,1,0.011353346799470643,-0.047056507186454044,-0.04849279161205766,0.2714535901926445,-0.31347517730496455,0.0,0.6507198817046845,0,1,0,0,0,고려아연,30140567236000,30.14조,129억,1.54%,0.2,23.4,-18.9
010140,30550.0,0.035593220338983045,97588920000.0,0.3978214741139974,18.0,18.0,0.035593220338983045,0,0,0.029833136693072637,-0.025362896793747036,0.08525754884547077,0.06631762652705064,-0.11191860465116277,0.0,0.8390953501976816,0,1,0,0,0,삼성중공업,26796000000000,26.80조,976억,3.56%,0.4,23.4,17.0
018670,251500.0,-0.03269230769230769,2062803000.0,0.2690177016402798,18.0,2.0,-0.03269230769230769,0,0,-0.031388407471596325,-0.0465358733769311,0.05672268907563027,0.1380090497737556,-0.15033783783783783,0.0,0.966755940009289,0,1,0,0,0,SK가스,2314311000000,2.31조,20.6억,-3.27%,0.3,23.4,1.9
105840,22150.0,0.002262443438914019,4930434950.0,0.27741564370585364,18.0,-14.0,0.002262443438914019,0,1,0.003966005665722472,-0.11226892440258507,-0.04935622317596566,0.21303395399780944,-0.29006410256410253,0.0,0.5113708776332776,0,1,0,0,0,우진,446368507000,4464억,49.3억,0.23%,0.3,23.4,-13.2
009160,5650.0,-0.007029876977152849,444378150.0,0.23315422830118399,18.0,-8.0,-0.007029876977152849,0,0,-0.0494616419919246,-0.0655751261060118,0.06203007518796988,0.15188583078491336,-0.1541916167664671,0.0,0.811490713657363,0,0,0,0,0,SIMPAC,372614517600,3726억,4.4억,-0.7%,0.2,23.4,-7.5
028100,16080.0,-0.006180469715698411,613291200.0,0.7208371841612378,18.0,-44.0,-0.006180469715698411,0,1,0.005502751375687787,-0.051075506771709356,-0.12131147540983611,-0.0266343825665859,-0.1345532831001076,0.5,1.1590235166539427,0,1,0,0,0,동아지질,209947391360,2099억,6.1억,-0.62%,0.7,23.4,-41.5
017800,84100.0,-0.0023724792408066353,12925076700.0,0.6946391424074198,18.0,-45.0,-0.0023724792408066353,0,0,-0.034997131382673574,-0.09257660768234788,-0.05611672278338942,-0.031105990783410142,-0.24709042076991938,0.5,1.0146108197632184,0,0,0,0,0,현대엘리베이터,3295488055500,3.30조,129억,-0.24%,0.7,23.4,-42.5
007980,1920.0,-0.007751937984496138,425969280.0,0.5366298184518429,18.0,2.0,-0.007751937984496138,0,0,-0.018053495627269434,-0.06176700547302583,0.05147864184008766,0.05090311986863716,-0.13707865168539324,0.0,0.7785419434881722,0,1,0,0,0,TP,89761527900,898억,4.3억,-0.78%,0.5,23.4,1.9
194370,12430.0,0.01885245901639343,563613490.0,0.3273419663402969,18.0,-5.0,0.01885245901639343,0,0,-0.021028589430574174,-0.0909423337111932,0.017184942716857554,0.05787234042553191,-0.19128171763175017,0.0,0.678263794645708,0,1,0,0,0,제이에스코퍼레이션,345879755360,3459억,5.6억,1.89%,0.3,23.4,-4.7
081660,39200.0,0.007712082262210762,2190456800.0,0.32943172599845305,18.0,-29.0,0.007712082262210762,0,1,0.010960670535138606,-0.003748649850689345,-0.04390243902439028,-0.07218934911242603,-0.2767527675276753,0.0,1.0508089830415033,0,1,0,0,0,미스토홀딩스,2089163904000,2.09조,21.9억,0.77%,0.3,23.4,-27.4
227840,12680.0,-0.022359290670778686,153453360.0,0.39982555949808707,18.0,0.0,-0.022359290670778686,0,0,-0.013536642290337686,-0.046544852996465935,0.0410509031198687,0.07457627118644061,-0.1297185998627316,0.0,0.7081207515177207,0,1,0,0,0,현대코퍼레이션홀딩스,115580617200,1156억,1.5억,-2.24%,0.4,23.4,0.0
023800,7200.0,-0.0027700831024930483,511624800.0,0.673586843543367,18.0,-8.0,-0.0027700831024930483,0,0,-0.04127829560585883,-0.07662712407823025,0.05263157894736836,0.09256449165402114,-0.14183551847437426,0.0,0.9274631792447229,0,0,0,0,0,인지컨트롤스,111771022790,1118억,5.1억,-0.28%,0.7,23.4,-7.5
016450,4335.0,-0.004592422502870286,38525145.0,0.24990931050676443,18.0,-14.0,-0.004592422502870286,0,1,0.002196277886949538,-0.024472573839662393,0.008139534883720989,0.08782936010037634,-0.13126252505010017,0.0,0.6370389925816415,0,1,0,0,0,한세예스24홀딩스,175800000000,1758억,0.39억,-0.46%,0.2,23.4,-13.2
001420,2945.0,-0.008417508417508435,21901965.0,0.6556235343900418,18.0,-18.0,-0.008417508417508435,0,0,-0.0028779414254274105,-0.02337920742828714,0.001700680272108901,-0.07824726134585291,-0.28950542822677927,0.5,1.2194709455006996,0,1,0,0,0,태원물산,22040000000,220억,0.22억,-0.84%,0.7,23.4,-17.0
005010,5600.0,-0.003558718861209953,1499708000.0,0.06514606713748539,18.0,-1.0,-0.003558718861209953,0,0,-0.016163035839775075,-0.06479625918503673,-0.03114186851211076,0.4035087719298245,-0.2134831460674157,0.0,0.3178158393440466,0,1,0,0,0,휴스틸,320272027500,3203억,15.0억,-0.36%,0.1,23.4,-0.9
003475,4420.0,-0.01118568232662187,118279200.0,0.13864749780384125,18.0,-5.0,-0.01118568232662187,0,0,-0.006406653928290429,-0.034407427635172017,0.04988123515439424,0.17553191489361697,-0.15809523809523807,0.0,0.6182666327752941,0,1,0,0,0,유안타증권우,57265660220,573억,1.2억,-1.12%,0.1,23.4,-4.7
003530,6770.0,-0.02026049204052094,9894795050.0,0.22585702710021624,18.0,-1.0,-0.02026049204052094,0,0,-0.02449567723342938,-0.10461579156196266,-0.02449567723342938,0.43432203389830515,-0.2918410041841004,0.0,0.5229229196737967,0,1,0,0,0,한화투자증권,1437470092500,1.44조,98.9억,-2.03%,0.2,23.4,-0.9
004365,9400.0,-0.010526315789473717,6890200.0,0.11866794022891743,18.0,-15.0,-0.010526315789473717,0,0,-0.035006672826198515,-0.060328884890288426,0.011840688912809538,0.057367829021372385,-0.1607142857142857,0.0,0.5997033618984839,0,0,0,0,0,세방우,34752735000,348억,0.07억,-1.05%,0.1,23.4,-14.2
003480,5500.0,-0.012567324955116699,160127000.0,0.20227748018147584,18.0,2.0,-0.012567324955116699,0,0,-0.024476764810216434,-0.07329401853411965,0.14583333333333326,0.16402116402116396,-0.15902140672782872,0.0,0.7196880913982483,0,1,0,0,0,한진중공업홀딩스,160642177280,1606억,1.6억,-1.26%,0.2,23.4,1.9
011810,3530.0,0.0,0.0,,17.0,24.0,0.0,0,0,0.0,0.0,0.0,0.0,-0.040760869565217406,0.0,,0,1,0,0,0,STX,109493282310,1095억,0.00억,0.0%,,22.1,22.6
000100,85900.0,-0.027180067950169917,13437337000.0,0.545001182815966,17.0,-44.0,-0.027180067950169917,0,1,0.011361629481368096,-0.020664101467863794,-0.08422174840085284,-0.2418358340688438,-0.36745213549337263,0.5,1.2321716814946775,1,1,0,0,1,유한양행,6833764165800,6.83조,134억,-2.72%,0.5,22.1,-41.5
089590,5100.0,0.0019646365422396617,1682388000.0,1.0174911754509126,17.0,-39.0,0.0019646365422396617,0,1,0.021021021021021102,-0.010861132660977546,-0.0248565965583174,-0.037735849056603765,-0.30422919508867663,0.5,1.015859658058953,0,1,0,0,0,제주항공,408849793950,4088억,16.8억,0.2%,1.0,22.1,-36.8
373220,401500.0,0.007528230865746499,53801803000.0,0.3211803922297077,17.0,-10.0,0.007528230865746499,0,0,-0.030310348991667624,-0.09495632572555646,-0.04631828978622332,0.10606060606060597,-0.2188715953307393,0.0,0.8438341824729716,0,0,0,0,0,LG에너지솔루션,93483000000000,93.48조,538억,0.75%,0.3,22.1,-9.4
339770,4160.0,-0.005973715651135025,216419840.0,0.4226291490957065,17.0,-12.0,-0.005973715651135025,0,0,0.003013863773357439,-0.02752615276722581,-0.0012004801920768582,-0.018867924528301883,-0.314662273476112,0.5,1.3706275643416637,0,1,0,0,0,교촌에프앤비,207105256600,2071억,2.2억,-0.6%,0.4,22.1,-11.3
009180,3010.0,-0.016339869281045805,234987690.0,0.36114089046632736,17.0,0.0,-0.016339869281045805,0,0,-0.011494252873563204,-0.05316137150047184,-0.008237232289950547,0.1066176470588236,-0.13005780346820806,0.0,0.8287990182926503,0,1,0,0,0,한솔로지스틱스,83763579375,838억,2.3억,-1.63%,0.4,22.1,0.0
062040,275000.0,-0.026548672566371723,52690000000.0,0.2983686352274473,17.0,11.0,-0.026548672566371723,0,0,-0.0010897203051216664,-0.008294266137756967,0.9298245614035088,1.0340236686390534,-0.17541229385307344,0.0,0.571729472420526,0,1,0,0,0,산일전기,8388742900000,8.39조,527억,-2.65%,0.3,22.1,10.4
002410,1935.0,0.0,0.0,,17.0,28.0,0.0,0,0,0.0,0.0,0.0,0.0,0.0,0.0,,0,1,0,0,0,범양건영,53173451700,532억,0.00억,0.0%,,22.1,26.4
003925,36650.0,-0.0027210884353741083,107018000.0,0.43445592578540554,17.0,-9.0,-0.0027210884353741083,0,1,0.013550884955752185,-0.008051965626903024,-0.04928664072632949,0.1106060606060606,-0.2292323869610936,0.0,0.7829592069279854,0,1,0,0,0,남양유업우,73000000000,730억,1.1억,-0.27%,0.4,22.1,-8.5
004770,1650.0,-0.016686531585220488,171723750.0,0.31432954632800725,17.0,-5.0,-0.016686531585220488,0,0,-0.026433797498229827,-0.055334497466578925,-0.04953917050691248,0.06109324758842449,-0.12,0.0,0.5657171415013028,0,1,0,0,0,써니전자,58374228072,584억,1.7억,-1.67%,0.3,22.1,-4.7
009440,756.0,0.0,0.0,,17.0,28.0,0.0,0,0,0.0,0.0,0.0,0.0,0.0,0.0,,0,1,0,0,0,KC그린홀딩스,17568790596,176억,0.00억,0.0%,,22.1,26.4
298000,38900.0,0.0,0.0,,17.0,28.0,0.0,0,0,0.0,0.0,0.0,0.0,0.0,0.0,,0,1,0,0,0,효성화학,147501447900,1475억,0.00억,0.0%,,22.1,26.4
047810,168900.0,0.002969121140142583,47484714900.0,0.3443866426378399,17.0,-16.0,0.002969121140142583,0,1,0.023946650500151545,0.005177646848776973,-0.15507753876938468,0.1275033377837116,-0.1638613861386139,0.0,0.7444836213041364,1,1,0,0,1,한국항공우주,16561020679300,16.56조,475억,0.3%,0.3,22.1,-15.1
003850,9500.0,-0.015544041450777257,693832500.0,0.470804603036008,17.0,0.0,-0.015544041450777257,0,0,-0.004505920570051392,-0.021223985163816184,-0.018595041322314043,0.0783200908059023,-0.11048689138576784,0.0,0.8966645704752064,0,1,0,0,0,보령,808973362010,8090억,6.9억,-1.55%,0.5,22.1,0.0
051915,168500.0,-0.00707130229817321,2659098500.0,0.33735259128304507,17.0,0.0,-0.00707130229817321,0,0,-0.02971323275365656,-0.07524285165468414,-0.011150234741784004,0.11074489123269604,-0.18990384615384615,0.0,0.868551532337734,0,1,0,0,0,LG화학우,1285567360000,1.29조,26.6억,-0.71%,0.3,22.1,0.0
272450,6190.0,-0.004823151125401881,1196316540.0,1.026455667159537,17.0,-39.0,-0.004823151125401881,0,1,0.009623226227368997,-0.010470785708576402,-0.046224961479198745,-0.07473841554559046,-0.364476386036961,0.5,1.072731572044945,0,1,0,0,0,진에어,324162000000,3242억,12.0억,-0.48%,1.0,22.1,-36.8
005030,486.0,0.0,0.0,,17.0,28.0,0.0,0,0,0.0,0.0,0.0,0.0,0.0,0.0,,0,1,0,0,0,부산주공,45092532168,451억,0.00억,0.0%,,22.1,26.4
229640,82000.0,-0.026128266033254133,9460340000.0,0.21911209367901396,17.0,16.0,-0.026128266033254133,1,0,-0.03301886792452835,-0.020895522388059695,0.8700114025085519,1.3262411347517729,-0.12205567451820132,0.0,0.751916509769198,0,1,0,0,0,LS에코에너지,2489802662700,2.49조,94.6억,-2.61%,0.2,22.1,15.1
000300,4200.0,0.0,0.0,,17.0,28.0,0.0,0,0,0.0,0.0,0.0,0.0,0.0,0.0,,0,1,0,0,0,DH오토넥스,174035631000,1740억,0.00억,0.0%,,22.1,26.4
140910,3130.0,0.0,0.0,,17.0,28.0,0.0,0,0,0.0,0.0,0.0,0.0,0.0,0.0,,0,1,0,0,0,에이리츠,13969290160,140억,0.00억,0.0%,,22.1,26.4
005180,73000.0,-0.004092769440654842,804241000.0,0.273032213935126,17.0,-45.0,-0.004092769440654842,0,1,-0.0031407892940051862,-0.008960086885691054,0.009681881051175623,-0.013513513513513487,-0.24273858921161828,0.0,1.032171737585561,1,1,0,0,0,빙그레,671077844400,6711억,8.0억,-0.41%,0.3,22.1,-42.5
204210,2035.0,0.0,0.0,,17.0,28.0,0.0,0,0,0.0,0.0,0.0,0.0,0.0,0.0,,0,1,0,0,0,JK리버스톤리츠,15927568525,159억,0.00억,0.0%,,22.1,26.4
074610,5110.0,0.0,0.0,,17.0,28.0,0.0,0,0,0.0,0.0,0.0,0.0,0.0,0.0,,0,1,0,0,0,이엔플러스,44815400070,448억,0.00억,0.0%,,22.1,26.4
001470,347.0,0.0,0.0,,17.0,28.0,0.0,0,0,0.0,0.0,0.0,0.0,0.0,0.0,,0,1,0,0,0,삼부토건,79699592928,797억,0.00억,0.0%,,22.1,26.4
025890,1953.0,0.0030816640986133237,21949767.0,0.18346137867822598,17.0,-15.0,0.0030816640986133237,0,0,-0.035126722987994574,-0.06590778649320839,-0.0025536261491317935,0.12241379310344835,-0.13006681514476615,0.0,0.5324958615910896,0,0,0,0,0,한국주강,21899170440,219억,0.22억,0.31%,0.2,22.1,-14.2
006380,3660.0,0.0,0.0,,17.0,28.0,0.0,0,0,0.0,0.0,0.0,0.0,0.0,0.0,,0,1,0,0,0,카프로,618539985360,6185억,0.00억,0.0%,,22.1,26.4
002787,8000.0,-0.0024937655860348684,960000.0,0.08539709649871904,17.0,-20.0,-0.0024937655860348684,0,0,-0.013076733283987174,-0.03223855319663704,0.007556675062972307,-0.00990099009900991,-0.2110453648915187,0.5,0.7264200561009818,0,1,0,0,0,진흥기업2우B,2358464000,24억,0.01억,-0.25%,0.1,22.1,-18.9
119650,918.0,0.0,0.0,,17.0,28.0,0.0,0,0,0.0,0.0,0.0,0.0,0.0,0.0,,0,1,0,0,0,KC코트렐,100782913662,1008억,0.00억,0.0%,,22.1,26.4
001570,9900.0,0.0,0.0,,17.0,28.0,0.0,0,0,0.0,0.0,0.0,0.0,0.0,0.0,,0,1,0,0,0,금양,633275240400,6333억,0.00억,0.0%,,22.1,26.4
005110,1254.0,0.0,0.0,,17.0,28.0,0.0,0,0,0.0,0.0,0.0,0.0,0.0,0.0,,0,1,0,0,0,한창,26467434378,265억,0.00억,0.0%,,22.1,26.4
001200,5210.0,-0.027985074626865725,4150296420.0,0.17789587449649522,16.0,-2.0,-0.027985074626865725,0,0,-0.065722227203443,-0.09442489027940726,0.09799789251844038,0.5189504373177842,-0.18593749999999998,0.0,0.7384905676452725,0,0,0,0,0,유진투자증권,499830716880,4998억,41.5억,-2.8%,0.2,20.8,-1.9
044380,1828.0,-0.032804232804232836,154352664.0,0.15297656435558002,16.0,31.0,-0.032804232804232836,1,0,0.4656831302116742,1.1798235153827807,4.008219178082192,3.192660550458716,-0.032804232804232836,0.0,0.5169036714085823,0,0,1,0,0,주연테크,24141903552,241억,1.5억,-3.28%,0.2,20.8,29.2
044450,10560.0,-0.037374658158614404,451144320.0,0.21225027169694147,16.0,-20.0,-0.037374658158614404,0,0,-0.04503526858383067,-0.10447761194029848,-0.0777292576419214,0.21100917431192667,-0.22580645161290325,0.0,0.1567000886994256,0,1,0,0,0,KSS해운,246326339600,2463억,4.5억,-3.74%,0.2,20.8,-18.9
001510,3910.0,0.01558441558441559,26891928210.0,0.22905621680705146,16.0,-15.0,0.01558441558441559,0,0,-0.04947125319071355,-0.1503694046066928,0.04825737265415553,2.0286599535243997,-0.30673758865248224,0.0,0.4341463204223017,0,0,0,0,0,SK증권,922867389150,9229억,269억,1.56%,0.2,20.8,-14.2
047040,30200.0,0.05779334500875666,397159535600.0,0.7180460398666807,16.0,26.0,0.05779334500875666,0,0,0.03994490358126712,-0.03813997929771473,0.29336188436830835,7.0106100795755975,-0.18707940780619114,0.0,0.4046201021082347,0,1,0,0,0,대우건설,12101229939100,12.10조,3972억,5.78%,0.7,20.8,24.5
004430,11980.0,0.0,1313547100.0,0.1118721279487787,16.0,6.0,0.0,0,0,-0.004983388704318914,-0.07228869013048356,0.30359085963003274,0.3865740740740742,-0.2441640378548896,0.0,0.34335019247166365,0,1,0,0,0,송원산업,279840000000,2798억,13.1억,0.0%,0.1,20.8,5.7
001290,1122.0,-0.003552397868561319,316318728.0,0.06894398857275472,16.0,1.0,-0.003552397868561319,0,0,-0.025957114332841424,-0.10189706235491869,0.03125,0.7476635514018692,-0.27984595635430043,0.0,0.20149387371689456,0,1,0,0,0,상상인증권,121229237280,1212억,3.2억,-0.36%,0.1,20.8,0.9
011170,83900.0,0.012062726176115701,10884095300.0,0.3287337502931571,16.0,-11.0,0.012062726176115701,0,0,-0.009211147850732182,-0.1054960285729516,-0.13236814891416748,0.25411061285500747,-0.2889830508474577,0.0,0.9383686550340108,0,1,0,0,0,롯데케미칼,3571747486500,3.57조,109억,1.21%,0.3,20.8,-10.4
460860,12050.0,-0.02270884022708841,2475082050.0,0.202163702097389,16.0,6.0,-0.02270884022708841,0,0,-0.039457951375049816,-0.10816711690041814,0.1756097560975609,0.5253164556962024,-0.2611894543225015,0.0,0.4847281213136357,0,1,0,0,0,동국제강,593807963490,5938억,24.8억,-2.27%,0.2,20.8,5.7
000540,3915.0,-0.018796992481203034,248986170.0,0.41625132946085247,16.0,-48.0,-0.018796992481203034,0,1,-0.02124999999999999,-0.06891016112729653,-0.06785714285714284,0.14977973568281944,-0.40591805766312594,0.5,1.2506405229305637,1,1,0,0,0,흥국화재,251509955175,2515억,2.5억,-1.88%,0.4,20.8,-45.3
0120G0,65100.0,0.030063291139240444,1453357500.0,0.5636067804483357,16.0,-29.0,0.030063291139240444,0,1,0.015283842794759916,-0.0653937262220946,-0.13430851063829785,0.24,,0.0,0.5151552203188309,0,1,0,0,0,삼양바이오팜,485562311000,4856억,14.5억,3.01%,0.6,20.8,-27.4
456040,125100.0,0.017073170731707332,2384656200.0,0.10691078204939813,16.0,26.0,0.017073170731707332,0,0,0.007165284598663613,-0.05445750349571066,0.35978260869565215,1.2828467153284673,-0.16600000000000004,0.0,0.4019741538102044,0,1,0,0,0,OCI,1122642873000,1.12조,23.8억,1.71%,0.1,20.8,24.5
093370,13150.0,0.018590240123934842,18877666600.0,0.5623198162128554,16.0,30.0,0.018590240123934842,0,0,0.0646911181280867,0.012980010014250976,0.16992882562277578,0.8063186813186813,-0.06935598018400568,0.0,0.3973194380080035,0,1,0,0,0,후성,1383593757000,1.38조,189억,1.86%,0.6,20.8,28.3
38380K,8320.0,-0.01654846335697402,21440640.0,0.4572513462920411,16.0,-4.0,-0.01654846335697402,0,0,0.008362622712398515,-0.020946104965874346,0.019607843137254832,-0.03143189755529685,-0.12421052631578944,0.0,1.163965512132974,0,1,0,0,0,LX홀딩스1우,12044642700,120억,0.21억,-1.65%,0.5,20.8,-3.8
002900,7590.0,-0.059479553903345694,3615655890.0,0.8445252146189052,16.0,-6.0,-0.059479553903345694,1,0,-0.08277945619335347,-0.07269395235186316,0.07203389830508478,0.19527559055118116,-0.16958424507658643,0.0,1.3372670776925195,0,0,0,0,0,TYM,313398000000,3134억,36.2억,-5.95%,0.8,20.8,-5.7
009900,10790.0,-0.019981834695731115,1445784470.0,0.12820917635270618,16.0,-3.0,-0.019981834695731115,0,0,-0.027752748242926617,-0.1096257787679994,0.12278876170655573,0.2219705549263873,-0.26598639455782314,0.0,0.44253479526914397,0,1,0,0,0,명신산업,568251540390,5683억,14.5억,-2.0%,0.1,20.8,-2.8
195870,101200.0,0.21197604790419167,50111001600.0,1.3859849449131947,16.0,38.0,0.21197604790419167,1,0,0.1812769931131084,0.2142300077989081,0.9058380414312617,1.1350210970464136,0.0,0.0,0.806580952074698,0,1,0,0,0,해성디에스,1740800000000,1.74조,501억,21.2%,1.4,20.8,35.8
001720,185100.0,0.0,1364742300.0,0.3574345959651049,16.0,-20.0,0.0,0,1,0.014580135935101879,-0.039140365448504966,-0.09486552567237161,0.43155452436194897,-0.2741176470588236,0.0,0.8755151495169957,0,1,0,0,0,신영증권,2973996000000,2.97조,13.6억,0.0%,0.4,20.8,-18.9
020150,58600.0,-0.024958402662229595,7828725600.0,0.29610656964010007,16.0,0.0,-0.024958402662229595,0,0,-0.04839233517375774,-0.11959134615384615,0.31390134529147984,1.0382608695652173,-0.25350318471337585,0.0,0.5886158821893357,0,0,0,0,0,롯데에너지머티리얼즈,3042433400300,3.04조,78.3억,-2.5%,0.3,20.8,0.0
066970,159400.0,0.003146633102580232,33676756800.0,0.3237772665822405,16.0,-11.0,0.003146633102580232,0,0,-0.013552818862553329,-0.12588083682926166,-0.1294374658656472,0.48003714020427113,-0.25164319248826295,0.0,0.7666570066672381,0,1,0,0,0,엘앤에프,6375784751200,6.38조,337억,0.31%,0.3,20.8,-10.4
005070,55900.0,0.023809523809523725,16175056300.0,1.0586844969678122,16.0,15.0,0.023809523809523725,0,0,0.056111845834120544,-0.028923825241031875,0.025688073394495303,0.34052757793765,-0.14656488549618318,0.0,0.6935067482610807,0,1,0,0,0,코스모신소재,1886587632800,1.89조,162억,2.38%,1.1,20.8,14.2
009155,522000.0,0.14977973568281944,30592332000.0,0.8033666664382012,16.0,42.0,0.14977973568281944,1,0,0.262699564586357,0.3570778629923308,1.71875,3.317617866004963,0.0,0.0,0.8681009591256994,0,0,1,0,0,삼성전기우,1531980568000,1.53조,306억,14.98%,0.8,20.8,39.6
336260,99600.0,0.014256619144602745,43648305600.0,0.30784321769344763,16.0,47.0,0.014256619144602745,1,0,0.12212708427219465,0.27774214239897366,1.7666666666666666,2.202572347266881,0.0,0.0,0.595596317702524,0,0,0,0,0,두산퓨얼셀,6536273854800,6.54조,436억,1.43%,0.3,20.8,44.3
375500,83500.0,0.015815085158150888,26371220500.0,0.3363665357137361,16.0,4.0,0.015815085158150888,0,0,0.026555200393410416,-0.0629033163122159,-0.11452810180275719,1.0316301703163018,-0.18536585365853664,0.0,0.44543753204340725,0,1,0,0,0,DL이앤씨,3169007723700,3.17조,264억,1.58%,0.3,20.8,3.8
079550,916000.0,-0.009729729729729741,100815876000.0,0.369576408036048,16.0,17.0,-0.009729729729729741,0,0,0.052268811028144846,0.016140662266348693,0.03269447576099216,0.6900369003690037,-0.10196078431372546,0.0,0.640240633007672,0,1,0,0,0,LIG디펜스앤에어로스페이스,20086000000000,20.09조,1008억,-0.97%,0.4,20.8,16.0
069460,2660.0,0.0,0.0,,16.0,46.0,0.0,1,0,1.2727272727272725,2.125,4.0,0.8497913769123784,0.0,0.0,,0,1,1,0,0,대호에이엘,46322277400,463억,0.00억,0.0%,,20.8,43.4
079900,62700.0,0.017857142857142794,2815041900.0,0.32966613382989707,16.0,0.0,0.017857142857142794,0,0,0.047794117647058876,-0.0023072639032540865,-0.07794117647058818,0.3144654088050314,-0.14109589041095894,0.0,0.4210651225478532,0,1,0,0,0,전진건설로봇,897441517500,8974억,28.2억,1.79%,0.3,20.8,0.0
017550,2845.0,-0.02065404475043031,3621403345.0,0.24127185441687832,15.0,17.0,-0.02065404475043031,0,0,0.006189213085764811,-0.06896833837846683,-0.03395585738539897,0.713855421686747,-0.2629533678756477,0.0,0.2828996793769282,0,1,0,0,0,수산세보틱스,179085503100,1791억,36.2억,-2.07%,0.2,19.5,16.0
316140,31200.0,-0.011093502377179099,19126255200.0,0.2502624757234833,15.0,-24.0,-0.011093502377179099,0,1,0.0061270557884554044,-0.029775324574360607,-0.05740181268882172,0.1428571428571428,-0.23529411764705888,0.0,0.9610243218155673,0,1,0,0,0,우리금융지주,22719662104000,22.72조,191억,-1.11%,0.3,19.5,-22.6
000080,16530.0,-0.023626698168930926,1532909550.0,0.5904585564757516,15.0,-43.0,-0.023626698168930926,0,1,-0.008755097145598412,-0.019253018481711126,-0.024203069657615095,-0.062393647192285906,-0.24863636363636366,0.5,1.28987739635106,1,1,0,0,0,하이트진로,1158607253720,1.16조,15.3억,-2.36%,0.6,19.5,-40.6
036530,54900.0,0.009191176470588314,325447200.0,0.33055362714019254,15.0,-32.0,0.009191176470588314,0,1,0.031373285741123524,-0.04113177888394026,-0.07885906040268453,0.03195488721804507,-0.37755102040816324,0.5,1.23833391944726,0,1,0,0,0,SNT홀딩스,877149066800,8771억,3.3억,0.92%,0.3,19.5,-30.2
023350,4995.0,-0.018664047151277008,92277630.0,0.15217306246846718,15.0,-5.0,-0.018664047151277008,0,0,-0.002097692538208018,-0.029390332766577654,0.023565573770491843,0.08234019501625145,-0.15767284991568298,0.0,0.31258255503831334,0,1,0,0,0,한국종합기술,54695250000,547억,0.92억,-1.87%,0.2,19.5,-4.7
011500,20150.0,0.007500000000000062,2864725500.0,0.4848309997196799,15.0,15.0,0.007500000000000062,0,0,0.0055893801776625285,-0.08477732609633681,-0.03125,0.3550773369199731,-0.25092936802973975,0.0,0.30664545358991574,0,1,0,0,0,한농화성,315868248400,3159억,28.6억,0.75%,0.5,19.5,14.2
003920,49350.0,0.0,180670350.0,0.31850292316258355,15.0,-52.0,0.0,0,1,0.003150726699867823,-0.01990963705873594,-0.054597701149425304,-0.010030090270812475,-0.3981707317073171,0.5,1.2373096190020294,0,1,0,0,0,남양유업,291300000000,2913억,1.8억,0.0%,0.3,19.5,-49.1
004490,57500.0,-0.03361344537815125,2028312500.0,0.6712188401757061,15.0,-20.0,-0.03361344537815125,0,0,-0.03214946978623123,-0.0782302019878166,-0.0368509212730318,-0.07108239095315028,-0.22715053763440862,0.0,1.0431850725283247,0,1,0,0,0,세방전지,806652000000,8067억,20.3억,-3.36%,0.7,19.5,-18.9
460850,5970.0,-0.018092105263157854,332326020.0,0.0835761637826164,15.0,-3.0,-0.018092105263157854,0,0,-0.006655574043261225,-0.05305733999524154,0.09140767824497265,0.18452380952380953,-0.16852367688022285,0.0,0.21733363558650826,0,1,0,0,0,동국씨엠,178195989760,1782억,3.3억,-1.81%,0.1,19.5,-2.8
120115,27300.0,-0.0072727272727273196,206360700.0,0.3536903770389017,15.0,-20.0,-0.0072727272727273196,0,0,-0.002739726027397249,-0.05918842078056341,-0.07457627118644072,0.13987473903966596,-0.1651376146788991,0.0,0.6686570549223129,0,1,0,0,0,코오롱인더우,74732220000,747억,2.1억,-0.73%,0.4,19.5,-18.9
000215,26150.0,-0.013207547169811318,48639000.0,0.2762841270312825,15.0,-4.0,-0.013207547169811318,0,0,0.012388695315524556,-0.059606221343162846,-0.08566433566433562,0.1995412844036697,-0.18281250000000004,0.0,0.6571153477724778,0,1,0,0,0,DL우,43586072750,436억,0.49억,-1.32%,0.3,19.5,-3.8
007700,17940.0,-0.023407729994556314,142318020.0,0.4604205480008589,15.0,-20.0,-0.023407729994556314,0,0,-0.01827733391704056,-0.05752561071710005,-0.005543237250554278,-0.030794165316045397,-0.2365957446808511,0.0,1.137243863245969,0,1,0,0,0,F&F홀딩스,702885174990,7029억,1.4억,-2.34%,0.5,19.5,-18.9
089860,31400.0,-0.01567398119122254,1296097800.0,0.8658242026779992,15.0,0.0,-0.01567398119122254,0,0,-0.011957205789804859,-0.03340003078343856,-0.011023622047244053,0.029508196721311553,-0.10413694721825961,0.0,1.0789624738352646,0,1,0,0,0,롯데렌탈,1143745722000,1.14조,13.0억,-1.57%,0.9,19.5,0.0
068270,196000.0,-0.013588324106693528,64045744000.0,0.5026970638057161,15.0,-29.0,-0.013588324106693528,0,1,0.0329925160746285,0.003430092663697426,-0.027295285359801524,-0.09677419354838712,-0.21126760563380287,0.0,1.15062664417509,0,1,0,0,0,셀트리온,43313856495000,43.31조,640억,-1.36%,0.5,19.5,-27.4
015260,609.0,-0.014563106796116498,58361688.0,0.19925242913748661,15.0,-1.0,-0.014563106796116498,0,0,-0.023412443874278432,-0.0959026128266034,-0.024038461538461564,0.460431654676259,-0.2724014336917563,0.0,0.11107790279124434,0,1,0,0,0,에이엔피,28694188446,287억,0.58억,-1.46%,0.2,19.5,-0.9
002240,21500.0,0.007025761124121788,202917000.0,0.17567534867964285,15.0,-5.0,0.007025761124121788,0,0,-0.006010171058714708,-0.08266666666666667,0.014150943396226356,0.1274252753015208,-0.2095588235294118,0.0,0.41152334301795085,0,1,0,0,0,고려제강,579150000000,5792억,2.0억,0.7%,0.2,19.5,-4.7
003495,23450.0,0.002136752136752129,92838550.0,0.49883764151478305,15.0,-9.0,0.002136752136752129,0,1,0.009905254091300497,0.002458052794699128,-0.006355932203389814,0.019565217391304346,-0.1610017889087657,0.0,1.006028690234673,0,1,0,0,0,대한항공우,26048119300,260억,0.93억,0.21%,0.5,19.5,-8.5
111380,13530.0,-0.020275162925416312,107130540.0,0.6542909437969203,15.0,-23.0,-0.020275162925416312,0,1,-0.010168995537347292,-0.029446576521645618,-0.0370106761565836,0.005947955390334547,-0.22375215146299487,0.5,1.4784051469795123,1,1,0,0,0,동인기연,83647200000,836억,1.1억,-2.03%,0.7,19.5,-21.7
007690,35700.0,0.0014025245441795509,146619900.0,0.16310402001568688,15.0,-15.0,0.0014025245441795509,0,0,-0.02949571836346332,-0.07983761840324766,-0.06422018348623848,0.12618296529968465,-0.19503945885005636,0.0,0.7927763243680418,0,1,0,0,0,국도화학,327833452800,3278억,1.5억,0.14%,0.2,19.5,-14.2
33637K,2175.0,-0.031180400890868598,20908275.0,0.09542864715771437,15.0,13.0,-0.031180400890868598,0,0,0.00787766450417049,-0.09214233538557859,0.05582524271844669,0.0767326732673268,-0.2232142857142857,0.0,0.23836747065539593,0,1,0,0,0,솔루스첨단소재1우,36353846900,364억,0.21억,-3.12%,0.1,19.5,12.3
000850,35300.0,0.007132667617689048,168239800.0,0.434641849097384,15.0,-29.0,0.007132667617689048,0,1,0.012186379928315505,-0.03406758790532216,-0.012587412587412583,-0.02754820936639113,-0.20316027088036115,0.0,1.0659399164322902,0,1,0,0,0,화천기공,83930000000,839억,1.7억,0.71%,0.4,19.5,-27.4
000480,4825.0,-0.008221993833504637,77079375.0,0.5695836958226964,15.0,-7.0,-0.008221993833504637,0,1,0.0031185031185030354,-0.019408596687328528,-0.02426693629929222,0.027689030883919052,-0.14450354609929073,0.0,1.3330708281560273,0,1,0,0,0,CR홀딩스,226481066700,2265억,0.77억,-0.82%,0.6,19.5,-6.6
123700,3695.0,0.0027137042062415073,166614940.0,1.0395262976500463,15.0,24.0,0.0027137042062415073,0,0,0.002305710023057017,-0.017091175101416556,0.029247910863509752,0.012328767123287676,-0.07625000000000004,0.0,0.9740127865680901,0,1,0,0,0,SJM,57738122600,577억,1.7억,0.27%,1.0,19.5,22.6
016090,1655.0,-0.018968583283936025,166640295.0,0.3246594330962448,15.0,2.0,-0.018968583283936025,0,0,-0.028527823432730637,-0.051548754978652744,-0.033858727378867526,0.009146341463414531,-0.15861718352821552,0.0,1.31727389203985,0,1,0,0,0,대현,73154376120,732억,1.7억,-1.9%,0.3,19.5,1.9
100250,3005.0,-0.008250825082508295,89509935.0,0.40039976798939153,15.0,0.0,-0.008250825082508295,0,0,-0.0024896265560165887,-0.013298308980463025,-0.013136288998357948,0.012466307277628097,-0.12057360257535854,0.0,1.0701084240576373,0,1,0,0,0,진양홀딩스,192019500000,1920억,0.90억,-0.83%,0.4,19.5,0.0
487570,57200.0,-0.03703703703703709,410066800.0,0.19757666120522038,15.0,-13.0,-0.03703703703703709,0,0,-0.018867924528301883,-0.062141334645023805,0.061224489795918435,0.08128544423440465,-0.37554585152838427,0.0,0.5919953718049961,0,1,0,0,0,HS효성,211260060900,2113억,4.1억,-3.7%,0.2,19.5,-12.3
001340,6180.0,0.02148760330578514,689063820.0,0.2915346088021494,15.0,-29.0,0.02148760330578514,0,1,0.034482758620689724,-0.0686459196744782,-0.07623318385650224,0.1930501930501931,-0.22459222082810537,0.0,0.6122921265049301,0,1,0,0,0,PKC,275686010240,2757억,6.9억,2.15%,0.3,19.5,-27.4
001020,674.0,0.0,0.0,0.0,15.0,11.0,0.0,1,0,0.0,0.001262720047537691,0.04173106646058722,0.09238249594813608,-0.20612485276796233,0.0,0.0,0,1,0,0,0,페이퍼코리아,119960752962,1200억,0.00억,0.0%,0.0,19.5,10.4
006345,16540.0,-0.02130177514792897,5289161200.0,0.1131572376753516,14.0,20.0,-0.02130177514792897,1,0,-0.06701263537906132,0.0982006506872053,3.4224598930481287,3.6789250353606793,-0.2976645435244162,0.0,1.1540377088859544,1,1,0,0,0,대원전선우,42987680000,430억,52.9억,-2.13%,0.1,18.2,18.9
000970,6880.0,-0.010071942446043147,201281280.0,0.387682314114639,14.0,3.0,-0.010071942446043147,0,0,-0.0005810575246949501,-0.02639213188990308,-0.014326647564469885,0.0408472012102874,-0.0789825970548862,0.0,0.6481419382373563,0,1,0,0,0,한국주철관,156183425000,1562억,2.0억,-1.01%,0.4,18.2,2.8
030210,3935.0,-0.023573200992555776,378220395.0,0.2922749075437377,14.0,0.0,-0.023573200992555776,0,0,-0.02199577482291537,-0.08098324283295377,-0.046060606060606024,0.1607669616519174,-0.26722532588454373,0.0,0.7650891489831628,0,1,0,0,0,다올투자증권,239685202110,2397억,3.8억,-2.36%,0.3,18.2,0.0
329180,748000.0,0.10000000000000009,297902220000.0,0.7366149209165235,14.0,20.0,0.10000000000000009,0,0,0.11608475082065062,0.1121022896223609,0.5897980871413391,0.22824302134646968,0.0,0.0,0.8867814239535858,0,1,0,0,0,HD현대중공업,78196112625000,78.20조,2979억,10.0%,0.7,18.2,18.9
007210,1798.0,-0.012087912087912045,280852994.0,0.2775932029712921,14.0,-5.0,-0.012087912087912045,0,0,-0.0069590191096873255,-0.08112942378944676,-0.024416711882799813,0.10374462860650713,-0.26008230452674896,0.0,0.5685864459966617,0,1,0,0,0,벽산,116014000000,1160억,2.8억,-1.21%,0.3,18.2,-4.7
005830,149700.0,-0.031067961165048508,15486764400.0,0.5031876038761964,14.0,-40.0,-0.031067961165048508,0,1,-0.06085319949811796,-0.08557815649624334,-0.07820197044334976,0.21116504854368934,-0.2715328467153285,0.5,1.080268106524304,1,1,0,0,0,DB손해보험,9733351861400,9.73조,155억,-3.11%,0.5,18.2,-37.7
058850,2600.0,-0.005736137667303964,226621200.0,0.4242706858852918,14.0,-20.0,-0.005736137667303964,0,0,-0.0003844675124952124,-0.013937612591258142,0.0,-0.04587155963302747,-0.16398713826366562,0.0,0.8021185978125199,0,1,0,0,0,KTcs,107444547750,1074억,2.3억,-0.57%,0.4,18.2,-18.9
037710,35200.0,-0.009845288326300938,608361600.0,1.151305819147129,14.0,-23.0,-0.009845288326300938,0,1,-0.04877719227131472,-0.06277041869133992,-0.0395634379263301,0.13183279742765275,-0.13193588162762027,0.8,1.4010276135988728,0,1,0,0,0,광주신세계,268095095800,2681억,6.1억,-0.98%,1.2,18.2,-21.7
006340,14090.0,-0.035592060232717326,53150241640.0,0.10710444950308111,14.0,15.0,-0.035592060232717326,1,0,-0.04038684192603692,-0.03579004995551904,1.6385767790262173,2.9138888888888888,-0.21895787139689582,0.0,0.31173228419289195,0,1,0,0,0,대원전선,1108779842240,1.11조,532억,-3.56%,0.1,18.2,14.2
020760,902.0,0.0,0.0,,14.0,16.0,0.0,0,0,0.0,0.0,0.0,0.0,-0.2017699115044248,0.0,,0,1,0,0,0,일진디스플,50984432422,510억,0.00억,0.0%,,18.2,15.1
023000,2285.0,-0.004357298474945481,9747810.0,0.07619925408325116,14.0,-25.0,-0.004357298474945481,0,0,-0.006521739130434745,-0.030752916224814464,0.0,-0.04791666666666672,-0.12619502868068833,0.0,0.5247697190184999,0,1,0,0,0,삼원강재,90805799460,908억,0.10억,-0.44%,0.1,18.2,-23.6
357120,4450.0,0.0022522522522523403,313662700.0,0.42488641072975925,14.0,-1.0,0.0022522522522523403,0,1,0.008727190298084553,-0.015650058065586503,-0.037837837837837784,0.0022522522522523403,-0.0955284552845529,0.0,0.7729166187250297,0,1,0,0,0,코람코라이프인프라리츠,440442476850,4404억,3.1억,0.23%,0.4,18.2,-0.9
005420,15470.0,0.011772400261608862,1753864840.0,0.3913522921424218,14.0,11.0,0.011772400261608862,0,0,0.026270399363141905,-0.06610322970117721,-0.028876333961079692,0.15275707898658708,-0.2633333333333333,0.0,0.627310733241308,0,1,0,0,0,코스모화학,589566299800,5896억,17.5억,1.18%,0.4,18.2,10.4
006360,32250.0,0.0031104199066873672,29792388750.0,0.43960057422481497,13.0,2.0,0.0031104199066873672,0,0,0.008600469116497367,-0.08866125044154005,-0.09282700421940926,0.7273701124799143,-0.2517401392111369,0.0,0.3962554584437969,0,1,0,0,0,GS건설,2725770456500,2.73조,298억,0.31%,0.4,16.9,1.9
004360,13990.0,-0.00709723207948898,425757670.0,0.47959971633441023,13.0,-25.0,-0.00709723207948898,0,0,-0.030357637926254455,-0.08096567580883562,-0.06421404682274245,0.02116788321167884,-0.16177351707609344,0.0,1.0446187399387699,0,0,0,0,0,세방,268574222150,2686억,4.3억,-0.71%,0.5,16.9,-23.6
109070,1520.0,-0.01041666666666663,420541440.0,0.24197157084172255,13.0,-14.0,-0.01041666666666663,0,0,-0.048215403882279295,-0.07979174234168784,0.24590163934426235,0.8491484184914841,-0.3476394849785408,0.0,0.2938819519601984,0,0,0,0,0,주성코퍼레이션,80799651900,808억,4.2억,-1.04%,0.2,16.9,-13.2
009810,2110.0,0.004761904761904745,8756500.0,0.15704171254933572,13.0,37.0,0.004761904761904745,1,0,0.27917550772961497,0.4924845269672855,0.9591457753017643,0.743801652892562,-0.040909090909090895,0.0,0.4546205891829045,0,0,1,0,0,플레이그램,33643081250,336억,0.09억,0.48%,0.2,16.9,34.9
058430,6690.0,-0.013274336283185861,2152233210.0,0.0635873016924037,13.0,8.0,-0.013274336283185861,0,0,-0.018917729872415356,-0.09078553954879043,0.39375000000000004,0.8429752066115703,-0.26725082146768897,0.0,0.36868910495799634,0,1,0,0,0,포스코스틸리온,393000000000,3930억,21.5억,-1.33%,0.1,16.9,7.5
001620,2685.0,-0.03417266187050361,90616065.0,0.5994051948213409,13.0,31.0,-0.03417266187050361,1,0,0.42078526828235785,1.1210206177423174,3.268680445151033,4.513347022587269,-0.05789473684210522,0.0,0.22402902647745349,0,0,1,0,0,케이비아이동국실업,58985305900,590억,0.91억,-3.42%,0.6,16.9,29.2
000490,9240.0,-0.021186440677966156,1687482720.0,0.4313329770933772,13.0,-43.0,-0.021186440677966156,0,0,-0.049676025917926525,-0.07641561297416166,-0.05810397553516822,-0.03144654088050314,-0.2169491525423729,0.0,1.2371971069138232,0,0,0,0,0,대동,266071963950,2661억,16.9억,-2.12%,0.4,16.9,-40.6
009460,2150.0,-0.052863436123347984,75185500.0,0.4781525835895354,13.0,31.0,-0.052863436123347984,1,0,0.35638130086429887,1.01963270865624,3.0037243947858476,3.2074363992172215,-0.08898305084745761,0.0,0.12621841954723648,0,0,1,0,0,한창제지,25836021005,258억,0.75억,-5.29%,0.5,16.9,29.2
021820,13050.0,-0.003816793893129722,183261150.0,0.783680166077916,13.0,-48.0,-0.003816793893129722,0,1,-0.05104712041884818,-0.10201273008773437,-0.08163265306122447,0.1387434554973821,-0.24913693901035672,0.5,1.3949430057591665,1,0,0,0,0,세원정공,127400000000,1274억,1.8억,-0.38%,0.8,16.9,-45.3
003720,10360.0,-0.03177570093457949,10304014560.0,0.663630917772022,13.0,-2.0,-0.03177570093457949,0,0,-0.07226649950747743,-0.11179698216735257,0.4368932038834952,0.8175438596491229,-0.2314540059347181,0.0,0.660310746112886,0,0,0,0,0,삼영,450500000000,4505억,103억,-3.18%,0.7,16.9,-1.9
095570,4735.0,-0.013541666666666674,648088920.0,0.4431180199288503,13.0,-24.0,-0.013541666666666674,0,1,0.011427961123571473,-0.03149928410717939,-0.06791338582677164,0.024891774891774965,-0.13278388278388276,0.0,1.05324689401784,0,1,0,0,0,AJ네트웍스,214045550070,2140억,6.5억,-1.35%,0.4,16.9,-22.6
024890,3710.0,-0.00669344042838016,112891590.0,0.5501183706343201,13.0,41.0,-0.00669344042838016,1,0,1.076453797503778,1.755598469937238,3.8181818181818183,3.122222222222222,-0.09068627450980393,0.0,0.17042759568043372,0,1,1,0,0,대원화성,30441872700,304억,1.1억,-0.67%,0.6,16.9,38.7
336370,11250.0,-0.01832460732984298,2232596250.0,0.17254742047896945,13.0,12.0,-0.01832460732984298,0,0,0.008878127522195411,-0.11197063582902478,0.21359223300970864,0.5934844192634561,-0.3034055727554179,0.0,0.3194359122384736,0,1,0,0,0,솔루스첨단소재,766773396480,7668억,22.3억,-1.83%,0.2,16.9,11.3
011690,6160.0,-0.025316455696202556,1607766160.0,0.16640769966113847,13.0,-19.0,-0.025316455696202556,0,0,-0.06666666666666665,-0.18432203389830504,0.14074074074074083,0.48433734939759043,-0.3260393873085339,0.0,0.6249569480982948,0,0,0,0,0,와이투솔루션,222428627640,2224억,16.1억,-2.53%,0.2,16.9,-17.9
001040,173900.0,-0.005717552887364197,9960992000.0,0.3297655745580793,13.0,-41.0,-0.005717552887364197,0,0,-0.07320062888053935,-0.1487695338791194,-0.1348258706467662,-0.029575892857142905,-0.2504310344827586,0.5,1.5925845017017113,0,0,0,0,0,CJ,5044702954200,5.04조,99.6억,-0.57%,0.3,16.9,-38.7
005320,1109.0,-0.022045855379188684,263194534.0,0.8591065727484543,13.0,41.0,-0.022045855379188684,1,0,0.29859484777517564,0.5412410534361756,1.1830708661417324,1.426695842450766,-0.056972789115646294,0.0,0.4271883220887243,0,0,1,0,0,온타이드,38461325625,385억,2.6억,-2.2%,0.9,16.9,38.7
069260,17560.0,-0.00790960451977396,1003483760.0,0.2780226559322463,12.0,-29.0,-0.00790960451977396,0,1,0.009601563847524863,-0.013039568345323715,0.009195402298850519,-0.044613710554951,-0.17169811320754713,0.0,0.9310048878430969,0,1,0,0,0,TKG휴켐스,721098292320,7211억,10.0억,-0.79%,0.3,15.6,-27.4
025860,7810.0,-0.017610062893081757,2740138500.0,0.07069984371777883,12.0,-25.0,-0.017610062893081757,0,0,-0.060281554566237516,-0.14213532513181015,0.0,0.20153846153846144,-0.33475298126064734,0.0,0.22885623755461137,0,0,0,0,0,남해화학,385507821680,3855억,27.4억,-1.76%,0.1,15.6,-23.6
024070,2100.0,-0.004739336492891044,38908800.0,0.06913974602487509,12.0,-3.0,-0.004739336492891044,0,0,-0.002896348701391105,-0.08707559883493465,0.05740181268882183,0.14379084967320255,-0.25266903914590744,0.0,0.369888734603338,0,1,0,0,0,WISCOM,31802358850,318억,0.39억,-0.47%,0.1,15.6,-2.8
134790,19100.0,-0.003651538862806447,3457100.0,0.10608058608058608,12.0,-39.0,-0.003651538862806447,0,1,0.011759720309354904,2.6178695777367977e-05,-0.015463917525773141,-0.07951807228915664,-0.4649859943977591,0.0,1.190250684276839,0,1,0,0,0,시디즈,38220000000,382억,0.03억,-0.37%,0.1,15.6,-36.8
100220,5680.0,-0.0703764320785597,616921840.0,1.1982106215387331,12.0,0.0,-0.0703764320785597,0,0,-0.08798972382787407,-0.15052718163463696,-0.043771043771043794,0.19327731092436973,-0.25945241199478486,0.0,1.0034244597545767,0,1,0,0,0,비상교육,76160902260,762억,6.2억,-7.04%,1.2,15.6,0.0
015890,4985.0,-0.0030000000000000027,98922340.0,0.23315928242775166,12.0,16.0,-0.0030000000000000027,0,0,0.013211382113821113,-0.002601040416166489,0.015274949083503131,0.049473684210526336,-0.10663082437275984,0.0,0.8439032955317849,0,1,0,0,0,태경산업,145413031250,1454억,0.99억,-0.3%,0.2,15.6,15.1
000860,14780.0,-0.04150453955901423,466131640.0,1.1534550987118812,12.0,-18.0,-0.04150453955901423,0,0,-0.017613825191093335,-0.06030454270909491,0.0835777126099706,-0.06277742549143939,-0.21341138903672163,0.0,0.8954933630600148,0,1,0,0,0,강남제비스코,189020000000,1890억,4.7억,-4.15%,1.2,15.6,-17.0
072130,4860.0,-0.008163265306122436,312512580.0,0.5041608974429337,12.0,-29.0,-0.008163265306122436,0,1,0.007671573709309598,-0.03032721468475663,-0.09999999999999998,0.15576694411414982,-0.2186495176848875,0.0,0.37869311671597516,0,1,0,0,0,유엔젤,60811224660,608억,3.1억,-0.82%,0.5,15.6,-27.4
448730,5380.0,0.024761904761904763,419193460.0,0.4669603260218147,12.0,-29.0,0.024761904761904763,0,1,0.008623922009748819,-0.06726768377253811,-0.056140350877192935,0.11157024793388426,-0.2680272108843538,0.0,0.5553873537606532,0,1,0,0,0,삼성FN리츠,504417000000,5044억,4.2억,2.48%,0.5,15.6,-27.4
024110,20875.0,-0.005952380952380931,9016204750.0,0.32857704505383956,12.0,-9.0,-0.005952380952380931,0,1,0.0039677768426116256,-0.026182284681322554,-0.04243119266055051,0.023284313725490113,-0.2688266199649737,0.0,1.105638061442499,0,1,0,0,0,기업은행,16626329368650,16.63조,90.2억,-0.6%,0.3,15.6,-8.5
120030,97000.0,0.034115138592750505,212527000.0,1.3501355681538083,12.0,-9.0,0.034115138592750505,0,1,0.03224433329786103,-0.00246812011517894,-0.018218623481781382,0.007268951194184803,-0.2623574144486692,0.0,1.1144148885274137,0,1,0,0,0,조선선재,120860261100,1209억,2.1억,3.41%,1.4,15.6,-8.5
007860,9310.0,-0.0032119914346895317,584165260.0,0.5352000709665093,12.0,-29.0,-0.0032119914346895317,0,1,0.03295240208587602,0.010035259018172038,0.02083333333333326,-0.020000000000000018,-0.24737267582861766,0.0,0.9511474249484261,0,1,0,0,0,서연,219301742960,2193억,5.8억,-0.32%,0.5,15.6,-27.4
064350,212750.0,0.03276699029126218,80738837750.0,0.4343818199268329,12.0,-9.0,0.03276699029126218,0,0,0.03904666552709335,-0.05382417362493186,0.04802955665024622,-0.028538812785388168,-0.2091078066914498,0.0,0.5773887418307658,0,1,0,0,0,현대로템,23356450702000,23.36조,807억,3.28%,0.4,15.6,-8.5
005300,112300.0,-0.012313104661389573,1428006800.0,0.49058736610217224,12.0,-18.0,-0.012313104661389573,0,0,-0.02288349430087877,-0.05119972963839137,-0.012313104661389573,-0.10160000000000002,-0.24224021592442646,0.5,1.2010853275465183,0,1,0,0,0,롯데칠성,1046658115200,1.05조,14.3억,-1.23%,0.5,15.6,-17.0
081000,12280.0,-0.01759999999999995,233295440.0,0.3859793479309837,12.0,-15.0,-0.01759999999999995,0,0,-0.030398736675878446,-0.09446206032003535,-0.05900383141762455,0.06412478336221827,-0.25890162945081474,0.0,0.8419893767575217,0,1,0,0,0,일진다이아,173560354500,1736억,2.3억,-1.76%,0.4,15.6,-14.2
003610,5220.0,-0.015094339622641506,474712020.0,0.583736062283324,12.0,-20.0,-0.015094339622641506,0,0,-0.011363636363636354,-0.03840840011052782,0.01754385964912286,-0.06951871657754005,-0.15670436187399028,0.0,0.8681459187233698,0,1,0,0,0,방림,186803135280,1868억,4.7억,-1.51%,0.6,15.6,-18.9
001260,8700.0,0.027154663518299982,131535300.0,0.36570778934128334,12.0,-29.0,0.027154663518299982,0,1,0.01540616246498594,-0.05270034843205573,-0.06451612903225812,0.07806691449814118,-0.21409214092140927,0.0,0.2844938178128207,0,1,0,0,0,남광토건,84461793480,845억,1.3억,2.72%,0.4,15.6,-27.4
003620,3605.0,-0.039946737683089206,3097971170.0,0.5935893751070214,12.0,0.0,-0.039946737683089206,0,0,-0.040585495675316,-0.10423655112436325,0.008391608391608463,0.03890489913544659,-0.18806306306306309,0.0,0.7224613483040351,0,1,0,0,0,KG모빌리티,720454686720,7205억,31.0억,-3.99%,0.6,15.6,0.0
002220,4585.0,0.007692307692307665,749381570.0,0.6782541973830847,12.0,-18.0,0.007692307692307665,0,0,-0.00832702498107496,-0.08056349325713141,0.10348977135980753,-0.024468085106382986,-0.2012195121951219,0.0,0.7659275924046608,0,1,0,0,0,한일철강,125478062000,1255억,7.5억,0.77%,0.7,15.6,-17.0
344820,26400.0,-0.022222222222222254,265029600.0,0.40450723974880987,12.0,16.0,-0.022222222222222254,0,0,0.003039513677811634,-0.03982542280414625,0.03326810176125239,0.045544554455445585,-0.23589001447178004,0.0,0.735492087210487,0,1,0,0,0,KCC글라스,420822991200,4208억,2.7억,-2.22%,0.4,15.6,15.1
003010,6010.0,-0.013136288998357948,1045727980.0,0.19264728815654522,12.0,-5.0,-0.013136288998357948,0,0,-0.021172638436482094,-0.09766534043990693,0.010084033613445342,0.1491395793499044,-0.25155666251556663,0.0,0.17658954784205388,0,1,0,0,0,혜인,75005207300,750억,10.5억,-1.31%,0.2,15.6,-4.7
010400,3990.0,0.02570694087403602,149229990.0,1.3481384292084044,12.0,-4.0,0.02570694087403602,0,0,0.04738154613466339,0.008275949207151356,0.04450261780104703,-0.029197080291970767,-0.1608832807570978,0.0,0.942991065385136,0,1,0,0,0,우진아이엔에스,29687690000,297억,1.5억,2.57%,1.3,15.6,-3.8
192820,182000.0,-0.005464480874316946,4257162000.0,0.2534815651248552,12.0,-10.0,-0.005464480874316946,0,0,-0.021294902129490256,-0.09330942061475611,-0.020452099031216364,0.04238258877434142,-0.35460992907801414,0.0,1.0995915053808176,0,1,0,0,0,코스맥스,2058800932600,2.06조,42.6억,-0.55%,0.3,15.6,-9.4
010660,4570.0,0.06279069767441858,1301124700.0,0.491366440868102,12.0,-29.0,0.06279069767441858,0,1,0.025238362310712192,-0.035508890413127214,-0.14579439252336446,0.05909617612977991,-0.29692307692307696,0.0,0.6559456393150966,0,1,0,0,0,화천기계,102960000000,1030억,13.0억,6.28%,0.5,15.6,-27.4
271940,15070.0,-0.033974358974358965,325662700.0,0.22069892418210674,12.0,-20.0,-0.033974358974358965,0,0,-0.02962009014810041,-0.10188027056825288,-0.05220125786163521,0.12462686567164183,-0.2702179176755448,0.0,0.6219964784812627,0,1,0,0,0,일진하이솔루스,541066531000,5411억,3.3억,-3.4%,0.2,15.6,-18.9
030720,6110.0,-0.0362776025236593,227945770.0,0.4374045555402486,12.0,-5.0,-0.0362776025236593,0,0,-0.022869022869022815,-0.08306445561641784,0.011589403973509826,0.040885860306643984,-0.19921363040629092,0.0,0.6445782026594079,0,1,0,0,0,동원수산,28853591000,289억,2.3억,-3.63%,0.4,15.6,-4.7
000240,24350.0,-0.008146639511201648,773258600.0,0.26392710837916206,12.0,-29.0,-0.008146639511201648,0,1,0.020964360587002018,-0.0015376729882111695,-0.012170385395537497,-0.027944111776447067,-0.2972582972582972,0.0,1.0459397634589,0,1,0,0,0,한국앤컴퍼니,2316419856000,2.32조,7.7억,-0.81%,0.3,15.6,-27.4
030190,14740.0,-0.012064343163538882,903576740.0,0.5514368383484332,12.0,-29.0,-0.012064343163538882,0,1,0.024536039480086203,-0.006504229434165731,-0.02770448548812665,-0.10395136778115499,-0.1901098901098901,0.5,1.076375502498136,0,1,0,0,0,NICE평가정보,847736873530,8477억,9.0억,-1.21%,0.6,15.6,-27.4
014440,4620.0,-0.009646302250803873,169221360.0,0.7935000070407202,12.0,-5.0,-0.009646302250803873,0,0,-0.010600706713780883,-0.020304299422149175,0.009836065573770592,0.01538461538461533,-0.13966480446927376,0.0,0.6286845273444811,0,1,0,0,0,영보화학,91700000000,917억,1.7억,-0.96%,0.8,15.6,-4.7
272210,116100.0,0.0612431444241317,60838722000.0,0.6091477244260426,12.0,-10.0,0.0612431444241317,0,1,0.07093441564431324,0.015525912967417455,-0.15317286652078776,0.5097529258777633,-0.28641671788567913,0.0,0.9266666191433124,1,1,0,0,1,한화시스템,21725729735000,21.73조,608억,6.12%,0.6,15.6,-9.4
094280,12380.0,-0.013545816733067761,137863680.0,0.35744320260892454,12.0,-5.0,-0.013545816733067761,0,0,-0.009282970550576142,-0.02676781573051379,0.0008084074373484462,0.0016181229773462036,-0.18766404199475062,0.0,0.6279827526244172,0,1,0,0,0,효성ITX,143090516000,1431억,1.4억,-1.35%,0.4,15.6,-4.7
002620,8350.0,-0.030197444831591147,91566100.0,0.8774625122025381,12.0,0.0,-0.030197444831591147,0,0,-0.024646653428337828,-0.039788408463661495,0.04244694132334592,0.04244694132334592,-0.10021551724137934,0.0,0.9990905174477047,0,1,0,0,0,제일파마홀딩스,136252718150,1363억,0.92억,-3.02%,0.9,15.6,0.0
264900,8330.0,0.0036144578313253017,26314470.0,0.1823766114552603,11.0,-20.0,0.0036144578313253017,0,0,-0.007033019430206178,-0.02333216086293821,-0.013033175355450233,-0.033642691415313175,-0.14035087719298245,0.0,0.8039708571594438,0,1,0,0,0,크라운제과,103947955000,1039억,0.26억,0.36%,0.2,14.3,-18.9
294870,21550.0,-0.020454545454545503,3065552150.0,0.47059660300927364,11.0,0.0,-0.020454545454545503,0,0,-0.019116977696859383,-0.045298482666962014,-0.02488687782805432,0.04358353510895885,-0.2047970479704797,0.0,0.7432089236604471,0,1,0,0,0,IPARK현대산업개발,1410416862000,1.41조,30.7억,-2.05%,0.5,14.3,0.0
019490,541.0,0.0,0.0,,11.0,6.0,0.0,0,0,0.0,0.0,0.0,0.0,-0.4627606752730884,0.0,,0,1,0,0,0,엑시큐어하이트론,41349858070,413억,0.00억,0.0%,,14.3,5.7
009320,980.0,-0.0287413280475719,193469640.0,0.6066975888274564,11.0,-20.0,-0.0287413280475719,0,0,-0.047063399455464894,-0.0767346554241839,-0.019019019019019034,-0.02487562189054726,-0.16878710771840544,0.0,0.8862894286283839,0,1,0,0,0,아진전자부품,47870076670,479억,1.9억,-2.87%,0.6,14.3,-18.9
011200,20200.0,-0.014634146341463428,9822957000.0,0.3698187980290172,11.0,-9.0,-0.014634146341463428,0,1,0.01131470912185839,-0.007590459112235659,-0.031175059952038398,0.010000000000000009,-0.22157996146435455,0.0,0.9977079490558325,0,1,0,0,0,HMM,19053406994000,19.05조,98.2억,-1.46%,0.4,14.3,-8.5
002210,973.0,0.0,0.0,,11.0,6.0,0.0,0,0,0.0,0.0,0.0,0.0,-0.30000000000000004,0.0,,0,1,0,0,0,동성제약,94010780311,940억,0.00억,0.0%,,14.3,5.7
111110,7200.0,-0.008264462809917328,56692800.0,0.25357383236560493,11.0,-20.0,-0.008264462809917328,0,0,-0.019607843137254943,-0.04893996433524861,-0.013698630136986356,-0.05882352941176472,-0.21225382932166303,0.0,0.8506737123306931,0,1,0,0,0,호전실업,66944640000,669억,0.57억,-0.83%,0.3,14.3,-18.9
041650,2575.0,-0.01151631477927062,57479150.0,0.42615380062867325,11.0,-25.0,-0.01151631477927062,0,0,-0.010186430905246957,-0.040968342644320255,-0.015296367112810683,-0.0533088235294118,-0.14735099337748347,0.0,0.6593858697265809,0,1,0,0,0,상신브레이크,55288983750,553억,0.57억,-1.15%,0.4,14.3,-23.6
017940,90000.0,-0.036402569593147804,618210000.0,0.4170575252805833,11.0,0.0,-0.036402569593147804,0,0,-0.05303030303030298,-0.0947495473747737,-0.043570669500531345,0.139240506329114,-0.19999999999999996,0.0,0.9403858106397183,0,1,0,0,0,E1,613970000000,6140억,6.2억,-3.64%,0.4,14.3,0.0
017860,18340.0,0.02572706935123037,1384578300.0,0.1915363731365511,11.0,-15.0,0.02572706935123037,0,0,-0.024986709197235557,-0.13957307060755342,-0.0337197049525817,0.0662790697674418,-0.339765281877745,0.0,0.3037179050910349,0,1,0,0,0,DS단석,343461748260,3435억,13.8억,2.57%,0.2,14.3,-14.2
002700,1318.0,-0.01788375558867361,555208818.0,0.6776173662663975,11.0,0.0,-0.01788375558867361,0,0,-0.036620130107448245,-0.0636877064611232,-0.04215116279069764,0.0022813688212928174,-0.18692165330043187,0.0,0.9755215920149313,0,1,0,0,0,신일전자,91552109947,916억,5.6억,-1.79%,0.7,14.3,0.0
143210,1199.0,0.0,0.0,,11.0,6.0,0.0,0,0,0.0,0.0,0.0,0.03362068965517251,-0.33975770925110127,0.0,,0,1,0,0,0,핸즈코퍼레이션,26229020653,262억,0.00억,0.0%,,14.3,5.7
002355,4110.0,-0.010830324909747335,42275460.0,0.6574645492635003,11.0,-25.0,-0.010830324909747335,0,1,-0.01815575728619212,-0.03673756371945858,-0.034077555816686256,0.13850415512465375,-0.1217948717948718,0.5,1.1149470361664915,0,1,0,0,0,넥센타이어1우B,26650000000,266억,0.42억,-1.08%,0.7,14.3,-23.6
37550K,26550.0,-0.009328358208955279,145759500.0,0.26332450788534595,11.0,-25.0,-0.009328358208955279,0,1,0.011814024390243816,-0.07232704402515722,-0.18433179723502302,0.25235849056603765,-0.21449704142011838,0.0,0.5463030958088015,0,1,0,0,0,DL이앤씨우,55700869750,557억,1.5억,-0.93%,0.3,14.3,-23.6
004545,9980.0,-0.006965174129353269,3133720.0,0.10577554698421787,11.0,-25.0,-0.006965174129353269,0,1,0.002813504823151236,-0.02007953262310369,-0.039461020211742026,-0.10972346119536125,-0.24336618650492803,0.0,1.9025713403607813,0,1,0,0,0,깨끗한나라우,3661600000,37억,0.03억,-0.7%,0.1,14.3,-23.6
004970,9210.0,0.005458515283842891,24314400.0,0.15096929147366614,11.0,-14.0,0.005458515283842891,0,1,0.0004344992396263514,-0.023588656241717465,-0.03256302521008403,0.023333333333333428,-0.14564007421150282,0.0,0.6558437936816126,0,1,0,0,0,신라교역,146880000000,1469억,0.24억,0.55%,0.2,14.3,-13.2
096775,70700.0,-0.0070224719101124045,312988900.0,0.5298243094451625,11.0,0.0,-0.0070224719101124045,0,0,-0.00952647800504347,-0.04517523127827672,-0.018055555555555602,0.03513909224011713,-0.14613526570048307,0.0,0.7902654826089586,0,1,0,0,0,SK이노베이션우,87514662600,875억,3.1억,-0.7%,0.5,14.3,0.0
163560,7110.0,-0.008368200836820106,241007670.0,0.5137535977301902,11.0,11.0,-0.008368200836820106,0,0,0.014844419069369064,-0.022075510625128913,-0.030013642564802212,0.036443148688046545,-0.10453400503778343,0.0,0.5845053435587539,0,1,0,0,0,동일고무벨트,97578000000,976억,2.4억,-0.84%,0.5,14.3,10.4
004890,37300.0,0.021917808219177992,26110000.0,0.3045133224578575,11.0,-34.0,0.021917808219177992,0,1,0.013862462625713556,-0.011396766498807276,-0.007978723404255317,-0.03865979381443296,-0.20384204909284953,0.0,0.536325254962167,0,1,0,0,0,동일산업,90824301750,908억,0.26억,2.19%,0.3,14.3,-32.1
134380,11290.0,0.0008865248226950229,25673460.0,0.15854810652145873,11.0,-15.0,0.0008865248226950229,0,0,-0.060419440745672404,-0.08786103817410629,-0.048060708263069185,0.1947089947089946,-0.23664638269100746,0.0,0.6614799992303697,0,0,0,0,0,미원화학,241699553200,2417억,0.26억,0.09%,0.2,14.3,-14.2
002100,9300.0,-0.01273885350318471,283770900.0,0.21799406594332996,11.0,-5.0,-0.01273885350318471,0,0,-0.026076028903550097,-0.06197992838771493,-0.04123711340206182,0.03104212860310418,-0.12264150943396224,0.0,0.5172824928808197,0,1,0,0,0,경농,181559947500,1816억,2.8억,-1.27%,0.2,14.3,-4.7
002460,12110.0,-0.023387096774193594,71073590.0,0.3013096625475529,11.0,-10.0,-0.023387096774193594,0,0,-0.05493990947401284,-0.0761719494984171,-0.0249597423510467,0.09592760180995485,-0.2100456621004566,0.0,0.7267006985491671,0,0,0,0,0,HS화성,122815000000,1228억,0.71억,-2.34%,0.3,14.3,-9.4
006090,8200.0,-0.0060606060606061,37359200.0,0.5337957376011997,11.0,-20.0,-0.0060606060606061,0,0,-0.0024330900243308973,-0.01186961499066097,-0.0036452004860266785,-0.06923950056753692,-0.24423963133640558,0.0,0.9729285184269107,0,1,0,0,0,사조오양,77454914580,775억,0.37억,-0.61%,0.5,14.3,-18.9
004870,369.0,-0.046511627906976716,1981494207.0,0.7131429101125558,11.0,6.0,-0.046511627906976716,0,0,0.17853720855956556,0.27087997244704654,0.1603773584905661,-0.23124999999999996,-0.5207792207792208,0.0,2.6634941484830867,1,0,1,0,1,티웨이홀딩스,40738857840,407억,19.8억,-4.65%,0.7,14.3,5.7
102260,4095.0,-0.019161676646706538,448840665.0,0.6142297750723257,11.0,-20.0,-0.019161676646706538,0,0,-0.010391493475108704,-0.03578996939015777,-0.020334928229665095,-0.0072727272727273196,-0.12443874278383582,0.0,0.7036917074973907,0,1,0,0,0,동성케미컬,207745323100,2077억,4.5억,-1.92%,0.6,14.3,-18.9
004080,13760.0,-0.010071942446043147,52054080.0,0.5577013798797028,11.0,-37.0,-0.010071942446043147,0,1,-0.0049895147877648816,-0.00953752024473642,-0.01573676680972813,-0.015032211882605617,-0.05817932922655711,0.8,1.1784760186118926,0,1,0,0,0,신흥,129250000000,1292억,0.52억,-1.01%,0.6,14.3,-34.9
001060,29450.0,-0.016694490818030094,572508000.0,0.2759627109645493,10.0,-40.0,-0.016694490818030094,0,1,-0.004731328151402536,-0.029574100008237902,-0.050000000000000044,0.07678244972577697,-0.2458386683738797,0.0,0.9798808655784313,1,1,0,0,0,JW중외제약,683442045500,6834억,5.7억,-1.67%,0.3,13.0,-37.7
037560,2185.0,-0.017977528089887618,196016350.0,0.4361796188740187,10.0,-52.0,-0.017977528089887618,0,1,0.007748362697168165,-0.026986106163163437,-0.050000000000000044,-0.006818181818181834,-0.34087481146304677,0.0,1.390046381587878,0,1,0,0,0,LG헬로비전,169608634350,1696억,2.0억,-1.8%,0.4,13.0,-49.1
067830,2705.0,-0.03392857142857142,90068385.0,0.3940209914958349,10.0,-70.0,-0.03392857142857142,0,1,-0.04803800809431635,-0.10073138297872342,-0.09531772575250841,-0.08768971332209108,-0.33374384236453203,0.5,1.0801263452372203,1,1,0,0,0,세이브존I&C,111015620975,1110억,0.90억,-3.39%,0.4,13.0,-66.0
103590,107200.0,-0.010156971375807955,21191188800.0,0.24201585733430941,10.0,3.0,-0.010156971375807955,0,0,-0.0883190883190883,-0.1254155703767158,0.3886010362694301,0.7777777777777777,-0.2560721721027065,0.0,0.7046133275469738,0,0,0,0,0,일진전기,5049882801000,5.05조,212억,-1.02%,0.2,13.0,2.8
079160,4670.0,-0.01684210526315788,2224330340.0,0.9864334388555183,10.0,-20.0,-0.01684210526315788,0,0,-0.03432588916459889,-0.04087081536249748,0.001071811361200492,-0.19759450171821302,-0.289193302891933,0.5,1.1808556139567155,0,1,0,0,0,CJ CGV,771613914100,7716억,22.2억,-1.68%,1.0,13.0,-18.9
001070,6130.0,-0.017628205128205177,50075970.0,0.411310665679803,10.0,-70.0,-0.017628205128205177,0,1,-0.020610321137561893,-0.05728565936178398,-0.08095952023988007,-0.009693053311793265,-0.30340909090909096,0.5,1.19544753237115,1,1,0,0,0,대한방직,32383000000,324억,0.50억,-1.76%,0.4,13.0,-66.0
004410,1197.0,-0.08135072908672292,1119275199.0,0.5493680678279358,10.0,33.0,-0.08135072908672292,1,0,1.3740579135263786,2.61522198731501,6.0,7.142857142857142,-0.16643454038997219,0.0,0.11501511876430087,0,1,1,0,0,서울식품,47780020743,478억,11.2억,-8.14%,0.5,13.0,31.1
004415,9550.0,-0.04690618762475052,9397200.0,0.5236967455227654,10.0,33.0,-0.04690618762475052,1,0,1.4287276518908474,2.7267565510916856,7.162393162393162,6.262357414448669,-0.16228070175438591,0.0,0.2730728165705744,0,1,1,0,0,서울식품우,2084356500,21억,0.09억,-4.69%,0.5,13.0,31.1
002360,2725.0,-0.07783417935702197,525055725.0,0.560447634427618,10.0,33.0,-0.07783417935702197,1,0,1.3159952405235424,2.5495636316269374,5.662591687041565,6.364864864864865,-0.2388268156424581,0.0,0.07056491531365575,0,1,1,0,0,SH에너지화학,29117037260,291억,5.3억,-7.78%,0.6,13.0,31.1
003470,5680.0,-0.008726003490401424,2707531040.0,0.0804132578617182,10.0,-4.0,-0.008726003490401424,0,0,-0.06286091404058736,-0.07484322827591827,0.19957761351636738,0.5309973045822103,-0.2745849297573435,0.0,0.4748662283943716,0,0,0,0,0,유안타증권,1123728722880,1.12조,27.1억,-0.87%,0.1,13.0,-3.8
007280,2560.0,0.042769857433808456,73497600.0,0.678179898379313,10.0,-42.0,0.042769857433808456,0,1,0.02134450428884893,-0.06773488710852149,-0.14122777591412283,-0.08669282911166609,-0.27478753541076484,0.0,1.2287993809548208,0,1,0,0,0,한국특강,77536970250,775억,0.73억,4.28%,0.7,13.0,-39.6
002780,1071.0,-0.027247956403269713,1886059917.0,0.1538464643165018,10.0,-7.0,-0.027247956403269713,0,0,-0.05246394762452444,-0.13212592682630364,0.07638190954773871,0.5387931034482758,-0.26543209876543206,0.0,0.24240025236187424,0,0,0,0,0,진흥기업,155363823660,1554억,18.9억,-2.72%,0.2,13.0,-6.6
003465,3300.0,0.003039513677811634,62700.0,0.003742035864459522,10.0,-25.0,0.003039513677811634,0,1,-0.0027198549410698547,-0.017710968894180668,-0.004524886877828038,0.20879120879120872,-0.11882510013351133,0.0,1.14376977471948,0,1,0,0,0,유화증권우,57497438250,575억,0.00억,0.3%,0.0,13.0,-23.6
015860,10400.0,-0.02985074626865669,1618063200.0,0.22428681864623934,10.0,-2.0,-0.02985074626865669,1,0,-0.14049586776859502,-0.12897822445561136,0.46478873239436624,0.5709969788519638,-0.2752613240418118,0.0,0.6431166528764106,0,0,0,0,0,일진홀딩스,501863902110,5019억,16.2억,-2.99%,0.2,13.0,-1.9
302440,42700.0,0.022754491017964007,3906921900.0,0.6566364257138643,10.0,-29.0,0.022754491017964007,0,1,0.031151895677372643,0.009217679035689041,0.013048635824436605,-0.1113423517169615,-0.2895174708818635,0.5,1.1548404356965412,0,1,0,0,0,SK바이오사이언스,3318712191900,3.32조,39.1억,2.28%,0.7,13.0,-27.4
118000,1665.0,-0.0625,146876310.0,0.5237798075147505,10.0,23.0,-0.0625,1,0,0.4339850142106625,1.432254765904609,6.466367713004484,4.513245033112582,-0.1278156102671556,0.0,0.06059216157141617,0,0,1,0,0,메타케어,28085598360,281억,1.5억,-6.25%,0.5,13.0,21.7
006200,3175.0,-0.01244167962674958,115344575.0,0.11849758024085713,10.0,23.0,-0.01244167962674958,1,0,0.5423852319650231,1.2186506411376263,2.9836888331242157,3.953198127925117,-0.20724094881398247,0.0,0.09689647108827723,0,0,1,0,0,한국전자홀딩스,29392368780,294억,1.2억,-1.24%,0.1,13.0,21.7
011090,1526.0,-0.05802469135802468,100152906.0,1.242846592307838,10.0,21.0,-0.05802469135802468,1,0,0.3988449903749196,1.0093488708934095,2.694915254237288,1.8630393996247654,-0.2869158878504673,0.0,0.6391170574473132,0,0,1,0,0,에넥스,18249456888,182억,1.0억,-5.8%,1.2,13.0,19.8
010820,11050.0,-0.03913043478260869,9555178100.0,0.45946802851785506,10.0,-5.0,-0.03913043478260869,0,0,-0.051827698644242304,-0.12806754517478103,0.1310133060388945,1.7183271832718328,-0.32457212713936434,0.0,0.1966490444604978,0,1,0,0,0,퍼스텍,522347455980,5223억,95.6억,-3.91%,0.5,13.0,-4.7
001250,3560.0,-0.023319615912208547,2115875320.0,0.1415987423271308,9.0,-19.0,-0.023319615912208547,0,0,-0.05857463969324339,-0.16744621141253513,-0.017931034482758568,0.592841163310962,-0.34317343173431736,0.0,0.335584514242588,0,0,0,0,0,GS글로벌,297946888040,2979억,21.2억,-2.33%,0.1,11.7,-17.9
004985,10990.0,0.016651248843663202,30782990.0,0.29022147390234426,9.0,-9.0,0.016651248843663202,0,0,0.008997429305912519,-0.030222810500772135,0.03192488262910809,-0.01787310098302053,-0.20014556040756915,0.0,0.08973828055113846,0,1,0,0,0,성신양회우,8077382100,81억,0.31억,1.67%,0.3,11.7,-8.5
293940,5560.0,0.01090909090909098,861327400.0,0.46052810532438154,9.0,-44.0,0.01090909090909098,0,1,0.014043406894036048,-0.02533087913051102,-0.057627118644067776,-0.0089126559714795,-0.10897435897435892,0.0,0.823638780236634,0,1,0,0,0,신한알파리츠,665170676500,6652억,8.6억,1.09%,0.5,11.7,-41.5
210540,14060.0,0.000711743772241924,398980620.0,0.30735171392689825,9.0,1.0,0.000711743772241924,0,0,0.0049317418340362185,-0.04726410299847539,-0.062041360907271526,0.027027027027026973,-0.13742331288343557,0.0,0.7352215492091734,0,1,0,0,0,디와이파워,153921409520,1539억,4.0억,0.07%,0.3,11.7,0.9
317400,3950.0,-0.022277227722772297,324682100.0,0.41761981903208917,9.0,-40.0,-0.022277227722772297,0,0,-0.03799318071115443,-0.10905605052441636,-0.0650887573964497,-0.06619385342789597,-0.2300194931773879,0.0,0.6624604921869669,0,1,0,0,0,자이에스앤디,152221391000,1522억,3.2억,-2.23%,0.4,11.7,-37.7
259960,260500.0,-0.03874538745387457,17989348500.0,0.36521293510736724,9.0,-8.0,-0.03874538745387457,0,0,-0.051692755733527496,-0.056757490721462855,0.11324786324786329,0.13260869565217392,-0.3251295336787565,0.0,0.9040141811666697,0,1,0,0,0,크래프톤,12017488376500,12.02조,180억,-3.87%,0.4,11.7,-7.5
014580,4480.0,-0.005549389567147567,231710080.0,0.2037384815828425,9.0,-25.0,-0.005549389567147567,0,0,-0.0018937284170658097,-0.0315084040425877,0.013574660633484115,-0.005549389567147567,-0.25083612040133785,0.0,0.5095390077700669,0,1,0,0,0,태경비케이,124261865500,1243억,2.3억,-0.55%,0.2,11.7,-23.6
008420,2335.0,0.0021459227467810482,229065835.0,0.06589444006384106,9.0,-20.0,0.0021459227467810482,0,0,-0.024033437826541326,-0.09810737736577835,-0.05081300813008127,0.15308641975308634,-0.2668759811616954,0.0,0.16869157967302395,0,1,0,0,0,문배철강,47363096550,474억,2.3억,0.21%,0.1,11.7,-18.9
395400,5770.0,0.02123893805309729,1379445440.0,0.4358780397667242,9.0,-44.0,0.02123893805309729,0,1,0.004963859618566602,-0.06152157117879076,-0.08846761453396523,-0.005172413793103403,-0.18617771509167846,0.0,0.7986780674137826,0,1,0,0,0,SK리츠,1730851315000,1.73조,13.8억,2.12%,0.4,11.7,-41.5
026940,2285.0,-0.017204301075268824,226669715.0,0.043862785036360714,9.0,-40.0,-0.017204301075268824,0,0,-0.036677908937605364,-0.12494016275730013,-0.14579439252336446,0.1119221411192215,-0.31791044776119404,0.0,0.06950836229869886,0,0,0,0,0,부국철강,46900000000,469억,2.3억,-1.72%,0.0,11.7,-37.7
015230,6510.0,-0.015128593040847238,175112490.0,0.2451463322831445,9.0,-20.0,-0.015128593040847238,0,0,-0.020905399308166595,-0.05295315682281054,-0.05652173913043479,0.04326923076923084,-0.11065573770491799,0.0,0.5914703175483222,0,1,0,0,0,대창단조,173176295600,1732억,1.8억,-1.51%,0.2,11.7,-18.9
001390,5190.0,-0.007648183556405397,901300590.0,0.1698733342658738,9.0,-20.0,-0.007648183556405397,0,0,-0.025535110777318848,-0.10440034512510787,-0.051188299817184646,0.06243602865916076,-0.2659123055162659,0.0,0.3900619069472126,0,1,0,0,0,KG케미칼,346922434800,3469억,9.0억,-0.76%,0.2,11.7,-18.9
018470,1401.0,-0.03245856353591159,1552048815.0,0.12240169986898566,9.0,-20.0,-0.03245856353591159,0,0,-0.041002121979601625,-0.12242788687400175,-0.0752475247524752,0.09968602825745676,-0.28190671450538185,0.0,0.17861421847491513,0,1,0,0,0,조일알미늄,176524619074,1765억,15.5억,-3.25%,0.1,11.7,-18.9
334890,3985.0,0.0,279814745.0,0.2989581361961082,9.0,-49.0,0.0,0,1,0.0010047726701833959,-0.023583460949464063,-0.06235294117647061,-0.05344418052256528,-0.200120433560819,0.0,0.6519267261036401,0,1,0,0,0,이지스밸류플러스리츠,278141975415,2781억,2.8억,0.0%,0.3,11.7,-46.2
071090,3900.0,0.006451612903225712,499800600.0,0.06948501337998851,9.0,-30.0,0.006451612903225712,0,0,-0.0020470829068577334,-0.08477559401584045,-0.09826589595375723,0.13868613138686126,-0.3356047700170358,0.0,0.11110438433630697,0,1,0,0,0,하이스틸,78645779545,786억,5.0억,0.65%,0.1,11.7,-28.3
005820,15200.0,0.005291005291005346,19988000.0,0.32425101713722104,8.0,-5.0,0.005291005291005346,0,0,-0.017199017199017175,-0.05937683715461495,-0.016181229773462813,0.020134228187919545,-0.13291500285225333,0.0,0.45007704255595643,0,1,0,0,0,원림,34538489100,345억,0.20억,0.53%,0.3,10.4,-4.7
012630,23100.0,0.010940919037199182,832547100.0,0.28584061496854374,8.0,-36.0,0.010940919037199182,0,1,-0.012820512820512775,-0.09906396255850236,-0.14602587800369682,0.4446529080675423,-0.23383084577114432,0.0,1.1603529979123257,0,1,0,0,0,HDC,1359124152750,1.36조,8.3억,1.09%,0.3,10.4,-34.0
361610,20350.0,-0.01927710843373498,2622972550.0,0.5526800434792862,8.0,-55.0,-0.01927710843373498,0,0,-0.039550689069284495,-0.15001148633126582,-0.10940919037199126,-0.13034188034188032,-0.40670553935860054,0.0,0.9792878396213248,1,0,0,0,0,SK아이이테크놀로지,1643920710000,1.64조,26.2억,-1.93%,0.6,10.4,-51.9
003030,177400.0,0.0398593200468933,3153639800.0,0.40217591718031176,8.0,-18.0,0.0398593200468933,0,1,0.0012981881808431517,-0.11598355550018691,-0.2561844863731656,0.5385949696444059,-0.2988142292490119,0.0,0.7633041211616312,0,1,0,0,0,세아제강지주,742184934400,7422억,31.5억,3.99%,0.4,10.4,-17.0
014790,2915.0,-0.01851851851851849,176374990.0,0.4236935339924324,8.0,-24.0,-0.01851851851851849,0,1,0.002751977984176035,-0.08792240300375465,-0.15751445086705207,0.14313725490196072,-0.2666666666666667,0.0,1.003943847855114,0,1,0,0,0,HL D&I,108843477875,1088억,1.8억,-1.85%,0.4,10.4,-22.6
024900,1986.0,-0.028850855745721327,279753918.0,1.022342119511179,8.0,-20.0,-0.028850855745721327,0,0,-0.027042915931804856,-0.081554789927625,-0.007000000000000006,-0.0826789838337183,-0.29197860962566846,0.0,0.7904728244924117,0,1,0,0,0,디와이덕양,64641485300,646억,2.8억,-2.89%,1.0,10.4,-18.9
051905,104800.0,-0.013182674199623379,286523200.0,0.27365586823680144,8.0,-20.0,-0.013182674199623379,0,0,-0.029539772201129688,-0.06139447404952758,-0.02147525676937445,-0.06008968609865473,-0.25142857142857145,0.0,0.800300641296002,0,1,0,0,0,LG생활건강우,219268691400,2193억,2.9억,-1.32%,0.3,10.4,-18.9
004450,27050.0,0.0018518518518517713,11793800.0,0.4749714036712239,8.0,-30.0,0.0018518518518517713,0,0,-0.004508234428190261,-0.03094353141372974,-0.02169981916817365,-0.0656303972366149,-0.30641025641025643,0.0,0.7332026875699889,0,1,0,0,0,삼화왕관,58275951950,583억,0.12억,0.19%,0.5,10.4,-28.3
092220,6100.0,-0.10162002945508097,11576708100.0,0.12245485429741855,7.0,13.0,-0.10162002945508097,1,0,0.37666440983976535,0.9450600258278461,3.2243767313019394,7.739255014326648,-0.33623503808487487,0.0,0.09644307617652005,0,0,1,0,0,KEC,247741714760,2477억,116억,-10.16%,0.1,9.1,12.3
000890,1542.0,-0.03985056039850565,201010494.0,0.836141703495122,7.0,23.0,-0.03985056039850565,1,0,0.4461221044734127,1.0721628703890347,2.6801909307875893,2.697841726618705,-0.26919431279620853,0.0,0.4162769068685876,0,0,1,0,0,보해양조,42540998500,425억,2.0억,-3.99%,0.8,9.1,21.7
000725,66200.0,0.029548989113530322,538272200.0,0.6187245796728696,7.0,-24.0,0.029548989113530322,0,1,0.012851897184822603,-0.05590416428978895,-0.1630847029077117,0.18850987432675037,-0.19660194174757284,0.0,0.7562034521376235,0,1,0,0,0,현대건설우,68555045000,686억,5.4억,2.95%,0.6,9.1,-22.6
006040,36600.0,-0.02400000000000002,1140639000.0,0.37755461155124487,7.0,-55.0,-0.02400000000000002,0,1,-0.00920411478072547,-0.028469042404937306,-0.030463576158940353,-0.09741060419235514,-0.3055028462998103,0.0,1.032333696073532,1,1,0,0,0,동원산업,1608932852550,1.61조,11.4억,-2.4%,0.4,9.1,-51.9
002070,8700.0,-0.05434782608695654,106749000.0,0.7071190230577279,7.0,13.0,-0.05434782608695654,1,0,-0.08929132209777035,0.22474836348279026,22.2,13.451827242524917,-0.26582278481012656,0.0,0.1873703364494277,0,0,0,0,0,비비안,20917792800,209억,1.1억,-5.43%,0.7,9.1,12.3
011930,28850.0,-0.0855784469096672,24391924900.0,0.20005316064551035,7.0,35.0,-0.0855784469096672,1,0,0.25579472000348225,1.1395331590559357,8.129746835443038,17.819308545335943,-0.29890643985419196,0.0,0.04547901269856169,0,0,1,0,0,신성이엔지,599018116500,5990억,244억,-8.56%,0.2,9.1,33.0
085310,1169.0,0.0,0.0,0.0,6.0,-17.0,0.0,1,0,0.0,0.0002566954736031857,0.05125899280575541,-0.04959349593495932,-0.30000000000000004,0.0,0.0,0,1,0,0,0,엔케이,86717288567,867억,0.00억,0.0%,0.0,7.8,-16.0
079430,6680.0,-0.030478955007256947,301495120.0,0.1251108101350456,6.0,-20.0,-0.030478955007256947,0,0,-0.032164589973920577,-0.09331523583305057,-0.06311360448807857,0.015197568389057725,-0.21319199057714955,0.0,0.15894276635498356,0,1,0,0,0,현대리바트,135368579460,1354억,3.0억,-3.05%,0.1,7.8,-18.9
33626K,11980.0,0.010970464135021007,616538720.0,0.33099523676604325,6.0,40.0,0.010970464135021007,1,0,0.06878401284681956,0.11878968995143824,0.6615811373092926,0.7617647058823529,-0.04769475357710651,0.0,0.7262784704812288,0,0,0,0,0,두산퓨얼셀1우,157029350000,1570억,6.2억,1.1%,0.3,7.8,37.7
009415,9660.0,0.014705882352941124,217398300.0,0.14054763303234719,6.0,-17.0,0.014705882352941124,0,0,0.01577287066246047,-0.09787075084049313,0.10273972602739723,-0.049212598425196874,-0.48888888888888893,0.0,0.1538272798179237,0,1,0,0,0,태영건설우,6194252220,62억,2.2억,1.47%,0.1,7.8,-16.0
047400,1448.0,-0.030789825970548912,497289536.0,0.22629074188114295,6.0,-55.0,-0.030789825970548912,0,0,-0.11437308868501528,-0.1669543205615004,-0.09386733416770965,-0.16541786743515852,-0.35929203539823007,0.0,1.0650977820741836,1,0,0,0,0,유니온머티리얼,60648000000,606억,5.0억,-3.08%,0.2,7.8,-51.9
104700,9240.0,-0.017021276595744705,130496520.0,0.14602117374224363,6.0,-40.0,-0.017021276595744705,0,0,-0.02191171800571612,-0.06826661288696179,-0.05035971223021585,-0.0484037075180227,-0.1923076923076923,0.0,0.32795317882426106,0,1,0,0,0,한국철강,343359000000,3434억,1.3억,-1.7%,0.1,7.8,-37.7
008260,3410.0,-0.0029239766081871066,297184910.0,0.1777105958548536,6.0,-30.0,-0.0029239766081871066,0,0,-0.041596402473299654,-0.09254207970194928,-0.10615989515072088,0.02556390977443601,-0.1682926829268293,0.0,0.37936226977673076,0,0,0,0,0,NI스틸,96382394290,964억,3.0억,-0.29%,0.2,7.8,-28.3
006370,5230.0,-0.007590132827324458,105321740.0,0.3325552572976624,6.0,-14.0,-0.007590132827324458,0,0,0.01287886123753279,-0.04243145511969604,-0.08084358523725832,0.01553398058252431,-0.3100263852242744,0.0,0.5839221121665934,0,1,0,0,0,대구백화점,58328483290,583억,1.1억,-0.76%,0.3,7.8,-13.2
014820,23300.0,-0.014799154334038,356513300.0,0.2726855544021136,6.0,-35.0,-0.014799154334038,0,0,-0.027951606174384636,-0.09409020217729391,-0.05668016194331982,-0.035196687370600444,-0.2786377708978328,0.0,0.937014116621839,0,1,0,0,0,동원시스템즈,671148178300,6711억,3.6억,-1.48%,0.3,7.8,-33.0
002690,1541.0,-0.01721938775510201,11483532.0,0.04175384060252831,6.0,-40.0,-0.01721938775510201,0,0,-0.006127055788455293,-0.0488241466576137,-0.12937853107344632,-0.06606060606060604,-0.13426966292134834,0.0,0.285608127992526,0,1,0,0,0,동일제강,31323455480,313억,0.11억,-1.72%,0.0,7.8,-37.7
034590,26400.0,-0.0037735849056603765,25845600.0,0.40859766277128545,5.0,-17.0,-0.0037735849056603765,0,1,-0.0020790020790020236,-0.009101998686309454,-0.011235955056179803,0.05179282868525892,-0.04347826086956519,0.0,0.8725694308048868,0,1,0,0,0,인천도시가스,116368456400,1164억,0.26억,-0.38%,0.4,6.5,-16.0
097520,23600.0,0.01724137931034475,763247600.0,0.4469013586265601,5.0,0.0,0.01724137931034475,0,0,0.0398766248072262,0.026421659236707695,0.08505747126436791,-0.21594684385382057,-0.264797507788162,0.0,1.4960372903888803,0,1,0,0,0,엠씨넥스,398494350000,3985억,7.6억,1.72%,0.4,6.5,0.0
000087,13670.0,-0.0029175784099197966,21776310.0,0.9228630188569938,5.0,-43.0,-0.0029175784099197966,0,1,-0.008594118286978314,-0.01758924881869961,-0.02565930149679263,-0.07697501688048614,-0.16031941031941033,0.5,1.320862965397717,0,1,0,0,0,하이트진로2우B,15426383700,154억,0.22억,-0.29%,0.9,6.5,-40.6
009680,10210.0,-0.02946768060836502,277232130.0,0.9625549021067521,5.0,-25.0,-0.02946768060836502,0,1,-0.025298329355608606,-0.04948098496485598,-0.03588290840415487,0.025100401606425793,-0.12360515021459229,0.5,1.1793321657313067,0,1,0,0,0,모토닉,222329551620,2223억,2.8억,-2.95%,1.0,6.5,-23.6
012320,54500.0,-0.0267857142857143,548215500.0,0.45894728197266577,5.0,-25.0,-0.0267857142857143,0,0,-0.051844119693806534,-0.12365332046952882,-0.03710247349823326,0.05415860735009681,-0.4467005076142132,0.0,0.401091481815979,0,0,0,0,0,경동인베스트,129366758100,1294억,5.5억,-2.68%,0.5,6.5,-23.6
33637L,3250.0,0.004636785162287493,4878250.0,0.04132572712355319,5.0,-19.0,0.004636785162287493,0,0,0.004016064257028162,-0.06353551361475296,-0.04552129221732748,-0.09847434119278775,-0.3427704752275025,0.0,0.18167496045658205,0,1,0,0,0,솔루스첨단소재2우B,11826066480,118억,0.05억,0.46%,0.0,6.5,-17.9
004980,9400.0,-0.014675052410901501,621349400.0,0.24598338651108545,5.0,-15.0,-0.014675052410901501,0,0,-0.03312075704587536,-0.10892027680348848,-0.026915113871635588,0.011840688912809538,-0.2894935752078609,0.0,0.24697284465561953,0,0,0,0,0,성신양회,228734961090,2287억,6.2억,-1.47%,0.2,6.5,-14.2
006980,19710.0,-0.0194029850746269,59997240.0,0.3226746805319256,5.0,-25.0,-0.0194029850746269,0,0,-0.07901499929909817,-0.12799185948767866,-0.1630573248407643,0.22803738317757016,-0.18888888888888888,0.0,0.8083548462802159,0,0,0,0,0,우성,60934800000,609억,0.60억,-1.94%,0.3,6.5,-23.6
0030R0,4245.0,0.011918951132300348,45451215.0,0.10923420263980106,5.0,-34.0,0.011918951132300348,0,1,0.004139562389118945,-0.010027985074626877,-0.013937282229965153,-0.05033557046979864,,0.0,0.3119035088529212,0,1,0,0,0,대신밸류리츠,252570500000,2526억,0.45억,1.19%,0.1,6.5,-32.1
003540,33350.0,-0.008915304606240682,2014406700.0,0.3863213511589576,5.0,-46.0,-0.008915304606240682,0,1,-0.01781769989692239,-0.0904752164723529,-0.101078167115903,0.2851637764932562,-0.31938775510204087,0.0,1.027760167371321,0,1,0,0,0,대신증권,1629174155300,1.63조,20.1억,-0.89%,0.4,6.5,-43.4
357250,2170.0,0.038277511961722466,64655150.0,0.39232649148587656,5.0,-44.0,0.038277511961722466,0,1,0.014018691588784993,-0.03651903651903654,-0.09394572025052195,-0.16858237547892718,-0.23456790123456794,0.0,1.1652812476341887,0,1,0,0,0,미래에셋맵스리츠,53989426800,540억,0.65억,3.83%,0.4,6.5,-41.5
017390,60000.0,-0.00990099009900991,93660000.0,0.19445049982871912,5.0,-45.0,-0.00990099009900991,0,1,-0.012345679012345734,-0.03529222606318838,-0.029126213592232997,-0.011532125205930832,-0.1869918699186992,0.5,1.0326251970178983,0,1,0,0,0,서울가스,296505000000,2965억,0.94억,-0.99%,0.2,6.5,-42.5
003240,1022000.0,-0.001953125,1120112000.0,0.446645067954439,5.0,-46.0,-0.001953125,0,1,-0.007381507381507335,-0.07456875084891568,-0.12574850299401197,0.41551246537396125,-0.3490445859872612,0.0,1.0720657612580415,0,1,0,0,0,태광산업,1134554600000,1.13조,11.2억,-0.2%,0.4,6.5,-43.4
323410,22450.0,-0.015350877192982448,9819630000.0,0.45872249978802176,5.0,-50.0,-0.015350877192982448,0,1,-0.0011123470522803602,-0.042541848811173955,-0.11089108910891088,0.03935185185185186,-0.3932432432432432,0.0,1.0682468091648527,1,1,0,0,0,카카오뱅크,10687497788800,10.69조,98.2억,-1.54%,0.5,6.5,-47.2
170900,41550.0,-0.00835322195704058,414170400.0,0.479358675031078,5.0,-44.0,-0.00835322195704058,0,1,0.004715270221254952,-0.02897873334891332,-0.0725446428571429,-0.17016177351707606,-0.24625850340136057,0.0,1.0383309767536437,0,1,0,0,0,동아에스티,403704488500,4037억,4.1억,-0.84%,0.5,6.5,-41.5
100840,44950.0,0.023917995444191265,4048646500.0,0.30287281947626576,4.0,-20.0,0.023917995444191265,0,0,-0.023144626752146014,-0.13445337697973325,-0.22499999999999998,0.14376590330788797,-0.29875195007800315,0.0,0.5001350122383285,0,1,0,0,0,SNT에너지,920294843500,9203억,40.5억,2.39%,0.3,5.2,-18.9
094800,5910.0,0.0016949152542373724,358648350.0,0.33441802666637277,4.0,-29.0,0.0016949152542373724,0,1,0.048988285410010546,-0.06123421491541581,-0.1532951289398281,0.13001912045889097,-0.2593984962406015,0.0,0.5232209845941984,0,1,0,0,0,맵스리얼티,538439119800,5384억,3.6억,0.17%,0.3,5.2,-27.4
052690,147500.0,0.006825938566553003,9695912500.0,0.3063045809624259,4.0,-34.0,0.006825938566553003,0,1,-0.00310894836442277,-0.11650194669062597,-0.1292798110979929,0.5143737166324436,-0.2428131416837782,0.0,0.7116886934602602,0,1,0,0,0,한전기술,5576298000000,5.58조,97.0억,0.68%,0.3,5.2,-32.1
006650,137400.0,0.022321428571428603,3117468600.0,0.3207524230669185,4.0,-15.0,0.022321428571428603,0,0,-0.01129740231704679,-0.11323372809706667,-0.15808823529411764,0.064291247095275,-0.27949659150498163,0.0,0.8473563501245275,0,1,0,0,0,대한유화,883350000000,8834억,31.2억,2.23%,0.3,5.2,-14.2
084870,1999.0,0.003514056224899642,52335819.0,0.4609444598986595,4.0,-34.0,0.003514056224899642,0,1,-0.0006499025146228243,-0.025305963235652706,-0.054846335697399495,0.5953711093375897,-0.15475687103594082,0.0,0.7782929399367756,0,1,0,0,0,TBH글로벌,41530259680,415억,0.52억,0.35%,0.5,5.2,-32.1
005810,42150.0,0.02305825242718451,959881950.0,0.2584715752771649,4.0,-4.0,0.02305825242718451,0,0,0.02132299491155809,-0.02334472571395474,-0.22232472324723251,0.09480519480519489,-0.2308394160583942,0.0,0.34607559700507984,0,1,0,0,0,풍산홀딩스,606247128600,6062억,9.6억,2.31%,0.3,5.2,-3.8
007310,343000.0,-0.020000000000000018,1321236000.0,0.767628859816064,4.0,-60.0,-0.020000000000000018,0,1,-0.019019019019019034,-0.036178433438707414,-0.072972972972973,-0.08776595744680848,-0.20785219399538102,0.0,0.9975772759496458,1,1,0,0,0,오뚜기,1370677860000,1.37조,13.2억,-2.0%,0.8,5.2,-56.6
439260,71700.0,0.02136752136752129,4483687800.0,0.4316817425766086,4.0,-24.0,0.02136752136752129,0,1,0.018321261184490734,-0.09692046098620821,-0.17586206896551726,0.06696428571428581,,0.0,0.7397823579084827,0,1,0,0,0,대한조선,2670019973000,2.67조,44.8억,2.14%,0.4,5.2,-22.6
008870,44400.0,-0.0022471910112359383,27172800.0,0.5782586101006284,4.0,-29.0,-0.0022471910112359383,0,1,0.0028232636928289256,-0.004763239002521735,-0.01552106430155209,-0.10932798395185561,-0.28846153846153844,0.0,1.079755987347492,0,1,0,0,0,금비,44400000000,444억,0.27억,-0.22%,0.6,5.2,-27.4
249420,22350.0,-0.030368763557483747,2386108350.0,0.4232702913900826,4.0,-46.0,-0.030368763557483747,0,1,0.011770031688546956,-0.0653423941453215,-0.16914498141263945,-0.46402877697841727,-0.4954853273137697,0.0,1.0995661860093286,1,1,0,0,1,일동제약,705533019600,7055억,23.9억,-3.04%,0.4,5.2,-43.4
014710,7600.0,-0.01935483870967747,7022400.0,0.04554944012146517,4.0,-4.0,-0.01935483870967747,0,0,0.016042780748663166,-0.016181229773462813,0.031207598371777445,-0.18015102481121903,-0.24,0.0,0.7836726974721049,0,1,0,0,0,사조씨푸드,131205297660,1312억,0.07억,-1.94%,0.0,5.2,-3.8
326030,95400.0,-0.024539877300613466,10814448600.0,0.529214054641273,4.0,-30.0,-0.024539877300613466,0,0,-0.01563225506887478,-0.03321425856958271,-0.02254098360655743,-0.237410071942446,-0.32196162046908317,0.0,1.1988129136460504,0,1,0,0,0,SK바이오팜,7572891275000,7.57조,108억,-2.45%,0.5,5.2,-28.3
088980,11080.0,-0.008057296329453845,10585012080.0,0.5433516622081533,3.0,-37.0,-0.008057296329453845,0,1,-0.00583221175414983,-0.01370838525903506,-0.02206531332744921,-0.003597122302158251,-0.07512520868113526,0.0,1.021768458108122,0,1,0,0,0,맥쿼리인프라,5306455682440,5.31조,106억,-0.81%,0.5,3.9,-34.9
001065,25550.0,0.0019607843137254832,4496800.0,0.8633799362276183,3.0,-29.0,0.0019607843137254832,0,1,0.013687760365006962,-0.0047716428084526585,-0.03402646502835538,-0.125,-0.14833333333333332,0.0,0.8036790848662855,0,1,0,0,0,JW중외제약우,8617165200,86억,0.04억,0.2%,0.9,3.9,-27.4
128820,6310.0,-0.03516819571865448,2105016000.0,0.23473640758515238,3.0,-73.0,-0.03516819571865448,0,1,-0.07219526540214671,-0.08191473883311506,-0.0841799709724238,-0.02170542635658912,-0.4657070279424217,0.0,2.3436281888695056,1,0,0,0,0,대성산업,284983511400,2850억,21.1억,-3.52%,0.2,3.9,-68.9
011790,151600.0,0.06685432793807178,136387849600.0,0.9504646564787551,3.0,42.0,0.06685432793807178,1,0,0.08994176432525713,0.0935583928442616,0.5991561181434599,0.5781638750377365,-0.12923607122343483,0.0,0.8089944343070192,0,1,0,0,0,SKC,5771128615200,5.77조,1364억,6.69%,1.0,3.9,39.6
014285,7000.0,0.002865329512893977,3143000.0,0.10839781273010395,3.0,-30.0,0.002865329512893977,0,0,-0.006669504753795907,-0.016301292861158,0.0,-0.14634146341463417,-0.4871794871794872,0.0,0.7935361181285132,0,1,0,0,0,금강공업우,4117327500,41억,0.03억,0.29%,0.1,3.9,-28.3
000225,4230.0,-0.00936768149882905,11201040.0,0.17118273174799678,3.0,-45.0,-0.00936768149882905,0,1,-0.0028288543140028155,-0.025457896555696302,-0.011682242990654235,-0.13849287169042768,-0.19428571428571428,0.5,0.8930369603730095,1,1,0,0,0,유유제약1우,9770468300,98억,0.11억,-0.94%,0.2,3.9,-42.5
000070,58900.0,-0.010084033613445342,577220000.0,0.6804492353625302,3.0,-40.0,-0.010084033613445342,0,1,-0.02467295909918865,-0.08026233603997501,-0.11561561561561562,0.04804270462633453,-0.20939597315436242,0.5,1.1866573465374541,0,1,0,0,0,삼양홀딩스,454922992600,4549억,5.8억,-1.01%,0.7,3.9,-37.7
004990,26900.0,-0.009208103130755041,2954184900.0,0.3477835964619627,3.0,-35.0,-0.009208103130755041,0,1,-0.025009061254077536,-0.061082024432809745,-0.042704626334519546,0.0653465346534654,-0.3031088082901554,0.0,1.0923179964862713,0,1,0,0,0,롯데지주,2621157308800,2.62조,29.5억,-0.92%,0.3,3.9,-33.0
008350,1649.0,-0.03567251461988308,4026266009.0,0.2369308085449268,2.0,-36.0,-0.03567251461988308,0,0,-0.0776889087756586,-0.15845879050778255,-0.23833718244803692,0.3014996053670087,-0.4646103896103896,0.0,0.506281986674745,0,0,0,0,0,남선알미늄,209882600340,2099억,40.3억,-3.57%,0.2,2.6,-34.0
003075,14460.0,-0.020325203252032575,8892900.0,0.12009959478592003,2.0,-56.0,-0.020325203252032575,0,1,-0.008298470612440823,-0.04633140972794725,-0.10353378797272161,-0.022312373225152116,-0.14234875444839856,0.0,1.722082215936226,0,1,0,0,0,코오롱글로벌우,10748093870,107억,0.09억,-2.03%,0.1,2.6,-52.8
003300,16720.0,0.0017974835230676334,143022880.0,0.3349065930086193,2.0,-35.0,0.0017974835230676334,0,1,-0.035699867351058345,-0.040514174222426313,-0.0227936879018118,0.05889803673210903,-0.16400000000000003,0.0,0.9860830720936705,0,0,0,0,0,한일홀딩스,513675847440,5137억,1.4억,0.18%,0.3,2.6,-33.0
284740,22850.0,-0.021413276231263434,403942300.0,0.9059949518891978,2.0,-43.0,-0.021413276231263434,0,1,-0.027245636441038723,-0.0461281569609685,-0.02558635394456288,-0.0021834061135370675,-0.2664526484751204,0.5,1.241348275619026,0,1,0,0,0,쿠쿠홈시스,511571124000,5116억,4.0억,-2.14%,0.9,2.6,-40.6
035000,7300.0,-0.025367156208277675,146029200.0,0.3395665281512263,2.0,-66.0,-0.025367156208277675,0,1,-0.045626879330631476,-0.11370120803739447,-0.11407766990291257,-0.13609467455621305,-0.21505376344086025,0.8,1.9671618446147092,0,0,0,0,0,HS애드,118802030520,1188억,1.5억,-2.54%,0.3,2.6,-62.3
499790,44150.0,-0.03602620087336239,2889131850.0,0.3634907308169473,2.0,-20.0,-0.03602620087336239,0,0,-0.0877156731067259,-0.1459935199961313,-0.014508928571428603,0.014942528735632177,-0.31656346749226005,0.0,0.7437419181920223,0,0,0,0,0,GS피앤엘,872557004000,8726억,28.9억,-3.6%,0.4,2.6,-18.9
096760,3850.0,-0.020356234096692072,186748100.0,0.4264904878008035,2.0,-25.0,-0.020356234096692072,0,1,-0.01622588475788933,-0.05422833630166435,-0.038701622971285876,0.10000000000000009,-0.13870246085011184,0.0,0.8226820981932154,0,1,0,0,0,JW홀딩스,283502152570,2835억,1.9억,-2.04%,0.4,2.6,-23.6
481850,998.0,-0.010901883052527261,25050798.0,0.23607206776785353,2.0,-54.0,-0.010901883052527261,0,1,0.003317583190911799,-0.06422878574777313,-0.10573476702508966,-0.22635658914728685,-0.37034700315457414,0.0,1.045142301731694,0,1,0,0,0,신한글로벌액티브리츠,43434186336,434억,0.25억,-1.09%,0.2,2.6,-50.9
175330,25400.0,0.00994035785288272,3282594400.0,0.2503290949366255,2.0,-34.0,0.00994035785288272,0,1,0.004945598417408492,-0.02877353981454933,-0.16171617161716167,0.03462321792260692,-0.32266666666666666,0.0,1.115989154371876,0,1,0,0,0,JB금융지주,4762815675200,4.76조,32.8억,0.99%,0.3,2.6,-32.1
000545,6620.0,-0.010463378176382654,5627000.0,0.24703916297318898,2.0,-53.0,-0.010463378176382654,0,1,-0.012677106636838187,-0.03392922291134626,-0.0474820143884892,-0.08940852819807432,-0.3701236917221694,0.5,1.2538351007852344,0,1,0,0,0,흥국화재우,5107200000,51억,0.06억,-1.05%,0.2,2.6,-50.0
006805,19450.0,0.003094378545642096,880287550.0,0.2327229833421476,1.0,-46.0,0.003094378545642096,0,1,-0.031084985553452182,-0.09962040551800755,-0.09534883720930232,0.3026588975956064,-0.2900941674574786,0.0,0.8047883915882833,0,0,0,0,0,미래에셋증권우,268987582500,2690억,8.8억,0.31%,0.2,1.3,-43.4
330590,3945.0,0.011538461538461497,1157814105.0,0.610559200613869,1.0,-44.0,0.011538461538461497,0,1,0.003816793893129722,-0.05310531053105305,-0.17121848739495793,-0.01743462017434616,-0.1865979381443299,0.0,0.7443585533760337,0,1,0,0,0,롯데리츠,1132758025280,1.13조,11.6억,1.15%,0.6,1.3,-41.5
377300,48950.0,-0.02100000000000002,8284885400.0,0.2967512478089102,1.0,-80.0,-0.02100000000000002,0,1,-0.03318190795970766,-0.09149962880475127,-0.07291666666666663,-0.006091370558375608,-0.47814498933901917,0.0,0.9457764214487141,1,0,0,0,0,카카오페이,6566692151250,6.57조,82.8억,-2.1%,0.3,1.3,-75.5
009290,7270.0,-0.03835978835978837,1201418390.0,0.6510961788872538,1.0,-50.0,-0.03835978835978837,0,1,-0.029631607047517328,-0.07694261046216355,-0.11771844660194175,0.24914089347079038,-0.34386281588447654,0.0,0.8870406115133288,0,1,0,0,0,광동제약,359056615680,3591억,12.0억,-3.84%,0.7,1.3,-47.2
089470,4460.0,-0.007786429365962189,275043740.0,0.476296581491326,1.0,-58.0,-0.007786429365962189,0,1,-0.04003443822643138,-0.12031558185404334,-0.10441767068273089,0.07340553549939832,-0.3138461538461539,0.0,1.291075473633454,0,0,0,0,0,HDC현대EP,143390500000,1434억,2.8억,-0.78%,0.5,1.3,-54.7
032350,18970.0,-0.0196382428940568,6023107790.0,0.5154935266805449,1.0,-18.0,-0.0196382428940568,0,0,-0.006598240469208205,-0.04957539016508428,0.09907300115874862,-0.11355140186915891,-0.28549905838041434,0.0,0.918192209827653,0,1,0,0,0,롯데관광개발,1495711696460,1.50조,60.2억,-1.96%,0.5,1.3,-17.0
004255,2300.0,0.004366812227074135,655500.0,0.02489300375578653,1.0,-45.0,0.004366812227074135,0,1,-0.008406984263850004,-0.023872679045092826,-0.04166666666666663,-0.07999999999999996,-0.16967509025270755,0.5,0.7730805097917314,0,1,0,0,0,NPC우,12091200000,121억,0.01억,0.44%,0.0,1.3,-42.5
019170,11050.0,0.008211678832116709,1349392850.0,0.36601519935535143,1.0,-17.0,0.008211678832116709,0,0,0.00454545454545463,-0.01882436512164798,0.06763285024154597,-0.15519877675840976,-0.3802579921480651,0.0,0.6975897463838632,0,1,0,0,0,신풍제약,569789334140,5698억,13.5억,0.82%,0.4,1.3,-16.0
082640,7680.0,-0.01538461538461533,180587520.0,0.041943264216610904,1.0,-45.0,-0.01538461538461533,0,1,-0.00026034886748238506,-0.03969990622069397,-0.11008111239860952,0.24675324675324672,-0.15604395604395604,0.0,0.3979665041765261,0,1,0,0,0,동양생명,1212606254370,1.21조,1.8억,-1.54%,0.0,1.3,-42.5
011155,13090.0,0.007698229407236301,143990.0,0.02502844141069397,1.0,-29.0,0.007698229407236301,0,1,0.0013003901170351995,-0.007054539937798698,0.006923076923077032,-0.15384615384615385,-0.29585798816568043,0.0,0.718128390596745,0,1,0,0,0,CJ씨푸드1우,2602000000,26억,0.00억,0.77%,0.0,1.3,-27.4
071970,81800.0,0.011124845488257096,13037038600.0,0.36172866797912473,1.0,-9.0,0.011124845488257096,0,0,0.015518311607697122,-0.11558006270948207,0.04336734693877542,-0.18606965174129353,-0.2917748917748918,0.0,0.6298621516875432,0,1,0,0,0,HD현대마린엔진,2744248945500,2.74조,130억,1.11%,0.4,1.3,-8.5
016710,7900.0,-0.010025062656641603,132664700.0,0.6436319037215898,1.0,-60.0,-0.010025062656641603,0,1,-0.027213397364856506,-0.049280943498405394,-0.06064209274673005,-0.053892215568862256,-0.289568345323741,0.0,0.9085212921522576,1,1,0,0,0,대성홀딩스,125336885610,1253억,1.3억,-1.0%,0.6,1.3,-56.6
004920,1073.0,0.00940733772342428,196761375.0,0.4995280532503034,1.0,-9.0,0.00940733772342428,0,0,0.004869825810076778,-0.06124234470691159,0.0065666041275798115,-0.13467741935483868,-0.29221635883905017,0.0,0.5892410323266183,0,1,0,0,0,씨아이테크,55101944832,551억,2.0억,0.94%,0.5,1.3,-8.5
002920,1816.0,-0.009814612868047967,16144240.0,0.12976899221750976,1.0,-34.0,-0.009814612868047967,0,1,0.0056484660538265175,-0.02012626126369177,0.005537098560354448,-0.17828054298642537,-0.2662626262626263,0.0,0.644848451509984,0,1,0,0,0,유성기업,46731447500,467억,0.16억,-0.98%,0.1,1.3,-32.1
001460,42250.0,-0.026497695852534586,45461000.0,0.24009014537056667,1.0,-48.0,-0.026497695852534586,0,1,-0.049065946432590546,-0.1061038823653867,-0.10297239915074308,0.06962025316455689,-0.2946577629382304,0.0,1.200577630861505,0,0,0,0,0,BYC,263587530000,2636억,0.45억,-2.65%,0.2,1.3,-45.3
090430,118200.0,-0.015000000000000013,12631088400.0,0.31747267248996,1.0,-60.0,-0.015000000000000013,0,1,-0.021361152508693526,-0.08261865031627147,-0.08443067389620451,-0.008389261744966459,-0.28407026044821315,0.0,0.7817919620219979,1,1,0,0,0,아모레퍼시픽,6943090493300,6.94조,126억,-1.5%,0.3,1.3,-56.6
005750,5040.0,-0.03076923076923077,111207600.0,0.4335213268326419,0.0,-45.0,-0.03076923076923077,0,1,-0.02021772939346811,-0.05917491133096886,-0.09677419354838712,0.0815450643776825,-0.18578352180936997,0.0,0.6223986541685074,0,1,0,0,0,대림바스,83127122400,831억,1.1억,-3.08%,0.4,0.0,-42.5
030200,54900.0,-0.016129032258064502,14286352500.0,0.6433185720490844,0.0,-50.0,-0.016129032258064502,0,1,-0.045134359509522604,-0.0669216061185468,-0.09999999999999998,0.05576923076923079,-0.20319303338171257,0.0,0.9929059634449203,0,0,0,0,0,KT,13659575327000,13.66조,143억,-1.61%,0.6,0.0,-47.2
003460,3180.0,-0.012422360248447228,185823300.0,0.28759405804640775,0.0,-45.0,-0.012422360248447228,0,1,-0.02796882164144887,-0.07785993910395828,-0.054977711738484425,0.18435754189944142,-0.237410071942446,0.0,0.6091589686800581,0,1,0,0,0,유화증권,181164215925,1812억,1.9억,-1.24%,0.3,0.0,-42.5
002600,141000.0,-0.01673640167364021,8319000.0,0.24220032840722497,0.0,-25.0,-0.01673640167364021,0,0,-0.02320748181503296,-0.030894532458160096,-0.01191310441485638,-0.11819887429643527,-0.13123844731977818,0.0,0.46252829739068274,0,1,0,0,0,조흥,84480000000,845억,0.08억,-1.67%,0.2,0.0,-23.6
075580,17360.0,0.05084745762711873,1835524880.0,0.3200378961578684,0.0,-19.0,0.05084745762711873,0,0,0.0430185051670271,-0.061925861882632605,-0.01976284584980237,-0.14901960784313728,-0.3348659003831418,0.0,0.576505233830258,0,1,0,0,0,세진중공업,976105159520,9761억,18.4억,5.08%,0.3,0.0,-17.9
001685,15850.0,-0.005021971123666091,71214050.0,0.5437327927873415,0.0,-45.0,-0.005021971123666091,0,1,-0.00564617314930993,-0.028799019607843146,-0.02401477832512311,-0.06323877068557915,-0.11501954215522059,0.0,1.044882624032003,0,1,0,0,0,대상우,21745439010,217억,0.71억,-0.5%,0.5,0.0,-42.5
004720,3625.0,-0.014945652173913082,123340625.0,0.3044187011945918,0.0,-25.0,-0.014945652173913082,0,0,-0.025537634408602128,-0.062217048247316,-0.006849315068493178,-0.14302600472813243,-0.2639593908629442,0.0,0.6930199089913681,0,1,0,0,0,팜젠사이언스,79475297240,795억,1.2억,-1.49%,0.3,0.0,-23.6
001680,19640.0,-0.018000000000000016,1107460320.0,0.5457884764760114,0.0,-45.0,-0.018000000000000016,0,1,-0.01795089754487722,-0.030458606901318075,-0.027722772277227747,-0.05349397590361449,-0.20162601626016263,0.0,1.1197533860413886,0,1,0,0,0,대상,677368888750,6774억,11.1억,-1.8%,0.5,0.0,-42.5
016610,11950.0,-0.01968826907301069,540271450.0,0.28946600114221616,0.0,-35.0,-0.01968826907301069,0,0,-0.06333281078538955,-0.12556710083418698,-0.06421299921691459,0.0,-0.31908831908831914,0.0,0.8707670479728243,0,0,0,0,0,DB증권,507234348550,5072억,5.4억,-1.97%,0.3,0.0,-33.0
101530,6410.0,-0.012326656394452962,148397910.0,0.3062850550594716,0.0,-45.0,-0.012326656394452962,0,1,-0.004503804938655098,-0.00873733859120085,-0.006201550387596955,-0.04754829123328386,-0.21542227662178703,0.0,1.1390244134443435,0,1,0,0,0,해태제과식품,184891819700,1849억,1.5억,-1.23%,0.3,0.0,-42.5
071950,1842.0,0.0672074159907301,201746892.0,0.568724415099346,0.0,1.0,0.0672074159907301,0,0,0.13165816796707008,0.1589643564979395,0.26337448559670773,-0.38803986710963456,-0.8365572315882874,0.0,0.7985551503156766,1,1,1,0,1,코아스,25105277925,251억,2.0억,6.72%,0.6,0.0,0.9
26490K,8940.0,0.0,20177580.0,1.247892074198988,0.0,-43.0,0.0,0,1,-0.005340453938584733,-0.023271058669288802,-0.025081788440567077,-0.06680584551148228,-0.16837209302325584,0.0,1.2660830872873954,0,1,0,0,0,크라운제과우,6900155200,69억,0.20억,0.0%,1.2,0.0,-40.6
001275,32000.0,-0.006211180124223614,38816000.0,0.1461058514610585,0.0,-50.0,-0.006211180124223614,0,1,-0.03759398496240607,-0.07880532565671106,-0.09985935302391002,0.14081996434937616,-0.17205692108667525,0.0,0.8719571490060419,0,0,0,0,0,부국증권우,96000000000,960억,0.39억,-0.62%,0.1,0.0,-47.2
051600,54500.0,-0.001831501831501825,3932611000.0,0.3595637079739548,0.0,-40.0,-0.001831501831501825,0,1,-0.011068771547813494,-0.06509992280641563,-0.05217391304347829,0.09327983951855567,-0.19259259259259254,0.0,0.8541393890917292,0,1,0,0,0,한전KPS,2430000000000,2.43조,39.3억,-0.18%,0.4,0.0,-37.7
234080,11880.0,-0.018181818181818188,188499960.0,0.37620921851289835,0.0,-45.0,-0.018181818181818188,0,1,-0.013616738625041536,-0.045668152789492655,-0.04807692307692313,-0.055643879173290944,-0.23354838709677417,0.0,1.177216133998924,0,1,0,0,0,JW생명과학,186689391660,1867억,1.9억,-1.82%,0.4,0.0,-42.5
214420,6600.0,-0.013452914798206317,468857400.0,0.25659289396720086,0.0,-35.0,-0.013452914798206317,0,0,-0.025686448184233823,-0.078083531219444,-0.02941176470588236,-0.26091825307950733,-0.48072383949645947,0.0,0.5506096813650303,0,1,0,0,0,토니모리,157799481440,1578억,4.7억,-1.35%,0.3,0.0,-33.0
001560,10360.0,-0.0038461538461538325,4081840.0,0.05074899854450842,0.0,-45.0,-0.0038461538461538325,0,1,-0.02171860245514634,-0.07164299475782965,-0.05215004574565418,0.0780437044745057,-0.14942528735632188,0.0,0.6529476792058849,0,1,0,0,0,제일연마,80028000000,800억,0.04억,-0.38%,0.1,0.0,-42.5
005305,76400.0,-0.012919896640826822,76018000.0,0.6495202036686467,0.0,-25.0,-0.012919896640826822,0,1,-0.022892953063051502,-0.03965809817107657,-0.04380475594493116,0.014608233731739695,-0.17849462365591395,0.0,1.130740074833568,0,1,0,0,0,롯데칠성우,59078622000,591억,0.76억,-1.29%,0.6,0.0,-23.6
0126Z0,500000.0,0.0,7879500000.0,0.29362280118276385,0.0,-29.0,0.0,0,1,0.001101211332465768,-0.04026104899467342,-0.03288201160541582,-0.2732558139534884,,0.0,0.8161045843225149,0,1,0,0,0,삼성에피스홀딩스,12192694010000,12.19조,78.8억,0.0%,0.3,0.0,-27.4
091810,919.0,-0.015005359056806,1163473299.0,0.8198475717534428,0.0,-31.0,-0.015005359056806,0,1,0.036544101060230094,0.009501839951666868,-0.0032537960954447387,-0.282591725214676,-0.5583853916386352,0.0,0.9441624023917431,1,1,0,0,1,트리니티항공,374563322895,3746억,11.6억,-1.5%,0.8,0.0,-29.2
210980,12200.0,-0.0008190008190007703,84289800.0,0.21578554496078756,0.0,-45.0,-0.0008190008190007703,0,1,-0.010222294337173476,-0.02893302025709399,-0.04761904761904767,-0.04538341158059467,-0.10162002945508097,0.0,1.1760492529822981,0,1,0,0,0,SK디앤디,227132060400,2271억,0.84억,-0.08%,0.2,0.0,-42.5
029530,42450.0,-0.019630484988452657,436046400.0,0.7482871785158826,-1.0,-76.0,-0.019630484988452657,0,1,-0.04681711013809364,-0.102252299883684,-0.15940594059405944,-0.08611410118406893,-0.3418604651162791,0.8,1.505554280329572,0,0,0,0,0,신도리코,411461123150,4115억,4.4억,-1.96%,0.7,-1.3,-71.7
338100,4515.0,-0.01526717557251911,247941225.0,0.5427764475644742,-1.0,-17.0,-0.01526717557251911,0,1,-0.001216679570843926,-0.02362545277612582,-0.046462513199577615,0.022650056625141524,-0.08603238866396756,0.0,0.7858823362814672,0,1,0,0,0,NH프라임리츠,84436500000,844억,2.5억,-1.53%,0.5,-1.3,-16.0
114090,11300.0,-0.036658141517476595,2709480100.0,0.6250680230744696,-1.0,-55.0,-0.036658141517476595,0,1,-0.040502674704933295,-0.0451645612404411,-0.04721753794266437,-0.19572953736654808,-0.35391652372784443,0.0,1.0901603082985836,1,1,0,0,0,GKL,698969071000,6990억,27.1억,-3.67%,0.6,-1.3,-51.9
051630,1950.0,-0.032258064516129004,197443350.0,0.5098954556441866,-1.0,-55.0,-0.032258064516129004,0,1,-0.001893842452781902,-0.03517886299539852,-0.034653465346534684,-0.19917864476386038,-0.4372294372294372,0.0,1.143276309931019,1,1,0,0,0,진양화학,40958400000,410억,2.0억,-3.23%,0.5,-1.3,-51.9
097230,23200.0,0.02882483370288247,12489720000.0,0.28820477973453845,-2.0,-59.0,0.02882483370288247,0,1,0.0002155636990730514,-0.11204669409625878,-0.08300395256916993,-0.11619047619047618,-0.30434782608695654,0.0,0.5134450374421448,0,1,0,0,0,HJ중공업,2036160007200,2.04조,125억,2.88%,0.3,-2.6,-55.7
207940,1430000.0,0.010600706713780994,24731850000.0,0.2509323817393191,-2.0,-44.0,0.010600706713780994,0,1,0.021063905747947143,-0.008734229862747855,-0.09493670886075944,-0.23855165069222573,-0.27226463104325704,0.0,0.9545999382004096,0,1,0,0,0,삼성바이오로직스,65964605175000,65.96조,247억,1.06%,0.3,-2.6,-41.5
088260,4265.0,-0.024027459954233388,380557420.0,0.8181371398392113,-2.0,-60.0,-0.024027459954233388,0,1,-0.006637941073716069,-0.0676576675046453,-0.1278118609406953,-0.07683982683982682,-0.20131086142322097,0.0,1.1297789722048819,0,1,0,0,0,이리츠코크렙,277119456250,2771억,3.8억,-2.4%,0.8,-2.6,-56.6
004835,6260.0,0.0048154093097914075,6253740.0,0.08677109888344096,-2.0,-9.0,0.0048154093097914075,0,0,0.015244891339604383,-0.02787483500271759,0.034710743801652955,-0.11706629055007056,-0.26611957796014063,0.0,0.34562599197087107,0,1,0,0,0,덕성우,8616480000,86억,0.06억,0.48%,0.1,-2.6,-8.5
126560,3025.0,-0.0032948929159802853,63343500.0,0.16285517632922566,-2.0,-58.0,-0.0032948929159802853,0,1,-0.0164200942936108,-0.05799922148695991,-0.08054711246200608,-0.011437908496731986,-0.17123287671232879,0.0,1.2581977295139655,0,1,0,0,0,현대퓨처넷,325419099200,3254억,0.63억,-0.33%,0.2,-2.6,-54.7
003570,48950.0,0.026205450733752578,1169562350.0,0.20719731657231658,-2.0,-34.0,0.026205450733752578,0,0,0.0033821871476888976,-0.06748583130923469,-0.07291666666666663,-0.10347985347985345,-0.34383378016085786,0.0,0.5498794435686367,0,1,0,0,0,SNT다이내믹스,1604442630250,1.60조,11.7억,2.62%,0.2,-2.6,-32.1
024090,11600.0,-0.008547008547008517,24905200.0,0.18532905186105933,-2.0,-60.0,-0.008547008547008517,0,1,-0.030910609857978333,-0.05352480417754568,-0.06451612903225812,-0.008547008547008517,-0.20765027322404372,0.0,1.103118761304111,0,1,0,0,0,디씨엠,132354000000,1324억,0.25억,-0.85%,0.2,-2.6,-56.6
011700,3725.0,-0.010624169986719778,733284875.0,0.1343075368664313,-2.0,-65.0,-0.010624169986719778,0,1,-0.03883369887756416,-0.13472706155632985,-0.13170163170163174,0.22937293729372943,-0.31901279707495434,0.0,0.3540543026472628,0,0,0,0,0,한신기계,117779528130,1178억,7.3억,-1.06%,0.1,-2.6,-61.3
002760,1024.0,-0.007751937984496138,125405184.0,0.13269411550041846,-2.0,-38.0,-0.007751937984496138,0,1,-0.002824033498880163,-0.045310460563117605,-0.09938434476693048,0.007874015748031482,-0.2260015117157974,0.0,1.2775906988950272,0,1,0,0,0,보락,60678700000,607억,1.3억,-0.78%,0.1,-2.6,-35.8
033920,8030.0,-0.00864197530864197,160559850.0,0.303534019491757,-2.0,-58.0,-0.00864197530864197,0,1,-0.02972450459159015,-0.06333838796220692,-0.08853575482406362,-0.08333333333333337,-0.22788461538461535,0.0,1.3537838736542822,0,1,0,0,0,무학,227715000000,2277억,1.6억,-0.86%,0.3,-2.6,-54.7
009770,28300.0,-0.0035211267605633756,41601000.0,1.1229517589091327,-2.0,-60.0,-0.0035211267605633756,0,1,-0.022790055248618768,-0.060268968952349344,-0.0987261146496815,-0.051926298157453976,-0.22359396433470513,0.0,1.0950034380013753,0,1,0,0,0,삼정펄프,70624180750,706억,0.42억,-0.35%,1.1,-2.6,-56.6
036580,2675.0,-0.053097345132743334,294049375.0,0.8655692421928489,-2.0,-60.0,-0.053097345132743334,0,1,-0.09121793782911503,-0.16510611735330838,-0.1942771084337349,0.15053763440860224,-0.34993924665856624,0.5,0.9971175948528028,1,0,0,0,0,팜스코,100450924105,1005억,2.9억,-5.31%,0.9,-2.6,-56.6
053210,4435.0,-0.01114827201783719,56674865.0,0.2021646600227651,-2.0,-60.0,-0.01114827201783719,0,1,-0.012139436462857756,-0.05174257002351934,-0.06236786469344613,-0.0750782064650678,-0.1892138939670932,0.0,1.0450005809350624,0,1,0,0,0,스카이라이프,210289075875,2103억,0.57억,-1.11%,0.2,-2.6,-56.6
009970,196600.0,-0.026732673267326756,1373251000.0,0.35587188612099646,-2.0,-40.0,-0.026732673267326756,0,1,-0.016409845907544574,-0.03740697218958089,-0.11838565022421521,0.043524416135881205,-0.2136,0.0,1.1066518871708035,0,1,0,0,0,영원무역홀딩스,2624251672800,2.62조,13.7억,-2.67%,0.4,-2.6,-37.7
001795,2310.0,-0.017021276595744705,45918180.0,0.47452626151223914,-2.0,-58.0,-0.017021276595744705,0,1,-0.007092198581560294,-0.03428093645484953,-0.07599999999999996,-0.07968127490039845,-0.190893169877408,0.0,1.3019577860644485,0,1,0,0,0,대한제당우,14845520400,148억,0.46억,-1.7%,0.5,-2.6,-54.7
000105,74100.0,-0.009358288770053513,110038500.0,0.2568271043392539,-2.0,-59.0,-0.009358288770053513,0,1,0.019958706125258185,-0.0050352467270896595,-0.12203791469194314,-0.27066929133858264,-0.34598411297440423,0.0,0.6460731734711068,0,1,0,0,0,유한양행우,86326714000,863억,1.1억,-0.94%,0.3,-2.6,-55.7
001790,2700.0,-0.016393442622950838,259731900.0,0.2219093402870171,-2.0,-58.0,-0.016393442622950838,0,1,-0.01026392961876832,-0.037175715431933654,-0.09243697478991597,-0.007352941176470562,-0.19402985074626866,0.0,1.3620652368708055,0,1,0,0,0,대한제당,231990751350,2320억,2.6억,-1.64%,0.2,-2.6,-54.7
006660,12090.0,0.003319502074688785,454620270.0,0.09526690466291761,-2.0,-25.0,0.003319502074688785,0,0,-0.01217419723833646,-0.05321273346646305,0.04404145077720201,-0.10311572700296734,-0.2663834951456311,0.0,0.36495343763539584,0,1,0,0,0,삼성공조,97028189160,970억,4.5억,0.33%,0.1,-2.6,-23.6
006740,589.0,0.0,0.0,0.0,-2.0,-17.0,0.0,0,0,0.0,-0.01364816210332409,0.07481751824817517,-0.2525380710659898,-0.4769094138543517,0.0,0.0,0,1,0,0,0,블루산업개발,33558621332,336억,0.00억,0.0%,0.0,-2.6,-16.0
446070,2740.0,0.00366300366300365,20284220.0,0.18491089158371946,-2.0,-54.0,0.00366300366300365,0,1,0.015002778292276364,-0.05132865922271268,-0.0897009966777409,-0.12319999999999998,-0.38907469342251955,0.0,0.8571042167502129,0,1,0,0,0,유니드비티플러스,28968616950,290억,0.20억,0.37%,0.2,-2.6,-50.9
002320,17860.0,-0.0033482142857143016,272025660.0,0.477289499537,-2.0,-60.0,-0.0033482142857143016,0,1,-0.00545717785944988,-0.039320101124199924,-0.06000000000000005,-0.07843137254901966,-0.22008733624454146,0.0,1.1865216070435693,0,1,0,0,0,한진,274679503200,2747억,2.7억,-0.33%,0.5,-2.6,-56.6
015760,41000.0,0.032745591939546514,43915305000.0,0.44504638696712817,-2.0,-54.0,0.032745591939546514,0,1,0.040213116833692775,-0.0243322029864953,-0.055299539170506895,-0.17004048582995956,-0.3961708394698086,0.0,0.9923661624270207,0,1,0,0,0,한국전력,25967446914650,25.97조,439억,3.27%,0.4,-2.6,-50.9
034310,12790.0,-0.028115501519756836,434744890.0,0.6647969192194783,-2.0,-40.0,-0.028115501519756836,0,1,-0.028410817380735365,-0.06475083177945962,-0.05189028910303928,0.021565495207667817,-0.17109526895657812,0.0,1.1315112842234956,0,1,0,0,0,NICE,476005183150,4760억,4.3억,-2.81%,0.7,-2.6,-37.7
002200,2645.0,0.007619047619047636,105604270.0,0.22474914429997248,-2.0,-49.0,0.007619047619047636,0,1,0.003604629102637036,-0.0255134935986,-0.05535714285714288,-0.15359999999999996,-0.18615384615384611,0.0,0.45095040001139963,0,1,0,0,0,한국수출포장,99750000000,998억,1.1억,0.76%,0.2,-2.6,-46.2
035720,41200.0,-0.015531660692950977,32550554400.0,0.40719623174100145,-3.0,-70.0,-0.015531660692950977,0,1,-0.032863849765258246,-0.08076751450245423,-0.12896405919661735,-0.29209621993127144,-0.4147727272727273,0.0,1.1117573357058625,1,1,0,0,0,카카오,18308075950300,18.31조,326억,-1.55%,0.4,-3.9,-66.0
036420,5540.0,-0.1316614420062696,1248012420.0,2.0603414924586856,-3.0,-66.0,-0.1316614420062696,0,1,-0.017556304309274684,-0.042019712951755106,-0.0735785953177257,-0.12063492063492065,-0.593841642228739,0.0,1.711458218357783,1,1,0,0,0,콘텐트리중앙,106520563240,1065억,12.5억,-13.17%,2.1,-3.9,-62.3
001440,53900.0,-0.01642335766423353,154641633300.0,0.2067739506797505,-3.0,1.0,-0.01642335766423353,1,0,-0.0800477897252091,-0.0726881720430107,0.7730263157894737,1.069097888675624,-0.2544951590594744,0.0,0.4097703680286196,0,0,0,0,0,대한전선,10446405366800,10.45조,1546억,-1.64%,0.2,-3.9,0.9
003535,8030.0,0.006265664160401085,138678100.0,0.21286613715136543,-3.0,-55.0,0.006265664160401085,0,1,-0.014240117849251166,-0.08521303258145363,-0.09876543209876543,0.05797101449275366,-0.43049645390070923,0.0,0.6635946873603982,0,1,0,0,0,한화투자증권우,38352000000,384억,1.4억,0.63%,0.2,-3.9,-51.9
001270,65200.0,-0.0015313935681470214,522512800.0,0.4672940792312447,-3.0,-60.0,-0.0015313935681470214,0,1,-0.037780401416765086,-0.08593859526146086,-0.1295060080106809,0.16014234875444844,-0.3688286544046466,0.0,0.7475926388244944,0,0,0,0,0,부국증권,671968612800,6720억,5.2억,-0.15%,0.5,-3.9,-56.6
014830,72900.0,-0.02278820375335122,660692700.0,0.16923832483375878,-3.0,-55.0,-0.02278820375335122,0,1,-0.042049934296977676,-0.12258530420653546,-0.10552147239263798,0.09789156626506035,-0.2561224489795918,0.0,0.5683610630942091,0,0,0,0,0,유니드,488620720000,4886억,6.6억,-2.28%,0.2,-3.9,-51.9
069620,132400.0,-0.027900146842878115,2626551200.0,0.6314415762166979,-3.0,-70.0,-0.027900146842878115,0,1,-0.032870708546384186,-0.06809783565018479,-0.10237288135593225,-0.23290845886442646,-0.31752577319587627,0.0,1.0687561695789964,1,1,0,0,0,대웅제약,1560711652500,1.56조,26.3억,-2.79%,0.6,-3.9,-66.0
214390,6160.0,-0.015974440894568676,282774800.0,0.48116153789310884,-3.0,-45.0,-0.015974440894568676,0,1,-0.004363989009212865,-0.03719912472647702,-0.13361462728551332,0.08641975308641969,-0.2795321637426901,0.0,0.5497986380760536,0,1,0,0,0,경보제약,146309983200,1463억,2.8억,-1.6%,0.5,-3.9,-42.5
023590,43300.0,-0.013667425968109326,858682300.0,0.27230042435805635,-3.0,-40.0,-0.013667425968109326,0,1,-0.0018441678192715472,-0.05267188098233333,-0.07379679144385032,0.1335078534031413,-0.29593495934959346,0.0,0.9900163113933951,0,1,0,0,0,다우기술,1852696953600,1.85조,8.6억,-1.37%,0.3,-3.9,-37.7
023450,29550.0,-0.0016891891891891442,45241050.0,0.6637475071533859,-3.0,-45.0,-0.0016891891891891442,0,1,-0.013767209011264048,-0.02406803451265327,-0.023140495867768562,-0.12184249628528976,-0.1581196581196581,0.5,1.0579681525232034,0,1,0,0,0,동남합성,103250000000,1032억,0.45억,-0.17%,0.7,-3.9,-42.5
000140,8710.0,-0.002290950744558984,115886550.0,0.5453472310460584,-3.0,-45.0,-0.002290950744558984,0,1,-0.0029761904761904656,-0.02507275576449519,-0.04390779363336994,-0.07635206786850479,-0.26123833757421544,0.0,1.136542363775043,0,1,0,0,0,하이트진로홀딩스,201434720200,2014억,1.2억,-0.23%,0.5,-3.9,-42.5
012750,70100.0,-0.008486562942008447,1485278800.0,0.2946971072032357,-3.0,-60.0,-0.008486562942008447,0,1,-0.019991611911086227,-0.07647717541663923,-0.25106837606837606,-0.03576341127922966,-0.25504782146652494,0.0,1.1211981119269943,1,1,0,0,0,에스원,2621943282000,2.62조,14.9억,-0.85%,0.3,-3.9,-56.6
139990,3005.0,-0.027508090614886682,92259510.0,0.07357675106951939,-3.0,-60.0,-0.027508090614886682,0,0,-0.05740276035131742,-0.12658043888969628,-0.07395993836671799,-0.049050632911392444,-0.3247191011235955,0.0,0.40068108488309173,0,0,0,0,0,아주스틸,116653796140,1167억,0.92억,-2.75%,0.1,-3.9,-56.6
084010,10020.0,-0.016683022571148176,142233900.0,0.09985403513708387,-3.0,-50.0,-0.016683022571148176,0,0,-0.05471698113207546,-0.1263024807080263,-0.14432109308283514,-0.07479224376731297,-0.27757750540735404,0.0,0.3364243248020196,0,0,0,0,0,대한제강,343715960000,3437억,1.4억,-1.67%,0.1,-3.9,-47.2
123690,7850.0,-0.013819095477386911,240586800.0,0.07834421916135795,-3.0,-35.0,-0.013819095477386911,0,0,-0.02605459057071957,-0.07161019454792739,-0.027261462205700138,-0.2509541984732825,-0.38431372549019605,0.0,0.31490379357190357,0,1,0,0,0,한국화장품,127097880000,1271억,2.4억,-1.38%,0.1,-3.9,-33.0
014280,5020.0,-0.013752455795677854,469776620.0,0.19622434674010636,-3.0,-35.0,-0.013752455795677854,0,0,-0.009764276555873308,-0.05536999576610058,-0.01953125,-0.11775043936731111,-0.3085399449035813,0.0,0.4503075018196164,0,1,0,0,0,금강공업,147526665710,1475억,4.7억,-1.38%,0.2,-3.9,-33.0
014530,3510.0,-0.011267605633802802,394755660.0,0.3907471589739456,-3.0,-55.0,-0.011267605633802802,0,1,-0.014598540145985384,-0.05828694077402907,-0.0859375,0.06042296072507547,-0.41402337228714525,0.0,0.6175139608228929,0,1,0,0,0,극동유화,121345581600,1213억,3.9억,-1.13%,0.4,-3.9,-51.9
002795,10990.0,-0.015232974910394215,24815420.0,0.1402536740499646,-4.0,-45.0,-0.015232974910394215,0,1,-0.00848069289065323,-0.052708701461018026,-0.02743362831858409,-0.0517687661777394,-0.2104885057471264,0.0,0.8985881009855096,0,1,0,0,0,아모레퍼시픽홀딩스우,69873833400,699억,0.25억,-1.52%,0.1,-5.2,-42.5
001630,45650.0,-0.008686210640608039,149914600.0,0.6871011612093315,-4.0,-25.0,-0.008686210640608039,0,1,-0.010298102981029844,-0.04287661180417235,-0.035902851108764566,0.015572858731924377,-0.19060283687943258,0.0,0.8922047054230632,0,1,0,0,0,종근당홀딩스,229451633800,2295억,1.5억,-0.87%,0.7,-5.2,-23.6
014825,16150.0,-0.008594229588704705,3068500.0,0.30018168891697605,-4.0,-50.0,-0.008594229588704705,0,1,-0.0036399531124683415,-0.01165814999541015,-0.018237082066869248,-0.07077100115074797,-0.14550264550264547,0.0,0.6633116883116883,0,1,0,0,0,동원시스템즈우,4268033760,43억,0.03억,-0.86%,0.3,-5.2,-47.2
030000,18810.0,-0.011560693641618491,3627583740.0,0.46592939328964456,-4.0,-45.0,-0.011560693641618491,0,1,-0.011196972086421675,-0.024251069900142697,-0.017241379310344862,-0.07339901477832511,-0.1874730021598272,0.0,0.9824241065455835,0,1,0,0,0,제일기획,2167376679000,2.17조,36.3억,-1.16%,0.5,-5.2,-42.5
122900,7270.0,-0.016238159675236785,372565690.0,0.5554995506965018,-4.0,-45.0,-0.016238159675236785,0,1,-0.010076252723311585,-0.027099364335898324,-0.01756756756756761,-0.05706874189364464,-0.1536670547147846,0.0,0.8695727842377521,0,1,0,0,0,아이마켓코리아,242024801600,2420억,3.7억,-1.62%,0.6,-5.2,-42.5
033270,19250.0,-0.011299435028248594,1139022500.0,2.0195504222044742,-4.0,-25.0,-0.011299435028248594,0,1,-0.006349042481804568,-0.024625050668828585,-0.03411941796286999,0.03383458646616533,-0.13870246085011184,0.0,0.9674824572887686,0,1,0,0,0,유나이티드제약,303736694750,3037억,11.4억,-1.13%,2.0,-5.2,-23.6
011000,1295.0,-0.012957317073170715,5544841645.0,0.36775601605303465,-4.0,22.0,-0.012957317073170715,1,0,0.06883459887751742,0.2054360979242298,0.8526466380543634,-0.2479674796747967,-0.6578599735799208,0.0,1.4734179418284032,1,0,1,0,1,진원생명과학,117784247472,1178억,55.4억,-1.3%,0.4,-5.2,20.8
075180,2905.0,-0.008532423208191142,22438220.0,0.7890126615897726,-4.0,-45.0,-0.008532423208191142,0,1,-0.013079667063020217,-0.027370888089059964,-0.04754098360655734,-0.08791208791208793,-0.20736698499317874,0.0,0.9453339843329288,0,1,0,0,0,새론오토모티브,55680000000,557억,0.22억,-0.85%,0.8,-5.2,-42.5
058860,2735.0,-0.009057971014492794,281841750.0,0.7553401559497055,-4.0,-25.0,-0.009057971014492794,0,1,-0.008878420003623821,-0.027728403839317406,-0.012635379061371799,0.043893129770992356,-0.134493670886076,0.0,0.8989181499690121,0,1,0,0,0,KTis,94487430000,945억,2.8억,-0.91%,0.8,-5.2,-23.6
090350,8140.0,-0.008526187576126665,419926320.0,0.44000639692947385,-4.0,-25.0,-0.008526187576126665,0,1,-0.002206423142927183,-0.03497332542975695,-0.03440094899169632,0.004938271604938205,-0.18026183282980868,0.0,0.853649638261934,0,1,0,0,0,노루페인트,162400000000,1624억,4.2억,-0.85%,0.4,-5.2,-23.6
039570,7860.0,-0.013801756587201952,58211160.0,0.24392292351801015,-4.0,-45.0,-0.013801756587201952,0,1,-0.006948831332912242,-0.029569726526328832,-0.029629629629629672,-0.028430160692212603,-0.2100502512562814,0.0,0.7638659635694358,0,1,0,0,0,HDC랩스,204545895880,2045억,0.58억,-1.38%,0.2,-5.2,-42.5
00680K,17720.0,-0.010608598548296988,3338288520.0,0.2635406049581015,-5.0,-44.0,-0.010608598548296988,0,1,-0.054277632491861016,-0.11572433754179345,-0.11044176706827313,0.5123325083212427,-0.25546218487394956,0.0,0.9677357345119886,0,0,0,0,0,미래에셋증권2우B,2381925000000,2.38조,33.4억,-1.06%,0.3,-6.5,-41.5
192400,25850.0,-0.018975332068311146,632885550.0,0.8038678114688161,-5.0,-70.0,-0.018975332068311146,0,1,-0.04081632653061229,-0.08039843472073993,-0.06846846846846844,-0.06678700361010825,-0.2561151079136691,0.0,1.1027508945193363,0,0,0,0,0,쿠쿠홀딩스,912170045250,9122억,6.3억,-1.9%,0.8,-6.5,-66.0
034230,14480.0,-0.014965986394557818,3663280720.0,0.37949093802238526,-5.0,-55.0,-0.014965986394557818,0,1,-0.019634394041976977,-0.05371846817409487,-0.022941970310391357,-0.12718505123568413,-0.3877378435517971,0.0,0.9293691964926069,1,1,0,0,0,파라다이스,1331084219340,1.33조,36.6억,-1.5%,0.4,-6.5,-51.9
003545,21300.0,-0.0161662817551963,1278596400.0,0.5600287720519259,-5.0,-40.0,-0.0161662817551963,0,1,-0.021814006888633775,-0.0674255691768827,-0.10691823899371067,0.024038461538461453,-0.28523489932885904,0.0,1.0177166672065125,0,1,0,0,0,대신증권우,535322923750,5353억,12.8억,-1.62%,0.6,-6.5,-37.7
005800,14200.0,-0.015256588072122046,129333600.0,1.3028272266287129,-5.0,-60.0,-0.015256588072122046,0,1,-0.009071877180739651,-0.030617469365464056,-0.05270180120080048,-0.061467283542630535,-0.26041666666666663,0.0,1.0043494582594399,0,1,0,0,0,신영와코루,128520000000,1285억,1.3억,-1.53%,1.3,-6.5,-56.6
029780,47500.0,-0.014522821576763434,3168012500.0,0.46027930075089124,-5.0,-60.0,-0.014522821576763434,0,1,-0.02813299232736577,-0.061496665843418175,-0.12361623616236161,-0.0917782026768642,-0.29525222551928787,0.0,1.042151606067162,0,1,0,0,0,삼성카드,5520676156150,5.52조,31.7억,-1.45%,0.5,-6.5,-56.6
003200,11040.0,-0.021276595744680882,119099520.0,0.37240322279985916,-5.0,-80.0,-0.021276595744680882,0,1,-0.04016692749087114,-0.0970802322728388,-0.05882352941176472,-0.02645502645502651,-0.31000000000000005,0.0,1.1086155257474697,0,0,0,0,0,일신방직,251182400000,2512억,1.2억,-2.13%,0.4,-6.5,-75.5
006220,11050.0,0.008211678832116709,862960800.0,0.5016835525126093,-5.0,-70.0,0.008211678832116709,0,1,-0.014888116252117278,-0.0718575448322204,-0.1223193010325655,-0.03745644599303133,-0.42417926003126627,0.0,1.1163957877252764,0,1,0,0,0,제주은행,416918083710,4169억,8.6억,0.82%,0.5,-6.5,-66.0
00279K,20950.0,-0.0210280373831776,74707700.0,0.4203874968317684,-5.0,-70.0,-0.0210280373831776,0,1,-0.04729422464756705,-0.09277904081411714,-0.09698275862068961,-0.011792452830188704,-0.2504472271914132,0.0,1.020373569775402,0,0,0,0,0,아모레퍼시픽홀딩스3우C,149645420000,1496억,0.75억,-2.1%,0.4,-6.5,-66.0
138040,106500.0,-0.02472527472527475,10319424000.0,0.34825613157365076,-5.0,-40.0,-0.02472527472527475,0,1,-0.011325659116227293,-0.036155482148513496,-0.08505154639175261,0.049261083743842304,-0.271545827633379,0.0,1.177011622651967,0,1,0,0,0,메리츠금융지주,17822484574500,17.82조,103억,-2.47%,0.3,-6.5,-37.7
003547,20400.0,-0.019230769230769273,182151600.0,0.22063093181913648,-5.0,-40.0,-0.019230769230769273,0,1,-0.022520364159079986,-0.06700205808369541,-0.09933774834437081,0.02306920762286868,-0.2941176470588235,0.0,1.1949136524383952,0,1,0,0,0,대신증권2우B,199987993200,2000억,1.8억,-1.92%,0.2,-6.5,-37.7
00499K,27150.0,-0.010928961748633892,5538600.0,0.13507697401092533,-5.0,-50.0,-0.010928961748633892,0,1,-0.010388190267905939,-0.038767923526287884,-0.0670103092783505,0.02259887005649719,-0.32797029702970293,0.0,1.076555415961108,0,1,0,0,0,롯데지주우,21751281000,218억,0.06억,-1.09%,0.1,-6.5,-47.2
078000,14710.0,0.0,39746420.0,0.24568103291507548,-5.0,-70.0,0.0,0,1,-0.013876784876315607,-0.07562761177616484,-0.1127864897466827,-0.04542504866969499,-0.36043478260869566,0.0,1.079024926319996,0,1,0,0,0,텔코웨어,136291135750,1363억,0.40억,0.0%,0.2,-6.5,-66.0
001067,50300.0,0.0,150900.0,0.048859934853420196,-5.0,-70.0,0.0,0,1,-0.04806964420893267,-0.06696345761454281,-0.10017889087656529,-0.15745393634840876,-0.2332317073170732,0.5,1.136024572180781,0,0,0,0,0,JW중외제약2우B,10561641900,106억,0.00억,0.0%,0.0,-6.5,-66.0
017370,5080.0,-0.0078125,128859280.0,0.4041479092762349,-5.0,-78.0,-0.0078125,0,1,-0.04717246553502763,-0.10920170093376003,-0.11188811188811187,-0.1547420965058236,-0.3981042654028436,0.8,1.2989403604875558,0,0,0,0,0,우신시스템,93584815940,936억,1.3억,-0.78%,0.4,-6.5,-73.6
007540,46550.0,-0.02103049421661407,164973200.0,0.5288447190139374,-5.0,-58.0,-0.02103049421661407,0,1,-0.03020833333333328,-0.06408645388288514,-0.12003780718336488,-0.03020833333333328,-0.28384615384615386,0.0,1.2298654939029614,0,1,0,0,0,샘표,133005750000,1330억,1.6억,-2.1%,0.5,-6.5,-54.7
012280,936.0,-0.023983315954118845,133578432.0,0.44721062899257435,-6.0,-40.0,-0.023983315954118845,0,1,-0.04147465437788023,-0.08847446072941512,-0.08682926829268289,0.024070021881838155,-0.176056338028169,0.0,0.7090110211023968,0,1,0,0,0,영화금속,45958740640,460억,1.3억,-2.4%,0.4,-7.8,-37.7
400760,3050.0,-0.004893964110929905,140641600.0,0.19386026480474713,-6.0,-60.0,-0.004893964110929905,0,1,-0.009579477187855123,-0.04530870960169031,-0.07993966817496234,-0.08819133034379667,-0.17433676231727124,0.0,0.9600509718590089,0,1,0,0,0,NH올원리츠,168632874250,1686억,1.4억,-0.49%,0.2,-7.8,-56.6
049800,2250.0,-0.008810572687224627,80950500.0,0.3183226172917716,-6.0,-65.0,-0.008810572687224627,0,1,-0.041737649063032345,-0.11954607708863241,-0.13793103448275867,0.19300106044538712,-0.3497109826589595,0.0,0.21564378488821342,0,0,0,0,0,우진플라임,43400000000,434억,0.81억,-0.88%,0.3,-7.8,-61.3
009410,1780.0,-0.005586592178770999,544783240.0,0.395033562131876,-6.0,-55.0,-0.005586592178770999,0,1,-0.002130283664087851,-0.054423756275067126,-0.14423076923076927,0.10080395794681518,-0.45146379044684126,0.0,0.3554085535481903,0,1,0,0,0,태영건설,527627208294,5276억,5.4억,-0.56%,0.4,-7.8,-51.9
185750,79600.0,-0.0050000000000000044,968334000.0,0.4438007438633101,-6.0,-60.0,-0.0050000000000000044,0,1,-0.005497251374312895,-0.03771760154738879,-0.08924485125858128,-0.035151515151515156,-0.18526100307062432,0.0,0.9215258916915504,0,1,0,0,0,종근당,1101461844000,1.10조,9.7억,-0.5%,0.4,-7.8,-56.6
012450,1258000.0,-0.0023790642347343294,91277964000.0,0.3416207044049616,-6.0,-40.0,-0.0023790642347343294,0,1,-0.004037685060565233,-0.05473945222977794,-0.13301171605789108,0.036243822075782584,-0.18152244632400782,0.0,0.8743203181878016,0,1,0,0,0,한화에어로스페이스,64505814651000,64.51조,913억,-0.24%,0.3,-7.8,-37.7
001940,23650.0,0.008528784648187626,52455700.0,0.33812521914111926,-6.0,-60.0,0.008528784648187626,0,1,-0.009216589861751112,-0.058612797293262964,-0.10076045627376429,-0.06336633663366331,-0.1701754385964912,0.0,0.9899992079626159,0,1,0,0,0,KISCO홀딩스,331018473000,3310억,0.52억,0.85%,0.3,-7.8,-56.6
000700,5670.0,-0.010471204188481686,72768780.0,0.32308900681724345,-6.0,-65.0,-0.010471204188481686,0,1,-0.018861394704966283,-0.050092142737476975,-0.07049180327868854,-0.013913043478260834,-0.2103064066852368,0.0,0.6493624061213726,0,1,0,0,0,유수홀딩스,147396655920,1474억,0.73억,-1.05%,0.3,-7.8,-61.3
123890,2390.0,-0.01848049281314168,270987760.0,0.43812597049033175,-6.0,-60.0,-0.01848049281314168,0,1,-0.0031282586027111536,-0.047334329845540646,-0.08076923076923082,-0.008298755186721962,-0.20991735537190082,0.0,0.8171156925752996,0,1,0,0,0,한국자산신탁,293085552770,2931억,2.7억,-1.85%,0.4,-7.8,-56.6
013570,4500.0,-0.013157894736842146,203544000.0,0.33656702674447375,-6.0,-60.0,-0.013157894736842146,0,1,-0.022164276401564487,-0.08013082583810305,-0.08536585365853655,-0.09999999999999998,-0.18918918918918914,0.0,0.9359080081012371,0,1,0,0,0,디와이,118175152170,1182억,2.0억,-1.32%,0.3,-7.8,-56.6
404990,3790.0,-0.009150326797385588,160222250.0,0.24743616044632744,-6.0,-40.0,-0.009150326797385588,0,1,-0.011862860122539454,-0.09584302498956287,-0.08894230769230771,0.04551724137931035,-0.22176591375770016,0.0,0.8114218082067544,0,1,0,0,0,신한서부티엔디리츠,233908470880,2339억,1.6억,-0.92%,0.2,-7.8,-37.7
001360,1610.0,-0.024833434282253153,879462500.0,0.23128689489076557,-6.0,-45.0,-0.024833434282253153,0,1,-0.04212279866730129,-0.12411935913826411,-0.11587040087863809,0.10198494182067086,-0.2714932126696833,0.0,0.43104966220801316,0,1,0,0,0,삼성제약,152542567980,1525억,8.8억,-2.48%,0.2,-7.8,-42.5
003780,5380.0,-0.021818181818181848,673758920.0,1.0483907761636218,-6.0,-55.0,-0.021818181818181848,0,1,-0.008660401695227526,-0.030106363800252334,-0.023593466424682408,-0.15937500000000004,-0.3224181360201511,0.5,1.061990001675263,0,1,0,0,0,진양산업,70200000000,702억,6.7억,-2.18%,1.0,-7.8,-51.9
002170,55800.0,-0.010638297872340385,84090600.0,0.3522509466598102,-6.0,-50.0,-0.010638297872340385,0,1,-0.03209019947961844,-0.05069751616195983,-0.06688963210702337,0.0219780219780219,-0.10719999999999996,0.0,0.8311191235612259,0,0,0,0,0,SYTS,165300000000,1653억,0.84억,-1.06%,0.4,-7.8,-47.2
004840,4810.0,-0.023350253807106647,56065360.0,0.27151081466055904,-6.0,-65.0,-0.023350253807106647,0,1,-0.012523095873537282,-0.05319620097436151,-0.07321772639691715,-0.024340770791075106,-0.23040000000000005,0.0,0.6938553688117615,0,1,0,0,0,DRB동일,95109116340,951억,0.56억,-2.34%,0.3,-7.8,-61.3
365550,4160.0,0.00848484848484854,821787200.0,0.4604221540564207,-6.0,-60.0,0.00848484848484854,0,1,-0.005973715651135025,-0.03541823662396382,-0.0897155361050328,-0.06200676437429542,-0.1130063965884861,0.0,0.7539067234052534,0,1,0,0,0,ESR켄달스퀘어리츠,1032343355000,1.03조,8.2억,0.85%,0.5,-7.8,-56.6
034830,1362.0,-0.03472714386959608,755968566.0,0.752065462294393,-6.0,-40.0,-0.03472714386959608,0,1,-0.052851182197496516,-0.09753511794328129,-0.09260493004663561,0.14453781512605035,-0.21903669724770647,0.0,0.824451131632456,0,1,0,0,0,한국토지신탁,343637842030,3436억,7.6억,-3.47%,0.8,-7.8,-37.7
010960,3430.0,-0.020000000000000018,156359980.0,0.8671700080085679,-6.0,-70.0,-0.020000000000000018,0,1,-0.03988803358992299,-0.08897742363877825,-0.1193838254172015,-0.058984910836762716,-0.19294117647058828,0.0,0.991245123494644,0,0,0,0,0,삼호개발,82369800000,824억,1.6억,-2.0%,0.9,-7.8,-66.0
008600,2620.0,0.0,0.0,,-7.0,-14.0,0.0,0,0,0.0,0.0,0.0,-0.17193426042983562,-0.6476600322754169,0.0,,0,1,0,0,0,윌비스,17615839860,176억,0.00억,0.0%,,-9.1,-13.2
000325,28850.0,0.0017361111111111605,2221450.0,0.3130081300813008,-7.0,-50.0,0.0017361111111111605,0,1,-0.005000862217623747,-0.03543965229020396,-0.03511705685618727,-0.0068846815834767705,-0.26962025316455696,0.0,0.5145321967751875,0,1,0,0,0,노루홀딩스우,7026677150,70억,0.02억,0.17%,0.3,-9.1,-47.2
145210,224.0,0.0,0.0,,-7.0,-14.0,0.0,0,0,0.0,0.0,0.0,-0.6681481481481482,-0.7924003707136238,0.0,,0,1,0,0,0,다이나믹디자인,9461013632,95억,0.00억,0.0%,,-9.1,-13.2
145990,44200.0,-0.016685205784204626,138876400.0,0.3674810820926071,-7.0,-45.0,-0.016685205784204626,0,1,-0.007187780772686447,-0.037927844588344084,-0.01777777777777778,-0.041214750542299394,-0.2533783783783784,0.0,0.9145797428584501,0,1,0,0,0,삼양사,454823100900,4548억,1.4억,-1.67%,0.4,-9.1,-42.5
015020,464.0,0.0,0.0,,-7.0,-14.0,0.0,0,0,0.0,0.0,0.0,-0.20547945205479456,-0.6713881019830028,0.0,,0,1,0,0,0,이스타코,19883142400,199억,0.00억,0.0%,,-9.1,-13.2
000760,14680.0,-0.005420054200542035,5622440.0,0.1976672171758877,-7.0,-30.0,-0.005420054200542035,0,1,-0.023546627644006946,-0.05023776404748814,-0.029742233972240628,0.02729181245626311,-0.2786240786240787,0.0,0.6383733055265902,0,1,0,0,0,이화산업,41776000000,418억,0.06억,-0.54%,0.2,-9.1,-28.3
013890,10560.0,-0.022222222222222254,256312320.0,0.6830295082705328,-7.0,-30.0,-0.022222222222222254,0,0,-0.05941035004898909,-0.10859747604777781,-0.046070460704607075,-0.16850393700787403,-0.5133640552995391,0.5,1.0758682814533078,0,1,0,0,0,지누스,229344003980,2293억,2.6억,-2.22%,0.7,-9.1,-28.3
017040,932.0,0.0,0.0,,-7.0,-14.0,0.0,0,0,0.0,0.0,0.0,-0.24595469255663427,-0.5705069124423963,0.0,,0,1,0,0,0,광명전기,40390657180,404억,0.00억,0.0%,,-9.1,-13.2
002820,2265.0,-0.00439560439560438,9347655.0,0.12899031556838408,-7.0,-50.0,-0.00439560439560438,0,1,-0.01521739130434785,-0.0314304041051956,-0.0463157894736842,-0.09218436873747493,-0.24875621890547261,0.0,0.40198297762971896,0,1,0,0,0,SUN&L,28494055140,285억,0.09억,-0.44%,0.1,-9.1,-47.2
005960,7450.0,-0.031209362808842678,567704900.0,0.5207621105620017,-7.0,-41.0,-0.031209362808842678,0,1,-0.03684550743374271,-0.13220733838089693,-0.1945945945945946,0.39252336448598135,-0.2745861733203505,0.0,0.5679331880936244,0,1,0,0,0,동부건설,169805306200,1698억,5.7억,-3.12%,0.5,-9.1,-38.7
130660,15390.0,-0.013461538461538414,2551862070.0,0.29567623458554054,-7.0,-51.0,-0.013461538461538414,0,1,-0.02502375673107382,-0.1415183800970603,-0.1800745871070858,0.4587677725118484,-0.4,0.0,0.5412594912652369,0,1,0,0,0,한전산업,494216000000,4942억,25.5억,-1.35%,0.3,-9.1,-48.1
003680,4920.0,-0.008064516129032251,22966560.0,0.1940460131816604,-7.0,-55.0,-0.008064516129032251,0,1,-0.0021296014602981694,-0.0205544219379884,-0.029585798816568087,-0.07344632768361581,-0.30113636363636365,0.0,0.9472398750865767,0,1,0,0,0,한성기업,30799194400,308억,0.23억,-0.81%,0.2,-9.1,-51.9
475150,43750.0,-0.0022805017103763037,8039456250.0,0.20046345972839977,-7.0,-57.0,-0.0022805017103763037,0,1,-0.04517677869925796,-0.12587412587412583,-0.2572156196943973,1.1289537712895377,-0.3585043988269795,0.0,0.6621477661068467,0,0,0,0,0,SK이터닉스,1481914674000,1.48조,80.4억,-0.23%,0.2,-9.1,-53.8
112610,51700.0,-0.018975332068311146,5275881600.0,0.23590541544728763,-7.0,-51.0,-0.018975332068311146,0,1,-0.023330499669405924,-0.14619545022914004,-0.2363367799113737,0.3022670025188916,-0.32769830949284784,0.0,0.6212089162144148,0,1,0,0,0,씨에스윈드,2167610114200,2.17조,52.8억,-1.9%,0.2,-9.1,-48.1
002840,121500.0,-0.04330708661417326,702391500.0,1.1164757913439813,-8.0,-55.0,-0.04330708661417326,0,0,-0.08052065990616009,-0.1259307219164778,-0.0959821428571429,-0.17571234735413843,-0.3605263157894737,0.0,0.8763308656185419,0,0,0,0,0,미원상사,579025000000,5790억,7.0억,-4.33%,1.1,-10.4,-51.9
475560,18390.0,-0.010226049515608127,128509320.0,0.45296765766846114,-8.0,-70.0,-0.010226049515608127,0,1,-0.020453819111537208,-0.06789325629134035,-0.12428571428571433,-0.2432098765432099,-0.3787162162162162,0.5,1.1135779462793984,0,1,0,0,0,더본코리아,268386257000,2684억,1.3억,-1.02%,0.5,-10.4,-66.0
025750,2340.0,0.0,37671660.0,0.2092054830835165,-8.0,-68.0,0.0,0,1,-0.022760492795990794,-0.0713364421073519,-0.13172541743970312,-0.26415094339622647,-0.42647058823529416,0.5,1.2541719180020063,0,1,0,0,0,한솔홈데코,36979401555,370억,0.38억,0.0%,0.2,-10.4,-64.2
006570,1909.0,-0.01394628099173556,34780071.0,1.0070196772053948,-8.0,-68.0,-0.01394628099173556,0,1,-0.020372556063016356,-0.035371399696816574,-0.054950495049505,-0.15343680709534369,-0.3539763113367175,0.5,1.320604447126165,0,1,0,0,0,대림통상,29688750000,297억,0.35억,-1.39%,1.0,-10.4,-64.2
001045,82000.0,-0.0024330900243308973,57974000.0,0.1334994996129081,-8.0,-45.0,-0.0024330900243308973,0,1,-0.019138755980861233,-0.05660377358490565,-0.03642773207990602,-0.10382513661202186,-0.2407407407407407,0.0,1.1548682332514235,0,1,0,0,0,CJ우,185338286000,1853억,0.58억,-0.24%,0.1,-10.4,-42.5
000220,3920.0,-0.012594458438287104,45228960.0,0.2036341045650008,-8.0,-45.0,-0.012594458438287104,0,1,-0.009350518069244362,-0.04109589041095896,-0.049696969696969684,-0.14035087719298245,-0.17819706498951782,0.0,1.0133453544346593,0,1,0,0,0,유유제약,66511330655,665억,0.45억,-1.26%,0.2,-10.4,-42.5
003070,10030.0,-0.013765978367748288,205053320.0,0.23882242926240618,-8.0,-40.0,-0.013765978367748288,0,1,-0.010067114093959773,-0.06353578264320059,-0.16416666666666668,0.15420023014959727,-0.19437751004016068,0.0,0.9166595189953568,0,1,0,0,0,코오롱글로벌,254239590000,2542억,2.1억,-1.38%,0.2,-10.4,-37.7
317450,50300.0,-0.023300970873786353,654453300.0,0.5905420677823014,-8.0,-60.0,-0.023300970873786353,0,1,-0.01062155782848151,-0.05246303098803806,-0.12062937062937062,-0.18476499189627227,,0.5,1.0420504787650642,0,1,0,0,0,명인제약,728540000000,7285억,6.5억,-2.33%,0.6,-10.4,-56.6
005745,7020.0,0.0,421200.0,0.046088259016015674,-8.0,-68.0,0.0,0,1,-0.0179071068830442,-0.03796080581060712,-0.06149732620320858,-0.11363636363636365,-0.3177842565597667,0.5,1.3363535843725045,0,1,0,0,0,크라운해태홀딩스우,4175045700,42억,0.00억,0.0%,0.0,-10.4,-64.2
035420,201500.0,-0.007389162561576401,62835357000.0,0.3536392964909829,-8.0,-55.0,-0.007389162561576401,0,1,-0.0018328627334422976,-0.028728429576785897,0.0,-0.20669291338582674,-0.306368330464716,0.0,1.0493684423868563,0,1,0,0,0,NAVER,31374755200000,31.37조,628억,-0.74%,0.4,-10.4,-51.9
013870,4375.0,-0.022346368715083775,97667500.0,0.45681264522228276,-9.0,-45.0,-0.022346368715083775,0,1,-0.00714853057982523,-0.05061574350349918,-0.11526794742163804,0.039192399049881255,-0.2584745762711864,0.0,0.5704625507459118,0,1,0,0,0,지엠비코리아,82106165400,821억,0.98억,-2.23%,0.5,-11.7,-42.5
002140,2315.0,-0.02114164904862581,175384400.0,0.3398881590296139,-9.0,-75.0,-0.02114164904862581,0,1,-0.04889071487263763,-0.10918710918710917,-0.14889705882352944,-0.05702647657841142,-0.2568218298555377,0.0,0.5372144154097973,0,0,0,0,0,고려산업,58108860250,581억,1.8억,-2.11%,0.3,-11.7,-70.8
28513K,24750.0,0.0060975609756097615,42768000.0,0.29310491052497667,-9.0,-60.0,0.0060975609756097615,0,1,-0.001814882032667886,-0.052450229709035234,-0.06603773584905659,-0.1032608695652174,-0.2229199372056515,0.5,0.9537666467899025,0,1,0,0,0,SK케미칼우,51722239050,517억,0.43억,0.61%,0.3,-11.7,-56.6
004250,3370.0,-0.016058394160583966,158403480.0,0.7000153394562088,-9.0,-60.0,-0.016058394160583966,0,1,-0.02460202604920403,-0.07595283794899921,-0.13589743589743586,-0.06518723994452147,-0.2657952069716776,0.0,0.7410567735414431,0,1,0,0,0,NPC,122828400000,1228억,1.6억,-1.61%,0.7,-11.7,-56.6
002150,6010.0,-0.004966887417218513,231204700.0,0.2763863863000865,-9.0,-65.0,-0.004966887417218513,0,1,-0.017492234755599134,-0.08405090299474205,-0.1426533523537803,-0.009884678747940745,-0.18563685636856364,0.0,0.4831405028516268,0,1,0,0,0,도화엔지니어링,201645600000,2016억,2.3억,-0.5%,0.3,-11.7,-61.3
000320,19210.0,-0.017893660531697386,165859140.0,0.4542094866338574,-9.0,-70.0,-0.017893660531697386,0,1,-0.02328655684360381,-0.08202518337992493,-0.08741092636579573,-0.06292682926829263,-0.4700689655172414,0.0,0.9195222123948052,0,1,0,0,0,노루홀딩스,258114152420,2581억,1.7억,-1.79%,0.5,-11.7,-66.0
006890,7770.0,-0.01520912547528519,218041740.0,0.32026020713857745,-9.0,-55.0,-0.01520912547528519,0,1,-0.016829052258635957,-0.06323467357887758,-0.07389749702026227,0.0012886597938144284,-0.3487007544006706,0.0,0.6057277196975305,0,1,0,0,0,태경케미컬,89900000000,899억,2.2억,-1.52%,0.3,-11.7,-51.9
012690,1991.0,-0.0044999999999999485,198703791.0,0.28879162605273695,-9.0,-85.0,-0.0044999999999999485,0,1,-0.042143750601366214,-0.09171779840788308,-0.1031531531531531,-0.016790123456790096,-0.3110726643598616,0.0,0.5497968145885282,0,0,0,0,0,모나리자,73142510000,731억,2.0억,-0.45%,0.3,-11.7,-80.2
003830,113600.0,-0.016450216450216493,138705600.0,1.8015492438214682,-9.0,-45.0,-0.016450216450216493,0,1,-0.031212689749275158,-0.047738798776143176,-0.07792207792207795,0.0008810572687225626,-0.2426666666666667,0.0,0.4437123230057479,0,1,0,0,0,대한화섬,155774400000,1558억,1.4억,-1.65%,1.8,-11.7,-42.5
300720,15030.0,-0.01442622950819672,803969730.0,0.44742424293118044,-9.0,-70.0,-0.01442622950819672,0,1,-0.04510800508259216,-0.08434615736086992,-0.12514551804423746,-0.09129383313180173,-0.29436619718309864,0.0,0.7536278277932871,0,0,0,0,0,한일시멘트,1109061751720,1.11조,8.0억,-1.44%,0.4,-11.7,-66.0
003120,20150.0,0.004987531172069737,75179650.0,0.7189586565050247,-9.0,-40.0,0.004987531172069737,0,1,-0.007633587786259555,-0.0598390295112563,-0.11622807017543857,0.009013520280420684,-0.2966841186736475,0.0,0.9359864712514093,0,1,0,0,0,일성아이에스,266665000000,2667억,0.75억,0.5%,0.7,-11.7,-37.7
002310,8020.0,-0.03952095808383238,718608040.0,0.49062024568246027,-9.0,-40.0,-0.03952095808383238,0,1,-0.02373706634205719,-0.06445027704870221,-0.11086474501108645,0.04973821989528804,-0.28647686832740216,0.0,0.8356910497350628,0,1,0,0,0,아세아제지,317568555500,3176억,7.2억,-3.95%,0.5,-11.7,-37.7
006840,7780.0,-0.021383647798742134,38067540.0,0.3790789922216369,-9.0,-70.0,-0.021383647798742134,0,1,-0.008917197452229297,-0.04145875685332345,-0.06602641056422565,-0.03712871287128716,-0.4056531703590527,0.0,0.7480903683989972,0,1,0,0,0,AK홀딩스,103330975800,1033억,0.38억,-2.14%,0.4,-11.7,-66.0
002350,6660.0,-0.01624815361890697,555577200.0,0.4540513825924472,-9.0,-70.0,-0.01624815361890697,0,1,-0.01128266033254155,-0.059919542663561254,-0.10723860589812328,-0.0813793103448276,-0.31551901336073995,0.0,0.8283410049238833,0,1,0,0,0,넥센타이어,649491382050,6495억,5.6억,-1.62%,0.5,-11.7,-66.0
071840,6980.0,-0.005698005698005715,50214120.0,0.13260817271136155,-9.0,-60.0,-0.005698005698005715,0,1,-0.00456360524814603,-0.05809324606976585,-0.09819121447028423,-0.030555555555555558,-0.260593220338983,0.0,0.892630202898779,0,1,0,0,0,롯데하이마트,165017906880,1650억,0.50억,-0.57%,0.1,-11.7,-56.6
000040,379.0,-0.01558441558441559,26255604.0,0.26624759458234803,-9.0,-70.0,-0.01558441558441559,0,1,-0.017625712804561933,-0.0716472749540723,-0.13272311212814647,-0.06650246305418717,-0.41960183767228176,0.0,0.9450207035502273,0,1,0,0,0,KR모터스,32217943632,322억,0.26억,-1.56%,0.3,-11.7,-66.0
003090,20200.0,-0.024154589371980673,718392800.0,0.5366130038574153,-9.0,-70.0,-0.024154589371980673,0,1,-0.02259640973532684,-0.06257976193238513,-0.09009009009009006,-0.06046511627906981,-0.31175468483816016,0.0,0.9678925792781627,0,1,0,0,0,대웅,1174467996000,1.17조,7.2억,-2.42%,0.5,-11.7,-66.0
004690,125500.0,-0.017227877838684402,1526833000.0,0.7878742742794603,-9.0,-50.0,-0.017227877838684402,0,1,-0.0432263474879927,-0.09490840905812781,-0.07448377581120946,0.04933110367892968,-0.27034883720930236,0.0,0.7798699513838909,0,0,0,0,0,삼천리,456248546600,4562억,15.3억,-1.72%,0.8,-11.7,-47.2
031210,44800.0,-0.01754385964912286,1443142400.0,0.36006863134127326,-9.0,-60.0,-0.01754385964912286,0,1,-0.018834866403854567,-0.037800687285223344,-0.06079664570230603,-0.03239740820734338,-0.2774193548387097,0.0,0.7996675860955522,0,1,0,0,0,서울보증보험,3134989750200,3.13조,14.4억,-1.75%,0.4,-11.7,-56.6
026890,8680.0,-0.029082774049216997,445744040.0,0.5024185121845269,-9.0,-70.0,-0.029082774049216997,0,1,-0.018876455295580463,-0.07091249665507093,-0.055495103373231824,-0.0805084745762712,-0.3328209069946195,0.0,0.9344343281834975,0,1,0,0,0,스틱인베스트먼트,332266073090,3323억,4.5억,-2.91%,0.5,-11.7,-66.0
002790,24150.0,-0.022267206477732837,1500004800.0,0.3745972048747332,-9.0,-70.0,-0.022267206477732837,0,1,-0.025816861637757205,-0.09176382098533287,-0.1202185792349727,-0.07293666026871404,-0.3109843081312411,0.0,0.9459814091672744,0,1,0,0,0,아모레퍼시픽홀딩스,1838819229000,1.84조,15.0억,-2.23%,0.4,-11.7,-66.0
000120,89600.0,0.0,2413376000.0,0.36223844125174326,-9.0,-70.0,0.0,0,1,-0.015600966820479067,-0.0663262647840358,-0.1334622823984526,-0.0417112299465241,-0.38503774879890185,0.0,0.9319626365368261,0,1,0,0,0,CJ대한통운,2030298616000,2.03조,24.1억,0.0%,0.4,-11.7,-66.0
117580,7880.0,-0.015000000000000013,745448000.0,0.3758456776058551,-9.0,-50.0,-0.015000000000000013,0,1,-0.022453789852375672,-0.06811731315042568,-0.1471861471861472,0.008962868117797784,-0.4523974982626824,0.0,0.7545970873026755,0,1,0,0,0,대성에너지,216150000000,2162억,7.5억,-1.5%,0.4,-11.7,-47.2
018250,12890.0,-0.006933744221879867,163896350.0,0.2542890655701805,-9.0,-55.0,-0.006933744221879867,0,1,-0.01369653378223279,-0.07866051963832599,-0.10299234516353517,0.03451043338683779,-0.30661646046261426,0.0,0.6757464969223945,0,1,0,0,0,애경산업,337783068650,3378억,1.6억,-0.69%,0.3,-11.7,-51.9
017960,37150.0,0.009510869565217295,7884567400.0,0.3765248376866881,-9.0,-70.0,0.009510869565217295,0,1,-0.0324260971480661,-0.14900927728782498,-0.14988558352402748,-0.03255208333333337,-0.2883141762452107,0.0,0.793680035626877,0,0,0,0,0,한국카본,1886191739000,1.89조,78.8억,0.95%,0.4,-11.7,-66.0
363280,2450.0,-0.018036072144288595,36480500.0,0.19979832311642448,-9.0,-60.0,-0.018036072144288595,0,1,-0.03902726024710723,-0.08342686120463894,-0.1058394160583942,0.006160164271047153,-0.44507361268403167,0.0,0.9720948998875608,0,0,0,0,0,티와이홀딩스,104643865900,1046억,0.36억,-1.8%,0.2,-11.7,-56.6
003280,2425.0,-0.03386454183266929,11504825650.0,0.15364393940394938,-9.0,-52.0,-0.03386454183266929,0,1,-0.08213474640423923,-0.12248959652614433,-0.22523961661341851,0.5127885215221459,-0.4574944071588367,0.0,1.3217741846298288,0,0,0,0,0,흥아해운,572211259620,5722억,115억,-3.39%,0.2,-11.7,-49.1
129260,2165.0,-0.020361990950226283,75688400.0,0.35882687424431836,-9.0,-70.0,-0.020361990950226283,0,1,-0.0332663540968966,-0.08214096449390562,-0.09414225941422594,-0.06681034482758619,-0.3769784172661871,0.0,0.9471709158129863,0,1,0,0,0,인터지스,64404147210,644억,0.76억,-2.04%,0.4,-11.7,-66.0
004310,7360.0,-0.03916449086161877,1788399040.0,0.5002544619365294,-9.0,-70.0,-0.03916449086161877,0,1,-0.025681758009001854,-0.08132060163514943,-0.1351351351351351,-0.09359605911330049,-0.48675034867503486,0.0,0.732281701609558,0,1,0,0,0,현대약품,233600000000,2336억,17.9억,-3.92%,0.5,-11.7,-66.0
003080,2405.0,-0.0041407867494823725,12873965.0,0.17143836241615037,-10.0,-58.0,-0.0041407867494823725,0,1,-0.0041407867494823725,-0.04940711462450598,-0.08380952380952378,-0.12704174228675136,-0.18474576271186438,0.0,1.292894558120457,0,1,0,0,0,SB성보,48148100000,481억,0.13억,-0.41%,0.2,-13.0,-54.7
063160,18000.0,0.0033444816053511683,44118000.0,0.17190710984240093,-10.0,-50.0,0.0033444816053511683,0,1,-0.012454051681571321,-0.04466204919990446,-0.03588644884841996,-0.09999999999999998,-0.26530612244897955,0.0,0.37000859030903865,0,1,0,0,0,종근당바이오,98363298660,984억,0.44억,0.33%,0.2,-13.0,-47.2
145270,815.0,-0.01092233009708743,12657765.0,0.16892235455857058,-10.0,-58.0,-0.01092233009708743,0,1,-0.016887816646562137,-0.05441466527439376,-0.10439560439560436,-0.11987041036717061,-0.16065911431513902,0.0,1.3408459001850455,0,1,0,0,0,케이탑리츠,39265652358,393억,0.13억,-1.09%,0.2,-13.0,-54.7
248170,25200.0,-0.0117647058823529,309909600.0,0.8429956575235888,-10.0,-60.0,-0.0117647058823529,0,1,-0.01079489695780178,-0.04054825813820673,-0.07011070110701112,-0.1295336787564767,-0.18578352180936997,0.0,1.0178210554526732,0,1,0,0,0,샘표식품,113978735700,1140억,3.1억,-1.18%,0.8,-13.0,-56.6
053690,22900.0,-0.01505376344086018,3039837600.0,0.42940831006525204,-10.0,-51.0,-0.01505376344086018,0,1,-0.018220793140407254,-0.10677718186250607,-0.254071661237785,0.34074941451990637,-0.31024096385542166,0.0,0.46145119691024455,0,1,0,0,0,한미글로벌,248188507500,2482억,30.4억,-1.51%,0.4,-13.0,-48.1
008355,13190.0,0.015396458814472602,659500.0,0.012500781298831178,-10.0,-60.0,0.015396458814472602,0,1,-0.018601190476190466,-0.0338765793810657,-0.049026676279740444,-0.05107913669064745,-0.37488151658767777,0.0,0.4425342123351872,0,1,0,0,0,남선알미우,3996412200,40억,0.01억,1.54%,0.0,-13.0,-56.6
004270,7100.0,-0.006993006993006978,15300500.0,0.3265003105919428,-11.0,-55.0,-0.006993006993006978,0,1,-0.004347216379189445,-0.021162197559798757,-0.04054054054054057,-0.1607565011820331,-0.4083333333333333,0.0,1.1609041194777954,0,1,0,0,0,남성,25710633600,257억,0.15억,-0.7%,0.3,-14.3,-51.9
084680,1455.0,-0.04777486910994766,700679985.0,0.7668695390043422,-11.0,-50.0,-0.04777486910994766,0,0,-0.12105835447625957,-0.18200983836964157,-0.1623488773747841,-0.023489932885906062,-0.2670025188916877,0.0,0.40317343008570444,0,0,0,0,0,이월드,216254444325,2163억,7.0억,-4.78%,0.8,-14.3,-47.2
000640,90200.0,-0.02591792656587477,732424000.0,0.49132169772219153,-11.0,-45.0,-0.02591792656587477,0,1,-0.026758739749676352,-0.052918941621167614,-0.03632478632478631,-0.12876336556200563,-0.251017188408204,0.0,1.0032197827554674,0,1,0,0,0,동아쏘시오홀딩스,607273935400,6073억,7.3억,-2.59%,0.5,-14.3,-42.5
079980,2415.0,-0.056640625,664598340.0,0.7491733995475766,-11.0,-60.0,-0.056640625,0,0,-0.10439458557389203,-0.19800747198007473,-0.23454833597464342,-0.0547945205479452,-0.33653846153846156,0.0,0.43071646787978807,0,0,0,0,0,휴비스,83145000000,831억,6.6억,-5.66%,0.7,-14.3,-56.6
002990,4300.0,-0.030439684329199523,310030000.0,0.3836925861385865,-11.0,-45.0,-0.030439684329199523,0,1,-0.023504030884523686,-0.12065439672801637,-0.18714555765595464,0.05781057810578116,-0.2547660311958405,0.0,0.6759695329389074,0,1,0,0,0,금호건설,158541189370,1585억,3.1억,-3.04%,0.4,-14.3,-42.5
396690,1487.0,-0.0618296529968454,185283174.0,0.5880544276696406,-12.0,-80.0,-0.0618296529968454,0,1,-0.09301616346447084,-0.21109873202822438,-0.3699152542372881,-0.4269749518304432,-0.47455830388692577,0.5,1.1315728661444826,1,0,0,0,0,미래에셋글로벌리츠,59012850600,590억,1.9억,-6.18%,0.6,-15.6,-75.5
145995,31800.0,0.0,4770000.0,0.21462297896694807,-12.0,-50.0,0.0,0,1,-0.007800312012480548,-0.028414298808432603,-0.007800312012480548,-0.12876712328767126,-0.20100502512562812,0.0,0.6901575973832886,0,1,0,0,0,삼양사우,11731219000,117억,0.05억,0.0%,0.2,-15.6,-47.2
001210,687.0,-0.0766129032258065,729152946.0,1.0551760925851759,-12.0,-65.0,-0.0766129032258065,0,1,-0.11400567449058552,-0.18394013185246783,-0.14445828144458284,0.06842923794712297,-0.47235023041474655,0.0,0.44719905681369804,0,0,0,0,0,금호전기,42697257270,427억,7.3억,-7.66%,1.1,-15.6,-61.3
019175,17600.0,0.005714285714285783,54841600.0,0.4591840493961789,-12.0,-33.0,0.005714285714285783,0,0,-0.02325323269881796,-0.054424327083221424,0.12244897959183665,-0.18518518518518523,-0.6210979547900969,0.0,0.24857631099640648,0,1,0,0,0,신풍제약우,34647402000,346억,0.55억,0.57%,0.5,-15.6,-31.1
001380,1862.0,0.0037735849056603765,100248218.0,0.3544416797977328,-12.0,-47.0,0.0037735849056603765,0,1,0.024596929510812826,-0.06580036625442143,-0.15363636363636368,-0.3944715447154472,-0.5184897853633308,0.0,2.3113079759363475,0,1,0,0,0,SG글로벌,41569349279,416억,1.0억,0.38%,0.4,-15.6,-44.3
006880,6140.0,-0.011272141706924366,223342500.0,0.46938300168977876,-12.0,-65.0,-0.011272141706924366,0,1,-0.01979565772669223,-0.07257759987916323,-0.14125874125874127,-0.09572901325478644,-0.27164887307236063,0.0,0.4829034272587447,0,1,0,0,0,신송홀딩스,71919456640,719억,2.2억,-1.13%,0.5,-15.6,-61.3
009200,1728.0,-0.012006861063464824,399123072.0,0.6558123654421801,-12.0,-85.0,-0.012006861063464824,0,1,-0.03829029385574356,-0.08966389210831316,-0.14029850746268657,-0.09953100573215212,-0.32499999999999996,0.0,0.13121915852474453,0,0,0,0,0,무림페이퍼,71193529410,712억,4.0억,-1.2%,0.7,-15.6,-80.2
070960,2755.0,-0.029929577464788748,137937340.0,0.6252400002247807,-12.0,-70.0,-0.029929577464788748,0,1,-0.0331637129320933,-0.07184367893539967,-0.09672131147540985,-0.13500784929356358,-0.48311444652908064,0.5,0.945528223690359,0,1,0,0,0,모나용평,133569999075,1336억,1.4억,-2.99%,0.6,-15.6,-66.0
092440,2120.0,0.024154589371980784,49514720.0,0.4151292168781771,-12.0,-45.0,0.024154589371980784,0,1,-0.008882655446470267,-0.05420477358911446,-0.036363636363636376,-0.11850311850311845,-0.24955752212389382,0.0,0.8887632693544929,0,1,0,0,0,기신정기,61320000000,613억,0.50억,2.42%,0.4,-15.6,-42.5
013580,22450.0,-0.023913043478260843,1226600650.0,0.52780039857687,-12.0,-55.0,-0.023913043478260843,0,1,-0.06263048016701467,-0.15122873345935728,-0.14800759013282727,0.13613360323886647,-0.2553897180762852,0.0,0.37633886153580376,0,0,0,0,0,계룡건설,199605771450,1996억,12.3억,-2.39%,0.5,-15.6,-51.9
002630,483.0,0.0,0.0,0.0,-12.0,-54.0,0.0,0,1,0.0029069767441860517,-0.04299583911234395,-0.11700182815356486,-0.18823529411764706,-0.6913738019169329,0.0,0.9067539932615208,0,1,0,0,0,오리엔트바이오,57275591415,573억,0.00억,0.0%,0.0,-15.6,-50.9
004540,1810.0,-0.011469142545057376,67474990.0,0.34870870022547873,-12.0,-65.0,-0.011469142545057376,0,1,-0.025309639203015655,-0.054509363491524465,-0.12771084337349392,-0.02635825712748785,-0.25971370143149286,0.0,0.49986931129077466,0,1,0,0,0,깨끗한나라,67256691558,673억,0.67억,-1.15%,0.3,-15.6,-61.3
007160,48000.0,-0.014373716632443578,140784000.0,0.42924987377155943,-13.0,-70.0,-0.014373716632443578,0,1,-0.023199023199023228,-0.06057344162833933,-0.08396946564885499,-0.1382405745062837,-0.33518005540166207,0.0,1.1405010776832512,0,1,0,0,0,사조산업,242000000000,2420억,1.4억,-1.44%,0.4,-16.9,-66.0
007120,1424.0,-0.03129251700680269,64841840.0,0.2743371415798952,-13.0,-54.0,-0.03129251700680269,0,1,-0.0616763310490247,-0.17240577688664172,-0.20268756998880177,0.5005268703898842,-0.40790020790020787,0.0,0.9979851813565018,0,0,0,0,0,미래아이앤지,41180895008,412억,0.65억,-3.13%,0.3,-16.9,-50.9
035150,11080.0,-0.04482758620689653,465060840.0,0.9268028250340323,-13.0,-60.0,-0.04482758620689653,0,1,-0.019295450522216373,-0.056780454584149154,-0.12755905511811028,-0.12618296529968454,-0.2924648786717752,0.0,1.0990046306852335,0,1,0,0,0,백산,224122730790,2241억,4.7억,-4.48%,0.9,-16.9,-56.6
003000,5200.0,-0.040590405904059046,2111418400.0,0.27322819330429365,-13.0,-61.0,-0.040590405904059046,0,1,-0.06407487401007916,-0.13692946058091282,-0.3121693121693122,0.4168937329700273,-0.45833333333333337,0.0,0.516151637554886,0,0,0,0,0,부광약품,516016229330,5160억,21.1억,-4.06%,0.3,-16.9,-57.5
377190,2615.0,-0.02242990654205612,309205445.0,0.5227692183220126,-13.0,-68.0,-0.02242990654205612,0,1,-0.030583873957367946,-0.10537119397878891,-0.1495934959349593,-0.24202898550724639,-0.30266666666666664,0.0,1.2948338195310793,0,1,0,0,0,디앤디플랫폼리츠,235586000000,2356억,3.1억,-2.24%,0.5,-16.9,-64.2
107590,57300.0,0.0017482517482516613,13465500.0,0.3618446377704211,-13.0,-60.0,0.0017482517482516613,0,1,-0.013429752066115741,-0.05124596406987336,-0.1157407407407407,-0.1344410876132931,-0.2737642585551331,0.0,1.1607704177859062,0,1,0,0,0,미원홀딩스,133168000000,1332억,0.13억,0.17%,0.4,-16.9,-56.6
308170,4545.0,-0.04916317991631802,111993345.0,1.174650693845252,-13.0,-70.0,-0.04916317991631802,0,1,-0.04103808418609556,-0.09502712927472745,-0.1123046875,-0.35895627644569816,-0.5,0.0,1.0846090865555436,0,1,0,0,0,씨티알모빌리티,39003300000,390억,1.1억,-4.92%,1.2,-16.9,-66.0
010040,1760.0,-0.018952062430323324,66153120.0,0.9104903693242721,-13.0,-60.0,-0.018952062430323324,0,1,-0.016320143080706506,-0.061733660304936544,-0.12,-0.1456310679611651,-0.2845528455284553,0.0,1.0479737278667434,0,1,0,0,0,한국내화,71662023190,717억,0.66억,-1.9%,0.9,-16.9,-56.6
003960,29300.0,-0.023333333333333317,182246000.0,0.6395623830382298,-13.0,-70.0,-0.023333333333333317,0,1,-0.0139660104324415,-0.055143502096098085,-0.08722741433021808,-0.18836565096952906,-0.3588621444201313,0.0,1.1918578897909,0,1,0,0,0,사조대림,269893553150,2699억,1.8억,-2.33%,0.6,-16.9,-66.0
004960,12350.0,-0.03965785381026443,791190400.0,0.5131328907978654,-13.0,-65.0,-0.03965785381026443,0,1,-0.08613289921562828,-0.1398822996831145,-0.2314872433105165,0.23376623376623384,-0.30344049633389736,0.0,0.646712895104813,0,0,0,0,0,한신공영,143939532880,1439억,7.9억,-3.97%,0.5,-16.9,-61.3
003220,9370.0,-0.01575630252100846,123833920.0,0.3878469155077138,-13.0,-70.0,-0.01575630252100846,0,1,-0.01843704169285565,-0.0672904638662154,-0.0840664711632454,-0.17226148409893993,-0.3316690442225392,0.0,1.0001575625175203,0,1,0,0,0,대원제약,207679418580,2077억,1.2억,-1.58%,0.4,-16.9,-66.0
083420,5270.0,-0.01495327102803734,132977910.0,0.231947391062952,-13.0,-68.0,-0.01495327102803734,0,1,-0.017890421170331683,-0.08371729114144133,-0.08981001727115712,-0.12020033388981632,-0.4196035242290749,0.0,1.2448082003241059,0,1,0,0,0,그린케미칼,126240000000,1262억,1.3억,-1.5%,0.2,-16.9,-64.2
18064K,30300.0,-0.009803921568627416,22603800.0,0.23930582064894862,-13.0,-68.0,-0.009803921568627416,0,1,-0.0031255140648133173,-0.04182148786465334,-0.07055214723926384,-0.2527743526510481,-0.4,0.0,1.38085547788628,0,1,0,0,0,한진칼우,16371363000,164억,0.23억,-0.98%,0.2,-16.9,-64.2
005610,44100.0,-0.01342281879194629,131770800.0,0.42376066315423727,-13.0,-60.0,-0.01342281879194629,0,1,-0.0287413280475719,-0.0641909814323608,-0.1108870967741935,-0.138671875,-0.25757575757575757,0.0,1.0121110438275343,0,1,0,0,0,삼립,380107846450,3801억,1.3억,-1.34%,0.4,-16.9,-56.6
035250,15510.0,-0.009578544061302652,4095911820.0,0.399365840641866,-14.0,-60.0,-0.009578544061302652,0,1,-0.014862804878048808,-0.046154792288060076,-0.07623585467540206,-0.13689482470784642,-0.2452554744525547,0.0,0.9290519128747345,0,1,0,0,0,강원랜드,3331053585000,3.33조,41.0억,-0.96%,0.4,-18.2,-56.6
002720,4000.0,-0.018404907975460127,168020000.0,0.2919767391748607,-14.0,-65.0,-0.018404907975460127,0,1,-0.031828633668159245,-0.08691434115162933,-0.17184265010351962,-0.0349819059107358,-0.23518164435946465,0.0,0.6828663361972509,0,1,0,0,0,국제약품,83898733880,839억,1.7억,-1.84%,0.3,-18.2,-61.3
000390,7640.0,-0.014193548387096744,797348600.0,0.24105980854032877,-14.0,-55.0,-0.014193548387096744,0,1,-0.022892953063051502,-0.10202162670427828,-0.15951595159515952,0.13353115727002973,-0.3813765182186235,0.0,0.3076556087597785,0,1,0,0,0,SP삼화,207018399090,2070억,8.0억,-1.42%,0.2,-18.2,-51.9
027970,700.0,-0.020979020979020935,171160500.0,1.755977858082604,-14.0,-65.0,-0.020979020979020935,0,1,-0.018095104502735326,-0.045671438309475065,-0.12390488110137676,-0.12390488110137676,-0.18887601390498265,0.0,0.5460879530691516,0,1,0,0,0,한국제지,136338066240,1363억,1.7억,-2.1%,1.8,-18.2,-61.3
350520,3475.0,-0.009971509971509973,134746600.0,0.49107911773943524,-14.0,-60.0,-0.009971509971509973,0,1,-0.017945457114596608,-0.06315292848958687,-0.11689961880559085,-0.11125319693094626,-0.18618266978922715,0.0,0.9340616795039,0,1,0,0,0,이지스레지던스리츠,128847375990,1288억,1.3억,-1.0%,0.5,-18.2,-56.6
019685,892.0,0.010192525481313774,24445260.0,1.1474761178000115,-14.0,-68.0,0.010192525481313774,0,1,-0.06351706036745408,-0.10504665395806168,-0.12549019607843137,-0.258520365752286,-0.3431516936671576,0.5,1.2156079914370248,0,1,0,0,0,대교우B,17328875080,173억,0.24억,1.02%,1.1,-18.2,-64.2
001550,12460.0,-0.03410852713178292,466614540.0,0.14468385636624037,-14.0,-45.0,-0.03410852713178292,0,1,-0.03835764451647761,-0.10240247811835901,-0.15353260869565222,0.13479052823315119,-0.2859598853868195,0.0,0.22250986781768836,0,1,0,0,0,조비,64383763600,644억,4.7억,-3.41%,0.1,-18.2,-42.5
011150,2352.0,-0.0075949367088608,87755472.0,0.22119777966303664,-14.0,-70.0,-0.0075949367088608,0,1,-0.037525064451446544,-0.08200304437765893,-0.12074766355140187,-0.17328646748681897,-0.23760129659643436,0.0,0.9284244352217799,0,0,0,0,0,CJ씨푸드,84078008820,841억,0.88억,-0.76%,0.2,-18.2,-66.0
017180,1573.0,-0.015028177833437684,98167784.0,0.6358233391626649,-14.0,-60.0,-0.015028177833437684,0,1,-0.03241680506858591,-0.06752030351532401,-0.1177790241166573,-0.1177790241166573,-0.1912596401028278,0.0,0.7694094159639716,0,1,0,0,0,명문제약,53306922780,533억,0.98억,-1.5%,0.6,-18.2,-56.6
001770,15470.0,-0.008968609865470878,5290740.0,0.1791044776119403,-14.0,-60.0,-0.008968609865470878,0,1,-0.017653035306070652,-0.05086201607460583,-0.06412583182093168,-0.12894144144144148,-0.21591485048150028,0.0,0.7273616611704561,0,1,0,0,0,SHD,18672674860,187억,0.05억,-0.9%,0.2,-18.2,-56.6
011420,1676.0,-0.022170361726954524,90971604.0,0.6006958815938876,-15.0,-55.0,-0.022170361726954524,0,1,-0.018850251726964085,-0.058744243513422445,-0.045014245014245,-0.1183587585481326,-0.4119298245614035,0.0,0.8537593477414119,0,1,0,0,0,갤럭시아에스엠,45649760108,456억,0.91억,-2.22%,0.6,-19.5,-51.9
008970,1618.0,0.025998731769181882,757937538.0,0.16530367180226527,-15.0,-59.0,0.025998731769181882,0,1,0.023144049576324655,-0.0645235892691951,-0.19019019019019023,-0.039762611275964366,-0.5752165922814387,0.0,0.3158652108725326,0,1,0,0,0,KBI동양철관,167998622433,1680억,7.6억,2.6%,0.2,-19.5,-55.7
002995,14590.0,-0.010176390773405708,11963800.0,0.1848908129558855,-15.0,-59.0,-0.010176390773405708,0,1,0.002335806540258334,-0.01415588364471776,-0.1417647058823529,-0.11682808716707027,-0.7087824351297405,0.0,0.3295845765434932,0,1,0,0,0,금호건설우,4214475720,42억,0.12억,-1.02%,0.2,-19.5,-55.7
071320,71900.0,-0.01641586867305067,751858300.0,0.47317491453484556,-15.0,-55.0,-0.01641586867305067,0,1,-0.026931925835701698,-0.038898542975538075,-0.030997304582210283,-0.2572314049586777,-0.3603202846975089,0.0,0.7415435864262093,0,1,0,0,0,지역난방공사,831353819200,8314억,7.5억,-1.64%,0.5,-19.5,-51.9
004060,3150.0,-0.02927580893682591,438218550.0,0.33104273094250225,-15.0,-73.0,-0.02927580893682591,0,1,-0.09182643794147327,-0.20814479638009054,-0.3152173913043478,-0.02777777777777779,-0.58984375,0.0,2.1537969332543505,1,0,0,0,0,SG세계물산,63460224960,635억,4.4억,-2.93%,0.3,-19.5,-68.9
381970,9800.0,-0.014084507042253502,723181200.0,0.46024038600967515,-15.0,-55.0,-0.014084507042253502,0,1,-0.013191018024368173,-0.04831269725661569,-0.02487562189054726,-0.360313315926893,-0.42622950819672134,0.0,0.7643875016722819,0,1,0,0,0,케이카,476491476480,4765억,7.2억,-1.41%,0.5,-19.5,-51.9
285130,46400.0,0.002159827213822796,1521177600.0,0.40663561249303076,-16.0,-70.0,0.002159827213822796,0,1,-0.01871629480807868,-0.11749322428795583,-0.16396396396396395,-0.2990936555891238,-0.418546365914787,0.5,1.1899084491057346,0,1,0,0,0,SK케미칼,800067927500,8001억,15.2억,0.22%,0.4,-20.8,-66.0
009070,5280.0,-0.016759776536312887,595457280.0,0.44574014143403934,-17.0,-70.0,-0.016759776536312887,0,1,-0.004149377593360981,-0.0579839429081177,-0.10356536502546687,-0.20121028744326774,-0.33917396745932415,0.0,0.7861567172107613,0,1,0,0,0,KCTC,156000000000,1560억,6.0억,-1.68%,0.4,-22.1,-66.0
003580,1866.0,0.020229633679606396,171218562.0,0.6708415293435137,-17.0,-70.0,0.020229633679606396,0,1,-0.00021431633090451818,-0.07357759904676797,-0.09855072463768111,-0.18869565217391304,-0.40288,0.0,0.8616058335165135,0,1,0,0,0,HLB글로벌,91852934565,919억,1.7억,2.02%,0.7,-22.1,-66.0
005360,1496.0,-0.007299270072992692,29465216.0,0.3786196032144989,-17.0,-70.0,-0.007299270072992692,0,1,-0.021966527196652708,-0.0756302521008404,-0.10419161676646704,-0.23005661348430262,-0.45100917431192655,0.0,0.9820090217490678,0,1,0,0,0,모나미,28270371272,283억,0.29억,-0.73%,0.4,-22.1,-66.0
002390,9000.0,-0.0228013029315961,69984000.0,0.253925543257307,-17.0,-60.0,-0.0228013029315961,0,1,-0.029126213592232997,-0.07592792237794543,-0.13211186113789775,-0.19064748201438853,-0.2724333063864187,0.0,0.7485687478640007,0,1,0,0,0,한독,120568549080,1206억,0.70억,-2.28%,0.3,-22.1,-56.6
008250,3500.0,0.0,23443000.0,0.23271610407253182,-17.0,-70.0,0.0,0,1,-0.0007137758743754885,-0.061976549413735316,-0.125,-0.15865384615384615,-0.3975903614457831,0.0,0.8784229076727356,0,1,0,0,0,이건산업,38936617425,389억,0.23억,0.0%,0.2,-22.1,-66.0
039130,38100.0,0.0013140604467805073,1435989000.0,0.5898421636205573,-17.0,-70.0,0.0013140604467805073,0,1,-0.02182284980744542,-0.05949148358430012,-0.07073170731707312,-0.1690294438386042,-0.33854166666666663,0.0,0.9869431239863542,0,1,0,0,0,하나투어,590940905800,5909억,14.4억,0.13%,0.6,-22.1,-66.0
004910,4085.0,-0.014475271411338975,97161725.0,0.41770463531847674,-17.0,-70.0,-0.014475271411338975,0,1,-0.0112549921336077,-0.07411604714415232,-0.14539748953974896,-0.1489583333333333,-0.3791793313069909,0.0,0.7892543722525224,0,1,0,0,0,조광페인트,51328000000,513억,0.97억,-1.45%,0.4,-22.1,-66.0
000520,7660.0,-0.031605562579013924,1398156820.0,0.6903080152571434,-17.0,-80.0,-0.031605562579013924,0,1,-0.053795318386758106,-0.1118583147337604,-0.18423855165069225,-0.21676891615541927,-0.4020296643247463,0.0,1.0775562036750916,1,0,0,0,0,삼일제약,162905500610,1629억,14.0억,-3.16%,0.7,-22.1,-75.5
014130,2465.0,-0.012024048096192397,15354485.0,0.20672649311686073,-17.0,-70.0,-0.012024048096192397,0,1,-0.03522504892367906,-0.06611100587232432,-0.06273764258555137,-0.13811188811188813,-0.3246575342465754,0.0,0.9574684301327973,0,1,0,0,0,한익스프레스,29340000000,293억,0.15억,-1.2%,0.2,-22.1,-66.0
352820,233000.0,-0.008510638297872353,20476739000.0,0.3203543461793909,-17.0,-70.0,-0.008510638297872353,0,1,-0.009564293304994642,-0.040164778578784754,-0.0880626223091977,-0.29607250755287007,-0.4239802224969098,0.0,0.845577020069406,0,1,0,0,0,하이브,10172130764000,10.17조,205억,-0.85%,0.3,-22.1,-66.0
183190,10130.0,-0.018410852713178327,295765610.0,0.40118251076742967,-17.0,-85.0,-0.018410852713178327,0,1,-0.03990143114396738,-0.08996990522391413,-0.07149404216315303,-0.1327054794520548,-0.3127544097693351,0.0,0.6117738395427449,0,0,0,0,0,아세아시멘트,371270372760,3713억,3.0억,-1.84%,0.4,-22.1,-80.2
017810,10710.0,-0.017431192660550487,309990240.0,0.4680885816886865,-17.0,-70.0,-0.017431192660550487,0,1,-0.02450132070316058,-0.059618930547019056,-0.12285012285012287,-0.1824427480916031,-0.39388794567062824,0.0,0.8395140247382282,0,1,0,0,0,풀무원,407889799400,4079억,3.1억,-1.74%,0.5,-22.1,-66.0
006120,52600.0,0.0019047619047618536,384137800.0,0.21539310051923807,-17.0,-65.0,0.0019047619047618536,0,1,-0.0037878787878787845,-0.0535312640575798,-0.06902654867256641,-0.1405228758169934,-0.22873900293255134,0.0,0.4902996971079692,0,1,0,0,0,SK디스커버리,907256427100,9073억,3.8억,0.19%,0.2,-22.1,-61.3
272550,10080.0,-0.01850048685491723,160080480.0,0.2070332105726298,-17.0,-75.0,-0.01850048685491723,0,1,-0.017735334242837686,-0.07535660230243546,-0.12347826086956526,-0.2198142414860681,-0.3403141361256544,0.0,0.5898157511062607,0,1,0,0,0,삼양패키징,152190900600,1522억,1.6억,-1.85%,0.2,-22.1,-70.8
103140,88100.0,0.001136363636363713,6778502100.0,0.4376071039988716,-17.0,-70.0,0.001136363636363713,0,1,-0.001925909142403981,-0.058307947196836074,-0.1429961089494164,-0.27129859387923905,-0.46606060606060606,0.0,0.7254867663912921,0,1,0,0,0,풍산,2463334036200,2.46조,67.8억,0.11%,0.4,-22.1,-66.0
462870,29550.0,0.0016949152542373724,884756550.0,0.40261922355176555,-17.0,-70.0,0.0016949152542373724,0,1,-0.005887300252312877,-0.060786650774731776,-0.10993975903614461,-0.11659192825112108,-0.4948717948717949,0.0,0.9782319001732079,0,1,0,0,0,시프트업,1703908577000,1.70조,8.8억,0.17%,0.4,-22.1,-66.0
090370,1309.0,-0.023134328358208944,17653174.0,0.2932963323822117,-17.0,-70.0,-0.023134328358208944,0,1,-0.011478628605950836,-0.04689092762487268,-0.06766381766381768,-0.1756926952141058,-0.3883177570093458,0.0,0.881849472545307,0,1,0,0,0,메타랩스,32376095700,324억,0.18억,-2.31%,0.3,-22.1,-66.0
000145,10250.0,-0.025665399239543696,4581750.0,1.3768673956568613,-18.0,-80.0,-0.025665399239543696,0,1,-0.05920146856356123,-0.09512248951666302,-0.10791993037423842,-0.17604501607717038,-0.31438127090301005,0.5,0.8678097345132744,0,0,0,0,0,하이트진로홀딩스우,4849343000,48억,0.05억,-2.57%,1.4,-23.4,-75.5
372910,2270.0,-0.01089324618736387,136756150.0,0.32396656172505406,-18.0,-60.0,-0.01089324618736387,0,1,-0.013900955690703709,-0.060819197352089405,-0.02991452991452992,-0.23181049069373938,-0.33915574963609896,0.0,0.3422922593446224,0,1,0,0,0,한컴라이프케어,62544157560,625억,1.4억,-1.09%,0.3,-23.4,-56.6
480370,2015.0,-0.019464720194647178,231533575.0,0.20881415440307918,-18.0,-45.0,-0.019464720194647178,0,0,-0.09377108162806391,-0.1617264690587623,0.029111338100102246,-0.2478536767450541,-0.5609065155807366,0.0,0.49856795950203325,0,0,0,0,0,씨케이솔루션,63663559680,637억,2.3억,-1.95%,0.2,-23.4,-42.5
000910,3850.0,-0.017857142857142905,256818100.0,0.40874638587641715,-19.0,-80.0,-0.017857142857142905,0,1,-0.05230769230769228,-0.10319124155602144,-0.09090909090909094,-0.11188004613610147,-0.3507588532883642,0.0,1.0576090705701922,0,0,0,0,0,유니온,60182791245,602억,2.6억,-1.79%,0.4,-24.7,-75.5
006060,2990.0,-0.02922077922077926,239519930.0,0.4612310453340135,-19.0,-80.0,-0.02922077922077926,0,1,-0.051094890510948954,-0.09476233726914929,-0.11144130757800896,-0.10075187969924815,-0.43263757115749524,0.0,1.0926019654899755,0,0,0,0,0,화승인더,165406800000,1654억,2.4억,-2.92%,0.5,-24.7,-75.5
268280,102800.0,-0.024667931688804545,154405600.0,0.6017869305661284,-19.0,-70.0,-0.024667931688804545,0,1,-0.05201032829214314,-0.10010066967216702,-0.14617940199335544,-0.25236363636363635,-0.384062312762133,0.0,1.0181606659918112,0,1,0,0,0,미원에스씨,510000000000,5100억,1.5억,-2.47%,0.6,-24.7,-66.0
271980,12030.0,-0.06744186046511624,1182067800.0,2.439399807350473,-19.0,-68.0,-0.06744186046511624,0,1,-0.10357675111773468,-0.11709662030751167,-0.0774539877300614,-0.220349967595593,-0.308223116733755,0.0,1.2837002971761091,0,1,0,0,0,제일약품,180428779440,1804억,11.8억,-6.74%,2.4,-24.7,-64.2
016880,2315.0,0.01091703056768556,391494280.0,0.23178613702015727,-19.0,-85.0,0.01091703056768556,0,1,-0.03239289446186,-0.115145723841376,-0.1313320825515948,-0.025263157894736876,-0.5487329434697856,0.0,0.6380074162437407,0,0,0,0,0,웅진,183432648600,1834억,3.9억,1.09%,0.2,-24.7,-80.2
093240,821.0,-0.03183962264150941,260949924.0,0.22004311846549685,-19.0,-66.0,-0.03183962264150941,0,1,-0.03149699186032795,-0.08114157806379407,-0.14834024896265563,-0.5089712918660287,-0.7411727616645649,0.0,1.5692932779697197,0,1,0,0,0,형지엘리트,50401402639,504억,2.6억,-3.18%,0.2,-24.7,-62.3
950210,7720.0,-0.01025641025641022,460034800.0,0.6045747406664527,-20.0,-54.0,-0.01025641025641022,0,1,0.010471204188481575,-0.05048889982165916,-0.15257958287596052,-0.4024767801857585,-0.6122551481667504,0.0,0.8861822802821819,0,1,0,0,0,프레스티지바이오파마,450721162500,4507억,4.6억,-1.03%,0.6,-26.0,-50.9
023960,1154.0,-0.02037351443123936,97988448.0,0.26752969821621664,-20.0,-70.0,-0.02037351443123936,0,1,-0.01770514130064693,-0.08175850407797891,-0.1838755304101839,-0.10819165378670792,-0.3897408778424114,0.5,0.9277052403761529,0,1,0,0,0,에쓰씨엔지니어링,43513155400,435억,0.98억,-2.04%,0.3,-26.0,-66.0
133820,1235.0,0.012295081967213184,95575415.0,0.2751509100825499,-20.0,-60.0,0.012295081967213184,0,0,-0.03703703703703709,-0.14438132187889707,-0.186429512516469,-0.2696629213483146,-0.5425925925925925,0.0,0.5167599195573187,0,0,0,0,0,화인베스틸,46801387022,468억,0.96억,1.23%,0.3,-26.0,-56.6
016590,10570.0,-0.016744186046511622,154152880.0,0.5037825140764793,-20.0,-85.0,-0.016744186046511622,0,1,-0.046803138245107734,-0.10828025477707004,-0.13431613431613432,-0.15100401606425706,-0.35548780487804876,0.0,0.32441588283296824,0,0,0,0,0,신대양제지,431992630400,4320억,1.5억,-1.67%,0.5,-26.0,-80.2
014160,994.0,-0.01388888888888884,705542194.0,0.5109170393687729,-20.0,-85.0,-0.01388888888888884,0,1,-0.03644823575029077,-0.09607602418951489,-0.1511528608027327,-0.0273972602739726,-0.39866908650937694,0.0,0.20294350122009386,0,0,0,0,0,대영포장,107418998059,1074억,7.1억,-1.39%,0.5,-26.0,-80.2
004830,4070.0,-0.0012269938650306678,135990910.0,0.24698631311593197,-20.0,-75.0,-0.0012269938650306678,0,1,-0.012615235322658958,-0.08162689682405366,-0.07183580387685295,-0.11521739130434783,-0.3467094703049759,0.0,0.432701672592553,0,1,0,0,0,덕성,63347200000,633억,1.4억,-0.12%,0.2,-26.0,-70.8
002880,825.0,-0.0060240963855421326,35117775.0,0.06867242902885067,-20.0,-85.0,-0.0060240963855421326,0,1,-0.047234091696500724,-0.08582192919275311,-0.08940397350993379,-0.23540315106580167,-0.42226890756302526,0.0,0.24224152581680553,0,0,0,0,0,디와이에이,37419196000,374억,0.35억,-0.6%,0.1,-26.0,-80.2
011280,1822.0,-0.0021905805038334725,42567386.0,0.12257729746518983,-20.0,-65.0,-0.0021905805038334725,0,1,-0.01800150910854803,-0.06590448847760888,-0.09578163771712156,-0.11121951219512194,-0.26973947895791583,0.0,0.14643425684422412,0,1,0,0,0,태림포장,130778571180,1308억,0.43억,-0.22%,0.1,-26.0,-61.3
025620,7370.0,-0.022546419098143256,62305980.0,0.4406889217873601,-20.0,-54.0,-0.022546419098143256,0,1,0.018096422157756642,-0.059709109466700716,-0.22010582010582014,-0.2788649706457925,-0.5544135429262393,0.0,0.8609098221133163,0,1,0,0,0,차AI헬스케어,137439996150,1374억,0.62억,-2.25%,0.4,-26.0,-50.9
008700,1252.0,-0.030209140201394313,352997644.0,0.47597619840458916,-20.0,-65.0,-0.030209140201394313,0,1,-0.039435323001381084,-0.09442696466673894,-0.1459754433833561,-0.13476157567380787,-0.294250281848929,0.0,0.3874082712704137,0,1,0,0,0,아남전자,96560274640,966억,3.5억,-3.02%,0.5,-26.0,-61.3
008930,32900.0,-0.0251851851851852,1459805900.0,0.37750456981231123,-21.0,-70.0,-0.0251851851851852,0,1,-0.032352941176470584,-0.08055613777684623,-0.1639135959339263,-0.14322916666666663,-0.36608863198458574,0.0,1.1275337594817163,0,1,0,0,0,한미사이언스,2267179882500,2.27조,14.6억,-2.52%,0.4,-27.3,-66.0
432320,1590.0,-0.044471153846153855,878142690.0,0.4507859315114989,-21.0,-68.0,-0.044471153846153855,0,1,-0.020996244073640757,-0.13951726377313556,-0.29333333333333333,-0.548936170212766,-0.6121951219512195,0.0,1.346070952069107,1,1,0,0,0,KB스타리츠,236096870310,2361억,8.8억,-4.45%,0.5,-27.3,-64.2
001520,648.0,-0.03857566765578635,262280592.0,0.5030075140315651,-21.0,-70.0,-0.03857566765578635,0,1,-0.03857566765578635,-0.11572052401746724,-0.15734720416124837,-0.2385428907168038,-0.3983286908077994,0.0,1.0929800498617055,0,1,0,0,0,동양,155383325013,1554억,2.6억,-3.86%,0.5,-27.3,-66.0
073240,4940.0,-0.007035175879396949,1365989040.0,0.29394167057104564,-21.0,-70.0,-0.007035175879396949,0,1,-0.0010111223458038054,-0.08169904266195738,-0.20578778135048237,-0.12255772646536411,-0.34395750332005315,0.0,1.1564892864617926,0,1,0,0,0,금호타이어,1409011707735,1.41조,13.7억,-0.7%,0.3,-27.3,-66.0
011300,2540.0,0.013972055888223478,68628260.0,0.32608682533916333,-21.0,-68.0,0.013972055888223478,0,1,-0.025139128766071717,-0.12436438852021026,-0.19365079365079363,-0.3153638814016172,-0.5124760076775432,0.0,1.2829710874881848,1,1,0,0,0,우성머티리얼스,40671617265,407억,0.69억,1.4%,0.3,-27.3,-64.2
105630,9270.0,-0.01904761904761909,478192950.0,0.5600782600387392,-22.0,-78.0,-0.01904761904761909,0,1,-0.06012369461624256,-0.12953659796234562,-0.1896853146853147,-0.33643521832498213,-0.402321083172147,0.5,1.2307020362386214,0,0,0,0,0,한세실업,370800000000,3708억,4.8억,-1.9%,0.6,-28.6,-73.6
009240,31450.0,-0.04407294832826747,1504127700.0,0.49385495166363425,-22.0,-78.0,-0.04407294832826747,0,1,-0.06801007556675065,-0.15728831725616288,-0.21375,-0.2565011820330969,-0.3881322957198443,0.5,1.240880411742897,0,0,0,0,0,한샘,740142035600,7401억,15.0억,-4.41%,0.5,-28.6,-73.6
348950,1182.0,0.0,0.0,0.0,-23.0,-59.0,0.0,0,1,0.0,-0.00366670881274489,-0.3167630057803468,-0.5867132867132867,-0.6143556280587276,0.0,0.0,0,1,0,0,0,제이알글로벌리츠,233298432000,2333억,0.00억,0.0%,0.0,-29.9,-55.7
006490,384.0,0.07563025210084029,150493440.0,0.2234669681882731,-23.0,-50.0,0.07563025210084029,0,0,-0.0064683053040103244,-0.1005972596322754,-0.2396039603960396,-0.4725274725274725,-0.8037812979049566,0.0,0.37449098263947417,0,1,0,0,0,인스코비,57479130098,575억,1.5억,7.56%,0.2,-29.9,-47.2
090435,39650.0,-0.020987654320987703,389481950.0,0.4650260017847379,-23.0,-70.0,-0.020987654320987703,0,1,-0.06309073724007563,-0.12539980147788687,-0.1333333333333333,-0.11790878754171297,-0.2906976744186046,0.0,0.9637627445075764,0,0,0,0,0,아모레퍼시픽우,418617959500,4186억,3.9억,-2.1%,0.5,-29.9,-66.0
004090,13305.0,-0.02670080468178493,1650684825.0,0.2822155094670662,-23.0,-80.0,-0.02670080468178493,0,1,-0.04865753816452756,-0.09862303744728418,-0.15092533503509886,-0.050998573466476516,-0.5273534635879218,0.0,1.0755156874307443,0,0,0,0,0,한국석유,169720384400,1697억,16.5억,-2.67%,0.3,-29.9,-75.5
214330,3260.0,-0.03976435935198819,93571780.0,0.34134518759536153,-23.0,-66.0,-0.03976435935198819,0,1,-0.05136039575149132,-0.08963976542865126,-0.18090452261306533,-0.3706563706563707,-0.5738562091503268,0.0,1.5729636630124861,1,1,0,0,0,금호에이치티,67133487390,671억,0.94억,-3.98%,0.3,-29.9,-62.3
008040,906.0,-0.024757804090419833,312531948.0,0.4589453044212258,-23.0,-80.0,-0.024757804090419833,0,1,-0.09136495837930003,-0.12434156478036062,-0.10029791459781534,-0.150093808630394,-0.35146743020758764,0.0,0.8165603899810269,0,0,0,0,0,사조동아원,130276465800,1303억,3.1억,-2.48%,0.5,-29.9,-75.5
035510,16230.0,-0.012172854534388322,1827822600.0,0.3751683335540304,-23.0,-60.0,-0.012172854534388322,0,1,-0.09400468907000115,-0.15758330738087822,-0.15819502074688796,0.03441682600382401,-0.32795031055900625,0.0,0.953646006800016,0,0,0,0,0,신세계 I&C,227189625000,2272억,18.3억,-1.22%,0.4,-29.9,-56.6
008730,21650.0,-0.0045977011494252595,762729500.0,0.402216471923338,-25.0,-70.0,-0.0045977011494252595,0,1,-0.025652565256525706,-0.09518336641939196,-0.154296875,-0.14931237721021606,-0.4325032765399738,0.0,0.7956467829905938,0,1,0,0,0,율촌화학,531960000000,5320억,7.6억,-0.46%,0.4,-32.5,-66.0
009270,1138.0,-0.034775233248515725,423960762.0,0.5878520455033892,-25.0,-70.0,-0.034775233248515725,0,1,-0.045141802315824764,-0.1188881576400449,-0.17952415284787315,-0.21463077984817114,-0.41730670762928823,0.0,0.9600907061360824,0,1,0,0,0,신원,129461003304,1295억,4.2억,-3.48%,0.6,-32.5,-66.0
016800,29500.0,-0.04065040650406504,78175000.0,1.777032690695725,-25.0,-70.0,-0.04065040650406504,0,1,-0.026563273387229858,-0.10361592221209359,-0.22368421052631582,-0.32183908045977017,-0.4135188866799204,0.0,0.7748578924355051,0,1,0,0,0,퍼시스,339825000000,3398억,0.78억,-4.07%,1.8,-32.5,-66.0
003520,1447.0,-0.016983695652173947,254206066.0,0.41906350358538574,-25.0,-80.0,-0.016983695652173947,0,1,-0.03904901049276133,-0.10698305921560147,-0.16067285382830632,-0.24081846799580275,-0.38686440677966105,0.0,0.8542205810094944,0,0,0,0,0,영진약품,262633961716,2626억,2.5억,-1.7%,0.4,-32.5,-75.5
251270,42100.0,-0.02995391705069128,4231344700.0,0.3797341856921968,-25.0,-70.0,-0.02995391705069128,0,1,-0.012200844673862066,-0.07365641674459544,-0.15800000000000003,-0.1337448559670782,-0.38088235294117645,0.0,0.8254095533026032,0,1,0,0,0,넷마블,3441251982000,3.44조,42.3억,-3.0%,0.4,-32.5,-66.0
002030,221500.0,-0.019911504424778736,120274500.0,0.22368692070030896,-25.0,-70.0,-0.019911504424778736,0,1,-0.007838745800671898,-0.08894601542416447,-0.17810760667903525,-0.304552590266876,-0.44136191677175285,0.0,0.9066555405288751,0,1,0,0,0,아세아,449859162000,4499억,1.2억,-1.99%,0.2,-32.5,-66.0
000230,8190.0,-0.03191489361702127,117862290.0,0.4050602270600272,-25.0,-70.0,-0.03191489361702127,0,1,-0.012658227848101222,-0.085427135678392,-0.16428571428571426,-0.40609137055837563,-0.48197343453510433,0.0,0.8754844131374983,0,1,0,0,0,일동홀딩스,94054260000,941억,1.2억,-3.19%,0.4,-32.5,-66.0
100090,19030.0,0.00901378579003187,4825037470.0,0.3387539523677064,-25.0,-75.0,0.00901378579003187,0,1,-0.01755291688177596,-0.10161690074353835,-0.25808966861598437,-0.10657276995305165,-0.3719471947194719,0.0,0.5736415717495899,0,1,0,0,0,SK오션플랜트,1177712731650,1.18조,48.3억,0.9%,0.3,-32.5,-70.8
213500,6850.0,-0.015804597701149392,482678400.0,0.3891541183185586,-25.0,-70.0,-0.015804597701149392,0,1,-0.038596491228070184,-0.1077243714992836,-0.20348837209302328,-0.14052697616060228,-0.26344086021505375,0.0,0.7060444300639105,0,0,0,0,0,한솔제지,163509957120,1635억,4.8억,-1.58%,0.4,-32.5,-66.0
000950,27950.0,-0.0017857142857142794,30689100.0,0.6734337146186635,-25.0,-70.0,-0.0017857142857142794,0,1,-0.02714932126696834,-0.09904101861552095,-0.18274853801169588,-0.2148876404494382,-0.37402015677491607,0.0,0.7478265342867432,0,1,0,0,0,전방,46284000000,463억,0.31억,-0.18%,0.7,-32.5,-66.0
007570,9620.0,-0.021363173957273607,416247780.0,0.46368626778581207,-25.0,-70.0,-0.021363173957273607,0,1,-0.022556390977443663,-0.07544449783757812,-0.20823045267489715,-0.3410958904109589,-0.43167720210314886,0.0,0.8426920370422496,0,1,0,0,0,일양약품,184176657600,1842억,4.2억,-2.14%,0.5,-32.5,-66.0
000180,6070.0,-0.004918032786885296,26386290.0,0.14601384226004033,-25.0,-70.0,-0.004918032786885296,0,1,-0.010272297407467823,-0.07883754457849612,-0.15694444444444444,-0.1328571428571429,-0.3281682346430548,0.0,0.8722343565033264,0,1,0,0,0,성창기업지주,83422913600,834억,0.26억,-0.49%,0.1,-32.5,-66.0
009580,2210.0,-0.0045045045045044585,350309310.0,0.17208890961773998,-26.0,-85.0,-0.0045045045045044585,0,1,-0.06986531986531985,-0.1657229143072858,-0.1564885496183206,-0.0772442588726514,-0.4106666666666666,0.0,0.13103991718476068,0,0,0,0,0,무림P&P,137833996040,1378억,3.5억,-0.45%,0.2,-33.8,-80.2
033250,4080.0,-0.0024449877750610804,63717360.0,0.473266804653573,-26.0,-68.0,-0.0024449877750610804,0,1,-0.027992852888624187,-0.0990891526359371,-0.16307692307692312,-0.19287833827893175,-0.5148632580261594,0.5,1.3836685226102505,0,1,0,0,0,체시스,26624000000,266억,0.64억,-0.24%,0.5,-33.8,-64.2
004440,5930.0,-0.01983471074380161,119608100.0,0.13103584255819384,-26.0,-65.0,-0.01983471074380161,0,1,-0.050592379122638476,-0.1512202104057826,-0.2605985037406484,0.0206540447504302,-0.43144774688398846,0.0,0.3777234638895572,0,0,0,0,0,삼일씨엔에스,74863848360,749억,1.2억,-1.98%,0.1,-33.8,-61.3
004140,2260.0,-0.025862068965517238,560041560.0,0.2779866958878428,-26.0,-85.0,-0.025862068965517238,0,1,-0.05518394648829428,-0.142070798139888,-0.16605166051660514,-0.09960159362549803,-0.40447957839262183,0.0,0.3911828534468584,0,0,0,0,0,동방,107216897010,1072억,5.6억,-2.59%,0.3,-33.8,-80.2
001515,7500.0,0.006711409395973256,71100000.0,0.022082771024376186,-26.0,-59.0,0.006711409395973256,0,1,-0.06797564309680626,-0.2834623101175122,-0.34895833333333337,0.6483516483516483,-0.5056031641397495,0.0,0.11310382730959812,0,0,0,0,0,SK증권우,14593677220,146억,0.71억,0.67%,0.0,-33.8,-55.7
008500,1969.0,-0.039512195121951255,51162496.0,0.4909417431795015,-27.0,-78.0,-0.039512195121951255,0,1,-0.10210223904418814,-0.17630571649689386,-0.25557655954631375,-0.37886435331230284,-0.6970769230769231,0.0,1.3769051017940053,1,0,0,0,0,일정실업,11682000000,117억,0.51억,-3.95%,0.5,-35.1,-73.6
192650,5370.0,-0.05789473684210522,1900888710.0,0.9235290365342413,-27.0,-80.0,-0.05789473684210522,0,1,-0.08314836947242621,-0.14470016723739743,-0.15962441314553988,-0.21834061135371174,-0.38062283737024216,0.0,1.178371072165876,0,0,0,0,0,드림텍,366942738680,3669억,19.0억,-5.79%,0.9,-35.1,-75.5
010640,2135.0,-0.016129032258064502,83997305.0,0.5959525576745384,-27.0,-70.0,-0.016129032258064502,0,1,-0.009740259740259716,-0.05373961218836565,-0.05111111111111111,-0.26632302405498287,-0.5183848409654861,0.0,0.8258585477986959,0,1,0,0,0,진양폴리,35738000000,357억,0.84억,-1.61%,0.6,-35.1,-66.0
357430,870.0,0.0034602076124568004,30296880.0,0.26879599862607145,-27.0,-80.0,0.0034602076124568004,0,1,-0.08082408874801905,-0.2046077893582008,-0.3894736842105263,-0.4746376811594203,-0.4755877034358047,0.0,1.1275886517246996,0,0,0,0,0,마스턴프리미어리츠,26570122397,266억,0.30억,0.35%,0.3,-35.1,-75.5
034120,13960.0,-0.007112375533428139,118073680.0,0.2924361786910214,-27.0,-70.0,-0.007112375533428139,0,1,-0.027855153203342642,-0.07128363769417556,-0.07976268951878707,-0.24703344120819848,-0.5219178082191781,0.0,0.8932407155929669,0,1,0,0,0,SBS,264355141500,2644억,1.2억,-0.71%,0.3,-35.1,-66.0
023150,3940.0,-0.013767209011264048,24171900.0,0.1837093110825973,-28.0,-65.0,-0.013767209011264048,0,1,-0.0161068797602697,-0.07272299364556367,-0.15268817204301077,-0.1731374606505771,-0.28623188405797106,0.0,0.3543746437480063,0,1,0,0,0,MH에탄올,29255855590,293억,0.24억,-1.38%,0.2,-36.4,-61.3
013360,1540.0,-0.0019442644199610948,192901940.0,0.2919051951881936,-28.0,-75.0,-0.0019442644199610948,0,1,-0.024822695035460973,-0.10685805422647532,-0.28037383177570097,-0.2450980392156863,-0.4389799635701275,0.0,0.28578522105946913,0,1,0,0,0,일성건설,82333917120,823억,1.9억,-0.19%,0.3,-36.4,-70.8
012160,412.0,-0.01904761904761909,23241744.0,0.2504073247205323,-28.0,-85.0,-0.01904761904761909,0,1,-0.042528468510341644,-0.13536201469045117,-0.18253968253968256,-0.1540041067761807,-0.4317241379310345,0.0,0.49315974896025655,0,0,0,0,0,영흥,32725373623,327억,0.23억,-1.9%,0.3,-36.4,-80.2
241590,3830.0,-0.034047919293820894,290057390.0,0.49497334060110765,-29.0,-80.0,-0.034047919293820894,0,1,-0.08318372232196292,-0.14212117818344716,-0.14888888888888885,-0.2223350253807107,-0.5587557603686636,0.0,1.081021484269396,0,0,0,0,0,화승엔터프라이즈,231148087940,2311억,2.9억,-3.4%,0.5,-37.7,-75.5
36328K,3855.0,-0.010269576379974277,84810.0,0.005624296962879641,-30.0,-75.0,-0.010269576379974277,0,1,-0.009633911368015391,-0.028722600151171562,-0.05166051660516602,-0.13370786516853927,-0.5427046263345195,0.0,0.4483110756804121,0,1,0,0,0,티와이홀딩스우,4488305180,45억,0.00억,-1.03%,0.0,-39.0,-70.8
005965,18550.0,-0.03385416666666663,30051000.0,1.0853180584865842,-30.0,-75.0,-0.03385416666666663,0,1,-0.0031169389509888568,-0.039382719246006004,-0.12705882352941178,-0.12085308056872035,-0.5774487471526195,0.0,0.31755663028690034,0,1,0,0,0,동부건설우,4185071280,42억,0.30억,-3.39%,1.1,-39.0,-70.8
465770,3350.0,-0.048295454545454586,181771000.0,0.1848313609699252,-31.0,-80.0,-0.048295454545454586,0,1,-0.09004481868803482,-0.16739157449981357,-0.4379194630872483,-0.4283276450511946,-0.7084421235857268,0.0,0.7356416060476353,1,0,0,0,0,STX그린로지스,23269998840,233억,1.8억,-4.83%,0.2,-40.3,-75.5
012170,1027.0,-0.044651162790697696,34577036.0,0.8074325620659223,-31.0,-85.0,-0.044651162790697696,0,1,-0.0638103919781221,-0.14785927646863595,-0.19006309148264988,-0.3625077591558038,-0.7660592255125285,0.0,0.6627062460426831,1,0,0,0,0,아센디오,20362960800,204억,0.35억,-4.47%,0.8,-40.3,-80.2
007575,8950.0,-0.009955752212389424,4009600.0,0.3096702840948365,-31.0,-80.0,-0.009955752212389424,0,1,-0.035456406940403085,-0.10473141942582775,-0.19296663660955815,-0.4134993446920052,-0.5104206553252011,0.0,1.0668393505661184,0,0,0,0,0,일양약품우,3965662800,40억,0.04억,-1.0%,0.3,-40.3,-75.5
014990,587.0,-0.028145695364238388,58019667.0,0.41372286959364407,-31.0,-70.0,-0.028145695364238388,0,1,-0.038177945272816594,-0.1451248816718852,-0.24550128534704374,-0.2936221419975933,-0.6188311688311688,0.0,1.1825103115007536,0,1,0,0,0,인디에프,43189972125,432억,0.58억,-2.81%,0.4,-40.3,-66.0
001130,12220.0,-0.04381846635367759,376119380.0,2.0906451119903546,-33.0,-73.0,-0.04381846635367759,0,1,-0.8264598954783005,-0.8922949461474731,-0.9160714285714285,-0.9133333333333333,-0.9284961966062024,0.0,2.67308129611314,0,0,0,0,0,대한제분,207870000000,2079억,3.8억,-4.38%,2.1,-42.9,-68.9
037270,4130.0,-0.029377203290246734,1130149720.0,0.27785788148748664,-33.0,-76.0,-0.029377203290246734,0,1,-0.054595398878333534,-0.11822791566586599,-0.1715145436308927,-0.3817365269461078,-0.6013513513513513,0.0,1.790322414058913,0,0,0,0,0,YG PLUS,261655382100,2617억,11.3억,-2.94%,0.3,-42.9,-71.7
058730,2940.0,-0.03289473684210531,152186160.0,0.305989144608895,-34.0,-85.0,-0.03289473684210531,0,1,-0.0531400966183575,-0.13643706858569538,-0.235370611183355,-0.1301775147928994,-0.36501079913606915,0.0,0.451465056391505,0,0,0,0,0,다스코,58049323110,580억,1.5억,-3.29%,0.3,-44.2,-80.2
005870,6870.0,-0.025531914893617058,650087490.0,0.32893825494513673,-34.0,-85.0,-0.025531914893617058,0,1,-0.07772855416834479,-0.17630837479767403,-0.20393974507531865,-0.14445828144458284,-0.3838565022421525,0.0,0.487928794150161,0,0,0,0,0,휴니드,96977023050,970억,6.5억,-2.55%,0.3,-44.2,-80.2
011330,530.0,-0.013035381750465591,147036840.0,0.5357442869044019,-35.0,-85.0,-0.013035381750465591,0,1,-0.04624797552636317,-0.09687313623583538,-0.17573872472783825,-0.5557418273260688,-0.7173333333333334,0.0,0.6986745378471257,0,0,0,0,0,유니켐,47709365773,477억,1.5억,-1.3%,0.5,-45.5,-80.2
068290,7180.0,-0.027100271002710064,49362500.0,0.2725686873092019,-35.0,-70.0,-0.027100271002710064,0,1,-0.04279429409412083,-0.11614451898812084,-0.20925110132158586,-0.2974559686888454,-0.6471744471744472,0.0,0.9086925420009961,0,1,0,0,0,삼성출판사,71800000000,718억,0.49억,-2.71%,0.3,-45.5,-66.0
019680,1200.0,-0.016393442622950838,84525600.0,0.5862751617941495,-35.0,-70.0,-0.016393442622950838,0,1,-0.02873330635370297,-0.1172576136530823,-0.21773142112125166,-0.3135011441647597,-0.5275590551181102,0.0,0.9318106238398504,0,1,0,0,0,대교,103930396950,1039억,0.85억,-1.64%,0.6,-45.5,-66.0
011390,56900.0,-0.054817275747508276,399153500.0,0.9456216974010568,-37.0,-80.0,-0.054817275747508276,0,1,-0.07644862846940437,-0.16818945983480738,-0.2372654155495979,-0.24335106382978722,-0.5034904013961605,0.0,1.1447266938258909,0,0,0,0,0,부산산업,59347200000,593억,4.0억,-5.48%,0.9,-48.1,-75.5
007110,1262.0,-0.05680119581464871,558347922.0,0.6954789178075086,-37.0,-80.0,-0.05680119581464871,0,1,-0.07829389424481448,-0.1656474166143268,-0.2037854889589905,-0.224339274738783,-0.5385740402193784,0.0,1.0350390954780988,0,0,0,0,0,일신석재,97208045550,972억,5.6억,-5.68%,0.7,-48.1,-75.5
484870,86100.0,-0.012614678899082521,709377900.0,0.4207156097286974,-41.0,-85.0,-0.012614678899082521,0,1,-0.05113511130703108,-0.15699809076222648,-0.18696883852691215,-0.4973730297723292,-0.6130337078651685,0.0,0.6102489125006334,0,0,0,0,0,엠앤씨솔루션,759773700000,7598억,7.1억,-1.26%,0.4,-53.2,-80.2
023810,6460.0,-0.016742770167427756,220227860.0,0.3511829801261399,-41.0,-80.0,-0.016742770167427756,0,1,-0.08433734939759041,-0.1844464082817826,-0.16859716859716856,-0.4478632478632478,-0.5098634294385432,0.0,0.7851421195884856,0,0,0,0,0,인팩,64600000000,646억,2.2억,-1.67%,0.4,-53.2,-75.5
101140,6300.0,-0.051204819277108404,44900100.0,0.6827969093548062,-44.0,-75.0,-0.051204819277108404,0,1,-0.06082289803220031,-0.15685224839400425,-0.28246013667425973,-0.4907033144704931,-0.5699658703071673,0.0,0.4793145687969085,0,1,0,0,0,인바이오젠,67798458000,678억,0.45억,-5.12%,0.7,-57.1,-70.8
