symbol,last_close,today_chg,vol_ratio,today_amount,s_1m,s_1w,s_1d,m_1w,m_1d,v_1w,acc_w,acc_d,ret_30d,ret_90d,from_high,verdict,risk_flags,pb_score,pb_pct,cut_pb,ch_score,ch_pct,cut_ch,Name,Marcap,Marcap_fmt,today_amount_fmt
010955,55200.0,0.0036363636363636598,0.44926189119766524,744372000.0,B4,B5,A4,bounce_ma20,pullback_ma10,accumulation_suspect,0.0,0.0,-0.025,0.176,-0.266,watch,,70.0,64.8,False,50,44.6,False,S-Oil우,220803792300,2208억,7.4억
000590,76900.0,-0.0012987012987012436,1.5982773058978348,102738400.0,A2,A3,A4,pullback_ma10,pullback_ma10,normal,0.0,0.6,0.001,0.034,-0.233,watch,accumulation_suspect,69.0,63.9,False,60,53.6,False,CS홀딩스,88433321200,884억,1.0억
006125,41100.0,-0.009638554216867434,0.2362492388877613,47840400.0,A2,A3,A4,pullback_ma10,pullback_ma20,normal,0.0,0.6,0.019,0.044,-0.059,watch,,69.0,63.9,False,55,49.1,False,SK디스커버리우,50561490250,506억,0.48억
034830,1362.0,-0.03472714386959608,0.752065462294393,755968566.0,B3,B5,A4,bounce_ma20,pullback_ma10,accumulation_suspect,0.0,0.0,-0.093,0.144,-0.275,watch,,68.0,63.0,False,45,40.2,False,한국토지신탁,335305697440,3353억,7.6억
126720,28450.0,-0.03231292517006801,0.5700646456999583,1555333050.0,B4,B5,A4,pullback_ma20,breaking,accumulation_suspect,0.0,0.0,0.0,0.329,-0.218,watch,"low_history,accumulation_suspect",67.0,62.0,False,54,48.2,False,수산인더스트리,406436700000,4064억,15.6억
005720,6890.0,-0.011477761836441891,0.7846695138412515,256535370.0,A1,A3,A4,pullback_ma10,breaking,normal,0.0,0.6,0.05,0.226,-0.148,watch,,67.0,62.0,False,62,55.4,False,넥센,365706079920,3657억,2.6억
000860,14780.0,-0.04150453955901423,1.1534550987118812,466131640.0,A1,A4,A4,pullback_ma10,pullback_ma10,normal,0.0,0.0,0.084,-0.063,-0.217,watch,,65.0,60.2,False,48,42.9,False,강남제비스코,191100000000,1911억,4.7억
454910,107800.0,0.011257035647279645,0.28677648364001906,59644230800.0,B4,A3,A4,pullback_ma10,pullback_ma20,normal,0.0,0.0,0.178,0.289,-0.223,watch,low_history,64.0,59.3,False,58,51.8,False,두산로보틱스,6987593844000,6.99조,596억
009680,10210.0,-0.02946768060836502,0.9625549021067521,277232130.0,A2,A3,A3,pullback_ma10,pullback_ma10,normal,0.0,0.3,-0.036,0.025,-0.148,watch,,64.0,59.3,False,59,52.7,False,모토닉,222764213500,2228억,2.8억
003925,36650.0,-0.0027210884353741083,0.43445592578540554,107018000.0,A3,A3,A4,pullback_ma20,pullback_ma50,normal,0.0,0.0,-0.049,0.111,-0.227,skip,,63.0,58.3,False,54,48.2,False,남양유업우,73300000000,733억,1.1억
005305,76400.0,-0.012919896640826822,0.6495202036686467,76018000.0,A2,A3,A4,pullback_ma10,pullback_ma10,normal,0.0,0.0,-0.044,0.015,-0.182,watch,,63.0,58.3,False,57,50.9,False,롯데칠성우,59233684000,592억,0.76억
002170,55800.0,-0.010638297872340385,0.3522509466598102,84090600.0,B5,B5,A4,pullback_ma50,breaking,normal,0.0,0.0,-0.067,0.022,-0.11,watch,,63.0,58.3,False,43,38.4,False,SYTS,168300000000,1683억,0.84억
181710,38600.0,-0.03500000000000003,0.39588107516540366,1151939800.0,A2,A3,A4,pullback_ma10,pullback_ma10,normal,0.0,0.0,0.029,0.184,-0.126,watch,,63.0,58.3,False,59,52.7,False,NHN,1277372421000,1.28조,11.5억
058650,158200.0,0.012156110044785562,1.1768425807423022,1236491200.0,A2,A3,A3,pullback_ma20,pullback_ma50,accumulation_suspect,0.0,0.0,0.016,0.218,-0.144,watch,accumulation_suspect,63.0,58.3,False,56,50.0,False,세아홀딩스,668152170000,6682억,12.4억
214320,20350.0,-0.0332541567695962,0.2111401433599031,896865200.0,B5,B5,A1,bounce_ma20,pullback_ma10,accumulation_suspect,0.0,0.3,0.124,0.124,-0.083,pass,,62.0,57.4,False,53,47.3,False,이노션,810000000000,8100억,9.0억
005490,447250.0,-0.0005586592178771221,0.2833776653954403,82662534000.0,B4,B5,A4,bounce_ma10,pullback_ma50,accumulation_suspect,0.0,0.0,0.219,0.471,-0.175,watch,drawdown_deep,62.0,57.4,False,40,35.7,False,POSCO홀딩스,35302100278500,35.30조,827억
244920,11570.0,-0.003445305770887197,1.2297186491057244,1665767610.0,A2,A3,B4,pullback_ma10,bounce_ma10,normal,0.0,0.0,0.066,0.255,-0.228,watch,,62.0,57.4,False,54,48.2,False,에이플러스에셋,260214546430,2602억,16.7억
034590,26400.0,-0.0037735849056603765,0.40859766277128545,25845600.0,B5,B5,B4,pullback_ma10,pullback_ma10,normal,0.0,0.0,-0.011,0.052,-0.067,watch,,62.0,57.4,False,42,37.5,False,인천도시가스,115930981000,1159억,0.26억
004365,9400.0,-0.010526315789473717,0.11866794022891743,6890200.0,A2,A3,A4,pullback_ma10,breaking,normal,0.0,0.0,0.012,0.057,-0.118,watch,,62.0,57.4,False,60,53.6,False,세방우,34752735000,348억,0.07억
194370,12430.0,0.01885245901639343,0.3273419663402969,563613490.0,A2,A3,A4,pullback_ma10,breaking,normal,0.0,0.0,0.017,0.058,-0.228,watch,,62.0,57.4,False,60,53.6,False,제이에스코퍼레이션,350812604220,3508억,5.6억
005385,278000.0,0.03925233644859816,0.4433439806031312,18930132000.0,A2,A3,A4,pullback_ma10,pullback_ma50,normal,0.0,0.0,0.146,0.214,-0.155,skip,,61.0,56.5,False,57,50.9,False,현대차우,6535468800000,6.54조,189억
018670,251500.0,-0.03269230769230769,0.2690177016402798,2062803000.0,A2,A3,A4,pullback_ma20,pullback_ma50,normal,0.0,0.0,0.057,0.138,-0.162,watch,,61.0,56.5,False,55,49.1,False,SK가스,2332825488000,2.33조,20.6억
021240,95700.0,0.015923566878981,0.4123630139234159,13828267200.0,A2,B4,B5,bounce_ma20,bounce_ma20,normal,0.0,0.0,0.281,0.202,-0.164,watch,,61.0,56.5,False,49,43.8,False,코웨이,6843210094200,6.84조,138억
060980,45550.0,-0.030851063829787195,0.8175311739098354,1211265600.0,A2,A3,A4,pullback_ma10,pullback_ma50,normal,0.0,0.0,0.103,0.064,-0.167,watch,,61.0,56.5,False,55,49.1,False,HL홀딩스,417626962000,4176억,12.1억
007590,6020.0,0.0033333333333334103,0.09369059909879486,5845420.0,B3,B4,B4,bounce_ma10,pullback_ma10,accumulation_suspect,0.0,0.0,0.019,0.015,-0.049,watch,accumulation_suspect,61.0,56.5,False,35,31.2,False,동방아그로,81977813540,820억,0.06억
009180,3010.0,-0.016339869281045805,0.36114089046632736,234987690.0,A1,B5,A4,pullback_ma20,breaking,normal,0.0,0.0,-0.008,0.107,-0.197,watch,,61.0,56.5,False,52,46.4,False,한솔로지스틱스,84467475000,845억,2.3억
009540,448000.0,0.06413301662707838,0.6637256880650046,69907712000.0,A2,A3,A4,pullback_ma10,pullback_ma50,normal,0.0,0.0,0.146,0.002,-0.094,watch,,61.0,56.5,False,55,49.1,False,HD한국조선해양,31706355968000,31.71조,699억
014680,309500.0,0.04033613445378159,0.3068868334697716,8858509000.0,A1,A3,A4,pullback_ma10,pullback_ma50,normal,0.0,0.0,0.157,0.354,-0.107,watch,,60.0,55.6,False,61,54.5,False,한솔케미칼,3519075352500,3.52조,88.6억
002420,6380.0,-0.042042042042042094,1.4302200901936957,903337820.0,B3,B5,B5,bounce_ma10,pullback_ma10,accumulation_suspect,0.0,0.0,0.253,0.222,-0.246,watch,"drawdown_deep,accumulation_suspect",60.0,55.6,False,38,33.9,False,세기상사,38267366680,383억,9.0억
031210,44800.0,-0.01754385964912286,0.36006863134127326,1443142400.0,B3,A3,A4,pullback_ma10,pullback_ma10,dry,0.0,0.0,-0.061,-0.032,-0.309,skip,low_history,60.0,55.6,False,40,35.7,False,서울보증보험,3124516510500,3.12조,14.4억
021050,1504.0,-0.022106631989596837,0.12881912122910924,512072896.0,B4,B5,A4,bounce_ma10,pullback_ma20,normal,0.0,0.0,0.208,0.335,-0.244,watch,drawdown_deep,60.0,55.6,False,41,36.6,False,서원,71686630900,717억,5.1억
443060,257500.0,0.048879837067209886,0.3373624296918127,34935797500.0,A3,A4,A4,pullback_ma10,pullback_ma10,normal,0.0,0.0,0.39,0.34,-0.103,skip,,60.0,55.6,False,67,59.8,False,HD현대마린솔루션,11432532300000,11.43조,349억
031820,7740.0,-0.008962868117797673,0.21736367245440816,300459060.0,B4,B5,A4,pullback_ma10,pullback_ma20,accumulation_suspect,0.0,0.0,0.084,0.328,-0.224,watch,"drawdown_deep,accumulation_suspect",60.0,55.6,False,38,33.9,False,아이티센씨티에스,93693830040,937억,3.0억
011780,148800.0,0.050105857445307045,0.7206320562517421,14926723200.0,B4,B4,A4,pullback_ma10,pullback_ma50,normal,0.0,0.0,0.136,0.223,-0.083,watch,,58.0,53.7,False,41,36.6,False,금호석유화학,3705673972500,3.71조,149억
000850,35300.0,0.007132667617689048,0.434641849097384,168239800.0,B3,A4,B3,pullback_ma50,pullback_ma10,accumulation_suspect,0.0,0.0,-0.013,-0.028,-0.213,watch,accumulation_suspect,58.0,53.7,False,29,25.9,False,화천기공,77440000000,774억,1.7억
267290,22700.0,-0.00219780219780219,0.3453026302881929,91889600.0,B4,B5,A3,riding,pullback_ma20,normal,0.0,1.0,0.016,0.124,-0.066,watch,"drawdown_deep,accumulation_suspect",58.0,53.7,False,35,31.2,False,경동도시가스,133825716200,1338억,0.92억
014440,4620.0,-0.009646302250803873,0.7935000070407202,169221360.0,A1,A3,A3,pullback_ma10,pullback_ma50,normal,0.0,0.0,0.01,0.015,-0.146,watch,,58.0,53.7,False,53,47.3,False,영보화학,92200000000,922억,1.7억
227840,12680.0,-0.022359290670778686,0.39982555949808707,153453360.0,B4,B5,B4,pullback_ma10,pullback_ma50,normal,0.0,0.0,0.041,0.075,-0.122,watch,,57.0,52.8,False,35,31.2,False,현대코퍼레이션홀딩스,115489608840,1155억,1.5억
00104K,154600.0,-0.008338678640153918,0.1937914505220303,365010600.0,A2,A4,A5,pullback_ma50,breaking,normal,0.0,0.3,-0.104,-0.015,-0.227,watch,,57.0,52.8,False,47,42.0,False,CJ4우(전환),656799964800,6568억,3.7억
004000,54000.0,0.0,0.2133172742032555,1532142000.0,B4,B5,A4,bounce_ma20,breaking,normal,0.0,0.0,0.051,0.272,-0.248,watch,drawdown_deep,57.0,52.8,False,39,34.8,False,롯데정밀화학,1393200000000,1.39조,15.3억
015230,6510.0,-0.015128593040847238,0.2451463322831445,175112490.0,A3,A4,A4,pullback_ma50,breaking,normal,0.0,0.0,-0.057,0.043,-0.131,skip,drawdown_deep,56.0,51.9,False,32,28.6,False,대창단조,175619221400,1756억,1.8억
031430,14030.0,-0.05394470667565743,0.8272522142232183,2268356370.0,B3,B5,A3,bounce_ma10,pullback_ma20,normal,0.0,0.0,0.134,0.326,-0.181,watch,drawdown_deep,56.0,51.9,False,40,35.7,False,신세계인터내셔날,489104280000,4891억,22.7억
055490,17990.0,-0.008269018743109147,0.22537349628903586,320995570.0,B4,B5,A4,pullback_ma10,pullback_ma10,normal,0.0,0.0,0.091,0.318,-0.206,watch,drawdown_deep,56.0,51.9,False,39,34.8,False,테이팩스,85281342000,853억,3.2억
026960,25150.0,-0.03824091778202676,0.8136398423821798,2049448350.0,B4,B3,B4,riding,bounce_ma10,normal,0.0,0.6,-0.084,0.01,-0.187,watch,,55.0,50.9,False,26,23.2,False,동서,2517425000000,2.52조,20.5억
007980,1920.0,-0.007751937984496138,0.5366298184518429,425969280.0,B4,B5,A4,pullback_ma10,breaking,normal,0.0,0.0,0.051,0.051,-0.169,watch,drawdown_deep,55.0,50.9,False,37,33.0,False,TP,89620835850,896억,4.3억
067830,2705.0,-0.03392857142857142,0.3940209914958349,90068385.0,B4,B4,A4,pullback_ma50,breaking,accumulation_suspect,0.0,0.3,-0.095,-0.088,-0.346,watch,drawdown_deep,55.0,50.9,False,15,13.4,False,세이브존I&C,111426029925,1114억,0.90억
008770,56400.0,-0.032590051457976,0.30084138330502797,10624632000.0,B4,B5,A4,pullback_ma10,breaking,normal,0.0,0.0,0.152,0.258,-0.198,watch,drawdown_deep,55.0,50.9,False,42,37.5,False,호텔신라,2225368460700,2.23조,106억
005940,32200.0,-0.019786910197869156,0.4363850326419007,14677339600.0,A2,A3,A5,pullback_ma20,breaking,normal,0.0,0.0,-0.039,0.544,-0.244,watch,,54.0,50.0,False,72,64.3,False,NH투자증권,11474288681800,11.47조,147억
010780,33300.0,0.02777777777777768,0.42643235372182475,2420910000.0,B4,B5,A3,pullback_ma10,pullback_ma20,normal,0.0,0.0,0.191,0.461,-0.033,watch,"drawdown_deep,accumulation_suspect",54.0,50.0,False,42,37.5,False,아이에스동서,984095417600,9841억,24.2억
047050,68800.0,-0.02133712660028453,0.403758913761027,19421827200.0,A2,A3,A5,pullback_ma20,breaking,normal,0.0,0.0,-0.069,0.413,-0.246,skip,,54.0,50.0,False,64,57.1,False,포스코인터내셔널,12173856929600,12.17조,194억
000430,4540.0,-0.00219780219780219,0.4641633993435922,673018680.0,B3,B5,A4,bounce_ma20,pullback_ma50,normal,0.0,0.0,0.087,0.085,-0.08,watch,drawdown_deep,54.0,50.0,False,30,26.8,False,대원강업,282100000000,2821억,6.7억
000815,394000.0,0.0025445292620864812,0.565081135337088,4990798000.0,A2,A3,A3,pullback_ma10,pullback_ma20,accumulation_suspect,0.3,0.0,0.049,0.094,-0.166,watch,"parabolic,accumulation_suspect",53.6,49.6,False,58,51.8,False,삼성화재우,1193786940000,1.19조,49.9억
025820,6000.0,0.013513513513513598,0.2803081967100092,3805560000.0,A2,A3,A4,pullback_ma10,pullback_ma50,normal,0.0,0.0,0.186,0.056,-0.163,watch,drawdown_deep,53.0,49.1,False,43,38.4,False,이구산업,201989680000,2020억,38.1억
031440,46550.0,0.018599562363238453,0.6612949036485853,601519100.0,B3,B5,A4,pullback_ma10,breaking,normal,0.0,0.0,-0.026,-0.01,-0.208,watch,drawdown_deep,53.0,49.1,False,30,26.8,False,신세계푸드,180844816000,1808억,6.0억
009770,28300.0,-0.0035211267605633756,1.1229517589091327,41601000.0,A1,A4,A5,pullback_ma50,breaking,normal,0.0,0.0,-0.099,-0.052,-0.224,watch,,53.0,49.1,False,45,40.2,False,삼정펄프,70624180750,706억,0.42억
00088K,50900.0,0.0,0.41946989823552877,1825121300.0,A2,A3,B3,pullback_ma10,pullback_ma50,normal,0.0,0.0,0.102,0.254,-0.134,watch,accumulation_suspect,53.0,49.1,False,46,41.1,False,한화3우B,993507379200,9935억,18.3억
161390,63700.0,0.006319115323854652,0.29572961694688227,8285076800.0,A2,A3,B3,pullback_ma10,pullback_ma50,normal,0.0,0.0,0.006,0.096,-0.188,watch,,53.0,49.1,False,42,37.5,False,한국타이어앤테크놀로지,7903229402200,7.90조,82.9억
030720,6110.0,-0.0362776025236593,0.4374045555402486,227945770.0,B3,B5,A4,pullback_ma20,breaking,normal,0.0,0.0,0.012,0.041,-0.241,watch,drawdown_deep,53.0,49.1,False,33,29.5,False,동원수산,28667438800,287억,2.3억
005387,273500.0,0.03992395437262353,0.3468483915339288,24730964000.0,A2,A3,A5,pullback_ma10,pullback_ma50,normal,0.0,0.0,0.13,0.154,-0.176,skip,,53.0,49.1,False,63,56.2,False,현대차2우B,9650044680000,9.65조,247억
005725,4685.0,0.0,0.0,0.0,A3,A3,A3,pullback_ma10,pullback_ma10,dry,0.0,0.0,0.058,0.05,-0.159,watch,"zombie,drawdown_deep",53.0,49.1,False,44,39.3,False,넥센우,16868811000,169억,0.00억
002355,4110.0,-0.010830324909747335,0.6574645492635003,42275460.0,A2,A2,A4,pullback_ma20,breaking,normal,0.0,0.6,-0.034,0.139,-0.138,watch,,52.0,48.1,False,62,55.4,False,넥센타이어1우B,26650000000,266억,0.42억
415640,10030.0,0.0,0.47454944566738194,617105780.0,A3,A3,B3,pullback_ma10,riding,normal,0.0,0.0,0.01,0.013,-0.054,watch,low_history,52.0,48.1,False,48,42.9,False,KB발해인프라,1229131846440,1.23조,6.2억
001530,27400.0,-0.035211267605633756,0.2993163254647607,1075669200.0,A3,B4,B4,bounce_ma10,pullback_ma10,normal,0.0,0.0,0.176,0.426,-0.347,watch,drawdown_deep,52.0,48.1,False,34,30.4,False,DI동일,569679577500,5697억,10.8억
082640,7680.0,-0.01538461538461533,0.041943264216610904,180587520.0,A1,A4,A5,pullback_ma50,pullback_ma50,normal,0.0,0.0,-0.11,0.247,-0.181,watch,,52.0,48.1,False,45,40.2,False,동양생명,1207924376940,1.21조,1.8억
009160,5650.0,-0.007029876977152849,0.23315422830118399,444378150.0,B3,B5,A4,pullback_ma10,pullback_ma50,normal,0.0,0.0,0.062,0.152,-0.181,watch,drawdown_deep,52.0,48.1,False,32,28.6,False,SIMPAC,368038549840,3680억,4.4억
000810,577000.0,0.014059753954305698,0.33398508795073173,37324399000.0,A2,A3,A2,pullback_ma20,bounce_ma10,normal,0.0,0.0,0.234,0.228,-0.107,pass,,52.0,48.1,False,67,59.8,False,삼성화재,26163419178000,26.16조,373억
018260,196200.0,0.007704160246533087,0.6564585596041229,62430055200.0,B4,B4,A4,pullback_ma10,breaking,normal,0.0,0.0,0.323,0.136,-0.074,watch,,51.0,47.2,False,54,48.2,False,삼성에스디에스,15289853280000,15.29조,624억
001800,25200.0,-0.0039525691699604515,0.35348125694141624,1262419200.0,A2,A2,A3,pullback_ma10,pullback_ma10,normal,0.0,0.6,0.086,0.29,-0.085,watch,,51.0,47.2,False,65,58.0,False,오리온홀딩스,1594325989900,1.59조,12.6억
020000,23100.0,-0.07228915662650603,0.7568482818337816,2764122900.0,A1,B5,B4,pullback_ma10,pullback_ma50,accumulation_suspect,0.0,0.0,0.013,0.541,-0.197,watch,drawdown_deep,51.0,47.2,False,31,27.7,False,한섬,493970862000,4940억,27.6억
018500,1716.0,-0.0011641443538998875,0.4416335356949937,303949932.0,B4,B4,A4,pullback_ma20,breaking,normal,0.0,0.0,0.092,0.214,-0.128,watch,drawdown_deep,51.0,47.2,False,31,27.7,False,동원금속,79904180497,799억,3.0억
011210,92000.0,0.016574585635359185,0.2301733336743658,8982880000.0,A2,A3,A3,pullback_ma10,pullback_ma50,normal,0.0,0.0,0.187,0.004,-0.183,watch,drawdown_deep,51.0,47.2,False,45,40.2,False,현대위아,2518264685800,2.52조,89.8억
089860,31400.0,-0.01567398119122254,0.8658242026779992,1296097800.0,B3,B4,B4,pullback_ma20,pullback_ma50,normal,0.0,0.0,-0.011,0.029,-0.108,watch,accumulation_suspect,51.0,47.2,False,27,24.1,False,롯데렌탈,1143745722000,1.14조,13.0억
306200,158100.0,0.007648183556405286,0.19539891814473329,845518800.0,A3,A4,A5,pullback_ma10,pullback_ma50,normal,0.0,0.0,0.037,0.365,-0.164,skip,drawdown_deep,50.0,46.3,False,46,41.1,False,세아제강,445582730000,4456억,8.5억
000700,5670.0,-0.010471204188481686,0.32308900681724345,72768780.0,B3,B3,A4,pullback_ma50,breaking,normal,0.0,0.0,-0.07,-0.014,-0.212,skip,,50.0,46.3,False,25,22.3,False,유수홀딩스,148177910280,1482억,0.73억
271560,137000.0,0.0007304601899196239,0.31377047226873744,4437156000.0,A3,A2,A4,pullback_ma10,pullback_ma50,normal,0.0,0.3,0.051,0.329,-0.087,watch,,50.0,46.3,False,63,56.2,False,오리온,5463893442400,5.46조,44.4억
069260,17560.0,-0.00790960451977396,0.2780226559322463,1003483760.0,B3,B3,B3,pullback_ma10,pullback_ma10,normal,0.0,0.3,0.009,-0.045,-0.185,watch,,49.0,45.4,False,21,18.8,False,TKG휴켐스,716192861760,7162억,10.0억
138040,106500.0,-0.02472527472527475,0.34825613157365076,10319424000.0,A3,B3,B3,pullback_ma10,pullback_ma10,normal,0.0,0.0,-0.085,0.049,-0.289,watch,accumulation_suspect,49.0,45.4,False,26,23.2,False,메리츠금융지주,18006566574800,18.01조,103억
003010,6010.0,-0.013136288998357948,0.19264728815654522,1045727980.0,B3,B4,A4,pullback_ma20,breaking,normal,0.0,0.0,0.01,0.149,-0.316,watch,drawdown_deep,49.0,45.4,False,29,25.9,False,혜인,76022227060,760억,10.5억
111770,83900.0,-0.025551684088269466,0.3824387658536556,2639577900.0,A1,A3,B3,pullback_ma20,riding,normal,0.0,0.0,0.036,-0.014,-0.187,watch,,49.0,45.4,False,38,33.9,False,영원무역,3726594458800,3.73조,26.4억
036580,2675.0,-0.053097345132743334,0.8655692421928489,294049375.0,B3,B4,A4,pullback_ma10,breaking,normal,0.0,0.0,-0.194,0.15,-0.45,watch,drawdown_deep,49.0,45.4,False,26,23.2,False,팜스코,97696328380,977억,2.9억
025530,3680.0,-0.010752688172043001,2.6395573114668514,234430720.0,B3,B3,B4,pullback_ma10,pullback_ma20,dry,0.3,0.6,0.018,0.005,-0.081,watch,drawdown_deep,48.6,45.0,False,15,13.4,False,SJM홀딩스,54957149440,550억,2.3억
004080,13760.0,-0.010071942446043147,0.5577013798797028,52054080.0,B3,B3,B3,riding,riding,normal,0.3,1.0,-0.016,-0.015,-0.068,watch,,48.6,45.0,False,23,20.5,False,신흥,129344000000,1293억,0.52억
072130,4860.0,-0.008163265306122436,0.5041608974429337,312512580.0,B3,A4,A5,pullback_ma20,breaking,normal,0.0,0.0,-0.1,0.156,-0.275,watch,drawdown_deep,48.0,44.4,False,38,33.9,False,유엔젤,61192088280,612억,3.1억
013700,1342.0,-0.017569546120058566,0.2369659894216726,57743576.0,B3,B4,A3,pullback_ma10,pullback_ma20,normal,0.0,0.0,-0.009,0.128,-0.18,watch,drawdown_deep,48.0,44.4,False,28,25.0,False,까뮤이앤씨,80663620500,807억,0.58억
003650,131300.0,0.010000000000000009,1.075497228324919,485284800.0,A2,A3,A3,pullback_ma20,riding,normal,0.0,0.0,0.134,0.102,-0.223,watch,"zombie,drawdown_deep",48.0,44.4,False,47,42.0,False,미창석유,228070999200,2281억,4.9억
003480,5500.0,-0.012567324955116699,0.20227748018147584,160127000.0,A1,A2,A3,bounce_ma10,pullback_ma10,normal,0.0,0.0,0.146,0.164,-0.19,watch,,48.0,44.4,False,64,57.1,False,한진중공업홀딩스,162413966000,1624억,1.6억
037710,35200.0,-0.009845288326300938,1.151305819147129,608361600.0,B5,A2,A3,pullback_ma20,breaking,normal,0.0,0.0,-0.04,0.132,-0.137,watch,,48.0,44.4,False,63,56.2,False,광주신세계,269239171600,2692억,6.1억
000680,3855.0,-0.02281368821292773,0.22921553898658684,1353667830.0,B3,B4,A4,pullback_ma10,pullback_ma50,normal,0.0,0.0,0.239,0.168,-0.224,watch,drawdown_deep,48.0,44.4,False,29,25.9,False,LS네트웍스,306149717160,3061억,13.5억
180640,116000.0,-0.014443500424808797,0.4698250879531928,6248340000.0,A2,A4,B3,breaking,pullback_ma10,normal,0.0,0.0,0.048,0.004,-0.341,skip,drawdown_deep,48.0,44.4,False,30,26.8,False,한진칼,7871272694100,7.87조,62.5억
009450,71400.0,-0.029891304347826053,0.3685167084721944,2681212800.0,A2,A3,B4,pullback_ma10,pullback_ma50,normal,0.0,0.0,0.11,0.248,-0.249,watch,drawdown_deep,48.0,44.4,False,34,30.4,False,경동나비엔,1041654328000,1.04조,26.8억
002380,601000.0,0.11918063314711369,1.056618977372554,24903036000.0,A2,A3,B4,pullback_ma20,pullback_ma50,normal,0.0,0.0,0.154,0.502,-0.132,watch,drawdown_deep,48.0,44.4,False,41,36.6,False,KCC,5104180224000,5.10조,249억
014710,7600.0,-0.01935483870967747,0.04554944012146517,7022400.0,A1,A4,B3,pullback_ma10,pullback_ma50,normal,0.0,0.0,0.031,-0.18,-0.296,watch,drawdown_deep,47.0,43.5,False,16,14.3,False,사조씨푸드,131549668520,1315억,0.07억
248070,21150.0,0.06281407035175879,0.6326032022664619,7178859900.0,B3,B4,B4,bounce_ma10,pullback_ma50,normal,0.0,0.0,0.225,0.36,-0.131,watch,drawdown_deep,47.0,43.5,False,25,22.3,False,솔루엠,1037612321200,1.04조,71.8억
004970,9210.0,0.005458515283842891,0.15096929147366614,24314400.0,B3,B3,A4,riding,breaking,normal,0.0,0.0,-0.033,0.023,-0.125,skip,,47.0,43.5,False,41,36.6,False,신라교역,147360000000,1474억,0.24억
005750,5040.0,-0.03076923076923077,0.4335213268326419,111207600.0,B4,A2,A4,pullback_ma10,breaking,normal,0.0,0.0,-0.097,0.082,-0.219,watch,,47.0,43.5,False,53,47.3,False,대림바스,83790812000,838억,1.1억
120115,27300.0,-0.0072727272727273196,0.3536903770389017,206360700.0,B4,A2,A4,pullback_ma10,breaking,normal,0.0,0.0,-0.075,0.14,-0.173,watch,,47.0,43.5,False,55,49.1,False,코오롱인더우,75285792000,753억,2.1억
33626L,12180.0,-0.02948207171314743,0.6348629659363263,263916240.0,B4,B4,B4,pullback_ma10,pullback_ma20,normal,0.0,0.0,0.283,0.208,-0.2,watch,drawdown_deep,47.0,43.5,False,23,20.5,False,두산퓨얼셀2우B,36522449000,365억,2.6억
001120,44350.0,-0.03376906318082784,0.4578331454007989,3373660150.0,A2,A2,A4,pullback_ma20,pullback_ma10,normal,0.0,0.0,-0.055,0.384,-0.231,watch,,47.0,43.5,False,57,50.9,False,LX인터내셔널,1715130000000,1.72조,33.7억
134380,11290.0,0.0008865248226950229,0.15854810652145873,25673460.0,A2,A3,A4,pullback_ma10,breaking,normal,0.0,0.0,-0.048,0.195,-0.267,watch,parabolic,47.0,43.5,False,62,55.4,False,미원화학,241039772800,2410억,0.26억
001290,1122.0,-0.003552397868561319,0.06894398857275472,316318728.0,B4,A3,A5,pullback_ma10,breaking,normal,0.0,0.0,0.031,0.748,-0.37,skip,drawdown_deep,47.0,43.5,False,55,49.1,False,상상인증권,122204271360,1222억,3.2억
011760,28700.0,0.01773049645390068,0.5789733239108662,1143924600.0,A2,A2,A4,pullback_ma10,breaking,normal,0.0,0.0,0.087,0.373,-0.126,watch,,46.0,42.6,False,69,61.6,False,현대코퍼레이션,385624358900,3856억,11.4억
003830,113600.0,-0.016450216450216493,1.8015492438214682,138705600.0,B3,B3,B3,pullback_ma20,pullback_ma10,normal,0.0,0.0,-0.078,0.001,-0.237,watch,,46.0,42.6,False,22,19.6,False,대한화섬,150728000000,1507억,1.4억
011200,20200.0,-0.014634146341463428,0.3698187980290172,9822957000.0,B3,B3,B3,pullback_ma10,pullback_ma10,normal,0.0,0.0,-0.031,0.01,-0.19,watch,,46.0,42.6,False,26,23.2,False,HMM,19100568892500,19.10조,98.2억
003547,20400.0,-0.019230769230769273,0.22063093181913648,182151600.0,A2,A3,A5,pullback_ma10,breaking,normal,0.0,0.0,-0.099,0.023,-0.314,watch,drawdown_deep,46.0,42.6,False,46,41.1,False,대신증권2우B,199007659900,1990억,1.8억
000215,26150.0,-0.013207547169811318,0.2762841270312825,48639000.0,B3,B4,A4,pullback_ma50,breaking,normal,0.0,0.0,-0.086,0.2,-0.197,watch,drawdown_deep,46.0,42.6,False,21,18.8,False,DL우,44091907250,441억,0.49억
267250,291000.0,0.03191489361702127,0.3629370737530541,22533876000.0,A2,A2,A4,pullback_ma20,breaking,normal,0.0,0.0,0.143,0.419,-0.126,watch,,46.0,42.6,False,67,59.8,False,HD현대,22947491192500,22.95조,225억
001200,5210.0,-0.027985074626865725,0.17789587449649522,4150296420.0,B4,A2,A4,pullback_ma10,pullback_ma50,normal,0.0,0.0,0.098,0.519,-0.247,watch,,46.0,42.6,False,61,54.5,False,유진투자증권,503705373600,5037억,41.5억
096760,3850.0,-0.020356234096692072,0.4264904878008035,186748100.0,B4,A2,A3,pullback_ma10,pullback_ma10,normal,0.0,0.0,-0.039,0.1,-0.143,watch,,46.0,42.6,False,57,50.9,False,JW홀딩스,283502152570,2835억,1.9억
044450,10560.0,-0.037374658158614404,0.21225027169694147,451144320.0,A2,A2,A4,pullback_ma20,breaking,normal,0.0,0.0,-0.078,0.211,-0.267,watch,,46.0,42.6,False,57,50.9,False,KSS해운,245172045600,2452억,4.5억
036570,271500.0,-0.016304347826086918,0.5134574131463749,19670989500.0,B4,B5,A1,bounce_ma10,pullback_ma10,normal,0.0,0.0,0.16,0.217,-0.073,watch,drawdown_deep,46.0,42.6,False,38,33.9,False,NC,5892290017000,5.89조,197억
034310,12790.0,-0.028115501519756836,0.6647969192194783,434744890.0,B3,B3,B3,pullback_ma10,pullback_ma10,normal,0.0,0.0,-0.052,0.022,-0.171,watch,,46.0,42.6,False,21,18.8,False,NICE,467918608610,4679억,4.3억
003545,21300.0,-0.0161662817551963,0.5600287720519259,1278596400.0,A2,A3,A5,pullback_ma10,breaking,normal,0.0,0.0,-0.107,0.024,-0.303,watch,drawdown_deep,46.0,42.6,False,46,41.1,False,대신증권우,536582507100,5366억,12.8억
077500,7870.0,0.026075619295958363,0.4411772464480966,2862759720.0,A2,A3,A4,pullback_ma10,pullback_ma50,normal,0.0,0.0,0.312,0.267,-0.173,watch,drawdown_deep,45.0,41.7,False,48,42.9,False,유니퀘스트,171504809880,1715억,28.6억
013870,4375.0,-0.022346368715083775,0.45681264522228276,97667500.0,B3,A4,A5,pullback_ma50,breaking,normal,0.0,0.0,-0.115,0.039,-0.387,skip,drawdown_deep,45.0,41.7,False,33,29.5,False,지엠비코리아,82487611000,825억,0.98억
013520,2805.0,-0.03442340791738385,0.43871863684132123,361017525.0,A2,A2,A3,pullback_ma10,pullback_ma10,normal,0.0,0.0,0.004,0.375,-0.299,watch,,45.0,41.7,False,66,58.9,False,화승코퍼레이션,140393761860,1404억,3.6억
077970,48200.0,-0.033099297893681046,0.5072148263805017,19371965600.0,A2,A3,A4,pullback_ma10,pullback_ma50,normal,0.0,0.0,0.434,0.242,-0.288,watch,drawdown_deep,45.0,41.7,False,48,42.9,False,STX엔진,1927107024000,1.93조,194억
055550,97000.0,-0.012219959266802416,0.314814068671587,38614827000.0,A2,A2,A3,pullback_ma10,pullback_ma20,normal,0.0,0.0,0.004,0.247,-0.095,watch,,45.0,41.7,False,61,54.5,False,신한지주,46326265633600,46.33조,386억
078935,57200.0,-0.00521739130434784,0.3949495495820338,187959200.0,A2,A2,A3,pullback_ma10,pullback_ma20,normal,0.0,0.0,0.048,0.182,-0.099,watch,,45.0,41.7,False,61,54.5,False,GS우,101913564600,1019억,1.9억
029460,36050.0,0.015492957746478853,0.5584415274519957,843678150.0,A2,A2,A4,pullback_ma20,pullback_ma50,normal,0.0,0.0,0.19,0.294,-0.162,watch,,45.0,41.7,False,60,53.6,False,케이씨,398392340250,3984억,8.4억
005830,149700.0,-0.031067961165048508,0.5031876038761964,15486764400.0,A2,A4,B1,pullback_ma20,breaking,normal,0.0,0.0,-0.078,0.211,-0.3,watch,accumulation_suspect,45.0,41.7,False,27,24.1,True,DB손해보험,9798852210400,9.80조,155억
093050,23600.0,-0.010482180293501009,0.35916898855046925,332665600.0,A2,A2,A4,pullback_ma10,pullback_ma50,normal,0.0,0.0,-0.039,0.374,-0.108,watch,accumulation_suspect,45.0,41.7,False,60,53.6,False,LF,688602000000,6886억,3.3억
000880,146300.0,0.04128113879003559,0.3141827999385187,13756296400.0,A2,A2,A4,pullback_ma10,pullback_ma50,normal,0.0,0.0,0.207,0.601,-0.121,watch,,45.0,41.7,False,68,60.7,False,한화,10484527555300,10.48조,138억
007815,21550.0,0.06419753086419755,0.3190327044941365,23597250.0,A2,A2,A4,pullback_ma10,pullback_ma50,normal,0.0,0.0,0.164,0.538,-0.119,watch,,45.0,41.7,False,68,60.7,False,코리아써우,64333773000,643억,0.24억
105560,159700.0,-0.00187499999999996,0.3859638027493026,73389176800.0,A2,A2,A3,pullback_ma10,pullback_ma20,normal,0.0,0.0,0.036,0.262,-0.074,watch,,45.0,41.7,False,61,54.5,False,KB금융,59954353164000,59.95조,734억
078930,77200.0,0.0039011703511053764,0.26760369963151304,7025431600.0,A2,A2,A3,pullback_ma10,pullback_ma10,normal,0.0,0.0,0.112,0.35,-0.11,watch,,45.0,41.7,False,68,60.7,False,GS,7182358719400,7.18조,70.3억
139130,18760.0,-0.008456659619450302,0.29148228856778496,3425388400.0,A2,A2,A3,pullback_ma10,pullback_ma20,normal,0.0,0.0,0.11,0.295,-0.147,watch,,45.0,41.7,False,63,56.2,False,iM금융지주,3019742160400,3.02조,34.3억
004370,389000.0,-0.02749999999999997,0.6543201118207493,6637507000.0,B3,B3,B5,riding,bounce_ma10,normal,0.0,0.3,0.039,-0.043,-0.328,watch,drawdown_deep,45.0,41.7,False,16,14.3,False,농심,2384395664000,2.38조,66.4억
028050,54700.0,0.02434456928838946,0.37837456273938647,70735523800.0,A2,A2,A4,pullback_ma10,pullback_ma50,normal,0.0,0.0,0.066,1.224,-0.187,watch,,45.0,41.7,False,65,58.0,False,삼성E&A,10740800000000,10.74조,707억
033530,8500.0,-0.02298850574712641,0.6641474613226572,1896537000.0,A4,A5,B4,breaking,pullback_ma10,normal,0.0,0.0,0.174,-0.14,-0.328,watch,drawdown_deep,45.0,41.7,False,43,38.4,False,SJG세종,235921749280,2359억,19.0억
002220,4585.0,0.007692307692307665,0.6782541973830847,749381570.0,A2,A2,A4,pullback_ma10,pullback_ma50,normal,0.0,0.0,0.103,-0.025,-0.235,watch,,45.0,41.7,False,52,46.4,False,한일철강,123208777900,1232억,7.5억
049800,2250.0,-0.008810572687224627,0.3183226172917716,80950500.0,B3,B4,B4,pullback_ma20,pullback_ma10,normal,0.0,0.0,-0.138,0.193,-0.392,watch,drawdown_deep,45.0,41.7,False,13,11.6,False,우진플라임,44100000000,441억,0.81억
025540,84600.0,-0.004705882352941226,0.360958112470607,957756600.0,A2,A2,A4,pullback_ma10,pullback_ma50,normal,0.0,0.0,0.123,0.219,-0.1,watch,,45.0,41.7,False,59,52.7,False,한국단자,856740500000,8567억,9.6억
278470,391000.0,0.0,0.5674783895936241,67135091000.0,A1,A2,A3,pullback_ma10,pullback_ma20,normal,0.0,0.0,0.07,0.711,-0.173,watch,low_history,44.0,40.7,False,67,59.8,False,에이피알,14713194915000,14.71조,671억
000050,9670.0,-0.03589232303090728,0.6632301862129669,608407390.0,B4,A1,A3,pullback_ma10,pullback_ma10,accumulation_suspect,0.0,0.0,0.061,0.127,-0.364,watch,"drawdown_deep,accumulation_suspect",44.0,40.7,False,39,34.8,False,경방,262912439300,2629억,6.1억
005880,2520.0,-0.023255813953488413,0.23153073118986076,6749454600.0,A1,A2,A4,pullback_ma10,pullback_ma50,normal,0.0,0.0,0.059,0.432,-0.256,watch,,44.0,40.7,False,60,53.6,False,대한해운,819778243600,8198억,67.5억
078520,13470.0,-0.00955882352941173,0.2241048757474244,511563660.0,A1,A2,A4,pullback_ma10,pullback_ma50,normal,0.0,0.0,0.128,0.321,-0.198,watch,,44.0,40.7,False,60,53.6,False,에이블씨엔씨,345728199690,3457억,5.1억
006400,642000.0,-0.007727975270479082,0.34627634433585686,174663804000.0,B4,B5,A4,bounce_ma10,breaking,normal,0.0,0.0,0.338,1.4,-0.112,watch,parabolic,44.0,40.7,False,67,59.8,False,삼성SDI,51574739200000,51.57조,1747억
204320,63500.0,0.007936507936507908,0.43450032641319025,20054062000.0,A1,A3,A5,pullback_ma10,pullback_ma50,normal,0.0,0.0,0.253,0.116,-0.162,watch,drawdown_deep,44.0,40.7,False,49,43.8,False,HL만도,3019342816000,3.02조,201억
014790,2915.0,-0.01851851851851849,0.4236935339924324,176374990.0,B4,B5,A5,pullback_ma50,breaking,normal,0.0,0.0,-0.158,0.143,-0.292,watch,drawdown_deep,44.0,40.7,False,33,29.5,False,HL D&I,110925700930,1109억,1.8억
000070,58900.0,-0.010084033613445342,0.6804492353625302,577220000.0,B3,A4,B2,pullback_ma50,breaking,normal,0.0,0.3,-0.116,0.048,-0.22,skip,,44.0,40.7,False,23,20.5,True,삼양홀딩스,457251949900,4573억,5.8억
000970,6880.0,-0.010071942446043147,0.387682314114639,201281280.0,B3,B3,B3,pullback_ma20,pullback_ma10,dry,0.0,0.0,-0.014,0.041,-0.127,watch,,44.0,40.7,False,21,18.8,False,한국주철관,156867440000,1569억,2.0억
057050,83200.0,-0.020023557126030656,0.12158691160868837,217401600.0,B4,A2,A3,pullback_ma10,pullback_ma50,normal,0.0,0.0,0.103,0.585,-0.136,watch,,44.0,40.7,False,63,56.2,False,현대홈쇼핑,992400000000,9924억,2.2억
217590,27150.0,0.011173184357541999,0.43373000505714643,7147454700.0,,A3,A3,pullback_ma10,pullback_ma10,normal,0.0,0.0,0.334,0.959,-0.298,watch,"drawdown_deep,low_history",44.0,40.7,False,56,50.0,False,티엠씨,651748786250,6517억,71.5억
451800,5390.0,0.04054054054054057,0.537582275047315,743453480.0,B4,B5,B2,pullback_ma20,breaking,normal,0.0,0.0,-0.015,0.252,-0.228,watch,,43.0,39.8,False,31,27.7,True,한화리츠,971636000000,9716억,7.4억
092230,86300.0,0.0023228803716608404,0.6754609792499158,121078900.0,A2,A2,A3,pullback_ma10,pullback_ma50,normal,0.0,0.0,0.026,0.209,-0.064,watch,,43.0,39.8,False,59,52.7,False,KPX홀딩스,363742020600,3637억,1.2억
086790,120700.0,-0.01146601146601145,0.3068565717631312,33249591100.0,A2,A2,A3,pullback_ma10,pullback_ma50,normal,0.0,0.0,0.031,0.299,-0.097,watch,accumulation_suspect,43.0,39.8,False,59,52.7,False,하나금융지주,33363118156800,33.36조,332억
085310,1169.0,0.0,0.0,0.0,B4,A3,B3,pullback_ma10,riding,normal,0.0,0.0,0.051,-0.05,-0.336,watch,"drawdown_deep,accumulation_suspect",43.0,39.8,False,25,22.3,False,엔케이,86717288567,867억,0.00억
010960,3430.0,-0.020000000000000018,0.8671700080085679,156359980.0,B3,A4,A5,pullback_ma50,breaking,dry,0.0,0.0,-0.119,-0.059,-0.205,watch,drawdown_deep,43.0,39.8,False,25,22.3,False,삼호개발,82249200000,822억,1.6억
001060,29450.0,-0.016694490818030094,0.2759627109645493,572508000.0,B4,B4,A5,pullback_ma10,breaking,normal,0.0,0.0,-0.05,0.077,-0.25,watch,drawdown_deep,43.0,39.8,False,35,31.2,False,JW중외제약,683442045500,6834억,5.7억
357120,4450.0,0.0022522522522523403,0.42488641072975925,313662700.0,B3,B3,B3,pullback_ma50,pullback_ma10,normal,0.0,0.0,-0.038,0.002,-0.101,watch,,43.0,39.8,False,21,18.8,False,코람코라이프인프라리츠,437522416230,4375억,3.1억
079550,916000.0,-0.009729729729729741,0.369576408036048,100815876000.0,A2,A2,A3,pullback_ma10,pullback_ma50,normal,0.0,0.0,0.033,0.69,-0.181,watch,,43.0,39.8,False,65,58.0,False,LIG디펜스앤에어로스페이스,20262000000000,20.26조,1008억
025000,52100.0,0.007736943907156624,0.2667031388907885,81276000.0,A2,A2,A3,pullback_ma20,pullback_ma50,normal,0.0,0.0,0.042,0.154,-0.086,watch,,43.0,39.8,False,57,50.9,False,KPX케미칼,228130738900,2281억,0.81억
011790,151600.0,0.06685432793807178,0.9504646564787551,136387849600.0,B3,B5,A4,bounce_ma10,pullback_ma20,normal,0.0,0.0,0.599,0.578,-0.178,watch,drawdown_deep,43.0,39.8,False,47,42.0,False,SKC,5827931062200,5.83조,1364억
004020,42750.0,0.028880866425992746,0.4543036399782918,31726485000.0,B4,B5,B2,pullback_ma10,breaking,normal,0.0,0.0,0.091,0.464,-0.152,watch,,43.0,39.8,False,38,33.9,True,현대제철,5718151887250,5.72조,317억
042660,135800.0,0.1112929623567922,1.785605751891659,386634686200.0,A2,A4,B2,breaking,breaking,normal,0.0,0.0,0.1,0.01,-0.123,skip,,43.0,39.8,False,45,40.2,True,한화오션,41151318814200,41.15조,3866억
005960,7450.0,-0.031209362808842678,0.5207621105620017,567704900.0,B4,B4,A5,pullback_ma20,breaking,normal,0.0,0.0,-0.195,0.393,-0.298,skip,drawdown_deep,43.0,39.8,False,33,29.5,False,동부건설,171641039240,1716억,5.7억
017940,90000.0,-0.036402569593147804,0.4170575252805833,618210000.0,A2,A2,A4,pullback_ma50,breaking,normal,0.0,0.0,-0.044,0.139,-0.214,watch,,43.0,39.8,False,59,52.7,False,E1,614656000000,6147억,6.2억
064400,82200.0,-0.012019230769230727,0.39371173866769904,64851361200.0,B4,B4,B4,bounce_ma50,bounce_ma20,accumulation_suspect,0.0,0.0,0.305,0.368,-0.173,watch,"low_history,accumulation_suspect",43.0,39.8,False,38,33.9,False,LG씨엔에스,8012467899600,8.01조,649억
316140,31200.0,-0.011093502377179099,0.2502624757234833,19126255200.0,A2,A3,B2,pullback_ma10,breaking,normal,0.0,0.0,-0.057,0.143,-0.248,watch,,42.0,38.9,False,38,33.9,True,우리금융지주,23049996448000,23.05조,191억
267270,167500.0,0.009036144578313143,0.477671051204732,29697415000.0,A2,A3,B2,pullback_ma10,breaking,normal,0.0,0.0,0.059,0.523,-0.23,skip,,42.0,38.9,False,51,45.5,True,HD건설기계,7935866143200,7.94조,297억
241560,69400.0,0.008720930232558155,0.21798311165379128,4507321800.0,A2,A3,B2,pullback_ma20,breaking,normal,0.0,0.0,0.03,0.224,-0.129,watch,,42.0,38.9,False,41,36.6,True,두산밥캣,6614068485000,6.61조,45.1억
030200,54900.0,-0.016129032258064502,0.6433185720490844,14286352500.0,A2,A3,B2,pullback_ma10,breaking,normal,0.0,0.0,-0.1,0.056,-0.209,skip,,42.0,38.9,False,36,32.1,True,KT,13886394843500,13.89조,143억
097230,23200.0,0.02882483370288247,0.28820477973453845,12489720000.0,B4,B4,B3,pullback_ma10,pullback_ma10,pump_dump_trace,0.0,0.0,-0.083,-0.116,-0.325,reject,"drawdown_deep,pump_dump_trace",42.0,38.9,True,2,1.8,True,HJ중공업,2067763377600,2.07조,125억
027410,4645.0,0.008686210640608039,0.4565141949900661,557883080.0,B2,B5,A4,bounce_ma20,pullback_ma50,normal,0.0,0.0,-0.095,0.231,-0.143,watch,,42.0,38.9,False,25,22.3,False,BGF,450347501655,4503억,5.6억
010140,30550.0,0.035593220338983045,0.3978214741139974,97588920000.0,A2,A3,B1,pullback_ma10,breaking,normal,0.0,0.0,0.085,0.066,-0.136,watch,,42.0,38.9,False,38,33.9,True,삼성중공업,26708000000000,26.71조,976억
017800,84100.0,-0.0023724792408066353,0.6946391424074198,12925076700.0,A1,A4,B2,breaking,breaking,normal,0.0,0.0,-0.056,-0.031,-0.258,watch,accumulation_suspect,42.0,38.9,False,28,25.0,True,현대엘리베이터,3311125009500,3.31조,129억
071055,173900.0,0.013994169096209985,0.5180235961633719,1600401700.0,A2,A3,B2,pullback_ma20,breaking,normal,0.0,0.0,0.075,0.338,-0.105,watch,,42.0,38.9,False,46,41.1,True,한국금융지주우,1018164023800,1.02조,16.0억
001550,12460.0,-0.03410852713178292,0.14468385636624037,466614540.0,B3,B4,A5,pullback_ma50,breaking,accumulation_suspect,0.0,0.0,-0.153,0.135,-0.405,watch,"drawdown_deep,accumulation_suspect",42.0,38.9,False,28,25.0,False,조비,65214521840,652억,4.7억
005250,14470.0,-0.0334001336005344,0.31335750445749333,2982382760.0,B3,B4,B4,bounce_ma50,acceleration,accumulation_suspect,0.0,0.0,0.066,-0.054,-0.197,watch,accumulation_suspect,41.0,38.0,False,27,24.1,False,녹십자홀딩스,685201019700,6852억,29.8억
021820,13050.0,-0.003816793893129722,0.783680166077916,183261150.0,A1,A3,B2,pullback_ma20,breaking,normal,0.0,0.0,-0.082,0.139,-0.268,watch,,41.0,38.0,False,34,30.4,True,세원정공,128800000000,1288억,1.8억
017550,2845.0,-0.02065404475043031,0.24127185441687832,3621403345.0,B4,A1,A4,pullback_ma10,breaking,normal,0.0,0.0,-0.034,0.714,-0.297,watch,"drawdown_deep,pump_dump_trace",41.0,38.0,False,43,38.4,False,수산세보틱스,177525524850,1775억,36.2억
000670,55600.0,0.0036101083032491488,0.31137230312492,541154800.0,B3,B4,A5,pullback_ma20,breaking,normal,0.0,0.0,-0.061,0.232,-0.226,skip,drawdown_deep,41.0,38.0,False,30,26.8,False,영풍,1012587565000,1.01조,5.4억
000270,166900.0,0.01274271844660202,0.27842989599943596,77445772500.0,A2,A4,B2,pullback_ma10,riding,normal,0.0,0.0,0.109,0.253,-0.215,skip,,41.0,38.0,False,39,34.8,True,기아,65628424963800,65.63조,774억
001560,10360.0,-0.0038461538461538325,0.05074899854450842,4081840.0,A1,A4,B1,pullback_ma50,breaking,normal,0.0,0.0,-0.052,0.078,-0.197,watch,,41.0,38.0,False,20,17.9,True,제일연마,78660000000,787억,0.04억
002780,1071.0,-0.027247956403269713,0.1538464643165018,1886059917.0,B4,A1,A4,pullback_ma10,breaking,normal,0.0,0.0,0.076,0.539,-0.349,watch,"drawdown_deep,pump_dump_trace",41.0,38.0,False,45,40.2,False,진흥기업,155509295405,1555억,18.9억
003490,27400.0,0.02238805970149249,0.811877503328692,44100711000.0,B3,B3,B4,riding,pullback_ma50,normal,0.0,0.0,0.13,0.24,-0.079,watch,,41.0,38.0,False,30,26.8,False,대한항공,10126068177500,10.13조,441억
034020,112800.0,0.010752688172043001,0.3982762810362232,190230319200.0,A1,A3,B2,pullback_ma20,breaking,normal,0.0,0.0,0.128,0.34,-0.19,skip,,41.0,38.0,False,44,39.3,True,두산에너빌리티,72511521727200,72.51조,1902억
033920,8030.0,-0.00864197530864197,0.303534019491757,160559850.0,B3,A3,B2,pullback_ma20,breaking,normal,0.0,0.0,-0.088,-0.083,-0.234,watch,,41.0,38.0,False,25,22.3,True,무학,228285000000,2283억,1.6억
282330,129700.0,-0.005368098159509227,0.3696300789768074,3295547300.0,B4,B5,A2,pullback_ma10,pullback_ma10,normal,0.0,0.0,-0.122,0.254,-0.122,watch,drawdown_deep,41.0,38.0,False,33,29.5,False,BGF리테일,2250364561200,2.25조,33.0억
120110,77300.0,-0.005148005148005175,0.21508684556528254,7122499300.0,A3,A2,A4,pullback_ma10,breaking,normal,0.0,0.0,-0.141,0.883,-0.263,watch,"drawdown_deep,accumulation_suspect",40.0,37.0,False,51,45.5,False,코오롱인더,2299855257600,2.30조,71.2억
002450,1309.0,-0.020942408376963373,0.551600245106065,245860307.0,B5,A1,A2,bounce_ma20,pullback_ma10,normal,0.0,0.0,0.107,0.119,-0.038,watch,,40.0,37.0,False,58,51.8,False,삼익악기,118595498650,1186억,2.5억
012800,1670.0,0.010284331518451317,0.16907501818917137,1741360770.0,B4,A2,A4,pullback_ma10,pullback_ma20,normal,0.0,0.0,0.141,0.259,-0.203,watch,drawdown_deep,40.0,37.0,False,42,37.5,False,대창,154027443310,1540억,17.4억
079900,62700.0,0.017857142857142794,0.32966613382989707,2815041900.0,A1,A3,B2,pullback_ma20,pullback_ma50,normal,0.0,0.0,-0.078,0.315,-0.157,watch,low_history,40.0,37.0,False,30,26.8,True,전진건설로봇,909115553500,9091억,28.2억
084870,1999.0,0.003514056224899642,0.4609444598986595,52335819.0,B2,B5,A3,pullback_ma10,pullback_ma10,normal,0.0,0.0,-0.055,0.595,-0.187,watch,,40.0,37.0,False,37,33.0,False,TBH글로벌,40916512000,409억,0.52억
000390,7640.0,-0.014193548387096744,0.24105980854032877,797348600.0,A1,A1,A4,pullback_ma50,breaking,accumulation_suspect,0.0,0.0,-0.16,0.134,-0.466,watch,"drawdown_deep,zombie",40.0,37.0,False,30,26.8,False,SP삼화,207018399090,2070억,8.0억
005850,74800.0,-0.01319261213720313,0.5261121243638305,11171454800.0,A2,A2,B4,pullback_ma20,pullback_ma50,normal,0.0,0.0,0.283,0.624,-0.045,watch,,40.0,37.0,False,58,51.8,False,에스엘,3520797816000,3.52조,112억
014915,5140.0,-0.030188679245283012,0.4703610319609445,150350140.0,A1,B5,A1,bounce_ma20,acceleration,accumulation_suspect,0.0,0.0,0.211,-0.138,-0.344,pass,"drawdown_deep,accumulation_suspect",40.0,37.0,False,38,33.9,False,성문전자우,3078000000,31억,1.5억
000020,6080.0,-0.027200000000000002,1.3809932460941927,881551360.0,B2,B3,B3,bounce_ma10,bounce_ma10,accumulation_suspect,0.3,0.6,0.046,0.02,-0.136,watch,"drawdown_deep,accumulation_suspect",39.6,36.7,True,-1,-0.9,False,동화약품,169823337600,1698억,8.8억
105840,22150.0,0.002262443438914019,0.27741564370585364,4930434950.0,A2,A3,A4,pullback_ma10,breaking,normal,0.0,0.0,-0.049,0.213,-0.301,watch,"drawdown_deep,parabolic",39.0,36.1,False,47,42.0,False,우진,445358623500,4454억,49.3억
001250,3560.0,-0.023319615912208547,0.1415987423271308,2115875320.0,A4,A4,B2,breaking,breaking,normal,0.0,0.0,-0.018,0.593,-0.374,skip,drawdown_deep,39.0,36.1,False,34,30.4,True,GS글로벌,294232868660,2942억,21.2억
006360,32250.0,0.0031104199066873672,0.43960057422481497,29792388750.0,A1,A1,A4,pullback_ma10,breaking,normal,0.0,0.0,-0.093,0.727,-0.281,watch,drawdown_deep,39.0,36.1,False,40,35.7,False,GS건설,2760003052500,2.76조,298억
001275,32000.0,-0.006211180124223614,0.1461058514610585,38816000.0,A2,A3,A5,pullback_ma20,breaking,normal,0.0,0.0,-0.1,0.141,-0.227,watch,parabolic,39.0,36.1,False,61,54.5,False,부국증권우,95850000000,958억,0.39억
002020,68500.0,0.03318250377073917,0.2937045716488738,2491824500.0,A2,A3,A4,pullback_ma10,pullback_ma50,distribution_suspect,0.0,0.0,0.067,0.608,-0.223,watch,distribution_suspect,39.0,36.1,False,36,32.1,False,코오롱,880303776000,8803억,24.9억
003475,4420.0,-0.01118568232662187,0.13864749780384125,118279200.0,A2,A3,A4,pullback_ma20,pullback_ma50,distribution_suspect,0.0,0.0,0.05,0.175,-0.253,watch,distribution_suspect,39.0,36.1,False,26,23.2,False,유안타증권우,57201099160,572억,1.2억
002460,12110.0,-0.023387096774193594,0.3013096625475529,71073590.0,B4,B5,B4,bounce_ma50,pullback_ma50,normal,0.0,0.0,-0.025,0.096,-0.233,watch,drawdown_deep,39.0,36.1,False,11,9.8,False,HS화성,121901500000,1219억,0.71억
003495,23450.0,0.002136752136752129,0.49883764151478305,92838550.0,B3,B3,B3,pullback_ma10,pullback_ma10,normal,0.0,0.0,-0.006,0.02,-0.125,watch,drawdown_deep,38.0,35.2,False,11,9.8,False,대한항공우,25992579600,260억,0.93억
081660,39200.0,0.007712082262210762,0.32943172599845305,2190456800.0,B3,B4,B2,pullback_ma10,pullback_ma10,normal,0.0,0.0,-0.044,-0.072,-0.297,watch,,38.0,35.2,False,17,15.2,True,미스토홀딩스,2121019008000,2.12조,21.9억
178920,28050.0,0.020000000000000018,0.1778605874174382,1237061100.0,B4,A2,A3,pullback_ma10,pullback_ma20,normal,0.0,0.0,0.266,0.854,-0.128,watch,drawdown_deep,38.0,35.2,False,53,47.3,False,PI첨단소재,819320383800,8193억,12.4억
26490K,8940.0,0.0,1.247892074198988,20177580.0,B3,B3,B3,pullback_ma10,pullback_ma10,normal,0.0,0.0,-0.025,-0.067,-0.229,watch,drawdown_deep,38.0,35.2,False,6,5.4,False,크라운제과우,6915626400,69억,0.20억
002240,21500.0,0.007025761124121788,0.17567534867964285,202917000.0,A1,A1,A3,pullback_ma10,pullback_ma20,normal,0.0,0.0,0.014,0.127,-0.24,watch,drawdown_deep,38.0,35.2,False,36,32.1,False,고려제강,575100000000,5751억,2.0억
003280,2425.0,-0.03386454183266929,0.15364393940394938,11504825650.0,B4,A4,A5,pullback_ma20,breaking,pump_dump_trace,0.0,0.0,-0.225,0.513,-0.494,skip,"drawdown_deep,pump_dump_trace",38.0,35.2,False,41,36.6,False,흥아해운,574615508610,5746억,115억
122900,7270.0,-0.016238159675236785,0.5554995506965018,372565690.0,B3,B3,B3,pullback_ma10,pullback_ma10,normal,0.0,0.0,-0.018,-0.057,-0.296,watch,drawdown_deep,38.0,35.2,False,6,5.4,False,아이마켓코리아,242693378400,2427억,3.7억
161000,14590.0,-0.04202232435981612,0.3967154118080781,4335593580.0,A1,A2,A4,pullback_ma10,pullback_ma20,normal,0.0,0.0,0.167,0.679,-0.269,watch,drawdown_deep,38.0,35.2,False,53,47.3,False,애경케미칼,718054944840,7181억,43.4억
000157,557000.0,0.10079051383399218,0.7762412812598731,889529000.0,A2,A3,A5,pullback_ma10,pullback_ma50,normal,0.0,0.0,0.239,0.32,-0.151,skip,parabolic,38.0,35.2,False,69,61.6,False,두산2우B,499208242000,4992억,8.9억
003850,9500.0,-0.015544041450777257,0.470804603036008,693832500.0,B3,B3,B3,pullback_ma10,pullback_ma10,normal,0.0,0.0,-0.019,0.078,-0.12,watch,drawdown_deep,38.0,35.2,False,11,9.8,False,보령,814978466500,8150억,6.9억
005440,14070.0,-0.022916666666666696,0.31535090838310664,1513031520.0,A2,A2,A4,pullback_ma10,breaking,normal,0.0,0.0,0.079,0.774,-0.289,watch,drawdown_deep,38.0,35.2,False,57,50.9,False,현대지에프홀딩스,2202927773130,2.20조,15.1억
069960,107200.0,-0.025454545454545507,0.30003280174108715,4834076800.0,A1,A2,A4,pullback_ma10,pullback_ma20,normal,0.0,0.0,0.335,0.168,-0.163,watch,,38.0,35.2,False,65,58.0,False,현대백화점,2316071548800,2.32조,48.3억
002690,1541.0,-0.01721938775510201,0.04175384060252831,11483532.0,B3,B3,B3,pullback_ma20,pullback_ma10,normal,0.0,0.0,-0.129,-0.066,-0.226,skip,drawdown_deep,38.0,35.2,False,-1,-0.9,False,동일제강,31303155120,313억,0.11억
044820,19040.0,-0.05508684863523572,0.10990685394128476,209440000.0,A1,A3,A3,pullback_ma10,pullback_ma20,distribution_suspect,0.0,0.0,0.105,0.497,-0.203,watch,distribution_suspect,38.0,35.2,False,35,31.2,False,코스맥스비티아이,184491322410,1845억,2.1억
138930,17590.0,0.006868918145392033,0.24375278066642214,4773257580.0,A2,A3,B2,pullback_ma10,riding,normal,0.0,0.0,0.007,0.15,-0.237,skip,,38.0,35.2,False,41,36.6,True,BNK금융지주,5514511376410,5.51조,47.7억
000760,14680.0,-0.005420054200542035,0.1976672171758877,5622440.0,B3,B3,B3,pullback_ma10,pullback_ma10,normal,0.0,0.0,-0.03,0.027,-0.419,watch,drawdown_deep,38.0,35.2,False,11,9.8,False,이화산업,41160000000,412억,0.06억
136490,10280.0,-0.04104477611940294,0.8046418343713688,1310905600.0,B4,B3,B3,pullback_ma10,pullback_ma50,normal,0.0,0.0,0.029,0.094,-0.263,watch,drawdown_deep,38.0,35.2,False,7,6.2,False,선진,242076368720,2421억,13.1억
039490,402000.0,-0.012285012285012331,0.30226725770404533,22788978000.0,A2,A3,B2,pullback_ma10,riding,normal,0.0,0.0,-0.101,0.276,-0.222,skip,,38.0,35.2,False,36,32.1,True,키움증권,10543783032000,10.54조,228억
023800,7200.0,-0.0027700831024930483,0.673586843543367,511624800.0,B3,A2,A3,pullback_ma10,pullback_ma50,accumulation_suspect,0.0,0.0,0.053,0.093,-0.149,watch,drawdown_deep,38.0,35.2,False,41,36.6,False,인지컨트롤스,112719574610,1127억,5.1억
163560,7110.0,-0.008368200836820106,0.5137535977301902,241007670.0,B3,B3,B4,pullback_ma50,pullback_ma10,normal,0.0,0.0,-0.03,0.036,-0.183,watch,drawdown_deep,38.0,35.2,False,9,8.0,False,동일고무벨트,99246000000,992억,2.4억
023450,29550.0,-0.0016891891891891442,0.6637475071533859,45241050.0,B3,B3,B3,riding,riding,accumulation_suspect,0.3,0.3,-0.023,-0.122,-0.158,watch,"drawdown_deep,accumulation_suspect",37.6,34.8,False,9,8.0,False,동남합성,102900000000,1029억,0.45억
001430,67900.0,0.07949125596184414,0.8809932631980429,20734079800.0,A3,A4,B2,breaking,breaking,normal,0.0,0.0,-0.023,0.101,-0.266,skip,drawdown_deep,37.0,34.3,False,28,25.0,True,세아베스틸지주,2388417125400,2.39조,207억
001390,5190.0,-0.007648183556405397,0.1698733342658738,901300590.0,B3,B4,B3,pullback_ma20,riding,normal,0.0,0.0,-0.051,0.062,-0.299,watch,drawdown_deep,37.0,34.3,False,9,8.0,False,KG케미칼,348939425700,3489억,9.0억
002100,9300.0,-0.01273885350318471,0.21799406594332996,283770900.0,B3,B4,B3,pullback_ma20,riding,normal,0.0,0.0,-0.041,0.031,-0.218,watch,drawdown_deep,37.0,34.3,False,14,12.5,False,경농,181755173250,1818억,2.8억
028260,430500.0,0.02378121284185486,0.22833495850432062,68035359000.0,A2,A2,A3,pullback_ma10,pullback_ma20,normal,0.0,0.0,0.435,0.603,-0.103,watch,,37.0,34.3,False,75,67.0,False,삼성물산,68921221925000,68.92조,680억
000400,2320.0,0.04035874439461873,1.2484834695688252,3265400000.0,B4,B5,A1,pullback_ma10,riding,normal,0.0,0.0,0.062,0.409,-0.293,pass,drawdown_deep,37.0,34.3,False,38,33.9,False,롯데손해보험,718428580800,7184억,32.7억
001080,5160.0,-0.0038610038610038533,0.20943722676223872,83948040.0,A2,A2,A4,pullback_ma10,pullback_ma50,normal,0.0,0.0,0.02,0.179,-0.173,watch,drawdown_deep,37.0,34.3,False,42,37.5,False,만호제강,215385000000,2154억,0.84억
017960,37150.0,0.009510869565217295,0.3765248376866881,7884567400.0,A2,A4,B2,pullback_ma20,breaking,normal,0.0,0.0,-0.15,-0.033,-0.313,watch,drawdown_deep,37.0,34.3,False,10,8.9,True,한국카본,1912029982000,1.91조,78.8억
012280,936.0,-0.023983315954118845,0.44721062899257435,133578432.0,B3,B4,B2,pullback_ma10,breaking,normal,0.0,0.0,-0.087,0.024,-0.217,watch,,37.0,34.3,False,20,17.9,True,영화금속,46553034700,466억,1.3억
100220,5680.0,-0.0703764320785597,1.1982106215387331,616921840.0,B3,B4,B1,pullback_ma10,breaking,normal,0.0,0.0,-0.044,0.193,-0.24,watch,,37.0,34.3,False,22,19.6,True,비상교육,74601293340,746억,6.2억
006980,19710.0,-0.0194029850746269,0.3226746805319256,59997240.0,B4,A1,A4,pullback_ma10,breaking,normal,0.0,0.0,-0.163,0.228,-0.226,watch,distribution_suspect,37.0,34.3,False,35,31.2,False,우성,61104750000,611억,0.60억
003610,5220.0,-0.015094339622641506,0.583736062283324,474712020.0,A2,B3,B3,pullback_ma10,pullback_ma50,normal,0.0,0.0,0.018,-0.07,-0.169,watch,drawdown_deep,37.0,34.3,False,6,5.4,False,방림,188613243180,1886억,4.7억
010690,12500.0,-0.01806755695208173,0.27598274309462495,2732975000.0,A3,A3,B1,pullback_ma10,breaking,normal,0.0,0.0,0.115,0.526,-0.237,watch,drawdown_deep,36.0,33.3,False,32,28.6,True,화신,442790798800,4428억,27.3억
004700,64300.0,0.014195583596214423,1.4642618570474282,211418400.0,A2,A3,B2,pullback_ma10,riding,normal,0.0,0.6,-0.037,-0.027,-0.237,watch,"drawdown_deep,zombie",36.0,33.3,False,19,17.0,True,조광피혁,428204487200,4282억,2.1억
33637K,2175.0,-0.031180400890868598,0.09542864715771437,20908275.0,B3,B3,B3,pullback_ma20,pullback_ma50,normal,0.0,0.0,0.056,0.077,-0.29,watch,drawdown_deep,36.0,33.3,False,7,6.2,False,솔루스첨단소재1우,36861109880,369억,0.21억
383220,74400.0,-0.0461538461538461,0.43515242511017654,3695894400.0,B3,B4,A1,pullback_ma10,pullback_ma10,normal,0.0,0.0,0.153,0.163,-0.157,watch,drawdown_deep,36.0,33.3,False,31,27.7,False,F&F,2876861332500,2.88조,37.0억
294870,21550.0,-0.020454545454545503,0.47059660300927364,3065552150.0,B4,B4,B2,pullback_ma50,breaking,normal,0.0,0.0,-0.025,0.044,-0.14,watch,,36.0,33.3,False,20,17.9,True,IPARK현대산업개발,1430189061000,1.43조,30.7억
024070,2100.0,-0.004739336492891044,0.06913974602487509,38908800.0,A4,A4,A5,pullback_ma50,breaking,pump_dump_trace,0.0,0.0,0.057,0.144,-0.344,skip,"drawdown_deep,pump_dump_trace,distribution_suspect",36.0,33.3,False,32,28.6,False,WISCOM,31802358850,318억,0.39억
298020,410500.0,-0.029550827423167836,0.4119453016708965,6386559000.0,A1,A2,A4,pullback_ma20,pullback_ma50,normal,0.0,0.0,-0.096,0.793,-0.263,watch,drawdown_deep,36.0,33.3,False,39,34.8,False,효성티앤씨,1767858097000,1.77조,63.9억
175330,25400.0,0.00994035785288272,0.2503290949366255,3282594400.0,A2,A4,B2,breaking,pullback_ma10,normal,0.0,0.0,-0.162,0.035,-0.34,skip,drawdown_deep,36.0,33.3,False,17,15.2,True,JB금융지주,4828704429600,4.83조,32.8억
007690,35700.0,0.0014025245441795509,0.16310402001568688,146619900.0,B3,A1,A4,pullback_ma50,breaking,normal,0.0,0.0,-0.064,0.126,-0.197,watch,drawdown_deep,36.0,33.3,False,27,24.1,False,국도화학,330148660800,3301억,1.5억
058860,2735.0,-0.009057971014492794,0.7553401559497055,281841750.0,B3,B3,B3,pullback_ma10,pullback_ma10,dry,0.0,0.0,-0.013,0.044,-0.148,skip,drawdown_deep,36.0,33.3,False,8,7.1,False,KTis,95009460000,950억,2.8억
123700,3695.0,0.0027137042062415073,1.0395262976500463,166614940.0,B3,B3,B3,pullback_ma10,pullback_ma50,normal,0.0,0.0,0.029,0.012,-0.12,watch,"drawdown_deep,accumulation_suspect",36.0,33.3,False,7,6.2,False,SJM,57348000150,573억,1.7억
460860,12050.0,-0.02270884022708841,0.202163702097389,2475082050.0,A1,A2,A4,pullback_ma10,pullback_ma50,normal,0.0,0.0,0.176,0.525,-0.32,watch,"drawdown_deep,low_history",36.0,33.3,False,51,45.5,False,동국제강,600753085870,6008억,24.8억
004360,13990.0,-0.00709723207948898,0.47959971633441023,425757670.0,B3,B3,B3,pullback_ma50,pullback_ma10,normal,0.0,0.0,-0.064,0.021,-0.182,watch,drawdown_deep,35.0,32.4,False,1,0.9,False,세방,269338846270,2693억,4.3억
008350,1649.0,-0.03567251461988308,0.2369308085449268,4026266009.0,B4,B4,A4,pullback_ma10,breaking,accumulation_suspect,0.0,0.0,-0.238,0.301,-0.527,watch,"drawdown_deep,accumulation_suspect",35.0,32.4,False,30,26.8,False,남선알미늄,212335103050,2123억,40.3억
012510,120200.0,0.0016666666666667052,0.6053123779906588,3736417000.0,A2,A2,A3,pullback_ma10,riding,normal,0.0,0.0,0.006,0.311,-0.009,watch,,35.0,32.4,False,67,59.8,False,더존비즈온,3783654758600,3.78조,37.4억
088980,11080.0,-0.008057296329453845,0.5433516622081533,10585012080.0,B3,B3,B3,riding,riding,normal,0.0,0.0,-0.022,-0.004,-0.068,watch,,35.0,32.4,False,23,20.5,False,맥쿼리인프라,5301666462510,5.30조,106억
329180,748000.0,0.10000000000000009,0.7366149209165235,297902220000.0,A2,A3,A3,riding,pullback_ma10,normal,0.0,0.0,0.59,0.228,-0.02,watch,,35.0,32.4,False,70,62.5,False,HD현대중공업,77776267725000,77.78조,2979억
088350,5430.0,-0.03035714285714286,0.3338020440020506,20359312590.0,A1,A2,A2,pullback_ma10,pullback_ma10,accumulation_suspect,0.0,0.0,0.12,0.763,-0.282,pass,accumulation_suspect,35.0,32.4,False,72,64.3,False,한화생명,4759544400000,4.76조,204억
032350,18970.0,-0.0196382428940568,0.5154935266805449,6023107790.0,A2,A5,B3,pullback_ma10,riding,normal,0.0,0.0,0.099,-0.114,-0.315,watch,drawdown_deep,35.0,32.4,False,34,30.4,False,롯데관광개발,1509243947040,1.51조,60.2억
192400,25850.0,-0.018975332068311146,0.8038678114688161,632885550.0,A3,A5,B2,breaking,breaking,normal,0.0,0.0,-0.069,-0.067,-0.28,skip,,35.0,32.4,False,40,35.7,True,쿠쿠홀딩스,917504373000,9175억,6.3억
004960,12350.0,-0.03965785381026443,0.5131328907978654,791190400.0,B4,A1,A4,pullback_ma20,breaking,accumulation_suspect,0.0,0.0,-0.232,0.234,-0.367,watch,drawdown_deep,35.0,32.4,False,31,27.7,False,한신공영,143592411820,1436억,7.9억
003530,6770.0,-0.02026049204052094,0.22585702710021624,9894795050.0,A2,A2,A4,pullback_ma50,breaking,normal,0.0,0.0,-0.025,0.434,-0.343,watch,drawdown_deep,35.0,32.4,False,47,42.0,False,한화투자증권,1452488436750,1.45조,98.9억
092780,5010.0,0.005015045135406293,0.43491916578789647,143606640.0,B3,B4,B4,pullback_ma20,pullback_ma10,normal,0.0,0.0,0.139,0.541,-0.511,watch,drawdown_deep,35.0,32.4,False,14,12.5,False,DYP,65842300000,658억,1.4억
072710,94700.0,-0.01661474558670817,0.418852113100621,263171300.0,A1,B4,B3,pullback_ma50,riding,normal,0.0,0.0,0.013,0.085,-0.34,watch,drawdown_deep,34.0,31.5,False,13,11.6,False,농심홀딩스,443836503000,4438억,2.6억
003670,245000.0,0.008230452674897082,0.28657714830782177,30005885000.0,A5,B4,B2,pullback_ma20,breaking,normal,0.0,0.0,0.124,0.393,-0.182,skip,drawdown_deep,34.0,31.5,False,20,17.9,True,포스코퓨처엠,21613931460000,21.61조,300억
012450,1258000.0,-0.0023790642347343294,0.3416207044049616,91277964000.0,A2,B4,B2,pullback_ma20,riding,normal,0.0,0.0,-0.133,0.036,-0.24,skip,,34.0,31.5,False,20,17.9,True,한화에어로스페이스,65330829067000,65.33조,913억
030190,14740.0,-0.012064343163538882,0.5514368383484332,903576740.0,B4,B2,B4,breaking,bounce_ma10,normal,0.0,0.3,-0.028,-0.104,-0.203,watch,drawdown_deep,34.0,31.5,False,9,8.0,False,NICE평가정보,854217141500,8542억,9.0억
018880,5070.0,0.003960396039603964,0.20551858706659354,40950537030.0,B2,B4,A4,pullback_ma10,pullback_ma20,accumulation_suspect,0.0,0.0,0.287,0.801,-0.135,watch,"drawdown_deep,accumulation_suspect",34.0,31.5,False,23,20.5,False,한온시스템,5449454151120,5.45조,410억
448730,5380.0,0.024761904761904763,0.4669603260218147,419193460.0,B4,A1,B3,pullback_ma20,pullback_ma10,normal,0.0,0.0,-0.056,0.112,-0.294,watch,drawdown_deep,34.0,31.5,False,16,14.3,False,삼성FN리츠,490759500000,4908억,4.2억
395400,5770.0,0.02123893805309729,0.4358780397667242,1379445440.0,A1,A3,B2,pullback_ma50,riding,normal,0.0,0.0,-0.088,-0.005,-0.199,skip,,34.0,31.5,False,22,19.6,True,SK리츠,1736871667400,1.74조,13.8억
499790,44150.0,-0.03602620087336239,0.3634907308169473,2889131850.0,C1,A3,B3,pullback_ma20,pullback_ma50,normal,0.0,0.0,-0.015,0.015,-0.341,skip,"drawdown_deep,low_history",34.0,31.5,False,16,14.3,False,GS피앤엘,866607751700,8666억,28.9억
032640,15320.0,-0.027918781725888353,0.386249199694133,6054172920.0,A1,B4,B2,pullback_ma50,breaking,normal,0.0,0.0,-0.054,0.068,-0.172,watch,,34.0,31.5,False,17,15.2,True,LG유플러스,6645146368300,6.65조,60.5억
272210,116100.0,0.0612431444241317,0.6091477244260426,60838722000.0,A2,A3,B2,pullback_ma10,breaking,normal,0.0,0.0,-0.153,0.51,-0.369,skip,drawdown_deep,34.0,31.5,False,29,25.9,True,한화시스템,21905203154550,21.91조,608억
003160,33500.0,0.026033690658499253,0.8470457633189943,10991350000.0,A2,A3,B2,pullback_ma10,breaking,normal,0.0,0.0,0.145,0.171,-0.197,watch,drawdown_deep,34.0,31.5,False,30,26.8,True,디아이,938145000000,9381억,110억
011690,6160.0,-0.025316455696202556,0.16640769966113847,1607766160.0,A1,A4,B2,breaking,breaking,normal,0.0,0.0,0.141,0.484,-0.378,skip,drawdown_deep,34.0,31.5,False,30,26.8,True,와이투솔루션,225732023100,2257억,16.1억
028100,16080.0,-0.006180469715698411,0.7208371841612378,613291200.0,B3,B4,B2,pullback_ma50,riding,normal,0.0,0.3,-0.121,-0.027,-0.164,skip,,33.0,30.6,False,8,7.1,True,동아지질,212893081800,2129억,6.1억
086280,233000.0,-0.014799154334038,0.24957274451336844,30153462000.0,A2,A4,B2,pullback_ma10,breaking,normal,0.0,0.0,0.094,0.029,-0.213,skip,distribution_suspect,33.0,30.6,False,27,24.1,True,현대글로비스,17737500000000,17.74조,302억
066970,159400.0,0.003146633102580232,0.3237772665822405,33676756800.0,B4,A1,A5,pullback_ma10,breaking,normal,0.0,0.0,-0.129,0.48,-0.292,watch,drawdown_deep,33.0,30.6,False,41,36.6,False,엘앤에프,6428376884300,6.43조,337억
036460,37200.0,-0.01195219123505975,0.31903555516729276,3634105200.0,B3,B3,B4,pullback_ma20,bounce_ma50,normal,0.0,0.0,0.021,-0.026,-0.186,watch,"drawdown_deep,accumulation_suspect",33.0,30.6,False,0,0.0,False,한국가스공사,3450198375000,3.45조,36.3억
33626K,11980.0,0.010970464135021007,0.33099523676604325,616538720.0,B4,A1,A3,pullback_ma10,pullback_ma20,normal,0.0,0.0,0.662,0.762,-0.131,watch,,33.0,30.6,False,63,56.2,False,두산퓨얼셀1우,159167622000,1592억,6.2억
005680,17290.0,0.24031563845050208,8.93271682224068,13082011670.0,A2,A3,B2,pullback_ma20,riding,normal,0.0,0.0,0.192,0.697,-0.006,watch,,33.0,30.6,False,60,53.6,True,삼영전자,350600000000,3506억,131억
487570,57200.0,-0.03703703703703709,0.19757666120522038,410066800.0,B3,B3,B4,riding,pullback_ma50,normal,0.0,0.0,0.061,0.081,-0.241,watch,"drawdown_deep,low_history",33.0,30.6,False,13,11.6,False,HS효성,212750431700,2128억,4.1억
001230,11400.0,0.0,0.0,0.0,B4,A1,A3,riding,riding,accumulation_suspect,0.0,0.0,0.055,0.65,-0.046,skip,"drawdown_deep,pump_dump_trace",33.0,30.6,False,47,42.0,False,동국홀딩스,362525506200,3625억,0.00억
489790,73300.0,0.023743016759776525,0.1716753652487051,11007680900.0,A1,A3,B2,pullback_ma20,breaking,normal,0.0,0.0,-0.003,0.496,-0.251,watch,"drawdown_deep,low_history",33.0,30.6,False,27,24.1,True,한화비전,3670505953000,3.67조,110억
051600,54500.0,-0.001831501831501825,0.3595637079739548,3932611000.0,A1,A4,B2,pullback_ma50,breaking,normal,0.0,0.0,-0.052,0.093,-0.21,watch,drawdown_deep,33.0,30.6,False,10,8.9,True,한전KPS,2457000000000,2.46조,39.3억
377740,5110.0,-0.001953125,0.42252205732162085,179166820.0,B3,B3,B3,pullback_ma10,riding,normal,0.0,0.0,0.036,-0.047,-0.192,watch,drawdown_deep,33.0,30.6,False,7,6.2,False,바이오노트,522675426240,5227억,1.8억
052690,147500.0,0.006825938566553003,0.3063045809624259,9695912500.0,A2,A4,B2,pullback_ma20,riding,normal,0.0,0.0,-0.129,0.514,-0.255,skip,drawdown_deep,33.0,30.6,False,21,18.8,True,한전기술,5599230000000,5.60조,97.0억
002870,1117.0,-0.0477408354646206,0.39988813141614693,233661879.0,B3,B3,B4,riding,pullback_ma50,normal,0.0,0.0,-0.013,0.013,-0.241,watch,drawdown_deep,33.0,30.6,False,11,9.8,False,신풍,38559446100,386억,2.3억
210980,12200.0,-0.0008190008190007703,0.21578554496078756,84289800.0,B3,B3,B3,pullback_ma10,riding,normal,0.0,0.0,-0.048,-0.045,-0.117,watch,drawdown_deep,33.0,30.6,False,7,6.2,False,SK디앤디,227318234220,2273억,0.84억
003555,76600.0,0.00922266139657446,0.3089061246322546,707784000.0,A2,A2,A3,pullback_ma20,pullback_ma20,normal,0.0,0.0,0.138,0.173,-0.224,watch,distribution_suspect,33.0,30.6,False,49,43.8,False,LG우,231260083200,2313억,7.1억
001040,173900.0,-0.005717552887364197,0.3297655745580793,9960992000.0,A2,A5,B2,breaking,breaking,normal,0.0,0.0,-0.135,-0.03,-0.26,skip,,33.0,30.6,False,39,34.8,True,CJ,5117645449200,5.12조,99.6억
007070,27450.0,0.003656307129798808,0.29458237287836786,2201627250.0,B4,A2,A2,pullback_ma10,pullback_ma10,normal,0.0,0.0,0.223,0.382,-0.065,watch,,33.0,30.6,False,69,61.6,False,GS리테일,2307564654000,2.31조,22.0억
001270,65200.0,-0.0015313935681470214,0.4672940792312447,522512800.0,A3,A3,B2,pullback_ma10,riding,normal,0.0,0.0,-0.13,0.16,-0.377,skip,"drawdown_deep,zombie",32.0,29.6,False,22,19.6,True,부국증권,676116567200,6761억,5.2억
003920,49350.0,0.0,0.31850292316258355,180670350.0,B3,B3,B3,riding,pullback_ma10,normal,0.0,0.0,-0.055,-0.01,-0.225,watch,"drawdown_deep,accumulation_suspect",32.0,29.6,False,2,1.8,False,남양유업,296100000000,2961억,1.8억
002025,31400.0,0.0,0.20882985283578606,39344200.0,A2,A2,A2,pullback_ma10,pullback_ma20,normal,0.0,0.0,0.077,0.377,-0.074,pass,,32.0,29.6,False,68,60.7,False,코오롱우,36321678100,363억,0.39억
009140,26700.0,-0.011111111111111072,0.14910667258175198,119802900.0,A1,A2,A3,pullback_ma10,pullback_ma10,normal,0.0,0.0,0.171,0.335,-0.237,watch,distribution_suspect,32.0,29.6,False,57,50.9,False,경인전자,42725678400,427억,1.2억
453340,17940.0,-0.029745808545159513,0.2776171132077916,442167180.0,A2,A2,A2,pullback_ma10,pullback_ma10,normal,0.0,0.0,0.138,0.188,-0.089,pass,,32.0,29.6,False,67,59.8,False,현대그린푸드,579942543820,5799억,4.4억
161890,90100.0,-0.01206140350877194,0.3447027011090311,8532650200.0,A2,A2,A2,pullback_ma10,pullback_ma20,normal,0.0,0.0,0.149,0.423,-0.152,pass,,32.0,29.6,False,68,60.7,False,한국콜마,2150422514700,2.15조,85.3억
019180,9680.0,0.29932885906040263,11.414245747430021,40632787360.0,A3,A4,A5,pullback_ma10,pullback_ma20,normal,0.0,0.0,0.383,0.264,-0.024,watch,parabolic,32.0,29.6,False,78,69.6,False,티에이치엔,174240000000,1742억,406억
280360,118600.0,-0.024671052631578982,0.21701207589654234,646963000.0,B3,B3,B3,riding,pullback_ma10,normal,0.0,0.0,0.068,0.109,-0.131,watch,drawdown_deep,32.0,29.6,False,16,14.3,False,롯데웰푸드,1090742019000,1.09조,6.5억
016740,4760.0,-0.03252032520325199,0.6623539715662767,906066000.0,A2,A2,A2,pullback_ma10,pullback_ma10,normal,0.0,0.0,0.045,0.193,-0.122,pass,,32.0,29.6,False,65,58.0,False,두올,136058243880,1361억,9.1억
088790,2935.0,-0.006768189509306244,0.7266811764548148,119307750.0,B4,A1,A1,pullback_ma10,pullback_ma10,accumulation_suspect,0.0,0.0,0.118,0.473,-0.033,pass,"drawdown_deep,accumulation_suspect",32.0,29.6,False,38,33.9,False,진도,37405470720,374억,1.2억
102460,11810.0,-0.0398373983739837,0.3902707282623396,771913410.0,B2,B4,B5,pullback_ma50,pullback_ma10,accumulation_suspect,0.0,0.3,0.195,0.096,-0.105,pass,"drawdown_deep,accumulation_suspect",32.0,29.6,False,9,8.0,False,이연제약,217651556810,2177억,7.7억
383800,9530.0,-0.042211055276381915,0.6332789065951585,2002596080.0,B5,A2,A1,pullback_ma10,riding,normal,0.0,0.0,0.187,0.212,-0.078,pass,,32.0,29.6,False,64,57.1,False,LX홀딩스,731531817100,7315억,20.0억
003230,1299000.0,-0.012167300380228174,0.432211508964684,35688726000.0,A2,A3,A2,riding,bounce_ma10,normal,0.0,0.0,0.095,0.077,-0.22,watch,parabolic,31.0,28.7,False,65,58.0,False,삼양식품,9743954902500,9.74조,357억
002900,7590.0,-0.059479553903345694,0.8445252146189052,3615655890.0,A1,A2,A2,pullback_ma10,pullback_ma20,normal,0.0,0.0,0.072,0.195,-0.233,watch,,31.0,28.7,False,63,56.2,False,TYM,314226000000,3142억,36.2억
108670,37950.0,-0.025673940949935803,0.24137413180528106,722795700.0,B3,B4,A2,bounce_ma10,pullback_ma10,normal,0.0,0.0,0.322,0.37,-0.117,watch,drawdown_deep,31.0,28.7,False,44,39.3,False,LX하우시스,337632775500,3376억,7.2억
37550L,50400.0,0.008000000000000007,0.3548965988719877,209311200.0,A2,A2,A4,pullback_ma10,breaking,normal,0.0,0.0,-0.111,0.618,-0.199,watch,parabolic,31.0,28.7,False,65,58.0,False,DL이앤씨2우(전환),105808745100,1058억,2.1억
028670,5970.0,-0.0016722408026755842,0.2958376288240708,7060026480.0,A1,A2,A2,pullback_ma10,pullback_ma20,normal,0.0,0.0,0.148,0.539,-0.096,pass,,31.0,28.7,False,69,61.6,False,팬오션,3196725681760,3.20조,70.6억
011500,20150.0,0.007500000000000062,0.4848309997196799,2864725500.0,A2,A4,B2,breaking,riding,normal,0.0,0.0,-0.031,0.355,-0.316,skip,drawdown_deep,31.0,28.7,False,28,25.0,True,한농화성,316650100500,3167억,28.6억
010950,109500.0,0.004587155963302836,0.29502311949647114,17663007000.0,B4,A2,A5,pullback_ma10,breaking,normal,0.0,0.0,-0.084,0.304,-0.382,watch,drawdown_deep,31.0,28.7,False,49,43.8,False,S-Oil,12361590561600,12.36조,177억
001750,24200.0,-0.022222222222222254,0.43711419986336403,349932000.0,A2,A2,A4,pullback_ma20,breaking,normal,0.0,0.0,-0.045,0.307,-0.232,watch,parabolic,31.0,28.7,False,65,58.0,False,한양증권,306121242700,3061억,3.5억
010100,4655.0,-0.038223140495867725,0.3001405580692846,1683099040.0,C1,B4,B4,pullback_ma10,pullback_ma50,pump_dump_trace,0.0,0.0,0.079,-0.05,-0.414,watch,"drawdown_deep,pump_dump_trace",31.0,28.7,False,3,2.7,False,한국무브넥스,144030486600,1440억,16.8억
069730,5450.0,-0.0267857142857143,0.45056688700183684,177740850.0,B3,A2,A2,pullback_ma10,pullback_ma20,normal,0.0,0.0,0.046,0.471,-0.073,watch,,31.0,28.7,False,62,55.4,False,DSR제강,78048000000,780억,1.8억
001780,2540.0,-0.0249520153550864,0.09476422588356513,1645907300.0,B4,B4,B2,pullback_ma20,breaking,normal,0.0,0.0,0.014,0.224,-0.273,skip,drawdown_deep,31.0,28.7,False,10,8.9,True,알루코,240138727360,2401억,16.5억
456040,125100.0,0.017073170731707332,0.10691078204939813,2384656200.0,B4,A2,A4,pullback_ma10,breaking,normal,0.0,0.0,0.36,1.283,-0.234,watch,drawdown_deep,31.0,28.7,False,59,52.7,False,OCI,1119957124500,1.12조,23.8억
000210,60900.0,0.011627906976744207,0.2890443312582532,2916013800.0,B4,B4,B2,pullback_ma20,breaking,normal,0.0,0.0,-0.103,0.748,-0.216,skip,drawdown_deep,31.0,28.7,False,11,9.8,True,DL,1276213335600,1.28조,29.2억
090460,40550.0,0.027883396704689423,1.0105154202089166,35035078350.0,A1,A2,A4,pullback_ma10,pullback_ma10,normal,0.0,0.0,0.864,1.464,-0.066,watch,,31.0,28.7,False,73,65.2,False,비에이치,1365317289000,1.37조,350억
023590,43300.0,-0.013667425968109326,0.27230042435805635,858682300.0,A2,A4,B2,breaking,riding,normal,0.0,0.0,-0.074,0.134,-0.305,skip,drawdown_deep,31.0,28.7,False,20,17.9,True,다우기술,1874340609600,1.87조,8.6억
009320,980.0,-0.0287413280475719,0.6066975888274564,193469640.0,B3,B3,B3,riding,pullback_ma50,normal,0.0,0.0,-0.019,-0.025,-0.291,watch,drawdown_deep,30.0,27.8,False,3,2.7,False,아진전자부품,48264474830,483억,1.9억
267260,1164000.0,-0.007672634271099765,0.3731990905005813,82219140000.0,A2,A2,A4,pullback_ma10,pullback_ma50,normal,0.0,0.0,0.188,0.373,-0.186,watch,parabolic,30.0,27.8,False,65,58.0,False,HD현대일렉트릭,41706535195000,41.71조,822억
007660,139700.0,0.10785091197462338,1.3453986948353673,227014735200.0,A2,A2,A4,pullback_ma10,pullback_ma50,normal,0.0,0.0,0.185,0.277,-0.15,watch,parabolic,30.0,27.8,False,62,55.4,False,이수페타시스,10291972503800,10.29조,2270억
006805,19450.0,0.003094378545642096,0.2327229833421476,880287550.0,A2,A3,B2,pullback_ma20,riding,normal,0.0,0.0,-0.095,0.303,-0.34,watch,drawdown_deep,30.0,27.8,False,22,19.6,True,미래에셋증권우,274336367500,2743억,8.8억
000227,10630.0,0.0056764427625355385,0.8344942881025356,6367370.0,B2,B3,B3,pullback_ma20,pullback_ma50,accumulation_suspect,0.0,1.0,-0.005,-0.04,-0.143,watch,"drawdown_deep,accumulation_suspect",30.0,27.8,True,-14,-12.5,False,유유제약2우B,3457447200,35억,0.06억
007340,46450.0,0.00759219088937102,0.330140301332546,4297972050.0,A2,A2,A3,pullback_ma10,pullback_ma20,normal,0.0,0.0,0.299,0.858,-0.143,watch,parabolic,30.0,27.8,False,72,64.3,False,DN오토모티브,2744159568500,2.74조,43.0억
002310,8020.0,-0.03952095808383238,0.49062024568246027,718608040.0,B3,B3,B2,pullback_ma50,breaking,normal,0.0,0.0,-0.111,0.05,-0.295,watch,,30.0,27.8,False,11,9.8,True,아세아제지,318752040800,3188억,7.2억
005070,55900.0,0.023809523809523725,1.0586844969678122,16175056300.0,B3,B3,B3,pullback_ma50,riding,normal,0.0,0.0,0.026,0.341,-0.158,watch,drawdown_deep,30.0,27.8,False,12,10.7,False,코스모신소재,1899873461200,1.90조,162억
330590,3945.0,0.011538461538461497,0.610559200613869,1157814105.0,B3,B3,B2,pullback_ma50,breaking,normal,0.0,0.0,-0.171,-0.017,-0.195,skip,,30.0,27.8,False,6,5.4,True,롯데리츠,1142871936220,1.14조,11.6억
005257,24600.0,0.004081632653061273,0.3937315590988139,49569000.0,B4,B4,A2,riding,riding,accumulation_suspect,0.0,0.0,0.065,-0.018,-0.268,watch,drawdown_deep,30.0,27.8,False,30,26.8,False,녹십자홀딩스2우,20811354000,208억,0.50억
004980,9400.0,-0.014675052410901501,0.24598338651108545,621349400.0,B3,B3,A4,pullback_ma50,breaking,normal,0.0,0.0,-0.027,0.012,-0.386,watch,"drawdown_deep,distribution_suspect",30.0,27.8,False,8,7.1,False,성신양회,230451086200,2305억,6.2억
103590,107200.0,-0.010156971375807955,0.24201585733430941,21191188800.0,A2,A3,A4,pullback_ma10,pullback_ma50,normal,0.0,0.0,0.389,0.778,-0.275,watch,"drawdown_deep,parabolic",30.0,27.8,False,54,48.2,False,일진전기,5068956957000,5.07조,212억
030610,12670.0,-0.010156249999999978,0.15791577810467106,453674690.0,A2,A2,A5,pullback_ma20,breaking,normal,0.0,0.0,-0.002,0.362,-0.305,watch,drawdown_deep,30.0,27.8,False,56,50.0,False,교보증권,1455307011970,1.46조,4.5억
004770,1650.0,-0.016686531585220488,0.31432954632800725,171723750.0,B2,B4,A4,pullback_ma10,pullback_ma10,normal,0.0,0.0,-0.05,0.061,-0.193,watch,drawdown_deep,30.0,27.8,False,11,9.8,False,써니전자,58445242948,584억,1.7억
404990,3790.0,-0.009150326797385588,0.24743616044632744,160222250.0,B3,B3,B2,pullback_ma50,breaking,normal,0.0,0.0,-0.089,0.045,-0.23,watch,,30.0,27.8,False,11,9.8,True,신한서부티엔디리츠,230540678760,2305억,1.6억
058850,2600.0,-0.005736137667303964,0.4242706858852918,226621200.0,B3,B3,B3,riding,pullback_ma10,dry,0.0,0.0,0.0,-0.046,-0.186,watch,drawdown_deep,30.0,27.8,False,4,3.6,False,KTcs,107444547750,1074억,2.3억
013580,22450.0,-0.023913043478260843,0.52780039857687,1226600650.0,A2,A2,A5,pullback_ma10,breaking,normal,0.0,0.0,-0.148,0.136,-0.326,watch,drawdown_deep,30.0,27.8,False,50,44.6,False,계룡건설,199159226100,1992억,12.3억
001940,23650.0,0.008528784648187626,0.33812521914111926,52455700.0,A2,A4,B1,pullback_ma50,breaking,normal,0.0,0.0,-0.101,-0.063,-0.16,skip,distribution_suspect,30.0,27.8,False,5,4.5,True,KISCO홀딩스,331727292000,3317억,0.52억
001450,37200.0,-0.03751617076325997,0.39706305589550006,11709295200.0,B5,A2,A2,riding,pullback_ma10,normal,0.0,0.0,0.25,0.365,-0.159,pass,accumulation_suspect,30.0,27.8,False,73,65.2,False,현대해상,3149922837500,3.15조,117억
317400,3950.0,-0.022277227722772297,0.41761981903208917,324682100.0,B3,B4,B2,pullback_ma10,pullback_ma10,normal,0.0,0.0,-0.065,-0.066,-0.233,watch,drawdown_deep,30.0,27.8,False,-3,-2.7,True,자이에스앤디,152997041400,1530억,3.2억
047810,168900.0,0.002969121140142583,0.3443866426378399,47484714900.0,A2,A4,B2,pullback_ma20,breaking,normal,0.0,0.0,-0.155,0.128,-0.216,skip,parabolic,30.0,27.8,False,32,28.6,True,한국항공우주,16658495786300,16.66조,475억
003690,13850.0,-0.046143250688705284,0.34740219331686434,2313781000.0,A2,A2,A2,pullback_ma10,riding,normal,0.0,0.3,0.169,0.232,-0.101,pass,accumulation_suspect,30.0,27.8,False,71,63.4,False,코리안리,2477628854620,2.48조,23.1억
005180,73000.0,-0.004092769440654842,0.273032213935126,804241000.0,A3,B3,B3,riding,riding,normal,0.0,0.0,0.01,-0.013,-0.165,watch,drawdown_deep,30.0,27.8,False,13,11.6,False,빙그레,675712359900,6757억,8.0억
003350,9410.0,-0.022845275181723745,0.16286545956161685,421069270.0,A3,A5,A5,breaking,breaking,distribution_suspect,0.0,0.0,0.053,-0.048,-0.334,skip,drawdown_deep,29.0,26.9,False,42,37.5,False,한국화장품제조,213910400000,2139억,4.2억
018470,1401.0,-0.03245856353591159,0.12240169986898566,1552048815.0,B2,B4,A4,pullback_ma10,breaking,normal,0.0,0.0,-0.075,0.1,-0.373,skip,drawdown_deep,29.0,26.9,False,9,8.0,False,조일알미늄,176651250795,1767억,15.5억
002995,14590.0,-0.010176390773405708,0.1848908129558855,11963800.0,A4,A5,B3,pullback_ma10,riding,normal,0.0,0.0,-0.142,-0.117,-0.709,skip,drawdown_deep,29.0,26.9,False,28,25.0,False,금호건설우,4261238280,43억,0.12억
008260,3410.0,-0.0029239766081871066,0.1777105958548536,297184910.0,B3,B3,B2,pullback_ma20,breaking,accumulation_suspect,0.0,0.0,-0.106,0.026,-0.267,watch,"drawdown_deep,accumulation_suspect",29.0,26.9,False,0,0.0,True,NI스틸,97240397800,972억,3.0억
004100,3010.0,0.008375209380234505,1.4083478378200582,3782615830.0,A5,A4,B1,pullback_ma20,breaking,normal,0.0,0.0,0.005,0.416,-0.206,skip,"drawdown_deep,distribution_suspect",29.0,26.9,False,9,8.0,True,태양금속,108815500000,1088억,37.8억
002990,4300.0,-0.030439684329199523,0.3836925861385865,310030000.0,B3,B4,B2,pullback_ma10,breaking,normal,0.0,0.0,-0.187,0.058,-0.282,watch,drawdown_deep,29.0,26.9,False,5,4.5,True,금호건설,159286388850,1593억,3.1억
011170,83900.0,0.012062726176115701,0.3287337502931571,10884095300.0,B2,B4,A4,pullback_ma20,breaking,normal,0.0,0.0,-0.132,0.254,-0.298,skip,drawdown_deep,29.0,26.9,False,9,8.0,False,롯데케미칼,3571747486500,3.57조,109억
047040,30200.0,0.05779334500875666,0.7180460398666807,397159535600.0,A3,A3,A4,pullback_ma10,breaking,normal,0.0,0.0,0.293,7.011,-0.252,skip,"parabolic,drawdown_deep,distribution_suspect",29.0,26.9,False,47,42.0,False,대우건설,12327229140000,12.33조,3972억
095570,4735.0,-0.013541666666666674,0.4431180199288503,648088920.0,B3,B3,B2,pullback_ma10,pullback_ma10,normal,0.0,0.3,-0.068,0.025,-0.15,skip,drawdown_deep,29.0,26.9,False,-2,-1.8,True,AJ네트웍스,215176869045,2152억,6.5억
096770,123000.0,-0.0056588520614390125,0.26993437555724475,28189878000.0,B3,B4,B2,pullback_ma10,breaking,normal,0.0,0.0,-0.008,0.234,-0.208,skip,drawdown_deep,29.0,26.9,False,12,10.7,True,SK이노베이션,20776587645200,20.78조,282억
009970,196600.0,-0.026732673267326756,0.35587188612099646,1373251000.0,A2,A4,B2,breaking,riding,distribution_suspect,0.0,0.0,-0.118,0.043,-0.25,skip,,29.0,26.9,False,18,16.1,True,영원무역홀딩스,2662049536400,2.66조,13.7억
155660,4340.0,-0.016987542468856143,0.4629939817891763,93270940.0,C1,A1,A3,pullback_ma10,pullback_ma10,normal,0.0,0.0,0.016,0.15,-0.077,watch,drawdown_deep,28.0,25.9,False,31,27.7,False,DSR,68960000000,690억,0.93억
005945,25550.0,-0.013513513513513487,0.5045387402005874,1045480450.0,A2,A2,A3,pullback_ma20,pullback_ma50,normal,0.0,0.0,0.014,0.308,-0.176,watch,parabolic,28.0,25.9,False,60,53.6,False,NH투자증권우,482153232400,4822억,10.5억
015360,16010.0,-0.029108550636749553,0.736450061271179,759146170.0,A2,A2,A3,pullback_ma10,pullback_ma50,normal,0.0,0.0,-0.04,0.241,-0.12,watch,parabolic,28.0,25.9,False,59,52.7,False,INVENI,436000000000,4360억,7.6억
003240,1022000.0,-0.001953125,0.446645067954439,1120112000.0,B4,B4,B2,pullback_ma50,breaking,normal,0.0,0.0,-0.126,0.415,-0.374,watch,drawdown_deep,28.0,25.9,False,5,4.5,True,태광산업,1135668000000,1.14조,11.2억
37550K,26550.0,-0.009328358208955279,0.26332450788534595,145759500.0,B4,B4,B2,pullback_ma50,breaking,normal,0.0,0.0,-0.184,0.252,-0.233,watch,drawdown_deep,28.0,25.9,False,2,1.8,True,DL이앤씨우,56335035250,563억,1.5억
005389,262500.0,0.025390625,0.3857225536293175,2676712500.0,A2,A2,A3,pullback_ma10,pullback_ma50,normal,0.0,0.0,0.117,0.151,-0.155,watch,parabolic,28.0,25.9,False,61,54.5,False,현대차3우B,619102232000,6191억,26.8억
004255,2300.0,0.004366812227074135,0.02489300375578653,655500.0,B3,B3,B3,riding,riding,dry,0.0,0.3,-0.042,-0.08,-0.147,skip,drawdown_deep,28.0,25.9,False,5,4.5,False,NPC우,12117600000,121억,0.01억
192820,182000.0,-0.005464480874316946,0.2534815651248552,4257162000.0,A3,B3,B2,pullback_ma20,breaking,normal,0.0,0.0,-0.021,0.042,-0.326,skip,drawdown_deep,28.0,25.9,False,9,8.0,True,코스맥스,2086039754200,2.09조,42.6억
012030,2355.0,0.1267942583732058,1.4386605789499674,10069070970.0,A2,A2,A3,pullback_ma10,pullback_ma50,normal,0.0,0.0,0.417,0.625,-0.037,watch,drawdown_deep,27.0,25.0,False,58,51.8,False,DB,485835048195,4858억,101억
004140,2260.0,-0.025862068965517238,0.2779866958878428,560041560.0,B4,B3,B2,pullback_ma20,breaking,normal,0.0,0.0,-0.166,-0.1,-0.365,watch,drawdown_deep,27.0,25.0,False,-6,-5.4,True,동방,108895908820,1089억,5.6억
006280,144500.0,0.03956834532374098,0.8111609061329732,7637114000.0,B3,B3,B2,riding,breaking,normal,0.0,0.0,0.001,-0.076,-0.214,watch,,27.0,25.0,False,17,15.2,True,녹십자,1674680895400,1.67조,76.4억
323410,22450.0,-0.015350877192982448,0.45872249978802176,9819630000.0,B3,B3,B3,riding,riding,normal,0.0,0.0,-0.111,0.039,-0.239,watch,drawdown_deep,27.0,25.0,False,8,7.1,False,카카오뱅크,10759065854350,10.76조,98.2억
071050,253000.0,-0.005893909626719096,0.34337819555340066,27772316000.0,A2,A3,B2,pullback_ma10,breaking,normal,0.0,0.0,0.09,0.484,-0.158,skip,parabolic,27.0,25.0,False,48,42.9,True,한국금융지주,14070812980000,14.07조,278억
012630,23100.0,0.010940919037199182,0.28584061496854374,832547100.0,B4,A1,B2,pullback_ma50,pullback_ma10,normal,0.0,0.0,-0.146,0.445,-0.246,watch,,27.0,25.0,False,23,20.5,True,HDC,1377046669050,1.38조,8.3억
338100,4515.0,-0.01526717557251911,0.5427764475644742,247941225.0,B3,B3,B2,riding,breaking,normal,0.0,0.0,-0.046,0.023,-0.092,watch,,27.0,25.0,False,22,19.6,True,NH프라임리츠,84063300000,841억,2.5억
010130,1452000.0,0.01538461538461533,0.21240490674029655,12867624000.0,A3,A5,B2,breaking,breaking,normal,0.0,0.0,-0.049,0.272,-0.336,skip,drawdown_deep,27.0,25.0,False,37,33.0,True,고려아연,30224059112000,30.22조,129억
000725,66200.0,0.029548989113530322,0.6187245796728696,538272200.0,B3,B4,B2,breaking,breaking,normal,0.0,0.0,-0.163,0.189,-0.221,skip,drawdown_deep,27.0,25.0,False,10,8.9,True,현대건설우,69820676600,698억,5.4억
062040,275000.0,-0.026548672566371723,0.2983686352274473,52690000000.0,A3,A3,A5,pullback_ma10,pullback_ma20,normal,0.0,0.0,0.93,1.034,-0.194,skip,parabolic,27.0,25.0,False,78,69.6,False,산일전기,8388742900000,8.39조,527억
139480,93000.0,0.027624309392265234,0.7043119102319293,16717308000.0,B4,B4,B2,pullback_ma10,riding,normal,0.0,0.0,-0.016,0.137,-0.318,watch,drawdown_deep,27.0,25.0,False,10,8.9,True,이마트,2592627195050,2.59조,167억
200880,14225.0,-0.01557093425605538,0.468206955851947,858621000.0,B3,B3,B3,riding,riding,normal,0.0,0.0,0.081,0.048,-0.223,watch,drawdown_deep,27.0,25.0,False,15,13.4,False,서연이화,384344374140,3843억,8.6억
014285,7000.0,0.002865329512893977,0.10839781273010395,3143000.0,A1,B4,B3,pullback_ma10,riding,normal,0.0,0.0,0.0,-0.146,-0.576,watch,drawdown_deep,27.0,25.0,False,13,11.6,False,금강공업우,4123226250,41억,0.03억
002810,21450.0,-0.00694444444444442,0.23615128645686073,116452050.0,A2,A2,A2,riding,pullback_ma10,normal,0.0,0.0,0.13,0.405,-0.091,pass,,26.0,24.1,False,71,63.4,False,삼영무역,396116034600,3961억,1.2억
017670,101050.0,-0.017023346303501996,0.5441442573689002,56263528450.0,A2,A2,A2,riding,pullback_ma20,normal,0.0,0.0,0.077,0.907,-0.094,pass,,26.0,24.1,False,72,64.3,False,SK텔레콤,21908585406000,21.91조,563억
108675,17400.0,-0.028475711892797295,0.13776840014893882,27039600.0,B2,B4,A4,bounce_ma10,pullback_ma20,accumulation_suspect,0.0,0.0,0.128,0.047,-0.139,watch,"drawdown_deep,distribution_suspect",26.0,24.1,False,1,0.9,False,LX하우시스우,17962542000,180억,0.27억
093370,13150.0,0.018590240123934842,0.5623198162128554,18877666600.0,A1,A4,A5,pullback_ma10,breaking,distribution_suspect,0.0,0.0,0.17,0.806,-0.147,skip,"drawdown_deep,distribution_suspect",26.0,24.1,False,31,27.7,False,후성,1407189929600,1.41조,189억
003540,33350.0,-0.008915304606240682,0.3863213511589576,2014406700.0,A3,A5,B2,pullback_ma50,breaking,normal,0.0,0.0,-0.101,0.285,-0.351,skip,drawdown_deep,26.0,24.1,False,24,21.4,True,대신증권,1646401072350,1.65조,20.1억
001790,2700.0,-0.016393442622950838,0.2219093402870171,259731900.0,B3,B3,B2,pullback_ma20,pullback_ma10,normal,0.0,0.0,-0.092,-0.007,-0.172,watch,drawdown_deep,26.0,24.1,False,-9,-8.0,True,대한제당,232421960925,2324억,2.6억
030210,3935.0,-0.023573200992555776,0.2922749075437377,378220395.0,B3,B4,B2,pullback_ma50,breaking,normal,0.0,0.0,-0.046,0.161,-0.315,watch,drawdown_deep,26.0,24.1,False,7,6.2,True,다올투자증권,239380646580,2394억,3.8억
084680,1455.0,-0.04777486910994766,0.7668695390043422,700679985.0,B3,B4,B2,pullback_ma50,breaking,normal,0.0,0.0,-0.162,-0.024,-0.307,watch,drawdown_deep,26.0,24.1,False,-5,-4.5,True,이월드,217105281483,2171억,7.0억
003465,3300.0,0.003039513677811634,0.003742035864459522,62700.0,A2,A2,A5,pullback_ma20,breaking,normal,0.0,0.0,-0.004,0.209,-0.175,watch,distribution_suspect,26.0,24.1,False,56,50.0,False,유화증권우,57497438250,575억,0.00억
033780,181000.0,-0.037234042553191515,0.3103614653881461,16846937000.0,A2,A2,A2,riding,pullback_ma20,normal,0.0,0.0,0.109,0.273,-0.047,pass,,26.0,24.1,False,66,58.9,False,KT&G,18945408220000,18.95조,168억
000240,24350.0,-0.008146639511201648,0.26392710837916206,773258600.0,A3,A4,B1,breaking,breaking,normal,0.0,0.0,-0.012,-0.028,-0.332,skip,"drawdown_deep,distribution_suspect",25.0,23.1,False,4,3.6,True,한국앤컴퍼니,2316419856000,2.32조,7.7억
010400,3990.0,0.02570694087403602,1.3481384292084044,149229990.0,B3,B3,B2,pullback_ma10,breaking,normal,0.0,0.0,0.044,-0.029,-0.186,skip,drawdown_deep,25.0,23.1,False,1,0.9,True,우진아이엔에스,30145010000,301억,1.5억
009900,10790.0,-0.019981834695731115,0.12820917635270618,1445784470.0,B3,B3,B1,pullback_ma20,breaking,normal,0.0,0.0,0.123,0.222,-0.278,skip,drawdown_deep,25.0,23.1,False,3,2.7,True,명신산업,568776241720,5688억,14.5억
005690,16680.0,0.004214328717639937,0.31465436402091024,6572186880.0,A1,A2,B2,pullback_ma20,breaking,normal,0.0,0.0,-0.021,0.209,-0.211,watch,,25.0,23.1,False,41,36.6,True,파미셀,1005667274640,1.01조,65.7억
024110,20875.0,-0.005952380952380931,0.32857704505383956,9016204750.0,A2,A5,B2,breaking,breaking,normal,0.0,0.0,-0.042,0.023,-0.294,skip,drawdown_deep,25.0,23.1,False,34,30.4,True,기업은행,16666200662100,16.67조,90.2억
377300,48950.0,-0.02100000000000002,0.2967512478089102,8284885400.0,B3,B3,B2,pullback_ma10,breaking,normal,0.0,0.0,-0.073,-0.006,-0.382,skip,"drawdown_deep,low_history",25.0,23.1,False,-4,-3.6,True,카카오페이,6620794661250,6.62조,82.8억
298050,228000.0,0.00219780219780219,0.3820253051900856,2348856000.0,B2,B3,A4,pullback_ma10,breaking,normal,0.0,0.0,0.065,0.247,-0.192,watch,drawdown_deep,25.0,23.1,True,14,12.5,False,HS효성첨단소재,1025908092000,1.03조,23.5억
004835,6260.0,0.0048154093097914075,0.08677109888344096,6253740.0,B2,B3,B4,pullback_ma10,bounce_ma10,normal,0.0,0.0,0.035,-0.117,-0.338,watch,drawdown_deep,25.0,23.1,True,-5,-4.5,False,덕성우,8658240000,87억,0.06억
016360,128100.0,-0.01385681293302543,0.3265354535958527,43094121000.0,A2,A2,A4,pullback_ma10,pullback_ma50,normal,0.0,0.0,0.244,0.666,-0.214,watch,"drawdown_deep,distribution_suspect",25.0,23.1,False,41,36.6,False,삼성증권,11403610000000,11.40조,431억
006840,7780.0,-0.021383647798742134,0.3790789922216369,38067540.0,B2,B3,B4,pullback_ma20,bounce_ma10,normal,0.0,0.0,-0.066,-0.037,-0.384,watch,drawdown_deep,25.0,23.1,True,-12,-10.7,False,AK홀딩스,102536122140,1025억,0.38억
004380,13420.0,0.0014925373134329067,0.45230234914482664,1899936500.0,B3,B4,A1,bounce_ma50,riding,accumulation_suspect,0.0,0.0,0.116,0.032,-0.084,pass,"drawdown_deep,accumulation_suspect",25.0,23.1,False,19,17.0,False,삼익THK,275724000000,2757억,19.0억
016580,10960.0,-0.01704035874439458,0.20885072623148615,188577760.0,B2,B3,B4,bounce_ma10,pullback_ma10,normal,0.0,0.0,0.071,0.032,-0.108,watch,drawdown_deep,25.0,23.1,True,2,1.8,False,환인제약,203298765100,2033억,1.9억
012200,8330.0,-0.028004667444574083,0.15554543177516977,8095202290.0,A2,A3,A4,pullback_ma10,pullback_ma20,distribution_suspect,0.0,0.0,0.322,-0.325,-0.416,watch,"drawdown_deep,distribution_suspect",25.0,23.1,False,4,3.6,False,계양전기,226493937280,2265억,81.0억
084690,9810.0,0.03046218487394947,0.8373280227291378,705731400.0,B3,B3,B3,riding,riding,dry,0.0,0.0,0.097,0.036,-0.113,skip,drawdown_deep,25.0,23.1,False,12,10.7,False,대상홀딩스,353796496260,3538억,7.1억
336370,11250.0,-0.01832460732984298,0.17254742047896945,2232596250.0,B3,B3,B2,pullback_ma10,breaking,normal,0.0,0.0,0.214,0.594,-0.334,skip,drawdown_deep,25.0,23.1,False,19,17.0,True,솔루스첨단소재,788540773120,7885억,22.3억
417310,10120.0,-0.007843137254901933,0.406192115502012,687846280.0,A2,A2,A3,riding,pullback_ma20,normal,0.0,0.0,0.014,0.163,-0.041,watch,parabolic,24.0,22.2,False,62,55.4,False,코람코더원리츠,406828000000,4068억,6.9억
45226K,6890.0,0.0,0.22810632437091588,90348570.0,B3,B3,B3,pullback_ma10,pullback_ma50,pump_dump_trace,0.0,0.0,0.122,0.317,-0.568,reject,"drawdown_deep,pump_dump_trace",24.0,22.2,True,-1,-0.9,True,한화갤러리아우,19953708900,200억,0.90억
033240,48300.0,-0.02620967741935487,0.5138211351392883,7881352500.0,A2,A2,A2,pullback_ma10,pullback_ma10,normal,0.0,0.0,0.398,0.883,-0.195,pass,,24.0,22.2,False,79,70.5,False,자화전자,1042465471500,1.04조,78.8억
111110,7200.0,-0.008264462809917328,0.25357383236560493,56692800.0,B2,B3,B3,pullback_ma10,pullback_ma50,normal,0.0,0.0,-0.014,-0.059,-0.185,watch,,24.0,22.2,True,2,1.8,False,호전실업,67694720000,677억,0.57억
005380,682500.0,0.041984732824427384,0.3344970365783666,491739202500.0,A2,A2,A2,pullback_ma10,pullback_ma20,normal,0.0,0.0,0.394,0.865,-0.119,pass,,24.0,22.2,False,77,68.8,False,현대차,140975721891000,140.98조,4917억
003470,5680.0,-0.008726003490401424,0.0804132578617182,2707531040.0,A2,A2,A5,riding,breaking,normal,0.0,0.0,0.2,0.531,-0.324,watch,drawdown_deep,24.0,22.2,False,67,59.8,False,유안타증권,1129716620160,1.13조,27.1억
114090,11300.0,-0.036658141517476595,0.6250680230744696,2709480100.0,B3,B2,B3,pullback_ma10,pullback_ma10,normal,0.0,0.0,-0.047,-0.196,-0.371,watch,drawdown_deep,24.0,22.2,False,2,1.8,False,GKL,700824741100,7008억,27.1억
001500,10600.0,-0.012115563839701804,0.22006809539400216,1080489800.0,A2,A3,A5,pullback_ma20,breaking,distribution_suspect,0.0,0.0,0.009,0.349,-0.288,skip,"drawdown_deep,distribution_suspect",24.0,22.2,False,27,24.1,False,현대차증권,654193605520,6542억,10.8억
003550,122600.0,0.03459915611814357,0.5498503247492792,41862260400.0,A1,A2,A4,riding,pullback_ma20,normal,0.0,0.0,0.353,0.527,-0.194,watch,"drawdown_deep,accumulation_suspect",24.0,22.2,False,57,50.9,False,LG,19123476540000,19.12조,419억
005810,42150.0,0.02305825242718451,0.2584715752771649,959881950.0,A2,A4,A4,breaking,pullback_ma10,distribution_suspect,0.0,0.0,-0.222,0.095,-0.308,watch,"drawdown_deep,distribution_suspect",24.0,22.2,False,9,8.0,False,풍산홀딩스,605526264000,6055억,9.6억
298040,3893000.0,-0.028450212128774632,0.4175119336448333,103036031000.0,A2,A2,A4,pullback_ma10,pullback_ma20,normal,0.0,0.0,0.351,1.065,-0.179,watch,parabolic,24.0,22.2,False,73,65.2,False,효성중공업,36253842624000,36.25조,1030억
000150,1803000.0,0.13182674199623357,0.7643000695802079,108234090000.0,A2,A2,A4,pullback_ma10,pullback_ma20,normal,0.0,0.0,0.392,1.414,-0.051,watch,parabolic,24.0,22.2,False,73,65.2,False,두산,29343229020000,29.34조,1082억
094280,12380.0,-0.013545816733067761,0.35744320260892454,137863680.0,B2,B3,B3,pullback_ma10,pullback_ma50,normal,0.0,0.0,0.001,0.002,-0.109,watch,,24.0,22.2,True,7,6.2,False,효성ITX,142974934000,1430억,1.4억
192080,67500.0,-0.025974025974025983,0.37188226468218316,3252352500.0,A3,A2,A2,riding,bounce_ma10,normal,0.0,0.0,0.411,0.271,-0.047,pass,,24.0,22.2,False,76,67.9,False,더블유게임즈,1422857049600,1.42조,32.5억
097955,130100.0,-0.009893455098934578,0.7036617591543979,545639400.0,B2,B3,B3,riding,pullback_ma10,normal,0.0,0.3,-0.046,-0.054,-0.114,watch,accumulation_suspect,23.0,21.3,True,7,6.2,False,CJ제일제당 우,172964519900,1730억,5.5억
001630,45650.0,-0.008686210640608039,0.6871011612093315,149914600.0,B2,B3,B3,riding,pullback_ma10,normal,0.0,0.3,-0.036,0.016,-0.23,watch,,23.0,21.3,True,12,10.7,False,종근당홀딩스,228700154650,2287억,1.5억
293480,10000.0,0.002004008016031955,0.6168716745317483,287060000.0,B2,B3,B4,riding,bounce_ma20,normal,0.0,0.6,0.083,-0.051,-0.193,watch,"drawdown_deep,accumulation_suspect",23.0,21.3,True,-3,-2.7,False,하나제약,178084918920,1781억,2.9억
004440,5930.0,-0.01983471074380161,0.13103584255819384,119608100.0,B3,B4,A5,pullback_ma20,breaking,accumulation_suspect,0.0,0.0,-0.261,0.021,-0.464,watch,"drawdown_deep,distribution_suspect",23.0,21.3,False,17,15.2,False,삼일씨엔에스,75627765180,756억,1.2억
007120,1424.0,-0.03129251700680269,0.2743371415798952,64841840.0,B4,A3,A4,pullback_ma20,breaking,normal,0.0,0.0,-0.203,0.5,-0.524,skip,"drawdown_deep,distribution_suspect",23.0,21.3,False,30,26.8,False,미래아이앤지,41527438304,415억,0.65억
004870,369.0,-0.046511627906976716,0.7131429101125558,1981494207.0,B2,B4,B4,bounce_ma20,bounce_ma50,accumulation_suspect,0.0,0.0,0.16,-0.231,-0.468,watch,"drawdown_deep,accumulation_suspect",23.0,21.3,False,-15,-13.4,False,티웨이홀딩스,42209983262,422억,19.8억
081000,12280.0,-0.01759999999999995,0.3859793479309837,233295440.0,B2,B3,A4,pullback_ma50,breaking,normal,0.0,0.0,-0.059,0.064,-0.286,skip,drawdown_deep,22.0,20.4,True,0,0.0,False,일진다이아,174128473500,1741억,2.3억
123690,7850.0,-0.013819095477386911,0.07834421916135795,240586800.0,B3,B2,B3,breaking,pullback_ma10,normal,0.0,0.0,-0.027,-0.251,-0.4,watch,drawdown_deep,22.0,20.4,False,5,4.5,False,한국화장품,125973120000,1260억,2.4억
007540,46550.0,-0.02103049421661407,0.5288447190139374,164973200.0,A3,A4,B1,pullback_ma50,breaking,dry,0.0,0.0,-0.12,-0.03,-0.363,skip,"drawdown_deep,zombie,distribution_suspect",22.0,20.4,False,-12,-10.7,True,샘표,134299860000,1343억,1.6억
002700,1318.0,-0.01788375558867361,0.6776173662663975,555208818.0,B2,B3,B4,pullback_ma50,pullback_ma10,accumulation_suspect,0.0,0.0,-0.042,0.002,-0.122,watch,"drawdown_deep,accumulation_suspect",22.0,20.4,True,-5,-4.5,False,신일전자,92392680199,924억,5.6억
128820,6310.0,-0.03516819571865448,0.23473640758515238,2105016000.0,B4,A4,B2,breaking,riding,normal,0.0,0.0,-0.084,-0.022,-0.52,skip,drawdown_deep,22.0,20.4,False,9,8.0,True,대성산업,284983511400,2850억,21.1억
210540,14060.0,0.000711743772241924,0.30735171392689825,398980620.0,B3,B3,B2,pullback_ma50,breaking,normal,0.0,0.0,-0.062,0.027,-0.142,watch,drawdown_deep,22.0,20.4,False,-4,-3.6,True,디와이파워,154804746160,1548억,4.0억
004690,125500.0,-0.017227877838684402,0.7878742742794603,1526833000.0,B3,B3,B2,pullback_ma50,breaking,normal,0.0,0.0,-0.074,0.049,-0.225,skip,drawdown_deep,22.0,20.4,False,-4,-3.6,True,삼천리,454435158100,4544억,15.3억
014530,3510.0,-0.011267605633802802,0.3907471589739456,394755660.0,C1,B4,B3,bounce_ma50,pullback_ma10,normal,0.0,0.0,-0.086,0.06,-0.458,skip,"drawdown_deep,zombie",22.0,20.4,False,-4,-3.6,False,극동유화,122042970000,1220억,3.9억
010580,2190.0,0.004587155963302836,1.010387690544952,437226930.0,B4,B2,B3,breaking,pullback_ma50,normal,0.0,0.0,0.066,-0.066,-0.373,skip,drawdown_deep,22.0,20.4,False,3,2.7,False,에스엠벡셀,245310130800,2453억,4.4억
000720,152800.0,0.016633399866932796,0.33859339415778866,58126648000.0,A2,A4,B2,pullback_ma20,breaking,normal,0.0,0.0,-0.167,1.016,-0.23,skip,"drawdown_deep,parabolic",22.0,20.4,False,23,20.5,True,현대건설,16814720515000,16.81조,581억
047400,1448.0,-0.030789825970548912,0.22629074188114295,497289536.0,B2,B3,A4,pullback_ma50,pullback_ma50,normal,0.0,0.0,-0.094,-0.165,-0.46,skip,drawdown_deep,21.0,19.4,True,-12,-10.7,False,유니온머티리얼,60690000000,607억,5.0억
112610,51700.0,-0.018975332068311146,0.23590541544728763,5275881600.0,B4,B4,B2,pullback_ma20,breaking,normal,0.0,0.0,-0.236,0.302,-0.349,skip,drawdown_deep,21.0,19.4,False,8,7.1,True,씨에스윈드,2171827254500,2.17조,52.8억
259960,260500.0,-0.03874538745387457,0.36521293510736724,17989348500.0,B2,B3,B4,pullback_ma10,pullback_ma20,normal,0.0,0.0,0.113,0.133,-0.243,watch,drawdown_deep,21.0,19.4,True,1,0.9,False,크래프톤,12040554573000,12.04조,180억
134790,19100.0,-0.003651538862806447,0.10608058608058608,3457100.0,B2,B3,B4,pullback_ma10,bounce_ma20,dry,0.0,0.0,-0.015,-0.08,-0.371,watch,"drawdown_deep,accumulation_suspect",21.0,19.4,True,-9,-8.0,False,시디즈,38220000000,382억,0.03억
002795,10990.0,-0.015232974910394215,0.1402536740499646,24815420.0,B3,B3,B2,pullback_ma10,riding,normal,0.0,0.0,-0.027,-0.052,-0.204,watch,drawdown_deep,21.0,19.4,False,-1,-0.9,True,아모레퍼시픽홀딩스우,70065268560,701억,0.25억
024090,11600.0,-0.008547008547008517,0.18532905186105933,24905200.0,B2,B3,B3,pullback_ma20,pullback_ma10,normal,0.0,0.3,-0.065,-0.009,-0.164,skip,drawdown_deep,21.0,19.4,True,-16,-14.3,False,디씨엠,132354000000,1324억,0.25억
029780,47500.0,-0.014522821576763434,0.46027930075089124,3168012500.0,A2,A5,B2,breaking,riding,normal,0.0,0.0,-0.124,-0.092,-0.314,skip,drawdown_deep,21.0,19.4,False,22,19.6,True,삼성카드,5543847934350,5.54조,31.7억
006405,308000.0,-0.009646302250803873,0.2177156295041343,1856316000.0,A1,A2,A4,pullback_ma10,pullback_ma50,normal,0.0,0.0,0.302,0.978,-0.174,watch,parabolic,21.0,19.4,False,69,61.6,False,삼성SDI우,495076176000,4951억,18.6억
024890,3710.0,-0.00669344042838016,0.5501183706343201,112891590.0,B3,B4,C1,bounce_ma10,acceleration,accumulation_suspect,0.0,0.0,3.818,3.122,-0.194,watch,"drawdown_deep,pump_dump_trace",20.0,18.5,False,37,33.0,False,대원화성,30524371000,305억,1.1억
001045,82000.0,-0.0024330900243308973,0.1334994996129081,57974000.0,A3,B2,B2,breaking,breaking,normal,0.0,0.0,-0.036,-0.104,-0.261,watch,,20.0,18.5,False,20,17.9,True,CJ우,185338286000,1853억,0.58억
457190,100400.0,-0.0204878048780488,0.3967026957255366,12373496800.0,A1,A4,B2,breaking,riding,distribution_suspect,0.0,0.0,0.032,0.746,-0.238,skip,drawdown_deep,20.0,18.5,False,14,12.5,True,이수스페셜티케미컬,3049084184800,3.05조,124억
003300,16720.0,0.0017974835230676334,0.3349065930086193,143022880.0,A2,A3,B3,pullback_ma20,riding,distribution_suspect,0.0,0.0,-0.023,0.059,-0.297,watch,"drawdown_deep,distribution_suspect",20.0,18.5,False,3,2.7,False,한일홀딩스,515217491640,5152억,1.4억
064350,212750.0,0.03276699029126218,0.4343818199268329,80738837750.0,A2,A4,B2,breaking,breaking,normal,0.0,0.0,0.048,-0.029,-0.246,skip,"drawdown_deep,parabolic",20.0,18.5,False,20,17.9,True,현대로템,23192737262500,23.19조,807억
104700,9240.0,-0.017021276595744705,0.14602117374224363,130496520.0,A3,B2,B2,breaking,breaking,normal,0.0,0.0,-0.05,-0.048,-0.212,skip,,20.0,18.5,False,15,13.4,True,한국철강,336433500000,3364억,1.3억
032560,6030.0,-0.008223684210526327,1.1270352547804905,357518700.0,B3,B3,B2,pullback_ma50,breaking,dry,0.0,0.0,0.008,0.04,-0.084,skip,drawdown_deep,20.0,18.5,False,-2,-1.8,True,황금에스티,101320000000,1013억,3.6억
004985,10990.0,0.016651248843663202,0.29022147390234426,30782990.0,B3,B3,B2,riding,pullback_ma10,normal,0.0,0.0,0.032,-0.018,-0.334,watch,"drawdown_deep,pump_dump_trace",20.0,18.5,False,-1,-0.9,True,성신양회우,8077382100,81억,0.31억
100250,3005.0,-0.008250825082508295,0.40039976798939153,89509935.0,B3,B2,B3,riding,riding,dry,0.0,0.0,-0.013,0.013,-0.09,skip,,19.0,17.6,False,21,18.8,False,진양홀딩스,191700000000,1917억,0.90억
005010,5600.0,-0.003558718861209953,0.06514606713748539,1499708000.0,A1,A2,A3,pullback_ma10,pullback_ma50,normal,0.0,0.0,-0.031,0.404,-0.233,watch,"parabolic,drawdown_deep",19.0,17.6,False,45,40.2,False,휴스틸,323643312000,3236억,15.0억
042700,325000.0,0.014040561622464809,0.4529132147747844,213142475000.0,A2,A3,B1,pullback_ma20,breaking,normal,0.0,0.0,0.136,0.843,-0.237,watch,"drawdown_deep,parabolic",19.0,17.6,False,29,25.9,True,한미반도체,31071777200000,31.07조,2131억
003620,3605.0,-0.039946737683089206,0.5935893751070214,3097971170.0,B2,B3,B3,pullback_ma50,pullback_ma10,accumulation_suspect,0.0,0.0,0.008,0.039,-0.228,watch,"drawdown_deep,accumulation_suspect",19.0,17.6,True,-8,-7.1,False,KG모빌리티,734620930560,7346억,31.0억
009190,1700.0,0.09677419354838701,7.486559041232534,6335543000.0,B2,B3,B4,pullback_ma20,pullback_ma50,normal,0.0,0.0,0.229,0.358,-0.053,skip,"drawdown_deep,pump_dump_trace",19.0,17.6,True,13,11.6,False,대양금속,74377700250,744억,63.4억
373220,401500.0,0.007528230865746499,0.3211803922297077,53801803000.0,B3,B3,B2,riding,breaking,normal,0.0,0.0,-0.046,0.106,-0.238,skip,drawdown_deep,19.0,17.6,False,9,8.0,True,LG에너지솔루션,93834000000000,93.83조,538억
008775,35800.0,-0.005555555555555536,0.12680342188794383,27673400.0,B2,B3,B4,pullback_ma20,pullback_ma50,normal,0.0,0.0,0.023,0.0,-0.284,watch,drawdown_deep,19.0,17.6,True,-7,-6.2,False,호텔신라우,26992456100,270억,0.28억
023350,4995.0,-0.018664047151277008,0.15217306246846718,92277630.0,B2,B3,B4,pullback_ma10,pullback_ma50,normal,0.0,0.0,0.024,0.082,-0.2,watch,drawdown_deep,19.0,17.6,True,-5,-4.5,False,한국종합기술,54585750000,546억,0.92억
001360,1610.0,-0.024833434282253153,0.23128689489076557,879462500.0,B2,B3,B3,pullback_ma50,pullback_ma10,accumulation_suspect,0.0,0.0,-0.116,0.102,-0.306,watch,"drawdown_deep,accumulation_suspect",19.0,17.6,True,-11,-9.8,False,삼성제약,152448405901,1524억,8.8억
108320,61100.0,-0.01768488745980712,0.35326945284162303,4240217800.0,B2,B3,B4,pullback_ma20,pullback_ma50,normal,0.0,0.0,0.212,0.2,-0.092,skip,drawdown_deep,19.0,17.6,True,0,0.0,False,LX세미콘,995375160000,9954억,42.4억
009415,9660.0,0.014705882352941124,0.14054763303234719,217398300.0,A1,A1,B2,pullback_ma20,breaking,normal,0.0,0.0,0.103,-0.049,-0.489,watch,"drawdown_deep,pump_dump_trace",19.0,17.6,False,1,0.9,True,태영건설우,6168253260,62억,2.2억
014825,16150.0,-0.008594229588704705,0.30018168891697605,3068500.0,B2,B3,B3,riding,riding,accumulation_suspect,0.6,0.0,-0.018,-0.071,-0.165,watch,"drawdown_deep,accumulation_suspect",18.2,16.9,True,-6,-5.4,False,동원시스템즈우,4265392650,43억,0.03억
002620,8350.0,-0.030197444831591147,0.8774625122025381,91566100.0,B2,B3,B3,pullback_ma10,pullback_ma10,normal,0.0,0.0,0.042,0.042,-0.152,watch,"drawdown_deep,zombie",18.0,16.7,True,-4,-3.6,False,제일파마홀딩스,133377514250,1334억,0.92억
097950,211500.0,-0.016279069767441867,0.4731203402385945,6787881000.0,B2,B3,B3,pullback_ma20,pullback_ma10,normal,0.0,0.0,-0.09,0.019,-0.167,skip,drawdown_deep,18.0,16.7,True,-11,-9.8,False,CJ제일제당,3183960339000,3.18조,67.9억
051915,168500.0,-0.00707130229817321,0.33735259128304507,2659098500.0,B2,B4,A5,pullback_ma50,breaking,normal,0.0,0.0,-0.011,0.111,-0.207,skip,drawdown_deep,18.0,16.7,False,17,15.2,False,LG화학우,1297869440000,1.30조,26.6억
00279K,20950.0,-0.0210280373831776,0.4203874968317684,74707700.0,B3,B3,B2,pullback_ma50,riding,normal,0.0,0.0,-0.097,-0.012,-0.257,skip,drawdown_deep,18.0,16.7,False,-11,-9.8,True,아모레퍼시픽홀딩스3우C,147872370000,1479억,0.75억
012330,658000.0,0.018575851393188847,0.6341968125019009,317637656000.0,A2,A2,A3,pullback_ma10,pullback_ma10,normal,0.0,0.0,0.639,0.647,-0.044,watch,distribution_suspect,18.0,16.7,False,65,58.0,False,현대모비스,60337167695000,60.34조,3176억
002820,2265.0,-0.00439560439560438,0.12899031556838408,9347655.0,B2,B3,B3,pullback_ma10,pullback_ma10,normal,0.0,0.0,-0.046,-0.092,-0.269,watch,drawdown_deep,18.0,16.7,True,-9,-8.0,False,SUN&L,28494055140,285억,0.09억
378850,3590.0,-0.006915629322268302,0.11119530069738649,149333230.0,B2,B3,B3,pullback_ma20,pullback_ma20,normal,0.0,0.0,0.069,0.147,-0.202,watch,drawdown_deep,18.0,16.7,True,-4,-3.6,False,화승알앤에이,68282074685,683억,1.5억
006370,5230.0,-0.007590132827324458,0.3325552572976624,105321740.0,B2,B3,B3,pullback_ma20,pullback_ma10,normal,0.0,0.0,-0.081,0.015,-0.328,skip,drawdown_deep,18.0,16.7,True,-11,-9.8,False,대구백화점,57029889970,570억,1.1억
007860,9310.0,-0.0032119914346895317,0.5352000709665093,584165260.0,A3,B3,B2,riding,riding,normal,0.0,0.0,0.021,-0.02,-0.224,skip,drawdown_deep,18.0,16.7,False,5,4.5,True,서연,221414928920,2214억,5.8억
005935,188600.0,0.005866666666666687,0.39803780332723226,390376539000.0,A2,A2,A2,riding,pullback_ma10,normal,0.0,0.0,0.37,0.831,-0.052,watch,,18.0,16.7,False,80,71.4,False,삼성전자우,151487683126400,151.49조,3904억
006120,52600.0,0.0019047619047618536,0.21539310051923807,384137800.0,A2,B2,B2,breaking,breaking,normal,0.0,0.0,-0.069,-0.141,-0.23,skip,,18.0,16.7,False,14,12.5,True,SK디스커버리,915963302600,9160억,3.8억
012610,5760.0,-0.054187192118226646,0.6265186104925058,6139221120.0,A1,A2,A2,riding,pullback_ma10,normal,0.0,0.0,0.44,0.233,-0.104,pass,,17.0,15.7,False,72,64.3,False,경인양행,238877935100,2389억,61.4억
090080,1000.0,-0.00990099009900991,1.6680125205551266,425724000.0,B2,B3,B4,pullback_ma20,pullback_ma50,dry,0.0,0.0,0.056,0.041,-0.086,watch,drawdown_deep,17.0,15.7,True,-5,-4.5,False,평화산업,54847356741,548억,4.3억
009460,2150.0,-0.052863436123347984,0.4781525835895354,75185500.0,A3,A3,A3,acceleration,acceleration,pump_dump_trace,0.0,0.0,3.004,3.207,-0.21,reject,"parabolic,pump_dump_trace",17.0,15.7,True,83,74.1,True,한창제지,25776353520,258억,0.75억
064960,32650.0,-0.022455089820359264,0.36932673810668565,1215135050.0,A1,B2,B2,breaking,breaking,normal,0.0,0.0,-0.038,-0.067,-0.2,skip,,17.0,15.7,False,17,15.2,True,SNT모티브,871847935200,8718억,12.2억
009830,43100.0,0.00936768149882905,0.17050881325655484,29466866600.0,B4,A1,B2,pullback_ma10,riding,normal,0.0,0.0,0.076,0.651,-0.273,skip,drawdown_deep,17.0,15.7,False,24,21.4,True,한화솔루션,7520298450000,7.52조,295억
02826K,229000.0,0.00659340659340657,0.4308914892333675,1308735000.0,A2,A2,A2,pullback_ma10,pullback_ma20,normal,0.0,0.0,0.231,0.495,-0.213,watch,parabolic,17.0,15.7,False,71,63.4,False,삼성물산우B,333876725000,3339억,13.1억
003200,11040.0,-0.021276595744680882,0.37240322279985916,119099520.0,A1,B2,A4,breaking,breaking,normal,0.0,0.0,-0.059,-0.026,-0.38,skip,"drawdown_deep,distribution_suspect",17.0,15.7,False,4,3.6,False,일신방직,252789600000,2528억,1.2억
336260,99600.0,0.014256619144602745,0.30784321769344763,43648305600.0,A2,A2,A4,pullback_ma10,pullback_ma20,normal,0.0,0.0,1.767,2.203,-0.06,watch,parabolic,17.0,15.7,False,73,65.2,False,두산퓨얼셀,6457681383600,6.46조,436억
000145,10250.0,-0.025665399239543696,1.3768673956568613,4581750.0,B3,B2,B2,pullback_ma10,breaking,normal,0.0,0.6,-0.108,-0.176,-0.23,skip,drawdown_deep,17.0,15.7,False,-8,-7.1,True,하이트진로홀딩스우,4830510600,48억,0.05억
003000,5200.0,-0.040590405904059046,0.27322819330429365,2111418400.0,B2,B4,A5,bounce_ma20,breaking,accumulation_suspect,0.0,0.0,-0.312,0.417,-0.474,skip,drawdown_deep,17.0,15.7,False,21,18.8,False,부광약품,516016229330,5160억,21.1억
051910,353500.0,0.007122507122507171,0.35732756101568386,45819963000.0,B3,B4,B2,pullback_ma10,breaking,normal,0.0,0.0,-0.004,0.131,-0.192,skip,"drawdown_deep,distribution_suspect",17.0,15.7,False,0,0.0,True,LG화학,25024985593500,25.02조,458억
082740,79000.0,0.05614973262032086,0.4029137123805754,44760452000.0,A2,A2,A4,pullback_ma10,pullback_ma20,normal,0.0,0.0,0.736,0.59,-0.163,watch,parabolic,17.0,15.7,False,73,65.2,False,한화엔진,6517221790200,6.52조,448억
000640,90200.0,-0.02591792656587477,0.49132169772219153,732424000.0,B3,B2,B2,breaking,breaking,normal,0.0,0.0,-0.036,-0.129,-0.26,skip,,17.0,15.7,False,15,13.4,True,동아쏘시오홀딩스,610640198900,6106억,7.3억
475150,43750.0,-0.0022805017103763037,0.20046345972839977,8039456250.0,A2,A5,B2,pullback_ma20,breaking,normal,0.0,0.0,-0.257,1.129,-0.369,skip,"drawdown_deep,low_history",17.0,15.7,False,32,28.6,True,SK이터닉스,1494689800500,1.49조,80.4억
092790,17780.0,0.0039525691699604515,0.10931176405231573,2581940480.0,A1,A2,A2,pullback_ma10,pullback_ma20,normal,0.0,0.0,0.056,0.735,-0.227,watch,parabolic,16.0,14.8,False,69,61.6,False,넥스틸,462835600000,4628억,25.8억
344820,26400.0,-0.022222222222222254,0.40450723974880987,265029600.0,B2,B3,B3,pullback_ma10,pullback_ma50,normal,0.0,0.0,0.033,0.045,-0.198,watch,drawdown_deep,16.0,14.8,True,-8,-7.1,False,KCC글라스,421621516800,4216억,2.7억
010120,285250.0,0.015124555160142439,0.3891025184780511,173097116500.0,A2,A2,A4,pullback_ma10,breaking,normal,0.0,0.0,0.81,1.996,-0.148,watch,parabolic,16.0,14.8,False,78,69.6,False,LS ELECTRIC,42450000000000,42.45조,1731억
004560,16750.0,-0.004753416518122444,0.19640412805064755,953527250.0,B4,A4,B2,pullback_ma10,breaking,distribution_suspect,0.0,0.0,0.1,0.489,-0.343,watch,"drawdown_deep,distribution_suspect",16.0,14.8,False,-2,-1.8,True,현대비앤지스틸,252117719920,2521억,9.5억
000140,8710.0,-0.002290950744558984,0.5453472310460584,115886550.0,B3,B2,B3,riding,riding,normal,0.0,0.3,-0.044,-0.076,-0.191,watch,"drawdown_deep,accumulation_suspect",16.0,14.8,False,4,3.6,False,하이트진로홀딩스,202362990800,2024억,1.2억
015860,10400.0,-0.02985074626865669,0.22428681864623934,1618063200.0,A2,A2,A4,pullback_ma10,pullback_ma20,normal,0.0,0.0,0.465,0.571,-0.326,watch,"parabolic,drawdown_deep",16.0,14.8,False,58,51.8,False,일진홀딩스,503344326600,5033억,16.2억
226320,12100.0,-0.009009009009009028,0.18515939639373666,221212200.0,B2,B3,B4,riding,pullback_ma20,normal,0.0,0.0,0.166,0.057,-0.148,watch,drawdown_deep,15.0,13.9,True,3,2.7,False,잇츠한불,265125418350,2651억,2.2억
339770,4160.0,-0.005973715651135025,0.4226291490957065,216419840.0,B2,B3,B3,riding,pullback_ma10,normal,0.0,0.3,-0.001,-0.019,-0.212,watch,"drawdown_deep,accumulation_suspect",15.0,13.9,True,-8,-7.1,False,교촌에프앤비,209103859800,2091억,2.2억
009420,61200.0,0.0736842105263158,1.3630467655383893,34332282000.0,A2,A4,B2,breaking,breaking,normal,0.0,0.0,0.301,0.212,-0.081,skip,"drawdown_deep,distribution_suspect",15.0,13.9,False,23,20.5,True,한올바이오파마,3113542024800,3.11조,343억
016380,6650.0,-0.016272189349112454,0.18761829272737018,1388247350.0,B2,B4,A2,pullback_ma10,pullback_ma10,normal,0.0,0.0,0.209,0.309,-0.115,watch,drawdown_deep,15.0,13.9,False,25,22.3,False,KG스틸,667059342990,6671억,13.9억
001070,6130.0,-0.017628205128205177,0.411310665679803,50075970.0,B2,B3,B3,riding,pullback_ma10,normal,0.0,0.3,-0.081,-0.01,-0.352,watch,"drawdown_deep,accumulation_suspect",15.0,13.9,True,-13,-11.6,False,대한방직,32489000000,325억,0.50억
090350,8140.0,-0.008526187576126665,0.44000639692947385,419926320.0,B3,B3,B2,riding,riding,normal,0.0,0.0,-0.034,0.005,-0.23,skip,drawdown_deep,15.0,13.9,False,5,4.5,True,노루페인트,162600000000,1626억,4.2억
023530,160200.0,-0.019583843329253336,0.2971116462096721,7876072800.0,A1,A2,A3,riding,pullback_ma10,normal,0.0,0.0,0.441,1.339,-0.1,watch,parabolic,15.0,13.9,False,76,67.9,False,롯데쇼핑,4551660679500,4.55조,78.8억
483650,215000.0,-0.0182648401826484,0.2872521725045697,14183980000.0,C1,A2,A2,riding,pullback_ma10,normal,0.0,0.0,0.215,0.42,-0.217,watch,low_history,15.0,13.9,False,65,58.0,False,달바글로벌,2695474180000,2.70조,142억
034220,16320.0,0.0772277227722773,1.007672186509875,191725760640.0,B4,B4,A1,riding,pullback_ma20,normal,0.0,0.0,0.383,0.385,-0.029,watch,distribution_suspect,15.0,13.9,False,39,34.8,False,LG디스플레이,7985000000000,7.99조,1917억
009835,24500.0,0.006160164271047153,0.270527767727216,209744500.0,B2,B3,B3,pullback_ma50,pullback_ma10,normal,0.0,0.0,0.029,0.21,-0.302,watch,drawdown_deep,15.0,13.9,True,-7,-6.2,False,한화솔루션우,63611120300,636억,2.1억
400760,3050.0,-0.004893964110929905,0.19386026480474713,140641600.0,B2,B3,B4,riding,pullback_ma10,normal,0.0,0.0,-0.08,-0.088,-0.156,watch,drawdown_deep,15.0,13.9,True,-10,-8.9,False,NH올원리츠,168632874250,1686억,1.4억
004430,11980.0,0.0,0.1118721279487787,1313547100.0,B2,B4,B4,pullback_ma10,pullback_ma10,pump_dump_trace,0.0,0.0,0.304,0.387,-0.284,reject,"drawdown_deep,pump_dump_trace",15.0,13.9,True,13,11.6,True,송원산업,284160000000,2842억,13.1억
003060,3515.0,0.018840579710144967,0.4585779796042067,850587820.0,B4,A3,A3,acceleration,pullback_ma10,pump_dump_trace,0.0,0.0,13.707,5.825,-0.448,reject,"parabolic,drawdown_deep,pump_dump_trace",14.0,13.0,True,46,41.1,True,에이프로젠바이오로직스,50875680220,509억,8.5억
293940,5560.0,0.01090909090909098,0.46052810532438154,861327400.0,B2,B3,A5,pullback_ma50,breaking,normal,0.0,0.0,-0.058,-0.009,-0.113,skip,drawdown_deep,14.0,13.0,True,1,0.9,False,신한알파리츠,670008281420,6700억,8.6억
003720,10360.0,-0.03177570093457949,0.663630917772022,10304014560.0,A2,A2,A3,acceleration,pullback_ma20,normal,0.0,0.0,0.437,0.818,-0.259,watch,parabolic,14.0,13.0,False,80,71.4,False,삼영,380120000000,3801억,103억
016880,2315.0,0.01091703056768556,0.23178613702015727,391494280.0,A5,A5,B2,breaking,riding,pump_dump_trace,0.0,0.0,-0.131,-0.025,-0.555,reject,"drawdown_deep,pump_dump_trace",13.0,12.0,True,20,17.9,True,웅진,184631554800,1846억,3.9억
026940,2285.0,-0.017204301075268824,0.043862785036360714,226669715.0,B2,B4,A5,pullback_ma10,breaking,accumulation_suspect,0.0,0.0,-0.146,0.112,-0.337,watch,"drawdown_deep,distribution_suspect",13.0,12.0,False,6,5.4,False,부국철강,45900000000,459억,2.3억
002787,8000.0,-0.0024937655860348684,0.08539709649871904,960000.0,B2,B3,B3,pullback_ma50,pullback_ma50,normal,0.0,0.0,0.008,-0.01,-0.186,watch,"drawdown_deep,accumulation_suspect",13.0,12.0,True,-18,-16.1,False,진흥기업2우B,2358464000,24억,0.01억
020120,3785.0,-0.04899497487437188,0.4044364325086418,432568725.0,B2,B3,B4,pullback_ma10,bounce_ma50,normal,0.0,0.0,0.133,0.166,-0.167,watch,drawdown_deep,13.0,12.0,True,-4,-3.6,False,키다리스튜디오,141398267290,1414억,4.3억
020150,58600.0,-0.024958402662229595,0.29610656964010007,7828725600.0,B4,A1,B2,pullback_ma10,breaking,normal,0.0,0.0,0.314,1.038,-0.295,watch,drawdown_deep,13.0,12.0,False,32,28.6,True,롯데에너지머티리얼즈,3021487215100,3.02조,78.3억
271940,15070.0,-0.033974358974358965,0.22069892418210674,325662700.0,B2,B3,B3,pullback_ma20,riding,normal,0.0,0.0,-0.052,0.125,-0.289,skip,drawdown_deep,13.0,12.0,True,-8,-7.1,False,일진하이솔루스,551234224200,5512억,3.3억
005300,112300.0,-0.012313104661389573,0.49058736610217224,1428006800.0,B2,B3,B3,riding,riding,normal,0.0,0.6,-0.012,-0.102,-0.275,watch,"drawdown_deep,accumulation_suspect",13.0,12.0,True,-7,-6.2,False,롯데칠성,1044802338400,1.04조,14.3억
003460,3180.0,-0.012422360248447228,0.28759405804640775,185823300.0,A2,A3,B1,pullback_ma20,breaking,distribution_suspect,0.0,0.0,-0.055,0.184,-0.356,skip,"drawdown_deep,distribution_suspect",12.0,11.1,False,-11,-9.8,True,유화증권,180880703850,1809억,1.9억
002920,1816.0,-0.009814612868047967,0.12976899221750976,16144240.0,B2,B3,B3,riding,pullback_ma10,normal,0.0,0.0,0.005,-0.178,-0.299,watch,drawdown_deep,12.0,11.1,True,-8,-7.1,False,유성기업,47224450000,472억,0.16억
001515,7500.0,0.006711409395973256,0.022082771024376186,71100000.0,A3,A3,B1,breaking,breaking,pump_dump_trace,0.0,0.0,-0.349,0.648,-0.603,reject,"drawdown_deep,pump_dump_trace",12.0,11.1,True,25,22.3,True,SK증권우,14574114650,146억,0.71억
006220,11050.0,0.008211678832116709,0.5016835525126093,862960800.0,A4,B2,B2,breaking,breaking,dry,0.0,0.0,-0.122,-0.037,-0.413,skip,drawdown_deep,12.0,11.1,False,-3,-2.7,True,제주은행,418052040420,4181억,8.6억
015890,4985.0,-0.0030000000000000027,0.23315928242775166,98922340.0,B2,B3,B3,riding,pullback_ma10,normal,0.0,0.0,0.015,0.05,-0.124,watch,drawdown_deep,12.0,11.1,True,-3,-2.7,False,태경산업,145851462500,1459억,0.99억
034230,14480.0,-0.014965986394557818,0.37949093802238526,3663280720.0,B3,B2,B2,pullback_ma10,pullback_ma10,normal,0.0,0.0,-0.023,-0.127,-0.397,skip,drawdown_deep,12.0,11.1,False,-6,-5.4,True,파라다이스,1346831214280,1.35조,36.6억
38380K,8320.0,-0.01654846335697402,0.4572513462920411,21440640.0,B2,B3,B3,riding,pullback_ma10,normal,0.0,0.0,0.02,-0.031,-0.124,skip,drawdown_deep,12.0,11.1,True,-8,-7.1,False,LX홀딩스1우,12073948400,121억,0.21억
001685,15850.0,-0.005021971123666091,0.5437327927873415,71214050.0,B3,B2,B2,pullback_ma10,pullback_ma10,normal,0.0,0.0,-0.024,-0.063,-0.117,watch,drawdown_deep,12.0,11.1,False,-6,-5.4,True,대상우,21704332320,217억,0.71억
003570,48950.0,0.026205450733752578,0.20719731657231658,1169562350.0,A3,B2,B2,breaking,breaking,normal,0.0,0.0,-0.073,-0.103,-0.359,skip,drawdown_deep,12.0,11.1,False,0,0.0,True,SNT다이내믹스,1629382153000,1.63조,11.7억
001067,50300.0,0.0,0.048859934853420196,150900.0,A5,B2,B2,riding,riding,normal,0.0,0.6,-0.1,-0.158,-0.224,watch,"drawdown_deep,accumulation_suspect",12.0,11.1,False,-4,-3.6,True,JW중외제약2우B,10561641900,106억,0.00억
109070,1520.0,-0.01041666666666663,0.24197157084172255,420541440.0,C1,C1,A3,acceleration,pullback_ma50,pump_dump_trace,0.0,0.0,0.246,0.849,-0.467,reject,"drawdown_deep,pump_dump_trace",12.0,11.1,True,16,14.3,True,주성코퍼레이션,80113118910,801억,4.2억
025860,7810.0,-0.017610062893081757,0.07069984371777883,2740138500.0,A1,A3,B1,pullback_ma20,breaking,distribution_suspect,0.0,0.0,0.0,0.202,-0.391,watch,"drawdown_deep,distribution_suspect",11.0,10.2,False,-8,-7.1,True,남해화학,387494975400,3875억,27.4억
071090,3900.0,0.006451612903225712,0.06948501337998851,499800600.0,B3,B2,B2,pullback_ma20,breaking,normal,0.0,0.0,-0.098,0.139,-0.376,skip,drawdown_deep,11.0,10.2,False,-3,-2.7,True,하이스틸,78847694255,788억,5.0억
002150,6010.0,-0.004966887417218513,0.2763863863000865,231204700.0,B2,B3,A5,riding,breaking,normal,0.0,0.0,-0.143,-0.01,-0.214,skip,drawdown_deep,11.0,10.2,True,7,6.2,False,도화엔지니어링,202994400000,2030억,2.3억
006660,12090.0,0.003319502074688785,0.09526690466291761,454620270.0,B3,B2,B2,pullback_ma10,breaking,normal,0.0,0.0,0.044,-0.103,-0.299,skip,drawdown_deep,11.0,10.2,False,-3,-2.7,True,삼성공조,98003346840,980억,4.5억
084010,10020.0,-0.016683022571148176,0.09985403513708387,142233900.0,B4,B2,B2,breaking,breaking,normal,0.0,0.0,-0.144,-0.075,-0.354,skip,drawdown_deep,11.0,10.2,False,-5,-4.5,True,대한제강,344059675960,3441억,1.4억
009070,5280.0,-0.016759776536312887,0.44574014143403934,595457280.0,A5,B2,B2,breaking,riding,normal,0.0,0.0,-0.104,-0.201,-0.371,skip,drawdown_deep,10.0,9.3,False,-2,-1.8,True,KCTC,158100000000,1581억,6.0억
032830,351000.0,-0.03703703703703709,0.46286097555200634,78565032000.0,A1,A2,A2,riding,pullback_ma10,normal,0.0,0.0,0.526,1.201,-0.06,pass,,10.0,9.3,False,78,69.6,False,삼성생명,70100000000000,70.10조,786억
096775,70700.0,-0.0070224719101124045,0.5298243094451625,312988900.0,B2,B3,B3,riding,pullback_ma50,normal,0.0,0.0,-0.018,0.035,-0.184,watch,drawdown_deep,10.0,9.3,True,-7,-6.2,False,SK이노베이션우,88513403400,885억,3.1억
005500,21500.0,-0.0401785714285714,0.4963335332590144,4512914500.0,B4,B4,A1,acceleration,acceleration,distribution_suspect,0.0,0.0,0.196,0.124,-0.17,watch,distribution_suspect,10.0,9.3,False,29,25.9,False,삼진제약,287046000000,2870억,45.1억
075580,17360.0,0.05084745762711873,0.3200378961578684,1835524880.0,A2,B1,B2,breaking,breaking,normal,0.0,0.0,-0.02,-0.149,-0.366,skip,drawdown_deep,10.0,9.3,False,4,3.6,True,세진중공업,973831181280,9738억,18.4억
137310,8360.0,0.004807692307692291,0.44633664783953425,526429200.0,B2,B3,B3,riding,pullback_ma10,dry,0.0,0.0,0.06,-0.04,-0.235,skip,drawdown_deep,10.0,9.3,True,-9,-8.0,False,에스디바이오센서,1013084965780,1.01조,5.3억
300720,15030.0,-0.01442622950819672,0.44742424293118044,803969730.0,B3,B2,B2,breaking,breaking,normal,0.0,0.0,-0.125,-0.091,-0.304,skip,drawdown_deep,9.0,8.3,False,-5,-4.5,True,한일시멘트,1102442682910,1.10조,8.0억
026890,8680.0,-0.029082774049216997,0.5024185121845269,445744040.0,B3,B2,B2,breaking,breaking,normal,0.0,0.0,-0.056,-0.081,-0.352,skip,drawdown_deep,9.0,8.3,False,-5,-4.5,True,스틱인베스트먼트,333429198200,3334억,4.5억
025890,1953.0,0.0030816640986133237,0.18346137867822598,21949767.0,B2,B4,B2,pullback_ma10,breaking,normal,0.0,0.0,-0.003,0.122,-0.165,skip,drawdown_deep,9.0,8.3,False,-3,-2.7,True,한국주강,21854591976,219억,0.22억
001440,53900.0,-0.01642335766423353,0.2067739506797505,154641633300.0,A2,A2,A4,pullback_ma10,pullback_ma20,normal,0.0,0.0,0.773,1.069,-0.29,watch,"parabolic,drawdown_deep",9.0,8.3,False,58,51.8,False,대한전선,10485603886000,10.49조,1546억
069620,132400.0,-0.027900146842878115,0.6314415762166979,2626551200.0,B3,B2,B2,breaking,breaking,normal,0.0,0.0,-0.102,-0.233,-0.336,skip,drawdown_deep,9.0,8.3,False,-5,-4.5,True,대웅제약,1556077022500,1.56조,26.3억
004490,57500.0,-0.03361344537815125,0.6712188401757061,2028312500.0,B3,B2,B2,breaking,breaking,normal,0.0,0.0,-0.037,-0.071,-0.26,skip,drawdown_deep,9.0,8.3,False,0,0.0,True,세방전지,805266000000,8053억,20.3억
068270,196000.0,-0.013588324106693528,0.5026970638057161,64045744000.0,B3,B2,B2,riding,riding,normal,0.0,0.0,-0.027,-0.097,-0.219,skip,,9.0,8.3,False,11,9.8,True,셀트리온,43591509421250,43.59조,640억
375500,83500.0,0.015815085158150888,0.3363665357137361,26371220500.0,A1,A4,A5,breaking,breaking,distribution_suspect,0.0,0.0,-0.115,1.032,-0.217,skip,"drawdown_deep,parabolic,distribution_suspect",9.0,8.3,False,24,21.4,False,DL이앤씨,3207701346700,3.21조,264억
005745,7020.0,0.0,0.046088259016015674,421200.0,B2,B2,B4,riding,bounce_ma10,dry,0.0,0.6,-0.061,-0.114,-0.224,watch,"drawdown_deep,accumulation_suspect",9.0,8.3,True,-16,-14.3,False,크라운해태홀딩스우,4175045700,42억,0.00억
007160,48000.0,-0.014373716632443578,0.42924987377155943,140784000.0,B3,B2,B2,breaking,breaking,normal,0.0,0.0,-0.084,-0.138,-0.341,skip,drawdown_deep,9.0,8.3,False,-5,-4.5,True,사조산업,240500000000,2405억,1.4억
015760,41000.0,0.032745591939546514,0.44504638696712817,43915305000.0,A1,B2,B2,breaking,breaking,normal,0.0,0.0,-0.055,-0.17,-0.41,skip,drawdown_deep,9.0,8.3,False,-3,-2.7,True,한국전력,26288428953150,26.29조,439억
281820,72600.0,0.028328611898017053,0.42883575333655716,4761035400.0,A2,A2,A3,riding,pullback_ma20,normal,0.0,0.0,0.533,0.762,-0.12,watch,parabolic,9.0,8.3,False,76,67.9,False,케이씨텍,1423523725900,1.42조,47.6억
094800,5910.0,0.0016949152542373724,0.33441802666637277,358648350.0,A2,A3,B1,pullback_ma50,breaking,distribution_suspect,0.0,0.0,-0.153,0.13,-0.278,skip,"drawdown_deep,distribution_suspect",9.0,8.3,False,-14,-12.5,True,맵스리얼티,539367463110,5394억,3.6억
183190,10130.0,-0.018410852713178327,0.40118251076742967,295765610.0,B3,B2,B2,breaking,breaking,normal,0.0,0.0,-0.071,-0.133,-0.355,skip,drawdown_deep,9.0,8.3,False,-5,-4.5,True,아세아시멘트,369810115640,3698억,3.0억
015260,609.0,-0.014563106796116498,0.19925242913748661,58361688.0,B2,B4,B2,pullback_ma20,breaking,normal,0.0,0.0,-0.024,0.46,-0.434,skip,drawdown_deep,9.0,8.3,False,-2,-1.8,True,에이엔피,28788422234,288억,0.58억
089470,4460.0,-0.007786429365962189,0.476296581491326,275043740.0,B4,B4,B2,pullback_ma20,breaking,distribution_suspect,0.0,0.0,-0.104,0.073,-0.324,watch,"drawdown_deep,distribution_suspect",9.0,8.3,False,-24,-21.4,True,HDC현대EP,141955000000,1420억,2.8억
145995,31800.0,0.0,0.21462297896694807,4770000.0,B3,B2,B2,riding,riding,normal,0.0,0.0,-0.008,-0.129,-0.175,skip,,9.0,8.3,False,11,9.8,True,삼양사우,11749722500,117억,0.05억
28513K,24750.0,0.0060975609756097615,0.29310491052497667,42768000.0,B3,B2,B2,breaking,breaking,normal,0.0,0.0,-0.066,-0.103,-0.278,skip,drawdown_deep,9.0,8.3,False,-5,-4.5,True,SK케미칼우,51828010500,518억,0.43억
130660,15390.0,-0.013461538461538414,0.29567623458554054,2551862070.0,A3,A4,B2,breaking,riding,distribution_suspect,0.0,0.0,-0.18,0.459,-0.446,skip,"drawdown_deep,parabolic",8.0,7.4,False,9,8.0,True,한전산업,497802000000,4978억,25.5억
014830,72900.0,-0.02278820375335122,0.16923832483375878,660692700.0,B3,B2,B2,pullback_ma50,breaking,normal,0.0,0.0,-0.105,0.098,-0.282,skip,drawdown_deep,8.0,7.4,False,-8,-7.1,True,유니드,490651000000,4907억,6.6억
003070,10030.0,-0.013765978367748288,0.23882242926240618,205053320.0,B3,B2,B2,pullback_ma50,breaking,normal,0.0,0.0,-0.164,0.154,-0.261,skip,drawdown_deep,8.0,7.4,False,-6,-5.4,True,코오롱글로벌,257036225490,2570억,2.1억
001460,42250.0,-0.026497695852534586,0.24009014537056667,45461000.0,B3,B2,B2,pullback_ma50,breaking,normal,0.0,0.0,-0.103,0.07,-0.409,watch,"drawdown_deep,accumulation_suspect",8.0,7.4,False,-8,-7.1,True,BYC,264524452500,2645억,0.45억
008040,906.0,-0.024757804090419833,0.4589453044212258,312531948.0,B2,B3,B3,riding,pullback_ma50,dry,0.0,0.0,-0.1,-0.15,-0.41,skip,"drawdown_deep,dry",8.0,7.4,True,-20,-17.9,False,사조동아원,130841044200,1308억,3.1억
016610,11950.0,-0.01968826907301069,0.28946600114221616,540271450.0,A3,A4,B2,breaking,riding,distribution_suspect,0.0,0.0,-0.064,0.0,-0.382,skip,"drawdown_deep,parabolic",8.0,7.4,False,4,3.6,True,DB증권,510205595780,5102억,5.4억
264900,8330.0,0.0036144578313253017,0.1823766114552603,26314470.0,B2,B3,B3,riding,pullback_ma50,dry,0.0,0.0,-0.013,-0.034,-0.163,watch,drawdown_deep,8.0,7.4,True,-15,-13.4,False,크라운제과,104073193500,1041억,0.26억
35320K,41950.0,0.03325123152709364,0.38687365830266135,1047449550.0,A2,A2,A3,acceleration,pullback_ma10,normal,0.0,0.0,1.198,2.28,-0.16,watch,parabolic,7.0,6.5,False,82,73.2,False,대덕전자1우,90002541050,900억,10.5억
286940,20450.0,-0.039906103286385,0.5388097387390923,505339950.0,B2,B3,B3,riding,riding,normal,0.0,0.0,-0.005,0.082,-0.195,watch,drawdown_deep,7.0,6.5,True,-2,-1.8,False,롯데이노베이트,309395555150,3094억,5.1억
009155,522000.0,0.14977973568281944,0.8033666664382012,30592332000.0,A2,A2,A3,acceleration,pullback_ma10,normal,0.0,0.0,1.719,3.318,-0.033,watch,parabolic,7.0,6.5,False,82,73.2,False,삼성전기우,1526166600000,1.53조,306억
128940,448500.0,-0.01211453744493396,0.40637099072827776,20493759000.0,B4,B2,B2,breaking,riding,normal,0.0,0.0,-0.079,-0.06,-0.307,skip,drawdown_deep,7.0,6.5,False,-7,-6.2,True,한미약품,5835406400500,5.84조,205억
000155,658000.0,0.06472491909385103,0.43929990353985804,6937294000.0,A3,A3,B1,pullback_ma10,breaking,distribution_suspect,0.0,0.0,0.183,0.394,-0.113,skip,"parabolic,distribution_suspect",7.0,6.5,False,20,17.9,True,두산우,2609689686000,2.61조,69.4억
053690,22900.0,-0.01505376344086018,0.42940831006525204,3039837600.0,A3,A4,B2,pullback_ma20,breaking,distribution_suspect,0.0,0.0,-0.254,0.341,-0.341,skip,"drawdown_deep,distribution_suspect",7.0,6.5,False,-6,-5.4,True,한미글로벌,250927895000,2509억,30.4억
008355,13190.0,0.015396458814472602,0.012500781298831178,659500.0,B2,B3,B3,riding,riding,normal,0.0,0.0,-0.049,-0.051,-0.436,skip,drawdown_deep,7.0,6.5,True,-7,-6.2,False,남선알미우,3999491100,40억,0.01억
000320,19210.0,-0.017893660531697386,0.4542094866338574,165859140.0,A5,A5,B2,breaking,breaking,distribution_suspect,0.0,0.0,-0.087,-0.063,-0.483,skip,"drawdown_deep,distribution_suspect",7.0,6.5,False,-2,-1.8,True,노루홀딩스,254525541650,2545억,1.7억
000540,3915.0,-0.018796992481203034,0.41625132946085247,248986170.0,B3,B2,B2,breaking,breaking,pump_dump_trace,0.0,0.0,-0.068,0.15,-0.477,skip,"drawdown_deep,zombie,pump_dump_trace",7.0,6.5,False,-1,-0.9,True,흥국화재,252794808075,2528억,2.5억
003780,5380.0,-0.021818181818181848,1.0483907761636218,673758920.0,B2,B2,B3,pullback_ma10,pullback_ma10,normal,0.0,0.3,-0.024,-0.159,-0.335,watch,drawdown_deep,7.0,6.5,True,-13,-11.6,False,진양산업,70850000000,708억,6.7억
006340,14090.0,-0.035592060232717326,0.10710444950308111,53150241640.0,A2,A2,A3,pullback_ma10,pullback_ma20,normal,0.0,0.0,1.639,2.914,-0.306,watch,"parabolic,drawdown_deep",7.0,6.5,False,60,53.6,False,대원전선,1098585968160,1.10조,532억
010060,345000.0,0.09697933227345001,0.7088108231342185,101684610000.0,A2,A2,A4,pullback_ma10,pullback_ma50,normal,0.0,0.0,0.725,2.392,-0.135,watch,"parabolic,drawdown_deep",7.0,6.5,False,56,50.0,False,OCI홀딩스,6609262128000,6.61조,1017억
005090,51800.0,0.0,0.2612520894389445,2037760200.0,B4,A1,B2,pullback_ma20,breaking,normal,0.0,0.0,0.004,1.467,-0.267,watch,"parabolic,drawdown_deep",6.0,5.6,False,22,19.6,True,SGC에너지,740639716200,7406억,20.4억
001720,185100.0,0.0,0.3574345959651049,1364742300.0,A2,A4,B2,breaking,riding,distribution_suspect,0.0,0.0,-0.095,0.432,-0.32,skip,"drawdown_deep,parabolic",6.0,5.6,False,8,7.1,True,신영증권,3043044000000,3.04조,13.6억
452260,3160.0,0.004769475357710551,0.2044348759314701,11245229720.0,A1,A2,A2,pullback_ma10,pullback_ma10,pump_dump_trace,0.0,0.0,0.295,1.508,-0.233,watch,"parabolic,drawdown_deep,pump_dump_trace",6.0,5.6,False,56,50.0,False,한화갤러리아,600964791000,6010억,112억
010770,5120.0,0.02400000000000002,3.920904599225497,2499194880.0,B3,B4,A1,bounce_ma50,pullback_ma10,normal,0.0,0.0,0.376,0.408,-0.05,watch,"drawdown_deep,distribution_suspect",6.0,5.6,False,26,23.2,False,평화홀딩스,75613659220,756억,25.0억
090355,12550.0,-0.0015910898965791898,0.2580426109837875,3815200.0,B2,B3,B2,pullback_ma20,pullback_ma10,normal,0.0,0.0,-0.026,-0.019,-0.19,watch,"drawdown_deep,accumulation_suspect",6.0,5.6,True,-19,-17.0,True,노루페인트우,5812231300,58억,0.04억
004540,1810.0,-0.011469142545057376,0.34870870022547873,67474990.0,B2,B3,B2,pullback_ma20,pullback_ma10,normal,0.0,0.0,-0.128,-0.026,-0.247,skip,"drawdown_deep,zombie",6.0,5.6,True,-24,-21.4,True,깨끗한나라,67442895023,674억,0.67억
00806K,13670.0,0.023203592814371232,0.7229820401749396,213210990.0,A2,A2,A2,riding,pullback_ma10,normal,0.0,0.0,0.43,0.519,-0.041,watch,distribution_suspect,6.0,5.6,False,68,60.7,False,대덕1우,16609290900,166억,2.1억
002960,526000.0,0.011538461538461497,0.25902561374173444,448152000.0,A2,A2,A2,riding,riding,normal,0.0,0.0,0.097,0.219,-0.129,watch,parabolic,6.0,5.6,False,69,61.6,False,한국쉘석유,679900000000,6799억,4.5억
007810,112100.0,0.1132075471698113,1.0012842606396433,38093149400.0,A2,A2,A2,pullback_ma10,bounce_ma20,normal,0.0,0.0,0.376,1.403,-0.025,watch,parabolic,6.0,5.6,False,79,70.5,False,코리아써키트,2769992610000,2.77조,381억
229640,82000.0,-0.026128266033254133,0.21911209367901396,9460340000.0,A3,A4,A4,breaking,pullback_ma20,distribution_suspect,0.0,0.0,0.87,1.326,-0.253,skip,"parabolic,drawdown_deep,distribution_suspect",6.0,5.6,False,29,25.9,False,LS에코에너지,2498990126400,2.50조,94.6억
033270,19250.0,-0.011299435028248594,2.0195504222044742,1139022500.0,B2,B3,B3,riding,riding,dry,0.0,0.0,-0.034,0.034,-0.117,skip,drawdown_deep,5.0,4.6,True,1,0.9,False,유나이티드제약,305327772250,3053억,11.4억
000545,6620.0,-0.010463378176382654,0.24703916297318898,5627000.0,B2,B2,B3,pullback_ma10,pullback_ma10,pump_dump_trace,0.0,0.3,-0.048,-0.089,-0.325,skip,"drawdown_deep,zombie,pump_dump_trace,accumulation_suspect",5.0,4.6,True,-16,-14.3,False,흥국화재우,5068800000,51억,0.06억
036530,54900.0,0.009191176470588314,0.33055362714019254,325447200.0,A5,B2,B2,breaking,breaking,normal,0.0,0.3,-0.079,0.032,-0.383,skip,"drawdown_deep,distribution_suspect",5.0,4.6,False,-7,-6.2,True,SNT홀딩스,898344118600,8983억,3.3억
001465,30450.0,-0.008143322475570036,0.14273269449842527,6485850.0,B2,B3,B2,pullback_ma20,breaking,normal,0.0,0.0,-0.006,0.31,-0.125,skip,"drawdown_deep,pump_dump_trace",5.0,4.6,True,-6,-5.4,True,BYC우,65369347500,654억,0.06억
006570,1909.0,-0.01394628099173556,1.0070196772053948,34780071.0,B2,B2,B3,pullback_ma10,riding,normal,0.0,0.6,-0.055,-0.153,-0.384,watch,"drawdown_deep,accumulation_suspect",5.0,4.6,True,-17,-15.2,False,대림통상,29171100000,292억,0.35억
009410,1780.0,-0.005586592178770999,0.395033562131876,544783240.0,B2,B3,B2,pullback_ma20,breaking,normal,0.0,0.0,-0.144,0.101,-0.224,skip,drawdown_deep,5.0,4.6,True,-14,-12.5,True,태영건설,530305518996,5303억,5.4억
352820,233000.0,-0.008510638297872353,0.3203543461793909,20476739000.0,B3,B2,B2,breaking,riding,normal,0.0,0.0,-0.088,-0.296,-0.425,skip,drawdown_deep,5.0,4.6,False,-7,-6.2,True,하이브,10172130764000,10.17조,205억
023000,2285.0,-0.004357298474945481,0.07619925408325116,9747810.0,B2,B3,B3,riding,riding,dry,0.0,0.0,0.0,-0.048,-0.116,watch,drawdown_deep,5.0,4.6,True,-10,-8.9,False,삼원강재,91401898800,914억,0.10억
006800,67400.0,-0.001481481481481528,0.3168320854503423,93447741000.0,A2,A3,B2,pullback_ma10,breaking,distribution_suspect,0.0,0.0,-0.004,1.498,-0.232,skip,"parabolic,distribution_suspect",5.0,4.6,False,22,19.6,True,미래에셋증권,37770764400000,37.77조,934억
092200,8940.0,-0.01866081229418226,0.820757425349998,10099518000.0,A3,A5,B2,breaking,breaking,distribution_suspect,0.0,0.0,0.132,-0.266,-0.41,skip,"drawdown_deep,distribution_suspect",5.0,4.6,False,-7,-6.2,True,디아이씨,343774949960,3438억,101억
008490,23000.0,-0.03765690376569042,0.49951389767882776,639906000.0,B2,B4,A1,bounce_ma50,riding,accumulation_suspect,0.0,0.0,0.291,0.111,-0.294,watch,"drawdown_deep,accumulation_suspect",5.0,4.6,False,9,8.0,False,서흥,267824965950,2678억,6.4억
004800,221500.0,0.002262443438914019,0.14211368425880497,3294369500.0,A2,A2,A4,pullback_ma10,pullback_ma50,distribution_suspect,0.0,0.0,0.481,0.838,-0.303,watch,"drawdown_deep,parabolic",4.0,3.7,False,41,36.6,False,효성,3691259743500,3.69조,32.9억
000087,13670.0,-0.0029175784099197966,0.9228630188569938,21776310.0,B2,B2,B2,breaking,pullback_ma10,normal,0.0,0.6,-0.026,-0.077,-0.157,skip,,4.0,3.7,True,-3,-2.7,True,하이트진로2우B,15460287840,155억,0.22억
019490,541.0,0.0,,0.0,C1,C1,C1,breaking,breaking,pump_dump_trace,0.0,0.0,0.0,0.0,-0.4,reject,"drawdown_deep,pump_dump_trace,zombie",4.0,3.7,True,6,5.4,True,엑시큐어하이트론,41349858070,413억,0.00억
004410,1197.0,-0.08135072908672292,0.5493680678279358,1119275199.0,B3,B3,B2,pullback_ma10,riding,pump_dump_trace,0.0,0.0,6.0,7.143,-0.259,reject,"drawdown_deep,zombie,pump_dump_trace",4.0,3.7,True,17,15.2,True,서울식품,47267105574,473억,11.2억
143210,1199.0,0.0,,0.0,B2,B3,C1,pullback_ma10,riding,normal,0.0,0.0,0.0,0.034,-0.339,reject,"drawdown_deep,zombie",4.0,3.7,True,-4,-3.6,True,핸즈코퍼레이션,26229020653,262억,0.00억
284740,22850.0,-0.021413276231263434,0.9059949518891978,403942300.0,B2,B2,B3,riding,pullback_ma10,normal,0.0,0.6,-0.026,-0.002,-0.236,skip,drawdown_deep,4.0,3.7,True,-12,-10.7,False,쿠쿠홈시스,510449257500,5104억,4.0억
011155,13090.0,0.007698229407236301,0.02502844141069397,143990.0,B2,B2,B3,pullback_ma10,pullback_ma10,normal,0.0,0.0,0.007,-0.154,-0.304,skip,drawdown_deep,4.0,3.7,True,-13,-11.6,False,CJ씨푸드1우,2556000000,26억,0.00억
005930,300500.0,0.027350427350427253,0.37632749478510014,3287654807500.0,A2,A2,A2,pullback_ma10,pullback_ma10,normal,0.0,0.0,0.473,1.162,-0.005,watch,parabolic,4.0,3.7,False,79,70.5,False,삼성전자,1759729861008000,1759.73조,3.29조
005800,14200.0,-0.015256588072122046,1.3028272266287129,129333600.0,A3,A5,B1,pullback_ma50,breaking,distribution_suspect,0.0,0.0,-0.053,-0.061,-0.367,watch,"drawdown_deep,distribution_suspect",4.0,3.7,False,-15,-13.4,True,신영와코루,126450000000,1264억,1.3억
090435,39650.0,-0.020987654320987703,0.4650260017847379,389481950.0,B2,B3,B2,riding,riding,normal,0.0,0.0,-0.133,-0.118,-0.301,skip,,3.0,2.8,True,-5,-4.5,True,아모레퍼시픽우,418617959500,4186억,3.9억
102260,4095.0,-0.019161676646706538,0.6142297750723257,448840665.0,B2,B3,B2,riding,riding,normal,0.0,0.0,-0.02,-0.007,-0.142,skip,,3.0,2.8,True,0,0.0,True,동성케미컬,208758714920,2088억,4.5억
365550,4160.0,0.00848484848484854,0.4604221540564207,821787200.0,B2,B3,B2,riding,riding,normal,0.0,0.0,-0.09,-0.062,-0.132,skip,,3.0,2.8,True,-5,-4.5,True,ESR켄달스퀘어리츠,1023730240000,1.02조,8.2억
120030,97000.0,0.034115138592750505,1.3501355681538083,212527000.0,B3,B2,B2,riding,breaking,dry,0.0,0.0,-0.018,0.007,-0.316,skip,drawdown_deep,3.0,2.8,False,0,0.0,True,조선선재,121111791300,1211억,2.1억
005740,6770.0,-0.004411764705882337,0.2441954420716527,65574220.0,B2,B3,B2,pullback_ma20,breaking,dry,0.0,0.0,0.018,0.073,-0.169,skip,drawdown_deep,3.0,2.8,True,-14,-12.5,True,크라운해태홀딩스,100516539190,1005억,0.66억
006090,8200.0,-0.0060606060606061,0.5337957376011997,37359200.0,B2,B2,B3,pullback_ma10,pullback_ma10,dry,0.0,0.0,-0.004,-0.069,-0.221,reject,"drawdown_deep,zombie",2.0,1.9,True,-16,-14.3,True,사조오양,77360687190,774억,0.37억
000660,2067000.0,0.06491499227202469,0.4838171539355884,4833514140000.0,A2,A2,A3,acceleration,pullback_ma10,normal,0.0,0.0,1.071,1.778,-0.01,watch,parabolic,2.0,1.9,False,82,73.2,False,SK하이닉스,1481708216835000,1481.71조,4.83조
185750,79600.0,-0.0050000000000000044,0.4438007438633101,968334000.0,B2,B3,B2,pullback_ma50,breaking,normal,0.0,0.0,-0.089,-0.035,-0.255,skip,drawdown_deep,2.0,1.9,True,-24,-21.4,True,종근당,1102842122000,1.10조,9.7억
001525,4815.0,0.020127118644067687,1.5441030285625925,33656850.0,B2,B2,B4,pullback_ma20,bounce_ma10,pump_dump_trace,0.0,0.3,0.097,-0.098,-0.582,watch,"drawdown_deep,pump_dump_trace",2.0,1.9,True,-9,-8.0,False,동양우,2962020145,30억,0.34억
450080,68700.0,0.0029197080291971655,0.3267041689891073,27396048600.0,B2,B3,B2,pullback_ma50,breaking,normal,0.0,0.0,-0.077,0.334,-0.226,skip,drawdown_deep,2.0,1.9,True,-14,-12.5,True,에코프로머티,4850404640200,4.85조,274억
034730,654000.0,0.01869158878504673,0.5344111979066768,90653556000.0,A2,A2,A2,pullback_ma10,pullback_ma10,normal,0.0,0.0,0.926,1.303,-0.031,watch,parabolic,2.0,1.9,False,79,70.5,False,SK,47271762356000,47.27조,907억
001420,2945.0,-0.008417508417508435,0.6556235343900418,21901965.0,B2,B2,B4,riding,pullback_ma50,normal,0.0,0.3,0.002,-0.078,-0.235,skip,drawdown_deep,2.0,1.9,True,-13,-11.6,False,태원물산,22230000000,222억,0.22억
008700,1252.0,-0.030209140201394313,0.47597619840458916,352997644.0,B2,B3,B2,pullback_ma50,breaking,normal,0.0,0.0,-0.146,-0.135,-0.354,skip,drawdown_deep,2.0,1.9,True,-24,-21.4,True,아남전자,96637399460,966억,3.5억
402340,1198000.0,0.010970464135021007,0.4390390576494257,458304484000.0,A2,A2,A2,pullback_ma10,pullback_ma20,normal,0.0,0.0,1.139,1.783,-0.035,watch,parabolic,2.0,1.9,False,77,68.8,False,SK스퀘어,157954188042000,157.95조,4583억
000370,7040.0,-0.020862308762169657,0.46198828456010027,3943512320.0,A2,A2,A2,pullback_ma10,pullback_ma10,distribution_suspect,0.0,0.0,0.105,0.338,-0.348,watch,"drawdown_deep,distribution_suspect",2.0,1.9,False,28,25.0,False,한화손해보험,837018020550,8370억,39.4억
006110,91600.0,-0.049792531120331995,0.3572632692197425,12841495600.0,B3,B3,A2,pullback_ma10,pullback_ma10,normal,0.0,0.0,0.869,2.965,-0.124,watch,"parabolic,drawdown_deep,accumulation_suspect",1.0,0.9,False,42,37.5,False,삼아알미늄,1368672677500,1.37조,128억
004150,4240.0,0.029126213592232997,0.8962254515730356,4353131680.0,A1,A2,A2,pullback_ma10,pullback_ma10,distribution_suspect,0.0,0.0,0.305,0.447,-0.097,watch,distribution_suspect,1.0,0.9,False,47,42.0,False,한솔홀딩스,170260473000,1703억,43.5억
011700,3725.0,-0.010624169986719778,0.1343075368664313,733284875.0,B3,B2,B2,riding,riding,normal,0.0,0.0,-0.132,0.229,-0.37,skip,drawdown_deep,1.0,0.9,False,-2,-1.8,True,한신기계,119726297190,1197억,7.3억
000490,9240.0,-0.021186440677966156,0.4313329770933772,1687482720.0,B2,B3,B2,pullback_ma10,riding,normal,0.0,0.0,-0.058,-0.031,-0.323,skip,drawdown_deep,1.0,0.9,True,-21,-18.8,True,대동,267801575850,2678억,16.9억
123890,2390.0,-0.01848049281314168,0.43812597049033175,270987760.0,B2,B3,B2,pullback_ma10,riding,normal,0.0,0.0,-0.081,-0.008,-0.311,skip,"drawdown_deep,zombie",1.0,0.9,True,-21,-18.8,True,한국자산신탁,291861813510,2919억,2.7억
016590,10570.0,-0.016744186046511622,0.5037825140764793,154152880.0,A1,B2,B2,riding,riding,normal,0.0,0.0,-0.134,-0.151,-0.418,skip,drawdown_deep,1.0,0.9,False,-7,-6.2,True,신대양제지,426350935600,4264억,1.5억
111380,13530.0,-0.020275162925416312,0.6542909437969203,107130540.0,B2,B2,B3,riding,pullback_ma10,normal,0.0,0.3,-0.037,0.006,-0.225,watch,"drawdown_deep,low_history",1.0,0.9,True,-7,-6.2,False,동인기연,82850560000,829억,1.1억
302440,42700.0,0.022754491017964007,0.6566364257138643,3906921900.0,B2,B2,B3,breaking,pullback_ma10,dry,0.0,0.0,0.013,-0.111,-0.303,skip,"drawdown_deep,zombie",0.0,0.0,True,-13,-11.6,False,SK바이오사이언스,3350094813100,3.35조,39.1억
078000,14710.0,0.0,0.24568103291507548,39746420.0,A3,A4,B2,breaking,breaking,distribution_suspect,0.0,0.0,-0.113,-0.045,-0.464,skip,"drawdown_deep,zombie,distribution_suspect,parabolic",0.0,0.0,False,-11,-9.8,True,텔코웨어,135967733055,1360억,0.40억
000480,4825.0,-0.008221993833504637,0.5695836958226964,77079375.0,B2,B2,B3,breaking,pullback_ma10,pump_dump_trace,0.0,0.0,-0.024,0.028,-0.141,reject,"drawdown_deep,pump_dump_trace",0.0,0.0,True,-8,-7.1,True,CR홀딩스,226949971600,2269억,0.77억
001755,24400.0,-0.004081632653061273,0.2591710853803701,23375200.0,A3,A4,B1,breaking,breaking,distribution_suspect,0.0,0.0,-0.02,0.313,-0.218,skip,"drawdown_deep,parabolic,distribution_suspect",0.0,0.0,False,-1,-0.9,True,한양증권우,12757500000,128억,0.23억
00499K,27150.0,-0.010928961748633892,0.13507697401092533,5538600.0,B2,B3,B2,riding,pullback_ma10,normal,0.0,0.0,-0.067,0.023,-0.218,skip,drawdown_deep,0.0,0.0,True,-16,-14.3,True,롯데지주우,21872121450,219억,0.06억
00680K,17720.0,-0.010608598548296988,0.2635406049581015,3338288520.0,A3,A4,B1,breaking,breaking,distribution_suspect,0.0,0.0,-0.11,0.512,-0.269,skip,"parabolic,drawdown_deep,distribution_suspect",0.0,0.0,False,-3,-2.7,True,미래에셋증권2우B,2414685000000,2.41조,33.4억
008870,44400.0,-0.0022471910112359383,0.5782586101006284,27172800.0,B2,B2,B3,breaking,pullback_ma10,dry,0.0,0.0,-0.015,-0.109,-0.291,skip,drawdown_deep,0.0,0.0,True,-13,-11.6,False,금비,44500000000,445억,0.27억
001510,3910.0,0.01558441558441559,0.22905621680705146,26891928210.0,A1,A2,B2,pullback_ma10,breaking,pump_dump_trace,0.0,0.0,0.048,2.029,-0.368,watch,"parabolic,drawdown_deep,pump_dump_trace",0.0,0.0,False,31,27.7,True,SK증권,903207306925,9032억,269억
073240,4940.0,-0.007035175879396949,0.29394167057104564,1365989040.0,B3,B2,B2,breaking,breaking,normal,0.0,0.0,-0.206,-0.123,-0.354,skip,drawdown_deep,-1.0,-0.9,False,-5,-4.5,True,금호타이어,1414756913475,1.41조,13.7억
000500,400000.0,-0.033816425120772986,0.21996947364169692,20369600000.0,A2,A2,A3,acceleration,pullback_ma20,normal,0.0,0.0,2.861,3.396,-0.37,watch,"parabolic,drawdown_deep",-1.0,-0.9,False,65,58.0,False,가온전선,6567616655000,6.57조,204억
001620,2685.0,-0.03417266187050361,0.5994051948213409,90616065.0,A2,A2,A3,acceleration,acceleration,pump_dump_trace,0.0,0.0,3.269,4.513,-0.154,reject,"parabolic,pump_dump_trace",-1.0,-0.9,True,84,75.0,True,케이비아이동국실업,59986943170,600억,0.91억
004105,4100.0,0.0073710073710073765,1.3440902165476403,402566700.0,B2,B4,B1,bounce_ma50,breaking,normal,0.0,0.0,0.083,0.228,-0.162,watch,drawdown_deep,-1.0,-0.9,False,-15,-13.4,True,태양금속우,13299000000,133억,4.0억
066575,83200.0,-0.0012004801920768582,0.39065939571102404,16009094400.0,A1,A2,A3,acceleration,pullback_ma20,distribution_suspect,0.0,0.0,0.603,0.795,-0.116,watch,distribution_suspect,-1.0,-0.9,False,51,45.5,False,LG전자우,1439792856200,1.44조,160억
017180,1573.0,-0.015028177833437684,0.6358233391626649,98167784.0,B2,B3,B2,riding,breaking,normal,0.0,0.0,-0.118,-0.118,-0.234,skip,drawdown_deep,-1.0,-0.9,True,-18,-16.1,True,명문제약,52831574424,528억,0.98억
003120,20150.0,0.004987531172069737,0.7189586565050247,75179650.0,B3,B2,B2,riding,riding,dry,0.0,0.0,-0.116,0.009,-0.312,skip,drawdown_deep,-1.0,-0.9,False,-7,-6.2,True,일성아이에스,266665000000,2667억,0.75억
007700,17940.0,-0.023407729994556314,0.4604205480008589,142318020.0,B3,B2,B2,riding,riding,dry,0.0,0.0,-0.005,-0.031,-0.232,skip,drawdown_deep,-1.0,-0.9,False,-7,-6.2,True,F&F홀딩스,702102887650,7021억,1.4억
003075,14460.0,-0.020325203252032575,0.12009959478592003,8892900.0,B2,B3,B1,riding,breaking,normal,0.0,0.0,-0.103,-0.022,-0.173,skip,"drawdown_deep,pump_dump_trace",-1.0,-0.9,True,-23,-20.5,True,코오롱글로벌우,10822167570,108억,0.09억
0126Z0,500000.0,0.0,0.29362280118276385,7879500000.0,,B2,B2,riding,riding,dry,0.0,0.0,-0.033,-0.273,-0.353,skip,"drawdown_deep,low_history",-1.0,-0.9,False,-7,-6.2,True,삼성에피스홀딩스,12416641451000,12.42조,78.8억
005430,75600.0,-0.0026385224274406704,0.5067549629491185,901908000.0,A2,A2,A2,acceleration,acceleration,accumulation_suspect,0.0,0.0,0.312,0.235,-0.039,watch,parabolic,-1.0,-0.9,False,84,75.0,False,한국공항,244442606000,2444억,9.0억
013570,4500.0,-0.013157894736842146,0.33656702674447375,203544000.0,B2,B3,B1,riding,breaking,normal,0.0,0.0,-0.085,-0.1,-0.202,skip,drawdown_deep,-1.0,-0.9,True,-23,-20.5,True,디와이,117385563180,1174억,2.0억
004840,4810.0,-0.023350253807106647,0.27151081466055904,56065360.0,B2,B3,B2,riding,breaking,normal,0.0,0.0,-0.073,-0.024,-0.257,skip,drawdown_deep,-1.0,-0.9,True,-18,-16.1,True,DRB동일,92507347200,925억,0.56억
017900,13160.0,0.0022848438690021844,0.381183827391189,44265199720.0,C1,C1,A3,acceleration,pullback_ma10,pump_dump_trace,0.0,0.0,0.25,6.183,-0.414,reject,"parabolic,drawdown_deep,pump_dump_trace",-1.0,-0.9,True,20,17.9,True,광전자,765437109230,7654억,443억
004990,26900.0,-0.009208103130755041,0.3477835964619627,2954184900.0,B2,B3,B2,riding,breaking,normal,0.0,0.0,-0.043,0.065,-0.321,skip,drawdown_deep,-1.0,-0.9,True,-8,-7.1,True,롯데지주,2670989196800,2.67조,29.5억
010660,4570.0,0.06279069767441858,0.491366440868102,1301124700.0,B4,B2,B2,breaking,breaking,normal,0.0,0.0,-0.146,0.059,-0.324,skip,"drawdown_deep,distribution_suspect",-1.0,-0.9,False,-12,-10.7,True,화천기계,100540000000,1005억,13.0억
317450,50300.0,-0.023300970873786353,0.5905420677823014,654453300.0,,B2,B2,breaking,breaking,normal,0.0,0.0,-0.121,-0.185,-0.626,skip,"drawdown_deep,low_history",-1.0,-0.9,False,-5,-4.5,True,명인제약,732920000000,7329억,6.5억
100090,19030.0,0.00901378579003187,0.3387539523677064,4825037470.0,B3,B2,B2,breaking,breaking,normal,0.0,0.0,-0.258,-0.107,-0.398,skip,drawdown_deep,-1.0,-0.9,False,-5,-4.5,True,SK오션플랜트,1179587075520,1.18조,48.3억
001527,7790.0,0.0038659793814432852,0.04712593786817139,592040.0,B2,B2,B4,pullback_ma10,bounce_ma20,normal,0.0,0.0,0.141,-0.126,-0.528,watch,drawdown_deep,-1.0,-0.9,True,-20,-17.9,False,동양2우B,2369809920,24억,0.01억
051900,258000.0,-0.017142857142857126,0.3015014925632277,6272238000.0,B2,B2,B4,riding,pullback_ma50,normal,0.0,0.0,0.028,-0.015,-0.212,skip,drawdown_deep,-1.0,-0.9,True,-13,-11.6,False,LG생활건강,3960436858000,3.96조,62.7억
103140,88100.0,0.001136363636363713,0.4376071039988716,6778502100.0,A5,B2,B2,breaking,breaking,normal,0.0,0.0,-0.143,-0.271,-0.488,skip,"parabolic,drawdown_deep",-1.0,-0.9,False,0,0.0,True,풍산,2471741319600,2.47조,67.8억
0030R0,4245.0,0.011918951132300348,0.10923420263980106,45451215.0,B2,B2,B2,breaking,breaking,dry,0.3,0.0,-0.014,-0.05,-0.127,skip,low_history,-1.4,-1.3,True,-3,-2.7,True,대신밸류리츠,251374900000,2514억,0.45억
029530,42450.0,-0.019630484988452657,0.7482871785158826,436046400.0,A4,B1,B2,breaking,breaking,distribution_suspect,0.0,0.6,-0.159,-0.086,-0.42,skip,"drawdown_deep,distribution_suspect",-2.0,-1.9,False,-27,-24.1,True,신도리코,413404268950,4134억,4.4억
900140,1502.0,-0.037796284433055716,0.6988331655727898,932474644.0,B2,B3,B2,riding,pullback_ma50,normal,0.0,0.0,-0.065,0.05,-0.262,skip,drawdown_deep,-2.0,-1.9,True,-20,-17.9,True,엘브이엠씨홀딩스,289087686272,2891억,9.3억
037560,2185.0,-0.017977528089887618,0.4361796188740187,196016350.0,B2,B2,B3,riding,pullback_ma10,normal,0.0,0.0,-0.05,-0.007,-0.32,skip,"drawdown_deep,zombie",-2.0,-1.9,True,-12,-10.7,False,LG헬로비전,169995868675,1700억,2.0억
002030,221500.0,-0.019911504424778736,0.22368692070030896,120274500.0,A3,B1,B2,breaking,riding,distribution_suspect,0.0,0.0,-0.178,-0.305,-0.449,watch,"drawdown_deep,accumulation_suspect",-2.0,-1.9,False,-17,-15.2,True,아세아,456035718000,4560억,1.2억
035000,7300.0,-0.025367156208277675,0.3395665281512263,146029200.0,A5,B2,B2,riding,riding,distribution_suspect,0.0,0.6,-0.114,-0.136,-0.23,watch,distribution_suspect,-2.0,-1.9,False,-16,-14.3,True,HS애드,118639954080,1186억,1.5억
003680,4920.0,-0.008064516129032251,0.1940460131816604,22966560.0,B2,B2,B3,riding,pullback_ma10,normal,0.0,0.0,-0.03,-0.073,-0.364,watch,"drawdown_deep,accumulation_suspect",-2.0,-1.9,True,-12,-10.7,False,한성기업,30737099250,307억,0.23억
016450,4335.0,-0.004592422502870286,0.24990931050676443,38525145.0,B2,B3,B2,pullback_ma50,riding,normal,0.0,0.0,0.008,0.088,-0.14,skip,drawdown_deep,-2.0,-1.9,True,-16,-14.3,True,한세예스24홀딩스,172600000000,1726억,0.39억
298690,1909.0,-0.01139306059036771,0.44600813799735006,190018042.0,B2,B3,B3,riding,pullback_ma50,normal,0.0,0.0,-0.128,0.091,-0.148,skip,"drawdown_deep,distribution_suspect",-2.0,-1.9,True,-24,-21.4,False,에어부산,223132320000,2231억,1.9억
004545,9980.0,-0.006965174129353269,0.10577554698421787,3133720.0,B2,B2,B3,riding,pullback_ma10,normal,0.0,0.0,-0.04,-0.11,-0.217,skip,drawdown_deep,-2.0,-1.9,True,-12,-10.7,False,깨끗한나라우,3646953600,36억,0.03억
090430,118200.0,-0.015000000000000013,0.31747267248996,12631088400.0,B2,B3,B2,pullback_ma50,riding,normal,0.0,0.0,-0.084,-0.008,-0.301,skip,drawdown_deep,-2.0,-1.9,True,-26,-23.2,True,아모레퍼시픽,6966487596900,6.97조,126억
004270,7100.0,-0.006993006993006978,0.3265003105919428,15300500.0,B2,B2,B3,riding,pullback_ma10,normal,0.0,0.0,-0.041,-0.161,-0.352,skip,drawdown_deep,-2.0,-1.9,True,-12,-10.7,False,남성,25710633600,257억,0.15억
350520,3475.0,-0.009971509971509973,0.49107911773943524,134746600.0,B2,B2,B2,breaking,breaking,normal,0.0,0.0,-0.117,-0.111,-0.149,skip,,-3.0,-2.8,True,-5,-4.5,True,이지스레지던스리츠,127925720940,1279억,1.3억
030000,18810.0,-0.011560693641618491,0.46592939328964456,3627583740.0,B3,B2,B2,riding,riding,normal,0.0,0.0,-0.017,-0.073,-0.193,skip,distribution_suspect,-3.0,-2.8,False,-1,-0.9,True,제일기획,2169677503500,2.17조,36.3억
101530,6410.0,-0.012326656394452962,0.3062850550594716,148397910.0,B2,B2,B3,riding,riding,normal,0.3,0.0,-0.006,-0.048,-0.133,watch,drawdown_deep,-3.4,-3.1,True,-11,-9.8,False,해태제과식품,186638829020,1866억,1.5억
000080,16530.0,-0.023626698168930926,0.5904585564757516,1532909550.0,B2,B2,B3,riding,riding,normal,0.0,0.3,-0.024,-0.062,-0.19,watch,"drawdown_deep,accumulation_suspect",-4.0,-3.7,True,-11,-9.8,False,하이트진로,1163516606490,1.16조,15.3억
020760,902.0,0.0,,0.0,C1,C1,C1,riding,riding,dry,0.0,0.0,0.0,0.0,-0.299,reject,"drawdown_deep,zombie",-4.0,-3.7,True,2,1.8,True,일진디스플,50984432422,510억,0.00억
004170,531000.0,-0.00747663551401867,0.4415587425756917,20231631000.0,A2,A2,A2,riding,pullback_ma10,normal,0.0,0.0,0.532,1.038,-0.114,pass,parabolic,-4.0,-3.7,False,80,71.4,False,신세계,5024836292000,5.02조,202억
058730,2940.0,-0.03289473684210531,0.305989144608895,152186160.0,B2,A5,B2,pullback_ma10,breaking,normal,0.0,0.0,-0.235,-0.13,-0.421,skip,drawdown_deep,-4.0,-3.7,False,2,1.8,True,다스코,58548028635,585억,1.5억
0120G0,65100.0,0.030063291139240444,0.5636067804483357,1453357500.0,,B2,B2,breaking,riding,normal,0.0,0.0,-0.134,0.24,-0.569,skip,"drawdown_deep,low_history",-5.0,-4.6,False,0,0.0,True,삼양바이오팜,495972529000,4960억,14.5억
003030,177400.0,0.0398593200468933,0.40217591718031176,3153639800.0,A3,A5,B2,breaking,breaking,distribution_suspect,0.0,0.0,-0.256,0.539,-0.318,skip,"drawdown_deep,distribution_suspect",-5.0,-4.6,False,11,9.8,True,세아제강지주,748811585600,7488억,31.5억
071320,71900.0,-0.01641586867305067,0.47317491453484556,751858300.0,A4,B1,B2,breaking,riding,normal,0.0,0.0,-0.031,-0.257,-0.384,skip,"parabolic,drawdown_deep",-5.0,-4.6,False,3,2.7,True,지역난방공사,837143191200,8371억,7.5억
002720,4000.0,-0.018404907975460127,0.2919767391748607,168020000.0,B2,B2,A5,riding,breaking,dry,0.0,0.0,-0.172,-0.035,-0.269,reject,"drawdown_deep,zombie",-5.0,-4.6,True,0,0.0,True,국제약품,84216131360,842억,1.7억
000225,4230.0,-0.00936768149882905,0.17118273174799678,11201040.0,B2,B2,B2,pullback_ma10,breaking,normal,0.0,0.3,-0.012,-0.139,-0.258,skip,drawdown_deep,-6.0,-5.6,True,-18,-16.1,True,유유제약1우,9577779250,96억,0.11억
085620,15370.0,0.01051939513477973,0.3201905966439696,836589100.0,A2,A2,B3,pullback_ma10,pullback_ma10,distribution_suspect,0.0,0.0,-0.046,0.678,-0.265,watch,"parabolic,drawdown_deep,distribution_suspect",-6.0,-5.6,False,14,12.5,False,미래에셋생명,2089882800000,2.09조,8.4억
334890,3985.0,0.0,0.2989581361961082,279814745.0,B2,B2,B2,riding,pullback_ma10,normal,0.0,0.0,-0.062,-0.053,-0.134,skip,,-6.0,-5.6,True,-10,-8.9,True,이지스밸류플러스리츠,276405758340,2764억,2.8억
003960,29300.0,-0.023333333333333317,0.6395623830382298,182246000.0,A5,B2,B2,riding,riding,normal,0.0,0.0,-0.087,-0.188,-0.352,skip,"drawdown_deep,distribution_suspect",-6.0,-5.6,False,-16,-14.3,True,사조대림,268518883100,2685억,1.8억
016090,1655.0,-0.018968583283936025,0.3246594330962448,166640295.0,B2,B3,B3,pullback_ma20,pullback_ma50,distribution_suspect,0.0,0.0,-0.034,0.009,-0.145,skip,"drawdown_deep,distribution_suspect",-6.0,-5.6,True,-37,-33.0,False,대현,73110093810,731억,1.7억
004720,3625.0,-0.014945652173913082,0.3044187011945918,123340625.0,B2,B2,B3,riding,pullback_ma50,dry,0.0,0.0,-0.007,-0.143,-0.34,skip,drawdown_deep,-6.0,-5.6,True,-19,-17.0,False,팜젠사이언스,79475297240,795억,1.2억
008060,22200.0,-0.008928571428571397,0.41622685072622356,1719700800.0,A2,A2,A2,acceleration,pullback_ma10,normal,0.0,0.0,0.726,1.325,-0.059,watch,parabolic,-6.0,-5.6,False,84,75.0,False,대덕,714910189300,7149억,17.2억
017390,60000.0,-0.00990099009900991,0.19445049982871912,93660000.0,B2,B2,B3,riding,riding,pump_dump_trace,0.0,0.3,-0.029,-0.011,-0.287,reject,"drawdown_deep,zombie,pump_dump_trace",-6.0,-5.6,True,-14,-12.5,True,서울가스,297000000000,2970억,0.94억
011070,1045000.0,0.2094907407407407,1.4094098413789762,475770735000.0,A2,A2,A2,acceleration,pullback_ma10,normal,0.0,0.0,2.064,2.996,-0.063,watch,parabolic,-6.0,-5.6,False,84,75.0,False,LG이노텍,24992464992000,24.99조,4758억
03473K,420000.0,0.0,0.21436275390976092,601020000.0,A2,A2,A2,acceleration,pullback_ma10,normal,0.0,0.0,0.65,1.049,-0.042,watch,parabolic,-6.0,-5.6,False,84,75.0,False,SK우,239758172500,2398억,6.0억
020560,7640.0,0.024128686327077764,0.4816444237543818,933523960.0,B2,B2,B4,riding,bounce_ma50,normal,0.0,0.0,0.073,0.001,-0.212,skip,drawdown_deep,-7.0,-6.5,True,-9,-8.0,False,아시아나항공,1569649217820,1.57조,9.3억
088260,4265.0,-0.024027459954233388,0.8181371398392113,380557420.0,B2,B3,B1,pullback_ma50,breaking,normal,0.0,0.3,-0.128,-0.077,-0.201,skip,"drawdown_deep,distribution_suspect",-7.0,-6.5,True,-41,-36.6,True,이리츠코크렙,268885049550,2689억,3.8억
006200,3175.0,-0.01244167962674958,0.11849758024085713,115344575.0,A2,A2,A3,acceleration,pullback_ma10,pump_dump_trace,0.0,0.0,2.984,3.953,-0.207,watch,"parabolic,pump_dump_trace,distribution_suspect",-7.0,-6.5,False,67,59.8,False,한국전자홀딩스,29579581320,296억,1.2억
011785,60900.0,0.026981450252951067,0.5178318031451299,352245600.0,B2,B2,B3,riding,riding,normal,0.0,0.0,0.039,0.012,-0.177,skip,drawdown_deep,-7.0,-6.5,True,-6,-5.4,False,금호석유화학우,184130297400,1841억,3.5억
024720,9690.0,0.009374999999999911,0.20936858146160472,202094640.0,B2,B2,B3,riding,riding,normal,0.0,0.0,0.077,0.032,-0.371,skip,drawdown_deep,-7.0,-6.5,True,-4,-3.6,False,콜마홀딩스,331987787120,3320억,2.0억
075180,2905.0,-0.008532423208191142,0.7890126615897726,22438220.0,B2,B2,B2,breaking,pullback_ma10,normal,0.0,0.3,-0.048,-0.088,-0.204,skip,drawdown_deep,-7.0,-6.5,True,-18,-16.1,True,새론오토모티브,55776000000,558억,0.22억
066570,238000.0,0.00421940928270037,0.5804231086196993,457847264000.0,A1,A2,A2,pullback_ma10,pullback_ma10,normal,0.0,0.0,1.031,1.671,-0.107,watch,"parabolic,drawdown_deep",-7.0,-6.5,False,62,55.4,False,LG전자,39092313120000,39.09조,4578억
035510,16230.0,-0.012172854534388322,0.3751683335540304,1827822600.0,A4,B1,B2,breaking,breaking,distribution_suspect,0.0,0.0,-0.158,0.034,-0.446,skip,"drawdown_deep,distribution_suspect",-8.0,-7.4,False,-22,-19.6,True,신세계 I&C,228308097000,2283억,18.3억
285130,46400.0,0.002159827213822796,0.40663561249303076,1521177600.0,B2,B2,B2,breaking,breaking,normal,0.0,0.3,-0.164,-0.299,-0.433,skip,drawdown_deep,-8.0,-7.4,True,-20,-17.9,True,SK케미칼,800932865800,8009억,15.2억
214390,6160.0,-0.015974440894568676,0.48116153789310884,282774800.0,B2,A4,B2,breaking,breaking,distribution_suspect,0.0,0.0,-0.134,0.086,-0.338,skip,"drawdown_deep,zombie,distribution_suspect",-8.0,-7.4,False,-26,-23.2,True,경보제약,146788120400,1468억,2.8억
092220,6100.0,-0.10162002945508097,0.12245485429741855,11576708100.0,C1,C1,A3,acceleration,pullback_ma10,pump_dump_trace,0.0,0.0,3.224,7.739,-0.336,reject,"parabolic,pump_dump_trace",-8.0,-7.4,True,50,44.6,True,KEC,250150872440,2502억,116억
000325,28850.0,0.0017361111111111605,0.3130081300813008,2221450.0,B2,B2,B2,pullback_ma10,pullback_ma10,normal,0.0,0.0,-0.035,-0.007,-0.279,skip,drawdown_deep,-8.0,-7.4,True,-21,-18.8,True,노루홀딩스우,6953609450,70억,0.02억
013890,10560.0,-0.022222222222222254,0.6830295082705328,256312320.0,B2,B2,B3,breaking,pullback_ma10,normal,0.0,0.0,-0.046,-0.169,-0.523,skip,drawdown_deep,-8.0,-7.4,True,-10,-8.9,False,지누스,229563262110,2296억,2.6억
001065,25550.0,0.0019607843137254832,0.8633799362276183,4496800.0,B2,B2,B2,pullback_ma10,pullback_ma10,normal,0.0,0.0,-0.034,-0.125,-0.157,skip,drawdown_deep,-8.0,-7.4,True,-21,-18.8,True,JW중외제약우,8617165200,86억,0.04억
004710,15620.0,0.028308097432521384,0.17140167911220733,7273000020.0,A1,A2,A2,acceleration,pullback_ma10,accumulation_suspect,0.0,0.0,2.168,1.75,-0.016,watch,parabolic,-8.0,-7.4,False,83,74.1,False,한솔테크닉스,502366096830,5024억,72.7억
033250,4080.0,-0.0024449877750610804,0.473266804653573,63717360.0,B2,B2,B2,breaking,breaking,normal,0.0,0.3,-0.163,-0.193,-0.331,skip,drawdown_deep,-8.0,-7.4,True,-20,-17.9,True,체시스,26752000000,268억,0.64억
010820,11050.0,-0.03913043478260869,0.45946802851785506,9555178100.0,A4,A5,B1,breaking,breaking,distribution_suspect,0.0,0.0,0.131,1.718,-0.41,skip,"parabolic,drawdown_deep,distribution_suspect",-8.0,-7.4,False,1,0.9,True,퍼스텍,534540440480,5345억,95.6억
322000,197600.0,-0.026600985221674867,0.23670742035194928,42364056800.0,A2,A2,A5,pullback_ma10,pullback_ma50,distribution_suspect,0.0,0.0,0.203,2.666,-0.228,watch,"parabolic,drawdown_deep,distribution_suspect",-8.0,-7.4,False,32,28.6,False,HD현대에너지솔루션,2222080000000,2.22조,424억
014910,3260.0,0.003076923076922977,0.3345950552343955,6480677880.0,A1,A2,A2,acceleration,acceleration,accumulation_suspect,0.0,0.0,0.97,0.203,-0.214,watch,parabolic,-9.0,-8.3,False,82,73.2,False,성문전자,72784665810,728억,64.8억
002410,1935.0,0.0,,0.0,C1,C1,C1,riding,riding,dry,0.0,0.0,0.0,0.0,0.0,reject,"drawdown_deep,zombie",-9.0,-8.3,True,2,1.8,True,범양건영,53173451700,532억,0.00억
005030,486.0,0.0,,0.0,C1,C1,C1,riding,riding,dry,0.0,0.0,0.0,0.0,0.0,reject,"drawdown_deep,zombie",-9.0,-8.3,True,2,1.8,True,부산주공,45092532168,451억,0.00억
00781K,19290.0,0.021175224986765384,0.9944699302457111,61052850.0,A2,A2,A2,riding,pullback_ma20,normal,0.0,0.0,0.415,0.784,-0.068,watch,"parabolic,distribution_suspect",-9.0,-8.3,False,66,58.9,False,코리아써키트2우B,15203760600,152억,0.61억
005110,1254.0,0.0,,0.0,C1,C1,C1,riding,riding,dry,0.0,0.0,0.0,0.0,0.0,reject,"drawdown_deep,zombie",-9.0,-8.3,True,2,1.8,True,한창,26467434378,265억,0.00억
000300,4200.0,0.0,,0.0,C1,C1,C1,riding,riding,dry,0.0,0.0,0.0,0.0,0.0,reject,"drawdown_deep,zombie",-9.0,-8.3,True,2,1.8,True,DH오토넥스,174035631000,1740억,0.00억
001470,347.0,0.0,,0.0,C1,C1,C1,riding,riding,dry,0.0,0.0,0.0,0.0,0.0,reject,"zombie,drawdown_deep",-9.0,-8.3,True,2,1.8,True,삼부토건,79699592928,797억,0.00억
019170,11050.0,0.008211678832116709,0.36601519935535143,1349392850.0,B2,B2,B3,riding,riding,pump_dump_trace,0.0,0.0,0.068,-0.155,-0.305,skip,"drawdown_deep,pump_dump_trace",-9.0,-8.3,True,-12,-10.7,False,신풍제약,577127927220,5771억,13.5억
006380,3660.0,0.0,,0.0,C1,C1,C1,riding,riding,dry,0.0,0.0,0.0,0.0,0.0,reject,"drawdown_deep,zombie",-9.0,-8.3,True,2,1.8,True,카프로,618539985360,6185억,0.00억
004890,37300.0,0.021917808219177992,0.3045133224578575,26110000.0,B2,B2,B3,riding,riding,dry,0.0,0.0,-0.008,-0.039,-0.17,skip,drawdown_deep,-9.0,-8.3,True,-14,-12.5,False,동일산업,90581780250,906억,0.26억
058430,6690.0,-0.013274336283185861,0.0635873016924037,2152233210.0,A3,A3,B1,pullback_ma10,breaking,distribution_suspect,0.0,0.0,0.394,0.843,-0.363,skip,"drawdown_deep,distribution_suspect,parabolic",-9.0,-8.3,False,11,9.8,True,포스코스틸리온,402000000000,4020억,21.5억
462520,14500.0,0.0027662517289073207,0.5121579510042535,81620500.0,B2,B2,B3,riding,riding,pump_dump_trace,0.0,0.0,0.004,0.058,-0.229,reject,"drawdown_deep,pump_dump_trace",-9.0,-8.3,True,-9,-8.0,True,조선내화,172966901120,1730억,0.82억
011810,3530.0,0.0,,0.0,C1,C1,C1,riding,riding,pump_dump_trace,0.0,0.0,0.0,0.0,0.0,reject,"drawdown_deep,pump_dump_trace,zombie",-9.0,-8.3,True,2,1.8,True,STX,109493282310,1095억,0.00억
004310,7360.0,-0.03916449086161877,0.5002544619365294,1788399040.0,A3,A4,B2,breaking,breaking,distribution_suspect,0.0,0.0,-0.135,-0.094,-0.539,skip,"drawdown_deep,parabolic,distribution_suspect",-10.0,-9.3,False,-11,-9.8,True,현대약품,235520000000,2355억,17.9억
006740,589.0,0.0,0.0,0.0,C1,C1,C1,breaking,riding,pump_dump_trace,0.0,0.0,0.075,-0.253,-0.501,reject,"pump_dump_trace,drawdown_deep",-10.0,-9.3,True,1,0.9,True,블루산업개발,33558621332,336억,0.00억
006345,16540.0,-0.02130177514792897,0.1131572376753516,5289161200.0,A5,A5,A5,breaking,pullback_ma20,distribution_suspect,0.0,0.0,3.422,3.679,-0.402,skip,"parabolic,drawdown_deep,distribution_suspect",-10.0,-9.3,False,32,28.6,False,대원전선우,43328436000,433억,52.9억
027970,700.0,-0.020979020979020935,1.755977858082604,171160500.0,B2,B2,B2,breaking,pullback_ma10,normal,0.0,0.0,-0.124,-0.124,-0.183,skip,drawdown_deep,-10.0,-9.3,True,-20,-17.9,True,한국제지,133485805440,1335억,1.7억
079160,4670.0,-0.01684210526315788,0.9864334388555183,2224330340.0,B2,B2,B3,pullback_ma10,pullback_ma50,normal,0.0,0.0,0.001,-0.198,-0.299,skip,"drawdown_deep,distribution_suspect",-10.0,-9.3,True,-29,-25.9,False,CJ CGV,774925561800,7749억,22.2억
009470,44100.0,0.050000000000000044,1.7328505935701604,26359407900.0,A3,B2,B2,breaking,breaking,distribution_suspect,0.0,0.0,0.202,0.492,-0.259,skip,"drawdown_deep,distribution_suspect",-10.0,-9.3,False,-4,-3.6,True,삼화전기,309196085000,3092억,264억
107590,57300.0,0.0017482517482516613,0.3618446377704211,13465500.0,B2,B2,B2,breaking,pullback_ma10,normal,0.0,0.0,-0.116,-0.134,-0.236,skip,drawdown_deep,-10.0,-9.3,True,-23,-20.5,True,미원홀딩스,133400000000,1334억,0.13억
012205,13130.0,-0.043699927166788055,0.1414743512962837,1743913470.0,A3,A2,A3,acceleration,pullback_ma10,pump_dump_trace,0.0,0.0,0.59,0.194,-0.512,skip,"drawdown_deep,pump_dump_trace,parabolic",-11.0,-10.2,False,47,42.0,False,계양전기우,15373388850,154억,17.4억
002760,1024.0,-0.007751937984496138,0.13269411550041846,125405184.0,B2,B2,B2,breaking,breaking,normal,0.0,0.0,-0.099,0.008,-0.329,skip,drawdown_deep,-11.0,-10.2,True,-15,-13.4,True,보락,60978200000,610억,1.3억
014160,994.0,-0.01388888888888884,0.5109170393687729,705542194.0,B2,B2,B2,breaking,breaking,normal,0.0,0.0,-0.151,-0.027,-0.393,skip,drawdown_deep,-11.0,-10.2,True,-20,-17.9,True,대영포장,107310603510,1073억,7.1억
000120,89600.0,0.0,0.36223844125174326,2413376000.0,B2,B2,B2,breaking,breaking,normal,0.0,0.0,-0.134,-0.042,-0.418,skip,drawdown_deep,-11.0,-10.2,True,-20,-17.9,True,CJ대한통운,2048548491200,2.05조,24.1억
005610,44100.0,-0.01342281879194629,0.42376066315423727,131770800.0,B2,B2,B2,breaking,breaking,normal,0.0,0.0,-0.111,-0.139,-0.237,skip,drawdown_deep,-11.0,-10.2,True,-20,-17.9,True,삼립,380539296900,3805억,1.3억
353200,164400.0,0.08658294778585596,0.9252606685270409,138296732400.0,A2,A2,A2,acceleration,pullback_ma10,normal,0.0,0.0,0.881,2.914,-0.028,watch,parabolic,-11.0,-10.2,False,84,75.0,False,대덕전자,8420644020000,8.42조,1383억
002390,9000.0,-0.0228013029315961,0.253925543257307,69984000.0,B2,B2,B2,breaking,breaking,normal,0.0,0.0,-0.132,-0.191,-0.331,skip,drawdown_deep,-11.0,-10.2,True,-20,-17.9,True,한독,122908349690,1229억,0.70억
003080,2405.0,-0.0041407867494823725,0.17143836241615037,12873965.0,B2,B2,B2,breaking,breaking,normal,0.0,0.0,-0.084,-0.127,-0.194,skip,drawdown_deep,-11.0,-10.2,True,-20,-17.9,True,SB성보,48148100000,481억,0.13억
126560,3025.0,-0.0032948929159802853,0.16285517632922566,63343500.0,B2,B2,B2,breaking,breaking,normal,0.0,0.0,-0.081,-0.011,-0.193,skip,drawdown_deep,-11.0,-10.2,True,-20,-17.9,True,현대퓨처넷,329241135600,3292억,0.63억
014820,23300.0,-0.014799154334038,0.2726855544021136,356513300.0,B2,B2,B2,breaking,breaking,normal,0.0,0.0,-0.057,-0.035,-0.259,skip,drawdown_deep,-11.0,-10.2,True,-20,-17.9,True,동원시스템즈,678395998800,6784억,3.6억
002350,6660.0,-0.01624815361890697,0.4540513825924472,555577200.0,B2,B2,B2,breaking,breaking,normal,0.0,0.0,-0.107,-0.081,-0.341,skip,drawdown_deep,-11.0,-10.2,True,-20,-17.9,True,넥센타이어,652421418360,6524억,5.6억
014280,5020.0,-0.013752455795677854,0.19622434674010636,469776620.0,B2,B2,B2,breaking,breaking,normal,0.0,0.0,-0.019,-0.118,-0.407,skip,drawdown_deep,-11.0,-10.2,True,-15,-13.4,True,금강공업,147526665710,1475억,4.7억
002790,24150.0,-0.022267206477732837,0.3745972048747332,1500004800.0,B2,B2,B2,breaking,breaking,normal,0.0,0.0,-0.12,-0.073,-0.328,skip,drawdown_deep,-11.0,-10.2,True,-20,-17.9,True,아모레퍼시픽홀딩스,1854110865000,1.85조,15.0억
012160,412.0,-0.01904761904761909,0.2504073247205323,23241744.0,B2,B2,B2,breaking,breaking,normal,0.0,0.0,-0.182,-0.154,-0.49,skip,drawdown_deep,-11.0,-10.2,True,-20,-17.9,True,영흥,32803477140,328억,0.23억
095720,1707.0,0.004708652148322612,0.775411719512044,74770014.0,B2,B4,A1,bounce_ma10,riding,accumulation_suspect,0.0,0.0,0.582,0.403,-0.233,watch,"parabolic,drawdown_deep",-11.0,-10.2,False,25,22.3,False,웅진씽크빅,95980946565,960억,0.75억
002840,121500.0,-0.04330708661417326,1.1164757913439813,702391500.0,B2,B2,B2,breaking,breaking,normal,0.0,0.0,-0.096,-0.176,-0.269,skip,drawdown_deep,-11.0,-10.2,True,-20,-17.9,True,미원상사,573800000000,5738억,7.0억
001210,687.0,-0.0766129032258065,1.0551760925851759,729152946.0,B2,B3,B2,riding,riding,accumulation_suspect,0.0,0.0,-0.144,0.068,-0.509,skip,drawdown_deep,-11.0,-10.2,True,-14,-12.5,True,금호전기,43316058100,433억,7.3억
002200,2645.0,0.007619047619047636,0.22474914429997248,105604270.0,B2,B2,B2,breaking,breaking,normal,0.0,0.0,-0.055,-0.154,-0.301,skip,drawdown_deep,-11.0,-10.2,True,-20,-17.9,True,한국수출포장,100700000000,1007억,1.1억
009200,1728.0,-0.012006861063464824,0.6558123654421801,399123072.0,B2,B2,B2,breaking,breaking,normal,0.0,0.0,-0.14,-0.1,-0.356,skip,drawdown_deep,-11.0,-10.2,True,-20,-17.9,True,무림페이퍼,71734450440,717억,4.0억
000100,85900.0,-0.027180067950169917,0.545001182815966,13437337000.0,B2,B2,B2,breaking,breaking,normal,0.0,0.0,-0.084,-0.242,-0.335,skip,drawdown_deep,-11.0,-10.2,True,-20,-17.9,True,유한양행,6865623206200,6.87조,134억
001260,8700.0,0.027154663518299982,0.36570778934128334,131535300.0,B2,B2,B1,breaking,breaking,normal,0.0,0.0,-0.065,0.078,-0.265,skip,drawdown_deep,-11.0,-10.2,True,-20,-17.9,True,남광토건,84658444920,847억,1.3억
024900,1986.0,-0.028850855745721327,1.022342119511179,279753918.0,B2,B2,B2,breaking,breaking,normal,0.0,0.0,-0.007,-0.083,-0.236,skip,drawdown_deep,-11.0,-10.2,True,-15,-13.4,True,디와이덕양,64576355340,646억,2.8억
003535,8030.0,0.006265664160401085,0.21286613715136543,138678100.0,B3,B2,B2,riding,riding,dry,0.0,0.0,-0.099,0.058,-0.525,skip,drawdown_deep,-11.0,-10.2,False,-7,-6.2,True,한화투자증권우,38256000000,383억,1.4억
034120,13960.0,-0.007112375533428139,0.2924361786910214,118073680.0,B2,B2,B2,breaking,breaking,normal,0.0,0.0,-0.08,-0.247,-0.403,skip,drawdown_deep,-11.0,-10.2,True,-20,-17.9,True,SBS,258975282480,2590억,1.2억
192650,5370.0,-0.05789473684210522,0.9235290365342413,1900888710.0,B2,B2,B2,breaking,breaking,normal,0.0,0.0,-0.16,-0.218,-0.411,skip,drawdown_deep,-11.0,-10.2,True,-20,-17.9,True,드림텍,370391448630,3704억,19.0억
004830,4070.0,-0.0012269938650306678,0.24698631311593197,135990910.0,B2,B2,B2,breaking,breaking,normal,0.0,0.0,-0.072,-0.115,-0.39,skip,drawdown_deep,-11.0,-10.2,True,-20,-17.9,True,덕성,63817600000,638억,1.4억
035150,11080.0,-0.04482758620689653,0.9268028250340323,465060840.0,B2,B2,B2,breaking,breaking,normal,0.0,0.0,-0.128,-0.126,-0.276,skip,drawdown_deep,-11.0,-10.2,True,-20,-17.9,True,백산,222720711920,2227억,4.7억
004910,4085.0,-0.014475271411338975,0.41770463531847674,97161725.0,B2,B2,B2,breaking,breaking,normal,0.0,0.0,-0.145,-0.149,-0.366,skip,drawdown_deep,-11.0,-10.2,True,-20,-17.9,True,조광페인트,52160000000,522억,0.97억
035250,15510.0,-0.009578544061302652,0.399365840641866,4095911820.0,B2,B2,B2,breaking,breaking,normal,0.0,0.0,-0.076,-0.137,-0.208,skip,drawdown_deep,-11.0,-10.2,True,-20,-17.9,True,강원랜드,3343890015000,3.34조,41.0억
051630,1950.0,-0.032258064516129004,0.5098954556441866,197443350.0,B2,B2,B2,breaking,breaking,normal,0.0,0.0,-0.035,-0.199,-0.445,skip,drawdown_deep,-11.0,-10.2,True,-15,-13.4,True,진양화학,41509600000,415억,2.0억
381970,9800.0,-0.014084507042253502,0.46024038600967515,723181200.0,B2,B2,B2,breaking,breaking,normal,0.0,0.0,-0.025,-0.36,-0.422,skip,drawdown_deep,-11.0,-10.2,True,-15,-13.4,True,케이카,477467893440,4775억,7.2억
035420,201500.0,-0.007389162561576401,0.3536392964909829,62835357000.0,B2,B2,B2,breaking,breaking,normal,0.0,0.0,0.0,-0.207,-0.31,skip,drawdown_deep,-11.0,-10.2,True,-15,-13.4,True,NAVER,31610065864000,31.61조,628억
006890,7770.0,-0.01520912547528519,0.32026020713857745,218041740.0,B2,B2,B2,breaking,breaking,normal,0.0,0.0,-0.074,0.001,-0.333,skip,"drawdown_deep,zombie",-11.0,-10.2,True,-15,-13.4,True,태경케미컬,90132000000,901억,2.2억
017370,5080.0,-0.0078125,0.4041479092762349,128859280.0,B2,B2,B2,breaking,breaking,normal,0.0,0.0,-0.112,-0.155,-0.367,skip,drawdown_deep,-11.0,-10.2,True,-20,-17.9,True,우신시스템,92669113240,927억,1.3억
357250,2170.0,0.038277511961722466,0.39232649148587656,64655150.0,B2,B2,B2,breaking,breaking,normal,0.0,0.0,-0.094,-0.169,-0.24,skip,drawdown_deep,-11.0,-10.2,True,-20,-17.9,True,미래에셋맵스리츠,54114402325,541억,0.65억
000910,3850.0,-0.017857142857142905,0.40874638587641715,256818100.0,B2,B2,B2,breaking,breaking,normal,0.0,0.0,-0.091,-0.112,-0.374,skip,drawdown_deep,-11.0,-10.2,True,-20,-17.9,True,유니온,60495023625,605억,2.6억
016710,7900.0,-0.010025062656641603,0.6436319037215898,132664700.0,C1,B2,B2,riding,riding,pump_dump_trace,0.0,0.0,-0.061,-0.054,-0.17,reject,"drawdown_deep,pump_dump_trace,zombie",-11.0,-10.2,True,-17,-15.2,True,대성홀딩스,126463147740,1265억,1.3억
092440,2120.0,0.024154589371980784,0.4151292168781771,49514720.0,B2,B2,B2,breaking,breaking,normal,0.0,0.0,-0.036,-0.118,-0.199,skip,drawdown_deep,-11.0,-10.2,True,-15,-13.4,True,기신정기,61612000000,616억,0.50억
372910,2270.0,-0.01089324618736387,0.32396656172505406,136756150.0,B2,B2,B2,breaking,breaking,normal,0.0,0.0,-0.03,-0.232,-0.4,skip,drawdown_deep,-11.0,-10.2,True,-15,-13.4,True,한컴라이프케어,62959273650,630억,1.4억
018250,12890.0,-0.006933744221879867,0.2542890655701805,163896350.0,B2,B2,B2,breaking,breaking,normal,0.0,0.0,-0.103,0.035,-0.325,reject,"drawdown_deep,zombie",-11.0,-10.2,True,-15,-13.4,True,애경산업,339631764100,3396억,1.6억
18064K,30300.0,-0.009803921568627416,0.23930582064894862,22603800.0,B2,B2,B2,breaking,breaking,normal,0.0,0.0,-0.071,-0.253,-0.439,skip,drawdown_deep,-11.0,-10.2,True,-20,-17.9,True,한진칼우,16478716200,165억,0.23억
377190,2615.0,-0.02242990654205612,0.5227692183220126,309205445.0,B2,B2,B2,breaking,breaking,normal,0.0,0.0,-0.15,-0.242,-0.304,skip,drawdown_deep,-11.0,-10.2,True,-20,-17.9,True,디앤디플랫폼리츠,228514000000,2285억,3.1억
039130,38100.0,0.0013140604467805073,0.5898421636205573,1435989000.0,B2,B2,B2,breaking,breaking,normal,0.0,0.0,-0.071,-0.169,-0.328,skip,drawdown_deep,-11.0,-10.2,True,-20,-17.9,True,하나투어,590166409200,5902억,14.4억
003580,1866.0,0.020229633679606396,0.6708415293435137,171218562.0,B2,B2,B2,breaking,breaking,normal,0.0,0.0,-0.099,-0.189,-0.422,skip,drawdown_deep,-11.0,-10.2,True,-20,-17.9,True,HLB글로벌,94487436825,945억,1.7억
035720,41200.0,-0.015531660692950977,0.40719623174100145,32550554400.0,B2,B2,B2,breaking,breaking,normal,0.0,0.0,-0.129,-0.292,-0.409,skip,drawdown_deep,-11.0,-10.2,True,-20,-17.9,True,카카오,18285991419600,18.29조,326억
089590,5100.0,0.0019646365422396617,1.0174911754509126,1682388000.0,B2,B2,B2,breaking,breaking,normal,0.0,0.0,-0.025,-0.038,-0.281,skip,drawdown_deep,-11.0,-10.2,True,-15,-13.4,True,제주항공,409656203800,4097억,16.8억
002630,483.0,0.0,0.0,0.0,B2,B2,B2,breaking,pullback_ma10,pump_dump_trace,0.0,0.0,-0.117,-0.188,-0.408,reject,"drawdown_deep,pump_dump_trace",-12.0,-11.1,True,-26,-23.2,True,오리엔트바이오,57275591415,573억,0.00억
005950,16600.0,0.022167487684729092,0.4972703810391564,22226204800.0,B4,A1,A1,acceleration,acceleration,accumulation_suspect,0.0,0.0,1.08,1.067,-0.075,watch,"parabolic,drawdown_deep,accumulation_suspect",-12.0,-11.1,False,57,50.9,False,이수화학,436746147090,4367억,222억
071950,1842.0,0.0672074159907301,0.568724415099346,201746892.0,B2,B2,B3,riding,pullback_ma20,normal,0.0,0.0,0.263,-0.388,-0.874,skip,drawdown_deep,-12.0,-11.1,True,-21,-18.8,False,코아스,24046246350,240억,2.0억
004450,27050.0,0.0018518518518517713,0.4749714036712239,11793800.0,B2,B2,B2,breaking,pullback_ma10,dry,0.0,0.0,-0.022,-0.066,-0.294,skip,"drawdown_deep,zombie",-12.0,-11.1,True,-21,-18.8,True,삼화왕관,58275951950,583억,0.12억
070960,2755.0,-0.029929577464788748,0.6252400002247807,137937340.0,B2,B2,B2,breaking,pullback_ma10,dry,0.0,0.0,-0.097,-0.135,-0.41,skip,drawdown_deep,-12.0,-11.1,True,-26,-23.2,True,모나용평,132366665750,1324억,1.4억
481850,998.0,-0.010901883052527261,0.23607206776785353,25050798.0,B2,B2,B2,breaking,breaking,dry,0.0,0.0,-0.106,-0.226,-0.37,skip,"drawdown_deep,low_history",-13.0,-12.0,True,-23,-20.5,True,신한글로벌액티브리츠,43390708672,434억,0.25억
002710,17050.0,-0.004670169293636839,0.1849541317093893,1416002500.0,B2,B2,B2,breaking,breaking,pump_dump_trace,0.0,0.0,0.127,0.306,-0.257,reject,"drawdown_deep,pump_dump_trace",-13.0,-12.0,True,-6,-5.4,True,TCC스틸,446157122940,4462억,14.2억
004250,3370.0,-0.016058394160583966,0.7000153394562088,158403480.0,B2,B2,B2,breaking,breaking,dry,0.0,0.0,-0.136,-0.065,-0.25,skip,drawdown_deep,-13.0,-12.0,True,-23,-20.5,True,NPC,123562800000,1236억,1.6억
001340,6180.0,0.02148760330578514,0.2915346088021494,689063820.0,B2,B2,B2,breaking,breaking,pump_dump_trace,0.0,0.0,-0.076,0.193,-0.24,reject,"drawdown_deep,pump_dump_trace",-13.0,-12.0,True,-16,-14.3,True,PKC,275236277760,2752억,6.9억
234080,11880.0,-0.018181818181818188,0.37620921851289835,188499960.0,B2,B2,B2,riding,riding,dry,0.0,0.0,-0.048,-0.056,-0.237,watch,accumulation_suspect,-13.0,-12.0,True,-7,-6.2,True,JW생명과학,187006082740,1870억,1.9억
015590,2575.0,0.01980198019801982,0.3926153360964584,671910200.0,B3,B2,B2,breaking,breaking,distribution_suspect,0.0,0.0,0.0,0.0,-0.396,skip,"drawdown_deep,distribution_suspect",-13.0,-12.0,False,-22,-19.6,True,DKME,135092659240,1351억,6.7억
001795,2310.0,-0.017021276595744705,0.47452626151223914,45918180.0,B2,B2,B2,breaking,breaking,pump_dump_trace,0.0,0.0,-0.076,-0.08,-0.249,reject,"drawdown_deep,pump_dump_trace",-13.0,-12.0,True,-23,-20.5,True,대한제당우,14942761800,149억,0.46억
009290,7270.0,-0.03835978835978837,0.6510961788872538,1201418390.0,B2,B1,B2,breaking,breaking,pump_dump_trace,0.0,0.0,-0.118,0.249,-0.432,reject,"drawdown_deep,pump_dump_trace",-13.0,-12.0,True,-16,-14.3,True,광동제약,360550609920,3606억,12.0억
117580,7880.0,-0.015000000000000013,0.3758456776058551,745448000.0,C1,B1,B2,breaking,breaking,pump_dump_trace,0.0,0.0,-0.147,0.009,-0.512,reject,"drawdown_deep,zombie,pump_dump_trace",-13.0,-12.0,True,-8,-7.1,True,대성에너지,216425000000,2164억,7.5억
403550,13630.0,-0.018718502519798452,0.21365525859184134,752744010.0,B2,B4,B1,pullback_ma10,breaking,distribution_suspect,0.0,0.0,0.283,0.177,-0.351,reject,"drawdown_deep,pump_dump_trace,distribution_suspect",-13.0,-12.0,True,-30,-26.8,True,쏘카,451247733480,4512억,7.5억
000890,1542.0,-0.03985056039850565,0.836141703495122,201010494.0,A2,A2,A3,acceleration,acceleration,pump_dump_trace,0.0,0.0,2.68,2.698,-0.269,watch,"parabolic,pump_dump_trace,distribution_suspect",-13.0,-12.0,False,72,64.3,False,보해양조,42458126425,425억,2.0억
013000,1398.0,-0.0189473684210526,0.12459731739649771,97208532.0,B2,A1,A2,riding,pullback_ma10,normal,0.0,0.0,0.166,0.196,-0.168,watch,"drawdown_deep,distribution_suspect",-13.0,-12.0,True,17,15.2,False,세우글로벌,40761144020,408억,0.97억
079430,6680.0,-0.030478955007256947,0.1251108101350456,301495120.0,B2,B2,B2,breaking,breaking,pump_dump_trace,0.0,0.0,-0.063,0.015,-0.282,reject,"drawdown_deep,pump_dump_trace",-13.0,-12.0,True,-18,-16.1,True,현대리바트,135167437440,1352억,3.0억
083420,5270.0,-0.01495327102803734,0.231947391062952,132977910.0,B2,B2,B2,breaking,breaking,dry,0.0,0.0,-0.09,-0.12,-0.352,skip,drawdown_deep,-13.0,-12.0,True,-23,-20.5,True,그린케미칼,126240000000,1262억,1.3억
33637L,3250.0,0.004636785162287493,0.04132572712355319,4878250.0,B2,B2,B2,pullback_ma10,riding,normal,0.0,0.0,-0.045,-0.099,-0.373,skip,drawdown_deep,-13.0,-12.0,True,-20,-17.9,True,솔루스첨단소재2우B,12090547200,121억,0.05억
002140,2315.0,-0.02114164904862581,0.3398881590296139,175384400.0,B2,B2,B2,breaking,breaking,dry,0.0,0.0,-0.149,-0.057,-0.303,reject,"drawdown_deep,zombie",-13.0,-12.0,True,-23,-20.5,True,고려산업,57610071750,576억,1.8억
009580,2210.0,-0.0045045045045044585,0.17208890961773998,350309310.0,B2,B1,B1,breaking,breaking,pump_dump_trace,0.0,0.0,-0.157,-0.077,-0.5,reject,"drawdown_deep,pump_dump_trace",-13.0,-12.0,True,-28,-25.0,True,무림P&P,139393204140,1394억,3.5억
017810,10710.0,-0.017431192660550487,0.4680885816886865,309990240.0,B2,B2,B2,breaking,breaking,dry,0.0,0.0,-0.123,-0.182,-0.421,skip,drawdown_deep,-13.0,-12.0,True,-23,-20.5,True,풀무원,408652210240,4087억,3.1억
002785,3335.0,0.050393700787401574,0.0776688809440566,3445055.0,B2,B2,B2,breaking,breaking,pump_dump_trace,0.0,0.0,-0.016,-0.054,-0.34,skip,"drawdown_deep,pump_dump_trace",-13.0,-12.0,True,-18,-16.1,True,진흥기업우B,2803102860,28억,0.03억
248170,25200.0,-0.0117647058823529,0.8429956575235888,309909600.0,B2,B2,B2,riding,pullback_ma10,normal,0.0,0.0,-0.07,-0.13,-0.275,skip,drawdown_deep,-14.0,-13.0,True,-25,-22.3,True,샘표식품,114207150000,1142억,3.1억
170900,41550.0,-0.00835322195704058,0.479358675031078,414170400.0,B2,B2,B2,riding,pullback_ma10,normal,0.0,0.0,-0.072,-0.17,-0.264,skip,drawdown_deep,-14.0,-13.0,True,-25,-22.3,True,동아에스티,405650052300,4057억,4.1억
268280,102800.0,-0.024667931688804545,0.6017869305661284,154405600.0,B2,B2,B2,riding,pullback_ma10,normal,0.0,0.0,-0.146,-0.252,-0.319,skip,"drawdown_deep,accumulation_suspect",-14.0,-13.0,True,-25,-22.3,True,미원에스씨,511500000000,5115억,1.5억
009150,1569000.0,0.17089552238805972,1.1442588349733014,1669226151000.0,A2,A2,A2,riding,riding,normal,0.0,0.0,2.041,4.899,-0.025,watch,parabolic,-14.0,-13.0,False,81,72.3,False,삼성전기,118314814464000,118.31조,1.67조
446070,2740.0,0.00366300366300365,0.18491089158371946,20284220.0,B2,B2,B2,riding,pullback_ma10,normal,0.0,0.0,-0.09,-0.123,-0.354,skip,"drawdown_deep,low_history",-14.0,-13.0,True,-25,-22.3,True,유니드비티플러스,28862504800,289억,0.20억
015020,464.0,0.0,,0.0,B2,C1,C1,riding,riding,dry,0.0,0.0,0.0,-0.205,-0.346,reject,"drawdown_deep,zombie",-14.0,-13.0,True,-13,-11.6,True,이스타코,19883142400,199억,0.00억
006260,566000.0,0.040441176470588314,0.6013530426124525,98177228000.0,A3,A2,A2,riding,pullback_ma10,normal,0.0,0.0,1.021,1.788,-0.063,watch,"parabolic,distribution_suspect",-14.0,-13.0,False,69,61.6,False,LS,17409600000000,17.41조,982억
014130,2465.0,-0.012024048096192397,0.20672649311686073,15354485.0,B2,B2,B2,riding,pullback_ma10,normal,0.0,0.0,-0.063,-0.138,-0.319,skip,drawdown_deep,-14.0,-13.0,True,-25,-22.3,True,한익스프레스,29580000000,296억,0.15억
475560,18390.0,-0.010226049515608127,0.45296765766846114,128509320.0,B2,B2,B2,riding,riding,dry,0.0,0.6,-0.124,-0.243,-0.363,reject,"drawdown_deep,low_history",-15.0,-13.9,True,-27,-24.1,True,더본코리아,270017333700,2700억,1.3억
071970,81800.0,0.011124845488257096,0.36172866797912473,13037038600.0,B2,B1,B2,breaking,riding,normal,0.0,0.0,0.043,-0.186,-0.308,skip,drawdown_deep,-15.0,-13.9,True,-17,-15.2,True,HD현대마린엔진,2754425394000,2.75조,130억
139990,3005.0,-0.027508090614886682,0.07357675106951939,92259510.0,B2,B2,B1,riding,breaking,normal,0.0,0.0,-0.074,-0.049,-0.339,reject,"drawdown_deep,pump_dump_trace",-15.0,-13.9,True,-27,-24.1,True,아주스틸,116653796140,1167억,0.92억
000990,210500.0,0.16234124792932092,0.8792271332233431,132858127500.0,A2,A2,A3,acceleration,pullback_ma10,distribution_suspect,0.0,0.0,1.273,1.928,-0.062,watch,"parabolic,distribution_suspect",-15.0,-13.9,False,55,49.1,False,DB하이텍,9201220362000,9.20조,1329억
460850,5970.0,-0.018092105263157854,0.0835761637826164,332326020.0,B2,B2,B2,riding,breaking,normal,0.0,0.0,0.091,0.184,-0.234,skip,drawdown_deep,-15.0,-13.9,True,-8,-7.1,True,동국씨엠,178793962880,1788억,3.3억
002600,141000.0,-0.01673640167364021,0.24220032840722497,8319000.0,B2,B2,B2,riding,riding,accumulation_suspect,0.0,0.0,-0.012,-0.118,-0.142,watch,"drawdown_deep,accumulation_suspect",-15.0,-13.9,True,-18,-16.1,True,조흥,85020000000,850억,0.08억
271980,12030.0,-0.06744186046511624,2.439399807350473,1182067800.0,B2,B2,B2,riding,breaking,normal,0.0,0.0,-0.077,-0.22,-0.376,skip,drawdown_deep,-15.0,-13.9,True,-16,-14.3,True,제일약품,178664194800,1787억,11.8억
051905,104800.0,-0.013182674199623379,0.27365586823680144,286523200.0,B2,B2,B2,riding,breaking,normal,0.0,0.0,-0.021,-0.06,-0.194,skip,drawdown_deep,-15.0,-13.9,True,-17,-15.2,True,LG생활건강우,219687943200,2197억,2.9억
007210,1798.0,-0.012087912087912045,0.2775932029712921,280852994.0,B2,B2,B2,riding,breaking,normal,0.0,0.0,-0.024,0.104,-0.262,skip,drawdown_deep,-15.0,-13.9,True,-10,-8.9,True,벽산,116732960000,1167억,2.8억
007280,2560.0,0.042769857433808456,0.678179898379313,73497600.0,B2,B2,B2,riding,breaking,normal,0.0,0.0,-0.141,-0.087,-0.327,skip,drawdown_deep,-15.0,-13.9,True,-22,-19.6,True,한국특강,77536970250,775억,0.73억
039570,7860.0,-0.013801756587201952,0.24392292351801015,58211160.0,B2,B2,B2,riding,riding,normal,0.3,0.0,-0.03,-0.028,-0.203,skip,drawdown_deep,-15.4,-14.3,True,-19,-17.0,True,HDC랩스,204026743860,2040억,0.58억
214420,6600.0,-0.013452914798206317,0.25659289396720086,468857400.0,B2,B2,B2,riding,pullback_ma50,normal,0.0,0.0,-0.029,-0.261,-0.436,skip,drawdown_deep,-16.0,-14.8,True,-24,-21.4,True,토니모리,159964413350,1600억,4.7억
002320,17860.0,-0.0033482142857143016,0.477289499537,272025660.0,B2,B2,B2,riding,riding,normal,0.0,0.3,-0.06,-0.078,-0.245,skip,drawdown_deep,-16.0,-14.8,True,-24,-21.4,True,한진,276386550960,2764억,2.7억
307950,633000.0,0.0031695721077653616,0.22754526810252013,48435261000.0,A2,A2,A2,riding,pullback_ma10,normal,0.0,0.0,0.609,0.343,-0.124,watch,"parabolic,distribution_suspect",-16.0,-14.8,False,65,58.0,False,현대오토에버,17551348480000,17.55조,484억
326030,95400.0,-0.024539877300613466,0.529214054641273,10814448600.0,B2,B2,B2,riding,riding,normal,0.0,0.3,-0.022,-0.237,-0.338,skip,drawdown_deep,-16.0,-14.8,True,-19,-17.0,True,SK바이오팜,7588553925000,7.59조,108억
001130,12220.0,-0.04381846635367759,2.0906451119903546,376119380.0,C1,C1,C1,breaking,breaking,pump_dump_trace,0.0,0.0,-0.916,-0.913,-0.925,reject,"drawdown_deep,pump_dump_trace",-16.0,-14.8,True,2,1.8,True,대한제분,206518000000,2065억,3.8억
195870,101200.0,0.21197604790419167,1.3859849449131947,50111001600.0,A2,A2,A2,riding,pullback_ma20,normal,0.0,0.0,0.906,1.135,-0.067,watch,"parabolic,distribution_suspect",-16.0,-14.8,False,66,58.9,False,해성디에스,1720400000000,1.72조,501억
084670,43000.0,-0.06825568797399784,0.26952682763966196,5505505000.0,C1,C1,A3,breaking,pullback_ma10,pump_dump_trace,0.0,0.0,0.066,-0.274,-0.751,reject,"drawdown_deep,parabolic,pump_dump_trace,distribution_suspect",-17.0,-15.7,True,2,1.8,True,동양고속,127839371350,1278억,55.1억
001770,15470.0,-0.008968609865470878,0.1791044776119403,5290740.0,B2,B2,B2,riding,breaking,dry,0.0,0.0,-0.064,-0.129,-0.181,skip,drawdown_deep,-17.0,-15.7,True,-25,-22.3,True,SHD,18721269980,187억,0.05억
009270,1138.0,-0.034775233248515725,0.5878520455033892,423960762.0,B2,B2,B2,riding,breaking,dry,0.0,0.0,-0.179,-0.215,-0.476,skip,"drawdown_deep,zombie",-17.0,-15.7,True,-25,-22.3,True,신원,129805314483,1298억,4.2억
001020,674.0,0.0,0.0,0.0,B2,B2,B2,breaking,riding,dry,0.0,0.0,0.042,0.092,-0.352,reject,"drawdown_deep,zombie,pump_dump_trace",-17.0,-15.7,True,-15,-13.4,True,페이퍼코리아,119960752962,1200억,0.00억
009240,31450.0,-0.04407294832826747,0.49385495166363425,1504127700.0,B2,B2,B2,breaking,breaking,normal,0.0,0.3,-0.214,-0.257,-0.426,skip,drawdown_deep,-18.0,-16.7,True,-20,-17.9,True,한샘,743672124800,7437억,15.0억
003220,9370.0,-0.01575630252100846,0.3878469155077138,123833920.0,B2,B2,B2,riding,riding,dry,0.0,0.3,-0.084,-0.172,-0.311,skip,drawdown_deep,-18.0,-16.7,True,-27,-24.1,True,대원제약,209473625220,2095억,1.2억
008730,21650.0,-0.0045977011494252595,0.402216471923338,762729500.0,B2,B2,B2,riding,riding,normal,0.0,0.0,-0.154,-0.149,-0.448,skip,drawdown_deep,-19.0,-17.6,True,-24,-21.4,True,율촌화학,536920000000,5369억,7.6억
298000,38900.0,0.0,,0.0,B2,C1,C1,riding,riding,dry,0.0,0.0,0.0,0.0,0.0,reject,"drawdown_deep,zombie",-19.0,-17.6,True,-8,-7.1,True,효성화학,147501447900,1475억,0.00억
251270,42100.0,-0.02995391705069128,0.3797341856921968,4231344700.0,B2,B2,B2,riding,riding,normal,0.0,0.0,-0.158,-0.134,-0.39,skip,drawdown_deep,-19.0,-17.6,True,-24,-21.4,True,넷마블,3478122538950,3.48조,42.3억
439260,71700.0,0.02136752136752129,0.4316817425766086,4483687800.0,B2,B2,B2,riding,riding,normal,0.0,0.0,-0.176,0.067,-0.382,skip,"drawdown_deep,low_history",-19.0,-17.6,True,-19,-17.0,True,대한조선,2723344195000,2.72조,44.8억
004920,1073.0,0.00940733772342428,0.4995280532503034,196761375.0,B2,B2,B2,riding,riding,normal,0.0,0.0,0.007,-0.135,-0.368,skip,drawdown_deep,-19.0,-17.6,True,-19,-17.0,True,씨아이테크,56145542272,561억,2.0억
003090,20200.0,-0.024154589371980673,0.5366130038574153,718392800.0,B2,B2,B2,riding,riding,normal,0.0,0.0,-0.09,-0.06,-0.34,skip,drawdown_deep,-19.0,-17.6,True,-24,-21.4,True,대웅,1189003491000,1.19조,7.2억
006040,36600.0,-0.02400000000000002,0.37755461155124487,1140639000.0,B2,B2,B2,riding,riding,normal,0.0,0.0,-0.03,-0.097,-0.289,skip,drawdown_deep,-19.0,-17.6,True,-19,-17.0,True,동원산업,1617761016350,1.62조,11.4억
006060,2990.0,-0.02922077922077926,0.4612310453340135,239519930.0,B2,B2,B2,riding,riding,normal,0.0,0.0,-0.111,-0.101,-0.35,skip,drawdown_deep,-19.0,-17.6,True,-24,-21.4,True,화승인더,165683400000,1657억,2.4억
007575,8950.0,-0.009955752212389424,0.3096702840948365,4009600.0,B2,B2,B2,riding,riding,normal,0.0,0.0,-0.193,-0.413,-0.49,skip,"drawdown_deep,pump_dump_trace",-19.0,-17.6,True,-24,-21.4,True,일양약품우,3983466000,40억,0.04억
007310,343000.0,-0.020000000000000018,0.767628859816064,1321236000.0,B2,B2,B2,riding,riding,normal,0.0,0.0,-0.073,-0.088,-0.27,skip,drawdown_deep,-19.0,-17.6,True,-24,-21.4,True,오뚜기,1376689605000,1.38조,13.2억
361610,20350.0,-0.01927710843373498,0.5526800434792862,2622972550.0,B2,B2,B2,riding,riding,normal,0.0,0.0,-0.109,-0.13,-0.42,skip,drawdown_deep,-19.0,-17.6,True,-24,-21.4,True,SK아이이테크놀로지,1660278130000,1.66조,26.2억
000520,7660.0,-0.031605562579013924,0.6903080152571434,1398156820.0,B2,B2,B2,riding,riding,normal,0.0,0.0,-0.184,-0.217,-0.404,skip,drawdown_deep,-19.0,-17.6,True,-24,-21.4,True,삼일제약,165508517930,1655억,14.0억
019685,892.0,0.010192525481313774,1.1474761178000115,24445260.0,B2,B2,B2,riding,riding,normal,0.0,0.0,-0.126,-0.259,-0.333,skip,drawdown_deep,-19.0,-17.6,True,-24,-21.4,True,대교우B,17367729060,174억,0.24억
053210,4435.0,-0.01114827201783719,0.2021646600227651,56674865.0,B2,B2,B2,riding,riding,normal,0.0,0.0,-0.062,-0.075,-0.195,skip,drawdown_deep,-19.0,-17.6,True,-24,-21.4,True,스카이라이프,210764305425,2108억,0.57억
014580,4480.0,-0.005549389567147567,0.2037384815828425,231710080.0,B2,B2,B2,riding,riding,normal,0.0,0.0,0.014,-0.005,-0.161,skip,drawdown_deep,-19.0,-17.6,True,-19,-17.0,True,태경비케이,123572288000,1236억,2.3억
074610,5110.0,0.0,,0.0,B2,C1,C1,riding,riding,dry,0.0,0.0,0.0,0.0,0.0,reject,"drawdown_deep,zombie,pump_dump_trace",-19.0,-17.6,True,-8,-7.1,True,이엔플러스,44815400070,448억,0.00억
001570,9900.0,0.0,,0.0,B2,C1,C1,riding,riding,pump_dump_trace,0.0,0.0,0.0,0.0,0.0,reject,"drawdown_deep,pump_dump_trace",-19.0,-17.6,True,-8,-7.1,True,금양,633275240400,6333억,0.00억
145270,815.0,-0.01092233009708743,0.16892235455857058,12657765.0,B2,B2,B2,riding,riding,normal,0.0,0.0,-0.104,-0.12,-0.164,skip,drawdown_deep,-19.0,-17.6,True,-24,-21.4,True,케이탑리츠,39217591584,392억,0.13억
071840,6980.0,-0.005698005698005715,0.13260817271136155,50214120.0,B2,B2,B2,riding,riding,normal,0.0,0.0,-0.098,-0.031,-0.31,skip,drawdown_deep,-19.0,-17.6,True,-24,-21.4,True,롯데하이마트,165253984000,1653억,0.50억
119650,918.0,0.0,,0.0,B2,C1,C1,riding,riding,dry,0.0,0.0,0.0,0.0,0.0,reject,"drawdown_deep,zombie",-19.0,-17.6,True,-8,-7.1,True,KC코트렐,100782913662,1008억,0.00억
011150,2352.0,-0.0075949367088608,0.22119777966303664,87755472.0,B2,B2,B2,riding,riding,normal,0.0,0.0,-0.121,-0.173,-0.298,skip,drawdown_deep,-19.0,-17.6,True,-24,-21.4,True,CJ씨푸드,84437316550,844억,0.88억
000950,27950.0,-0.0017857142857142794,0.6734337146186635,30689100.0,B2,B2,B2,riding,riding,normal,0.0,0.0,-0.183,-0.215,-0.386,skip,drawdown_deep,-19.0,-17.6,True,-24,-21.4,True,전방,47040000000,470억,0.31억
009440,756.0,0.0,,0.0,B2,C1,C1,riding,riding,dry,0.0,0.0,0.0,0.0,0.0,reject,"drawdown_deep,zombie",-19.0,-17.6,True,-8,-7.1,True,KC그린홀딩스,17568790596,176억,0.00억
012690,1991.0,-0.0044999999999999485,0.28879162605273695,198703791.0,B2,B2,B2,riding,riding,normal,0.0,0.0,-0.103,-0.017,-0.261,skip,"drawdown_deep,zombie",-19.0,-17.6,True,-24,-21.4,True,모나리자,73325366275,733억,2.0억
140910,3130.0,0.0,,0.0,B2,C1,C1,riding,riding,dry,0.0,0.0,0.0,0.0,0.0,reject,"drawdown_deep,zombie",-19.0,-17.6,True,-8,-7.1,True,에이리츠,13969290160,140억,0.00억
025750,2340.0,0.0,0.2092054830835165,37671660.0,B2,B2,B2,riding,riding,normal,0.0,0.0,-0.132,-0.264,-0.363,skip,drawdown_deep,-19.0,-17.6,True,-24,-21.4,True,한솔홈데코,37623922715,376억,0.38억
023150,3940.0,-0.013767209011264048,0.1837093110825973,24171900.0,B2,B2,B2,riding,riding,normal,0.0,0.0,-0.153,-0.173,-0.368,skip,drawdown_deep,-19.0,-17.6,True,-24,-21.4,True,MH에탄올,28997607180,290억,0.24억
204210,2035.0,0.0,,0.0,B2,C1,C1,riding,riding,dry,0.0,0.0,0.0,0.0,0.0,reject,"drawdown_deep,zombie",-19.0,-17.6,True,-8,-7.1,True,JK리버스톤리츠,15927568525,159억,0.00억
207940,1430000.0,0.010600706713780994,0.2509323817393191,24731850000.0,B2,B2,B2,riding,riding,normal,0.0,0.0,-0.095,-0.239,-0.28,skip,drawdown_deep,-19.0,-17.6,True,-24,-21.4,True,삼성바이오로직스,66149768979000,66.15조,247억
002880,825.0,-0.0060240963855421326,0.06867242902885067,35117775.0,B2,B2,B2,riding,riding,normal,0.0,0.0,-0.089,-0.235,-0.461,skip,drawdown_deep,-19.0,-17.6,True,-24,-21.4,True,디와이에이,38448223890,384억,0.35억
002210,973.0,0.0,,0.0,B2,C1,C1,riding,riding,dry,0.0,0.0,0.0,0.0,0.0,reject,"drawdown_deep,zombie",-19.0,-17.6,True,-8,-7.1,True,동성제약,94010780311,940억,0.00억
001680,19640.0,-0.018000000000000016,0.5457884764760114,1107460320.0,B2,B2,B2,riding,riding,normal,0.0,0.0,-0.028,-0.053,-0.205,skip,drawdown_deep,-19.0,-17.6,True,-19,-17.0,True,대상,683259053000,6833억,11.1억
022100,33050.0,0.007621951219512146,0.33530843570856617,6957884300.0,B2,B2,B2,riding,riding,normal,0.0,0.0,0.02,0.222,-0.275,skip,drawdown_deep,-19.0,-17.6,True,-12,-10.7,True,포스코DX,5024747793450,5.02조,69.6억
145720,51300.0,0.00391389432485334,0.3136738575370854,694191600.0,B2,B2,B2,riding,riding,normal,0.0,0.0,0.002,0.119,-0.222,skip,drawdown_deep,-19.0,-17.6,True,-12,-10.7,True,덴티움,442405608300,4424억,6.9억
017040,932.0,0.0,,0.0,B2,B2,C1,breaking,breaking,dry,0.0,0.0,0.0,-0.246,-0.533,reject,"drawdown_deep,zombie",-20.0,-18.5,True,-11,-9.8,True,광명전기,40390657180,404억,0.00억
006650,137400.0,0.022321428571428603,0.3207524230669185,3117468600.0,B1,B1,B2,breaking,riding,normal,0.0,0.0,-0.158,0.064,-0.322,skip,drawdown_deep,-20.0,-18.5,True,-22,-19.6,True,대한유화,889200000000,8892억,31.2억
105630,9270.0,-0.01904761904761909,0.5600782600387392,478192950.0,B2,B2,B2,breaking,breaking,normal,0.0,0.3,-0.19,-0.336,-0.404,skip,"drawdown_deep,distribution_suspect",-20.0,-18.5,True,-32,-28.6,True,한세실업,370000000000,3700억,4.8억
000650,227500.0,-0.05991735537190079,0.24813660072910576,2674262500.0,C1,C1,C1,breaking,breaking,pump_dump_trace,0.0,0.0,0.068,-0.167,-0.561,reject,"parabolic,drawdown_deep,pump_dump_trace",-21.0,-19.4,True,3,2.7,True,천일고속,333722870000,3337억,26.7억
129260,2165.0,-0.020361990950226283,0.35882687424431836,75688400.0,B2,B2,B2,riding,riding,dry,0.0,0.0,-0.094,-0.067,-0.266,skip,drawdown_deep,-21.0,-19.4,True,-27,-24.1,True,인터지스,64106668470,641억,0.76억
011420,1676.0,-0.022170361726954524,0.6006958815938876,90971604.0,B2,B2,B2,riding,riding,dry,0.0,0.0,-0.045,-0.118,-0.322,skip,drawdown_deep,-21.0,-19.4,True,-22,-19.6,True,갤럭시아에스엠,45842607616,458억,0.91억
093240,821.0,-0.03183962264150941,0.22004311846549685,260949924.0,B2,B2,B2,breaking,breaking,normal,0.0,0.0,-0.148,-0.509,-0.7,skip,drawdown_deep,-21.0,-19.4,True,-20,-17.9,True,형지엘리트,50585573416,506억,2.6억
012750,70100.0,-0.008486562942008447,0.2946971072032357,1485278800.0,B3,B2,B2,riding,riding,normal,0.0,0.0,-0.251,-0.036,-0.319,skip,"drawdown_deep,distribution_suspect",-21.0,-19.4,False,-21,-18.8,True,에스원,2663742377800,2.66조,14.9억
005870,6870.0,-0.025531914893617058,0.32893825494513673,650087490.0,B2,B2,B2,breaking,breaking,normal,0.0,0.0,-0.204,-0.144,-0.42,skip,drawdown_deep,-21.0,-19.4,True,-20,-17.9,True,휴니드,96835862900,968억,6.5억
000040,379.0,-0.01558441558441559,0.26624759458234803,26255604.0,B2,B2,B2,breaking,breaking,normal,0.0,0.0,-0.133,-0.067,-0.549,skip,drawdown_deep,-21.0,-19.4,True,-20,-17.9,True,KR모터스,32649819552,326억,0.26억
011330,530.0,-0.013035381750465591,0.5357442869044019,147036840.0,B2,B2,B2,breaking,breaking,normal,0.0,0.0,-0.176,-0.556,-0.719,skip,drawdown_deep,-21.0,-19.4,True,-20,-17.9,True,유니켐,48791619817,488억,1.5억
016800,29500.0,-0.04065040650406504,1.777032690695725,78175000.0,B2,B2,B2,breaking,breaking,normal,0.0,0.0,-0.224,-0.322,-0.419,skip,drawdown_deep,-21.0,-19.4,True,-17,-15.2,True,퍼시스,336375000000,3364억,0.78억
36328K,3855.0,-0.010269576379974277,0.005624296962879641,84810.0,B2,B2,B2,riding,riding,dry,0.0,0.0,-0.052,-0.134,-0.44,skip,"drawdown_deep,zombie",-21.0,-19.4,True,-27,-24.1,True,티와이홀딩스우,4523553650,45억,0.00억
005420,15470.0,0.011772400261608862,0.3913522921424218,1753864840.0,B2,B2,B2,riding,riding,dry,0.0,0.0,-0.029,0.153,-0.285,skip,drawdown_deep,-21.0,-19.4,True,-15,-13.4,True,코스모화학,593023040320,5930억,17.5억
091810,919.0,-0.015005359056806,0.8198475717534428,1163473299.0,B2,B2,B2,breaking,breaking,normal,0.0,0.0,-0.003,-0.283,-0.529,skip,drawdown_deep,-21.0,-19.4,True,-15,-13.4,True,트리니티항공,378693017745,3787억,11.6억
023810,6460.0,-0.016742770167427756,0.3511829801261399,220227860.0,B2,B2,B2,breaking,breaking,normal,0.0,0.0,-0.169,-0.448,-0.524,skip,drawdown_deep,-21.0,-19.4,True,-20,-17.9,True,인팩,65000000000,650억,2.2억
090370,1309.0,-0.023134328358208944,0.2932963323822117,17653174.0,B2,B2,B2,breaking,breaking,normal,0.0,0.0,-0.068,-0.176,-0.502,skip,drawdown_deep,-21.0,-19.4,True,-20,-17.9,True,메타랩스,32650047279,327억,0.18억
017860,18340.0,0.02572706935123037,0.1915363731365511,1384578300.0,B2,B2,B2,riding,riding,pump_dump_trace,0.0,0.0,-0.034,0.066,-0.328,reject,"drawdown_deep,pump_dump_trace,low_history",-21.0,-19.4,True,-17,-15.2,True,DS단석,324459469530,3245억,13.8억
019175,17600.0,0.005714285714285783,0.4591840493961789,54841600.0,B2,B2,B2,riding,riding,dry,0.0,0.0,0.122,-0.185,-0.392,reject,"drawdown_deep,pump_dump_trace",-21.0,-19.4,True,-20,-17.9,True,신풍제약우,35065560300,351억,0.55억
084695,14060.0,0.01443001443001446,1.5846025138341513,221037260.0,B2,B2,B2,riding,riding,pump_dump_trace,0.0,0.0,0.002,0.032,-0.197,reject,"drawdown_deep,pump_dump_trace",-21.0,-19.4,True,-14,-12.5,True,대상홀딩스우,12907500660,129억,2.2억
396690,1487.0,-0.0618296529968454,0.5880544276696406,185283174.0,B2,B2,B2,breaking,breaking,normal,0.0,0.0,-0.37,-0.427,-0.475,skip,drawdown_deep,-21.0,-19.4,True,-20,-17.9,True,미래에셋글로벌리츠,59012850600,590억,1.9억
950210,7720.0,-0.01025641025641022,0.6045747406664527,460034800.0,B2,B2,B2,breaking,breaking,normal,0.0,0.0,-0.153,-0.403,-0.514,skip,drawdown_deep,-21.0,-19.4,True,-20,-17.9,True,프레스티지바이오파마,459735585750,4597억,4.6억
011390,56900.0,-0.054817275747508276,0.9456216974010568,399153500.0,B2,B2,B2,breaking,breaking,normal,0.0,0.0,-0.237,-0.243,-0.48,skip,drawdown_deep,-21.0,-19.4,True,-20,-17.9,True,부산산업,60403200000,604억,4.0억
003520,1447.0,-0.016983695652173947,0.41906350358538574,254206066.0,B2,B2,B2,riding,riding,dry,0.0,0.0,-0.161,-0.241,-0.376,reject,"drawdown_deep,zombie",-21.0,-19.4,True,-27,-24.1,True,영진약품,263914210833,2639억,2.5억
000180,6070.0,-0.004918032786885296,0.14601384226004033,26386290.0,B2,B2,B2,riding,riding,dry,0.0,0.0,-0.157,-0.133,-0.343,skip,drawdown_deep,-21.0,-19.4,True,-27,-24.1,True,성창기업지주,84399436000,844억,0.26억
272550,10080.0,-0.01850048685491723,0.2070332105726298,160080480.0,B2,B2,B2,riding,riding,pump_dump_trace,0.0,0.0,-0.123,-0.22,-0.425,reject,"drawdown_deep,pump_dump_trace",-21.0,-19.4,True,-27,-24.1,True,삼양패키징,151738848420,1517억,1.6억
000220,3920.0,-0.012594458438287104,0.2036341045650008,45228960.0,B2,B2,B2,riding,riding,dry,0.0,0.0,-0.05,-0.14,-0.231,skip,drawdown_deep,-21.0,-19.4,True,-22,-19.6,True,유유제약,66596492410,666억,0.45억
462870,29550.0,0.0016949152542373724,0.40261922355176555,884756550.0,B2,B2,B2,riding,riding,dry,0.0,0.0,-0.11,-0.117,-0.338,skip,"drawdown_deep,low_history",-21.0,-19.4,True,-27,-24.1,True,시프트업,1739101181000,1.74조,8.8억
008250,3500.0,0.0,0.23271610407253182,23443000.0,B2,B2,B2,riding,riding,dry,0.0,0.0,-0.125,-0.159,-0.408,skip,"drawdown_deep,zombie",-21.0,-19.4,True,-27,-24.1,True,이건산업,37896117100,379억,0.23억
484870,86100.0,-0.012614678899082521,0.4207156097286974,709377900.0,B2,B2,B2,breaking,breaking,normal,0.0,0.0,-0.187,-0.497,-0.626,skip,"drawdown_deep,low_history",-21.0,-19.4,True,-20,-17.9,True,엠앤씨솔루션,788150790000,7882억,7.1억
001380,1862.0,0.0037735849056603765,0.3544416797977328,100248218.0,B2,B2,B2,breaking,breaking,normal,0.0,0.0,-0.154,-0.395,-0.533,skip,drawdown_deep,-21.0,-19.4,True,-20,-17.9,True,SG글로벌,42086436912,421억,1.0억
010040,1760.0,-0.018952062430323324,0.9104903693242721,66153120.0,B2,B2,B2,riding,riding,dry,0.0,0.0,-0.12,-0.146,-0.292,reject,"drawdown_deep,zombie",-21.0,-19.4,True,-27,-24.1,True,한국내화,71867358500,719억,0.66억
004090,13305.0,-0.02670080468178493,0.2822155094670662,1650684825.0,B2,B2,B2,breaking,breaking,normal,0.0,0.0,-0.151,-0.051,-0.604,skip,"drawdown_deep,zombie",-21.0,-19.4,True,-20,-17.9,True,한국석유,169339560800,1693억,16.5억
000230,8190.0,-0.03191489361702127,0.4050602270600272,117862290.0,B2,B2,B2,breaking,breaking,normal,0.0,0.0,-0.164,-0.406,-0.523,skip,drawdown_deep,-21.0,-19.4,True,-20,-17.9,True,일동홀딩스,94631280000,946억,1.2억
006880,6140.0,-0.011272141706924366,0.46938300168977876,223342500.0,B2,B2,B2,riding,riding,dry,0.0,0.0,-0.141,-0.096,-0.272,skip,drawdown_deep,-21.0,-19.4,True,-27,-24.1,True,신송홀딩스,72392610960,724억,2.2억
041650,2575.0,-0.01151631477927062,0.42615380062867325,57479150.0,B2,B2,B2,riding,riding,dry,0.0,0.0,-0.015,-0.053,-0.161,skip,drawdown_deep,-21.0,-19.4,True,-22,-19.6,True,상신브레이크,55288983750,553억,0.57억
241590,3830.0,-0.034047919293820894,0.49497334060110765,290057390.0,B2,B2,B2,breaking,breaking,normal,0.0,0.0,-0.149,-0.222,-0.513,skip,drawdown_deep,-21.0,-19.4,True,-20,-17.9,True,화승엔터프라이즈,232056927080,2321억,2.9억
063160,18000.0,0.0033444816053511683,0.17190710984240093,44118000.0,B2,B2,B2,riding,riding,dry,0.0,0.0,-0.036,-0.1,-0.349,skip,drawdown_deep,-21.0,-19.4,True,-22,-19.6,True,종근당바이오,98582737140,986억,0.44억
005820,15200.0,0.005291005291005346,0.32425101713722104,19988000.0,B2,B2,B2,breaking,breaking,normal,0.0,0.0,-0.016,0.02,-0.151,skip,"drawdown_deep,distribution_suspect",-23.0,-21.3,True,-22,-19.6,True,원림,34906164300,349억,0.20억
001520,648.0,-0.03857566765578635,0.5030075140315651,262280592.0,B2,B2,B2,breaking,breaking,dry,0.0,0.0,-0.157,-0.238,-0.513,skip,drawdown_deep,-23.0,-21.3,True,-23,-20.5,True,동양,156815429391,1568억,2.6억
100840,44950.0,0.023917995444191265,0.30287281947626576,4048646500.0,A5,B1,B2,breaking,breaking,normal,0.0,0.0,-0.225,0.144,-0.338,skip,"parabolic,drawdown_deep,distribution_suspect",-23.0,-21.3,False,-5,-4.5,True,SNT에너지,919260804350,9193억,40.5억
133820,1235.0,0.012295081967213184,0.2751509100825499,95575415.0,B2,B2,B2,breaking,breaking,dry,0.0,0.0,-0.186,-0.27,-0.581,skip,drawdown_deep,-23.0,-21.3,True,-23,-20.5,True,화인베스틸,45836409970,458억,0.96억
097520,23600.0,0.01724137931034475,0.4469013586265601,763247600.0,B2,B2,B2,breaking,breaking,normal,0.0,0.0,0.085,-0.216,-0.274,skip,"drawdown_deep,distribution_suspect",-23.0,-21.3,True,-25,-22.3,True,엠씨넥스,408065175000,4081억,7.6억
145990,44200.0,-0.016685205784204626,0.3674810820926071,138876400.0,B2,B2,B2,breaking,breaking,normal,0.0,0.0,-0.018,-0.041,-0.183,skip,"drawdown_deep,distribution_suspect",-23.0,-21.3,True,-27,-24.1,True,삼양사,454823100900,4548억,1.4억
145210,224.0,0.0,,0.0,B2,B2,C1,breaking,riding,dry,0.0,0.0,0.0,-0.668,-0.802,reject,"drawdown_deep,zombie",-24.0,-22.2,True,-13,-11.6,True,다이나믹디자인,9461013632,95억,0.00억
008600,2620.0,0.0,,0.0,B2,C1,C1,riding,riding,dry,0.0,0.0,0.0,-0.172,-0.534,reject,"drawdown_deep,zombie",-24.0,-22.2,True,-13,-11.6,True,윌비스,17615839860,176억,0.00억
357430,870.0,0.0034602076124568004,0.26879599862607145,30296880.0,B2,B2,B2,riding,riding,accumulation_suspect,0.0,0.0,-0.39,-0.475,-0.476,skip,"drawdown_deep,accumulation_suspect",-25.0,-23.1,True,-23,-20.5,True,마스턴프리미어리츠,26692143625,267억,0.30억
002360,2725.0,-0.07783417935702197,0.560447634427618,525055725.0,B2,B2,C1,breaking,breaking,dry,0.0,0.0,5.663,6.365,-0.239,reject,"drawdown_deep,zombie",-25.0,-23.1,True,10,8.9,True,SH에너지화학,30006107100,300억,5.3억
007570,9620.0,-0.021363173957273607,0.46368626778581207,416247780.0,B2,B2,B1,riding,breaking,normal,0.0,0.0,-0.208,-0.341,-0.408,skip,drawdown_deep,-25.0,-23.1,True,-27,-24.1,True,일양약품,183604087680,1836억,4.2억
025560,37300.0,0.04044630404463034,1.2232709806635829,16873102600.0,B4,A1,A2,acceleration,acceleration,accumulation_suspect,0.0,0.0,1.815,2.067,-0.122,watch,"parabolic,drawdown_deep,distribution_suspect",-25.0,-23.1,False,51,45.5,False,미래산업,184415244300,1844억,169억
027740,1534.0,-0.0019518542615484247,0.8753358556940277,114968698.0,C1,C1,C1,acceleration,acceleration,pump_dump_trace,0.0,0.3,0.898,0.995,-0.05,reject,"parabolic,pump_dump_trace",-26.0,-24.1,True,41,36.6,True,마니커,48840134332,488억,1.1억
023960,1154.0,-0.02037351443123936,0.26752969821621664,97988448.0,B2,B2,B2,riding,pullback_ma10,normal,0.0,0.0,-0.184,-0.108,-0.411,skip,"drawdown_deep,distribution_suspect",-26.0,-24.1,True,-37,-33.0,True,에쓰씨엔지니어링,43893515150,439억,0.98억
363280,2450.0,-0.018036072144288595,0.19979832311642448,36480500.0,B2,B2,B2,riding,breaking,normal,0.0,0.0,-0.106,0.006,-0.367,skip,"drawdown_deep,distribution_suspect",-27.0,-25.0,True,-29,-25.9,True,티와이홀딩스,107146219215,1071억,0.36억
267850,10270.0,-0.0019436345966957758,0.21694913696967189,97000150.0,B2,B2,B2,riding,breaking,normal,0.0,0.0,-0.013,-0.077,-0.203,skip,"drawdown_deep,distribution_suspect",-27.0,-25.0,True,-29,-25.9,True,아시아나IDT,113664000000,1137억,0.97억
011230,3480.0,0.29850746268656714,6.396913535877306,4428790680.0,B2,B2,B2,riding,riding,normal,0.0,0.0,0.384,0.208,-0.403,skip,drawdown_deep,-27.0,-25.0,True,-6,-5.4,True,삼화전자,66696931800,667억,44.3억
118000,1665.0,-0.0625,0.5237798075147505,146876310.0,C1,C1,C1,acceleration,acceleration,pump_dump_trace,0.0,0.0,6.466,4.513,-0.2,reject,"parabolic,pump_dump_trace",-29.0,-26.9,True,41,36.6,True,메타케어,28772707800,288억,1.5억
214330,3260.0,-0.03976435935198819,0.34134518759536153,93571780.0,B2,B2,B2,riding,riding,normal,0.0,0.0,-0.181,-0.371,-0.505,skip,drawdown_deep,-29.0,-26.9,True,-24,-21.4,True,금호에이치티,67970041750,680억,0.94억
213500,6850.0,-0.015804597701149392,0.3891541183185586,482678400.0,B2,B2,B2,riding,riding,normal,0.0,0.0,-0.203,-0.141,-0.271,skip,drawdown_deep,-29.0,-26.9,True,-24,-21.4,True,한솔제지,163985968640,1640억,4.8억
010640,2135.0,-0.016129032258064502,0.5959525576745384,83997305.0,B2,B2,B2,riding,riding,normal,0.0,0.0,-0.051,-0.266,-0.524,skip,drawdown_deep,-29.0,-26.9,True,-24,-21.4,True,진양폴리,35654500000,357억,0.84억
480370,2015.0,-0.019464720194647178,0.20881415440307918,231533575.0,B2,B2,B2,riding,riding,normal,0.0,0.0,0.029,-0.248,-0.517,skip,"drawdown_deep,low_history",-29.0,-26.9,True,-19,-17.0,True,씨케이솔루션,65450037120,655억,2.3억
011300,2540.0,0.013972055888223478,0.32608682533916333,68628260.0,B2,B2,B2,riding,riding,normal,0.0,0.0,-0.194,-0.315,-0.568,skip,drawdown_deep,-29.0,-26.9,True,-24,-21.4,True,우성머티리얼스,40592335360,406억,0.69억
005965,18550.0,-0.03385416666666663,1.0853180584865842,30051000.0,B2,A5,B2,pullback_ma10,riding,distribution_suspect,0.0,0.0,-0.127,-0.121,-0.675,skip,"drawdown_deep,distribution_suspect",-30.0,-27.8,False,-27,-24.1,True,동부건설우,4176042000,42억,0.30억
044380,1828.0,-0.032804232804232836,0.15297656435558002,154352664.0,C1,C1,C1,acceleration,pullback_ma10,pump_dump_trace,0.0,0.0,4.008,3.193,-0.346,reject,"parabolic,drawdown_deep,pump_dump_trace",-31.0,-28.7,True,21,18.8,True,주연테크,23432606172,234억,1.5억
025620,7370.0,-0.022546419098143256,0.4406889217873601,62305980.0,C1,B2,B2,riding,riding,pump_dump_trace,0.0,0.0,-0.22,-0.279,-0.627,reject,"drawdown_deep,pump_dump_trace,zombie",-31.0,-28.7,True,-17,-15.2,True,차AI헬스케어,135437559120,1354억,0.62억
465770,3350.0,-0.048295454545454586,0.1848313609699252,181771000.0,B2,B2,B2,breaking,breaking,normal,0.0,0.0,-0.438,-0.428,-0.651,skip,"drawdown_deep,low_history",-31.0,-28.7,True,-20,-17.9,True,STX그린로지스,23879536560,239억,1.8억
000105,74100.0,-0.009358288770053513,0.2568271043392539,110038500.0,A5,B2,B2,riding,riding,distribution_suspect,0.0,0.0,-0.122,-0.271,-0.357,skip,"drawdown_deep,parabolic,distribution_suspect",-31.0,-28.7,False,-31,-27.7,True,유한양행우,87153372000,872억,1.1억
008970,1618.0,0.025998731769181882,0.16530367180226527,757937538.0,B2,B2,B2,riding,riding,pump_dump_trace,0.0,0.0,-0.19,-0.04,-0.586,reject,"drawdown_deep,pump_dump_trace",-31.0,-28.7,True,-27,-24.1,True,KBI동양철관,167583554805,1676억,7.6억
012170,1027.0,-0.044651162790697696,0.8074325620659223,34577036.0,B2,B2,B2,riding,riding,pump_dump_trace,0.0,0.0,-0.19,-0.362,-0.793,reject,"drawdown_deep,pump_dump_trace",-31.0,-28.7,True,-27,-24.1,True,아센디오,19916914992,199억,0.35억
019680,1200.0,-0.016393442622950838,0.5862751617941495,84525600.0,B2,B2,B2,breaking,breaking,normal,0.0,0.0,-0.218,-0.314,-0.501,skip,drawdown_deep,-31.0,-28.7,True,-20,-17.9,True,대교,102829259900,1028억,0.85억
011000,1295.0,-0.012957317073170715,0.36775601605303465,5544841645.0,B2,B2,B4,bounce_ma10,acceleration,accumulation_suspect,0.0,0.0,0.853,-0.248,-0.518,watch,"parabolic,drawdown_deep,accumulation_suspect",-31.0,-28.7,True,-7,-6.2,False,진원생명과학,119238373984,1192억,55.4억
005360,1496.0,-0.007299270072992692,0.3786196032144989,29465216.0,B2,B2,B2,riding,riding,dry,0.0,0.0,-0.104,-0.23,-0.531,skip,"drawdown_deep,zombie",-31.0,-28.7,True,-27,-24.1,True,모나미,28345960500,283억,0.29억
006490,384.0,0.07563025210084029,0.2234669681882731,150493440.0,B2,B2,B2,breaking,breaking,normal,0.0,0.0,-0.24,-0.472,-0.691,skip,drawdown_deep,-31.0,-28.7,True,-20,-17.9,True,인스코비,55728496694,557억,1.5억
348950,1182.0,0.0,0.0,0.0,B2,B2,B2,breaking,breaking,normal,0.0,0.0,-0.317,-0.587,-0.617,reject,"drawdown_deep,pump_dump_trace",-31.0,-28.7,True,-20,-17.9,True,제이알글로벌리츠,233298432000,2333억,0.00억
008930,32900.0,-0.0251851851851852,0.37750456981231123,1459805900.0,B2,B2,B2,riding,riding,normal,0.0,0.0,-0.164,-0.143,-0.407,skip,"drawdown_deep,distribution_suspect",-31.0,-28.7,True,-36,-32.1,True,한미사이언스,2274019037500,2.27조,14.6억
013360,1540.0,-0.0019442644199610948,0.2919051951881936,192901940.0,B2,B2,B2,riding,riding,pump_dump_trace,0.0,0.0,-0.28,-0.245,-0.456,reject,"drawdown_deep,pump_dump_trace",-31.0,-28.7,True,-27,-24.1,True,일성건설,82928190800,829억,1.9억
249420,22350.0,-0.030368763557483747,0.4232702913900826,2386108350.0,B2,B2,B2,riding,riding,dry,0.0,0.0,-0.169,-0.464,-0.504,skip,drawdown_deep,-31.0,-28.7,True,-27,-24.1,True,일동제약,710278757400,7103억,23.9억
007460,4385.0,0.04156769596199528,0.19220329583067064,1217109370.0,C1,C1,C1,acceleration,pullback_ma10,pump_dump_trace,0.0,0.0,13.568,5.255,-0.438,reject,"parabolic,drawdown_deep,pump_dump_trace",-31.0,-28.7,True,9,8.0,True,에이프로젠,98323109770,983억,12.2억
002070,8700.0,-0.05434782608695654,0.7071190230577279,106749000.0,C1,C1,C1,acceleration,pullback_ma10,pump_dump_trace,0.0,0.0,22.2,13.452,-0.379,reject,"parabolic,drawdown_deep,pump_dump_trace",-31.0,-28.7,True,21,18.8,True,비비안,21158227200,212억,1.1억
308170,4545.0,-0.04916317991631802,1.174650693845252,111993345.0,B2,B2,B2,riding,riding,pump_dump_trace,0.0,0.0,-0.112,-0.359,-0.554,reject,"drawdown_deep,pump_dump_trace",-31.0,-28.7,True,-27,-24.1,True,씨티알모빌리티,38960250000,390억,1.1억
004415,9550.0,-0.04690618762475052,0.5236967455227654,9397200.0,B2,B2,C1,riding,riding,dry,0.0,0.0,7.162,6.262,-0.165,reject,"drawdown_deep,zombie",-33.0,-30.6,True,6,5.4,True,서울식품우,2137744500,21억,0.09억
001740,9200.0,0.09523809523809534,1.735110079271653,136662448800.0,A2,A2,A2,acceleration,riding,distribution_suspect,0.0,0.0,0.756,1.127,-0.112,watch,"parabolic,distribution_suspect",-33.0,-30.6,False,61,54.5,False,SK네트웍스,2046057667800,2.05조,1367억
079980,2415.0,-0.056640625,0.7491733995475766,664598340.0,B2,B2,B2,breaking,breaking,normal,0.0,0.0,-0.234,-0.055,-0.407,skip,"drawdown_deep,distribution_suspect",-33.0,-30.6,True,-32,-28.6,True,휴비스,83490000000,835억,6.6억
008420,2335.0,0.0021459227467810482,0.06589444006384106,229065835.0,B2,B2,B2,breaking,breaking,distribution_suspect,0.0,0.0,-0.051,0.153,-0.348,skip,"drawdown_deep,distribution_suspect",-33.0,-30.6,True,-40,-35.7,True,문배철강,47978201700,480억,2.3억
432320,1590.0,-0.044471153846153855,0.4507859315114989,878142690.0,B2,B2,B2,breaking,breaking,pump_dump_trace,0.0,0.0,-0.293,-0.549,-0.605,reject,"drawdown_deep,pump_dump_trace",-33.0,-30.6,True,-23,-20.5,True,KB스타리츠,238358334585,2384억,8.8억
014990,587.0,-0.028145695364238388,0.41372286959364407,58019667.0,B2,B2,B2,breaking,breaking,dry,0.0,0.0,-0.245,-0.294,-0.642,skip,drawdown_deep,-33.0,-30.6,True,-23,-20.5,True,인디에프,43790876085,438억,0.58억
009310,5330.0,0.0,,0.0,C1,C1,C1,acceleration,acceleration,pump_dump_trace,0.0,0.0,4.005,4.267,2.126,reject,"parabolic,pump_dump_trace",-34.0,-31.5,True,41,36.6,True,참엔지니어링,23329484620,233억,0.00억
005320,1109.0,-0.022045855379188684,0.8591065727484543,263194534.0,C1,A2,C1,acceleration,acceleration,pump_dump_trace,0.0,0.0,1.183,1.427,-0.057,reject,"parabolic,drawdown_deep,pump_dump_trace",-35.0,-32.4,True,46,41.1,True,온타이드,38529701315,385억,2.6억
069460,2660.0,0.0,,0.0,B2,B2,C1,riding,riding,normal,0.0,0.0,4.0,0.85,0.0,reject,"drawdown_deep,zombie",-36.0,-33.3,True,9,8.0,True,대호에이엘,46322277400,463억,0.00억
011930,28850.0,-0.0855784469096672,0.20005316064551035,24391924900.0,C1,C1,C1,acceleration,acceleration,pump_dump_trace,0.0,0.0,8.13,17.819,-0.411,reject,"parabolic,drawdown_deep,pump_dump_trace",-37.0,-34.3,True,14,12.5,True,신성이엔지,600047357250,6000억,244억
007610,9750.0,-0.010152284263959421,0.1876059172731637,11769234750.0,C1,C1,C1,acceleration,acceleration,pump_dump_trace,0.0,0.0,2.25,2.25,-0.412,reject,"parabolic,drawdown_deep,pump_dump_trace",-37.0,-34.3,True,14,12.5,True,선도전기,190260000000,1903억,118억
068290,7180.0,-0.027100271002710064,0.2725686873092019,49362500.0,B2,B2,B2,riding,riding,normal,0.0,0.0,-0.209,-0.297,-0.616,skip,drawdown_deep,-39.0,-36.1,True,-24,-21.4,True,삼성출판사,72000000000,720억,0.49억
001820,128200.0,0.2568627450980392,2.916711668247162,189031925600.0,A2,A2,A2,acceleration,acceleration,distribution_suspect,0.0,0.0,1.195,3.522,-0.029,watch,"parabolic,distribution_suspect",-39.0,-36.1,False,68,60.7,False,삼화콘덴서,1378377000000,1.38조,1890억
011090,1526.0,-0.05802469135802468,1.242846592307838,100152906.0,C1,C1,C1,acceleration,acceleration,pump_dump_trace,0.0,0.0,2.695,1.863,-0.313,reject,"parabolic,pump_dump_trace,distribution_suspect",-41.0,-38.0,True,29,25.9,True,에넥스,18477425120,185억,1.0억
004060,3150.0,-0.02927580893682591,0.33104273094250225,438218550.0,B2,B2,B2,riding,riding,pump_dump_trace,0.0,0.0,-0.315,-0.028,-0.651,reject,"drawdown_deep,zombie,pump_dump_trace",-41.0,-38.0,True,-27,-24.1,True,SG세계물산,63662649920,637억,4.4억
272450,6190.0,-0.004823151125401881,1.026455667159537,1196316540.0,B2,B2,B2,riding,riding,distribution_suspect,0.0,0.0,-0.046,-0.075,-0.32,skip,"drawdown_deep,distribution_suspect",-41.0,-38.0,True,-46,-41.1,True,진에어,323118000000,3231억,12.0억
011280,1822.0,-0.0021905805038334725,0.12257729746518983,42567386.0,B2,B2,B2,riding,riding,distribution_suspect,0.0,0.0,-0.096,-0.111,-0.356,skip,"drawdown_deep,distribution_suspect",-41.0,-38.0,True,-51,-45.5,True,태림포장,129574870200,1296억,0.43억
008500,1969.0,-0.039512195121951255,0.4909417431795015,51162496.0,B2,B2,B2,riding,riding,pump_dump_trace,0.0,0.0,-0.256,-0.379,-0.724,reject,"drawdown_deep,pump_dump_trace",-41.0,-38.0,True,-27,-24.1,True,일정실업,11538000000,115억,0.51억
012320,54500.0,-0.0267857142857143,0.45894728197266577,548215500.0,B2,B2,B2,riding,riding,distribution_suspect,0.0,0.0,-0.037,0.054,-0.474,skip,"drawdown_deep,pump_dump_trace,distribution_suspect",-41.0,-38.0,True,-41,-36.6,True,경동인베스트,131258776500,1313억,5.5억
101140,6300.0,-0.051204819277108404,0.6827969093548062,44900100.0,B2,B2,B2,riding,riding,dry,0.0,0.0,-0.282,-0.491,-0.559,skip,"drawdown_deep,zombie",-41.0,-38.0,True,-27,-24.1,True,인바이오젠,62876792160,629억,0.45억
036420,5540.0,-0.1316614420062696,2.0603414924586856,1248012420.0,B2,B2,B2,breaking,pullback_ma10,distribution_suspect,0.0,0.0,-0.074,-0.121,-0.519,skip,"drawdown_deep,distribution_suspect",-42.0,-38.9,True,-44,-39.3,True,콘텐트리중앙,108254170960,1083억,12.5억
069640,1328.0,-0.016296296296296253,0.15006887574404823,35886544.0,B2,A2,A2,acceleration,acceleration,pump_dump_trace,0.0,0.0,1.132,1.132,-0.245,watch,"parabolic,drawdown_deep,pump_dump_trace",-43.0,-39.8,True,52,46.4,False,한세엠케이,30109969344,301억,0.36억
007110,1262.0,-0.05680119581464871,0.6954789178075086,558347922.0,B2,B2,B1,breaking,breaking,dry,0.0,0.0,-0.204,-0.224,-0.501,skip,"drawdown_deep,distribution_suspect",-45.0,-41.7,True,-40,-35.7,True,일신석재,97750241820,978억,5.6억
037270,4130.0,-0.029377203290246734,0.27785788148748664,1130149720.0,B1,B1,B2,breaking,riding,distribution_suspect,0.0,0.0,-0.172,-0.382,-0.618,skip,"drawdown_deep,distribution_suspect",-52.0,-48.1,True,-54,-48.2,True,YG PLUS,262610328750,2626억,11.3억
009810,2110.0,0.004761904761904745,0.15704171254933572,8756500.0,B2,A2,A2,acceleration,acceleration,distribution_suspect,0.0,0.0,0.959,0.744,-0.117,watch,"parabolic,drawdown_deep,distribution_suspect",-63.0,-58.3,True,28,25.0,False,플레이그램,31972318750,320억,0.09억
