symbol,ts_kst,close,body_pct,wick,entry_close_to_ma10_pct,t+1_close,t+1_pct,t+2_close,t+2_pct,t+3_close,t+3_pct,t+4_close,t+4_pct,t+5_close,t+5_pct,t+6_close,t+6_pct,t+7_close,t+7_pct,t+8_close,t+8_pct,t+9_close,t+9_pct,t+10_close,t+10_pct,t+11_close,t+11_pct,t+12_close,t+12_pct,t+13_close,t+13_pct,t+14_close,t+14_pct,t+15_close,t+15_pct,t+16_close,t+16_pct,t+17_close,t+17_pct,t+18_close,t+18_pct,t+19_close,t+19_pct,t+20_close,t+20_pct,close_now,change_now_pct
PARTIUSDT,2026-06-04 01:00,0.05,6.609808102345428,0.9967845659164,3.7344398340249025,0.05131,2.6199999999999974,0.05298,5.959999999999993,0.05649,12.979999999999992,0.05553,11.06,0.05462,9.239999999999998,0.05273,5.459999999999993,0.05328,6.559999999999996,0.05269,5.3799999999999955,0.05094,1.8799999999999928,,,,,,,,,,,,,,,,,,,,,,,0.05094,1.8799999999999928
OPNUSDT,2026-06-04 00:00,0.1646,17.823908375089484,0.9325842696629215,29.311022075575465,0.2071,25.82017010935602,0.2439,48.17739975698664,0.2474,50.303766707168904,0.2527,53.52369380315917,0.2403,45.99027946537061,0.2626,59.53827460510328,0.2319,40.88699878493317,0.2278,38.39611178614824,0.2067,25.5771567436209,0.2024,22.96476306196841,,,,,,,,,,,,,,,,,,,,,0.2024,22.96476306196841
OPNUSDT,2026-06-03 23:00,0.1397,8.04331013147718,0.9203539823008839,13.697403760071605,0.1646,17.823908375089484,0.2071,48.24624194702936,0.2439,74.58840372226202,0.2474,77.09377236936294,0.2527,80.88761632068719,0.2403,72.01145311381534,0.2626,87.97423049391556,0.2319,65.99856836077309,0.2278,63.06370794559773,0.2067,47.95991410164639,0.2024,44.88188976377954,,,,,,,,,,,,,,,,,,,0.2024,44.88188976377954
OPNUSDT,2026-06-03 22:00,0.1293,7.750000000000003,0.9489795918367346,7.160616608652419,0.1397,8.04331013147718,0.1646,27.300850734725447,0.2071,60.170146945088945,0.2439,88.63109048723898,0.2474,91.33797370456304,0.2527,95.43696829079659,0.2403,85.84686774941997,0.2626,103.09358081979892,0.2319,79.35034802784222,0.2278,76.17942768754834,0.2067,59.86078886310905,0.2024,56.53518948182521,,,,,,,,,,,,,,,,,0.2024,56.53518948182521
VELVETUSDT,2026-06-03 22:00,0.10422,6.054747125267118,0.9519999999999986,6.101173811681104,0.10271,-1.4488581846094777,0.10172,-2.398771828823631,0.10491,0.6620610247553349,0.10422,0.0,0.10479,0.5469199769717915,0.10529,1.0266743427365204,0.10432,0.09595087315294844,0.10669,2.3699865668777584,0.1075,3.147188639416624,0.1086,4.202648244099031,0.10762,3.2623296872001535,0.10465,0.4125887545576796,,,,,,,,,,,,,,,,,0.10465,0.4125887545576796
MAGMAUSDT,2026-06-03 21:00,0.39169,7.915472779369622,0.9563914780292931,19.44827333829395,0.39081,-0.22466746661900786,0.38319,-2.170083484388166,0.4114,5.032040644387145,0.42057,7.373177768132967,0.43063,9.941535397891197,0.44973,14.817840639281075,0.43765,11.733769052056473,0.43583,11.26911588245807,0.43993,12.315862033751182,0.43484,11.016364982511687,0.44,12.333733309504971,0.4381,11.848655824759378,0.44613,13.898746457657854,,,,,,,,,,,,,,,0.44613,13.898746457657854
MAGMAUSDT,2026-06-03 19:00,0.36533,5.855934167825686,0.9683756588404411,18.253883477861194,0.36296,-0.6487285467933056,0.39169,7.215394301042892,0.39081,6.974516190841158,0.38319,4.888730736594309,0.4114,12.610516519311307,0.42057,15.120575917663487,0.43063,17.874250677469693,0.44973,23.10240056934827,0.43765,19.79580105657898,0.43583,19.29762132866176,0.43993,20.419894342101664,0.43484,19.02663345468481,0.44,20.439055100867712,0.4381,19.918977362932143,0.44613,22.116990118522992,,,,,,,,,,,0.44613,22.116990118522992
HAEDALUSDT,2026-06-03 19:00,0.02862,6.512839598064748,0.9358288770053464,6.830907054871228,0.02838,-0.838574423480086,0.02896,1.1879804332634523,0.02868,0.20964360587002454,0.02888,0.908455625436757,0.02813,-1.7120894479385074,0.02888,0.908455625436757,0.02942,2.7952480782669533,0.02989,4.437456324248778,0.0291,1.677148846960172,0.0286,-0.06988120195667082,0.02907,1.5723270440251538,0.02898,1.257861635220123,0.02852,-0.34940600978336617,0.02811,-1.7819706498951784,0.02712,-5.241090146750529,,,,,,,,,,,0.02712,-5.241090146750529
BRUSDT,2026-06-03 18:00,0.12395,6.294485893148099,1.0,10.570918822479927,0.12463,0.5486083098023397,0.12541,1.1778943122226615,0.12735,2.743041549011687,0.12711,2.5494150867285166,0.12918,4.219443323920923,0.12563,1.3553852359822405,0.12808,3.3319887051230292,0.12979,4.711577248890668,0.12991,4.808390480032266,0.12701,2.468737394110534,0.12825,3.469140782573617,0.13097,5.663574021782976,0.12741,2.7914481645824853,0.11973,-3.4045986284792265,0.11299,-8.842275110931837,0.10972,-11.480435659540142,,,,,,,,,0.10972,-11.480435659540142
MAGMAUSDT,2026-06-03 16:00,0.33756,12.482505831389554,0.926539698243879,17.416666376800517,0.33754,-0.0059248726152446975,0.34512,2.2396018485602425,0.36533,8.226685626259023,0.36296,7.524588221353234,0.39169,16.035667733143725,0.39081,15.77497333807322,0.38319,13.517596871667243,0.4114,21.874629695461532,0.42057,24.591183789548516,0.43063,27.571394715013618,0.44973,33.22964806256665,0.43765,29.651025002962424,0.43583,29.111861594975696,0.43993,30.326460481099645,0.43484,28.81858040052138,0.44,30.347197535252985,0.4381,29.784334636805294,0.44613,32.16317099182368,,,,,0.44613,32.16317099182368
MAGMAUSDT,2026-06-03 15:00,0.3001,8.331528409501116,0.9529314616019806,6.61654990123491,0.33756,12.482505831389554,0.33754,12.475841386204609,0.34512,15.001666111296238,0.36533,21.736087970676447,0.36296,20.94635121626126,0.39169,30.519826724425197,0.39081,30.22659113628791,0.38319,27.687437520826393,0.4114,37.087637454181944,0.42057,40.143285571476184,0.43063,43.495501499500186,0.44973,49.86004665111631,0.43765,45.83472175941353,0.43583,45.228257247584146,0.43993,46.594468510496505,0.43484,44.8983672109297,0.44,46.617794068643796,0.4381,45.98467177607465,0.44613,48.66044651782741,,,0.44613,48.66044651782741
BEATUSDT,2026-06-03 15:00,1.2165,7.021263493124769,0.9790235525024522,7.825766325211012,1.19552,-1.7246198109330046,1.21415,-0.1931771475544474,1.22719,0.8787505137690168,1.25113,2.846691327579134,1.2463,2.4496506370735758,1.235,1.5207562679819304,1.27651,4.933004521167293,1.269,4.315659679408138,1.27348,4.683929305384302,1.25161,2.886148787505136,1.28243,5.4196465269215,1.3101,7.694204685573378,1.37865,13.32922318125771,1.40118,15.181257706535156,1.33752,9.948212083847114,1.3146,8.064118372379784,1.29814,6.711056309083449,1.3172,8.277846280312373,1.30761,7.489519112207155,,,1.30761,7.489519112207155
SUSHIUSDT,2026-06-03 13:00,0.2166,7.868525896414333,1.0,7.605941676188564,0.2202,1.6620498614958539,0.218,0.6463527239150565,0.222,2.4930747922437746,0.2213,2.1698984302862465,0.2168,0.09233610341643848,0.2213,2.1698984302862465,0.2205,1.8005540166205054,0.2223,2.631578947368426,0.2232,3.0470914127423927,0.225,3.8781163434903134,0.2229,2.9085872576177287,0.2259,4.293628808864267,0.2301,6.232686980609424,0.2318,7.017543859649132,0.2279,5.216989843028626,0.2235,3.1855955678670442,0.2349,8.448753462603884,0.231,6.648199445983391,0.2299,6.140350877192986,0.2343,8.171745152354582,0.2167,0.046168051708225646
INUSDT,2026-06-03 13:00,0.08385,5.2730696798493355,1.0,0.96327513546056,0.08672,3.4227787716159948,0.094,12.104949314251648,0.0936,11.627906976744198,0.09588,14.347048300536688,0.09532,13.679189028026247,0.10085,20.27429934406679,0.10277,22.564102564102573,0.10635,26.833631484794285,0.10751,28.217054263565895,0.10888,29.85092426952893,0.10845,29.33810375670842,0.10955,30.64997018485391,0.11082,32.164579606440086,0.11623,38.61657722122839,0.11556,37.81753130590341,0.11418,36.171735241502695,0.11277,34.49016100178891,0.11087,32.22420989862851,0.1104,31.66368515205725,0.11448,36.52951699463328,0.10787,28.646392367322605
EPICUSDT,2026-06-03 13:00,0.431,5.070697220867865,0.9327354260089685,9.23560421735605,0.4222,-2.0417633410672797,0.4375,1.5081206496519735,0.4449,3.2250580046403763,0.4577,6.194895591647332,0.4708,9.234338747099768,0.571,32.482598607888626,0.4947,14.779582366589322,0.519,20.41763341067286,0.5162,19.76798143851508,0.5025,16.589327146171684,0.4613,7.030162412993038,0.4783,10.974477958236662,0.4603,6.798143851508119,0.4782,10.95127610208817,0.4767,10.603248259860793,0.4947,14.779582366589322,0.4812,11.64733178654293,0.4788,11.09048723897912,0.4751,10.232018561484924,0.4954,14.941995359628773,0.5013,16.310904872389788
IOUSDT,2026-06-03 13:00,0.1758,5.269461077844313,0.9565217391304365,3.3935187908016218,0.1786,1.5927189988623418,0.1784,1.4789533560864567,0.178,1.2514220705346868,0.1791,1.8771331058020462,0.1771,0.7394766780432284,0.1832,4.209328782707616,0.1817,3.356086461888503,0.1832,4.209328782707616,0.1854,5.460750853242319,0.189,7.508532423208185,0.1841,4.72127417519909,0.1849,5.176336746302614,0.1805,2.6734926052332093,0.1807,2.7872582480090937,0.1784,1.4789533560864567,0.1766,0.45506257110352394,0.1862,5.915813424345843,0.1841,4.72127417519909,0.1827,3.924914675767912,0.1819,3.4698521046643878,0.1752,-0.3412969283276548
ARKMUSDT,2026-06-03 13:00,0.1386,5.079605761940873,1.0,2.689486552567233,0.1398,0.8658008658008705,0.1405,1.37085137085138,0.146,5.339105339105331,0.1466,5.772005772005777,0.1459,5.266955266955268,0.1485,7.142857142857137,0.1464,5.6277056277056285,0.1493,7.72005772005771,0.1502,8.369408369408369,0.1529,10.317460317460322,0.152,9.668109668109665,0.151,8.946608946608944,0.1496,7.936507936507943,0.1493,7.72005772005771,0.1494,7.792207792207795,0.1453,4.834054834054842,0.1518,9.523809523809517,0.1491,7.575757575757583,0.1479,6.709956709956712,0.1454,4.9062049062049065,0.1389,0.21645021645021265
NEARUSDT,2026-06-03 13:00,2.8196,5.205029663072272,0.9432048681541584,4.730244219518984,2.8639,1.571144843240184,2.8112,-0.29791459781529167,2.857,1.3264292807490539,2.8693,1.7626613704071525,2.8301,0.37239324726911455,2.9557,4.826925805078747,2.9473,4.529011207263439,2.9738,5.468860831323604,3.0507,8.196198042275503,3.008,6.6817988367144325,2.9414,4.319761668321745,2.8525,1.1668321747765695,2.8017,-0.6348418215349705,2.8759,1.99673712583346,2.8504,1.0923535253227465,2.7973,-0.7908923251525035,2.9133,3.3231664065824984,2.8294,0.34756703078451745,2.8158,-0.13477088948787153,2.7889,-1.088806922967795,2.6969,-4.351681089516244
FETUSDT,2026-06-03 13:00,0.261,5.030181086519119,0.9541984732824436,4.861390116512667,0.2642,1.2260536398467359,0.2602,-0.30651340996169457,0.2645,1.3409961685823766,0.2624,0.5363984674329549,0.2632,0.8429118773946281,0.2689,3.026819923371633,0.2635,0.957854406130269,0.2637,1.034482758620682,0.2675,2.4904214559386997,0.2698,3.371647509578534,0.2661,1.9540229885057447,0.2623,0.4980842911877272,0.261,0.0,0.2626,0.6130268199233679,0.2584,-0.9961685823754755,0.2535,-2.873563218390807,0.2639,1.1111111111111163,0.2601,-0.3448275862069011,0.2537,-2.796934865900394,0.2501,-4.176245210727977,0.2452,-6.053639846743298
MYXUSDT,2026-06-03 11:00,0.3612,6.737588652482282,0.9460580912863084,2.5349873676441503,0.3799,5.177187153931338,0.4006,10.908084163898115,0.4056,12.292358803986708,0.4145,14.756367663344394,0.3993,10.548172757475074,0.3975,10.049833887043189,0.3882,7.475083056478396,0.3949,9.330011074197108,0.3839,6.284606866002214,0.3864,6.976744186046512,0.3948,9.302325581395337,0.3795,5.066445182724247,0.3702,2.4916943521594552,0.3552,-1.6611295681063138,0.3011,-16.638981173864906,0.2828,-21.705426356589154,0.2603,-27.93466223698783,0.2309,-36.07419712070875,0.2477,-31.423034330011077,0.2812,-22.1483942414175,0.291,-19.435215946843865
INITUSDT,2026-06-03 09:00,0.06848,5.907825549025679,0.9896373056994823,3.704152406336114,0.06946,1.4310747663551326,0.0675,-1.4310747663551326,0.06698,-2.1904205607476657,0.06752,-1.4018691588785084,0.06832,-0.2336448598130746,0.06842,-0.08761682242991312,0.06978,1.898364485981302,0.07037,2.75992990654206,0.06887,0.5695093457943947,0.06883,0.511098130841126,0.06867,0.2774532710280312,0.06819,-0.4234813084112129,0.06831,-0.24824766355140698,0.06778,-1.0221962616822318,0.06689,-2.3218457943925146,0.06674,-2.5408878504672976,0.06654,-2.832943925233641,0.0659,-3.76752336448598,0.0658,-3.9135514018691615,0.06468,-5.549065420560745,0.06145,-10.265771028037385
龙虾USDT,2026-06-03 08:00,0.007183,5.106818846941767,0.9775910364145654,1.1932434526576916,0.007575,5.4573298064875395,0.007493,4.315745510232487,0.007437,3.536126966448557,0.007484,4.190449672838648,0.007589,5.652234442433525,0.007663,6.682444661005145,0.007637,6.320478908534032,0.007788,8.42266462480857,0.008012,11.541138799944312,0.00814,13.323124042879012,0.009163,27.565084226646235,0.009056,26.075455937630508,0.009218,28.330781010719758,0.009408,30.975915355700955,0.009252,28.80412084087428,0.009213,28.261172212167622,0.008,11.374077683419184,0.008366,16.469441737435613,0.00842,17.221216761798694,0.008239,14.701378254211328,0.00865,20.423221495196987
SIRENUSDT,2026-06-03 08:00,0.56907,5.4712260216847355,0.9869608826479438,1.5007419879569706,0.57636,1.281037482207816,0.5724,0.5851652696504921,0.56742,-0.2899467552322086,0.56958,0.08961990616268832,0.5724,0.5851652696504921,0.5698,0.12827947352698413,0.57112,0.3602368777127588,0.57783,1.5393536823237897,0.57669,1.3390268332542694,0.5835,2.5357161684854335,0.58119,2.129790711160318,0.59742,4.981812430808159,0.5918,3.994236209956601,0.59402,4.384346389723589,0.60129,5.661869365807375,0.5937,4.328114291739161,0.58469,2.7448292828650396,0.59308,4.2191646018943345,0.59506,4.567100708172997,0.59105,3.8624422303055863,0.57673,1.3460558455023108
LITUSDT,2026-06-03 02:00,1.572,8.864265927977847,0.9846153846153847,14.360541248363162,1.576,0.2544529262086516,1.567,-0.3180661577608216,1.554,-1.1450381679389323,1.565,-0.4452926208651474,1.579,0.44529262086513327,1.606,2.162849872773539,1.585,0.8269720101781107,1.62,3.0534351145038197,1.602,1.9083969465648873,1.549,-1.4631043256997538,1.612,2.5445292620865163,1.637,4.134860050890582,1.669,6.170483460559795,1.631,3.753180661577604,1.664,5.8524173027989725,1.694,7.760814249363861,1.728,9.9236641221374,1.69,7.506361323155208,1.752,11.450381679389308,1.79,13.867684478371498,1.63,3.6895674300254346
VVVUSDT,2026-06-03 01:00,18.292,5.7769039495749865,0.997005988023952,2.148285894579318,18.632,1.858736059479553,18.314,0.1202711567898451,18.801,2.782637218456138,18.932,3.498797288432085,19.346,5.762081784386608,18.471,0.9785698666083451,18.502,1.1480428602667685,18.835,2.9685108244041065,19.532,6.778919746337188,19.53,6.767986004810843,18.788,2.711567898534871,19.227,5.111524163568766,19.312,5.576208178438659,19.552,6.888257161600689,19.386,5.98075661491361,19.268,5.3356658648589494,19.4,6.057292805598059,19.528,6.75705226328448,21.207,15.93592827465558,20.809,13.76011371091187,19.486,6.527443691231134
APRUSDT,2026-06-03 00:00,0.20023,13.015747587063272,0.9393075356415471,12.621632262781945,0.21753,8.640063926484547,0.22603,12.885182040653259,0.22836,14.048843829595972,0.23663,18.17909404185188,0.2434,21.56020576337213,0.2346,17.165259951056292,0.24403,21.8748439294811,0.24345,21.58517704639665,0.23166,15.696948509214412,0.23997,19.847175747889924,0.26313,31.413874044848416,0.24931,24.511811416870607,0.25098,25.345852269889622,0.241,20.361584178195077,0.24444,22.079608450282176,0.24329,21.505268940718185,0.2512,25.45572591519752,0.24996,24.83643809618938,0.2532,26.454577236178388,0.2547,27.203715726914048,0.2299,14.81795934675124
ASTSUSDT,2026-06-02 22:00,114.68,5.239974304854555,0.9844827586206915,4.544418615251377,115.37,0.6016742239274483,113.82,-0.7499128008371239,115.14,0.40111614928496137,117.42,2.3892570631321894,117.01,2.0317404952912437,118.13,3.0083711196372414,117.51,2.4677363097314253,117.45,2.4154168119986013,116.99,2.0143006627136275,116.46,1.5521450994070343,117.2,2.19741890477851,116.93,1.9619811649808159,116.67,1.7352633414719172,116.27,1.3864666899197673,115.99,1.1423090338332647,115.83,1.0027903732124097,116.68,1.7439832577607253,117.16,2.1625392396232903,113.8,-0.7673526334147276,112.53,-1.8747820020927848,105.21,-8.257760725497047
COHRUSDT,2026-06-02 22:00,416.4,9.005235602094235,0.96062552359676,9.736332371427423,428.73,2.961095100864563,427.05,2.5576368876080777,423.67,1.7459173871277711,426.87,2.514409221902024,423.77,1.7699327569644585,426.43,2.4087415946205644,427.46,2.656099903938521,429.07,3.042747358309322,428.79,2.9755043227665814,426.75,2.485590778097988,444.79,6.8179634966378595,444.69,6.793948126801158,456.91,9.728626320845352,457.72,9.923150816522588,452.32,8.626320845341022,445.06,6.882804995196932,440.36,5.7540826128722475,444.52,6.753121998078772,445.33,6.947646493756006,425.09,2.0869356388088374,401.88,-3.4870317002881803
XANUSDT,2026-06-02 22:00,0.010359,5.060851926977682,1.0,7.033259973342419,0.010772,3.9868713196254477,0.011034,6.516072980017379,0.010811,4.363355536248665,0.011142,7.558644656820163,0.010971,5.907906168549085,0.010923,5.444540978858966,0.011225,8.359880297326,0.011641,12.375711941307078,0.011192,8.04131672941404,0.011419,10.232647938990251,0.011836,14.258133024423197,0.011712,13.061106284390386,0.011936,15.22347716961097,0.011298,9.064581523313068,0.011774,13.659619654406793,0.012056,16.381890143836284,0.010337,-0.21237571194130175,0.010447,0.8495028477652239,0.010653,2.838111786852004,0.010314,-0.4344048653344908,0.009385,-9.402451974128786
ZORAUSDT,2026-06-02 22:00,0.0124,8.013937282229955,0.9892473118279574,10.349737474414871,0.01189,-4.112903225806452,0.01166,-5.967741935483866,0.01202,-3.0645161290322593,0.0122,-1.6129032258064417,0.01231,-0.7258064516129017,0.01197,-3.467741935483869,0.01196,-3.5483870967741886,0.01206,-2.741935483870968,0.01169,-5.725806451612894,0.0119,-4.032258064516118,0.01211,-2.3387096774193576,0.01187,-4.274193548387091,0.01221,-1.5322580645161226,0.0122,-1.6129032258064417,0.0126,1.6129032258064557,0.01277,2.98387096774194,0.01318,6.290322580645171,0.01242,0.16129032258065257,0.01273,2.661290322580649,0.01352,9.032258064516139,0.01198,-3.3870967741935503
MYXUSDT,2026-06-02 20:00,0.3413,6.589631480324799,0.9768518518518519,10.296018614270942,0.3394,-0.556694989745096,0.3485,2.1095810137708715,0.3488,2.197480222677998,0.35,2.5490770583064712,0.3496,2.431878113096991,0.352,3.135071784353937,0.3496,2.431878113096991,0.3501,2.5783767946088574,0.3503,2.6369762672135972,0.3473,1.7579841781423984,0.3452,1.1426897157925622,0.3511,2.8713741576325904,0.3775,10.606504541459131,0.3384,-0.849692352768829,0.3612,5.830647524172291,0.3799,11.309698212716093,0.4006,17.37474362730736,0.4056,18.839730442426024,0.4145,21.447406973337237,0.3993,16.993847055376502,0.291,-14.737767360093763
LABUSDT,2026-06-02 18:00,18.75549,5.616119228501597,0.9084466629623897,4.1902958954873375,18.89347,0.7356779268363496,19.15445,2.1271638330963296,19.78482,5.4881530687814495,19.40598,3.4682644921566843,18.94332,1.001466770529579,19.61669,4.591722210403442,19.9624,6.434969174359065,20.5869,9.764660907286336,21.71308,15.769196112711528,22.57741,20.377606770071047,24.34804,29.818202563622698,20.93591,11.625502719470395,8.10445,-56.78891887122117,16.02922,-14.535850569619896,15.4235,-17.765411620810763,14.0,-25.355189333896377,13.51915,-27.91897199166751,13.9808,-25.457559359952743,14.137,-24.624736543806645,14.284,-23.840966031812556,16.20066,-13.62177154529155
USELESSUSDT,2026-06-02 17:00,0.09153,5.037870094101452,0.9909706546275399,9.69427499670424,0.08827,-3.5616737681634425,0.09257,1.1362394843220793,0.0953,4.118868130667535,0.09737,6.3804217196547555,0.1,9.253796569430794,0.09711,6.096361848574239,0.09418,2.8952256090899153,0.09842,7.5275865836337745,0.09807,7.145198295640778,0.09388,2.5674642193816286,0.09397,2.6657926362941087,0.09733,6.336720201026985,0.09689,5.856003496121494,0.0944,3.135583961542661,0.09374,2.4145089041844243,0.09573,4.588659455916088,0.09678,5.735824319895121,0.0956,4.446629520375837,0.094,2.6985687752649405,0.10049,9.789140172620995,0.09331,1.9447175789358722
USELESSUSDT,2026-06-02 16:00,0.08714,5.85519922254615,0.9043151969981219,5.653697394425113,0.09153,5.037870094101452,0.08827,1.296763828322247,0.09257,6.231351847601566,0.0953,9.364241450539364,0.09737,11.739729171448248,0.1,14.757860913472587,0.09711,11.441358733073224,0.09418,8.078953408308474,0.09842,12.944686711039704,0.09807,12.543034197842564,0.09388,7.7346798255680635,0.09397,7.837961900390181,0.09733,11.693826027082862,0.09689,11.188891439063585,0.0944,8.331420702318113,0.09374,7.5740188202892,0.09573,9.857700252467296,0.09678,11.062657792058769,0.0956,9.708515033279792,0.094,7.872389258664225,0.09331,7.080560018361267
USUSDT,2026-06-02 15:00,0.011296,12.174776564051633,0.93730886850153,22.09779929958061,0.011559,2.328257790368266,0.01123,-0.5842776203966014,0.011787,4.346671388101984,0.011456,1.416430594900838,0.011347,0.4514872521246367,0.010885,-3.6384560906515575,0.011511,1.9033286118980162,0.011505,1.8502124645892273,0.01128,-0.14164305949008843,0.011282,-0.12393767705382544,0.011207,-0.7878895184136024,0.011351,0.4868980169971626,0.011592,2.6203966005665666,0.011847,4.8778328611897965,0.012866,13.89872521246459,0.014229,25.964943342776202,0.016305,44.34313031161473,0.011865,5.037181303116148,0.012758,12.942634560906512,0.012715,12.561968838526912,0.013137,16.297804532577892
MUSDT,2026-06-02 02:00,3.26338,7.552872082024656,0.9079275781466665,8.421073964596323,3.29866,1.0810877066109295,3.24699,-0.5022400088252164,3.29693,1.0280751858502524,3.25002,-0.4093914898050499,3.25506,-0.2549503888606392,3.25894,-0.13605525559390022,3.24237,-0.6438110180242562,3.28064,0.5288994845834635,3.32783,1.9749462214023465,3.28348,0.6159258192426191,3.3604,2.9729911931800665,3.34359,2.457881092609493,3.39567,4.053772469035166,3.3612,2.997505653647446,3.36964,3.256133211578174,3.33765,2.275861223639289,3.31415,1.555748947410353,3.31026,1.43654738338777,3.30987,1.4245965839099313,3.3256,1.9066121628495591,3.36358,3.070436173537854
PIEVERSEUSDT,2026-06-02 00:00,0.85355,5.429908966266876,0.9617151607963264,11.80564379118784,0.90748,6.318317614668141,0.8844,3.6143166774061193,0.86835,1.7339347431316179,0.88416,3.586198816706686,0.90338,5.8379708277195155,0.86597,1.4550992911955933,0.90022,5.467752328510338,0.91889,7.655087575420298,0.88581,3.779509109015284,0.91555,7.263780680686538,0.9882,15.775291429910364,0.93836,9.9361490246617,0.95325,11.680627965555622,0.93536,9.584675765918801,0.94525,10.743365942241228,0.92127,7.933923027356335,0.90485,6.010192724503545,0.951,11.417023021498439,0.98975,15.956885946927535,1.0123,18.598793275144978,0.86865,1.7690820690059166
INFQUSDT,2026-06-01 23:00,17.236,7.029309488325891,1.0,5.837780083879334,18.25,5.883035507078204,18.328,6.33557669993037,18.195,5.563935948015779,18.265,5.970062659549779,17.732,2.877697841726611,17.907,3.8930146205616114,17.911,3.9162218612207047,17.912,3.9220236713854626,17.912,3.9220236713854626,17.802,3.2838245532606116,17.65,2.4019494082153514,17.602,2.1234625203063335,17.579,1.9900208865165931,17.584,2.019029937340444,17.611,2.175678811789278,17.685,2.6050127639823515,17.88,3.7363657461127775,18.143,5.2622418194476674,18.169,5.4130888837317235,17.941,4.090276166163833,17.095,-0.818055233232779
CRWVUSDT,2026-06-01 23:00,126.79,6.761535870663524,0.9745145631067968,8.915824105969358,123.51,-2.5869548071614488,125.56,-0.9701080526855461,127.32,0.4180140389620529,125.17,-1.2777032889029138,125.02,-1.3960091489865212,125.36,-1.1278491994636854,126.0,-0.6230775297736464,125.1,-1.3329126902752677,126.56,-0.18140231879486077,124.47,-1.8297973026263958,125.45,-1.056865683413521,125.55,-0.9779951100244569,125.51,-1.0095433393800781,127.26,0.37069169492862125,127.5,0.5599810710623817,128.89,1.6562820411704235,129.3,1.9796513920656245,129.78,2.3582301443331453,129.62,2.232037226910638,127.98,0.9385598233299137,107.83,-14.9538607145674
MRVLUSDT,2026-06-01 23:00,214.33,6.679607784580169,0.9378057302585614,4.979330342273871,214.86,0.24728222833947702,218.68,2.0295805533523046,224.5,4.745019362665044,223.58,4.31577473988709,219.52,2.4214995567582687,219.19,2.2675313768487775,221.13,3.1726776466196904,218.84,2.1042317920962956,220.05,2.668781785097746,216.99,1.2410768441188804,217.09,1.2877338683338733,224.39,4.693696636028542,257.95,20.351793962581056,254.25,18.625484066626225,254.1,18.555498530303726,258.48,20.599076190920545,260.0,21.30826295898847,271.36,26.608500909811973,275.79,28.67540708253628,272.73,27.24770214155741,289.17,34.91811692250268
POETUSDT,2026-06-01 23:00,14.06,10.222640326121043,1.0,13.492351777858497,14.116,0.3982930298719713,13.584,-3.385490753911813,13.729,-2.3541963015647314,14.103,0.3058321479374058,13.915,-1.0312944523470935,13.86,-1.4224751066856405,13.946,-0.8108108108108162,13.934,-0.8961593172119574,14.102,0.2987197724039816,14.094,0.2418207681365499,14.003,-0.4054054054054081,13.979,-0.5761024182076906,13.988,-0.5120910384068346,13.972,-0.6258890469416853,14.019,-0.2916073968705574,14.345,2.0270270270270276,14.291,1.6429587482219052,15.314,8.918918918918916,15.638,11.22332859174964,15.197,8.086770981507813,14.524,3.3001422475106588
EPICUSDT,2026-06-01 22:00,0.333,10.119047619047624,0.9652996845425871,12.816343124301241,0.3361,0.9309309309309283,0.3369,1.1711711711711588,0.335,0.6006006006006012,0.3438,3.243243243243236,0.3458,3.8438438438438367,0.346,3.90390390390389,0.3476,4.384384384384385,0.3617,8.618618618618619,0.3778,13.453453453453454,0.3584,7.62762762762762,0.3358,0.8408408408408315,0.3349,0.5705705705705577,0.3349,0.5705705705705577,0.3541,6.3363363363363385,0.3479,4.474474474474465,0.37,11.111111111111104,0.3615,8.558558558558548,0.3537,6.216216216216215,0.3928,17.957957957957944,0.4171,25.255255255255253,0.5013,50.540540540540526
MYXUSDT,2026-06-01 20:00,0.2948,6.464427591188166,0.9371727748691111,6.138613861386142,0.3086,4.681139755766614,0.3024,2.578018995929442,0.3003,1.8656716417910464,0.2985,1.2550881953866964,0.3033,2.883310719131617,0.3136,6.377204884667566,0.3021,2.4762550881953773,0.3085,4.647218453188598,0.3106,5.359565807326995,0.3282,11.329715061058339,0.3468,17.639077340569877,0.3362,14.04341926729986,0.3167,7.4287652645861515,0.2918,-1.0176390773405708,0.2963,0.5088195386702854,0.3008,2.0352781546811416,0.3019,2.408412483039347,0.3077,4.375848032564439,0.3122,5.902306648575295,0.3075,4.308005427408409,0.291,-1.2890094979647306
HUSDT,2026-06-01 13:00,0.66264,10.160925655007306,0.9433554560889033,27.858110376604884,0.61797,-6.741216950380295,0.66995,1.1031631051551427,0.65,-1.9075214294337777,0.70204,5.945913316431243,0.71341,7.661777133888685,0.7385,11.448146806712549,0.7313,10.361583967161646,0.82186,24.02812990462393,0.80932,22.135699625739473,0.77992,17.69890136424,0.65786,-0.7213569962573957,0.56895,-14.138898949655928,0.59553,-10.12767113364723,0.62958,-4.9891343716044885,0.68653,3.605275866232036,0.68042,2.683206567668722,0.71811,8.37106120970663,0.69093,4.269286490402034,0.67909,2.482494265362786,0.70536,6.446939514668595,0.55648,-16.020765423155865
FFUSDT,2026-06-01 10:00,0.11084,8.91225311977989,0.9255102040816319,8.291891786269083,0.11584,4.511006856730426,0.11215,1.1818837964633757,0.11755,6.053771201732234,0.1164,5.016239624684238,0.1158,4.474918801876584,0.11273,1.7051605918441022,0.11529,4.0147961024900845,0.11621,4.844821364128474,0.11614,4.781667268134247,0.11239,1.3984121255864397,0.11248,1.4796102490075809,0.11466,3.446409238542046,0.1129,1.8585348249729399,0.11252,1.515698303861423,0.11313,2.066041140382534,0.11234,1.3533020570191279,0.11127,0.3879465896788162,0.11192,0.9743774810537816,0.11153,0.6225189462288074,0.11063,-0.1894622879826669,0.09441,-14.823168531216169
HUSDT,2026-06-01 09:00,0.52735,14.061080590041964,0.9539251650770355,25.51290473062387,0.62995,19.45576941310326,0.65516,24.236275718213708,0.60152,14.064662937328166,0.66264,25.65468853702475,0.61797,17.184033374419272,0.66995,27.040864700862816,0.65,23.257798426092734,0.70204,33.12600739546791,0.71341,35.28207073101356,0.7385,40.03982175026075,0.7313,38.67450459846401,0.82186,55.84716032995165,0.80932,53.46923295723903,0.77992,47.894187920735746,0.65786,24.748269650137484,0.56895,7.888499099269929,0.59553,12.928794917986162,0.62958,19.385607281691485,0.68653,30.184886697639136,0.68042,29.026263392433876,0.55648,5.523845643310892
PIXELUSDT,2026-06-01 07:00,0.00744,6.437768240343359,0.9656652360515032,9.031756964696589,0.00725,-2.553763440860216,0.007313,-1.7069892473118329,0.007159,-3.776881720430107,0.007331,-1.465053763440868,0.007325,-1.5456989247311896,0.007401,-0.524193548387108,0.007381,-0.7930107526881722,0.007298,-1.9086021505376427,0.007229,-2.8360215053763476,0.00735,-1.2096774193548476,0.007294,-1.9623655913978533,0.007253,-2.5134408602150606,0.007258,-2.4462365591397948,0.007133,-4.126344086021517,0.007141,-4.018817204301084,0.007045,-5.309139784946241,0.007059,-5.1209677419354875,0.007203,-3.1854838709677447,0.007333,-1.438172043010757,0.007353,-1.1693548387096808,0.006286,-15.51075268817205
HUSDT,2026-06-01 07:00,0.46111,14.334242499380121,0.9361943319838057,15.585535451979526,0.46234,0.26674763071717233,0.52735,14.365335820086306,0.62995,36.61599184576348,0.65516,42.08323393550344,0.60152,30.450434820324872,0.66264,43.70540651905185,0.61797,34.017913296176616,0.66995,45.29071154388325,0.65,40.96419509444601,0.70204,52.25000542169981,0.71341,54.71579449589035,0.7385,60.15701242653597,0.7313,58.5955628808744,0.82186,78.23512827741753,0.80932,75.515603652057,0.77992,69.13968467393894,0.65786,42.668777515126536,0.56895,23.387044306130843,0.59553,29.15139554553143,0.62958,36.53575068855587,0.55648,20.682700440242012
VELVETUSDT,2026-05-31 19:00,0.1006,7.59358288770053,0.9673024523160757,5.291802729632411,0.09858,-2.0079522862823005,0.09858,-2.0079522862823005,0.09964,-0.9542743538767283,0.09677,-3.807157057654076,0.09724,-3.3399602385685907,0.09688,-3.697813121272367,0.09827,-2.316103379721669,0.0987,-1.8886679920477127,0.09938,-1.2127236580516887,0.09933,-1.2624254473160967,0.09891,-1.6799204771371743,0.09862,-1.9681908548707712,0.09771,-2.8727634194830913,0.09822,-2.365805168986077,0.09754,-3.041749502982101,0.09718,-3.3996023856858772,0.09487,-5.695825049701789,0.0954,-5.168986083499003,0.09321,-7.345924453280313,0.09195,-8.59840954274353,0.10465,4.025844930417507
HOMEUSDT,2026-05-31 15:00,0.03117,8.304378040305767,1.0,8.470211581291755,0.0324,3.9461020211742013,0.03182,2.0853384664741776,0.03195,2.5024061597690066,0.03221,3.336541546358687,0.03168,1.6361886429258905,0.03203,2.7590632017966095,0.03374,8.245107475136347,0.03365,7.956368302855308,0.03317,6.416426050689761,0.03456,10.875842155919155,0.03539,13.5386589669554,0.03635,16.618543471286497,0.03601,15.527751042669236,0.03649,17.067693294834783,0.0386,23.837022778312488,0.03765,20.78922040423485,0.03887,24.703240295155602,0.03856,23.708694257298678,0.03796,21.78376644209176,0.03963,27.141482194417705,0.03812,22.29708052614694
KITEUSDT,2026-05-31 11:00,0.20876,5.588993981083408,1.0,5.566568226870029,0.20476,-1.9160758766047152,0.20387,-2.342402759149265,0.20574,-1.4466372868365562,0.20578,-1.4274765280705166,0.20951,0.3592642268633841,0.21187,1.4897489940601656,0.21145,1.2885610270166687,0.20939,0.3017819505652384,0.20776,-0.4790189691511788,0.20608,-1.2837708373251524,0.21088,1.0155202146005033,0.20571,-1.4610078559110926,0.20746,-0.6227246598965298,0.20579,-1.422686338379,0.20524,-1.6861467714121459,0.20388,-2.3376125694577485,0.20449,-2.0454109982755297,0.2049,-1.8490132209235497,0.2051,-1.7532094270933112,0.20578,-1.4274765280705166,0.19233,-7.870281663153861
PRLUSDT,2026-05-31 01:00,0.1955,8.07075732448867,0.9931972789115654,6.92993491221354,0.2015,3.0690537084399003,0.207,5.882352941176461,0.2052,4.961636828644494,0.2055,5.1150895140664865,0.2041,4.398976982097185,0.2013,2.9667519181585673,0.2029,3.7851662404092017,0.2006,2.6086956521739095,0.228,16.624040920716112,0.2115,8.184143222506385,0.2063,5.524296675191818,0.2005,2.55754475703325,0.1993,1.9437340153452676,0.1964,0.46035805626597653,0.1952,-0.1534526854219922,0.1973,0.9207161125319673,0.195,-0.25575447570332505,0.1981,1.3299232736572844,0.1992,1.892583120204594,0.1956,0.05115089514065933,0.2082,6.496163682864445
WLDUSDT,2026-05-30 22:00,0.3232,5.483028720626626,0.9767441860465109,7.690257230441154,0.3304,2.22772277227724,0.3495,8.13737623762376,0.3397,5.105198019801985,0.342,5.816831683168329,0.3681,13.892326732673265,0.3598,11.324257425742582,0.3746,15.903465346534654,0.3662,13.304455445544566,0.3515,8.75618811881188,0.3441,6.466584158415851,0.3419,5.785891089108909,0.3401,5.2289603960396125,0.3435,6.280940594059419,0.3482,7.735148514851492,0.3483,7.766089108910895,0.3435,6.280940594059419,0.3395,5.04331683168318,0.3398,5.136138613861387,0.338,4.57920792079209,0.3376,4.455445544554463,0.509,57.48762376237625
HUSDT,2026-05-30 22:00,0.34699,8.282103292245283,0.9622915155910085,13.887822185461998,0.3445,-0.7175999308337553,0.36588,5.443960921063996,0.38488,10.919623043891749,0.38669,11.441251909276911,0.39261,13.147352949652724,0.39393,13.527767370817598,0.38737,11.637222974725487,0.38328,10.458514654600993,0.37538,8.181791982477872,0.37096,6.907980057062161,0.35636,2.700366004783996,0.35942,3.5822357993025724,0.35217,1.492838410328817,0.35381,1.9654745093518524,0.38489,10.922504971324818,0.38825,11.890832588835403,0.39368,13.455719184990908,0.39284,13.213637280613275,0.39381,13.493184241620787,0.39106,12.700654197527307,0.55648,60.37349779532549
HUSDT,2026-05-30 19:00,0.33539,13.089658428027118,0.9048951048951055,16.49935739344888,0.33972,1.2910343182563584,0.32045,-4.454515638510393,0.34699,3.4586600673842387,0.3445,2.7162407942991593,0.36588,9.09090909090908,0.38488,14.755955753003958,0.38669,15.295625987656148,0.39261,17.060735263424668,0.39393,17.45430692626494,0.38737,15.49837502608902,0.38328,14.278899191985445,0.37538,11.92343242195652,0.37096,10.605563672142875,0.35636,6.252422552848919,0.35942,7.164793225796832,0.35217,5.003130683681673,0.35381,5.49211365872566,0.38489,14.758937356510327,0.38825,15.7607561346492,0.39368,17.379766838605786,0.55648,65.92027192223976
MYXUSDT,2026-05-30 13:00,0.2181,7.174447174447176,0.9542483660130715,5.6174334140435835,0.2195,0.6419073819348979,0.2191,0.45850527281063774,0.2197,0.733608436497028,0.2211,1.3755158184319134,0.219,0.4126547455295791,0.22,0.8711600183402168,0.2189,0.3668042182485204,0.219,0.4126547455295791,0.221,1.3296652911508546,0.2194,0.5960568546538393,0.2192,0.5043558000917092,0.2194,0.5960568546538393,0.2206,1.1462631820265945,0.2213,1.4672168729940434,0.2218,1.6964695093993625,0.2295,5.226960110041276,0.2325,6.602475928473189,0.2302,5.547913801008711,0.2358,8.115543328748291,0.2246,2.9802842732691457,0.291,33.42503438789546
EDGEUSDT,2026-05-30 10:00,1.3457,6.522599540884968,1.0,3.84689585986032,1.3339,-0.8768670580366955,1.3267,-1.411904584974356,1.3162,-2.1921676450917635,1.3309,-1.0997993609273928,1.352,0.4681578360704611,1.3463,0.04458646057814937,1.3623,1.2335587426618244,1.3337,-0.8917292115627399,1.3633,1.307869510292046,1.3332,-0.928884595377867,1.3672,1.5976815040499426,1.3758,2.2367541056699127,1.3819,2.690049788214313,1.3853,2.942706398157099,1.3809,2.615739020584092,1.3758,2.2367541056699127,1.3761,2.259047335958996,1.3779,2.3928067176933943,1.3829,2.764360555844551,1.392,3.440588541279632,0.6212,-53.83815114810135
HUSDT,2026-05-30 08:00,0.28439,5.419431367461158,0.9599474720945502,6.925191092261946,0.27834,-2.1273603150603044,0.28052,-1.360807342030305,0.28083,-1.251802102746212,0.27794,-2.268012236717169,0.27964,-1.6702415696754374,0.28045,-1.3854214283202642,0.2829,-0.5239284081718736,0.28188,-0.8825908083969045,0.28278,-0.5661239846689408,0.29657,4.282851014451994,0.33539,17.93312001125217,0.33972,19.455677063187892,0.32045,12.679770737367713,0.34699,22.01202573930168,0.3445,21.136467526987587,0.36588,28.65431273954781,0.38488,35.3352790182496,0.38669,35.97172896374697,0.39261,38.0533774042688,0.39393,38.5175287457365,0.55648,95.67495340905096
CLANKERUSDT,2026-05-30 07:00,19.45,5.420054200542006,0.909090909090908,5.1010483086566465,19.83,1.9537275064267303,19.85,2.05655526992289,19.56,0.5655526992287889,19.45,0.0,19.51,0.3084832904884436,19.84,2.00514138817481,20.05,3.084832904884326,20.02,2.9305912596401043,19.98,2.724935732647821,19.88,2.210796915167094,20.27,4.215938303341904,20.22,3.9588688946015402,20.39,4.832904884318773,20.14,3.547557840616973,20.19,3.804627249357337,20.26,4.164524421593843,19.92,2.4164524421593954,19.83,1.9537275064267303,19.81,1.8508997429305885,19.81,1.8508997429305885,16.42,-15.578406169665799
XANUSDT,2026-05-30 05:00,0.011064,9.198578760363194,0.9800210304942149,11.192627357969112,0.010811,-2.286695589298624,0.010975,-0.8044107013738142,0.01096,-0.9399855386840196,0.010899,-1.491323210412134,0.010645,-3.7870571221981133,0.010826,-2.151120751988419,0.011046,-0.16268980477222453,0.011123,0.5332610267534349,0.010865,-1.7986261749819192,0.010971,-0.8405639913232045,0.010589,-4.293203181489513,0.010498,-5.115690527838022,0.010557,-4.582429501084588,0.010517,-4.943962400578443,0.010351,-6.444323933477931,0.010372,-6.254519161243673,0.010296,-6.941431670281993,0.01027,-7.176428054952997,0.010368,-6.290672451193046,0.010634,-3.8864786695589286,0.009385,-15.17534345625452
BASEDUSDT,2026-05-30 04:00,0.07349,5.090805090805081,0.9971988795518218,10.250986393026976,0.07693,4.68090896720642,0.07693,4.68090896720642,0.07967,8.409307388760382,0.07648,4.068580759286987,0.07669,4.354333922982711,0.07548,2.707851408354886,0.0784,6.681181113076606,0.07691,4.6536943801877895,0.07968,8.422914682269699,0.07877,7.184650972921496,0.07813,6.313784188324949,0.07215,-1.8233773302490053,0.07305,-0.5987209144101183,0.07194,-2.1091304939447486,0.07197,-2.0683086134167827,0.0738,0.42182609878895727,0.07377,0.38100421826099123,0.07593,3.32017961627432,0.07417,0.9252959586338279,0.07445,1.306300176894819,0.06156,-16.233501156619955
HOODUSDT,2026-05-30 00:00,93.04,5.427762039660064,0.9580000000000013,7.058200814673343,93.42,0.40842648323301317,93.04,0.0,91.92,-1.2037833190025844,94.42,1.4832330180567448,94.33,1.3865004299226051,93.87,0.8920894239036954,94.32,1.3757523645743623,94.15,1.1930352536543416,94.26,1.3112639724849515,94.41,1.472484952708502,94.36,1.4187446259673184,94.47,1.5369733447979284,94.32,1.3757523645743623,94.47,1.5369733447979284,94.56,1.633705932932068,94.67,1.7519346517626777,94.57,1.6444539982802955,94.61,1.6874462596732513,94.64,1.7196904557179644,94.66,1.741186586414435,80.47,-13.510318142734315
APRUSDT,2026-05-29 23:00,0.18919,6.874929386509991,0.9143501126972199,7.412538181157519,0.19036,0.6184259210317693,0.19165,1.3002801416565304,0.19157,1.257994608594531,0.19218,1.5804217981922897,0.19172,1.3372799830857893,0.19218,1.5804217981922897,0.19009,0.4757122469475194,0.18977,0.30657011469950696,0.18913,-0.03171414979650325,0.19032,0.5972831545007623,0.19087,0.8879961943020322,0.19095,0.9302817273640317,0.19252,1.7601353137057982,0.19531,3.2348432792430963,0.20424,7.954965907288973,0.20688,9.350388498335013,0.21386,13.039801257994608,0.21249,12.315661504307847,0.2175,14.963793012315662,0.21953,16.036788413763944,0.2299,21.51805063692584
PANWUSDT,2026-05-29 22:00,273.32,5.0261297264063876,1.0,4.473333154955539,272.11,-0.4427045221718058,273.91,0.21586418849701153,275.25,0.706132006439341,276.65,1.2183521147372984,278.43,1.86960339528758,281.93,3.1501536660324945,280.25,2.535489536074933,280.99,2.806234450461004,281.45,2.974535343187471,281.78,3.0952729401434143,281.88,3.1318600907361343,281.79,3.0989316552027026,281.4,2.956241767891111,281.51,2.996487633543099,281.39,2.952583052831843,281.44,2.970876628128203,281.46,2.9781940582467388,281.56,3.0147812088394588,281.31,2.9233133323576794,282.8,3.4684618761890893,272.5,-0.30001463486023455
INUSDT,2026-05-29 21:00,0.10747,8.2603001913972,0.9070796460176984,11.607281941574161,0.10309,-4.075555969107653,0.10353,-3.6661393877361115,0.10334,-3.8429329115101845,0.10585,-1.5073974132315962,0.10587,-1.488787568623793,0.10635,-1.0421512980366576,0.10735,-0.1116590676467806,0.10678,-0.6420396389690111,0.1071,-0.3442821252442499,0.1076,0.12096398995068867,0.1052,-2.112217362985014,0.10495,-2.344840420582483,0.10393,-3.2939424955801635,0.10196,-5.1270121894482195,0.10498,-2.316925653670785,0.10609,-1.2840792779380221,0.10451,-2.754257001954025,0.1059,-1.4608728017121075,0.10408,-3.154368661021671,0.10323,-3.9452870568530694,0.10787,0.37219689215594826
10000NEXUSDT,2026-05-29 20:00,0.03505,7.680491551459278,0.9433962264150927,1.1368882733148618,0.03475,-0.8559201141226668,0.03479,-0.7417974322396472,0.03482,-0.6562054208273924,0.03518,0.37089871611984343,0.0357,1.8544935805991578,0.03576,2.025677603423687,0.03564,1.6833095577746087,0.03534,0.8273894436519417,0.0352,0.4279600570613532,0.03523,0.513552068473608,0.03501,-0.1141226818830196,0.03515,0.28530670470756886,0.03521,0.45649072753209824,0.03554,1.3980028530670594,0.03551,1.3124108416547848,0.03538,0.9415121255349613,0.03559,1.5406562054208242,0.03539,0.9700427960057063,0.03482,-0.6562054208273924,0.03435,-1.9971469329529221,0.02934,-16.291012838801702
MEMEUSDT,2026-05-29 18:00,0.0005129,7.2115384615384786,0.9718309859154953,6.221264962929225,0.0004897,-4.523298888672259,0.0004882,-4.81575355819849,0.0004866,-5.127705205693125,0.0004872,-5.0107233378826335,0.0004919,-4.094365373367142,0.0005069,-1.169818678104901,0.0005024,-2.047182686683582,0.0005012,-2.2811464223045452,0.0004959,-3.314486254630549,0.0004975,-3.002534607135903,0.0005089,-0.7798791187366148,0.0005046,-1.6182491713784437,0.000505,-1.5402612595047822,0.0005023,-2.0666796646519865,0.0005078,-0.9943458763891732,0.0005071,-1.1308247221680703,0.000514,0.2144667576525585,0.000522,1.7742249951257456,0.0005214,1.6572431273152535,0.0005144,0.29245466952621996,0.000543,5.8685903684928675
USTCUSDT,2026-05-29 18:00,0.00646,7.308970099667763,0.9361702127659564,6.249999999999988,0.0064,-0.9287925696594318,0.00669,3.5603715170278667,0.00669,3.5603715170278667,0.00655,1.3931888544891746,0.00661,2.32198142414862,0.00665,2.941176470588237,0.00661,2.32198142414862,0.00656,1.5479876160990753,0.00657,1.7027863777089896,0.0066,2.1671826625387056,0.00652,0.9287925696594453,0.00648,0.3095975232198151,0.00644,-0.30959752321980166,0.00648,0.3095975232198151,0.00649,0.46439628482972933,0.00658,1.8575851393188907,0.0066,2.1671826625387056,0.00653,1.0835913312693595,0.00654,1.2383900928792604,0.00674,4.334365325077411,0.00603,-6.656346749226004
AZTECUSDT,2026-05-29 03:00,0.02443,6.495204882301664,0.9030303030303028,5.803378085751412,0.02359,-3.4383954154727814,0.02466,0.9414654113794557,0.02468,1.023331968890709,0.02421,-0.900532132623829,0.02447,0.16373311502250662,0.02453,0.4093327875562808,0.02498,2.251330331559551,0.02434,-0.3683995088006541,0.02437,-0.24559967253377415,0.02442,-0.040933278755626655,0.02418,-1.023331968890709,0.02376,-2.7425296766270995,0.02376,-2.7425296766270995,0.02379,-2.6197298403602196,0.02376,-2.7425296766270995,0.02369,-3.0290626279165003,0.02359,-3.4383954154727814,0.02311,-5.403192795742946,0.02312,-5.362259516987304,0.02265,-7.2861236185018425,0.02079,-14.899713467048715
XPLUSDT,2026-05-29 02:00,0.09336,7.768671360960407,0.9926253687315622,8.145676953016416,0.09464,1.3710368466152563,0.09399,0.6748071979434507,0.09452,1.2425021422450817,0.09593,2.75278491859469,0.09439,1.1032562125107146,0.09544,2.227934875749784,0.09594,2.763496143958868,0.09726,4.177377892030849,0.09558,2.377892030848329,0.09629,3.138389031705229,0.09803,5.002142245072845,0.09608,2.9134532990574122,0.09749,4.423736075407021,0.09809,5.066409597257924,0.0996,6.683804627249352,0.09786,4.820051413881752,0.09371,0.37489288774636154,0.09254,-0.8783204798628976,0.09179,-1.681662382176523,0.0927,-0.7069408740359833,0.0855,-8.419023136246778
ALLOUSDT,2026-05-29 01:00,0.1195,9.935602575896954,0.9729729729729722,18.716471289489366,0.1267,6.025104602510471,0.1461,22.259414225941434,0.1468,22.845188284518844,0.1459,22.092050209205027,0.1548,29.539748953974893,0.1608,34.56066945606695,0.1618,35.39748953974896,0.1715,43.514644351464455,0.1701,42.34309623430963,0.1875,56.903765690376574,0.1927,61.25523012552303,0.194,62.343096234309634,0.2304,92.80334728033473,0.2423,102.76150627615061,0.2901,142.76150627615064,0.2757,130.7112970711297,0.28,134.30962343096238,0.304,154.39330543933053,0.2693,125.35564853556484,0.2621,119.3305439330544,0.1764,47.61506276150628
ONDSUSDT,2026-05-29 00:00,13.416,5.604534005037781,0.9902642559109879,10.820165040764564,13.459,0.320512820512815,13.155,-1.9454382826475924,13.202,-1.5951103160405515,13.258,-1.1776982707215358,13.117,-2.2286821705426316,13.211,-1.5280262373285634,13.271,-1.0807990459153216,13.672,1.9081693500298167,13.554,1.0286225402504465,13.646,1.714370900417415,13.58,1.222420989862848,13.553,1.0211687537268965,13.582,1.237328562909961,13.589,1.2895050685748362,13.593,1.3193202146690488,13.49,0.5515802027429922,12.978,-3.2647584973166417,13.071,-2.571556350626123,13.068,-2.5939177101967856,13.03,-2.8771615980918384,11.35,-15.399522957662498
INFQUSDT,2026-05-29 00:00,17.6,7.049449546864562,1.0,10.53610008541427,17.796,1.113636363636352,17.768,0.9545454545454503,17.891,1.6534090909090728,17.792,1.090909090909092,18.322,4.102272727272714,18.158,3.1704545454545445,18.177,3.2784090909090806,18.126,2.9886363636363624,18.287,3.9034090909090766,18.248,3.68181818181818,18.252,3.7045454545454395,18.156,3.159090909090894,18.227,3.5624999999999933,18.98,7.840909090909085,19.02,8.068181818181808,18.667,6.062500000000001,18.487,5.03977272727271,18.118,2.943181818181802,18.187,3.335227272727271,18.207,3.4488636363636327,17.095,-2.8693181818181963
SMCIUSDT,2026-05-28 23:00,41.021,7.208007735932894,0.9974683544303805,7.308689385279031,42.799,4.334365325077396,42.413,3.3933838765510247,42.018,2.430462446064211,41.575,1.3505277784549428,41.44,1.021428049048041,43.579,6.235830428317203,45.206,10.202091611613568,46.728,13.912386338704568,45.177,10.131396114185415,45.247,10.302040418322319,45.165,10.102142804904801,45.244,10.294727091002166,45.327,10.497062480193065,45.54,11.016308719923936,45.519,10.965115428682862,45.657,11.3015284854099,45.665,11.321030691596983,45.767,11.569683820482197,45.606,11.177201920967311,45.471,10.848102191560411,45.15,10.065576168304034
ARMUSDT,2026-05-28 23:00,340.38,5.567099835623232,0.9841008771929813,10.614982646336228,341.73,0.396615547329462,348.9,2.503084787590335,343.79,1.0018214936247798,342.57,0.6433985545566713,335.66,-1.3866854691814943,342.26,0.552323873318055,342.44,0.6052059462953177,343.42,0.8931194547270758,342.56,0.6404606616134928,339.01,-0.402491333215819,342.57,0.6433985545566713,344.41,1.1839708561020124,347.94,2.2210470650449508,350.27,2.905576120806154,348.95,2.517774252306244,349.65,2.7234267583289213,344.58,1.23391503613608,347.08,1.9683882719313675,347.01,1.9478230213291017,346.44,1.780363123567778,391.97,15.156589693871563
SOXLUSDT,2026-05-28 23:00,220.8,5.358591401441055,0.9876868953386115,4.2197677711696535,227.26,2.92572463768115,232.03,5.086050724637676,227.76,3.152173913043469,226.32,2.4999999999999916,224.87,1.8432971014492723,225.5,2.128623188405792,227.51,3.0389492753623095,226.43,2.5498188405797078,227.63,3.0932971014492683,223.83,1.3722826086956526,225.38,2.0742753623188332,224.47,1.6621376811594146,225.52,2.137681159420289,227.95,3.238224637681149,227.76,3.152173913043469,229.48,3.931159420289845,227.43,3.002717391304346,229.92,4.130434782608685,230.72,4.4927536231884,230.56,4.420289855072459,263.35,19.270833333333336
ALLOUSDT,2026-05-28 23:00,0.1055,5.289421157684631,0.94642857142857,9.701570136217105,0.1087,3.033175355450245,0.1195,13.270142180094785,0.1267,20.09478672985783,0.1461,38.483412322274894,0.1468,39.146919431279635,0.1459,38.29383886255925,0.1548,46.72985781990521,0.1608,52.417061611374415,0.1618,53.36492890995261,0.1715,62.55924170616115,0.1701,61.23222748815167,0.1875,77.72511848341233,0.1927,82.65402843601898,0.194,83.88625592417063,0.2304,118.38862559241707,0.2423,129.6682464454976,0.2901,174.9763033175356,0.2757,161.3270142180095,0.28,165.4028436018958,0.304,188.15165876777255,0.1764,67.20379146919431
ARMUSDT,2026-05-28 22:00,322.43,5.077399380804948,0.9860759493670904,6.436427977235831,340.38,5.567099835623232,341.73,5.985795366436129,348.9,8.209533852309018,343.79,6.624693731972836,342.57,6.246317030053031,335.66,4.103216201966324,342.26,6.150172130384885,342.44,6.205998201159939,343.42,6.5099401420463385,342.56,6.243215581676641,339.01,5.1422014080575575,342.57,6.246317030053031,344.41,6.816983531309127,347.94,7.911794808175415,350.27,8.634432279874693,348.95,8.225041094190981,349.65,8.442142480538402,344.58,6.869708153707774,347.08,7.645070247805719,347.01,7.623360109170978,391.97,21.56747200942841
ONDSUSDT,2026-05-28 22:00,13.137,11.78522804628999,0.957152729785764,11.966249041165941,12.704,-3.2960341021542194,13.416,2.1237725508106866,13.459,2.451092334627382,13.155,0.13701758392326183,13.202,0.4947857197229162,13.258,0.9210626474841946,13.117,-0.15224175991474137,13.211,0.5632945116845539,13.271,1.0200197914287916,13.672,4.07246707771942,13.554,3.1742406942224237,13.646,3.874552789830253,13.58,3.37215498211159,13.553,3.166628606226691,13.582,3.3873791581030694,13.589,3.440663774073228,13.593,3.4711121260561737,13.49,2.6870670624952404,12.978,-1.210321991322225,13.071,-0.5023978077186627,11.35,-13.602801248382438
HUSDT,2026-05-28 16:00,0.26167,7.62555011722124,0.9522342064714953,15.489862031830667,0.2615,-0.06496732525700442,0.24721,-5.526044254213322,0.25772,-1.5095349103833107,0.25885,-1.0776932777926356,0.26429,1.0012611304314638,0.26193,0.09936179156952744,0.26624,1.7464745672029511,0.25931,-0.9018993388619362,0.2663,1.7694042114113069,0.26719,2.109527267168559,0.25835,-1.2687736461955859,0.2596,-0.7910727251882204,0.26148,-0.07261053999313008,0.25849,-1.2152711430427698,0.25368,-3.0534642870791444,0.24838,-5.0789161921504276,0.24753,-5.403752818435438,0.24623,-5.900561776283108,0.24666,-5.736232659456577,0.24967,-4.58592884167081,0.55648,112.66480681774753
HUSDT,2026-05-28 15:00,0.24313,5.287545470292754,0.9509345794392531,6.4431534107077875,0.26167,7.62555011722124,0.2615,7.555628676016944,0.24721,1.6781145889030562,0.25772,6.000904865709699,0.25885,6.465676798420603,0.26429,8.70316291695801,0.26193,7.73248879200427,0.26624,9.505202977830775,0.25931,6.654875992267499,0.2663,9.529881133549939,0.26719,9.895940443384186,0.25835,6.260025500760914,0.2596,6.774153744910123,0.26148,7.547402624110548,0.25849,6.317607864105616,0.25368,4.339242380619423,0.24838,2.159338625426717,0.24753,1.809731419405251,0.24623,1.2750380454900634,0.24666,1.4518981614773896,0.55648,128.88166824332657
ONDSUSDT,2026-05-28 10:00,11.321,5.843305908750935,0.9556574923547402,4.355440844356364,11.547,1.9962900803815995,11.38,0.521155374966885,11.199,-1.0776433177281148,11.19,-1.1571415952654378,11.38,0.521155374966885,11.486,1.457468421517542,11.815,4.363572122604008,11.909,5.193887465771583,11.759,3.8689161734829134,11.703,3.3742602243618025,11.752,3.807084179842778,13.137,16.04098577864147,12.704,12.21623531490152,13.416,18.50543238229839,13.459,18.8852574860878,13.155,16.1999823337161,13.202,16.61514000529989,13.258,17.109795954420985,13.117,15.86432293966965,13.211,16.69463828283721,11.35,0.25616111650914153
GENIUSUSDT,2026-05-28 02:00,0.71837,5.403938140094479,0.956374967540898,6.437800035559768,0.70454,-1.9251917535531688,0.6987,-2.7381432966298656,0.70987,-1.1832342664643503,0.7133,-0.7057644389381389,0.727,1.201330790539698,0.71405,-0.6013614154265895,0.70792,-1.4546821275944095,0.70943,-1.2444840402577988,0.78995,9.964224563943384,0.75338,4.873533137519677,0.71778,-0.08213037849575837,0.74624,3.8796163536896118,0.72372,0.7447415677158118,0.66985,-6.754179601041248,0.67709,-5.7463424140763095,0.63204,-12.01748402633739,0.6793,-5.438701504795571,0.64284,-10.514080487770924,0.64625,-10.03939474087169,0.63079,-12.191489065523337,0.45274,-36.976766847167895
BEATUSDT,2026-05-27 13:00,1.10875,7.051133510987519,0.9113939847747398,8.141296174017008,1.1072,-0.13979706877113332,1.10961,0.07756482525367153,1.14981,3.7032694475761083,1.15111,3.8205186020293285,1.18292,6.689515219842171,1.22356,10.354904171364158,1.23077,11.005186020293126,1.2338,11.278466741826392,1.21094,9.216685456595267,1.21565,9.641488162344984,1.21637,9.706426155580614,1.18473,6.852762119503961,1.12302,1.2870349492671935,1.19376,7.667192784667422,1.16983,5.508906426155583,1.17521,5.994137542277357,1.1754,6.011273957158972,1.18198,6.604735062006776,1.1877,7.12063134160091,1.23591,11.468771138669688,1.30761,17.935512965050737
USARUSDT,2026-05-27 01:00,27.94,7.131901840490809,0.9207920792079208,6.369208512582321,28.28,1.2168933428775943,27.49,-1.6105941302791797,27.75,-0.6800286327845428,27.71,-0.8231925554760214,27.74,-0.7158196134574188,27.77,-0.6084466714388035,27.82,-0.42949176807444883,27.85,-0.32211882605583336,27.9,-0.14316392269149142,27.88,-0.21474588403723074,27.83,-0.3937007874015855,27.75,-0.6800286327845428,27.73,-0.7516105941302822,27.77,-0.6084466714388035,27.75,-0.6800286327845428,28.12,0.6442376521116667,28.27,1.1811023622047183,27.99,0.178954903364342,28.23,1.0379384395132396,27.84,-0.3579098067287094,27.38,-2.0042949176807525
RDWUSDT,2026-05-26 22:00,21.794,10.221008445860521,0.900623885918004,10.35718987675076,22.306,2.349270441405894,21.873,0.36248508763880255,22.295,2.2987978342663173,22.598,3.689088740020182,21.833,0.17894833440395488,22.038,1.1195741947324942,22.779,4.519592548407815,22.99,5.487748921721565,23.239,6.630265210608425,24.332,11.6454069927503,24.533,12.567679177755348,24.572,12.746627512159304,25.013,14.770120216573373,26.116,19.831146187023947,26.118,19.840323024685684,25.475,16.889969716435722,26.094,19.730200972744797,26.118,19.840323024685684,27.103,24.359915573093517,26.145,19.964210333119205,18.126,-16.830320271634392
MUUSDT,2026-05-26 22:00,859.67,5.449928855306407,0.9210199004975113,7.686102283445916,881.33,2.5195714634685498,873.71,1.6331848267358495,884.68,2.909255877255225,898.03,4.462177347121572,906.35,5.429990577779853,898.35,4.499400932916127,903.04,5.044959112217479,910.04,5.859225051473241,912.36,6.129096048483727,915.2,6.459455372410354,960.46,11.724266288226886,944.11,9.822373701536643,951.02,10.626170507287682,935.57,8.828969255644619,930.92,8.288064024567566,923.73,7.451696581246299,926.0,7.71575139297638,940.59,9.412914257796604,936.38,8.923191457187064,946.02,10.044551979247855,1050.85,22.238766038130905
WDCUSDT,2026-05-26 22:00,528.74,5.488498294196275,0.9690031701303278,6.27063900261485,531.65,0.5503650187237524,528.65,-0.01702159851723566,527.99,-0.141846654310247,529.17,0.08132541513786548,524.47,-0.8075802852063361,525.84,-0.5484737299996174,530.54,0.34043197034458417,531.62,0.5446911525513476,528.2,-0.10212959110337096,530.48,0.32908423799977476,534.36,1.0629042629647851,534.47,1.0837084389302905,537.31,1.6208344365850769,534.97,1.1782728751371219,532.31,0.6751900745167637,530.0,0.23830237924121325,529.86,0.21182433710330303,533.52,0.9040360101373024,535.15,1.2123160721715718,535.42,1.2633808677232572,584.05,10.460717933199671
RDWUSDT,2026-05-26 17:00,20.405,8.479532163742704,0.9968750000000006,8.4968362843622,20.355,-0.24503798088704093,20.044,-1.769174222004414,19.941,-2.2739524626317187,19.773,-3.097280078412161,21.794,6.807155109041899,22.306,9.316344033325164,21.873,7.19431511884342,22.295,9.26243567753002,22.598,10.747365841705452,21.833,6.998284734133777,22.038,8.00294045577064,22.779,11.634403332516534,22.99,12.668463611859822,23.239,13.888752756677283,24.332,19.24528301886792,24.533,20.230335702033813,24.572,20.42146532712569,25.013,22.582700318549374,26.116,27.988238176917413,26.118,27.998039696152887,18.126,-11.168831168831169
IOUSDT,2026-05-26 15:00,0.1725,5.3756872327428065,1.0,9.184125577568198,0.1696,-1.6811594202898472,0.1702,-1.3333333333333313,0.175,1.449275362318842,0.1762,2.1449275362318896,0.1796,4.115942028985521,0.1827,5.913043478260879,0.1818,5.391304347826089,0.181,4.927536231884063,0.177,2.6086956521739157,0.1795,4.057971014492757,0.181,4.927536231884063,0.177,2.6086956521739157,0.1819,5.449275362318852,0.1811,4.985507246376826,0.1804,4.579710144927547,0.1836,6.434782608695667,0.1814,5.159420289855084,0.1799,4.289855072463779,0.1788,3.6521739130434785,0.1774,2.8405797101449366,0.1752,1.5652173913043526
WLDUSDT,2026-05-26 15:00,0.3615,5.5166374781085725,0.9356435643564345,7.804252527361098,0.3625,0.27662517289073335,0.3693,2.157676348547726,0.3792,4.896265560165974,0.3944,9.100968188105114,0.398,10.096818810511767,0.3897,7.800829875518674,0.3966,9.709543568464737,0.3906,8.049792531120337,0.4046,11.922544951590602,0.3976,9.986168741355469,0.3992,10.42876901798064,0.3816,5.560165975103736,0.3808,5.338865836791159,0.3873,7.13692946058091,0.376,4.011065006915633,0.3828,5.892116182572611,0.3753,3.8174273858921257,0.3726,3.0705394190871367,0.364,0.6915629322268333,0.3601,-0.38727524204702973,0.509,40.80221300138313
PHAUSDT,2026-05-25 16:00,0.03978,8.186021212945352,0.9261538461538471,7.362625499298287,0.04046,1.7094017094017095,0.04088,2.7652086475615807,0.04091,2.8406234288587204,0.04219,6.058320764203105,0.04958,24.635495223730505,0.04664,17.244846656611358,0.04938,24.13273001508295,0.04799,20.638511814982387,0.04848,21.870286576168926,0.05352,34.53996983408747,0.05103,28.280542986425328,0.04931,23.9567621920563,0.04779,20.13574660633483,0.04871,22.448466566113627,0.04785,20.286576168929095,0.04885,22.800402212166905,0.04574,14.982403217697335,0.04636,16.540975364504764,0.04664,17.244846656611358,0.04499,13.097033685268977,0.03636,-8.597285067873301
INUSDT,2026-05-25 16:00,0.08499,9.354091610910961,0.9417098445595847,10.778013842363888,0.08308,-2.2473232144958173,0.08558,0.6941993175667811,0.08731,2.729732909754092,0.09103,7.106718437463236,0.09202,8.271561360160028,0.0949,11.660195317096132,0.09439,11.060124720555367,0.09416,10.789504647605598,0.09023,6.165431227203211,0.0899,5.7771502529709355,0.09161,7.7891516649017545,0.09124,7.3538063301564955,0.09154,7.706789034004001,0.09274,9.118719849394056,0.09262,8.977526767855041,0.09034,6.294858218613964,0.0878,3.306271326038366,0.09387,10.448288033886339,0.09217,8.448052712083781,0.09543,12.283798093893406,0.10787,26.920814213436874
SOONUSDT,2026-05-25 13:00,0.1798,7.923169267707077,0.9428571428571413,9.634146341463403,0.1793,-0.2780867630700781,0.1764,-1.8909899888765218,0.1753,-2.5027808676306877,0.1756,-2.335928809788644,0.1795,-0.1668520578420438,0.1832,1.8909899888765374,0.1799,0.05561735261402489,0.1801,0.16685205784205923,0.1796,-0.1112347052280189,0.1792,-0.3337041156840876,0.1774,-1.334816462736366,0.1768,-1.6685205784204533,0.1767,-1.7241379310344782,0.1762,-2.0022246941045565,0.1775,-1.2791991101223563,0.1786,-0.6674082313681752,0.1773,-1.3904338153503752,0.1735,-3.5038932146829813,0.1731,-3.7263626251390347,0.1709,-4.949944382647382,0.15,-16.573971078976637
UBUSDT,2026-05-25 12:00,0.16521,5.693813575586969,0.9559613319011822,0.6138780282822263,0.16571,0.3026451183342415,0.16981,2.7843350886750153,0.17129,3.6801646389443747,0.17851,8.05036014769082,0.17368,5.126808304582051,0.17883,8.244053023424728,0.17742,7.39059378972217,0.1841,11.433932570667645,0.18637,12.8079414079051,0.19134,15.816233884147458,0.19823,19.98668361479329,0.19487,17.95290841958719,0.19175,16.064402881181532,0.18519,12.09369892863628,0.18288,10.695478481932081,0.1841,11.433932570667645,0.1845,11.67604866533503,0.19027,15.16857333091217,0.18924,14.545124387143632,0.19003,15.023303674111743,0.10466,-36.65032383027661
BASUSDT,2026-05-24 13:00,0.022449,5.0786369593709,0.9765976597659781,4.189582434107013,0.021994,-2.0268163392578757,0.022126,-1.4388168738028437,0.02225,-0.886453739587515,0.02258,0.5835449240500654,0.022072,-1.6793621096708042,0.023065,2.7439975054568064,0.022812,1.6169985300013308,0.022321,-0.5701812998351804,0.022594,0.6459085037195389,0.022507,0.2583634014878125,0.022802,1.572453115951709,0.023041,2.637088511737711,0.022987,2.3965432758697505,0.022977,2.3519978618201285,0.023004,2.472270479754109,0.023065,2.7439975054568064,0.023032,2.5969976390930563,0.02275,1.3408169628936664,0.02268,1.0289990645462985,0.022748,1.3319078800837483,0.023319,3.8754510223172494
BASUSDT,2026-05-24 06:00,0.022523,14.872239506298781,0.9086942972888756,8.55190229702246,0.021925,-2.6550637126492975,0.022062,-2.0467966079119257,0.021737,-3.4897660169604485,0.021735,-3.498645828708433,0.022306,-0.9634595746570256,0.021364,-5.145850907960752,0.022449,-0.32855303467566993,0.021994,-2.3487102073436117,0.022126,-1.762642631976209,0.02225,-1.2120943036007743,0.02258,0.25307463481773307,0.022072,-2.0023975491719574,0.023065,2.4064289837055335,0.022812,1.2831327975846805,0.022321,-0.8968609865470887,0.022594,0.3152333170536702,0.022507,-0.07103849398393697,0.022802,1.2387337388447277,0.023041,2.2998712427296435,0.022987,2.060116325533895,0.023319,3.5341650757003866
GRASSUSDT,2026-05-24 05:00,0.5386,8.58870967741935,0.9487750556792856,17.02081432233954,0.5388,0.037133308577790194,0.5318,-1.2625324916449903,0.5343,-0.7983661344225716,0.5328,-1.0768659487560186,0.5431,0.8354994430003824,0.5411,0.46416635722243926,0.5342,-0.8169327887114667,0.5428,0.7797994801336765,0.5309,-1.4296323802450668,0.5183,-3.7690308206461167,0.5274,-2.079465280356478,0.5217,-3.137764574823601,0.5376,-0.18566654288897158,0.5386,0.0,0.5309,-1.4296323802450668,0.5369,-0.3156331229112373,0.5505,2.209431860378764,0.5344,-0.7797994801336765,0.5265,-2.246565168956554,0.5186,-3.7133308577794315,0.4603,-14.537690308206457
ZECUSDT,2026-05-24 05:00,663.66,7.952567626917381,0.9535790910864054,9.612707053656797,640.13,-3.545490160624412,635.75,-4.205466654612297,630.29,-5.028177078624598,637.31,-3.970406533465935,636.53,-4.087936594039117,638.12,-3.8483560859476187,635.47,-4.24765693276677,637.6,-3.9267094596630727,638.16,-3.8423289033541272,633.74,-4.508332579935503,628.37,-5.317481843112431,637.24,-3.980954103004544,647.74,-2.398818672211669,639.27,-3.675074586384593,647.39,-2.4515565199047678,652.52,-1.6785703522888207,653.98,-1.4585781876261865,644.57,-2.8764728927462735,660.0,-0.5514872073049406,675.22,1.7418557695205468,600.46,-9.522948497724729
PLUMEUSDT,2026-05-24 05:00,0.0146,7.988165680473368,0.9642857142857142,9.453482270035234,0.01426,-2.328767123287671,0.01429,-2.123287671232873,0.01437,-1.5753424657534199,0.01449,-0.7534246575342516,0.01493,2.2602739726027425,0.01514,3.698630136986305,0.01501,2.8082191780821963,0.01496,2.465753424657529,0.01551,6.232876712328762,0.01616,10.68493150684932,0.01653,13.219178082191776,0.01631,11.712328767123298,0.01654,13.287671232876704,0.01595,9.246575342465745,0.01583,8.424657534246577,0.01567,7.32876712328767,0.01578,8.08219178082191,0.01539,5.410958904109582,0.01545,5.821917808219179,0.01551,6.232876712328762,0.01216,-16.71232876712328
DYMUSDT,2026-05-24 04:00,0.0274,5.914186316196367,0.9622641509433977,10.394842868654322,0.02759,0.6934306569343036,0.02862,4.452554744525543,0.02787,1.7153284671532782,0.02831,3.3211678832116704,0.02921,6.605839416058392,0.02914,6.350364963503644,0.02969,8.357664233576644,0.02946,7.518248175182479,0.02914,6.350364963503644,0.027,-1.459854014598544,0.026,-5.109489051094897,0.02662,-2.846715328467151,0.02709,-1.1313868613138731,0.02684,-2.0437956204379613,0.02523,-7.9197080291970865,0.02569,-6.240875912408758,0.02526,-7.810218978102188,0.02545,-7.116788321167884,0.02557,-6.678832116788327,0.02574,-6.058394160583948,0.01811,-33.90510948905109
UBUSDT,2026-05-24 02:00,0.13817,5.032307107563654,0.9443651925820253,12.385414379021164,0.13641,-1.273793153361789,0.13569,-1.7948903524643427,0.13283,-3.86480422667727,0.13511,-2.2146630961858436,0.13419,-2.880509517261333,0.13477,-2.460736773539833,0.13612,-1.4836795252225494,0.13823,0.043424766591882824,0.13792,-0.18093652746616504,0.1359,-1.6429036693927728,0.13319,-3.6042556271259936,0.13567,-1.8093652746616304,0.13804,-0.0940869942823994,0.14284,3.3798943330679654,0.14159,2.47521169573714,0.14714,6.492002605485999,0.15059,8.98892668451908,0.14921,7.990157052905858,0.15397,11.435188535861627,0.15639,13.186654121734106,0.10466,-24.25273214156473
NEARUSDT,2026-05-24 01:00,2.4004,6.254703200389525,0.9127906976744181,12.346719086398943,2.3501,-2.0954840859856696,2.3889,-0.47908681886351623,2.3876,-0.5332444592567873,2.3996,-0.03332777870354574,2.411,0.44159306782203656,2.4166,0.6748875187468752,2.4501,2.07048825195801,2.3982,-0.09165139143475079,2.3884,-0.4999166805532416,2.4052,0.19996667222129294,2.3861,-0.5957340443259449,2.392,-0.34994167638726725,2.3501,-2.0954840859856696,2.395,-0.22496250624895225,2.3871,-0.5540743209464942,2.3801,-0.8456923846025564,2.3608,-1.6497250458256993,2.3565,-1.8288618563572667,2.3974,-0.12497917013829653,2.3835,-0.7040493251124685,2.6969,12.352107982003
GENIUSUSDT,2026-05-23 20:00,0.65046,12.639617642474931,0.9526233359436189,6.78000325038291,0.64615,-0.662608000491965,0.67613,3.9464379054822696,0.65424,0.5811272022876126,0.65956,1.3990099314331392,0.65888,1.294468529963408,0.66963,2.947145097315732,0.66652,2.469021922946832,0.65711,1.0223534114318995,0.66031,1.5143129477600334,0.66011,1.4835654767395283,0.65638,0.910125142207042,0.6601,1.4820281031885099,0.65619,0.8809150447375723,0.6508,0.05227070073486563,0.6594,1.3744119546167248,0.65892,1.3006180241674987,0.66157,1.7080220151892433,0.65618,0.8793776711865369,0.71384,9.743873566399163,0.71964,10.635550225993898,0.45274,-30.396949850874773
GMTUSDT,2026-05-23 15:00,0.01255,11.160318866253329,0.9130434782608694,17.740876254808146,0.01329,5.896414342629477,0.01253,-0.15936254980080414,0.01255,0.0,0.01227,-2.231075697211161,0.01205,-3.984063745019924,0.01257,0.15936254980079032,0.01326,5.657370517928277,0.01313,4.621513944223099,0.0125,-0.39840637450198957,0.01247,-0.6374501992031889,0.0129,2.788844621513941,0.01299,3.5059760956175254,0.01327,5.737051792828686,0.01304,3.904382470119515,0.01304,3.904382470119515,0.01305,3.984063745019924,0.0127,1.1952191235059688,0.01235,-1.5936254980079723,0.01226,-2.3107569721115566,0.01217,-3.0278884462151403,0.00935,-25.49800796812749
BANUSDT,2026-05-23 15:00,0.087,5.492906511458703,0.9207317073170728,6.865165641006758,0.08515,-2.1264367816091845,0.0858,-1.379310344827578,0.08748,0.551724137931044,0.08889,2.172413793103452,0.09054,4.068965517241381,0.09132,4.965517241379316,0.09303,6.93103448275863,0.0942,8.27586206896553,0.0939,7.931034482758625,0.094,8.04597701149426,0.09478,8.942528735632195,0.09524,9.471264367816106,0.09648,10.896551724137934,0.09698,11.471264367816095,0.09717,11.689655172413808,0.09608,10.436781609195409,0.09488,9.05747126436783,0.09712,11.632183908045983,0.09749,12.057471264367816,0.09892,13.701149425287356,0.07311,-15.965517241379313
MYXUSDT,2026-05-23 12:00,0.1905,11.468695143358692,0.9898989898989896,9.842587787579987,0.1955,2.624671916010501,0.1987,4.30446194225721,0.2016,5.8267716535433065,0.1883,-1.1548556430446233,0.1995,4.724409448818902,0.1956,2.6771653543307052,0.1996,4.776902887139106,0.2027,6.404199475065611,0.2004,5.1968503937007835,0.2004,5.1968503937007835,0.2156,13.17585301837271,0.2056,7.926509186351708,0.1993,4.619422572178479,0.2039,7.034120734908134,0.2074,8.871391076115485,0.2046,7.401574803149607,0.2087,9.553805774278212,0.2063,8.29396325459318,0.2073,8.818897637795281,0.2096,10.026246719160108,0.291,52.75590551181101
UBUSDT,2026-05-23 08:00,0.11324,5.673758865248216,0.9499999999999997,1.922523041474641,0.11375,0.4503708936771551,0.11515,1.6866831508301032,0.11268,-0.49452490286117196,0.114,0.6711409395973249,0.11439,1.0155422112327905,0.12117,7.002825856587784,0.11924,5.298481102084074,0.1171,3.4086895090074205,0.11541,1.9162839985870765,0.12015,6.1020840692334986,0.11718,3.4793359237018837,0.11406,0.7241257506181573,0.11813,4.318262098198521,0.1202,6.146238078417528,0.12591,11.188625927234193,0.12867,13.625927234192877,0.13155,16.169198163193226,0.13817,22.0151889791593,0.13641,20.460967855881325,0.13569,19.82515012363124,0.10466,-7.57682797598021
BILLUSDT,2026-05-23 04:00,0.09262,10.28816384853536,0.9515418502202633,17.69938494383162,0.08783,-5.171669185920956,0.0866,-6.499676095875619,0.0903,-2.504858561865676,0.08787,-5.1284819693370665,0.0895,-3.368602893543509,0.09167,-1.025696393867407,0.09054,-2.2457352623623392,0.09227,-0.37788814510903607,0.0926,-0.021593608291937214,0.08896,-3.9516303174260385,0.08213,-11.32584754912546,0.08428,-9.004534657741308,0.08321,-10.159792701360384,0.08204,-11.423018786439206,0.08643,-6.6832217663571445,0.08492,-8.313539192399048,0.09212,-0.5398402072986401,0.09292,0.323904124379193,0.09229,-0.3562945368170989,0.09411,1.6087238177499519,0.08278,-10.624055279637215
BSBUSDT,2026-05-23 02:00,0.88649,34.553154028292155,0.9115480099303274,12.192621654116305,0.85886,-3.116786427370872,0.89849,1.3536531714965776,0.95706,7.960608692709452,0.948,6.9386005482295285,0.97325,9.78691242992024,0.9558,7.818475109702307,1.06803,20.478516396124043,1.08473,22.36235039312344,1.1712,32.11654953806586,1.17879,32.97273516903744,1.15333,30.100734356845532,1.20578,36.01732676059516,1.18239,33.37883112048642,1.1986,35.20739094631639,1.17992,33.10020417602004,1.33915,51.06205371747002,1.21225,36.74717142889373,1.15824,30.654604112849544,1.22667,38.37381132330877,1.17963,33.0674908910422,0.23088,-73.95571298040588
STABLEUSDT,2026-05-23 01:00,0.03401,10.207388204795853,0.9025787965616046,5.808418629250539,0.03447,1.3525433695971834,0.03393,-0.2352249338429778,0.03369,-0.9408997353719519,0.03356,-1.323140252866801,0.03409,0.23522493384299817,0.03387,-0.41164363422523154,0.03367,-0.9997059688326964,0.03386,-0.44104675095559354,0.03379,-0.6468685680682094,0.03442,1.2055277859453122,0.03476,2.2052337547780088,0.03451,1.4701558365186722,0.03433,0.9408997353719519,0.03389,-0.3528374007644667,0.03353,-1.4113496030579278,0.03322,-2.322846221699497,0.03338,-1.8523963540135215,0.03332,-2.028815054395755,0.03318,-2.440458688620986,0.0332,-2.381652455160242,0.0364,7.027344898559257
INUSDT,2026-05-23 00:00,0.06714,5.0868680544686224,0.9259259259259269,5.2895698401995,0.06983,4.006553470360438,0.07157,6.598153112898405,0.0748,11.408996127494786,0.07451,10.97706285373846,0.0765,13.941018766756022,0.07703,14.730414060172766,0.07524,12.064343163538867,0.07843,16.815609174858494,0.0753,12.153708668453977,0.08448,25.826630920464687,0.08735,30.101280905570437,0.09054,34.85254691689006,0.08631,28.55227882037532,0.08287,23.4286565385761,0.08055,19.973190348525456,0.07853,16.96455168305034,0.07728,15.102770330652362,0.07578,12.868632707774792,0.0806,20.047661602621385,0.08853,31.858802502234123,0.10787,60.664283586535575
QCOMUSDT,2026-05-22 23:00,240.34,5.802077830603983,0.9045984900480448,9.637658350554018,239.64,-0.29125405675294047,238.0,-0.9736207040026643,238.24,-0.8737621702587977,241.11,0.3203794624282309,238.28,-0.8571190813014905,237.79,-1.0609969210285477,238.25,-0.8696013980194739,237.74,-1.0818007822251787,238.07,-0.9444952983273738,238.44,-0.7905467254722499,238.08,-0.9403345260880382,240.16,-0.07489390030789998,240.53,0.07905467254722381,238.76,-0.6574020138137691,238.53,-0.7530997753183,239.06,-0.5325788466339357,237.65,-1.1192477323791286,237.95,-0.9944245651993071,239.68,-0.27461096779562144,239.8,-0.2246817009236881,244.83,1.8681867354581045
FLYUSDT,2026-05-22 22:00,46.27,6.859122401847589,0.9966442953020141,6.797461050201963,47.8,3.3066781932137324,48.51,4.841149773071093,47.78,3.263453641668463,47.73,3.1553922628052593,49.03,5.964988113248321,49.54,7.067214177652898,49.71,7.4346228657877615,49.44,6.851091419926505,49.74,7.499459693105681,50.04,8.14782796628484,49.89,7.823643829695261,49.81,7.650745623514153,49.78,7.585908796196235,49.77,7.5642965204236,49.76,7.5426842446509506,49.64,7.283336935379289,49.5,6.980765074562344,49.47,6.915928247244425,49.58,7.1536632807434515,49.57,7.132051004970817,39.65,-14.307326561486933
ASTSUSDT,2026-05-22 22:00,105.96,8.199734504237707,1.0,7.773833619821584,106.12,0.15100037750095396,105.77,-0.17931294828236857,104.09,-1.7648169120422712,103.05,-2.7463193657984117,105.0,-0.9060022650056567,106.0,0.03775009437524184,105.43,-0.5001887504718638,105.21,-0.707814269535674,106.36,0.37750094375236476,105.66,-0.2831257078142669,105.97,0.009437523593813814,105.91,-0.04718761796904224,105.7,-0.24537561343902503,105.61,-0.3303133257833091,105.62,-0.3208758021894953,106.0,0.03775009437524184,105.98,0.018875047187627628,105.98,0.018875047187627628,105.64,-0.30200075500188106,105.99,0.02831257078142803,105.21,-0.707814269535674
JCTUSDT,2026-05-22 17:00,0.003397,5.759651307596507,0.9296482412060295,6.609339693698205,0.003534,4.032970267883426,0.003678,8.272004710038269,0.003661,7.771563143950555,0.003686,8.507506623491322,0.003739,10.06770680011776,0.003743,10.185457756844274,0.003717,9.420076538121872,0.004005,17.898145422431558,0.003948,16.220194289078606,0.003948,16.220194289078606,0.003938,15.925816897262285,0.003997,17.66264350897851,0.004024,18.457462466882543,0.004006,17.927583161613196,0.004031,18.66352664115396,0.004037,18.840153076243745,0.004031,18.66352664115396,0.004063,19.605534294966144,0.004084,20.2237268177804,0.004163,22.549308213129237,0.003991,17.486017073888725
GENIUSUSDT,2026-05-22 16:00,0.55162,26.08457142857143,0.9314397649363372,21.600768905191877,0.58057,5.248178093615175,0.57801,4.784090497081329,0.58961,6.886987418875306,0.60102,8.955440339364056,0.58145,5.407708204923684,0.62777,13.804793154707962,0.64246,16.46785830825569,0.63372,14.883434248214341,0.67062,21.572821870127985,0.63639,15.367463108661761,0.64772,17.421413291758814,0.64323,16.607447155650622,0.615,11.489793698560602,0.63072,14.33958159602624,0.63739,15.548747326057796,0.6264,13.556433776875377,0.61336,11.192487582031111,0.60744,10.119285015046586,0.63002,14.212682643849032,0.63042,14.285196330807437,0.45274,-17.925383416119796
POETUSDT,2026-05-21 23:00,15.077,6.049096152493489,0.9896432681242804,4.0331205796101575,14.735,-2.2683557736950357,14.802,-1.8239702858658908,14.883,-1.2867281289381232,14.614,-3.070902699476018,14.841,-1.5652981362340033,14.786,-1.930092193407179,14.753,-2.148968627711082,14.802,-1.8239702858658908,14.857,-1.459176228692715,14.937,-0.9285666909862742,14.911,-1.101014790740866,14.914,-1.0811169330768737,14.932,-0.9617297870929202,15.013,-0.42448763016515256,15.175,0.6499966836903943,15.17,0.6168335875837366,15.155,0.5173442992637752,15.264,1.2402997943888001,15.168,0.6035683491410712,14.994,-0.550507395370433,14.524,-3.667838429395774
BEATUSDT,2026-05-21 22:00,0.74272,5.2816601933490315,0.9991954947707167,8.032000000000007,0.72139,-2.871876346402422,0.75188,1.2333046100818539,0.7326,-1.3625592417061634,0.74723,0.6072274881516457,0.75728,1.9603619129685352,0.75155,1.1888733304610088,0.76776,3.371391641533815,0.80389,8.23594355881085,0.76492,2.9890133563119337,0.74875,0.8118806548901307,0.73319,-1.2831214993537319,0.75054,1.0528866867729343,0.74969,0.9384424816889164,0.74405,0.1790715208961577,0.76409,2.877261956053425,0.77739,4.667977165015077,0.77576,4.4485135717363145,0.83383,12.267072382593696,0.91825,23.633401551055574,0.95237,28.227326583369234,1.30761,76.05692589401119
BEUSDT,2026-05-21 22:00,303.81,6.082614616432144,0.9411129119394935,5.262975538770701,318.13,4.7134722359369325,312.93,3.001876172607881,315.26,3.768802870214933,315.65,3.897172574964608,307.34,1.1619104045291375,307.43,1.1915341825483048,310.15,2.086830584905031,310.49,2.1987426351996335,310.7,2.2678647839109924,312.07,2.7188045159803798,312.52,2.8669234060761593,312.03,2.705638392416303,312.03,2.705638392416303,313.77,3.278364767453336,314.66,3.5713110167538997,314.49,3.5153549916065985,314.85,3.63385010368323,315.88,3.972877785458014,322.32,6.092623679273227,324.19,6.708139955893484,282.05,-7.1623712188538855
LITEUSDT,2026-05-21 22:00,938.01,7.451658724340171,0.9722014646540126,5.992704886912187,948.43,1.1108623575441583,952.89,1.5863370326542356,949.42,1.2164049423780097,970.21,3.4327992238888756,963.07,2.6716133090265624,965.16,2.8944254325646823,964.12,2.7835524141533687,963.08,2.672679395742055,968.42,3.2419697018155427,973.04,3.7345017643735114,971.32,3.5511348493086494,967.17,3.1087088623788626,971.29,3.5479365891621595,973.49,3.7824756665707207,976.96,4.152407756846946,977.52,4.212108612914574,979.87,4.462638991055535,980.6,4.540463321286557,971.8,3.602307011652324,961.53,2.507435954840565,908.34,-3.163079284869027
AXTIUSDT,2026-05-21 22:00,110.85,5.894153611004955,1.0,5.084038791509854,115.73,4.402345511953099,115.46,4.158773116824537,115.94,4.591790708164189,120.55,8.750563824988726,119.07,7.415426251691475,121.05,9.201623815967528,122.82,10.798376184032476,122.1,10.148849797023004,122.21,10.24808299503834,122.1,10.148849797023004,121.98,10.040595399188101,122.42,10.437528191249443,122.47,10.482634190347321,122.18,10.221019395579624,122.18,10.221019395579624,122.17,10.211998195760042,122.52,10.527740189445197,122.87,10.843482183130366,123.63,11.529093369418133,121.27,9.400090211998197,103.93,-6.242670275146583
COHRUSDT,2026-05-21 22:00,376.98,5.863521482729569,1.0,4.4375862279131955,375.89,-0.28914000742745816,374.81,-0.5756273542363032,375.32,-0.4403416626876823,380.08,0.8223247917661323,375.16,-0.48278423258528125,378.38,0.3713724866040578,378.44,0.38728845031566117,378.54,0.4138150565016718,379.9,0.7745769006313223,381.26,1.135338744760988,382.45,1.4510053583744416,381.85,1.2918457212584233,381.38,1.1671706721841946,382.8,1.5438484800254637,383.67,1.7746299538437045,383.47,1.7215767414716983,383.4,1.703008117141482,384.44,1.9788848214759347,384.25,1.9284842697225266,380.99,1.0637169080587805,401.88,6.60512494031513
SNDKUSDT,2026-05-21 22:00,1469.9,6.022028115781046,0.9541714285714287,4.128589847125995,1470.54,0.043540376896378845,1480.6,0.7279406762364662,1491.39,1.4620042179740123,1526.17,3.828151574937069,1528.49,3.9859854411864695,1542.03,4.907136539900665,1538.43,4.662221919858492,1533.61,4.3343084563575625,1533.72,4.341791958636637,1534.45,4.391455201034081,1520.42,3.4369685012585873,1528.07,3.9574120688482104,1533.38,4.318661133410437,1534.87,4.420028573372324,1538.17,4.644533641744335,1536.87,4.556092251173535,1538.6,4.673787332471584,1537.11,4.572419892509681,1513.97,2.998163140349679,1515.53,3.10429280903462,1782.43,21.26199061160623
STXSTOCKUSDT,2026-05-21 22:00,799.31,7.071478326099764,0.9705828277256845,5.713174767759272,807.38,1.0096207979382281,795.6,-0.4641503296593215,794.21,-0.6380503183996084,796.06,-0.4066006930977969,795.85,-0.43287335326718335,807.38,1.0096207979382281,812.0,1.5876193216649428,813.36,1.7577660732381766,814.33,1.8791207416396762,814.33,1.8791207416396762,814.92,1.9529344059251121,814.33,1.8791207416396762,812.0,1.5876193216649428,814.48,1.8978869274749561,817.4,2.2632020117351255,816.66,2.1706221616143955,813.9,1.8253243422451906,813.01,1.7139783062891802,813.0,1.712727227233496,810.63,1.416221491036025,928.61,16.176452190013897
CRDOUSDT,2026-05-21 22:00,194.27,7.130252564243965,1.0,5.831721733445925,195.29,0.5250424666700889,192.63,-0.8441859268029107,191.75,-1.297163741184954,193.88,-0.2007515313738687,192.26,-1.0346425078499095,193.58,-0.35517578627683005,193.95,-0.16471920522984587,194.47,0.10294950326864087,194.49,0.1132444535955108,194.54,0.13898182941266374,194.33,0.030884850980595187,194.14,-0.06691717712463266,194.68,0.21104648170072404,194.82,0.28311113398876975,194.84,0.29340608431563964,194.4,0.06691717712461803,194.89,0.31914346013279254,195.09,0.4220929634014481,195.48,0.6228444947753021,195.41,0.5868121686312793,206.48,6.285067174550872
AAOIUSDT,2026-05-21 22:00,179.29,7.882544076057521,0.9977151561309976,6.146541312430439,176.47,-1.5728707680294458,176.11,-1.773662780969367,176.3,-1.6676892185844057,179.4,0.061353115064986134,175.0,-2.392771487534158,177.47,-1.0151151765296411,177.02,-1.2661051927045468,177.86,-0.7975904958447088,178.27,-0.5689107033297908,178.62,-0.37369624630486226,179.92,0.3513860226448745,178.88,-0.22867979251491805,179.02,-0.15059400970493714,179.42,0.07250822689497209,180.33,0.5800658151598084,180.01,0.4015840258798588,181.96,1.4892074293044877,182.49,1.7848178927993847,181.79,1.394388978749512,179.29,0.0,179.7,0.22867979251491805
IONQUSDT,2026-05-21 19:00,56.5,7.76273126072859,0.9004424778761057,7.59855265663682,56.51,0.017699115044244266,55.49,-1.787610619469023,58.54,3.610619469026547,59.09,4.584070796460183,58.97,4.371681415929202,58.89,4.230088495575222,58.14,2.902654867256638,57.62,1.9823008849557475,58.97,4.371681415929202,58.95,4.3362831858407125,59.19,4.76106194690265,59.23,4.831858407079641,59.51,5.32743362831858,59.79,5.823008849557521,59.53,5.362831858407081,59.62,5.522123893805305,59.59,5.469026548672573,59.67,5.610619469026552,59.56,5.415929203539827,59.72,5.699115044247786,66.16,17.097345132743357
PROVEUSDT,2026-05-21 15:00,0.2974,19.00760304121648,0.9313725490196078,21.57135265503005,0.3043,2.320107599193012,0.3364,13.113651647612636,0.337,13.315400134499,0.3463,16.44250168123739,0.3422,15.063887020847346,0.3288,10.558170813718892,0.3205,7.767316745124416,0.3271,9.986550100874245,0.3319,11.600537995965023,0.32,7.599193006052457,0.3237,8.843308675184932,0.3223,8.37256220578345,0.3137,5.480833893745791,0.3214,8.06993947545394,0.3236,8.809683927370546,0.328,10.289172831203771,0.3267,9.852051109616676,0.3116,4.774714189643574,0.3064,3.026227303295228,0.3097,4.135843981170133,0.1923,-35.33960995292536
CYSUSDT,2026-05-21 12:00,0.46821,7.468955861087522,0.9372119815668214,6.306506763782988,0.46644,-0.3780354968924188,0.46609,-0.4527882787638048,0.45355,-3.131073663527051,0.46145,-1.4437965870015566,0.47519,1.4907840498921394,0.47967,2.447619657845832,0.47249,0.9141197325986216,0.48419,3.412998440870548,0.47746,1.9756092351722476,0.45165,-3.5368744794002733,0.46654,-0.35667755921488326,0.45841,-2.0930778923987163,0.46375,-0.9525640204181925,0.46999,0.38017129066017463,0.47149,0.7005403558232428,0.46894,0.15591294504602815,0.47271,0.9611071954892044,0.47474,1.3946733303432177,0.47143,0.6877255932167191,0.47166,0.7368488498750578,0.44068,-5.879840242626171
NILUSDT,2026-05-21 02:00,0.06148,5.599450360700788,0.9560117302052793,10.442452440404546,0.0616,0.19518542615485046,0.06582,7.059206245933643,0.0671,9.141184124918684,0.06674,8.55562784645412,0.06688,8.783344176968113,0.06728,9.433962264150955,0.07211,17.290175666883528,0.06582,7.059206245933643,0.06701,8.994795055302538,0.0678,10.279765777488613,0.06638,7.9700715679895815,0.06371,3.6271958360442467,0.06246,1.5940143135979208,0.06086,-1.008458035133381,0.06002,-2.3747560182173113,0.05798,-5.692908262849712,0.05855,-4.765777488614187,0.05958,-3.090435914118411,0.06113,-0.5692908262849757,0.05998,-2.439817826935591,0.05453,-11.304489264801559
UAIUSDT,2026-05-21 01:00,0.261,7.93598279641041,0.9851129363449685,9.995237754074255,0.26275,0.6704980842911777,0.26101,0.0038314176245249046,0.25964,-0.5210727969348765,0.26135,0.13409961685824404,0.26174,0.2835249042145452,0.26351,0.9616858237547938,0.26708,2.329501915708802,0.26505,1.5517241379310336,0.2711,3.8697318007662824,0.27066,3.701149425287357,0.26773,2.5785440613026873,0.27037,3.590038314176241,0.26945,3.237547892720311,0.27464,5.226053639846738,0.27626,5.846743295019155,0.26523,1.6206896551724181,0.26024,-0.29118773946359494,0.25106,-3.8084291187739474,0.24884,-4.6590038314176265,0.25106,-3.8084291187739474,0.27314,4.651340996168576
USARUSDT,2026-05-21 00:00,22.23,5.35545023696682,0.9495798319327741,7.396492584182804,22.35,0.5398110661268601,22.42,0.8547008547008605,22.32,0.404858299595141,22.6,1.6644174538911427,22.64,1.844354475933424,22.62,1.7543859649122835,22.6,1.6644174538911427,22.61,1.709401709401705,22.67,1.979307242465143,22.72,2.2042285200179865,22.64,1.844354475933424,22.81,2.6090868196131276,22.69,2.069275753486284,22.72,2.2042285200179865,22.64,1.844354475933424,22.64,1.844354475933424,22.85,2.789023841655425,22.91,3.058929374718847,22.59,1.619433198380564,23.28,4.72334682860999,27.38,23.166891587944214
ALTUSDT,2026-05-20 23:00,0.007231,6.557618626584132,0.9549356223175961,4.501770359129997,0.0072,-0.4287097220301449,0.007241,0.13829345871940893,0.007261,0.4148803761582148,0.007251,0.27658691743880587,0.007433,2.793527866131943,0.007357,1.742497579864476,0.007469,3.2913843175217865,0.007496,3.664776656064175,0.007384,2.1158899184068645,0.007328,1.3414465495782153,0.007253,0.3042456091826901,0.007254,0.3180749550546322,0.007211,-0.2765869174387939,0.007136,-1.313787857834319,0.007035,-2.7105517909002903,0.007747,7.135942469921185,0.007539,4.2594385285576015,0.007384,2.1158899184068645,0.007474,3.360531046881485,0.007416,2.5584289863089515,0.006439,-10.952841930576675
BBUSDT,2026-05-20 23:00,0.03049,6.496681802305276,0.9738219895287951,7.810897775891938,0.03042,-0.22958346999016271,0.03177,4.198097736962938,0.03121,2.3614299770416594,0.03248,6.526730075434576,0.03327,9.117743522466386,0.03329,9.18333879960643,0.03225,5.772384388324045,0.03251,6.625122991144629,0.03296,8.101016726795681,0.03235,6.10036077402426,0.03254,6.723515906854706,0.03196,4.821252869793383,0.03269,7.215480485405042,0.03311,8.592981305346017,0.03236,6.133158412594294,0.03265,7.084289931124956,0.03231,5.969170219744174,0.03256,6.789111183994749,0.03178,4.230895375532971,0.03112,2.0662512299114417,0.02365,-22.4335847818957
ARMUSDT,2026-05-20 22:00,250.38,9.589880509476078,0.9555167902311378,9.7099290158619,257.08,2.6759325824746343,258.16,3.107276939052652,254.87,1.793274223180769,253.78,1.357935937375192,252.72,0.9345794392523378,257.5,2.843677610032752,256.0,2.244588225896639,261.34,4.377346433421192,260.22,3.9300263599329153,259.5,3.6424634555475697,261.05,4.2615224858215575,262.85,4.980429746784898,262.87,4.9884176052400395,261.18,4.313443565780019,265.1,5.8790638229890675,263.51,5.244029075804775,260.56,4.065819953670424,261.2,4.32143142423516,265.3,5.958942407540545,264.28,5.551561626327973,391.97,56.55004393322152
AINUSDT,2026-05-20 18:00,0.09042,6.879432624113482,0.9572368421052637,10.999263442180206,0.08821,-2.444149524441499,0.08836,-2.278257022782577,0.09055,0.14377350143774068,0.0902,-0.24330900243308778,0.08941,-1.1170095111700917,0.09115,0.8073435080734291,0.094,3.9593010395930097,0.09273,2.5547445255474526,0.09494,4.9988940499889365,0.09521,5.297500552975008,0.10228,13.116567131165665,0.10551,16.688785666887863,0.1027,13.58106613581066,0.10033,10.959964609599648,0.09946,9.997788099977887,0.10026,10.882548108825482,0.10119,11.911081619110817,0.10025,10.871488608714893,0.10156,12.32028312320283,0.10278,13.669542136695418,0.06709,-25.801813758018145
FIDAUSDT,2026-05-20 16:00,0.0276,11.650485436893208,0.9085173501577282,17.84296144485717,0.02636,-4.492753623188399,0.02578,-6.59420289855072,0.0262,-5.072463768115937,0.02685,-2.7173913043478284,0.02926,6.014492753623195,0.02975,7.789855072463765,0.03099,12.282608695652177,0.02945,6.702898550724641,0.03023,9.528985507246377,0.03036,10.000000000000007,0.03008,8.98550724637681,0.03595,30.25362318840581,0.03751,35.90579710144928,0.03606,30.652173913043484,0.03574,29.49275362318841,0.0345,25.00000000000001,0.03383,22.57246376811594,0.03317,20.181159420289852,0.03326,20.50724637681159,0.03315,20.10869565217391,0.0207,-25.0
FIDAUSDT,2026-05-20 14:00,0.02629,7.174887892376687,0.9723756906077359,17.392275061397626,0.02472,-5.971852415367067,0.0276,4.982883225561045,0.02636,0.266260935717005,0.02578,-1.9399011030810196,0.0262,-0.34233548877900266,0.02685,2.1300874857360137,0.02926,11.297071129707115,0.02975,13.160897679726121,0.03099,17.877519969570177,0.02945,12.019779383796118,0.03023,14.986686953214146,0.03036,15.481171548117157,0.03008,14.416127805249138,0.03595,36.744009128946374,0.03751,42.67782426778243,0.03606,37.16241917078737,0.03574,35.94522632179536,0.0345,31.228604031951317,0.03383,28.68010650437428,0.03317,26.16964625332825,0.0207,-21.262837580829217
DYMUSDT,2026-05-20 13:00,0.02546,5.468102734051359,0.9041095890410951,5.363350438669103,0.02666,4.713275726630006,0.02641,3.731343283582087,0.02666,4.713275726630006,0.02612,2.5923016496465077,0.02587,1.6103692065985886,0.02591,1.7674783974862491,0.02576,1.1783189316575085,0.02615,2.7101335428122533,0.0259,1.728201099764334,0.02596,1.9638648860958383,0.02553,0.27494108405341955,0.02543,-0.1178318931657454,0.02543,-0.1178318931657454,0.02545,-0.03927729772191513,0.02542,-0.1571091908876605,0.02586,1.5710919088766735,0.02609,2.4744697564807487,0.02684,5.4202670856245065,0.02655,4.281225451688927,0.02625,3.102906520031418,0.01811,-28.86881382560879
SPACEUSDT,2026-05-20 09:00,0.009162,5.008595988538681,0.9085239085239073,4.116002636423556,0.009467,3.3289674743505757,0.009521,3.9183584370224835,0.009543,4.1584806810739945,0.009656,5.3918358437022444,0.009568,4.431346867496181,0.009673,5.577384850469323,0.010312,12.551844575420212,0.010341,12.868369351669937,0.010373,13.217638070290333,0.00944,3.034271993014631,0.009133,-0.3165247762497218,0.009033,-1.4079895219384484,0.009172,0.10914647456886697,0.009123,-0.42567125081860774,0.009002,-1.7463435931019473,0.009184,0.24012224405151114,0.009564,4.387688277668627,0.009032,-1.4189041693953275,0.009051,-1.2115258677144727,0.009172,0.10914647456886697,0.006955,-24.08862693734992
BILLUSDT,2026-05-20 08:00,0.11196,14.607431671614297,0.9834596829772577,2.8788811600062454,0.11059,-1.223651304037165,0.11,-1.7506252232940365,0.1112,-0.6788138620936144,0.10981,-1.920328688817434,0.1089,-2.7331189710610997,0.11075,-1.080743122543768,0.10955,-2.1525544837442028,0.11198,0.017863522686666886,0.11125,-0.6341550553769224,0.11228,0.2858163629867817,0.11291,0.8485173276169994,0.1024,-8.53876384423008,0.10161,-9.244372990353696,0.10204,-8.860307252590209,0.10153,-9.3158270811004,0.09813,-12.352625937834949,0.09509,-15.06788138620937,0.09774,-12.700964630225089,0.09396,-16.077170418006432,0.0892,-20.328688817434802,0.08278,-26.062879599857087
SAHARAUSDT,2026-05-19 21:00,0.03611,5.4922582529944695,0.9400000000000025,6.155926622765753,0.03685,2.04929382442536,0.03718,2.9631680974799073,0.03668,1.5785101080033066,0.03692,2.243145942952086,0.03674,1.7446690667405111,0.03687,2.104680144004422,0.03744,3.683190252007748,0.03787,4.873996122957623,0.03733,3.3785654943228987,0.03653,1.1631127111603343,0.03686,2.0769869842148814,0.03664,1.4677374688451834,0.0364,0.8031016338964235,0.03573,-1.05234007200223,0.03489,-3.378565494322918,0.03461,-4.153973968429801,0.03482,-3.572417612849644,0.03493,-3.267792855164776,0.03461,-4.153973968429801,0.03475,-3.7662697313763505,0.0328,-9.166435890335087
ATUSDT,2026-05-19 13:00,0.1277,6.505421184320268,0.9749999999999993,0.6462799495586501,0.1264,-1.0180109631949847,0.1276,-0.07830853563039682,0.1285,0.6264682850430658,0.1273,-0.3132341425215438,0.1313,2.8191072826938073,0.1297,1.5661707126076754,0.1306,2.270947533281116,0.1286,0.7047768206734409,0.129,1.0180109631949847,0.1302,1.9577133907595943,0.125,-2.1143304620203662,0.1278,0.07830853563037508,0.1285,0.6264682850430658,0.1281,0.31323414252152204,0.1277,0.0,0.1286,0.7047768206734409,0.1284,0.5481597494126691,0.1261,-1.2529365700861534,0.1248,-2.2709475332811384,0.1262,-1.1746280344557567,0.1247,-2.3492560689115134
SAHARAUSDT,2026-05-19 13:00,0.03422,5.389590391130279,0.9459459459459445,4.072260576016544,0.0346,1.110461718293391,0.03384,-1.110461718293391,0.034,-0.6428988895382758,0.0334,-2.3962594973699627,0.03359,-1.8410286382232572,0.0337,-1.5195791934541192,0.03423,0.02922267679718329,0.03611,5.5230859146697915,0.03685,7.685563997662187,0.03718,8.6499123319696,0.03668,7.188778492109868,0.03692,7.890122735242551,0.03674,7.3641145528930485,0.03687,7.744009351256574,0.03744,9.40970192869667,0.03787,10.666277030976039,0.03733,9.088252483927532,0.03653,6.750438340151957,0.03686,7.71478667445937,0.03664,7.0718877849210955,0.0328,-4.14962010520163
ONDOUSDT,2026-05-19 06:00,0.3822,8.826879271070606,0.9904153354632581,9.726688102893881,0.3771,-1.3343799058084755,0.3857,0.9157509157509167,0.3891,1.8053375196232384,0.381,-0.31397174254316557,0.3901,2.0669806384092144,0.3951,3.375196232339096,0.3881,1.5436944008372624,0.3954,3.45368916797488,0.3895,1.9099947671376318,0.3871,1.2820512820512862,0.3828,0.15698587127158278,0.3791,-0.8110936682365233,0.3747,-1.9623233908948212,0.367,-3.976975405546832,0.3664,-4.133961276818415,0.3706,-3.0350601779173205,0.3599,-5.83464154892726,0.365,-4.500261643118784,0.3766,-1.4652014652014635,0.3701,-3.165881737310309,0.3948,3.296703296703297
SOXSUSDT,2026-05-18 22:00,9.59,9.47488584474886,0.9431818181818175,3.8103485602944396,9.9,3.232533889468201,9.95,3.753910323253383,10.02,4.483837330552657,10.15,5.839416058394166,10.34,7.820646506777893,9.96,3.858185610010438,9.98,4.066736183524511,9.94,3.649635036496347,9.84,2.6068821689259645,9.91,3.3368091762252376,9.93,3.54535974973931,10.08,5.109489051094893,10.15,5.839416058394166,10.11,5.422314911366001,10.27,7.09071949947862,10.2,6.360792492179347,10.09,5.213764337851929,10.04,4.692387904066729,10.17,6.047966631908238,10.38,8.237747653806057,5.22,-45.56830031282586
SPACEUSDT,2026-05-18 20:00,0.008688,6.7190762805552,0.9086378737541508,8.121562087761651,0.008655,-0.3798342541436469,0.008535,-1.7610497237569103,0.008646,-0.4834254143646452,0.008583,-1.208563535911593,0.00866,-0.3222836095764301,0.008764,0.8747697974217274,0.008587,-1.1625230202578316,0.008701,0.14963167587477968,0.008821,1.530847145488043,0.009094,4.673112338858196,0.008903,2.4746777163904228,0.008884,2.255985267034991,0.009053,4.201197053407006,0.009117,4.93784530386741,0.00916,5.432780847145491,0.009238,6.330570902394109,0.009367,7.8153775322283705,0.009338,7.481583793738506,0.009716,11.832412523020272,0.009407,8.275782688766125,0.006955,-19.94705340699815
FLOCKUSDT,2026-05-18 13:00,0.06758,5.117436615336757,1.0,4.557972584088876,0.06719,-0.5770938147380903,0.06711,-0.6954720331458984,0.06815,0.843444806155669,0.06835,1.1393903521751891,0.06719,-0.5770938147380903,0.06732,-0.3847292098253867,0.06805,0.6954720331458984,0.06853,1.405741343592768,0.06779,0.3107428233205118,0.06685,-1.0802012429712853,0.06914,2.3083752589523407,0.06945,2.767090855282623,0.06894,2.0124297129328204,0.0677,0.1775673276117122,0.06985,3.358981947321684,0.06977,3.240603728913876,0.06846,1.3021604024859306,0.06822,0.9470257472625062,0.06859,1.4945250073986343,0.06808,0.7398638650488317,0.0463,-31.48860609647825
BSBUSDT,2026-05-18 13:00,0.59484,5.619773078357227,0.9372223867337872,2.501361308510433,0.64036,7.652477977271199,0.65937,10.848295339923336,0.63218,6.277318270459271,0.65845,10.69363190101539,0.66368,11.572859928720328,0.67544,13.54986214780445,0.68186,14.629143971488128,0.68543,15.229305359424373,0.68288,14.800618653755631,0.7043,18.401586981373143,0.68129,14.53331988433863,0.69773,17.297088292650113,0.68783,15.632775200053798,0.68744,15.567211350951519,0.68867,15.773989644274083,0.68317,14.849371259498357,0.70215,18.04014524914263,0.6952,16.871763835653283,0.69788,17.322305157689446,0.69609,17.02138390155335,0.23088,-61.186201331450484
APRUSDT,2026-05-18 10:00,0.16926,23.945518453427074,0.9703264094955489,18.545184583382945,0.16908,-0.10634526763558177,0.16796,-0.7680491551459268,0.16517,-2.4164008034975675,0.17016,0.5317263381779581,0.16434,-2.906770648706121,0.16284,-3.79298121233604,0.16546,-2.245066761195792,0.16536,-2.3041474654377803,0.16587,-2.0028358738036185,0.16903,-0.13588561975657582,0.1736,2.56410256410257,0.15268,-9.79558076332269,0.15064,-11.000827129859386,0.15856,-6.321635353893411,0.15802,-6.640671156800189,0.16269,-3.8816022686990386,0.16689,-1.4002126905352612,0.16948,0.12997754933238684,0.16746,-1.0634526763559,0.16703,-1.3174997045964683,0.2299,35.82653905234551
COOKIEUSDT,2026-05-18 09:00,0.01874,5.162738496071833,0.9892473118279574,3.9667128987517355,0.01948,3.9487726787620123,0.01904,1.6008537886873089,0.01877,0.16008537886872345,0.01892,0.9605122732123779,0.01924,2.668089647812169,0.01972,5.229455709711855,0.0193,2.9882604055496342,0.0198,5.656350053361804,0.01892,0.9605122732123779,0.019,1.3874066168623256,0.01889,0.8004268943436544,0.01918,2.3479188900747032,0.01928,2.881536819637134,0.0189,0.8537886872998955,0.01879,0.2668089647812243,0.01911,1.9743863393809968,0.01926,2.774813233724651,0.01899,1.3340448239060845,0.01906,1.707577374599791,0.01947,3.895410885805771,0.01089,-41.889007470651016
UBUSDT,2026-05-18 01:00,0.15722,5.9148477499326395,0.9648351648351633,7.384842358341086,0.1511,-3.892634524869601,0.16335,3.898995038799133,0.16511,5.01844549039563,0.16903,7.511766950769632,0.16803,6.87571555781708,0.17214,9.489886782852047,0.16115,2.499681974303517,0.16252,3.3710723826485176,0.16014,1.8572700674214515,0.15429,-1.8636305813509657,0.15412,-1.9717593181529016,0.1545,-1.730059788830938,0.14828,-5.686299452995804,0.14563,-7.371835644320054,0.14682,-6.614934486706521,0.14659,-6.761226307085614,0.15277,-2.830428698638856,0.15324,-2.5314845439511586,0.15772,0.31802569647627554,0.15668,-0.3434677521943677,0.10466,-33.430861213586056
MANTAUSDT,2026-05-17 23:00,0.07778,5.079708186976492,0.9082125603864752,3.924214689416524,0.07989,2.712779634867576,0.08014,3.0341990228850615,0.081,4.13988171766521,0.08003,2.8927744921573693,0.07934,2.005656981229097,0.07912,1.722807919773713,0.07964,2.3913602468500907,0.08029,3.227050655695549,0.07751,-0.3471329390588922,0.0795,2.2113653895602976,0.0799,2.7256364103882706,0.07942,2.1085111853947063,0.07952,2.237078940601686,0.07957,2.301362818205194,0.07919,1.8128053484186095,0.07864,1.1056826947801488,0.07675,-1.324247878632043,0.07726,-0.6685523270763777,0.07711,-0.8614039598868655,0.07743,-0.4499871432244833,0.07674,-1.3371046541527374
SPACEUSDT,2026-05-17 23:00,0.008639,7.906570072445687,0.9419642857142871,10.710990362928056,0.008297,-3.958791526797086,0.008429,-2.4308369024192626,0.008506,-1.539530038198879,0.008232,-4.711193425164962,0.008218,-4.873249218659581,0.008283,-4.120847320291705,0.008274,-4.225026044681106,0.008369,-3.1253617316819207,0.00795,-7.97546012269939,0.008152,-5.637226530848492,0.008066,-6.632712119458277,0.00808,-6.470656325963659,0.008019,-7.176756569047352,0.008194,-5.151059150364636,0.00795,-7.97546012269939,0.007814,-9.549716402361396,0.0077,-10.869313577960419,0.007815,-9.53814098854034,0.007953,-7.940733881236263,0.008141,-5.764556082879965,0.006955,-19.492996874638273
HUSDT,2026-05-17 00:00,0.23408,6.038505096262744,0.9888724035608321,5.541753648738213,0.24128,3.0758714969241217,0.24138,3.1185919343814086,0.24407,4.267771701982228,0.2487,6.245727956254269,0.24682,5.442583732057417,0.24375,4.131066302118927,0.24418,4.314764183185234,0.24362,4.075529733424467,0.23889,2.054853041695139,0.23613,0.8757689678742294,0.23706,1.2730690362269235,0.23713,1.3029733424470253,0.23818,1.7515379357484588,0.24155,3.1912166780587734,0.24077,2.857997265892003,0.24001,2.533321941216674,0.24077,2.857997265892003,0.24144,3.144224196855766,0.24422,4.33185235816814,0.24189,3.336466165413526,0.55648,137.73069036226929
IONQUSDT,2026-05-16 09:00,54.84,6.4647641234711815,0.9596541786743534,4.6584858489665875,54.49,-0.6382202771699516,54.29,-1.0029175784099276,54.29,-1.0029175784099276,54.62,-0.4011670313639788,54.81,-0.05470459518599769,54.7,-0.2552881108679806,54.7,-0.2552881108679806,54.4,-0.8023340627279446,54.47,-0.6746900072939542,53.6,-2.2611232676878226,53.32,-2.7716994894237836,53.32,-2.7716994894237836,53.38,-2.6622902990517883,53.38,-2.6622902990517883,53.18,-3.0269876002917644,53.18,-3.0269876002917644,53.32,-2.7716994894237836,53.16,-3.0634573304157673,53.33,-2.753464624361789,53.34,-2.735229759299781,66.16,20.641867250182337
STORJUSDT,2026-05-16 02:00,0.1382,25.294650951949226,0.9117647058823527,25.911078717201157,0.1368,-1.013024602026038,0.1359,-1.664254703328507,0.1367,-1.085383502170768,0.1371,-0.7959479015918887,0.1396,1.0130246020260583,0.1311,-5.137481910274961,0.1394,0.8683068017366186,0.1367,-1.085383502170768,0.1328,-3.907380607814753,0.1324,-4.196816208393632,0.1311,-5.137481910274961,0.1276,-7.670043415340086,0.1282,-7.235890014471767,0.126,-8.827785817655565,0.1201,-13.096960926193915,0.1195,-13.531114327062227,0.1216,-12.011577424023148,0.1209,-12.518089725036177,0.1187,-14.109985528219966,0.1213,-12.228654124457298,0.0854,-38.20549927641099
ARCUSDT,2026-05-16 01:00,0.06666,13.425216947422145,0.9494584837545121,17.30339451317156,0.07349,10.24602460246025,0.07356,10.351035103510355,0.0732,9.810981098109819,0.07344,10.171017101710184,0.07371,10.576057605760578,0.07418,11.28112811281128,0.0739,10.861086108610857,0.07319,9.795979597959809,0.0743,11.461146114611473,0.07628,14.431443144314438,0.07575,13.636363636363638,0.07194,7.920792079207932,0.07529,12.946294629462946,0.07404,11.071107110711068,0.07778,16.681668166816692,0.07739,16.096609660966102,0.07727,15.91659165916593,0.07869,18.046804680468046,0.07724,15.87158715871588,0.07596,13.951395139513956,0.07422,11.341134113411337
STORJUSDT,2026-05-15 23:00,0.108,6.930693069306923,0.9090909090909083,2.3793724523651516,0.1113,3.055555555555553,0.1103,2.1296296296296267,0.1382,27.962962962962955,0.1368,26.66666666666667,0.1359,25.83333333333333,0.1367,26.574074074074066,0.1371,26.944444444444443,0.1396,29.259259259259263,0.1311,21.388888888888886,0.1394,29.074074074074076,0.1367,26.574074074074066,0.1328,22.962962962962965,0.1324,22.592592592592585,0.1311,21.388888888888886,0.1276,18.14814814814814,0.1282,18.703703703703713,0.126,16.666666666666668,0.1201,11.203703703703702,0.1195,10.648148148148145,0.1216,12.592592592592593,0.0854,-20.925925925925924
GWEIUSDT,2026-05-15 07:00,0.1587,7.805176278785408,0.9273607748184032,17.445070193225618,0.14712,-7.296786389413993,0.14984,-5.582860743541277,0.1507,-5.04095778197858,0.15035,-5.261499684940136,0.15166,-4.436042848141159,0.15336,-3.3648393194707062,0.1554,-2.079395085066161,0.15819,-0.3213610586011408,0.15803,-0.4221802142407082,0.15664,-1.2980466288594872,0.15667,-1.279143037177066,0.15328,-3.4152488972904904,0.15953,0.5229993698802756,0.15619,-1.581600504095786,0.15843,-0.17013232514178966,0.15794,-0.47889098928797136,0.15362,-3.201008191556396,0.15386,-3.049779458097045,0.15811,-0.37177063642092445,0.15556,-1.9785759294265934,0.09974,-37.15185885318211
GWEIUSDT,2026-05-15 04:00,0.14022,6.122757889956872,0.9495305164319265,9.971295468448545,0.14519,3.544430181143918,0.14721,4.985023534445868,0.1587,13.179289687633716,0.14712,4.9208386820710235,0.14984,6.860647553843951,0.1507,7.473969476536863,0.15035,7.224361717301384,0.15166,8.158607901868475,0.15336,9.37098844672656,0.1554,10.825845100556267,0.15819,12.815575524176284,0.15803,12.70146911995435,0.15664,11.710169733276272,0.15667,11.731564684067887,0.15328,9.313935244615596,0.15953,13.77121665953501,0.15619,11.38924547140207,0.15843,12.98673513050918,0.15794,12.637284267579506,0.15362,9.556411353587215,0.09974,-28.86892026815006
GWEIUSDT,2026-05-15 03:00,0.13213,5.68709006558951,0.9417218543046363,4.831799428752787,0.14022,6.122757889956872,0.14519,9.88420494967079,0.14721,11.413002346174231,0.1587,20.10898357678045,0.14712,11.344887610686447,0.14984,13.403466283205937,0.1507,14.054340422311363,0.15035,13.789449784303349,0.15166,14.780897600847645,0.15336,16.06750927117233,0.1554,17.611443275561957,0.15819,19.72300007568304,0.15803,19.601907212593662,0.15664,18.54991296450466,0.15667,18.57261787633392,0.15328,16.006962839627644,0.15953,20.737152804056617,0.15619,18.209339287065767,0.15843,19.904639370317103,0.15794,19.53379247710588,0.09974,-24.513736471656703
TRIAUSDT,2026-05-15 01:00,0.048391,5.197826086956531,0.9880165289256222,4.6828320674594455,0.047435,-1.9755739703664017,0.04807,-0.6633464900498064,0.047912,-0.9898534851521982,0.048285,-0.219048996714269,0.048031,-0.7439399888409128,0.048308,-0.17151949742722133,0.048445,0.1115909983261319,0.048455,0.1322559980161489,0.047628,-1.5767394763489218,0.047924,-0.965055485524172,0.047166,-2.531462462028071,0.046642,-3.614308445785374,0.047334,-2.184290467235648,0.046888,-3.1059494534107666,0.048048,-0.7088094893678638,0.048452,0.12605649810914954,0.047851,-1.1159099832613621,0.048285,-0.219048996714269,0.049125,1.5168109772478322,0.04786,-1.0973114835403353,0.029761,-38.498894422516585
TACUSDT,2026-05-15 00:00,0.019725,11.214479025710428,0.9191312384473191,11.232666595237164,0.020347,3.1533586818757975,0.019498,-1.1508238276299014,0.019921,0.9936628643853066,0.022098,12.030418250950571,0.02382,20.760456273764266,0.023638,19.837769328263626,0.023821,20.765525982256015,0.023322,18.235741444866918,0.023333,18.2915082382763,0.022351,13.313054499366286,0.022494,14.038022813688217,0.022426,13.693282636248426,0.022141,12.248415716096332,0.022039,11.73130544993663,0.02182,10.621039290240809,0.022057,11.822560202788344,0.022636,14.75792141951838,0.02171,10.063371356147025,0.020533,4.096324461343472,0.020972,6.321926489226877,0.017024,-13.693282636248409
COINUSDT,2026-05-14 23:00,206.16,5.4958550813632225,0.9093988145639295,2.0200120745454693,214.07,3.8368257663950316,220.41,6.912107101280558,216.6,5.064027939464492,218.68,6.072953046177731,212.06,2.8618548700038833,212.19,2.9249126891734583,213.04,3.3372138145129973,213.66,3.6379511059371366,212.4,3.026775320139702,213.74,3.6767559177338054,210.28,1.9984478075281358,210.76,2.2312766783081073,210.18,1.9499417927823102,208.2,0.9895227008148972,206.32,0.07760962359332392,207.86,0.8246022506790925,208.98,1.36786961583236,210.32,2.0178502134264633,208.87,1.3145129996119558,209.03,1.3921226232052797,158.58,-23.079161816065184
ORCLUSDT,2026-05-14 23:00,196.88,5.075519026525052,0.9481555333997996,3.3659020628028715,198.63,0.8888663145062983,198.1,0.6196668021129617,195.59,-0.6552214546932101,196.94,0.030475416497359954,195.75,-0.5739536773669217,195.77,-0.5637952052011302,197.3,0.21332791548151966,197.04,0.0812677773262884,196.54,-0.17269402681836823,196.77,-0.05587159691181696,194.11,-1.4069483949613886,193.99,-1.4678992279561085,194.04,-1.4425030475416516,193.09,-1.9250304754164935,190.15,-3.418325883787073,192.18,-2.3872409589597665,192.63,-2.1586753352295815,192.16,-2.3973994311255584,190.85,-3.0627793579845597,192.3,-2.3262901259650466,221.17,12.337464445347416
ESPORTSUSDT,2026-05-14 21:00,0.64278,8.048411497730717,0.9204152249134943,8.75111664546168,0.68824,7.072404244064836,0.70677,9.9551946233548,0.70132,9.107315100034231,0.72953,13.496063972121098,0.71828,11.745853946918077,0.72725,13.141354740346609,0.70511,9.696941410747066,0.71937,11.915429851582179,0.71959,11.949656180963927,0.71698,11.543607455116826,0.71549,11.311801860667716,0.71286,10.902641650331377,0.71356,11.01154360745511,0.71013,10.477924017548776,0.71984,11.988549737079563,0.71595,11.383366003920463,0.69968,8.852173371915734,0.71564,11.335137994337103,0.71495,11.227791779457972,0.72099,12.167460095211426,0.04334,-93.25741311179563
BLESSUSDT,2026-05-14 18:00,0.006247,5.470200911700145,0.981818181818182,5.883150561873921,0.00672,7.571634384504568,0.006425,2.849367696494321,0.00644,3.0894829518168794,0.00659,5.490635505042428,0.006501,4.06595165679526,0.006464,3.4736673603329624,0.006354,1.7128221546342297,0.006448,3.217544421322231,0.006325,1.2485993276772842,0.006389,2.273091083720182,0.006353,1.696814470946057,0.006293,0.7363534496558353,0.006305,0.928445653913877,0.006291,0.7043380822794905,0.006366,1.9049143588922715,0.006264,0.27213062269888993,0.006293,0.7363534496558353,0.006273,0.41619977589242807,0.006277,0.48023051064510397,0.006152,-1.5207299503761742,0.004655,-25.48423243156715
TACUSDT,2026-05-14 17:00,0.01806,5.5893358278765115,1.0,4.4274703225918435,0.017566,-2.7353266888150687,0.017695,-2.0210409745293507,0.017408,-3.610188261351051,0.017447,-3.3942414174972257,0.017533,-2.9180509413067535,0.017736,-1.794019933554825,0.019725,9.219269102990033,0.020347,12.663344407530458,0.019498,7.9623477297896,0.019921,10.3045404208195,0.022098,22.358803986710964,0.02382,31.893687707641206,0.023638,30.885935769656697,0.023821,31.89922480620154,0.023322,29.13621262458471,0.023333,29.197120708748614,0.022351,23.75968992248062,0.022494,24.551495016611298,0.022426,24.174972314507208,0.022141,22.596899224806208,0.017024,-5.736434108527125
AIOUSDT,2026-05-14 14:00,0.10713,7.3446893787575185,0.9470284237726107,10.353423500448093,0.10619,-0.8774386259684461,0.10776,0.5880705684682085,0.11193,4.4805376645197414,0.11039,3.043031830486324,0.1104,3.0523662839540697,0.11013,2.8003360403248414,0.11421,6.608793055166623,0.11768,9.847848408475688,0.1195,11.546718939606079,0.12031,12.30280967049379,0.12578,17.408755717352747,0.12415,15.88723980210958,0.1248,16.493979277513294,0.12623,17.82880612340148,0.11646,8.70904508541024,0.11709,9.29711565387846,0.12106,13.002893680575001,0.12057,12.545505460655274,0.12433,16.05525996452907,0.12414,15.877905348641836,0.10346,-3.425744422664059
RIVERUSDT,2026-05-14 11:00,7.222,5.785850300278313,0.933806146572105,6.593065989697884,7.081,-1.9523677651620048,7.266,0.6092495153696981,7.231,0.12461921905288634,7.191,-0.42924397673775383,7.355,1.8415951260038772,7.702,6.64635834948767,7.241,0.26308501800054335,7.306,1.1631127111603383,7.331,1.509277208529493,7.582,4.98476876211575,7.482,3.600110772639155,7.435,2.9493215175851453,7.5,3.84934921074494,7.416,2.6862364995846018,7.218,-0.05538631957907016,7.478,3.544724453060085,7.497,3.8078094710606405,7.535,4.333979507061752,7.384,2.2431459429520895,7.293,0.9831071725283818,5.054,-30.019385211852672
MLNUSDT,2026-05-14 10:00,3.107,29.189189189189207,0.9887323943661972,34.24645696508815,2.772,-10.78210492436435,2.636,-15.159317669777922,2.772,-10.78210492436435,2.924,-5.8899259736079905,2.932,-5.632442870936603,2.699,-13.131638236240759,2.841,-8.561313163823623,2.929,-5.728999034438377,2.919,-6.050852912777604,3.648,17.412294818152553,3.272,5.3105889925973475,3.023,-2.7035725780495676,3.22,3.6369488252333437,3.175,2.1886063727067784,3.13,0.740263920180228,3.153,1.4805278403604702,3.112,0.16092693916961356,3.086,-0.6758931445124027,3.018,-2.8644995172191954,3.037,-2.2529771483746472,2.293,-26.198905696813647
SAPIENUSDT,2026-05-14 08:00,0.12052,5.774969282078289,0.9426934097421207,2.2890267604796946,0.12079,0.22402920677065422,0.11991,-0.5061400597411213,0.12297,2.032857616993025,0.1213,0.6471954862263549,0.12257,1.7009624958513079,0.12535,4.007633587786249,0.12508,3.783604381015594,0.1273,5.625622303352136,0.1277,5.957517424493865,0.12881,6.878526385662136,0.12752,5.80816461998008,0.12919,7.193826750746761,0.13194,9.475605708596083,0.13215,9.649850647195475,0.13317,10.496183206106876,0.13582,12.694988383670754,0.13697,13.649186856953207,0.13762,14.188516428808487,0.13892,15.267175572519074,0.13808,14.570195818121478,0.08573,-28.86657816130103
SAGAUSDT,2026-05-14 01:00,0.02928,6.666666666666673,0.9481865284974097,2.0778134151443415,0.02978,1.7076502732240453,0.02921,-0.23907103825136822,0.02859,-2.356557377049179,0.02903,-0.8538251366120226,0.0292,-0.2732240437158477,0.0292,-0.2732240437158477,0.0292,-0.2732240437158477,0.02982,1.844262295081963,0.0327,11.680327868852457,0.03533,20.66256830601093,0.03192,9.016393442622938,0.0299,2.117486338797811,0.02821,-3.6543715846994584,0.02861,-2.28825136612022,0.02761,-5.70355191256831,0.02718,-7.172131147540988,0.02745,-6.250000000000005,0.02797,-4.474043715847001,0.02707,-7.547814207650274,0.0273,-6.76229508196721,0.02019,-31.045081967213118
BEUSDT,2026-05-13 23:00,286.69,5.014652014652014,0.919408999328409,1.0974052994237797,288.43,0.6069273431232374,293.33,2.3160905507691187,292.11,1.8905437929470914,294.67,2.7834943667375973,290.45,1.3115211552548018,291.34,1.6219610031741525,291.53,1.6882346785726656,291.59,1.7091632076458814,291.96,1.838222470264042,292.43,2.002162614670902,291.67,1.737067913076849,291.43,1.6533537967839858,291.04,1.5173183578080933,291.87,1.8068296766542282,292.02,1.8591509993372577,292.3,1.9568174683456045,292.01,1.8556629111583918,289.14,0.8545816038229407,288.43,0.6069273431232374,288.95,0.7883079284244273,282.05,-1.6184729149952863
AINUSDT,2026-05-13 23:00,0.114,8.872123006398631,0.9616977225672882,9.695546745698797,0.11872,4.140350877192984,0.12373,8.535087719298247,0.13137,15.236842105263143,0.1311,14.999999999999991,0.13539,18.76315789473685,0.1251,9.736842105263143,0.12859,12.798245614035093,0.13511,18.517543859649123,0.13469,18.14912280701754,0.13142,15.28070175438597,0.12843,12.65789473684209,0.13065,14.605263157894722,0.13179,15.605263157894726,0.1269,11.315789473684218,0.12834,12.578947368421057,0.13033,14.32456140350877,0.12463,9.324561403508772,0.12259,7.535087719298246,0.11983,5.1140350877193,0.11374,-0.22807017543860544,0.06709,-41.14912280701755
QUSDT,2026-05-13 22:00,0.01905,11.867989899583076,0.9960571710202082,13.08725230626759,0.02131,11.863517060367444,0.020554,7.895013123359572,0.020552,7.884514435695538,0.02257,18.477690288713905,0.022383,17.496062992125978,0.021576,13.259842519685042,0.022689,19.102362204724407,0.022379,17.47506561679789,0.022055,15.7742782152231,0.021648,13.637795275590548,0.022423,17.706036745406813,0.023272,22.162729658792653,0.023908,25.501312335957994,0.025152,32.03149606299212,0.02389,25.406824146981627,0.023759,24.719160104986866,0.021125,10.892388451443571,0.022505,18.136482939632543,0.022186,16.461942257217846,0.0221,16.010498687664043,0.017843,-6.335958005249342
BABAUSDT,2026-05-13 22:00,142.55,8.55989642829945,0.9390142021720977,5.572260157303038,143.64,0.764643984566801,143.14,0.4138898632058751,145.32,1.9431778323395172,145.12,1.8028761837951546,145.71,2.21676604700105,145.94,2.3781129428270686,146.91,3.058575938267264,147.11,3.1988775868116464,147.57,3.5215713784636837,146.81,2.988425113995083,146.1,2.4903542616625622,144.25,1.1925640126271402,143.6,0.7365836548579325,142.64,0.06313574184494912,143.17,0.4349351104875315,142.15,-0.28060329708874476,141.94,-0.42792002806033924,141.14,-0.9891266222378287,141.72,-0.5822518414591459,141.16,-0.9750964573833846,126.95,-10.943528586460896
CYSUSDT,2026-05-13 22:00,0.44369,10.554904941070927,1.0,4.63523058238118,0.44733,0.8203926164664591,0.44953,1.316234307737387,0.4405,-0.7189704523428454,0.45794,3.211701863914003,0.47235,6.459464941738606,0.45985,3.642182604971942,0.4599,3.653451734319007,0.45288,2.0712659739908568,0.44837,1.054790506885442,0.44305,-0.14424485564244718,0.44986,1.390610561428026,0.44945,1.2982037007820872,0.4452,0.3403277062814153,0.45216,1.9089905113930974,0.43504,-1.9495593770425277,0.42519,-4.169577858414651,0.44933,1.2711577903491253,0.44038,-0.7460163627758074,0.43142,-2.7654443417701433,0.44011,-0.8068696612499655,0.44068,-0.6784015866934024
NIOUSDT,2026-05-13 22:00,6.429,6.019129287598949,0.9864864864864867,5.073055927826635,6.525,1.4932337844143737,6.458,0.45108103904184027,6.506,1.1976979312490272,6.453,0.3733084461035934,6.489,0.9332711152589765,6.548,1.850987711930312,6.564,2.099860009332708,6.537,1.6798880074661633,6.552,1.913205786280904,6.55,1.8820967491056082,6.558,2.006532897806806,6.528,1.5398973401773108,6.491,0.9643801524342726,6.469,0.6221807435059891,6.472,0.66884429926894,6.456,0.4199720018665443,6.466,0.5755171877430381,6.385,-0.6843988178565948,6.38,-0.7621714107948417,6.344,-1.3221340799502248,5.771,-10.234873230673516
NAORISUSDT,2026-05-13 17:00,0.12373,12.135218415805705,0.9509943181818185,11.422293463969886,0.11632,-5.988846682292087,0.12169,-1.6487513133435705,0.1237,-0.02424634284328962,0.1231,-0.5091731997090484,0.12352,-0.1697243999030161,0.12118,-2.060939141679472,0.1224,-1.0749211993857688,0.12284,-0.7193081710175397,0.11745,-5.075567768528253,0.1242,0.3798593712115075,0.11226,-9.270185080417043,0.10946,-11.533177079123902,0.1112,-10.126889194213216,0.11373,-8.08211428109594,0.11346,-8.300331366685526,0.11662,-5.7463832538592134,0.11431,-7.61335165279238,0.10628,-14.10328942051241,0.10072,-18.596944960801746,0.10275,-16.95627576173928,0.03053,-75.32530509981412
BASEDUSDT,2026-05-13 06:00,0.1078,6.62710187932741,0.9852941176470604,3.7336412625096167,0.1084,0.5565862708719753,0.1107,2.690166975881261,0.1115,3.4322820037105704,0.1095,1.5769944341372848,0.1109,2.875695732838582,0.111,2.968460111317249,0.1128,4.6382189239332,0.1115,3.4322820037105704,0.1127,4.545454545454533,0.1089,1.0204081632652966,0.112,3.8961038961038916,0.112,3.8961038961038916,0.1098,1.8552875695732725,0.1058,-1.8552875695732853,0.1041,-3.432282003710583,0.1018,-5.565862708719856,0.0904,-16.14100185528758,0.0884,-17.996289424860855,0.0878,-18.55287569573284,0.0866,-19.66604823747682,0.06156,-42.89424860853433
SOXLUSDT,2026-05-13 04:00,172.56,6.967517976692294,0.9982238010657185,3.1175489862139343,171.31,-0.7243857209086695,172.16,-0.23180343069077752,170.68,-1.0894761242466362,167.41,-2.984469170143721,169.56,-1.7385257301808066,173.17,0.3535002318034221,173.73,0.6780250347705074,174.94,1.379230412610104,175.94,1.9587389893370395,176.29,2.1615669911914637,177.64,2.9439035697728233,179.58,4.068150208623093,185.09,7.261242466388502,185.76,7.649513212795543,184.0,6.629578117756141,184.31,6.809225776541493,177.8,3.036624942049148,176.41,2.2311080203986986,183.6,6.397774687065364,179.16,3.8247566063977714,263.35,52.61358368103849
AAOIUSDT,2026-05-13 04:00,188.13,5.454035874439455,0.9000925069380192,2.536012688238848,188.51,0.20198798703024265,189.38,0.6644341678626482,189.2,0.5687556476904232,186.12,-1.0684101419231335,187.42,-0.3773986073459884,189.17,0.552809227661719,189.46,0.7069579546058643,189.56,0.7601126880348731,191.69,1.8923085100728234,193.69,2.9554031786530603,192.34,2.2378142773614034,193.67,2.9447722319672525,198.51,5.517461329931428,200.72,6.692180938712594,199.57,6.080901504278955,203.66,8.254930101525542,200.95,6.814436825599317,203.47,8.15393610801042,205.21,9.078828469675232,204.62,8.76521554244406,179.7,-4.480944028065704
JCTUSDT,2026-05-12 23:00,0.00332,6.070287539936104,0.9547738693467341,4.761604240951698,0.003371,1.536144578313248,0.003524,6.144578313253005,0.003499,5.391566265060238,0.003519,5.993975903614456,0.00348,4.8192771084337345,0.003487,5.030120481927712,0.003515,5.87349397590361,0.003563,7.31927710843374,0.003634,9.457831325301207,0.00361,8.734939759036141,0.003729,12.319277108433738,0.003705,11.596385542168672,0.003611,8.765060240963857,0.003696,11.325301204819278,0.003748,12.891566265060241,0.003961,19.30722891566265,0.003926,18.253012048192762,0.00386,16.26506024096386,0.003979,19.84939759036144,0.00416,25.301204819277096,0.003991,20.210843373493965
SAGAUSDT,2026-05-12 21:00,0.04161,15.64758198999445,0.952622673434857,19.517449375269287,0.04505,8.267243451093483,0.04458,7.137707281903389,0.04873,17.11127132900745,0.04939,18.697428502763763,0.05167,24.176880557558277,0.05118,22.999279019466478,0.05115,22.927180966113912,0.05954,43.09060322037972,0.04925,18.360970920451816,0.05031,20.90843547224225,0.04421,6.248497957221817,0.03453,-17.015140591204045,0.02973,-28.550829127613557,0.02845,-31.62701273732276,0.02883,-30.713770728190337,0.02968,-28.67099254986782,0.02945,-29.22374429223744,0.03019,-27.44532564287431,0.02959,-28.887286709925498,0.02972,-28.574861812064412,0.02019,-51.47801009372747
UBUSDT,2026-05-12 10:00,0.14887,6.1159027728277175,0.9407894736842121,4.220047325016456,0.1463,-1.7263384160677027,0.15111,1.504668502720489,0.15384,3.3384832404110982,0.15198,2.089071001544973,0.15586,4.695371800900112,0.15677,5.306643380130308,0.15819,6.260495734533482,0.16093,8.10102774232551,0.15565,4.554309128770074,0.16498,10.821522133404974,0.16472,10.646873110767787,0.1636,9.894538859407533,0.16225,8.987707395714384,0.15989,7.40243165177672,0.1584,6.401558406663539,0.16437,10.411768657217698,0.16649,11.835829918721029,0.16377,10.008732451131857,0.1633,9.693020756364612,0.1655,11.170820178679389,0.10466,-29.69705111842547
IRYSUSDT,2026-05-12 09:00,0.04744,5.305216426193126,0.9263565891472885,6.938370677606971,0.04792,1.0118043844856541,0.04722,-0.4637436762226073,0.04985,5.080101180438438,0.05055,6.555649241146701,0.053,11.720067453625623,0.05265,10.982293423271498,0.05373,13.258853288364241,0.05416,14.165261382799319,0.0543,14.460370994940973,0.0474,-0.08431703204048335,0.05269,11.066610455311968,0.05038,6.197301854974701,0.04805,1.2858347386171995,0.04933,3.9839797639123016,0.04853,2.2976391231028535,0.05089,7.272344013490714,0.052,9.612141652613817,0.05325,12.247048903878573,0.05171,9.000843170320396,0.05124,8.010118043844852,0.02054,-56.70320404721754
PENDLEUSDT,2026-05-12 04:00,2.1429,6.247211066488169,0.9438202247191022,8.878343224128125,2.1657,1.0639787204255986,2.12,-1.0686452937607878,2.1632,0.9473143870455814,2.1417,-0.05599888002239339,2.1352,-0.35932614681038866,2.128,-0.6953194269447903,2.158,0.7046525736151893,2.1676,1.1526436137943985,2.0608,-3.8312567081991724,2.0781,-3.023939521209574,2.0506,-4.307247188389558,2.0265,-5.431891362172759,2.0359,-4.99323346866397,2.0442,-4.605907881842364,1.996,-6.855196229408747,2.0577,-3.9759204815903657,2.0381,-4.890568855289561,2.0732,-3.2526016146343784,2.069,-3.448597694712776,2.0377,-4.9092351486303585,1.2588,-41.25717485650288
USELESSUSDT,2026-05-12 03:00,0.06823,5.260721999382901,0.9472222222222233,15.97627101358127,0.06746,-1.1285358346768182,0.06961,2.022570716693546,0.06906,1.2164736919243697,0.06772,-0.747471786604128,0.06846,0.3370951194489141,0.06848,0.3664077385314381,0.07169,5.071083101275106,0.0721,5.671991792466654,0.07266,6.492745126777083,0.07231,5.979774292833065,0.07443,9.086911915579652,0.07569,10.933606917778095,0.07749,13.571742635204462,0.07819,14.597684303092477,0.083,21.647369192437353,0.07854,15.110655137036494,0.07888,15.608969661439259,0.08094,18.628169426938296,0.08388,22.937124432068,0.07825,14.685622160340028,0.09331,36.75802432947385
TRIAUSDT,2026-05-12 01:00,0.040337,5.131880733944951,1.0,9.133361470947907,0.039363,-2.4146565188288562,0.040039,-0.7387758137689954,0.039426,-2.2584723702803755,0.039362,-2.417135632297882,0.039244,-2.7096710216426527,0.039657,-1.6857971589359648,0.039549,-1.9535414135904927,0.039935,-0.9966036145474368,0.039881,-1.130475741874701,0.0399,-1.0833725859632592,0.039866,-1.1676624439100558,0.040044,-0.7263802464238656,0.039716,-1.5395294642635708,0.039758,-1.435406698564584,0.04013,-0.513176488087857,0.040137,-0.49582269380469246,0.040926,1.4601978332548262,0.041,1.643652229962575,0.0409,1.3957408830602203,0.040639,0.7486922676450992,0.029761,-26.219104048392296
OPGUSDT,2026-05-12 00:00,0.3297,5.5377720870678555,0.9558011049723745,4.38829787234042,0.3227,-2.1231422505307873,0.3218,-2.396117682741892,0.3245,-1.577191386108578,0.3325,0.8492569002123217,0.3376,2.396117682741892,0.338,2.5174400970579405,0.3363,2.0018198362147395,0.3417,3.63967242948135,0.3369,2.1838034576888035,0.3282,-0.45495905368516876,0.3284,-0.3942978465271361,0.313,-5.0652107976948715,0.3222,-2.2747952684258435,0.3095,-6.126781922960266,0.3117,-5.459508644222025,0.3265,-0.9705793145283532,0.3253,-1.3345465574764983,0.3208,-2.6994237185320045,0.3207,-2.7297543221110123,0.3281,-0.4852896572641766,0.1718,-47.89202305125871
USELESSUSDT,2026-05-12 00:00,0.05885,5.428161949122175,0.9351851851851846,4.873919629332637,0.06227,5.811384876805437,0.06482,10.144435004248093,0.06823,15.938827527612572,0.06746,14.630416312659314,0.06961,18.283772302463902,0.06906,17.34919286321155,0.06772,15.07221750212405,0.06846,16.32965165675445,0.06848,16.363636363636363,0.07169,21.818181818181827,0.0721,22.51486830926083,0.07266,23.466440101954124,0.07231,22.871707731520814,0.07443,26.474086661002545,0.07569,28.615123194562436,0.07749,31.673746813933732,0.07819,32.86321155480033,0.083,41.036533559898054,0.07854,33.45794392523365,0.07888,34.03568394222601,0.09331,58.55564995751913
CRDOUSDT,2026-05-11 23:00,207.34,7.61405512015364,0.9747508305647844,9.266637155083373,205.49,-0.8922542683514972,206.42,-0.44371563615318604,208.63,0.6221664898234746,207.19,-0.07234494067715139,210.41,1.4806597858589723,210.24,1.3986688530915432,209.44,1.0128291694800782,209.74,1.1575190508343811,210.02,1.2925629400983925,209.49,1.0369441497057998,206.64,-0.33760972316003524,207.94,0.28937976270859184,208.04,0.3376097231600215,207.15,-0.09163692485772051,207.81,0.22668081412173186,207.18,-0.07716793672229025,207.48,0.06752194463199883,205.25,-1.0080061734349393,205.57,-0.8536702999903589,204.82,-1.2153950033761023,206.48,-0.41477765988232546
TRIAUSDT,2026-05-11 23:00,0.037308,6.139402560455193,0.9769126301493878,1.8871016194663797,0.038368,2.8412136807119075,0.040337,8.11890211214752,0.039363,5.508201994210361,0.040039,7.320145813230399,0.039426,5.6770665808941825,0.039362,5.505521603945535,0.039244,5.189235552696473,0.039657,6.296236732068181,0.039549,6.006754583467353,0.039935,7.041385225688853,0.039881,6.89664415138844,0.0399,6.947571566420063,0.039866,6.856438297416098,0.040044,7.333547764554525,0.039716,6.454379757692721,0.039758,6.56695614881527,0.04013,7.564061327329254,0.040137,7.582824059183012,0.040926,9.697651978128006,0.041,9.896000857724886,0.029761,-20.228905328615852
LITEUSDT,2026-05-11 23:00,1067.07,9.938080176383915,1.0,10.103699117783622,1065.01,-0.1930520022116586,1066.75,-0.029988660537728206,1056.26,-1.0130544387903273,1056.0,-1.0374202254772356,1053.12,-1.3073181703168533,1056.0,-1.0374202254772356,1055.43,-1.0908375270600685,1060.9,-0.5782188609931724,1061.76,-0.49762433579802134,1062.96,-0.3851668587815139,1046.86,-1.8939713420862772,1052.0,-1.4122784821989127,1046.24,-1.9520743718781268,1031.02,-3.378410038704111,1040.3,-2.5087388831098227,1038.54,-2.6736765160673595,1043.06,-2.250086685971866,1042.82,-2.2725781813751675,1042.18,-2.3325555024506244,1035.17,-2.989494597355362,908.34,-14.875312772357944
COHRUSDT,2026-05-11 23:00,379.95,8.861956334880524,0.9705051772827111,10.899984238454667,382.02,0.5448085274378189,378.55,-0.3684695354651868,377.57,-0.6263982102908265,380.46,0.1342281879194607,379.79,-0.042110804053156516,381.22,0.3342545071720065,381.33,0.363205684958546,382.8,0.7500986971970056,383.6,0.9606527174628331,387.26,1.9239373601789715,381.84,0.49743387287800667,384.52,1.2027898407685205,383.01,0.8053691275167791,381.47,0.40005263850507666,382.56,0.6869324911172559,382.28,0.6132385840242095,382.35,0.6316620607974823,377.46,-0.6553493880773811,377.55,-0.6316620607974673,375.54,-1.1606790367153488,401.88,5.771812080536915
AAOIUSDT,2026-05-11 23:00,189.8,11.647058823529418,0.9880239520958093,19.379328129619033,184.72,-2.676501580611176,180.73,-4.778714436248694,178.91,-5.737618545837731,180.4,-4.952581664910435,185.19,-2.428872497365655,189.0,-0.42149631190727677,188.29,-0.7955742887249838,190.41,0.3213909378292862,191.7,1.0010537407797562,191.0,0.6322444678609003,185.26,-2.3919915700737726,186.46,-1.7597471022128572,187.67,-1.122233930453121,185.57,-2.228661749209704,185.6,-2.2128556375131803,185.75,-2.133825079030564,185.5,-2.2655426765015867,185.71,-2.154899894625924,185.0,-2.528977871443631,184.69,-2.6923076923076996,179.7,-5.321390937829305
CRCLUSDT,2026-05-11 23:00,121.79,6.852079312160029,0.9949044585987271,2.973628807927431,127.04,4.3106987437392235,126.79,4.105427374989736,132.83,9.064783643977343,131.4,7.890631414730273,131.69,8.128746202479672,130.42,7.085967649232269,130.94,7.512932096231211,131.39,7.882420559980277,131.38,7.874209705230305,129.86,6.62615978323344,125.42,2.980540274242545,128.0,5.098940799737247,128.22,5.279579604236795,128.6,5.5915920847360105,130.83,7.422612693981448,129.4,6.248460464734378,130.01,6.7493226044831145,131.38,7.874209705230305,134.11,10.115773051974717,135.1,10.928647672222667,88.35,-27.457098283931362
BANANAS31USDT,2026-05-11 17:00,0.012787,5.225477287689271,0.9421364985163193,4.83037924871698,0.012866,0.6178149683272147,0.013536,5.857511535152887,0.014185,10.932978806600453,0.014297,11.808868381950425,0.014526,13.59974974583562,0.013702,7.155705012903738,0.013781,7.7735199812309395,0.013751,7.538906702119337,0.013802,7.9377492766090585,0.014125,10.463752248377263,0.014068,10.01798701806523,0.014059,9.947603034331747,0.014317,11.965277234691484,0.014028,9.705169312583099,0.01411,10.346445608821456,0.014214,11.159771643074993,0.014184,10.925158363963405,0.014428,12.833346367404397,0.014537,13.685774614843199,0.014535,13.67013372956909,0.009894,-22.62454054899507
SQDUSDT,2026-05-11 15:00,0.04163,5.955713922117592,0.9435483870967738,5.360396841465889,0.0407,-2.233965889983186,0.04126,-0.8887821282728856,0.04062,-2.426134998798936,0.04121,-1.0088878212827377,0.04038,-3.0026423252462195,0.04046,-2.8104732164304527,0.04168,0.1201056930098521,0.04313,3.6031707902954633,0.04262,2.3780927215949985,0.04177,0.3362959404275792,0.04251,2.113860196973334,0.04268,2.5222195532068272,0.04416,6.077348066298336,0.04355,4.612058611578184,0.04453,6.966130194571223,0.04369,4.948354552005763,0.04369,4.948354552005763,0.04334,4.107614700936815,0.04429,6.389622868123955,0.04319,3.747297621907276,0.03665,-11.962527023780924
BILLUSDT,2026-05-11 15:00,0.12503,6.790228903313972,0.910652920962199,5.448258412751943,0.12687,1.4716468047668625,0.12338,-1.3196832760137556,0.12801,2.3834279772854594,0.12649,1.1677197472606486,0.13346,6.742381828361188,0.13815,10.493481564424533,0.14096,12.74094217387827,0.13994,11.925137966887952,0.14366,14.900423898264423,0.13629,9.005838598736297,0.13823,10.557466208110045,0.14217,13.70870990962168,0.1465,17.171878749100205,0.14283,14.236583220027201,0.14022,12.149084219787259,0.14067,12.508997840518266,0.13882,11.029352955290728,0.14329,14.604494921218905,0.13727,9.789650483883868,0.14239,13.884667679756848,0.08278,-33.79188994641286
AIOUSDT,2026-05-11 15:00,0.10875,5.562026790914384,0.9167999999999991,5.294242946495988,0.11058,1.6827586206896537,0.10928,0.48735632183908295,0.1096,0.7816091954023021,0.11088,1.9586206896551785,0.10915,0.36781609195402076,0.10964,0.818390804597703,0.11162,2.639080459770113,0.11025,1.3793103448275874,0.11076,1.8482758620689637,0.10952,0.7080459770115005,0.10868,-0.06436781609195459,0.10802,-0.6712643678160869,0.10764,-1.0206896551724136,0.10736,-1.2781609195402321,0.10806,-0.6344827586206861,0.10673,-1.8574712643678108,0.1078,-0.8735632183907978,0.10635,-2.2068965517241375,0.10256,-5.691954022988507,0.1019,-6.298850574712639,0.10346,-4.864367816091956
FOLKSUSDT,2026-05-11 11:00,1.4477,5.004714586204392,0.9650349650349658,4.0246031803059505,1.55,7.06638115631692,1.5684,8.337362713269327,1.5307,5.733232023209226,1.5311,5.760862057056014,1.5543,7.363404020169926,1.5357,6.078607446294127,1.5028,3.8060371623955187,1.5181,4.8628859570352985,1.6318,12.716723077985767,1.5067,4.0754299924017365,1.5073,4.116875043171935,1.4397,-0.5526006769358297,1.4741,1.823582233888235,1.46,0.849623540788836,1.4502,0.17268771154244297,1.4584,0.7391034054016669,1.4629,1.0499412861780826,1.4535,0.40063549077847804,1.4617,0.967051184637702,1.4605,0.8841610830973216,1.3021,-10.057332320232089
DEEPUSDT,2026-05-11 02:00,0.04291,7.868275515334323,0.9720496894409938,14.265171890394912,0.04417,2.9363784665579216,0.04213,-1.8177580983453647,0.04118,-4.031694243766012,0.04108,-4.264740153810297,0.04226,-1.5147984152878067,0.04241,-1.1652295502213785,0.04172,-2.773246329526909,0.04201,-2.097413190398504,0.04108,-4.264740153810297,0.04036,-5.942670706129101,0.04016,-6.4087625262176555,0.04032,-6.0358890701468075,0.04023,-6.245630389186658,0.04018,-6.362153344208801,0.03996,-6.8748543463062095,0.04005,-6.665113027266359,0.03919,-8.669307853647155,0.03941,-8.156606851549746,0.03986,-7.107900256350495,0.03887,-9.415054765788849,0.0188,-56.18736891167559
CETUSUSDT,2026-05-11 00:00,0.03585,7.625337736415492,0.9407407407407407,6.234813014875843,0.03542,-1.1994421199442116,0.03644,1.6457461645746172,0.0382,6.55509065550906,0.03884,8.340306834030683,0.03769,5.132496513249655,0.03775,5.29986052998605,0.03768,5.104602510460246,0.03745,4.463040446304037,0.03828,6.778242677824273,0.03763,4.965132496513241,0.03651,1.841004184100421,0.03696,3.0962343096234304,0.03716,3.654114365411433,0.03742,4.379358437935849,0.03688,2.8730822873082373,0.03595,0.27894002789401073,0.03524,-1.7015341701534155,0.03527,-1.6178521617852084,0.03452,-3.709902370990231,0.0351,-2.092050209205023,0.02046,-42.928870292887034
DEEPUSDT,2026-05-11 00:00,0.03887,6.609983543609442,0.9877049180327888,7.470692324706932,0.03978,2.341137123745822,0.04291,10.39361975816824,0.04417,13.635194237200924,0.04213,8.386930794957548,0.04118,5.942886544893232,0.04108,5.685618729096982,0.04226,8.72137895549266,0.04241,9.107280679187037,0.04172,7.3321327501929465,0.04201,8.07820941600205,0.04108,5.685618729096982,0.04036,3.8332904553640295,0.04016,3.318754823771545,0.04032,3.7303833290455364,0.04023,3.4988422948289166,0.04018,3.3702083869307913,0.03996,2.80421919217906,0.04005,3.0357602263956793,0.03919,0.8232570105479826,0.03941,1.3892462052997139,0.0188,-51.63365063030615
SUIUSDT,2026-05-11 00:00,1.224,6.852902662592755,0.965559655596557,7.883232266252993,1.2721,3.929738562091506,1.3298,8.643790849673213,1.3796,12.71241830065359,1.3838,13.05555555555555,1.3454,9.918300653594768,1.3511,10.383986928104575,1.3423,9.665032679738568,1.3319,8.815359477124192,1.3356,9.117647058823524,1.3385,9.354575163398698,1.3063,6.72385620915033,1.3099,7.017973856209157,1.2871,5.15522875816993,1.285,4.98366013071895,1.2774,4.362745098039225,1.2835,4.8611111111111205,1.2496,2.0915032679738617,1.2633,3.2107843137254997,1.2655,3.390522875817001,1.2722,3.937908496732028,0.7895,-35.498366013071895
CHILLGUYUSDT,2026-05-10 17:00,0.01605,5.314960629921249,0.9101123595505614,4.949977113712162,0.01616,0.6853582554517288,0.01621,0.9968847352024949,0.01602,-0.18691588785045968,0.01605,0.0,0.01609,0.24922118380063454,0.01599,-0.37383177570091936,0.01611,0.373831775700941,0.01605,0.0,0.01667,3.8629283489096737,0.01677,4.485981308411227,0.01691,5.358255451713416,0.01611,0.373831775700941,0.01605,0.0,0.01637,1.9937694704049898,0.01642,2.3052959501557777,0.01596,-0.5607476635514007,0.01594,-0.6853582554517071,0.01595,-0.6230529595015539,0.01551,-3.3644859813084045,0.01576,-1.8068535825545085,0.00872,-45.669781931464165
HUMAUSDT,2026-05-10 13:00,0.02232,6.387035271687326,0.971014492753622,5.4820415879017075,0.02226,-0.26881720430107986,0.02217,-0.6720430107526919,0.02257,1.1200716845878147,0.02273,1.836917562724017,0.02292,2.688172043010752,0.02324,4.121863799283157,0.02277,2.0161290322580605,0.02289,2.55376344086022,0.0228,2.150537634408608,0.0226,1.2544802867383469,0.02274,1.8817204301075279,0.02263,1.3888888888888946,0.02291,2.643369175627241,0.02247,0.6720430107526919,0.0225,0.8064516129032241,0.02219,-0.5824372759856549,0.02196,-1.6129032258064482,0.02233,0.04480286738351072,0.0223,-0.08960573476702144,0.02225,-0.3136200716845906,0.02504,12.186379928315413
CARVUSDT,2026-05-10 02:00,0.06565,6.522797338958304,0.9548693586698347,5.318039624608977,0.06677,1.7060167555216998,0.06694,1.9649657273419643,0.06743,2.7113480578827174,0.069,5.102817974105111,0.06797,3.5338918507235375,0.06737,2.619954303122619,0.06821,3.8994668697639097,0.06692,1.9345011424219245,0.0659,0.38080731150038116,0.06526,-0.5940594059405963,0.06516,-0.746382330540753,0.06695,1.9801980198019735,0.06592,0.4112718964204209,0.06584,0.2894135567402829,0.06634,1.0510281797410452,0.06624,0.8987052551408884,0.06579,0.21325209444021512,0.06538,-0.4112718964204209,0.06566,0.015232292460009327,0.06529,-0.5483625285605471,0.04395,-33.05407463823305
INXUSDT,2026-05-10 02:00,0.015296,7.536557930258718,0.9170230966638153,26.275468084403787,0.014588,-4.628661087866111,0.01499,-2.000523012552306,0.015409,0.7387552301255247,0.015439,0.9348849372384874,0.016156,5.6223849372384915,0.017548,14.722803347280339,0.019394,26.791317991631804,0.016899,10.479864016736402,0.016438,7.466004184100422,0.015438,0.9283472803347265,0.015616,2.092050209205015,0.014261,-6.766474895397496,0.014207,-7.1195083682008455,0.015283,-0.08498953974895959,0.016337,6.805700836820085,0.015596,1.9612970711297066,0.015175,-0.7910564853556571,0.015232,-0.418410041841003,0.015573,1.8109309623430925,0.015457,1.052562761506274,0.008815,-42.37055439330544
BABYUSDT,2026-05-10 01:00,0.01822,5.014409221902013,0.9354838709677409,4.706626055973796,0.01808,-0.7683863885839805,0.0182,-0.10976948408342034,0.01797,-1.3721185510428113,0.01799,-1.2623490669593909,0.01837,0.8232711306256906,0.0183,0.4390779363337004,0.01822,0.0,0.01817,-0.27442371020856987,0.01791,-1.7014270032930914,0.01817,-0.27442371020856987,0.01835,0.7135016465422702,0.01845,1.2623490669593909,0.01792,-1.6465422612513811,0.01796,-1.4270032930845216,0.01797,-1.3721185510428113,0.01812,-0.5488474204171206,0.01815,-0.3841931942919902,0.01801,-1.1525795828759515,0.0182,-0.10976948408342034,0.01828,0.32930845225028005,0.01333,-26.838638858397367
INXUSDT,2026-05-09 23:00,0.012733,14.197309417040351,0.945639187574671,14.218821482072865,0.013345,4.8064085447263,0.014224,11.709730621220459,0.015296,20.1287991832247,0.014588,14.568444200109957,0.01499,17.725594910861545,0.015409,21.016256970077762,0.015439,21.25186523207414,0.016156,26.882902693787802,0.017548,37.81512605042018,0.019394,52.312887771931216,0.016899,32.718133982565,0.016438,29.09762035655385,0.015438,21.244011623340935,0.015616,22.641953977852825,0.014261,12.000314144349328,0.014207,11.576219272755829,0.015283,20.026702269692926,0.016337,28.304405874499345,0.015596,22.48488180318857,0.015175,19.178512526505926,0.008815,-30.770439016728186
SUIUSDT,2026-05-09 09:00,1.0835,6.111056703554992,0.9512195121951206,5.613552845766179,1.0928,0.8583294877711201,1.089,0.5076142131979752,1.0828,-0.0646054453160981,1.0735,-0.9229349330872183,1.0789,-0.4245500692201143,1.069,-1.3382556529764613,1.0714,-1.116751269035533,1.0761,-0.6829718504845271,1.0491,-3.174896169820027,1.0506,-3.0364559298569387,1.053,-2.8149515459160104,1.0556,-2.5749884633133195,1.0556,-2.5749884633133195,1.0489,-3.193354868481769,1.0487,-3.2118135671435115,1.0519,-2.9164743885555935,1.0635,-1.8458698661744366,1.0658,-1.6335948315643587,1.0693,-1.310567604983848,1.0685,-1.3844023996308172,0.7895,-27.13428703276419
DYMUSDT,2026-05-09 09:00,0.02442,7.957559681697609,0.9890109890109895,11.854159032612678,0.0245,0.3276003276003284,0.0245,0.3276003276003284,0.02487,1.8427518427518386,0.02811,15.110565110565105,0.02805,14.864864864864854,0.02625,7.493857493857487,0.02685,9.950859950859943,0.02643,8.230958230958223,0.0274,12.203112203112203,0.03072,25.798525798525795,0.02848,16.625716625716617,0.02685,9.950859950859943,0.02738,12.121212121212125,0.02517,3.0712530712530737,0.02489,1.9246519246519174,0.02508,2.702702702702706,0.02539,3.9721539721539663,0.02466,0.9828009828009854,0.02523,3.3169533169533096,0.02502,2.457002457002456,0.01811,-25.83947583947584
SIRENUSDT,2026-05-09 09:00,1.18763,7.815422045499937,0.9872706422018355,2.4927831403803298,1.27839,7.642110758401182,1.26371,6.406035549792456,1.26225,6.2831016393994865,1.27428,7.296043380514143,1.27253,7.148691090659547,1.22717,3.329319737628734,1.23893,4.319527125451541,1.24491,4.823050950211766,1.26158,6.226686762712289,1.26064,6.14753753273326,1.26259,6.3117300842855215,1.26637,6.630011030371414,1.27596,7.437501578774536,1.25523,5.692008453811381,1.28605,8.28709278142182,1.2864,8.316563239392742,1.27761,7.57643373778028,1.27178,7.0855401092932935,1.28615,8.29551291227065,1.25709,5.84862288759968,0.57673,-51.43857935552318
JUPUSDT,2026-05-09 03:00,0.242,5.538595726122978,0.9338235294117638,10.694355502698754,0.2402,-0.7438016528925604,0.24,-0.8264462809917362,0.2443,0.9504132231404944,0.2466,1.9008264462810003,0.2446,1.074380165289264,0.2429,0.3719008264462859,0.2453,1.3636363636363624,0.2487,2.768595041322319,0.2556,5.619834710743802,0.2486,2.727272727272725,0.2494,3.0578512396694286,0.2438,0.7438016528925604,0.2421,0.041322314049593696,0.2432,0.49586776859504406,0.241,-0.4132231404958681,0.2424,0.16528925619835186,0.2446,1.074380165289264,0.2484,2.6446280991735605,0.2487,2.768595041322319,0.254,4.958677685950417,0.1811,-25.165289256198342
AKTUSDT,2026-05-09 02:00,0.7254,5.0390964378801115,0.9405405405405411,9.049909801563444,0.7428,2.3986765922249753,0.732,0.9098428453267079,0.7195,-0.8133443617314606,0.7364,1.516404742211195,0.7293,0.5376344086021372,0.7395,1.943755169561621,0.7719,6.410256410256408,0.7715,6.355114419630537,0.7614,4.962779156327532,0.7658,5.569341053212019,0.7527,3.7634408602150526,0.7535,3.8737248414667635,0.7407,2.109181141439203,0.7422,2.3159636062861764,0.7434,2.4813895781637583,0.7704,6.203473945409419,0.7748,6.810035842293906,0.7633,5.2247036118003765,0.7733,6.603253377446918,0.783,7.940446650124066,0.6748,-6.975461814171504
IOUSDT,2026-05-09 02:00,0.1752,12.37973059653623,1.0,9.70569818409517,0.1654,-5.593607305936075,0.1636,-6.621004566210045,0.1632,-6.849315068493141,0.1639,-6.44977168949772,0.1645,-6.107305936073052,0.1667,-4.8515981735159865,0.1653,-5.650684931506845,0.1662,-5.136986301369868,0.1706,-2.625570776255704,0.168,-4.109589041095882,0.1661,-5.194063926940638,0.1654,-5.593607305936075,0.1643,-6.221461187214608,0.163,-6.963470319634697,0.1634,-6.735159817351601,0.1612,-7.990867579908667,0.1622,-7.420091324200905,0.1614,-7.876712328767127,0.1636,-6.621004566210045,0.1599,-8.732876712328771,0.1752,0.0
JUPUSDT,2026-05-09 01:00,0.2321,5.595996360327573,0.9111111111111106,9.054174693417286,0.2293,-1.2063765618267974,0.242,4.265402843601892,0.2402,3.4898750538560943,0.24,3.4037052994398924,0.2443,5.25635501938819,0.2466,6.247307195174499,0.2446,5.3856096510124996,0.2429,4.653166738474797,0.2453,5.68720379146919,0.2487,7.152089616544595,0.2556,10.124946143903486,0.2486,7.109004739336487,0.2494,7.453683757001296,0.2438,5.04093063334769,0.2421,4.30848772081,0.2432,4.782421370099095,0.241,3.8345540715208926,0.2424,4.437742352434297,0.2446,5.3856096510124996,0.2484,7.022834984920297,0.1811,-21.973287376130973
INTCUSDT,2026-05-09 01:00,126.5,6.976744186046512,0.986842105263158,10.5334440124077,125.58,-0.7272727272727286,124.0,-1.9762845849802373,125.03,-1.1620553359683785,125.04,-1.1541501976284536,126.38,-0.09486166007905499,125.94,-0.4426877470355749,126.3,-0.15810276679842122,126.42,-0.06324110671936625,126.12,-0.3003952569169925,126.19,-0.2450592885375512,126.4,-0.07905138339920499,126.26,-0.18972332015809873,126.29,-0.16600790513833497,126.17,-0.2608695652173899,126.24,-0.2055335968379487,126.3,-0.15810276679842122,126.34,-0.1264822134387325,126.22,-0.22134387351778745,126.29,-0.16600790513833497,126.26,-0.18972332015809873,110.99,-12.260869565217396
ONDOUSDT,2026-05-09 01:00,0.4519,6.454652532391057,0.9891696750902539,12.530504507196566,0.4473,-1.0179243195397318,0.4496,-0.5089621597698659,0.4332,-4.138083646824529,0.4414,-2.323522903297192,0.4438,-1.792431953972129,0.4476,-0.9515379508740929,0.4512,-0.1549015268864868,0.4705,4.115954857269296,0.461,2.0137198495242306,0.4546,0.5974773179907015,0.4502,-0.37618942243860026,0.4419,-2.212878955521135,0.445,-1.5268864793095855,0.4371,-3.2750608541712842,0.4349,-3.761894224385929,0.4256,-5.81987165302059,0.4168,-7.76720513387918,0.4212,-6.793538393449879,0.4262,-5.687098915689312,0.4232,-6.350962602345652,0.3948,-12.635538836025678
RKLBUSDT,2026-05-08 22:00,94.22,9.800722526512057,0.9556818181818181,10.588152443103793,96.73,2.6639779240076473,98.54,4.585013797495232,99.55,5.656973041817022,101.74,7.981320314158348,101.69,7.92825302483549,105.45,11.918913181914673,106.25,12.767989811080453,104.58,10.99554234769688,103.97,10.348121417957971,106.05,12.555720653789,106.88,13.4366376565485,106.7,13.245595414986209,106.29,12.810443642538747,106.56,13.097007004882194,107.25,13.829335597537678,107.18,13.755041392485682,106.96,13.521545319465075,106.65,13.19252812566335,107.81,14.42368923795373,106.54,13.075780089153055,113.24,20.186796858416468
MUUSDT,2026-05-08 22:00,709.86,5.429971780781235,0.999453253143795,6.315805238958211,716.64,0.955117910573912,722.55,1.7876764432423211,731.83,3.0949764742343597,731.86,3.0992026596793734,735.3,3.583805257374685,747.79,5.343307130983567,745.74,5.054517792240723,750.59,5.737751105851861,753.31,6.120925252866752,759.37,6.974614712760261,760.58,7.145070859042632,760.38,7.116896289409176,760.45,7.1267573887808915,760.42,7.1225312033358605,759.6,7.00701546783873,760.15,7.084495534330708,758.74,6.885864818414898,758.95,6.915448116530025,759.88,7.046459865325555,760.43,7.1239399318175325,1050.85,48.0362324965486
BSBUSDT,2026-05-08 16:00,0.6048,7.9884298110916685,0.9196300102774929,12.739277372548505,0.61957,2.4421296296296213,0.64344,6.38888888888889,0.6184,2.2486772486772395,0.6656,10.052910052910047,0.6496,7.407407407407399,0.66711,10.302579365079362,0.6744,11.507936507936508,0.74073,22.47519841269841,0.76876,27.109788359788357,0.64229,6.1987433862433905,0.53514,-11.517857142857151,0.63827,5.5340608465608465,0.6274,3.7367724867724794,0.63112,4.351851851851853,0.60589,0.1802248677248736,0.57528,-4.88095238095238,0.56391,-6.760912698412695,0.54544,-9.81481481481481,0.53318,-11.84193121693122,0.5265,-12.946428571428578,0.23088,-61.82539682539683
CHIPUSDT,2026-05-08 15:00,0.06496,8.592443998662665,0.994197292069632,11.092109313541085,0.06511,0.23091133004925699,0.06512,0.24630541871920175,0.06392,-1.6009852216748757,0.06629,2.047413793103445,0.06837,5.249384236453196,0.06689,2.971059113300494,0.06668,2.647783251231526,0.06651,2.3860837438423577,0.06723,3.4944581280788087,0.0738,13.608374384236456,0.07202,10.868226600985215,0.07261,11.776477832512299,0.07435,14.455049261083735,0.07475,15.070812807881762,0.07274,11.976600985221667,0.07179,10.514162561576358,0.07242,11.483990147783242,0.06994,7.666256157635464,0.06902,6.249999999999991,0.06896,6.157635467980279,0.03566,-45.10467980295567
BILLUSDT,2026-05-08 12:00,0.07446,7.616707616707612,0.9529837251356245,1.7811009199393066,0.07328,-1.5847434864356709,0.07586,1.880204136449098,0.07725,3.7469782433521366,0.07964,6.956755304861677,0.08908,19.634703196347044,0.08752,17.539618587160895,0.08556,14.90733279613215,0.08925,19.863013698630134,0.08402,12.839108246038139,0.08461,13.631479989255984,0.08347,12.100456621004572,0.08604,15.55197421434328,0.08689,16.693526725758794,0.08616,15.713134568896054,0.08614,15.686274509803916,0.08842,18.748321246306745,0.0882,18.452860596293316,0.08985,20.66881547139404,0.09525,27.921031426269145,0.0957,28.525382755842056,0.08278,11.173784582326093
COOKIEUSDT,2026-05-08 04:00,0.01935,5.795516675779106,0.905982905982904,6.091342727123203,0.01878,-2.945736434108515,0.01879,-2.8940568475452095,0.01873,-3.20413436692506,0.01872,-3.255813953488365,0.01853,-4.237726098191203,0.01892,-2.2222222222222214,0.0188,-2.842377260981904,0.01893,-2.170542635658916,0.01914,-1.085271317829449,0.01881,-2.7906976744185985,0.0187,-3.359173126614976,0.01852,-4.289405684754527,0.01879,-2.8940568475452095,0.01873,-3.20413436692506,0.01873,-3.20413436692506,0.01879,-2.8940568475452095,0.01857,-4.031007751937982,0.01873,-3.20413436692506,0.01908,-1.3953488372092993,0.019,-1.8087855297157605,0.01089,-43.72093023255814
TONUSDT,2026-05-08 02:00,2.5853,5.61728899419888,0.94178082191781,3.432686537307456,2.6711,3.3187637798321226,2.6404,2.1312807024329836,2.591,0.22047731404479318,2.6093,0.9283255328201764,2.6662,3.129230650214666,2.7123,4.912389277840087,2.6954,4.258693381812542,2.7091,4.7886125401307265,2.6881,3.976327698913077,2.6604,2.9048853131164636,2.7156,5.0400340386028555,2.6908,4.0807643213553435,2.7443,6.150156654933656,2.7215,5.268247398754483,2.7137,4.966541600587925,2.6466,2.3710981317448527,2.5447,-1.5704173596874624,2.574,-0.437086605036178,2.5753,-0.38680230534174875,2.6256,1.558813290527203,1.7898,-30.770123389935407
NOTUSDT,2026-05-08 02:00,0.0006516,5.012087026591467,0.9688473520249214,3.0882166814327436,0.0007034,7.949662369551866,0.0007041,8.057090239410686,0.0007288,11.847759361571521,0.0006899,5.877839165131984,0.0007093,8.85512584407611,0.0006911,6.06200122774709,0.0007184,10.251688152240638,0.0007104,9.023941068139967,0.000711,9.116022099447518,0.0007229,10.94229588704726,0.0007089,8.793738489871092,0.0007133,9.468999386126463,0.0007472,14.671577655003059,0.0007428,13.996316758747687,0.0007095,8.885819521178629,0.000679,4.205033763044815,0.0006791,4.220380601596065,0.0006895,5.8164518109269485,0.0006791,4.220380601596065,0.0006876,5.52486187845304,0.0004343,-33.348680171884595
SPACEUSDT,2026-05-07 17:00,0.007639,8.247130508714752,0.9356913183279741,6.526286431460056,0.007664,0.32726796701138694,0.007797,2.06833355151198,0.007687,0.6283544966618706,0.0078,2.1076057075533403,0.007758,1.5577955229742135,0.007703,0.8378059955491534,0.007718,1.03416677575599,0.007965,4.26757428982851,0.007741,1.3352533054064624,0.007824,2.4217829558842703,0.007672,0.431993716455034,0.007723,1.099620369158265,0.00781,2.238512894357902,0.007748,1.426888336169652,0.007719,1.0472574944364474,0.007819,2.356329362481995,0.007742,1.3483440240869198,0.007757,1.5447048042937566,0.007904,3.4690404503207177,0.00794,3.9403063228171122,0.006955,-8.954051577431597
DOGSUSDT,2026-05-07 09:00,6.932e-05,17.891156462585027,0.9678012879484813,17.627095635647848,8.805e-05,27.019619157530308,9.702e-05,39.95960761684941,9.021e-05,30.135603000577056,9.688e-05,39.757645701096365,9.587e-05,38.30063473744952,9.547e-05,37.723600692440876,9.092e-05,31.159838430467413,8.778e-05,26.63012117714947,8.941e-05,28.981534910559738,8.812e-05,27.120600115406823,8.136e-05,17.36872475476053,8.295e-05,19.662435083669944,8.313e-05,19.92210040392384,7.981e-05,15.132717830351996,8.103e-05,16.892671667628402,8.06e-05,16.272360069244087,8.642e-05,24.66820542412004,8.755e-05,26.29832660126949,8.436e-05,21.69648009232546,8.511e-05,22.778418926716693,4.574e-05,-34.016156953260236
BILLUSDT,2026-05-07 01:00,0.06801,5.85214007782101,0.9641025641025638,8.184204247196368,0.06611,-2.7937068078223772,0.06583,-3.205410968975152,0.06511,-4.26407881193942,0.06631,-2.499632406998981,0.0766,12.63049551536539,0.07803,14.733127481252758,0.07543,10.910160270548444,0.07108,4.514042052639323,0.06987,2.7348919276576984,0.06963,2.382002646669602,0.06898,1.4262608439935285,0.06991,2.7937068078223772,0.07266,6.8372298191442455,0.07564,11.218938391413024,0.0755,11.013086310836636,0.07306,7.425378620791058,0.07328,7.748860461696805,0.07404,8.866343184825752,0.0731,7.4841935009557385,0.07636,12.277606234377291,0.08278,21.717394500808712
DOGSUSDT,2026-05-07 01:00,5.959e-05,9.782608695652165,0.9299474605954461,7.551528715301591,5.671e-05,-4.8330256754489005,5.672e-05,-4.816244336298033,5.702e-05,-4.312804161772106,5.915e-05,-0.7383789226380195,5.865e-05,-1.5774458801812292,5.908e-05,-0.8558482966940766,5.88e-05,-1.3257257929182709,6.932e-05,16.3282429937909,8.805e-05,47.75969122335963,9.702e-05,62.81255244168486,9.021e-05,51.38446047994631,9.688e-05,62.577613693572744,9.587e-05,60.88269843933547,9.547e-05,60.21144487330091,9.092e-05,52.57593555965767,8.778e-05,47.3065950662863,8.941e-05,50.04195334787717,8.812e-05,47.87716059741569,8.136e-05,36.532975331431444,8.295e-05,39.201208256418866,4.574e-05,-23.242154723946967
OPGUSDT,2026-05-07 00:00,0.2505,5.473684210526321,1.0,0.562023283821752,0.2599,3.7524950099800476,0.2567,2.4750499001995943,0.2594,3.552894211576854,0.2585,3.1936127744511005,0.259,3.3932135728542945,0.2576,2.8343313373253474,0.263,4.990019960079844,0.267,6.586826347305395,0.2704,7.944111776447095,0.2635,5.189620758483039,0.2632,5.069860279441114,0.2617,4.4710578842315325,0.2584,3.153692614770466,0.2593,3.512974051896198,0.2571,2.6347305389221534,0.2536,1.2375249500997971,0.2462,-1.7165668662674642,0.2413,-3.672654690618768,0.2436,-2.754491017964068,0.2415,-3.5928143712574885,0.1718,-31.417165668662673
ICPUSDT,2026-05-07 00:00,2.931,6.50436046511629,0.9421052631578942,4.4286884953860355,2.956,0.8529512111907169,2.88,-1.7400204708290739,2.887,-1.5011941316956685,2.894,-1.2623677925622627,2.918,-0.44353462981917097,3.063,4.5035823950870055,3.083,5.185943364039582,3.188,8.768338451040604,3.061,4.43534629819174,2.99,2.0129648584101045,2.962,1.0576595018764974,2.941,0.3411804844762807,2.968,1.2623677925622627,2.96,0.989423404981232,2.986,1.8764926646195894,3.016,2.9000341180484464,3.03,3.377686796315242,3.017,2.9341521664960712,3.082,5.151825315591941,3.098,5.697714090754003,2.86,-2.4223814397816503
TONUSDT,2026-05-06 21:00,2.4367,6.699654070149321,0.9323583180987209,10.20805065581186,2.3727,-2.6265030574137174,2.2677,-6.935609635983093,2.3012,-5.560799441868098,2.4238,-0.5294045225099574,2.413,-0.9726269134485278,2.4076,-1.1942381089178038,2.3795,-2.3474371075635045,2.3914,-1.85907169532565,2.4183,-0.7551196290064511,2.455,0.7510157179792335,2.4494,0.5211967004555224,2.4376,0.03693519924488541,2.5744,5.651085484466685,2.6524,8.852136085689661,2.6681,9.496450116961457,2.8164,15.582550170312295,2.7852,14.302129929823124,2.8759,18.024377231501624,2.7415,12.508720810932807,2.6838,10.14076414823327,1.7898,-26.548200435014568
TONUSDT,2026-05-06 19:00,2.3252,5.013097281185088,0.9753954305799676,8.496024487662869,2.2837,-1.7847927060037885,2.4367,4.7952864269740205,2.3727,2.0428350249440856,2.2677,-2.4729055565112725,2.3012,-1.0321692757612255,2.4238,4.240495441252357,2.413,3.776019267159799,2.4076,3.5437811801135304,2.3795,2.3352829864097715,2.3914,2.8470669189747038,2.4183,4.003956648890406,2.455,5.582315499741954,2.4494,5.341476002064323,2.4376,4.833992774815072,2.5744,10.717357646654035,2.6524,14.071907792878028,2.6681,14.747118527438488,2.8164,21.12506451057972,2.7852,19.78324445209014,2.8759,23.683984173404436,1.7898,-23.02597626010666
NEARUSDT,2026-05-06 17:00,1.425,5.026533018867927,0.9459084604715671,7.495247578528116,1.4093,-1.1017543859649155,1.4414,1.150877192982454,1.4797,3.8385964912280683,1.4969,5.045614035087709,1.4631,2.6736842105263174,1.468,3.0175438596491175,1.5082,5.838596491228066,1.5173,6.477192982456144,1.5066,5.726315789473676,1.4967,5.031578947368412,1.5031,5.480701754385969,1.5154,6.34385964912281,1.5248,7.003508771929816,1.4869,4.343859649122812,1.4873,4.371929824561405,1.4911,4.638596491228073,1.4687,3.066666666666656,1.4843,4.161403508771923,1.486,4.2807017543859605,1.4881,4.428070175438592,2.6969,89.25614035087717
DASHUSDT,2026-05-06 16:00,53.04,5.699481865284973,0.92556634304207,7.316283586921333,55.66,4.9396681749622875,53.91,1.640271493212665,55.47,4.581447963800905,54.88,3.4690799396681813,57.19,7.824283559577674,55.3,4.260935143288081,54.92,3.544494720965314,54.96,3.6199095022624466,54.62,2.978883861236799,54.84,3.3936651583710487,54.15,2.092760180995474,54.87,3.450226244343888,55.09,3.8650075414781373,54.25,2.2812971342383124,53.14,0.18853695324283828,51.5,-2.9034690799396667,52.13,-1.7156862745097974,51.94,-2.0739064856711944,50.68,-4.4494720965309185,50.62,-4.562594268476625,37.03,-30.184766214177976
DASHUSDT,2026-05-06 14:00,50.5,5.055127938423133,0.9838056680161946,3.462405244826875,50.18,-0.6336633663366342,53.04,5.029702970297028,55.66,10.217821782178211,53.91,6.752475247524746,55.47,9.84158415841584,54.88,8.673267326732677,57.19,13.247524752475243,55.3,9.5049504950495,54.92,8.752475247524757,54.96,8.831683168316834,54.62,8.158415841584153,54.84,8.5940594059406,54.15,7.227722772277224,54.87,8.653465346534649,55.09,9.089108910891095,54.25,7.425742574257425,53.14,5.227722772277229,51.5,1.9801980198019802,52.13,3.227722772277233,51.94,2.851485148514847,37.03,-26.67326732673267
FILUSDT,2026-05-06 12:00,1.1182,8.090865152247472,0.9258849557522132,11.815527378904871,1.1461,2.4950813807905394,1.1152,-0.26828832051512375,1.0853,-2.9422285816490925,1.071,-4.221069576104465,1.1038,-1.2877839384725622,1.1164,-0.16097299230907028,1.1207,0.22357360042925653,1.1037,-1.2967268824897316,1.0889,-2.620282597030952,1.0618,-5.043820425684135,1.0547,-5.678769450903247,1.0695,-4.355213736362027,1.0772,-3.6666070470398986,1.0625,-4.981219817563949,1.0621,-5.016991593632627,1.0681,-4.480414952602399,1.0756,-3.8096941513146296,1.0898,-2.5397961008764067,1.0888,-2.6292255410481213,1.1143,-0.34877481666964893,0.884,-20.944374888213204
FILUSDT,2026-05-06 10:00,1.0345,5.399898115129897,0.9447415329768253,6.14828951958791,1.0345,0.0,1.1182,8.090865152247472,1.1461,10.78782020299661,1.1152,7.800869985500242,1.0853,4.9105848235862695,1.071,3.5282745287578523,1.1038,6.698888351860795,1.1164,7.916868052199138,1.1207,8.332527791203486,1.1037,6.689221846302555,1.0889,5.258579023682939,1.0618,2.6389560173997197,1.0547,1.9526341227646202,1.0695,3.3832769453842357,1.0772,4.1275978733687735,1.0625,2.706621556307397,1.0621,2.667955534074439,1.0681,3.2479458675688813,1.0756,3.9729337844369175,1.0898,5.345577573707117,0.884,-14.548090865152243
ZECUSDT,2026-05-06 05:00,488.07,8.80090951648499,0.9094678645473392,11.647154092150592,515.56,5.63238879668899,507.11,3.901079763148733,516.6,5.845472985432424,516.71,5.868010736164903,517.38,6.005286126989982,526.76,7.927141598541193,522.88,7.132173663613826,527.37,8.05212367078493,543.32,11.32009752699409,548.13,12.305611899932387,593.62,21.625996271026697,588.89,20.65687298953019,566.53,16.0755629315467,580.0,18.83541295306001,578.07,18.439977872026567,574.33,17.67369434712235,564.17,15.592025734013557,573.52,17.507734546274097,584.32,19.720531890917297,570.66,16.9217530272297,600.46,23.027434589300725
AXLUSDT,2026-05-06 00:00,0.08113,5.55555555555555,1.0,4.812350623344734,0.08035,-0.9614199433008617,0.07848,-3.266362627881178,0.08031,-1.010723530136802,0.08106,-0.08628127696289982,0.0812,0.08628127696289982,0.08029,-1.0353753235547807,0.08028,-1.0477012202637617,0.08002,-1.3681745346973992,0.07757,-4.388019228398859,0.07766,-4.27708615801798,0.07658,-5.608283002588437,0.0743,-8.418587452237137,0.07328,-9.675828916553675,0.07414,-8.615801799580916,0.07471,-7.913225687168736,0.07485,-7.740663133242936,0.07556,-6.865524466904957,0.0752,-7.309256748428437,0.07504,-7.506471095772216,0.07508,-7.4571675089362754,0.04764,-41.27942807839269
MPUSDT,2026-05-05 23:00,68.79,5.554703084241222,0.9705093833780163,3.3022480515385153,67.58,-1.7589765954353944,67.93,-1.250181712458205,67.64,-1.6717546154964464,67.44,-1.962494548626266,67.93,-1.250181712458205,67.93,-1.250181712458205,68.07,-1.0466637592673542,68.07,-1.0466637592673542,68.1,-1.0030527692978803,68.0,-1.1484227358627797,68.16,-0.9158307893589324,68.19,-0.8722197993894584,68.26,-0.7704608227940123,68.21,-0.8431458060764827,68.29,-0.7268498328245384,68.21,-0.8431458060764827,68.11,-0.9885157726413821,68.25,-0.7849978194505105,68.26,-0.7704608227940123,68.64,-0.21805494984736976,66.56,-3.2417502543974472
LUNCUSDT,2026-05-05 23:00,0.00010803,5.405405405405396,0.9502572898799293,7.048366479384047,0.00011298,4.58206053873925,0.0001176,8.858650374895866,0.00011931,10.441544015551237,0.00011386,5.396649078959552,0.00011278,4.3969267795982665,0.00011493,6.387114690363793,0.00011266,4.285846524113674,0.00011379,5.331852263260217,0.00011513,6.572248449504777,0.00011578,7.1739331667129616,0.00011368,5.230028695732669,0.00011136,3.082477089697316,0.00011074,2.5085624363602763,0.00011174,3.4342312320651707,0.00011202,3.693418494862545,0.00010718,-0.7868184763491564,0.00010887,0.7775617883921248,0.00010947,1.332963065815051,0.00010963,1.4810700731278459,0.00010569,-2.1660649819494537,6.714e-05,-37.85059705637323
GWEIUSDT,2026-05-05 22:00,0.12513,12.314872991652452,0.9560975609756085,12.7591893377549,0.1259,0.6153600255734203,0.12581,0.5434348277791209,0.12738,1.79812994485735,0.12974,3.6841684647966138,0.13029,4.123711340206184,0.12734,1.7661631902821207,0.12823,2.477423479581251,0.13013,3.9958443219052224,0.1288,2.932949732278436,0.1287,2.8530328458403402,0.13089,4.603212658834824,0.13476,7.6959961639894505,0.13568,8.431231519220015,0.13234,5.762007512187343,0.13236,5.777990889474958,0.1326,5.9697914169264,0.14079,12.51498441620715,0.14176,13.29017821465676,0.13932,11.340206185567018,0.14113,12.78670183009671,0.09974,-20.290897466634696
MUUSDT,2026-05-05 22:00,636.0,5.242255758538514,0.9422962522308134,6.3402889245586,637.97,0.30974842767296024,645.52,1.496855345911947,640.79,0.7531446540880447,640.52,0.7106918238993681,645.76,1.534591194968552,641.16,0.8113207547169762,647.0,1.729559748427673,662.16,4.113207547169806,683.18,7.418238993710684,676.3,6.336477987421377,670.84,5.477987421383653,675.39,6.193396226415092,673.3,5.86477987421383,677.11,6.463836477987424,679.84,6.893081761006295,680.37,6.9764150943396235,677.65,6.5487421383647755,677.15,6.470125786163518,686.87,7.998427672955975,678.34,6.65723270440252,1050.85,65.22798742138363
SNDKUSDT,2026-05-05 22:00,1360.0,5.981733736479535,1.0,6.555347668161586,1364.7,0.345588235294121,1386.35,1.9374999999999933,1400.44,2.97352941176471,1415.89,4.109558823529419,1413.4,3.9264705882353006,1406.45,3.415441176470592,1430.69,5.197794117647063,1457.18,7.145588235294123,1478.27,8.696323529411764,1467.86,7.930882352941169,1462.29,7.521323529411762,1474.29,8.403676470588232,1471.36,8.18823529411764,1477.42,8.633823529411771,1510.77,11.086029411764704,1502.53,10.480147058823528,1496.6,10.044117647058817,1495.06,9.930882352941172,1502.99,10.513970588235296,1484.46,9.151470588235297,1782.43,31.06102941176471
LITUSDT,2026-05-05 20:00,0.97,5.206073752711489,0.96,5.469174730890496,0.97,0.0,0.973,0.3092783505154642,0.966,-0.4123711340206189,0.981,1.134020618556702,0.957,-1.3402061855670115,0.972,0.20618556701030946,0.978,0.8247422680412378,0.979,0.9278350515463927,0.989,1.9587628865979398,0.972,0.20618556701030946,0.966,-0.4123711340206189,0.966,-0.4123711340206189,0.965,-0.5154639175257737,0.968,-0.20618556701030946,0.979,0.9278350515463927,0.975,0.5154639175257737,0.965,-0.5154639175257737,0.97,0.0,0.964,-0.6185567010309284,0.959,-1.134020618556702,1.63,68.04123711340205
MUSDT,2026-05-05 14:00,3.34245,25.13993043725687,0.9358736707131808,20.86599566503147,3.50889,4.979580846385141,3.69354,10.503971637571247,3.53243,5.683854657511713,3.30338,-1.16890305015781,3.36212,0.5884904785411921,3.38868,1.3831171745276667,3.37736,1.0444434471719846,3.41327,2.1188050681386374,3.36011,0.5283549492139069,3.32627,-0.4840760519977819,3.34939,0.20763212613502577,3.51986,5.307783212912686,3.344,0.04637316938173915,3.34386,0.042184625050484266,3.45826,3.464823707160921,3.52213,5.375697467426597,3.50011,4.716899280467918,3.51159,5.060359915630752,3.53214,5.675178387111255,3.49353,4.520037696898978,3.36358,0.6321710122814065
