category,symbol,ts_utc,ts_kst,close,body_pct,close_to_weekly_ma20_pct
base,4USDT,2026-05-05 02:00:00+00:00,2026-05-05 11:00:00+09:00,0.01615,7.4517631403859035,13.804523994080759
above_w20,4USDT,2026-05-05 02:00:00+00:00,2026-05-05 11:00:00+09:00,0.01615,7.4517631403859035,13.804523994080759
base,ACEUSDT,2026-05-07 01:00:00+00:00,2026-05-07 10:00:00+09:00,0.1347,5.813040062843668,-24.78012006142678
base,AEROUSDT,2026-05-18 21:00:00+00:00,2026-05-19 06:00:00+09:00,0.4142,5.073566717402338,5.034931341845341
above_w20,AEROUSDT,2026-05-18 21:00:00+00:00,2026-05-19 06:00:00+09:00,0.4142,5.073566717402338,5.034931341845341
w20_band_0to10,AEROUSDT,2026-05-18 21:00:00+00:00,2026-05-19 06:00:00+09:00,0.4142,5.073566717402338,5.034931341845341
base,AEVOUSDT,2026-05-09 06:00:00+00:00,2026-05-09 15:00:00+09:00,0.03236,6.098360655737707,10.810533164400917
base,AEVOUSDT,2026-05-15 14:00:00+00:00,2026-05-15 23:00:00+09:00,0.0296,7.5190701053396385,2.130596049340119
above_w20,AEVOUSDT,2026-05-09 06:00:00+00:00,2026-05-09 15:00:00+09:00,0.03236,6.098360655737707,10.810533164400917
above_w20,AEVOUSDT,2026-05-15 14:00:00+00:00,2026-05-15 23:00:00+09:00,0.0296,7.5190701053396385,2.130596049340119
w20_band_0to10,AEVOUSDT,2026-05-15 14:00:00+00:00,2026-05-15 23:00:00+09:00,0.0296,7.5190701053396385,2.130596049340119
base,AINUSDT,2026-05-13 14:00:00+00:00,2026-05-13 23:00:00+09:00,0.114,8.872123006398631,103.22123483639798
base,AINUSDT,2026-05-13 17:00:00+00:00,2026-05-14 02:00:00+09:00,0.13137,6.174735310757278,134.18573351278596
base,AINUSDT,2026-05-20 09:00:00+00:00,2026-05-20 18:00:00+09:00,0.09042,6.879432624113482,58.105946021559895
above_w20,AINUSDT,2026-05-13 14:00:00+00:00,2026-05-13 23:00:00+09:00,0.114,8.872123006398631,103.22123483639798
above_w20,AINUSDT,2026-05-13 17:00:00+00:00,2026-05-14 02:00:00+09:00,0.13137,6.174735310757278,134.18573351278596
above_w20,AINUSDT,2026-05-20 09:00:00+00:00,2026-05-20 18:00:00+09:00,0.09042,6.879432624113482,58.105946021559895
base,AIOUSDT,2026-05-11 06:00:00+00:00,2026-05-11 15:00:00+09:00,0.10875,5.562026790914384,5.493929855024666
base,AIOUSDT,2026-05-14 05:00:00+00:00,2026-05-14 14:00:00+09:00,0.10713,7.3446893787575185,3.9224340723567153
base,AIOUSDT,2026-06-03 02:00:00+00:00,2026-06-03 11:00:00+09:00,0.10429,8.760037543018031,4.363054137896531
above_w20,AIOUSDT,2026-05-11 06:00:00+00:00,2026-05-11 15:00:00+09:00,0.10875,5.562026790914384,5.493929855024666
above_w20,AIOUSDT,2026-05-14 05:00:00+00:00,2026-05-14 14:00:00+09:00,0.10713,7.3446893787575185,3.9224340723567153
above_w20,AIOUSDT,2026-06-03 02:00:00+00:00,2026-06-03 11:00:00+09:00,0.10429,8.760037543018031,4.363054137896531
w20_band_0to10,AIOUSDT,2026-05-11 06:00:00+00:00,2026-05-11 15:00:00+09:00,0.10875,5.562026790914384,5.493929855024666
w20_band_0to10,AIOUSDT,2026-05-14 05:00:00+00:00,2026-05-14 14:00:00+09:00,0.10713,7.3446893787575185,3.9224340723567153
w20_band_0to10,AIOUSDT,2026-06-03 02:00:00+00:00,2026-06-03 11:00:00+09:00,0.10429,8.760037543018031,4.363054137896531
base,AIXBTUSDT,2026-06-03 21:00:00+00:00,2026-06-04 06:00:00+09:00,0.02712,5.197827773467795,5.106094370700511
above_w20,AIXBTUSDT,2026-06-03 21:00:00+00:00,2026-06-04 06:00:00+09:00,0.02712,5.197827773467795,5.106094370700511
w20_band_0to10,AIXBTUSDT,2026-06-03 21:00:00+00:00,2026-06-04 06:00:00+09:00,0.02712,5.197827773467795,5.106094370700511
base,AKTUSDT,2026-05-08 17:00:00+00:00,2026-05-09 02:00:00+09:00,0.7254,5.0390964378801115,71.03649910402717
base,AKTUSDT,2026-05-21 00:00:00+00:00,2026-05-21 09:00:00+09:00,0.8364,5.793068555527456,81.23510292524378
base,AKTUSDT,2026-05-25 19:00:00+00:00,2026-05-26 04:00:00+09:00,0.9563,6.255555555555557,98.2770238749339
above_w20,AKTUSDT,2026-05-08 17:00:00+00:00,2026-05-09 02:00:00+09:00,0.7254,5.0390964378801115,71.03649910402717
above_w20,AKTUSDT,2026-05-21 00:00:00+00:00,2026-05-21 09:00:00+09:00,0.8364,5.793068555527456,81.23510292524378
above_w20,AKTUSDT,2026-05-25 19:00:00+00:00,2026-05-26 04:00:00+09:00,0.9563,6.255555555555557,98.2770238749339
base,ALGOUSDT,2026-05-30 01:00:00+00:00,2026-05-30 10:00:00+09:00,0.1348,5.891594658287516,29.596692784694522
above_w20,ALGOUSDT,2026-05-30 01:00:00+00:00,2026-05-30 10:00:00+09:00,0.1348,5.891594658287516,29.596692784694522
base,ALLOUSDT,2026-05-28 14:00:00+00:00,2026-05-28 23:00:00+09:00,0.1055,5.289421157684631,4.641936123784967
base,ALLOUSDT,2026-05-28 16:00:00+00:00,2026-05-29 01:00:00+09:00,0.1195,9.935602575896954,18.5280698274152
base,ALLOUSDT,2026-06-02 14:00:00+00:00,2026-06-02 23:00:00+09:00,0.1717,5.531653349723404,57.23443223443222
base,ALLOUSDT,2026-06-02 15:00:00+00:00,2026-06-03 00:00:00+09:00,0.2078,21.025043680838685,90.29304029304029
above_w20,ALLOUSDT,2026-05-28 14:00:00+00:00,2026-05-28 23:00:00+09:00,0.1055,5.289421157684631,4.641936123784967
above_w20,ALLOUSDT,2026-05-28 16:00:00+00:00,2026-05-29 01:00:00+09:00,0.1195,9.935602575896954,18.5280698274152
above_w20,ALLOUSDT,2026-06-02 14:00:00+00:00,2026-06-02 23:00:00+09:00,0.1717,5.531653349723404,57.23443223443222
above_w20,ALLOUSDT,2026-06-02 15:00:00+00:00,2026-06-03 00:00:00+09:00,0.2078,21.025043680838685,90.29304029304029
w20_band_0to10,ALLOUSDT,2026-05-28 14:00:00+00:00,2026-05-28 23:00:00+09:00,0.1055,5.289421157684631,4.641936123784967
base,ALTUSDT,2026-05-20 14:00:00+00:00,2026-05-20 23:00:00+09:00,0.007231,6.557618626584132,-14.436161401017639
base,ANKRUSDT,2026-05-06 00:00:00+00:00,2026-05-06 09:00:00+09:00,0.005364,8.079790449324992,0.9114767051386847
above_w20,ANKRUSDT,2026-05-06 00:00:00+00:00,2026-05-06 09:00:00+09:00,0.005364,8.079790449324992,0.9114767051386847
w20_band_0to10,ANKRUSDT,2026-05-06 00:00:00+00:00,2026-05-06 09:00:00+09:00,0.005364,8.079790449324992,0.9114767051386847
base,APPUSDT,2026-05-07 14:00:00+00:00,2026-05-07 23:00:00+09:00,497.02,6.88602150537634,0.9781483547014311
above_w20,APPUSDT,2026-05-07 14:00:00+00:00,2026-05-07 23:00:00+09:00,497.02,6.88602150537634,0.9781483547014311
w20_band_0to10,APPUSDT,2026-05-07 14:00:00+00:00,2026-05-07 23:00:00+09:00,497.02,6.88602150537634,0.9781483547014311
base,APRUSDT,2026-05-18 01:00:00+00:00,2026-05-18 10:00:00+09:00,0.16926,23.945518453427074,26.121896969900206
base,APRUSDT,2026-05-19 07:00:00+00:00,2026-05-19 16:00:00+09:00,0.17795,14.628961607833038,32.59713792859354
base,APRUSDT,2026-05-29 14:00:00+00:00,2026-05-29 23:00:00+09:00,0.18919,6.874929386509991,40.01679994375348
base,APRUSDT,2026-05-31 05:00:00+00:00,2026-05-31 14:00:00+09:00,0.18977,7.335972850678722,40.446049607939635
base,APRUSDT,2026-06-01 08:00:00+00:00,2026-06-01 17:00:00+09:00,0.18268,7.642448883389316,32.4752080349535
base,APRUSDT,2026-06-02 15:00:00+00:00,2026-06-03 00:00:00+09:00,0.20023,13.015747587063272,45.20205224895301
above_w20,APRUSDT,2026-05-18 01:00:00+00:00,2026-05-18 10:00:00+09:00,0.16926,23.945518453427074,26.121896969900206
above_w20,APRUSDT,2026-05-19 07:00:00+00:00,2026-05-19 16:00:00+09:00,0.17795,14.628961607833038,32.59713792859354
above_w20,APRUSDT,2026-05-29 14:00:00+00:00,2026-05-29 23:00:00+09:00,0.18919,6.874929386509991,40.01679994375348
above_w20,APRUSDT,2026-05-31 05:00:00+00:00,2026-05-31 14:00:00+09:00,0.18977,7.335972850678722,40.446049607939635
above_w20,APRUSDT,2026-06-01 08:00:00+00:00,2026-06-01 17:00:00+09:00,0.18268,7.642448883389316,32.4752080349535
above_w20,APRUSDT,2026-06-02 15:00:00+00:00,2026-06-03 00:00:00+09:00,0.20023,13.015747587063272,45.20205224895301
base,ARCUSDT,2026-05-15 16:00:00+00:00,2026-05-16 01:00:00+09:00,0.06666,13.425216947422145,17.57339518312418
base,ARCUSDT,2026-05-30 17:00:00+00:00,2026-05-31 02:00:00+09:00,0.07949,6.000800106680896,33.64830102392525
base,ARCUSDT,2026-06-01 01:00:00+00:00,2026-06-01 10:00:00+09:00,0.07932,6.384120171673819,30.67007124912485
base,ARCUSDT,2026-06-01 13:00:00+00:00,2026-06-01 22:00:00+09:00,0.08403,9.342875731945337,38.42922449651992
base,ARCUSDT,2026-06-03 14:00:00+00:00,2026-06-03 23:00:00+09:00,0.07898,11.286459067211482,30.10996252213666
above_w20,ARCUSDT,2026-05-15 16:00:00+00:00,2026-05-16 01:00:00+09:00,0.06666,13.425216947422145,17.57339518312418
above_w20,ARCUSDT,2026-05-30 17:00:00+00:00,2026-05-31 02:00:00+09:00,0.07949,6.000800106680896,33.64830102392525
above_w20,ARCUSDT,2026-06-01 01:00:00+00:00,2026-06-01 10:00:00+09:00,0.07932,6.384120171673819,30.67007124912485
above_w20,ARCUSDT,2026-06-01 13:00:00+00:00,2026-06-01 22:00:00+09:00,0.08403,9.342875731945337,38.42922449651992
above_w20,ARCUSDT,2026-06-03 14:00:00+00:00,2026-06-03 23:00:00+09:00,0.07898,11.286459067211482,30.10996252213666
base,ARKMUSDT,2026-06-03 04:00:00+00:00,2026-06-03 13:00:00+09:00,0.1386,5.079605761940873,13.133621745163678
above_w20,ARKMUSDT,2026-06-03 04:00:00+00:00,2026-06-03 13:00:00+09:00,0.1386,5.079605761940873,13.133621745163678
base,ARMUSDT,2026-05-20 13:00:00+00:00,2026-05-20 22:00:00+09:00,250.38,9.589880509476078,73.59953129929244
base,ARMUSDT,2026-05-28 13:00:00+00:00,2026-05-28 22:00:00+09:00,322.43,5.077399380804948,109.48371357196925
base,ARMUSDT,2026-05-28 14:00:00+00:00,2026-05-28 23:00:00+09:00,340.38,5.567099835623232,121.14588104589178
base,ARMUSDT,2026-06-01 00:00:00+00:00,2026-06-01 09:00:00+09:00,386.49,5.110144139243954,131.87405883094056
base,ARMUSDT,2026-06-02 14:00:00+00:00,2026-06-02 23:00:00+09:00,414.07,5.396187033878888,148.42063582531904
above_w20,ARMUSDT,2026-05-20 13:00:00+00:00,2026-05-20 22:00:00+09:00,250.38,9.589880509476078,73.59953129929244
above_w20,ARMUSDT,2026-05-28 13:00:00+00:00,2026-05-28 22:00:00+09:00,322.43,5.077399380804948,109.48371357196925
above_w20,ARMUSDT,2026-05-28 14:00:00+00:00,2026-05-28 23:00:00+09:00,340.38,5.567099835623232,121.14588104589178
above_w20,ARMUSDT,2026-06-01 00:00:00+00:00,2026-06-01 09:00:00+09:00,386.49,5.110144139243954,131.87405883094056
above_w20,ARMUSDT,2026-06-02 14:00:00+00:00,2026-06-02 23:00:00+09:00,414.07,5.396187033878888,148.42063582531904
base,ARPAUSDT,2026-05-12 18:00:00+00:00,2026-05-13 03:00:00+09:00,0.01216,5.0993949870354385,14.814465111887461
above_w20,ARPAUSDT,2026-05-12 18:00:00+00:00,2026-05-13 03:00:00+09:00,0.01216,5.0993949870354385,14.814465111887461
base,ARUSDT,2026-05-27 15:00:00+00:00,2026-05-28 00:00:00+09:00,2.366,5.766651765757711,8.514688008805942
base,ARUSDT,2026-05-29 00:00:00+00:00,2026-05-29 09:00:00+09:00,2.342,5.543037404236153,7.413947302038677
base,ARUSDT,2026-06-03 14:00:00+00:00,2026-06-03 23:00:00+09:00,2.622,7.679671457905537,24.44233507356429
above_w20,ARUSDT,2026-05-27 15:00:00+00:00,2026-05-28 00:00:00+09:00,2.366,5.766651765757711,8.514688008805942
above_w20,ARUSDT,2026-05-29 00:00:00+00:00,2026-05-29 09:00:00+09:00,2.342,5.543037404236153,7.413947302038677
above_w20,ARUSDT,2026-06-03 14:00:00+00:00,2026-06-03 23:00:00+09:00,2.622,7.679671457905537,24.44233507356429
w20_band_0to10,ARUSDT,2026-05-27 15:00:00+00:00,2026-05-28 00:00:00+09:00,2.366,5.766651765757711,8.514688008805942
w20_band_0to10,ARUSDT,2026-05-29 00:00:00+00:00,2026-05-29 09:00:00+09:00,2.342,5.543037404236153,7.413947302038677
base,ATAUSDT,2026-05-15 00:00:00+00:00,2026-05-15 09:00:00+09:00,0.00687,8.359621451104102,-45.232780612244895
base,ATHUSDT,2026-05-26 10:00:00+00:00,2026-05-26 19:00:00+09:00,0.006564,6.196408348163737,-2.112397754132685
base,ATUSDT,2026-05-19 04:00:00+00:00,2026-05-19 13:00:00+09:00,0.1277,6.505421184320268,-19.508351717617398
base,AXLUSDT,2026-05-05 15:00:00+00:00,2026-05-06 00:00:00+09:00,0.08113,5.55555555555555,33.199799699549324
above_w20,AXLUSDT,2026-05-05 15:00:00+00:00,2026-05-06 00:00:00+09:00,0.08113,5.55555555555555,33.199799699549324
base,BABAUSDT,2026-05-13 13:00:00+00:00,2026-05-13 22:00:00+09:00,142.55,8.55989642829945,-1.4470109165324208
base,BABYUSDT,2026-05-09 16:00:00+00:00,2026-05-10 01:00:00+09:00,0.01822,5.014409221902013,20.327565711266683
above_w20,BABYUSDT,2026-05-09 16:00:00+00:00,2026-05-10 01:00:00+09:00,0.01822,5.014409221902013,20.327565711266683
base,BANANAS31USDT,2026-05-11 08:00:00+00:00,2026-05-11 17:00:00+09:00,0.012787,5.225477287689271,72.632829534025
above_w20,BANANAS31USDT,2026-05-11 08:00:00+00:00,2026-05-11 17:00:00+09:00,0.012787,5.225477287689271,72.632829534025
base,BANDUSDT,2026-05-30 16:00:00+00:00,2026-05-31 01:00:00+09:00,0.2075,5.063291139240497,-11.081590675351396
base,BANUSDT,2026-05-13 08:00:00+00:00,2026-05-13 17:00:00+09:00,0.08209,5.541270249421438,-1.9182632280110752
base,BANUSDT,2026-05-23 06:00:00+00:00,2026-05-23 15:00:00+09:00,0.087,5.492906511458703,4.262165417318293
base,BANUSDT,2026-05-25 14:00:00+00:00,2026-05-25 23:00:00+09:00,0.09659,6.552675124103696,14.420081263252667
above_w20,BANUSDT,2026-05-23 06:00:00+00:00,2026-05-23 15:00:00+09:00,0.087,5.492906511458703,4.262165417318293
above_w20,BANUSDT,2026-05-25 14:00:00+00:00,2026-05-25 23:00:00+09:00,0.09659,6.552675124103696,14.420081263252667
w20_band_0to10,BANUSDT,2026-05-23 06:00:00+00:00,2026-05-23 15:00:00+09:00,0.087,5.492906511458703,4.262165417318293
base,BASUSDT,2026-05-10 07:00:00+00:00,2026-05-10 16:00:00+09:00,0.02384,6.762203313927456,233.2774143040877
base,BASUSDT,2026-05-13 09:00:00+00:00,2026-05-13 18:00:00+09:00,0.024191,6.455729625066008,199.73670352817277
base,BASUSDT,2026-05-17 23:00:00+00:00,2026-05-18 08:00:00+09:00,0.023176,11.988402995892713,187.1604249914816
base,BASUSDT,2026-05-21 23:00:00+00:00,2026-05-22 08:00:00+09:00,0.020793,5.40910473486768,132.29417449154576
base,BASUSDT,2026-05-22 00:00:00+00:00,2026-05-22 09:00:00+09:00,0.022363,7.55061799644112,149.83382023538877
base,BASUSDT,2026-05-22 07:00:00+00:00,2026-05-22 16:00:00+09:00,0.021912,6.343120601795693,144.79536148986446
base,BASUSDT,2026-05-22 22:00:00+00:00,2026-05-23 07:00:00+09:00,0.021971,6.155481470744556,145.45449467386874
base,BASUSDT,2026-05-23 21:00:00+00:00,2026-05-24 06:00:00+09:00,0.022523,14.872239506298781,151.62130005641737
base,BASUSDT,2026-05-24 04:00:00+00:00,2026-05-24 13:00:00+09:00,0.022449,5.0786369593709,150.79459063919163
base,BASUSDT,2026-05-25 04:00:00+00:00,2026-05-25 13:00:00+09:00,0.023057,5.7709069223358975,135.54711044367485
base,BASUSDT,2026-06-01 00:00:00+00:00,2026-06-01 09:00:00+09:00,0.029132,10.2607774119072,168.5125444725054
above_w20,BASUSDT,2026-05-10 07:00:00+00:00,2026-05-10 16:00:00+09:00,0.02384,6.762203313927456,233.2774143040877
above_w20,BASUSDT,2026-05-13 09:00:00+00:00,2026-05-13 18:00:00+09:00,0.024191,6.455729625066008,199.73670352817277
above_w20,BASUSDT,2026-05-17 23:00:00+00:00,2026-05-18 08:00:00+09:00,0.023176,11.988402995892713,187.1604249914816
above_w20,BASUSDT,2026-05-21 23:00:00+00:00,2026-05-22 08:00:00+09:00,0.020793,5.40910473486768,132.29417449154576
above_w20,BASUSDT,2026-05-22 00:00:00+00:00,2026-05-22 09:00:00+09:00,0.022363,7.55061799644112,149.83382023538877
above_w20,BASUSDT,2026-05-22 07:00:00+00:00,2026-05-22 16:00:00+09:00,0.021912,6.343120601795693,144.79536148986446
above_w20,BASUSDT,2026-05-22 22:00:00+00:00,2026-05-23 07:00:00+09:00,0.021971,6.155481470744556,145.45449467386874
above_w20,BASUSDT,2026-05-23 21:00:00+00:00,2026-05-24 06:00:00+09:00,0.022523,14.872239506298781,151.62130005641737
above_w20,BASUSDT,2026-05-24 04:00:00+00:00,2026-05-24 13:00:00+09:00,0.022449,5.0786369593709,150.79459063919163
above_w20,BASUSDT,2026-05-25 04:00:00+00:00,2026-05-25 13:00:00+09:00,0.023057,5.7709069223358975,135.54711044367485
above_w20,BASUSDT,2026-06-01 00:00:00+00:00,2026-06-01 09:00:00+09:00,0.029132,10.2607774119072,168.5125444725054
base,BATUSDT,2026-05-31 02:00:00+00:00,2026-05-31 11:00:00+09:00,0.126,5.087572977481229,7.729138166894671
above_w20,BATUSDT,2026-05-31 02:00:00+00:00,2026-05-31 11:00:00+09:00,0.126,5.087572977481229,7.729138166894671
w20_band_0to10,BATUSDT,2026-05-31 02:00:00+00:00,2026-05-31 11:00:00+09:00,0.126,5.087572977481229,7.729138166894671
base,BBUSDT,2026-05-13 06:00:00+00:00,2026-05-13 15:00:00+09:00,0.03375,7.655502392344495,-5.68015091175854
base,BBUSDT,2026-05-20 14:00:00+00:00,2026-05-20 23:00:00+09:00,0.03049,6.496681802305276,-11.362414058752575
base,BCHUSDT,2026-05-18 12:00:00+00:00,2026-05-18 21:00:00+09:00,375.69,5.46572342934141,-24.396433235866468
base,BEATUSDT,2026-05-21 13:00:00+00:00,2026-05-21 22:00:00+09:00,0.74272,5.2816601933490315,76.57995216516811
base,BEATUSDT,2026-05-27 04:00:00+00:00,2026-05-27 13:00:00+09:00,1.10875,7.051133510987519,151.56355113575125
base,BEATUSDT,2026-05-27 18:00:00+00:00,2026-05-28 03:00:00+09:00,1.19376,6.29908639205001,170.8514135772847
base,BEATUSDT,2026-05-31 05:00:00+00:00,2026-05-31 14:00:00+09:00,1.25351,6.368480898800115,184.4080513949723
base,BEATUSDT,2026-06-03 06:00:00+00:00,2026-06-03 15:00:00+09:00,1.2165,7.021263493124769,154.58365683839114
base,BEATUSDT,2026-06-03 19:00:00+00:00,2026-06-04 04:00:00+09:00,1.37865,5.232425005724745,188.51768064138756
above_w20,BEATUSDT,2026-05-21 13:00:00+00:00,2026-05-21 22:00:00+09:00,0.74272,5.2816601933490315,76.57995216516811
above_w20,BEATUSDT,2026-05-27 04:00:00+00:00,2026-05-27 13:00:00+09:00,1.10875,7.051133510987519,151.56355113575125
above_w20,BEATUSDT,2026-05-27 18:00:00+00:00,2026-05-28 03:00:00+09:00,1.19376,6.29908639205001,170.8514135772847
above_w20,BEATUSDT,2026-05-31 05:00:00+00:00,2026-05-31 14:00:00+09:00,1.25351,6.368480898800115,184.4080513949723
above_w20,BEATUSDT,2026-06-03 06:00:00+00:00,2026-06-03 15:00:00+09:00,1.2165,7.021263493124769,154.58365683839114
above_w20,BEATUSDT,2026-06-03 19:00:00+00:00,2026-06-04 04:00:00+09:00,1.37865,5.232425005724745,188.51768064138756
base,BICOUSDT,2026-05-23 01:00:00+00:00,2026-05-23 10:00:00+09:00,0.0273,5.161787365177199,-0.9469903123979564
base,BLESSUSDT,2026-05-14 09:00:00+00:00,2026-05-14 18:00:00+09:00,0.006247,5.470200911700145,-11.738734220137484
base,BLESSUSDT,2026-05-14 10:00:00+00:00,2026-05-14 19:00:00+09:00,0.00672,7.571634384504568,-5.055913872150451
base,BRETTUSDT,2026-05-23 20:00:00+00:00,2026-05-24 05:00:00+09:00,0.007572,5.459610027855153,-17.93248830819754
base,BRUSDT,2026-05-13 08:00:00+00:00,2026-05-13 17:00:00+09:00,0.15444,8.120974516942033,78.65488281701872
base,BRUSDT,2026-05-22 06:00:00+00:00,2026-05-22 15:00:00+09:00,0.1415,6.12765319132977,57.42074727573103
base,BRUSDT,2026-06-03 09:00:00+00:00,2026-06-03 18:00:00+09:00,0.12395,6.294485893148099,29.417230920224924
above_w20,BRUSDT,2026-05-13 08:00:00+00:00,2026-05-13 17:00:00+09:00,0.15444,8.120974516942033,78.65488281701872
above_w20,BRUSDT,2026-05-22 06:00:00+00:00,2026-05-22 15:00:00+09:00,0.1415,6.12765319132977,57.42074727573103
above_w20,BRUSDT,2026-06-03 09:00:00+00:00,2026-06-03 18:00:00+09:00,0.12395,6.294485893148099,29.417230920224924
base,BUSDT,2026-05-10 17:00:00+00:00,2026-05-11 02:00:00+09:00,0.4118,11.508258868128888,114.91571421115808
base,BUSDT,2026-05-11 22:00:00+00:00,2026-05-12 07:00:00+09:00,0.638,6.068162926018283,216.79825214757435
base,BUSDT,2026-05-14 12:00:00+00:00,2026-05-14 21:00:00+09:00,0.5225,24.731439484363804,159.4468444312031
base,BUSDT,2026-05-18 10:00:00+00:00,2026-05-18 19:00:00+09:00,0.3817,15.108564535585034,79.29868238720435
base,BUSDT,2026-05-20 09:00:00+00:00,2026-05-20 18:00:00+09:00,0.4045,18.102189781021895,90.00869013786789
base,BUSDT,2026-05-28 13:00:00+00:00,2026-05-28 22:00:00+09:00,0.2495,7.821953327571308,15.930581046860107
above_w20,BUSDT,2026-05-10 17:00:00+00:00,2026-05-11 02:00:00+09:00,0.4118,11.508258868128888,114.91571421115808
above_w20,BUSDT,2026-05-11 22:00:00+00:00,2026-05-12 07:00:00+09:00,0.638,6.068162926018283,216.79825214757435
above_w20,BUSDT,2026-05-14 12:00:00+00:00,2026-05-14 21:00:00+09:00,0.5225,24.731439484363804,159.4468444312031
above_w20,BUSDT,2026-05-18 10:00:00+00:00,2026-05-18 19:00:00+09:00,0.3817,15.108564535585034,79.29868238720435
above_w20,BUSDT,2026-05-20 09:00:00+00:00,2026-05-20 18:00:00+09:00,0.4045,18.102189781021895,90.00869013786789
above_w20,BUSDT,2026-05-28 13:00:00+00:00,2026-05-28 22:00:00+09:00,0.2495,7.821953327571308,15.930581046860107
base,CARVUSDT,2026-05-09 17:00:00+00:00,2026-05-10 02:00:00+09:00,0.06565,6.522797338958304,-15.344938749194077
base,CETUSUSDT,2026-05-10 15:00:00+00:00,2026-05-11 00:00:00+09:00,0.03585,7.625337736415492,67.21472049254879
above_w20,CETUSUSDT,2026-05-10 15:00:00+00:00,2026-05-11 00:00:00+09:00,0.03585,7.625337736415492,67.21472049254879
base,CGPTUSDT,2026-05-15 02:00:00+00:00,2026-05-15 11:00:00+09:00,0.03946,5.142552624567016,58.7416525866924
base,CGPTUSDT,2026-05-17 03:00:00+00:00,2026-05-17 12:00:00+09:00,0.0377,11.93586698337291,51.66143696194382
above_w20,CGPTUSDT,2026-05-15 02:00:00+00:00,2026-05-15 11:00:00+09:00,0.03946,5.142552624567016,58.7416525866924
above_w20,CGPTUSDT,2026-05-17 03:00:00+00:00,2026-05-17 12:00:00+09:00,0.0377,11.93586698337291,51.66143696194382
base,CHILLGUYUSDT,2026-05-10 08:00:00+00:00,2026-05-10 17:00:00+09:00,0.01605,5.314960629921249,22.243802124985717
base,CHILLGUYUSDT,2026-05-12 09:00:00+00:00,2026-05-12 18:00:00+09:00,0.01916,6.090808416389813,45.830954827415596
base,CHILLGUYUSDT,2026-06-03 21:00:00+00:00,2026-06-04 06:00:00+09:00,0.0095,5.790645879732735,-19.66173361522198
above_w20,CHILLGUYUSDT,2026-05-10 08:00:00+00:00,2026-05-10 17:00:00+09:00,0.01605,5.314960629921249,22.243802124985717
above_w20,CHILLGUYUSDT,2026-05-12 09:00:00+00:00,2026-05-12 18:00:00+09:00,0.01916,6.090808416389813,45.830954827415596
base,CLANKERUSDT,2026-05-06 01:00:00+00:00,2026-05-06 10:00:00+09:00,34.55,21.22807017543859,19.63503523260443
base,CLANKERUSDT,2026-05-29 22:00:00+00:00,2026-05-30 07:00:00+09:00,19.45,5.420054200542006,-29.744080622731143
above_w20,CLANKERUSDT,2026-05-06 01:00:00+00:00,2026-05-06 10:00:00+09:00,34.55,21.22807017543859,19.63503523260443
base,CLOUSDT,2026-05-07 17:00:00+00:00,2026-05-08 02:00:00+09:00,0.1407,5.948795180722884,-27.547053219701844
base,CLOUSDT,2026-05-08 09:00:00+00:00,2026-05-08 18:00:00+09:00,0.1371,5.9505409582689435,-29.400859960349123
base,COINUSDT,2026-05-14 14:00:00+00:00,2026-05-14 23:00:00+09:00,206.16,5.4958550813632225,4.918166273104804
above_w20,COINUSDT,2026-05-14 14:00:00+00:00,2026-05-14 23:00:00+09:00,206.16,5.4958550813632225,4.918166273104804
w20_band_0to10,COINUSDT,2026-05-14 14:00:00+00:00,2026-05-14 23:00:00+09:00,206.16,5.4958550813632225,4.918166273104804
base,COOKIEUSDT,2026-05-07 19:00:00+00:00,2026-05-08 04:00:00+09:00,0.01935,5.795516675779106,-18.924014832505826
base,COOKIEUSDT,2026-05-18 00:00:00+00:00,2026-05-18 09:00:00+09:00,0.01874,5.162738496071833,-13.900438767774691
base,CRCLUSDT,2026-05-11 14:00:00+00:00,2026-05-11 23:00:00+09:00,121.79,6.852079312160029,38.64271525252006
above_w20,CRCLUSDT,2026-05-11 14:00:00+00:00,2026-05-11 23:00:00+09:00,121.79,6.852079312160029,38.64271525252006
base,CROSSUSDT,2026-05-12 20:00:00+00:00,2026-05-13 05:00:00+09:00,0.10323,8.663157894736843,3.59985146974699
above_w20,CROSSUSDT,2026-05-12 20:00:00+00:00,2026-05-13 05:00:00+09:00,0.10323,8.663157894736843,3.59985146974699
w20_band_0to10,CROSSUSDT,2026-05-12 20:00:00+00:00,2026-05-13 05:00:00+09:00,0.10323,8.663157894736843,3.59985146974699
base,CUSDT,2026-05-22 16:00:00+00:00,2026-05-23 01:00:00+09:00,0.09412,5.78846802292908,36.00664715870091
base,CUSDT,2026-05-25 14:00:00+00:00,2026-05-25 23:00:00+09:00,0.09344,5.415162454873645,36.21984109628983
base,CUSDT,2026-05-25 17:00:00+00:00,2026-05-26 02:00:00+09:00,0.09935,5.110029623360121,44.83562941905388
above_w20,CUSDT,2026-05-22 16:00:00+00:00,2026-05-23 01:00:00+09:00,0.09412,5.78846802292908,36.00664715870091
above_w20,CUSDT,2026-05-25 14:00:00+00:00,2026-05-25 23:00:00+09:00,0.09344,5.415162454873645,36.21984109628983
above_w20,CUSDT,2026-05-25 17:00:00+00:00,2026-05-26 02:00:00+09:00,0.09935,5.110029623360121,44.83562941905388
base,CVCUSDT,2026-05-10 12:00:00+00:00,2026-05-10 21:00:00+09:00,0.03651,8.177777777777774,4.934900698416337
above_w20,CVCUSDT,2026-05-10 12:00:00+00:00,2026-05-10 21:00:00+09:00,0.03651,8.177777777777774,4.934900698416337
w20_band_0to10,CVCUSDT,2026-05-10 12:00:00+00:00,2026-05-10 21:00:00+09:00,0.03651,8.177777777777774,4.934900698416337
base,CYSUSDT,2026-05-13 13:00:00+00:00,2026-05-13 22:00:00+09:00,0.44369,10.554904941070927,10.273266145567957
base,CYSUSDT,2026-05-14 06:00:00+00:00,2026-05-14 15:00:00+09:00,0.44933,5.677461840588912,11.67501335884977
base,CYSUSDT,2026-05-21 03:00:00+00:00,2026-05-21 12:00:00+09:00,0.46821,7.468955861087522,14.211907105404691
base,CYSUSDT,2026-05-24 10:00:00+00:00,2026-05-24 19:00:00+09:00,0.47879,5.078459343794578,16.792719085446084
above_w20,CYSUSDT,2026-05-13 13:00:00+00:00,2026-05-13 22:00:00+09:00,0.44369,10.554904941070927,10.273266145567957
above_w20,CYSUSDT,2026-05-14 06:00:00+00:00,2026-05-14 15:00:00+09:00,0.44933,5.677461840588912,11.67501335884977
above_w20,CYSUSDT,2026-05-21 03:00:00+00:00,2026-05-21 12:00:00+09:00,0.46821,7.468955861087522,14.211907105404691
above_w20,CYSUSDT,2026-05-24 10:00:00+00:00,2026-05-24 19:00:00+09:00,0.47879,5.078459343794578,16.792719085446084
base,DASHUSDT,2026-05-06 05:00:00+00:00,2026-05-06 14:00:00+09:00,50.5,5.055127938423133,27.46248690669998
base,DASHUSDT,2026-05-06 07:00:00+00:00,2026-05-06 16:00:00+09:00,53.04,5.699481865284973,33.873471396660726
above_w20,DASHUSDT,2026-05-06 05:00:00+00:00,2026-05-06 14:00:00+09:00,50.5,5.055127938423133,27.46248690669998
above_w20,DASHUSDT,2026-05-06 07:00:00+00:00,2026-05-06 16:00:00+09:00,53.04,5.699481865284973,33.873471396660726
base,DEEPUSDT,2026-05-10 15:00:00+00:00,2026-05-11 00:00:00+09:00,0.03887,6.609983543609442,21.322783526070186
base,DEEPUSDT,2026-05-10 17:00:00+00:00,2026-05-11 02:00:00+09:00,0.04291,7.868275515334323,33.932612325795496
above_w20,DEEPUSDT,2026-05-10 15:00:00+00:00,2026-05-11 00:00:00+09:00,0.03887,6.609983543609442,21.322783526070186
above_w20,DEEPUSDT,2026-05-10 17:00:00+00:00,2026-05-11 02:00:00+09:00,0.04291,7.868275515334323,33.932612325795496
base,DEXEUSDT,2026-05-14 10:00:00+00:00,2026-05-14 19:00:00+09:00,13.274,7.07429216745986,116.87770606976551
base,DEXEUSDT,2026-05-21 16:00:00+00:00,2026-05-22 01:00:00+09:00,14.543,6.0681204872000505,119.36632199772231
above_w20,DEXEUSDT,2026-05-14 10:00:00+00:00,2026-05-14 19:00:00+09:00,13.274,7.07429216745986,116.87770606976551
above_w20,DEXEUSDT,2026-05-21 16:00:00+00:00,2026-05-22 01:00:00+09:00,14.543,6.0681204872000505,119.36632199772231
base,DOGSUSDT,2026-05-06 16:00:00+00:00,2026-05-07 01:00:00+09:00,5.959e-05,9.782608695652165,80.92664561573962
base,DOGSUSDT,2026-05-07 00:00:00+00:00,2026-05-07 09:00:00+09:00,6.932e-05,17.891156462585027,110.46878795239252
base,DOGSUSDT,2026-05-07 17:00:00+00:00,2026-05-08 02:00:00+09:00,8.642e-05,7.220843672456587,162.38766091814432
above_w20,DOGSUSDT,2026-05-06 16:00:00+00:00,2026-05-07 01:00:00+09:00,5.959e-05,9.782608695652165,80.92664561573962
above_w20,DOGSUSDT,2026-05-07 00:00:00+00:00,2026-05-07 09:00:00+09:00,6.932e-05,17.891156462585027,110.46878795239252
above_w20,DOGSUSDT,2026-05-07 17:00:00+00:00,2026-05-08 02:00:00+09:00,8.642e-05,7.220843672456587,162.38766091814432
base,DRIFTUSDT,2026-05-25 08:00:00+00:00,2026-05-25 17:00:00+09:00,0.0326,6.535947712418295,-57.460690285117764
base,DRIFTUSDT,2026-05-27 02:00:00+00:00,2026-05-27 11:00:00+09:00,0.04689,8.116209361309666,-38.81385789782736
base,DRIFTUSDT,2026-05-27 10:00:00+00:00,2026-05-27 19:00:00+09:00,0.03554,7.0804459174450285,-53.62432308997194
base,DRIFTUSDT,2026-05-30 01:00:00+00:00,2026-05-30 10:00:00+09:00,0.02805,5.570191945803533,-63.3979252299863
base,DYMUSDT,2026-05-09 00:00:00+00:00,2026-05-09 09:00:00+09:00,0.02442,7.957559681697609,-41.596412556053814
base,DYMUSDT,2026-05-09 04:00:00+00:00,2026-05-09 13:00:00+09:00,0.02811,13.027744270205066,-32.771300448430495
base,DYMUSDT,2026-05-20 04:00:00+00:00,2026-05-20 13:00:00+09:00,0.02546,5.468102734051359,-31.48362442476924
base,DYMUSDT,2026-05-23 19:00:00+00:00,2026-05-24 04:00:00+09:00,0.0274,5.914186316196367,-26.262816545116934
base,EIGENUSDT,2026-05-25 14:00:00+00:00,2026-05-25 23:00:00+09:00,0.2523,5.786163522012593,16.767714166705254
above_w20,EIGENUSDT,2026-05-25 14:00:00+00:00,2026-05-25 23:00:00+09:00,0.2523,5.786163522012593,16.767714166705254
base,ENSUSDT,2026-05-30 00:00:00+00:00,2026-05-30 09:00:00+09:00,6.226,6.282007511095943,-6.198916752668562
base,EPICUSDT,2026-06-01 13:00:00+00:00,2026-06-01 22:00:00+09:00,0.333,10.119047619047624,6.07798165137616
base,EPICUSDT,2026-06-03 04:00:00+00:00,2026-06-03 13:00:00+09:00,0.431,5.070697220867865,37.296126401631
base,EPICUSDT,2026-06-03 10:00:00+00:00,2026-06-03 19:00:00+09:00,0.571,21.282922684791835,81.89347604485219
above_w20,EPICUSDT,2026-06-01 13:00:00+00:00,2026-06-01 22:00:00+09:00,0.333,10.119047619047624,6.07798165137616
above_w20,EPICUSDT,2026-06-03 04:00:00+00:00,2026-06-03 13:00:00+09:00,0.431,5.070697220867865,37.296126401631
above_w20,EPICUSDT,2026-06-03 10:00:00+00:00,2026-06-03 19:00:00+09:00,0.571,21.282922684791835,81.89347604485219
w20_band_0to10,EPICUSDT,2026-06-01 13:00:00+00:00,2026-06-01 22:00:00+09:00,0.333,10.119047619047624,6.07798165137616
base,ERAUSDT,2026-05-25 04:00:00+00:00,2026-05-25 13:00:00+09:00,0.1351,6.967537608867777,-9.589774476343445
base,ESPORTSUSDT,2026-05-14 12:00:00+00:00,2026-05-14 21:00:00+09:00,0.64278,8.048411497730717,65.21231779943093
base,ESPORTSUSDT,2026-05-20 00:00:00+00:00,2026-05-20 09:00:00+09:00,0.62757,6.519451422364034,56.30226357716672
base,ESPORTSUSDT,2026-05-20 19:00:00+00:00,2026-05-21 04:00:00+09:00,0.78078,9.80662400675059,94.46066790283194
base,ESPORTSUSDT,2026-05-21 12:00:00+00:00,2026-05-21 21:00:00+09:00,0.68776,6.561720456763917,71.29315422635275
base,ESPORTSUSDT,2026-05-28 00:00:00+00:00,2026-05-28 09:00:00+09:00,0.04509,13.634072580645157,-89.10152213715548
base,ESPORTSUSDT,2026-05-28 13:00:00+00:00,2026-05-28 22:00:00+09:00,0.04696,10.390220968500236,-88.64953381150636
base,ESPORTSUSDT,2026-05-28 16:00:00+00:00,2026-05-29 01:00:00+09:00,0.06151,18.74517374517375,-85.13272625097437
base,ESPORTSUSDT,2026-05-28 17:00:00+00:00,2026-05-29 02:00:00+09:00,0.0706,14.778084864249704,-82.93562791934305
base,ESPORTSUSDT,2026-06-01 23:00:00+00:00,2026-06-02 08:00:00+09:00,0.05671,6.758283132530125,-85.62055872154572
base,ESPORTSUSDT,2026-06-02 17:00:00+00:00,2026-06-03 02:00:00+09:00,0.05229,8.104196816208391,-86.74129810526583
base,ESPORTSUSDT,2026-06-02 23:00:00+00:00,2026-06-03 08:00:00+09:00,0.05944,18.619038116144477,-84.92833733748328
above_w20,ESPORTSUSDT,2026-05-14 12:00:00+00:00,2026-05-14 21:00:00+09:00,0.64278,8.048411497730717,65.21231779943093
above_w20,ESPORTSUSDT,2026-05-20 00:00:00+00:00,2026-05-20 09:00:00+09:00,0.62757,6.519451422364034,56.30226357716672
above_w20,ESPORTSUSDT,2026-05-20 19:00:00+00:00,2026-05-21 04:00:00+09:00,0.78078,9.80662400675059,94.46066790283194
above_w20,ESPORTSUSDT,2026-05-21 12:00:00+00:00,2026-05-21 21:00:00+09:00,0.68776,6.561720456763917,71.29315422635275
base,ETHFIUSDT,2026-06-03 21:00:00+00:00,2026-06-04 06:00:00+09:00,0.3701,5.5920114122681905,-21.58399898298622
base,EULUSDT,2026-06-02 07:00:00+00:00,2026-06-02 16:00:00+09:00,1.385,5.564024390243898,16.4159031688661
base,EULUSDT,2026-06-03 21:00:00+00:00,2026-06-04 06:00:00+09:00,1.096,5.182341650671789,-7.87593510969151
above_w20,EULUSDT,2026-06-02 07:00:00+00:00,2026-06-02 16:00:00+09:00,1.385,5.564024390243898,16.4159031688661
base,FETUSDT,2026-05-29 17:00:00+00:00,2026-05-30 02:00:00+09:00,0.262,7.157464212678944,28.1204919435683
base,FETUSDT,2026-06-03 04:00:00+00:00,2026-06-03 13:00:00+09:00,0.261,5.030181086519119,28.381701918347286
above_w20,FETUSDT,2026-05-29 17:00:00+00:00,2026-05-30 02:00:00+09:00,0.262,7.157464212678944,28.1204919435683
above_w20,FETUSDT,2026-06-03 04:00:00+00:00,2026-06-03 13:00:00+09:00,0.261,5.030181086519119,28.381701918347286
base,FFUSDT,2026-06-01 01:00:00+00:00,2026-06-01 10:00:00+09:00,0.11084,8.91225311977989,43.59186951846718
above_w20,FFUSDT,2026-06-01 01:00:00+00:00,2026-06-01 10:00:00+09:00,0.11084,8.91225311977989,43.59186951846718
base,FIDAUSDT,2026-05-18 05:00:00+00:00,2026-05-18 14:00:00+09:00,0.02378,13.834370512206801,16.540063709875028
base,FIDAUSDT,2026-05-20 05:00:00+00:00,2026-05-20 14:00:00+09:00,0.02629,7.174887892376687,28.840970350404323
base,FIDAUSDT,2026-05-20 07:00:00+00:00,2026-05-20 16:00:00+09:00,0.0276,11.650485436893208,35.260965449644694
base,FIDAUSDT,2026-05-21 11:00:00+00:00,2026-05-21 20:00:00+09:00,0.03654,9.828674481514884,79.07375643224702
base,FIDAUSDT,2026-05-22 03:00:00+00:00,2026-05-22 12:00:00+09:00,0.03932,5.926724137931036,92.69786816956629
base,FIDAUSDT,2026-05-25 02:00:00+00:00,2026-05-25 11:00:00+09:00,0.0387,5.651105651105638,90.3403501868975
above_w20,FIDAUSDT,2026-05-18 05:00:00+00:00,2026-05-18 14:00:00+09:00,0.02378,13.834370512206801,16.540063709875028
above_w20,FIDAUSDT,2026-05-20 05:00:00+00:00,2026-05-20 14:00:00+09:00,0.02629,7.174887892376687,28.840970350404323
above_w20,FIDAUSDT,2026-05-20 07:00:00+00:00,2026-05-20 16:00:00+09:00,0.0276,11.650485436893208,35.260965449644694
above_w20,FIDAUSDT,2026-05-21 11:00:00+00:00,2026-05-21 20:00:00+09:00,0.03654,9.828674481514884,79.07375643224702
above_w20,FIDAUSDT,2026-05-22 03:00:00+00:00,2026-05-22 12:00:00+09:00,0.03932,5.926724137931036,92.69786816956629
above_w20,FIDAUSDT,2026-05-25 02:00:00+00:00,2026-05-25 11:00:00+09:00,0.0387,5.651105651105638,90.3403501868975
base,FILUSDT,2026-05-06 01:00:00+00:00,2026-05-06 10:00:00+09:00,1.0345,5.399898115129897,-1.5933412604042847
base,FILUSDT,2026-05-06 03:00:00+00:00,2026-05-06 12:00:00+09:00,1.1182,8.090865152247472,6.368608799048757
base,FILUSDT,2026-06-03 10:00:00+00:00,2026-06-03 19:00:00+09:00,0.9454,5.7139662305714,-2.7641356612069723
above_w20,FILUSDT,2026-05-06 03:00:00+00:00,2026-05-06 12:00:00+09:00,1.1182,8.090865152247472,6.368608799048757
w20_band_0to10,FILUSDT,2026-05-06 03:00:00+00:00,2026-05-06 12:00:00+09:00,1.1182,8.090865152247472,6.368608799048757
base,FLOCKUSDT,2026-05-08 01:00:00+00:00,2026-05-08 10:00:00+09:00,0.07917,5.055732484076444,18.681417521136893
base,FLOCKUSDT,2026-05-18 04:00:00+00:00,2026-05-18 13:00:00+09:00,0.06758,5.117436615336757,4.39080903649355
above_w20,FLOCKUSDT,2026-05-08 01:00:00+00:00,2026-05-08 10:00:00+09:00,0.07917,5.055732484076444,18.681417521136893
above_w20,FLOCKUSDT,2026-05-18 04:00:00+00:00,2026-05-18 13:00:00+09:00,0.06758,5.117436615336757,4.39080903649355
w20_band_0to10,FLOCKUSDT,2026-05-18 04:00:00+00:00,2026-05-18 13:00:00+09:00,0.06758,5.117436615336757,4.39080903649355
base,FOLKSUSDT,2026-05-11 02:00:00+00:00,2026-05-11 11:00:00+09:00,1.4477,5.004714586204392,-19.524160262378917
base,GIGGLEUSDT,2026-05-10 15:00:00+00:00,2026-05-11 00:00:00+09:00,39.96,5.938494167550377,1.5243902439024426
above_w20,GIGGLEUSDT,2026-05-10 15:00:00+00:00,2026-05-11 00:00:00+09:00,39.96,5.938494167550377,1.5243902439024426
w20_band_0to10,GIGGLEUSDT,2026-05-10 15:00:00+00:00,2026-05-11 00:00:00+09:00,39.96,5.938494167550377,1.5243902439024426
base,GMTUSDT,2026-05-23 06:00:00+00:00,2026-05-23 15:00:00+09:00,0.01255,11.160318866253329,0.7303956978890827
above_w20,GMTUSDT,2026-05-23 06:00:00+00:00,2026-05-23 15:00:00+09:00,0.01255,11.160318866253329,0.7303956978890827
w20_band_0to10,GMTUSDT,2026-05-23 06:00:00+00:00,2026-05-23 15:00:00+09:00,0.01255,11.160318866253329,0.7303956978890827
base,GOATUSDT,2026-06-03 04:00:00+00:00,2026-06-03 13:00:00+09:00,0.01785,5.558840922531045,-10.894795956570574
base,GRASSUSDT,2026-05-23 20:00:00+00:00,2026-05-24 05:00:00+09:00,0.5386,8.58870967741935,83.49999148254776
base,GRASSUSDT,2026-05-25 21:00:00+00:00,2026-05-26 06:00:00+09:00,0.6159,6.446595229865191,102.85224952242935
base,GRASSUSDT,2026-05-29 17:00:00+00:00,2026-05-30 02:00:00+09:00,0.5218,12.602503236944337,71.85956129372244
base,GRASSUSDT,2026-06-03 13:00:00+00:00,2026-06-03 22:00:00+09:00,0.5225,8.290155440414503,68.33389713107489
above_w20,GRASSUSDT,2026-05-23 20:00:00+00:00,2026-05-24 05:00:00+09:00,0.5386,8.58870967741935,83.49999148254776
above_w20,GRASSUSDT,2026-05-25 21:00:00+00:00,2026-05-26 06:00:00+09:00,0.6159,6.446595229865191,102.85224952242935
above_w20,GRASSUSDT,2026-05-29 17:00:00+00:00,2026-05-30 02:00:00+09:00,0.5218,12.602503236944337,71.85956129372244
above_w20,GRASSUSDT,2026-06-03 13:00:00+00:00,2026-06-03 22:00:00+09:00,0.5225,8.290155440414503,68.33389713107489
base,GUNUSDT,2026-05-27 06:00:00+00:00,2026-05-27 15:00:00+09:00,0.00975,5.51948051948052,-51.95505950181092
base,HAEDALUSDT,2026-06-03 10:00:00+00:00,2026-06-03 19:00:00+09:00,0.02862,6.512839598064748,-5.991328340559714
base,HBARUSDT,2026-05-30 00:00:00+00:00,2026-05-30 09:00:00+09:00,0.10808,9.039548022598867,14.358873975632077
above_w20,HBARUSDT,2026-05-30 00:00:00+00:00,2026-05-30 09:00:00+09:00,0.10808,9.039548022598867,14.358873975632077
base,HFTUSDT,2026-06-01 08:00:00+00:00,2026-06-01 17:00:00+09:00,0.01226,5.2360515021459175,-23.506473249103106
base,HIVEUSDT,2026-05-31 05:00:00+00:00,2026-05-31 14:00:00+09:00,0.07552,16.525227588335127,9.812931228779348
above_w20,HIVEUSDT,2026-05-31 05:00:00+00:00,2026-05-31 14:00:00+09:00,0.07552,16.525227588335127,9.812931228779348
w20_band_0to10,HIVEUSDT,2026-05-31 05:00:00+00:00,2026-05-31 14:00:00+09:00,0.07552,16.525227588335127,9.812931228779348
base,HOMEUSDT,2026-05-31 06:00:00+00:00,2026-05-31 15:00:00+09:00,0.03117,8.304378040305767,37.59463217604343
base,HOMEUSDT,2026-06-01 05:00:00+00:00,2026-06-01 14:00:00+09:00,0.04471,8.36160930683471,92.0573895487446
base,HOMEUSDT,2026-06-01 09:00:00+00:00,2026-06-01 18:00:00+09:00,0.03927,7.061068702290083,68.68919005992396
above_w20,HOMEUSDT,2026-05-31 06:00:00+00:00,2026-05-31 15:00:00+09:00,0.03117,8.304378040305767,37.59463217604343
above_w20,HOMEUSDT,2026-06-01 05:00:00+00:00,2026-06-01 14:00:00+09:00,0.04471,8.36160930683471,92.0573895487446
above_w20,HOMEUSDT,2026-06-01 09:00:00+00:00,2026-06-01 18:00:00+09:00,0.03927,7.061068702290083,68.68919005992396
base,HOODUSDT,2026-05-29 15:00:00+00:00,2026-05-30 00:00:00+09:00,93.04,5.427762039660064,13.351445523324543
above_w20,HOODUSDT,2026-05-29 15:00:00+00:00,2026-05-30 00:00:00+09:00,93.04,5.427762039660064,13.351445523324543
base,HUMAUSDT,2026-05-10 04:00:00+00:00,2026-05-10 13:00:00+09:00,0.02232,6.387035271687326,11.430069144554555
above_w20,HUMAUSDT,2026-05-10 04:00:00+00:00,2026-05-10 13:00:00+09:00,0.02232,6.387035271687326,11.430069144554555
base,HUSDT,2026-05-09 15:00:00+00:00,2026-05-10 00:00:00+09:00,0.21115,7.2317302320857255,50.400307709840995
base,HUSDT,2026-05-16 15:00:00+00:00,2026-05-17 00:00:00+09:00,0.23408,6.038505096262744,63.16231541600885
base,HUSDT,2026-05-28 06:00:00+00:00,2026-05-28 15:00:00+09:00,0.24313,5.287545470292754,61.4741414235334
base,HUSDT,2026-05-28 07:00:00+00:00,2026-05-28 16:00:00+09:00,0.26167,7.62555011722124,73.78743300413764
base,HUSDT,2026-05-29 23:00:00+00:00,2026-05-30 08:00:00+09:00,0.28439,5.419431367461158,88.87686044272058
base,HUSDT,2026-05-30 10:00:00+00:00,2026-05-30 19:00:00+09:00,0.33539,13.089658428027118,122.74837449939895
base,HUSDT,2026-05-30 13:00:00+00:00,2026-05-30 22:00:00+09:00,0.34699,8.282103292245283,130.45248357895716
base,HUSDT,2026-05-30 16:00:00+00:00,2026-05-31 01:00:00+09:00,0.38488,5.19295944025364,155.6170260810658
base,HUSDT,2026-05-31 22:00:00+00:00,2026-06-01 07:00:00+09:00,0.46111,14.334242499380121,206.24497738578324
base,HUSDT,2026-06-01 00:00:00+00:00,2026-06-01 09:00:00+09:00,0.52735,14.061080590041964,218.83505946227007
base,HUSDT,2026-06-01 04:00:00+00:00,2026-06-01 13:00:00+09:00,0.66264,10.160925655007306,300.6312009141531
base,HUSDT,2026-06-01 08:00:00+00:00,2026-06-01 17:00:00+09:00,0.70204,8.006153846153842,324.4523848390861
base,HUSDT,2026-06-01 19:00:00+00:00,2026-06-02 04:00:00+09:00,0.68653,9.045713015025882,315.07506091330663
above_w20,HUSDT,2026-05-09 15:00:00+00:00,2026-05-10 00:00:00+09:00,0.21115,7.2317302320857255,50.400307709840995
above_w20,HUSDT,2026-05-16 15:00:00+00:00,2026-05-17 00:00:00+09:00,0.23408,6.038505096262744,63.16231541600885
above_w20,HUSDT,2026-05-28 06:00:00+00:00,2026-05-28 15:00:00+09:00,0.24313,5.287545470292754,61.4741414235334
above_w20,HUSDT,2026-05-28 07:00:00+00:00,2026-05-28 16:00:00+09:00,0.26167,7.62555011722124,73.78743300413764
above_w20,HUSDT,2026-05-29 23:00:00+00:00,2026-05-30 08:00:00+09:00,0.28439,5.419431367461158,88.87686044272058
above_w20,HUSDT,2026-05-30 10:00:00+00:00,2026-05-30 19:00:00+09:00,0.33539,13.089658428027118,122.74837449939895
above_w20,HUSDT,2026-05-30 13:00:00+00:00,2026-05-30 22:00:00+09:00,0.34699,8.282103292245283,130.45248357895716
above_w20,HUSDT,2026-05-30 16:00:00+00:00,2026-05-31 01:00:00+09:00,0.38488,5.19295944025364,155.6170260810658
above_w20,HUSDT,2026-05-31 22:00:00+00:00,2026-06-01 07:00:00+09:00,0.46111,14.334242499380121,206.24497738578324
above_w20,HUSDT,2026-06-01 00:00:00+00:00,2026-06-01 09:00:00+09:00,0.52735,14.061080590041964,218.83505946227007
above_w20,HUSDT,2026-06-01 04:00:00+00:00,2026-06-01 13:00:00+09:00,0.66264,10.160925655007306,300.6312009141531
above_w20,HUSDT,2026-06-01 08:00:00+00:00,2026-06-01 17:00:00+09:00,0.70204,8.006153846153842,324.4523848390861
above_w20,HUSDT,2026-06-01 19:00:00+00:00,2026-06-02 04:00:00+09:00,0.68653,9.045713015025882,315.07506091330663
base,ICPUSDT,2026-05-06 15:00:00+00:00,2026-05-07 00:00:00+09:00,2.931,6.50436046511629,10.351838256056928
base,ICPUSDT,2026-06-03 21:00:00+00:00,2026-06-04 06:00:00+09:00,3.169,6.022080963532959,22.352850331074684
above_w20,ICPUSDT,2026-05-06 15:00:00+00:00,2026-05-07 00:00:00+09:00,2.931,6.50436046511629,10.351838256056928
above_w20,ICPUSDT,2026-06-03 21:00:00+00:00,2026-06-04 06:00:00+09:00,3.169,6.022080963532959,22.352850331074684
base,IDOLUSDT,2026-06-02 10:00:00+00:00,2026-06-02 19:00:00+09:00,0.0333,8.398437500000009,33.68930284842525
above_w20,IDOLUSDT,2026-06-02 10:00:00+00:00,2026-06-02 19:00:00+09:00,0.0333,8.398437500000009,33.68930284842525
base,IDUSDT,2026-05-29 10:00:00+00:00,2026-05-29 19:00:00+09:00,0.03337,10.423560555923219,-23.3578318787322
base,INITUSDT,2026-06-03 00:00:00+00:00,2026-06-03 09:00:00+09:00,0.06848,5.907825549025679,-19.46371868752206
base,INJUSDT,2026-05-13 09:00:00+00:00,2026-05-13 18:00:00+09:00,5.851,7.180802344751792,60.48603872949696
base,INJUSDT,2026-05-14 04:00:00+00:00,2026-05-14 13:00:00+09:00,5.254,6.077124974762755,44.11103187229139
base,INJUSDT,2026-05-19 00:00:00+00:00,2026-05-19 09:00:00+09:00,5.399,5.079797586609578,48.49755896307501
base,INJUSDT,2026-05-29 15:00:00+00:00,2026-05-30 00:00:00+09:00,6.668,5.606588533417803,83.53724831752936
above_w20,INJUSDT,2026-05-13 09:00:00+00:00,2026-05-13 18:00:00+09:00,5.851,7.180802344751792,60.48603872949696
above_w20,INJUSDT,2026-05-14 04:00:00+00:00,2026-05-14 13:00:00+09:00,5.254,6.077124974762755,44.11103187229139
above_w20,INJUSDT,2026-05-19 00:00:00+00:00,2026-05-19 09:00:00+09:00,5.399,5.079797586609578,48.49755896307501
above_w20,INJUSDT,2026-05-29 15:00:00+00:00,2026-05-30 00:00:00+09:00,6.668,5.606588533417803,83.53724831752936
base,INTCUSDT,2026-05-08 16:00:00+00:00,2026-05-09 01:00:00+09:00,126.5,6.976744186046512,147.75259993341038
above_w20,INTCUSDT,2026-05-08 16:00:00+00:00,2026-05-09 01:00:00+09:00,126.5,6.976744186046512,147.75259993341038
base,INUSDT,2026-05-22 15:00:00+00:00,2026-05-23 00:00:00+09:00,0.06714,5.0868680544686224,5.504659239121882
base,INUSDT,2026-05-24 03:00:00+00:00,2026-05-24 12:00:00+09:00,0.10123,5.163099937668815,59.07412354447881
base,INUSDT,2026-05-25 07:00:00+00:00,2026-05-25 16:00:00+09:00,0.08499,9.354091610910961,33.26538612308898
base,INUSDT,2026-05-29 12:00:00+00:00,2026-05-29 21:00:00+09:00,0.10747,8.2603001913972,68.51430811446491
base,INUSDT,2026-06-03 04:00:00+00:00,2026-06-03 13:00:00+09:00,0.08385,5.2730696798493355,29.013893803948115
above_w20,INUSDT,2026-05-22 15:00:00+00:00,2026-05-23 00:00:00+09:00,0.06714,5.0868680544686224,5.504659239121882
above_w20,INUSDT,2026-05-24 03:00:00+00:00,2026-05-24 12:00:00+09:00,0.10123,5.163099937668815,59.07412354447881
above_w20,INUSDT,2026-05-25 07:00:00+00:00,2026-05-25 16:00:00+09:00,0.08499,9.354091610910961,33.26538612308898
above_w20,INUSDT,2026-05-29 12:00:00+00:00,2026-05-29 21:00:00+09:00,0.10747,8.2603001913972,68.51430811446491
above_w20,INUSDT,2026-06-03 04:00:00+00:00,2026-06-03 13:00:00+09:00,0.08385,5.2730696798493355,29.013893803948115
w20_band_0to10,INUSDT,2026-05-22 15:00:00+00:00,2026-05-23 00:00:00+09:00,0.06714,5.0868680544686224,5.504659239121882
base,IOTAUSDT,2026-05-30 00:00:00+00:00,2026-05-30 09:00:00+09:00,0.06972,6.654428636989455,6.735251567272166
above_w20,IOTAUSDT,2026-05-30 00:00:00+00:00,2026-05-30 09:00:00+09:00,0.06972,6.654428636989455,6.735251567272166
w20_band_0to10,IOTAUSDT,2026-05-30 00:00:00+00:00,2026-05-30 09:00:00+09:00,0.06972,6.654428636989455,6.735251567272166
base,IOUSDT,2026-05-06 06:00:00+00:00,2026-05-06 15:00:00+09:00,0.1835,45.51942902458367,47.82293470818061
base,IOUSDT,2026-05-06 07:00:00+00:00,2026-05-06 16:00:00+09:00,0.2065,12.534059945504083,66.35114995770734
base,IOUSDT,2026-05-08 17:00:00+00:00,2026-05-09 02:00:00+09:00,0.1752,12.37973059653623,41.13666572682966
base,IOUSDT,2026-05-26 06:00:00+00:00,2026-05-26 15:00:00+09:00,0.1725,5.3756872327428065,41.521043563869036
base,IOUSDT,2026-06-03 04:00:00+00:00,2026-06-03 13:00:00+09:00,0.1758,5.269461077844313,43.762521977348
above_w20,IOUSDT,2026-05-06 06:00:00+00:00,2026-05-06 15:00:00+09:00,0.1835,45.51942902458367,47.82293470818061
above_w20,IOUSDT,2026-05-06 07:00:00+00:00,2026-05-06 16:00:00+09:00,0.2065,12.534059945504083,66.35114995770734
above_w20,IOUSDT,2026-05-08 17:00:00+00:00,2026-05-09 02:00:00+09:00,0.1752,12.37973059653623,41.13666572682966
above_w20,IOUSDT,2026-05-26 06:00:00+00:00,2026-05-26 15:00:00+09:00,0.1725,5.3756872327428065,41.521043563869036
above_w20,IOUSDT,2026-06-03 04:00:00+00:00,2026-06-03 13:00:00+09:00,0.1758,5.269461077844313,43.762521977348
base,IRYSUSDT,2026-05-12 00:00:00+00:00,2026-05-12 09:00:00+09:00,0.04744,5.305216426193126,46.45139381965241
base,IRYSUSDT,2026-05-14 00:00:00+00:00,2026-05-14 09:00:00+09:00,0.06373,12.75654635527246,96.74003642762324
base,IRYSUSDT,2026-05-14 08:00:00+00:00,2026-05-14 17:00:00+09:00,0.05904,5.034691336061197,82.26159972833639
base,IRYSUSDT,2026-05-20 06:00:00+00:00,2026-05-20 15:00:00+09:00,0.0374,5.056179775280907,13.572523951959434
above_w20,IRYSUSDT,2026-05-12 00:00:00+00:00,2026-05-12 09:00:00+09:00,0.04744,5.305216426193126,46.45139381965241
above_w20,IRYSUSDT,2026-05-14 00:00:00+00:00,2026-05-14 09:00:00+09:00,0.06373,12.75654635527246,96.74003642762324
above_w20,IRYSUSDT,2026-05-14 08:00:00+00:00,2026-05-14 17:00:00+09:00,0.05904,5.034691336061197,82.26159972833639
above_w20,IRYSUSDT,2026-05-20 06:00:00+00:00,2026-05-20 15:00:00+09:00,0.0374,5.056179775280907,13.572523951959434
base,JCTUSDT,2026-05-12 14:00:00+00:00,2026-05-12 23:00:00+09:00,0.00332,6.070287539936104,40.401327892077035
base,JCTUSDT,2026-05-14 01:00:00+00:00,2026-05-14 10:00:00+09:00,0.004584,5.84160701916418,93.85532742689192
base,JCTUSDT,2026-05-22 08:00:00+00:00,2026-05-22 17:00:00+09:00,0.003397,5.759651307596507,40.81412701044603
base,JCTUSDT,2026-05-26 16:00:00+00:00,2026-05-27 01:00:00+09:00,0.003442,5.8751153491233525,38.13030479362724
base,JCTUSDT,2026-05-27 20:00:00+00:00,2026-05-28 05:00:00+09:00,0.003381,8.923969072164946,35.68232437747055
base,JCTUSDT,2026-05-28 16:00:00+00:00,2026-05-29 01:00:00+09:00,0.003965,6.5573770491803245,59.118727050183594
base,JCTUSDT,2026-06-01 08:00:00+00:00,2026-06-01 17:00:00+09:00,0.00431,7.965931863727447,66.4349706518381
base,JCTUSDT,2026-06-01 09:00:00+00:00,2026-06-01 18:00:00+09:00,0.004935,14.501160092807439,90.56997219647822
base,JCTUSDT,2026-06-02 21:00:00+00:00,2026-06-03 06:00:00+09:00,0.00399,11.328124999999991,54.077849860982376
above_w20,JCTUSDT,2026-05-12 14:00:00+00:00,2026-05-12 23:00:00+09:00,0.00332,6.070287539936104,40.401327892077035
above_w20,JCTUSDT,2026-05-14 01:00:00+00:00,2026-05-14 10:00:00+09:00,0.004584,5.84160701916418,93.85532742689192
above_w20,JCTUSDT,2026-05-22 08:00:00+00:00,2026-05-22 17:00:00+09:00,0.003397,5.759651307596507,40.81412701044603
above_w20,JCTUSDT,2026-05-26 16:00:00+00:00,2026-05-27 01:00:00+09:00,0.003442,5.8751153491233525,38.13030479362724
above_w20,JCTUSDT,2026-05-27 20:00:00+00:00,2026-05-28 05:00:00+09:00,0.003381,8.923969072164946,35.68232437747055
above_w20,JCTUSDT,2026-05-28 16:00:00+00:00,2026-05-29 01:00:00+09:00,0.003965,6.5573770491803245,59.118727050183594
above_w20,JCTUSDT,2026-06-01 08:00:00+00:00,2026-06-01 17:00:00+09:00,0.00431,7.965931863727447,66.4349706518381
above_w20,JCTUSDT,2026-06-01 09:00:00+00:00,2026-06-01 18:00:00+09:00,0.004935,14.501160092807439,90.56997219647822
above_w20,JCTUSDT,2026-06-02 21:00:00+00:00,2026-06-03 06:00:00+09:00,0.00399,11.328124999999991,54.077849860982376
base,JOEUSDT,2026-06-01 17:00:00+00:00,2026-06-02 02:00:00+09:00,0.04133,5.541368743615931,-2.893460051924854
base,JTOUSDT,2026-05-06 13:00:00+00:00,2026-05-06 22:00:00+09:00,0.4305,6.983101391650102,33.329203896124014
base,JTOUSDT,2026-05-27 19:00:00+00:00,2026-05-28 04:00:00+09:00,0.5827,6.819431714023834,74.91669918650375
base,JTOUSDT,2026-06-02 07:00:00+00:00,2026-06-02 16:00:00+09:00,0.6418,6.770919980036612,90.42532674648037
above_w20,JTOUSDT,2026-05-06 13:00:00+00:00,2026-05-06 22:00:00+09:00,0.4305,6.983101391650102,33.329203896124014
above_w20,JTOUSDT,2026-05-27 19:00:00+00:00,2026-05-28 04:00:00+09:00,0.5827,6.819431714023834,74.91669918650375
above_w20,JTOUSDT,2026-06-02 07:00:00+00:00,2026-06-02 16:00:00+09:00,0.6418,6.770919980036612,90.42532674648037
base,JUPUSDT,2026-05-08 16:00:00+00:00,2026-05-09 01:00:00+09:00,0.2321,5.595996360327573,32.62857142857144
base,JUPUSDT,2026-05-08 18:00:00+00:00,2026-05-09 03:00:00+09:00,0.242,5.538595726122978,38.28571428571429
above_w20,JUPUSDT,2026-05-08 16:00:00+00:00,2026-05-09 01:00:00+09:00,0.2321,5.595996360327573,32.62857142857144
above_w20,JUPUSDT,2026-05-08 18:00:00+00:00,2026-05-09 03:00:00+09:00,0.242,5.538595726122978,38.28571428571429
base,KGENUSDT,2026-05-21 06:00:00+00:00,2026-05-21 15:00:00+09:00,0.20589,6.722993987144921,4.01006304558681
above_w20,KGENUSDT,2026-05-21 06:00:00+00:00,2026-05-21 15:00:00+09:00,0.20589,6.722993987144921,4.01006304558681
w20_band_0to10,KGENUSDT,2026-05-21 06:00:00+00:00,2026-05-21 15:00:00+09:00,0.20589,6.722993987144921,4.01006304558681
base,KITEUSDT,2026-05-23 09:00:00+00:00,2026-05-23 18:00:00+09:00,0.20377,8.73532550693703,20.362084496227066
base,KITEUSDT,2026-05-31 02:00:00+00:00,2026-05-31 11:00:00+09:00,0.20876,5.588993981083408,19.507908611599316
above_w20,KITEUSDT,2026-05-23 09:00:00+00:00,2026-05-23 18:00:00+09:00,0.20377,8.73532550693703,20.362084496227066
above_w20,KITEUSDT,2026-05-31 02:00:00+00:00,2026-05-31 11:00:00+09:00,0.20876,5.588993981083408,19.507908611599316
base,KMNOUSDT,2026-05-21 00:00:00+00:00,2026-05-21 09:00:00+09:00,0.0217,5.544747081712073,-24.308486518539187
base,KSMUSDT,2026-05-07 12:00:00+00:00,2026-05-07 21:00:00+09:00,6.406,10.945618288881185,19.81894358820888
above_w20,KSMUSDT,2026-05-07 12:00:00+00:00,2026-05-07 21:00:00+09:00,6.406,10.945618288881185,19.81894358820888
base,LABUSDT,2026-05-09 01:00:00+00:00,2026-05-09 10:00:00+09:00,4.3597,5.352568749697931,1232.2678531593122
base,LABUSDT,2026-05-15 06:00:00+00:00,2026-05-15 15:00:00+09:00,4.23634,24.702031396721395,656.8988220412118
base,LABUSDT,2026-06-02 09:00:00+00:00,2026-06-02 18:00:00+09:00,18.75549,5.616119228501597,1200.1189520573303
base,LABUSDT,2026-06-02 20:00:00+00:00,2026-06-03 05:00:00+09:00,24.34804,7.842485032605602,1587.7910547498334
above_w20,LABUSDT,2026-05-09 01:00:00+00:00,2026-05-09 10:00:00+09:00,4.3597,5.352568749697931,1232.2678531593122
above_w20,LABUSDT,2026-05-15 06:00:00+00:00,2026-05-15 15:00:00+09:00,4.23634,24.702031396721395,656.8988220412118
above_w20,LABUSDT,2026-06-02 09:00:00+00:00,2026-06-02 18:00:00+09:00,18.75549,5.616119228501597,1200.1189520573303
above_w20,LABUSDT,2026-06-02 20:00:00+00:00,2026-06-03 05:00:00+09:00,24.34804,7.842485032605602,1587.7910547498334
base,LAYERUSDT,2026-05-10 04:00:00+00:00,2026-05-10 13:00:00+09:00,0.1195,8.340888485947415,11.162790697674415
above_w20,LAYERUSDT,2026-05-10 04:00:00+00:00,2026-05-10 13:00:00+09:00,0.1195,8.340888485947415,11.162790697674415
base,LDOUSDT,2026-05-11 05:00:00+00:00,2026-05-11 14:00:00+09:00,0.4338,7.7496274217585706,8.220032431083956
above_w20,LDOUSDT,2026-05-11 05:00:00+00:00,2026-05-11 14:00:00+09:00,0.4338,7.7496274217585706,8.220032431083956
w20_band_0to10,LDOUSDT,2026-05-11 05:00:00+00:00,2026-05-11 14:00:00+09:00,0.4338,7.7496274217585706,8.220032431083956
base,LIGHTUSDT,2026-05-12 04:00:00+00:00,2026-05-12 13:00:00+09:00,0.1744,6.341463414634141,-39.54834572522922
base,LITUSDT,2026-05-05 11:00:00+00:00,2026-05-05 20:00:00+09:00,0.97,5.206073752711489,
base,LITUSDT,2026-05-21 22:00:00+00:00,2026-05-22 07:00:00+09:00,1.431,5.298013245033117,6.338708478858581
base,LITUSDT,2026-05-23 20:00:00+00:00,2026-05-24 05:00:00+09:00,1.297,5.447154471544711,-3.618934383592196
base,LITUSDT,2026-05-25 17:00:00+00:00,2026-05-26 02:00:00+09:00,1.345,5.988967691095357,5.324980422866098
base,LITUSDT,2026-06-01 22:00:00+00:00,2026-06-02 07:00:00+09:00,1.355,5.694227769110761,11.582327994400291
base,LITUSDT,2026-06-02 17:00:00+00:00,2026-06-03 02:00:00+09:00,1.572,8.864265927977847,29.45197018981348
above_w20,LITUSDT,2026-05-21 22:00:00+00:00,2026-05-22 07:00:00+09:00,1.431,5.298013245033117,6.338708478858581
above_w20,LITUSDT,2026-05-25 17:00:00+00:00,2026-05-26 02:00:00+09:00,1.345,5.988967691095357,5.324980422866098
above_w20,LITUSDT,2026-06-01 22:00:00+00:00,2026-06-02 07:00:00+09:00,1.355,5.694227769110761,11.582327994400291
above_w20,LITUSDT,2026-06-02 17:00:00+00:00,2026-06-03 02:00:00+09:00,1.572,8.864265927977847,29.45197018981348
w20_band_0to10,LITUSDT,2026-05-21 22:00:00+00:00,2026-05-22 07:00:00+09:00,1.431,5.298013245033117,6.338708478858581
w20_band_0to10,LITUSDT,2026-05-25 17:00:00+00:00,2026-05-26 02:00:00+09:00,1.345,5.988967691095357,5.324980422866098
base,LUNCUSDT,2026-05-05 14:00:00+00:00,2026-05-05 23:00:00+09:00,0.00010803,5.405405405405396,154.43968156766684
base,LUNCUSDT,2026-05-08 04:00:00+00:00,2026-05-08 13:00:00+09:00,9.689e-05,5.464242951997391,128.2019878468133
base,LUNCUSDT,2026-05-10 09:00:00+00:00,2026-05-10 18:00:00+09:00,0.00010363,7.377473836908092,144.07649912855052
above_w20,LUNCUSDT,2026-05-05 14:00:00+00:00,2026-05-05 23:00:00+09:00,0.00010803,5.405405405405396,154.43968156766684
above_w20,LUNCUSDT,2026-05-08 04:00:00+00:00,2026-05-08 13:00:00+09:00,9.689e-05,5.464242951997391,128.2019878468133
above_w20,LUNCUSDT,2026-05-10 09:00:00+00:00,2026-05-10 18:00:00+09:00,0.00010363,7.377473836908092,144.07649912855052
base,LYNUSDT,2026-05-16 20:00:00+00:00,2026-05-17 05:00:00+09:00,0.05351,8.583603896103906,-58.49685876056775
base,LYNUSDT,2026-05-28 00:00:00+00:00,2026-05-28 09:00:00+09:00,0.03775,6.970813261547171,-68.40290274790121
base,MAGMAUSDT,2026-05-07 11:00:00+00:00,2026-05-07 20:00:00+09:00,0.26773,6.242063492063501,
base,MAGMAUSDT,2026-05-17 14:00:00+00:00,2026-05-17 23:00:00+09:00,0.26938,7.092311362010027,
base,MAGMAUSDT,2026-05-30 14:00:00+00:00,2026-05-30 23:00:00+09:00,0.28665,9.141791044776133,93.02380391232616
base,MAGMAUSDT,2026-06-03 06:00:00+00:00,2026-06-03 15:00:00+09:00,0.3001,8.331528409501116,93.71413448318152
base,MAGMAUSDT,2026-06-03 07:00:00+00:00,2026-06-03 16:00:00+09:00,0.33756,12.482505831389554,117.89451261627046
base,MAGMAUSDT,2026-06-03 10:00:00+00:00,2026-06-03 19:00:00+09:00,0.36533,5.855934167825686,135.82000916608033
base,MAGMAUSDT,2026-06-03 12:00:00+00:00,2026-06-03 21:00:00+09:00,0.39169,7.915472779369622,152.83535266816853
above_w20,MAGMAUSDT,2026-05-30 14:00:00+00:00,2026-05-30 23:00:00+09:00,0.28665,9.141791044776133,93.02380391232616
above_w20,MAGMAUSDT,2026-06-03 06:00:00+00:00,2026-06-03 15:00:00+09:00,0.3001,8.331528409501116,93.71413448318152
above_w20,MAGMAUSDT,2026-06-03 07:00:00+00:00,2026-06-03 16:00:00+09:00,0.33756,12.482505831389554,117.89451261627046
above_w20,MAGMAUSDT,2026-06-03 10:00:00+00:00,2026-06-03 19:00:00+09:00,0.36533,5.855934167825686,135.82000916608033
above_w20,MAGMAUSDT,2026-06-03 12:00:00+00:00,2026-06-03 21:00:00+09:00,0.39169,7.915472779369622,152.83535266816853
base,MANTAUSDT,2026-05-17 14:00:00+00:00,2026-05-17 23:00:00+09:00,0.07778,5.079708186976492,11.6301766018672
above_w20,MANTAUSDT,2026-05-17 14:00:00+00:00,2026-05-17 23:00:00+09:00,0.07778,5.079708186976492,11.6301766018672
base,MELANIAUSDT,2026-05-12 21:00:00+00:00,2026-05-13 06:00:00+09:00,0.1134,5.097312326227994,-5.84523414148125
base,MELANIAUSDT,2026-06-02 09:00:00+00:00,2026-06-02 18:00:00+09:00,0.1047,9.748427672955978,-8.41898097528973
base,MEMEUSDT,2026-05-29 09:00:00+00:00,2026-05-29 18:00:00+09:00,0.0005129,7.2115384615384786,-22.175859191260137
base,MERLUSDT,2026-06-01 16:00:00+00:00,2026-06-02 01:00:00+09:00,0.03046,7.25352112676056,-38.45843014445903
base,MERLUSDT,2026-06-03 21:00:00+00:00,2026-06-04 06:00:00+09:00,0.02811,5.478424015009379,-43.206384483281134
base,MLNUSDT,2026-05-14 01:00:00+00:00,2026-05-14 10:00:00+09:00,3.107,29.189189189189207,-15.810865736350085
base,MLNUSDT,2026-05-14 11:00:00+00:00,2026-05-14 20:00:00+09:00,3.648,24.9743062692703,-1.1516054735130736
base,MLNUSDT,2026-05-15 02:00:00+00:00,2026-05-15 11:00:00+09:00,3.927,17.469338917140295,6.408345752608045
base,MLNUSDT,2026-05-15 05:00:00+00:00,2026-05-15 14:00:00+09:00,3.815,6.862745098039219,3.373526622408883
above_w20,MLNUSDT,2026-05-15 02:00:00+00:00,2026-05-15 11:00:00+09:00,3.927,17.469338917140295,6.408345752608045
above_w20,MLNUSDT,2026-05-15 05:00:00+00:00,2026-05-15 14:00:00+09:00,3.815,6.862745098039219,3.373526622408883
w20_band_0to10,MLNUSDT,2026-05-15 02:00:00+00:00,2026-05-15 11:00:00+09:00,3.927,17.469338917140295,6.408345752608045
w20_band_0to10,MLNUSDT,2026-05-15 05:00:00+00:00,2026-05-15 14:00:00+09:00,3.815,6.862745098039219,3.373526622408883
base,MORPHOUSDT,2026-05-26 10:00:00+00:00,2026-05-26 19:00:00+09:00,2.3009,7.563928755083911,40.59325477448189
above_w20,MORPHOUSDT,2026-05-26 10:00:00+00:00,2026-05-26 19:00:00+09:00,2.3009,7.563928755083911,40.59325477448189
base,MRVLUSDT,2026-06-01 14:00:00+00:00,2026-06-01 23:00:00+09:00,214.33,6.679607784580169,81.06630847082478
above_w20,MRVLUSDT,2026-06-01 14:00:00+00:00,2026-06-01 23:00:00+09:00,214.33,6.679607784580169,81.06630847082478
base,MUSDT,2026-05-05 05:00:00+00:00,2026-05-05 14:00:00+09:00,3.34245,25.13993043725687,69.07557652219616
base,MUSDT,2026-06-01 17:00:00+00:00,2026-06-02 02:00:00+09:00,3.26338,7.552872082024656,42.91998879721848
above_w20,MUSDT,2026-05-05 05:00:00+00:00,2026-05-05 14:00:00+09:00,3.34245,25.13993043725687,69.07557652219616
above_w20,MUSDT,2026-06-01 17:00:00+00:00,2026-06-02 02:00:00+09:00,3.26338,7.552872082024656,42.91998879721848
base,MYXUSDT,2026-05-23 03:00:00+00:00,2026-05-23 12:00:00+09:00,0.1905,11.468695143358692,-90.61460771030914
base,MYXUSDT,2026-05-23 08:00:00+00:00,2026-05-23 17:00:00+09:00,0.1995,5.947955390334581,-90.17120335016628
base,MYXUSDT,2026-05-30 04:00:00+00:00,2026-05-30 13:00:00+09:00,0.2181,7.174447174447176,-87.53789058370783
base,MYXUSDT,2026-06-01 11:00:00+00:00,2026-06-01 20:00:00+09:00,0.2948,6.464427591188166,-80.14554099696593
base,MYXUSDT,2026-06-01 22:00:00+00:00,2026-06-02 07:00:00+09:00,0.3468,5.667276051188302,-76.64339761786901
base,MYXUSDT,2026-06-02 11:00:00+00:00,2026-06-02 20:00:00+09:00,0.3413,6.589631480324799,-77.01381662911966
base,MYXUSDT,2026-06-03 00:00:00+00:00,2026-06-03 09:00:00+09:00,0.3775,7.519225291939612,-74.57578604597911
base,MYXUSDT,2026-06-03 02:00:00+00:00,2026-06-03 11:00:00+09:00,0.3612,6.737588652482282,-75.67357329750372
base,MYXUSDT,2026-06-03 03:00:00+00:00,2026-06-03 12:00:00+09:00,0.3799,5.177187153931338,-74.41414865925154
base,MYXUSDT,2026-06-03 04:00:00+00:00,2026-06-03 13:00:00+09:00,0.4006,5.4488023163990515,-73.02002619872643
base,NAORISUSDT,2026-05-05 01:00:00+00:00,2026-05-05 10:00:00+09:00,0.14935,13.31562974203339,214.50381679389312
base,NAORISUSDT,2026-05-11 19:00:00+00:00,2026-05-12 04:00:00+09:00,0.09403,5.273175100761315,87.05365135570634
base,NAORISUSDT,2026-05-12 00:00:00+00:00,2026-05-12 09:00:00+09:00,0.0988,5.005845467105969,96.54260080765484
base,NAORISUSDT,2026-05-13 08:00:00+00:00,2026-05-13 17:00:00+09:00,0.12373,12.135218415805705,146.1357894527443
base,NAORISUSDT,2026-05-16 12:00:00+00:00,2026-05-16 21:00:00+09:00,0.03913,5.216456036568963,-22.158785732757757
base,NAORISUSDT,2026-05-24 00:00:00+00:00,2026-05-24 09:00:00+09:00,0.04018,6.465288818229988,-19.91469260436702
base,NAORISUSDT,2026-05-26 12:00:00+00:00,2026-05-26 21:00:00+09:00,0.03926,6.395663956639569,-22.0420766275156
above_w20,NAORISUSDT,2026-05-05 01:00:00+00:00,2026-05-05 10:00:00+09:00,0.14935,13.31562974203339,214.50381679389312
above_w20,NAORISUSDT,2026-05-11 19:00:00+00:00,2026-05-12 04:00:00+09:00,0.09403,5.273175100761315,87.05365135570634
above_w20,NAORISUSDT,2026-05-12 00:00:00+00:00,2026-05-12 09:00:00+09:00,0.0988,5.005845467105969,96.54260080765484
above_w20,NAORISUSDT,2026-05-13 08:00:00+00:00,2026-05-13 17:00:00+09:00,0.12373,12.135218415805705,146.1357894527443
base,NEARUSDT,2026-05-06 08:00:00+00:00,2026-05-06 17:00:00+09:00,1.425,5.026533018867927,7.179523822059432
base,NEARUSDT,2026-05-23 16:00:00+00:00,2026-05-24 01:00:00+09:00,2.4004,6.254703200389525,80.67478313230339
base,NEARUSDT,2026-05-26 10:00:00+00:00,2026-05-26 19:00:00+09:00,2.8928,6.658800973379531,112.41771273529655
base,NEARUSDT,2026-06-03 04:00:00+00:00,2026-06-03 13:00:00+09:00,2.8196,5.205029663072272,102.45566166439288
above_w20,NEARUSDT,2026-05-06 08:00:00+00:00,2026-05-06 17:00:00+09:00,1.425,5.026533018867927,7.179523822059432
above_w20,NEARUSDT,2026-05-23 16:00:00+00:00,2026-05-24 01:00:00+09:00,2.4004,6.254703200389525,80.67478313230339
above_w20,NEARUSDT,2026-05-26 10:00:00+00:00,2026-05-26 19:00:00+09:00,2.8928,6.658800973379531,112.41771273529655
above_w20,NEARUSDT,2026-06-03 04:00:00+00:00,2026-06-03 13:00:00+09:00,2.8196,5.205029663072272,102.45566166439288
w20_band_0to10,NEARUSDT,2026-05-06 08:00:00+00:00,2026-05-06 17:00:00+09:00,1.425,5.026533018867927,7.179523822059432
base,NILUSDT,2026-05-07 19:00:00+00:00,2026-05-08 04:00:00+09:00,0.08095,6.991805445413678,55.15688191210011
base,NILUSDT,2026-05-20 17:00:00+00:00,2026-05-21 02:00:00+09:00,0.06148,5.599450360700788,21.660664107333673
base,NILUSDT,2026-05-21 00:00:00+00:00,2026-05-21 09:00:00+09:00,0.07211,7.1789536266349385,42.696006648988785
base,NILUSDT,2026-05-24 15:00:00+00:00,2026-05-25 00:00:00+09:00,0.07385,13.076098606645218,46.13923299164917
base,NILUSDT,2026-05-25 17:00:00+00:00,2026-05-26 02:00:00+09:00,0.09201,8.861807856128722,82.2990965287684
base,NILUSDT,2026-05-29 09:00:00+00:00,2026-05-29 18:00:00+09:00,0.07084,5.448050014885377,40.35504834363607
base,NILUSDT,2026-05-30 10:00:00+00:00,2026-05-30 19:00:00+09:00,0.06975,6.083650190114073,38.195435092724686
base,NILUSDT,2026-06-01 22:00:00+00:00,2026-06-02 07:00:00+09:00,0.06711,5.155123785647135,33.956106470253594
above_w20,NILUSDT,2026-05-07 19:00:00+00:00,2026-05-08 04:00:00+09:00,0.08095,6.991805445413678,55.15688191210011
above_w20,NILUSDT,2026-05-20 17:00:00+00:00,2026-05-21 02:00:00+09:00,0.06148,5.599450360700788,21.660664107333673
above_w20,NILUSDT,2026-05-21 00:00:00+00:00,2026-05-21 09:00:00+09:00,0.07211,7.1789536266349385,42.696006648988785
above_w20,NILUSDT,2026-05-24 15:00:00+00:00,2026-05-25 00:00:00+09:00,0.07385,13.076098606645218,46.13923299164917
above_w20,NILUSDT,2026-05-25 17:00:00+00:00,2026-05-26 02:00:00+09:00,0.09201,8.861807856128722,82.2990965287684
above_w20,NILUSDT,2026-05-29 09:00:00+00:00,2026-05-29 18:00:00+09:00,0.07084,5.448050014885377,40.35504834363607
above_w20,NILUSDT,2026-05-30 10:00:00+00:00,2026-05-30 19:00:00+09:00,0.06975,6.083650190114073,38.195435092724686
above_w20,NILUSDT,2026-06-01 22:00:00+00:00,2026-06-02 07:00:00+09:00,0.06711,5.155123785647135,33.956106470253594
base,NOTUSDT,2026-05-05 01:00:00+00:00,2026-05-05 10:00:00+09:00,0.0005093,6.259127894846646,17.040101114558208
base,NOTUSDT,2026-05-06 01:00:00+00:00,2026-05-06 10:00:00+09:00,0.0005899,11.956728031884612,35.562449729978184
base,NOTUSDT,2026-05-06 02:00:00+00:00,2026-05-06 11:00:00+09:00,0.0006396,8.425156806238359,46.983798690106894
base,NOTUSDT,2026-05-07 04:00:00+00:00,2026-05-07 13:00:00+09:00,0.0006984,16.789297658862868,60.49638055842814
base,NOTUSDT,2026-05-07 17:00:00+00:00,2026-05-08 02:00:00+09:00,0.0006516,5.012087026591467,49.741468459152046
above_w20,NOTUSDT,2026-05-05 01:00:00+00:00,2026-05-05 10:00:00+09:00,0.0005093,6.259127894846646,17.040101114558208
above_w20,NOTUSDT,2026-05-06 01:00:00+00:00,2026-05-06 10:00:00+09:00,0.0005899,11.956728031884612,35.562449729978184
above_w20,NOTUSDT,2026-05-06 02:00:00+00:00,2026-05-06 11:00:00+09:00,0.0006396,8.425156806238359,46.983798690106894
above_w20,NOTUSDT,2026-05-07 04:00:00+00:00,2026-05-07 13:00:00+09:00,0.0006984,16.789297658862868,60.49638055842814
above_w20,NOTUSDT,2026-05-07 17:00:00+00:00,2026-05-08 02:00:00+09:00,0.0006516,5.012087026591467,49.741468459152046
base,ONDOUSDT,2026-05-07 12:00:00+00:00,2026-05-07 21:00:00+09:00,0.3711,6.3019192208536134,25.052652861788342
base,ONDOUSDT,2026-05-08 16:00:00+00:00,2026-05-09 01:00:00+09:00,0.4519,6.454652532391057,52.280500749776756
base,ONDOUSDT,2026-05-18 21:00:00+00:00,2026-05-19 06:00:00+09:00,0.3822,8.826879271070606,28.964772573896603
base,ONDOUSDT,2026-05-22 12:00:00+00:00,2026-05-22 21:00:00+09:00,0.4527,5.820476858345016,52.75340801727627
above_w20,ONDOUSDT,2026-05-07 12:00:00+00:00,2026-05-07 21:00:00+09:00,0.3711,6.3019192208536134,25.052652861788342
above_w20,ONDOUSDT,2026-05-08 16:00:00+00:00,2026-05-09 01:00:00+09:00,0.4519,6.454652532391057,52.280500749776756
above_w20,ONDOUSDT,2026-05-18 21:00:00+00:00,2026-05-19 06:00:00+09:00,0.3822,8.826879271070606,28.964772573896603
above_w20,ONDOUSDT,2026-05-22 12:00:00+00:00,2026-05-22 21:00:00+09:00,0.4527,5.820476858345016,52.75340801727627
base,ONGUSDT,2026-05-27 09:00:00+00:00,2026-05-27 18:00:00+09:00,0.06935,7.005091806819917,-2.9010668981546366
base,ORCLUSDT,2026-05-14 14:00:00+00:00,2026-05-14 23:00:00+09:00,196.88,5.075519026525052,18.841883192336358
above_w20,ORCLUSDT,2026-05-14 14:00:00+00:00,2026-05-14 23:00:00+09:00,196.88,5.075519026525052,18.841883192336358
base,PARTIUSDT,2026-05-11 09:00:00+00:00,2026-05-11 18:00:00+09:00,0.05923,5.598145837047596,-26.834540816641656
base,PARTIUSDT,2026-05-11 10:00:00+00:00,2026-05-11 19:00:00+09:00,0.06255,5.605267600877928,-22.733421038003303
base,PARTIUSDT,2026-06-03 16:00:00+00:00,2026-06-04 01:00:00+09:00,0.05,6.609808102345428,-31.8685062169988
base,PARTIUSDT,2026-06-03 19:00:00+00:00,2026-06-04 04:00:00+09:00,0.05649,6.625141562853906,-23.025038323965248
base,PENDLEUSDT,2026-05-11 19:00:00+00:00,2026-05-12 04:00:00+09:00,2.1429,6.247211066488169,45.51566080977845
above_w20,PENDLEUSDT,2026-05-11 19:00:00+00:00,2026-05-12 04:00:00+09:00,2.1429,6.247211066488169,45.51566080977845
base,PENGUUSDT,2026-06-03 21:00:00+00:00,2026-06-04 06:00:00+09:00,0.007239,5.647985989492122,-6.848962522116764
base,PHAUSDT,2026-05-25 07:00:00+00:00,2026-05-25 16:00:00+09:00,0.03978,8.186021212945352,19.693094629156015
above_w20,PHAUSDT,2026-05-25 07:00:00+00:00,2026-05-25 16:00:00+09:00,0.03978,8.186021212945352,19.693094629156015
base,PIEVERSEUSDT,2026-05-14 07:00:00+00:00,2026-05-14 16:00:00+09:00,1.02531,5.190208470124745,79.03028101874969
base,PIEVERSEUSDT,2026-06-01 15:00:00+00:00,2026-06-02 00:00:00+09:00,0.85355,5.429908966266876,41.436469581341086
base,PIEVERSEUSDT,2026-06-01 16:00:00+00:00,2026-06-02 01:00:00+09:00,0.90748,6.318317614668141,50.37287495246371
base,PIEVERSEUSDT,2026-06-02 02:00:00+00:00,2026-06-02 11:00:00+09:00,0.9882,7.93512096553984,63.748484845974176
above_w20,PIEVERSEUSDT,2026-05-14 07:00:00+00:00,2026-05-14 16:00:00+09:00,1.02531,5.190208470124745,79.03028101874969
above_w20,PIEVERSEUSDT,2026-06-01 15:00:00+00:00,2026-06-02 00:00:00+09:00,0.85355,5.429908966266876,41.436469581341086
above_w20,PIEVERSEUSDT,2026-06-01 16:00:00+00:00,2026-06-02 01:00:00+09:00,0.90748,6.318317614668141,50.37287495246371
above_w20,PIEVERSEUSDT,2026-06-02 02:00:00+00:00,2026-06-02 11:00:00+09:00,0.9882,7.93512096553984,63.748484845974176
base,PIXELUSDT,2026-05-31 22:00:00+00:00,2026-06-01 07:00:00+09:00,0.00744,6.437768240343359,2.695055039856437
above_w20,PIXELUSDT,2026-05-31 22:00:00+00:00,2026-06-01 07:00:00+09:00,0.00744,6.437768240343359,2.695055039856437
w20_band_0to10,PIXELUSDT,2026-05-31 22:00:00+00:00,2026-06-01 07:00:00+09:00,0.00744,6.437768240343359,2.695055039856437
base,PLUMEUSDT,2026-05-10 19:00:00+00:00,2026-05-11 04:00:00+09:00,0.01627,7.109940750493742,27.303313641876294
base,PLUMEUSDT,2026-05-23 20:00:00+00:00,2026-05-24 05:00:00+09:00,0.0146,7.988165680473368,17.8084402485274
base,PLUMEUSDT,2026-06-03 21:00:00+00:00,2026-06-04 06:00:00+09:00,0.01345,5.490196078431381,11.878223257361492
above_w20,PLUMEUSDT,2026-05-10 19:00:00+00:00,2026-05-11 04:00:00+09:00,0.01627,7.109940750493742,27.303313641876294
above_w20,PLUMEUSDT,2026-05-23 20:00:00+00:00,2026-05-24 05:00:00+09:00,0.0146,7.988165680473368,17.8084402485274
above_w20,PLUMEUSDT,2026-06-03 21:00:00+00:00,2026-06-04 06:00:00+09:00,0.01345,5.490196078431381,11.878223257361492
base,POWERUSDT,2026-05-14 21:00:00+00:00,2026-05-15 06:00:00+09:00,0.08662,5.724398877090199,-64.62634483800687
base,PROMUSDT,2026-05-13 15:00:00+00:00,2026-05-14 00:00:00+09:00,1.7313,5.57994877424077,-32.37333916647299
base,PROMUSDT,2026-05-14 00:00:00+00:00,2026-05-14 09:00:00+09:00,1.8208,5.559742593773544,-28.87736149385665
base,PROVEUSDT,2026-05-21 06:00:00+00:00,2026-05-21 15:00:00+09:00,0.2974,19.00760304121648,1.5242289245054352
above_w20,PROVEUSDT,2026-05-21 06:00:00+00:00,2026-05-21 15:00:00+09:00,0.2974,19.00760304121648,1.5242289245054352
w20_band_0to10,PROVEUSDT,2026-05-21 06:00:00+00:00,2026-05-21 15:00:00+09:00,0.2974,19.00760304121648,1.5242289245054352
base,QTUMUSDT,2026-05-10 12:00:00+00:00,2026-05-10 21:00:00+09:00,1.162,15.277777777777768,12.42260061919503
above_w20,QTUMUSDT,2026-05-10 12:00:00+00:00,2026-05-10 21:00:00+09:00,1.162,15.277777777777768,12.42260061919503
base,QUSDT,2026-05-08 22:00:00+00:00,2026-05-09 07:00:00+09:00,0.012705,7.169970476592156,-14.482740052434432
base,QUSDT,2026-05-13 13:00:00+00:00,2026-05-13 22:00:00+09:00,0.01905,11.867989899583076,26.74608534236414
base,QUSDT,2026-06-03 16:00:00+00:00,2026-06-04 01:00:00+09:00,0.018756,8.434988726368726,19.897975491104816
above_w20,QUSDT,2026-05-13 13:00:00+00:00,2026-05-13 22:00:00+09:00,0.01905,11.867989899583076,26.74608534236414
above_w20,QUSDT,2026-06-03 16:00:00+00:00,2026-06-04 01:00:00+09:00,0.018756,8.434988726368726,19.897975491104816
base,RENDERUSDT,2026-06-03 21:00:00+00:00,2026-06-04 06:00:00+09:00,2.216,5.927342256214154,28.311282244289394
above_w20,RENDERUSDT,2026-06-03 21:00:00+00:00,2026-06-04 06:00:00+09:00,2.216,5.927342256214154,28.311282244289394
base,RESOLVUSDT,2026-05-26 10:00:00+00:00,2026-05-26 19:00:00+09:00,0.0246,7.376691401134878,-55.0286555213294
base,REZUSDT,2026-05-10 10:00:00+00:00,2026-05-10 19:00:00+09:00,0.007019,6.964340140201157,78.12008323605544
base,REZUSDT,2026-05-11 12:00:00+00:00,2026-05-11 21:00:00+09:00,0.00708,5.372823336806076,74.40356689780887
above_w20,REZUSDT,2026-05-10 10:00:00+00:00,2026-05-10 19:00:00+09:00,0.007019,6.964340140201157,78.12008323605544
above_w20,REZUSDT,2026-05-11 12:00:00+00:00,2026-05-11 21:00:00+09:00,0.00708,5.372823336806076,74.40356689780887
base,RIVERUSDT,2026-05-14 02:00:00+00:00,2026-05-14 11:00:00+09:00,7.222,5.785850300278313,-54.69302359137146
base,RIVERUSDT,2026-05-27 19:00:00+00:00,2026-05-28 04:00:00+09:00,7.305,5.350447072396879,-53.72569886547196
base,RSRUSDT,2026-05-27 18:00:00+00:00,2026-05-28 03:00:00+09:00,0.001725,6.0885608856088504,-3.293622985283812
base,SAFEUSDT,2026-05-09 05:00:00+00:00,2026-05-09 14:00:00+09:00,0.1595,5.98006644518273,24.779972618814767
above_w20,SAFEUSDT,2026-05-09 05:00:00+00:00,2026-05-09 14:00:00+09:00,0.1595,5.98006644518273,24.779972618814767
base,SAGAUSDT,2026-05-11 10:00:00+00:00,2026-05-11 19:00:00+09:00,0.0249,6.002554278416339,-29.460757234521733
base,SAGAUSDT,2026-05-12 12:00:00+00:00,2026-05-12 21:00:00+09:00,0.04161,15.64758198999445,17.877023753877545
base,SAGAUSDT,2026-05-13 16:00:00+00:00,2026-05-14 01:00:00+09:00,0.02928,6.666666666666673,-17.05264947095567
base,SAGAUSDT,2026-05-14 02:00:00+00:00,2026-05-14 11:00:00+09:00,0.03533,8.042813455657495,0.08640349013442895
base,SAGAUSDT,2026-05-14 14:00:00+00:00,2026-05-14 23:00:00+09:00,0.0297,9.513274336283196,-15.862830918284953
above_w20,SAGAUSDT,2026-05-12 12:00:00+00:00,2026-05-12 21:00:00+09:00,0.04161,15.64758198999445,17.877023753877545
above_w20,SAGAUSDT,2026-05-14 02:00:00+00:00,2026-05-14 11:00:00+09:00,0.03533,8.042813455657495,0.08640349013442895
w20_band_0to10,SAGAUSDT,2026-05-14 02:00:00+00:00,2026-05-14 11:00:00+09:00,0.03533,8.042813455657495,0.08640349013442895
base,SAHARAUSDT,2026-05-09 17:00:00+00:00,2026-05-10 02:00:00+09:00,0.0434,9.319899244332499,90.27576833705992
base,SAHARAUSDT,2026-05-12 05:00:00+00:00,2026-05-12 14:00:00+09:00,0.03986,5.060622034791772,69.8302123942822
base,SAHARAUSDT,2026-05-19 04:00:00+00:00,2026-05-19 13:00:00+09:00,0.03422,5.389590391130279,42.654660663665155
base,SAHARAUSDT,2026-05-19 12:00:00+00:00,2026-05-19 21:00:00+09:00,0.03611,5.4922582529944695,50.533600133400036
base,SAHARAUSDT,2026-05-22 17:00:00+00:00,2026-05-23 02:00:00+09:00,0.03482,5.196374622356494,45.1559112889778
base,SAHARAUSDT,2026-05-28 16:00:00+00:00,2026-05-29 01:00:00+09:00,0.03422,5.454545454545457,40.939044481054374
above_w20,SAHARAUSDT,2026-05-09 17:00:00+00:00,2026-05-10 02:00:00+09:00,0.0434,9.319899244332499,90.27576833705992
above_w20,SAHARAUSDT,2026-05-12 05:00:00+00:00,2026-05-12 14:00:00+09:00,0.03986,5.060622034791772,69.8302123942822
above_w20,SAHARAUSDT,2026-05-19 04:00:00+00:00,2026-05-19 13:00:00+09:00,0.03422,5.389590391130279,42.654660663665155
above_w20,SAHARAUSDT,2026-05-19 12:00:00+00:00,2026-05-19 21:00:00+09:00,0.03611,5.4922582529944695,50.533600133400036
above_w20,SAHARAUSDT,2026-05-22 17:00:00+00:00,2026-05-23 02:00:00+09:00,0.03482,5.196374622356494,45.1559112889778
above_w20,SAHARAUSDT,2026-05-28 16:00:00+00:00,2026-05-29 01:00:00+09:00,0.03422,5.454545454545457,40.939044481054374
base,SAPIENUSDT,2026-05-07 05:00:00+00:00,2026-05-07 14:00:00+09:00,0.10636,5.463559742191375,10.165673180003216
base,SAPIENUSDT,2026-05-13 23:00:00+00:00,2026-05-14 08:00:00+09:00,0.12052,5.774969282078289,25.734853029394134
base,SAPIENUSDT,2026-05-29 10:00:00+00:00,2026-05-29 19:00:00+09:00,0.1063,5.992621397945959,14.206517184696557
above_w20,SAPIENUSDT,2026-05-07 05:00:00+00:00,2026-05-07 14:00:00+09:00,0.10636,5.463559742191375,10.165673180003216
above_w20,SAPIENUSDT,2026-05-13 23:00:00+00:00,2026-05-14 08:00:00+09:00,0.12052,5.774969282078289,25.734853029394134
above_w20,SAPIENUSDT,2026-05-29 10:00:00+00:00,2026-05-29 19:00:00+09:00,0.1063,5.992621397945959,14.206517184696557
base,SEIUSDT,2026-05-10 18:00:00+00:00,2026-05-11 03:00:00+09:00,0.07747,5.430048992923235,-2.1997790752722035
base,SIRENUSDT,2026-05-07 08:00:00+00:00,2026-05-07 17:00:00+09:00,1.15888,24.56789061828187,136.8710973029872
base,SIRENUSDT,2026-05-08 03:00:00+00:00,2026-05-08 12:00:00+09:00,1.09712,5.7770921712302545,124.2475651258572
base,SIRENUSDT,2026-05-08 05:00:00+00:00,2026-05-08 14:00:00+09:00,1.11908,6.305690130141552,128.7361138080103
base,SIRENUSDT,2026-05-09 00:00:00+00:00,2026-05-09 09:00:00+09:00,1.18763,7.815422045499937,142.74749869697183
base,SIRENUSDT,2026-05-13 22:00:00+00:00,2026-05-14 07:00:00+09:00,1.13999,6.081106230923846,109.73086143107615
base,SIRENUSDT,2026-06-01 13:00:00+00:00,2026-06-01 22:00:00+09:00,0.63527,11.819685981834832,4.607440108877226
base,SIRENUSDT,2026-06-01 16:00:00+00:00,2026-06-02 01:00:00+09:00,0.67013,6.476317587428701,10.347700725930542
base,SIRENUSDT,2026-06-02 23:00:00+00:00,2026-06-03 08:00:00+09:00,0.56907,5.4712260216847355,-6.293456415762182
above_w20,SIRENUSDT,2026-05-07 08:00:00+00:00,2026-05-07 17:00:00+09:00,1.15888,24.56789061828187,136.8710973029872
above_w20,SIRENUSDT,2026-05-08 03:00:00+00:00,2026-05-08 12:00:00+09:00,1.09712,5.7770921712302545,124.2475651258572
above_w20,SIRENUSDT,2026-05-08 05:00:00+00:00,2026-05-08 14:00:00+09:00,1.11908,6.305690130141552,128.7361138080103
above_w20,SIRENUSDT,2026-05-09 00:00:00+00:00,2026-05-09 09:00:00+09:00,1.18763,7.815422045499937,142.74749869697183
above_w20,SIRENUSDT,2026-05-13 22:00:00+00:00,2026-05-14 07:00:00+09:00,1.13999,6.081106230923846,109.73086143107615
above_w20,SIRENUSDT,2026-06-01 13:00:00+00:00,2026-06-01 22:00:00+09:00,0.63527,11.819685981834832,4.607440108877226
above_w20,SIRENUSDT,2026-06-01 16:00:00+00:00,2026-06-02 01:00:00+09:00,0.67013,6.476317587428701,10.347700725930542
w20_band_0to10,SIRENUSDT,2026-06-01 13:00:00+00:00,2026-06-01 22:00:00+09:00,0.63527,11.819685981834832,4.607440108877226
base,SKYAIUSDT,2026-05-07 09:00:00+00:00,2026-05-07 18:00:00+09:00,0.70491,10.584525602409643,758.3065458796026
base,SKYAIUSDT,2026-05-08 02:00:00+00:00,2026-05-08 11:00:00+09:00,0.63611,13.058083321484418,674.5348723943113
base,SKYAIUSDT,2026-05-13 02:00:00+00:00,2026-05-13 11:00:00+09:00,0.60473,10.28376554692343,461.7661266349583
base,SKYAIUSDT,2026-05-14 08:00:00+00:00,2026-05-14 17:00:00+09:00,0.37824,12.904092415151801,251.36741973840662
base,SKYAIUSDT,2026-05-14 10:00:00+00:00,2026-05-14 19:00:00+09:00,0.39575,6.484595721781249,267.63339774078474
base,SKYAIUSDT,2026-05-20 03:00:00+00:00,2026-05-20 12:00:00+09:00,0.29851,6.565043552763108,145.26937645328533
base,SKYAIUSDT,2026-05-20 06:00:00+00:00,2026-05-20 15:00:00+09:00,0.36975,5.335878297532911,203.80339668219577
base,SKYAIUSDT,2026-05-22 11:00:00+00:00,2026-05-22 20:00:00+09:00,0.27642,8.472314876584388,127.11922896793115
base,SKYAIUSDT,2026-05-28 14:00:00+00:00,2026-05-28 23:00:00+09:00,0.20864,5.161290322580645,53.14039092490512
base,SKYAIUSDT,2026-05-28 16:00:00+00:00,2026-05-29 01:00:00+09:00,0.20824,9.335293499947506,52.84679354966567
base,SKYAIUSDT,2026-05-31 18:00:00+00:00,2026-06-01 03:00:00+09:00,0.17873,5.60118168389955,31.186647191374107
base,SKYAIUSDT,2026-06-02 03:00:00+00:00,2026-06-02 12:00:00+09:00,0.23977,13.280733251441001,67.49446388778284
base,SKYAIUSDT,2026-06-02 05:00:00+00:00,2026-06-02 14:00:00+09:00,0.29251,17.00868034721389,104.33667945037057
base,SKYAIUSDT,2026-06-02 06:00:00+00:00,2026-06-02 15:00:00+09:00,0.31924,9.138149123106913,123.00926993175041
base,SKYAIUSDT,2026-06-03 04:00:00+00:00,2026-06-03 13:00:00+09:00,0.1791,8.578357077902393,25.112643292746828
base,SKYAIUSDT,2026-06-03 11:00:00+00:00,2026-06-03 20:00:00+09:00,0.15153,6.039188243526941,5.853259844499862
above_w20,SKYAIUSDT,2026-05-07 09:00:00+00:00,2026-05-07 18:00:00+09:00,0.70491,10.584525602409643,758.3065458796026
above_w20,SKYAIUSDT,2026-05-08 02:00:00+00:00,2026-05-08 11:00:00+09:00,0.63611,13.058083321484418,674.5348723943113
above_w20,SKYAIUSDT,2026-05-13 02:00:00+00:00,2026-05-13 11:00:00+09:00,0.60473,10.28376554692343,461.7661266349583
above_w20,SKYAIUSDT,2026-05-14 08:00:00+00:00,2026-05-14 17:00:00+09:00,0.37824,12.904092415151801,251.36741973840662
above_w20,SKYAIUSDT,2026-05-14 10:00:00+00:00,2026-05-14 19:00:00+09:00,0.39575,6.484595721781249,267.63339774078474
above_w20,SKYAIUSDT,2026-05-20 03:00:00+00:00,2026-05-20 12:00:00+09:00,0.29851,6.565043552763108,145.26937645328533
above_w20,SKYAIUSDT,2026-05-20 06:00:00+00:00,2026-05-20 15:00:00+09:00,0.36975,5.335878297532911,203.80339668219577
above_w20,SKYAIUSDT,2026-05-22 11:00:00+00:00,2026-05-22 20:00:00+09:00,0.27642,8.472314876584388,127.11922896793115
above_w20,SKYAIUSDT,2026-05-28 14:00:00+00:00,2026-05-28 23:00:00+09:00,0.20864,5.161290322580645,53.14039092490512
above_w20,SKYAIUSDT,2026-05-28 16:00:00+00:00,2026-05-29 01:00:00+09:00,0.20824,9.335293499947506,52.84679354966567
above_w20,SKYAIUSDT,2026-05-31 18:00:00+00:00,2026-06-01 03:00:00+09:00,0.17873,5.60118168389955,31.186647191374107
above_w20,SKYAIUSDT,2026-06-02 03:00:00+00:00,2026-06-02 12:00:00+09:00,0.23977,13.280733251441001,67.49446388778284
above_w20,SKYAIUSDT,2026-06-02 05:00:00+00:00,2026-06-02 14:00:00+09:00,0.29251,17.00868034721389,104.33667945037057
above_w20,SKYAIUSDT,2026-06-02 06:00:00+00:00,2026-06-02 15:00:00+09:00,0.31924,9.138149123106913,123.00926993175041
above_w20,SKYAIUSDT,2026-06-03 04:00:00+00:00,2026-06-03 13:00:00+09:00,0.1791,8.578357077902393,25.112643292746828
above_w20,SKYAIUSDT,2026-06-03 11:00:00+00:00,2026-06-03 20:00:00+09:00,0.15153,6.039188243526941,5.853259844499862
w20_band_0to10,SKYAIUSDT,2026-06-03 11:00:00+00:00,2026-06-03 20:00:00+09:00,0.15153,6.039188243526941,5.853259844499862
base,SOONUSDT,2026-05-25 04:00:00+00:00,2026-05-25 13:00:00+09:00,0.1798,7.923169267707077,-1.3930020840188737
base,SQDUSDT,2026-05-11 06:00:00+00:00,2026-05-11 15:00:00+09:00,0.04163,5.955713922117592,-11.395368636131446
base,STABLEUSDT,2026-05-22 16:00:00+00:00,2026-05-23 01:00:00+09:00,0.03401,10.207388204795853,31.635476941536183
above_w20,STABLEUSDT,2026-05-22 16:00:00+00:00,2026-05-23 01:00:00+09:00,0.03401,10.207388204795853,31.635476941536183
base,STEEMUSDT,2026-05-06 00:00:00+00:00,2026-05-06 09:00:00+09:00,0.06377,5.824759376037159,5.705476727224483
above_w20,STEEMUSDT,2026-05-06 00:00:00+00:00,2026-05-06 09:00:00+09:00,0.06377,5.824759376037159,5.705476727224483
w20_band_0to10,STEEMUSDT,2026-05-06 00:00:00+00:00,2026-05-06 09:00:00+09:00,0.06377,5.824759376037159,5.705476727224483
base,STGUSDT,2026-06-01 02:00:00+00:00,2026-06-01 11:00:00+09:00,0.3548,8.968058968058969,81.65992524704315
base,STGUSDT,2026-06-01 15:00:00+00:00,2026-06-02 00:00:00+09:00,0.3246,5.905383360522025,66.19732732578976
base,STGUSDT,2026-06-01 17:00:00+00:00,2026-06-02 02:00:00+09:00,0.3385,7.460317460317468,73.3142184219958
base,STGUSDT,2026-06-02 00:00:00+00:00,2026-06-02 09:00:00+09:00,0.3523,7.212416311625075,80.37990886283343
base,STGUSDT,2026-06-02 04:00:00+00:00,2026-06-02 13:00:00+09:00,0.3625,6.149341142020487,85.60237571040908
base,STGUSDT,2026-06-02 14:00:00+00:00,2026-06-02 23:00:00+09:00,0.3481,9.672337744171394,78.22948133736112
above_w20,STGUSDT,2026-06-01 02:00:00+00:00,2026-06-01 11:00:00+09:00,0.3548,8.968058968058969,81.65992524704315
above_w20,STGUSDT,2026-06-01 15:00:00+00:00,2026-06-02 00:00:00+09:00,0.3246,5.905383360522025,66.19732732578976
above_w20,STGUSDT,2026-06-01 17:00:00+00:00,2026-06-02 02:00:00+09:00,0.3385,7.460317460317468,73.3142184219958
above_w20,STGUSDT,2026-06-02 00:00:00+00:00,2026-06-02 09:00:00+09:00,0.3523,7.212416311625075,80.37990886283343
above_w20,STGUSDT,2026-06-02 04:00:00+00:00,2026-06-02 13:00:00+09:00,0.3625,6.149341142020487,85.60237571040908
above_w20,STGUSDT,2026-06-02 14:00:00+00:00,2026-06-02 23:00:00+09:00,0.3481,9.672337744171394,78.22948133736112
base,STORJUSDT,2026-05-15 14:00:00+00:00,2026-05-15 23:00:00+09:00,0.108,6.930693069306923,1.5753585704208755
base,STORJUSDT,2026-05-15 17:00:00+00:00,2026-05-16 02:00:00+09:00,0.1382,25.294650951949226,29.97883846696448
above_w20,STORJUSDT,2026-05-15 14:00:00+00:00,2026-05-15 23:00:00+09:00,0.108,6.930693069306923,1.5753585704208755
above_w20,STORJUSDT,2026-05-15 17:00:00+00:00,2026-05-16 02:00:00+09:00,0.1382,25.294650951949226,29.97883846696448
w20_band_0to10,STORJUSDT,2026-05-15 14:00:00+00:00,2026-05-15 23:00:00+09:00,0.108,6.930693069306923,1.5753585704208755
base,STRKUSDT,2026-05-08 09:00:00+00:00,2026-05-08 18:00:00+09:00,0.05641,5.97606567848354,8.0365727068323
base,STRKUSDT,2026-05-08 15:00:00+00:00,2026-05-09 00:00:00+09:00,0.057323,7.149799992523088,9.785152584182729
above_w20,STRKUSDT,2026-05-08 09:00:00+00:00,2026-05-08 18:00:00+09:00,0.05641,5.97606567848354,8.0365727068323
above_w20,STRKUSDT,2026-05-08 15:00:00+00:00,2026-05-09 00:00:00+09:00,0.057323,7.149799992523088,9.785152584182729
w20_band_0to10,STRKUSDT,2026-05-08 09:00:00+00:00,2026-05-08 18:00:00+09:00,0.05641,5.97606567848354,8.0365727068323
w20_band_0to10,STRKUSDT,2026-05-08 15:00:00+00:00,2026-05-09 00:00:00+09:00,0.057323,7.149799992523088,9.785152584182729
base,SUIUSDT,2026-05-09 00:00:00+00:00,2026-05-09 09:00:00+09:00,1.0835,6.111056703554992,-3.8499935663355376
base,SUIUSDT,2026-05-10 15:00:00+00:00,2026-05-11 00:00:00+09:00,1.224,6.852902662592755,8.618004499128112
above_w20,SUIUSDT,2026-05-10 15:00:00+00:00,2026-05-11 00:00:00+09:00,1.224,6.852902662592755,8.618004499128112
w20_band_0to10,SUIUSDT,2026-05-10 15:00:00+00:00,2026-05-11 00:00:00+09:00,1.224,6.852902662592755,8.618004499128112
base,SUPERUSDT,2026-05-24 21:00:00+00:00,2026-05-25 06:00:00+09:00,0.1301,10.62925170068027,-4.506752789195523
base,SUSHIUSDT,2026-06-03 04:00:00+00:00,2026-06-03 13:00:00+09:00,0.2166,7.868525896414333,0.16416564544843415
above_w20,SUSHIUSDT,2026-06-03 04:00:00+00:00,2026-06-03 13:00:00+09:00,0.2166,7.868525896414333,0.16416564544843415
w20_band_0to10,SUSHIUSDT,2026-06-03 04:00:00+00:00,2026-06-03 13:00:00+09:00,0.2166,7.868525896414333,0.16416564544843415
base,TACUSDT,2026-05-14 08:00:00+00:00,2026-05-14 17:00:00+09:00,0.01806,5.5893358278765115,183.9086964723637
base,TACUSDT,2026-05-14 15:00:00+00:00,2026-05-15 00:00:00+09:00,0.019725,11.214479025710428,210.08300320694207
base,TACUSDT,2026-05-14 20:00:00+00:00,2026-05-15 05:00:00+09:00,0.02382,7.792560412707037,274.4576495000943
base,TACUSDT,2026-05-17 13:00:00+00:00,2026-05-17 22:00:00+09:00,0.020989,6.776212036424682,229.95346789913853
above_w20,TACUSDT,2026-05-14 08:00:00+00:00,2026-05-14 17:00:00+09:00,0.01806,5.5893358278765115,183.9086964723637
above_w20,TACUSDT,2026-05-14 15:00:00+00:00,2026-05-15 00:00:00+09:00,0.019725,11.214479025710428,210.08300320694207
above_w20,TACUSDT,2026-05-14 20:00:00+00:00,2026-05-15 05:00:00+09:00,0.02382,7.792560412707037,274.4576495000943
above_w20,TACUSDT,2026-05-17 13:00:00+00:00,2026-05-17 22:00:00+09:00,0.020989,6.776212036424682,229.95346789913853
base,TAGUSDT,2026-05-06 08:00:00+00:00,2026-05-06 17:00:00+09:00,0.0015054,11.676557863501486,169.8042870456664
base,TAGUSDT,2026-05-14 05:00:00+00:00,2026-05-14 14:00:00+09:00,0.0012959,5.041744346275441,115.17284893567559
base,TAGUSDT,2026-05-19 18:00:00+00:00,2026-05-20 03:00:00+09:00,0.0011563,5.927079516306339,82.36732118918067
base,TAGUSDT,2026-05-22 20:00:00+00:00,2026-05-23 05:00:00+09:00,0.0015307,6.750819443475832,141.41629209052914
above_w20,TAGUSDT,2026-05-06 08:00:00+00:00,2026-05-06 17:00:00+09:00,0.0015054,11.676557863501486,169.8042870456664
above_w20,TAGUSDT,2026-05-14 05:00:00+00:00,2026-05-14 14:00:00+09:00,0.0012959,5.041744346275441,115.17284893567559
above_w20,TAGUSDT,2026-05-19 18:00:00+00:00,2026-05-20 03:00:00+09:00,0.0011563,5.927079516306339,82.36732118918067
above_w20,TAGUSDT,2026-05-22 20:00:00+00:00,2026-05-23 05:00:00+09:00,0.0015307,6.750819443475832,141.41629209052914
base,TONUSDT,2026-05-06 10:00:00+00:00,2026-05-06 19:00:00+09:00,2.3252,5.013097281185088,63.92136681036459
base,TONUSDT,2026-05-06 12:00:00+00:00,2026-05-06 21:00:00+09:00,2.4367,6.699654070149321,71.78186586393231
base,TONUSDT,2026-05-07 17:00:00+00:00,2026-05-08 02:00:00+09:00,2.5853,5.61728899419888,82.25783141873197
base,TONUSDT,2026-05-25 16:00:00+00:00,2026-05-26 01:00:00+09:00,2.0797,5.41335090475948,40.72612977768153
above_w20,TONUSDT,2026-05-06 10:00:00+00:00,2026-05-06 19:00:00+09:00,2.3252,5.013097281185088,63.92136681036459
above_w20,TONUSDT,2026-05-06 12:00:00+00:00,2026-05-06 21:00:00+09:00,2.4367,6.699654070149321,71.78186586393231
above_w20,TONUSDT,2026-05-07 17:00:00+00:00,2026-05-08 02:00:00+09:00,2.5853,5.61728899419888,82.25783141873197
above_w20,TONUSDT,2026-05-25 16:00:00+00:00,2026-05-26 01:00:00+09:00,2.0797,5.41335090475948,40.72612977768153
base,TRUMPUSDT,2026-05-12 21:00:00+00:00,2026-05-13 06:00:00+09:00,2.569,9.45888368129527,-28.914345798918085
base,UAIUSDT,2026-05-20 16:00:00+00:00,2026-05-21 01:00:00+09:00,0.261,7.93598279641041,9.501913136873183
base,UAIUSDT,2026-05-24 14:00:00+00:00,2026-05-24 23:00:00+09:00,0.29991,9.7245088354736,25.826508693025424
above_w20,UAIUSDT,2026-05-20 16:00:00+00:00,2026-05-21 01:00:00+09:00,0.261,7.93598279641041,9.501913136873183
above_w20,UAIUSDT,2026-05-24 14:00:00+00:00,2026-05-24 23:00:00+09:00,0.29991,9.7245088354736,25.826508693025424
w20_band_0to10,UAIUSDT,2026-05-20 16:00:00+00:00,2026-05-21 01:00:00+09:00,0.261,7.93598279641041,9.501913136873183
base,UBUSDT,2026-05-05 10:00:00+00:00,2026-05-05 19:00:00+09:00,0.13216,6.426155580608794,235.2953115486097
base,UBUSDT,2026-05-08 06:00:00+00:00,2026-05-08 15:00:00+09:00,0.13074,15.017154922143048,231.69271361883497
base,UBUSDT,2026-05-11 10:00:00+00:00,2026-05-11 19:00:00+09:00,0.14401,5.726451802363998,227.74610544043514
base,UBUSDT,2026-05-12 01:00:00+00:00,2026-05-12 10:00:00+09:00,0.14887,6.1159027728277175,238.8067683974556
base,UBUSDT,2026-05-13 08:00:00+00:00,2026-05-13 17:00:00+09:00,0.19778,9.628069397483523,350.1189135060709
base,UBUSDT,2026-05-16 11:00:00+00:00,2026-05-16 20:00:00+09:00,0.19924,9.358362149404474,353.44166410632806
base,UBUSDT,2026-05-17 16:00:00+00:00,2026-05-18 01:00:00+09:00,0.15722,5.9148477499326395,257.81017080303604
base,UBUSDT,2026-05-22 23:00:00+00:00,2026-05-23 08:00:00+09:00,0.11324,5.673758865248216,126.00313338855011
base,UBUSDT,2026-05-23 17:00:00+00:00,2026-05-24 02:00:00+09:00,0.13817,5.032307107563654,175.75815030286094
base,UBUSDT,2026-05-25 03:00:00+00:00,2026-05-25 12:00:00+09:00,0.16521,5.693813575586969,192.6608917468247
base,UBUSDT,2026-05-31 17:00:00+00:00,2026-06-01 02:00:00+09:00,0.18039,5.707588631702314,219.55146941595368
base,UBUSDT,2026-05-31 18:00:00+00:00,2026-06-01 03:00:00+09:00,0.19167,6.253118243805096,239.53340064834993
above_w20,UBUSDT,2026-05-05 10:00:00+00:00,2026-05-05 19:00:00+09:00,0.13216,6.426155580608794,235.2953115486097
above_w20,UBUSDT,2026-05-08 06:00:00+00:00,2026-05-08 15:00:00+09:00,0.13074,15.017154922143048,231.69271361883497
above_w20,UBUSDT,2026-05-11 10:00:00+00:00,2026-05-11 19:00:00+09:00,0.14401,5.726451802363998,227.74610544043514
above_w20,UBUSDT,2026-05-12 01:00:00+00:00,2026-05-12 10:00:00+09:00,0.14887,6.1159027728277175,238.8067683974556
above_w20,UBUSDT,2026-05-13 08:00:00+00:00,2026-05-13 17:00:00+09:00,0.19778,9.628069397483523,350.1189135060709
above_w20,UBUSDT,2026-05-16 11:00:00+00:00,2026-05-16 20:00:00+09:00,0.19924,9.358362149404474,353.44166410632806
above_w20,UBUSDT,2026-05-17 16:00:00+00:00,2026-05-18 01:00:00+09:00,0.15722,5.9148477499326395,257.81017080303604
above_w20,UBUSDT,2026-05-22 23:00:00+00:00,2026-05-23 08:00:00+09:00,0.11324,5.673758865248216,126.00313338855011
above_w20,UBUSDT,2026-05-23 17:00:00+00:00,2026-05-24 02:00:00+09:00,0.13817,5.032307107563654,175.75815030286094
above_w20,UBUSDT,2026-05-25 03:00:00+00:00,2026-05-25 12:00:00+09:00,0.16521,5.693813575586969,192.6608917468247
above_w20,UBUSDT,2026-05-31 17:00:00+00:00,2026-06-01 02:00:00+09:00,0.18039,5.707588631702314,219.55146941595368
above_w20,UBUSDT,2026-05-31 18:00:00+00:00,2026-06-01 03:00:00+09:00,0.19167,6.253118243805096,239.53340064834993
base,USELESSUSDT,2026-05-06 09:00:00+00:00,2026-05-06 18:00:00+09:00,0.0475,5.2281789986708045,-7.677356656948485
base,USELESSUSDT,2026-05-07 12:00:00+00:00,2026-05-07 21:00:00+09:00,0.05285,6.509471987101984,2.7210884353741602
base,USELESSUSDT,2026-05-11 15:00:00+00:00,2026-05-12 00:00:00+09:00,0.05885,5.428161949122175,15.138175593054523
base,USELESSUSDT,2026-05-11 18:00:00+00:00,2026-05-12 03:00:00+09:00,0.06823,5.260721999382901,33.4898508192712
base,USELESSUSDT,2026-05-14 01:00:00+00:00,2026-05-14 10:00:00+09:00,0.06744,5.821434175427593,31.944240645634615
base,USELESSUSDT,2026-05-18 21:00:00+00:00,2026-05-19 06:00:00+09:00,0.06193,6.317596566523598,22.41428726737232
base,USELESSUSDT,2026-06-02 07:00:00+00:00,2026-06-02 16:00:00+09:00,0.08714,5.85519922254615,86.82932581499307
base,USELESSUSDT,2026-06-02 08:00:00+00:00,2026-06-02 17:00:00+09:00,0.09153,5.037870094101452,96.24154454723796
base,USELESSUSDT,2026-06-03 04:00:00+00:00,2026-06-03 13:00:00+09:00,0.10049,6.904255319148931,115.45190441988356
base,USELESSUSDT,2026-06-03 13:00:00+00:00,2026-06-03 22:00:00+09:00,0.10372,5.192697768762692,122.37706763290204
above_w20,USELESSUSDT,2026-05-07 12:00:00+00:00,2026-05-07 21:00:00+09:00,0.05285,6.509471987101984,2.7210884353741602
above_w20,USELESSUSDT,2026-05-11 15:00:00+00:00,2026-05-12 00:00:00+09:00,0.05885,5.428161949122175,15.138175593054523
above_w20,USELESSUSDT,2026-05-11 18:00:00+00:00,2026-05-12 03:00:00+09:00,0.06823,5.260721999382901,33.4898508192712
above_w20,USELESSUSDT,2026-05-14 01:00:00+00:00,2026-05-14 10:00:00+09:00,0.06744,5.821434175427593,31.944240645634615
above_w20,USELESSUSDT,2026-05-18 21:00:00+00:00,2026-05-19 06:00:00+09:00,0.06193,6.317596566523598,22.41428726737232
above_w20,USELESSUSDT,2026-06-02 07:00:00+00:00,2026-06-02 16:00:00+09:00,0.08714,5.85519922254615,86.82932581499307
above_w20,USELESSUSDT,2026-06-02 08:00:00+00:00,2026-06-02 17:00:00+09:00,0.09153,5.037870094101452,96.24154454723796
above_w20,USELESSUSDT,2026-06-03 04:00:00+00:00,2026-06-03 13:00:00+09:00,0.10049,6.904255319148931,115.45190441988356
above_w20,USELESSUSDT,2026-06-03 13:00:00+00:00,2026-06-03 22:00:00+09:00,0.10372,5.192697768762692,122.37706763290204
w20_band_0to10,USELESSUSDT,2026-05-07 12:00:00+00:00,2026-05-07 21:00:00+09:00,0.05285,6.509471987101984,2.7210884353741602
base,USTCUSDT,2026-05-29 09:00:00+00:00,2026-05-29 18:00:00+09:00,0.00646,7.308970099667763,16.65914221218963
above_w20,USTCUSDT,2026-05-29 09:00:00+00:00,2026-05-29 18:00:00+09:00,0.00646,7.308970099667763,16.65914221218963
base,USUSDT,2026-05-05 13:00:00+00:00,2026-05-05 22:00:00+09:00,0.005801,5.052517203911622,8.999351753553606
base,USUSDT,2026-05-10 21:00:00+00:00,2026-05-11 06:00:00+09:00,0.00703,14.569752281616685,32.09195704662676
base,USUSDT,2026-05-16 01:00:00+00:00,2026-05-16 10:00:00+09:00,0.005532,6.795366795366793,8.401508842404338
base,USUSDT,2026-05-29 14:00:00+00:00,2026-05-29 23:00:00+09:00,0.008129,15.731776765375868,68.1038939553736
base,USUSDT,2026-06-01 16:00:00+00:00,2026-06-02 01:00:00+09:00,0.00851,6.494806657489681,75.85733031627454
base,USUSDT,2026-06-02 06:00:00+00:00,2026-06-02 15:00:00+09:00,0.011296,12.174776564051633,133.42942458902905
base,USUSDT,2026-06-02 21:00:00+00:00,2026-06-03 06:00:00+09:00,0.012866,8.601333670971561,165.87313887769545
above_w20,USUSDT,2026-05-05 13:00:00+00:00,2026-05-05 22:00:00+09:00,0.005801,5.052517203911622,8.999351753553606
above_w20,USUSDT,2026-05-10 21:00:00+00:00,2026-05-11 06:00:00+09:00,0.00703,14.569752281616685,32.09195704662676
above_w20,USUSDT,2026-05-16 01:00:00+00:00,2026-05-16 10:00:00+09:00,0.005532,6.795366795366793,8.401508842404338
above_w20,USUSDT,2026-05-29 14:00:00+00:00,2026-05-29 23:00:00+09:00,0.008129,15.731776765375868,68.1038939553736
above_w20,USUSDT,2026-06-01 16:00:00+00:00,2026-06-02 01:00:00+09:00,0.00851,6.494806657489681,75.85733031627454
above_w20,USUSDT,2026-06-02 06:00:00+00:00,2026-06-02 15:00:00+09:00,0.011296,12.174776564051633,133.42942458902905
above_w20,USUSDT,2026-06-02 21:00:00+00:00,2026-06-03 06:00:00+09:00,0.012866,8.601333670971561,165.87313887769545
w20_band_0to10,USUSDT,2026-05-05 13:00:00+00:00,2026-05-05 22:00:00+09:00,0.005801,5.052517203911622,8.999351753553606
w20_band_0to10,USUSDT,2026-05-16 01:00:00+00:00,2026-05-16 10:00:00+09:00,0.005532,6.795366795366793,8.401508842404338
base,VELVETUSDT,2026-05-12 13:00:00+00:00,2026-05-12 22:00:00+09:00,0.09923,6.986522911051213,-2.3110432920676485
base,VELVETUSDT,2026-05-12 14:00:00+00:00,2026-05-12 23:00:00+09:00,0.10435,5.1597299203869795,2.72944303610542
base,VELVETUSDT,2026-05-12 18:00:00+00:00,2026-05-13 03:00:00+09:00,0.10315,8.191734843717235,1.5480790529398638
base,VELVETUSDT,2026-05-31 10:00:00+00:00,2026-05-31 19:00:00+09:00,0.1006,7.59358288770053,4.19957429398574
base,VELVETUSDT,2026-06-03 13:00:00+00:00,2026-06-03 22:00:00+09:00,0.10422,6.054747125267118,10.298553270751082
above_w20,VELVETUSDT,2026-05-12 14:00:00+00:00,2026-05-12 23:00:00+09:00,0.10435,5.1597299203869795,2.72944303610542
above_w20,VELVETUSDT,2026-05-12 18:00:00+00:00,2026-05-13 03:00:00+09:00,0.10315,8.191734843717235,1.5480790529398638
above_w20,VELVETUSDT,2026-05-31 10:00:00+00:00,2026-05-31 19:00:00+09:00,0.1006,7.59358288770053,4.19957429398574
above_w20,VELVETUSDT,2026-06-03 13:00:00+00:00,2026-06-03 22:00:00+09:00,0.10422,6.054747125267118,10.298553270751082
w20_band_0to10,VELVETUSDT,2026-05-12 14:00:00+00:00,2026-05-12 23:00:00+09:00,0.10435,5.1597299203869795,2.72944303610542
w20_band_0to10,VELVETUSDT,2026-05-12 18:00:00+00:00,2026-05-13 03:00:00+09:00,0.10315,8.191734843717235,1.5480790529398638
w20_band_0to10,VELVETUSDT,2026-05-31 10:00:00+00:00,2026-05-31 19:00:00+09:00,0.1006,7.59358288770053,4.19957429398574
base,VIRTUALUSDT,2026-06-03 21:00:00+00:00,2026-06-04 06:00:00+09:00,0.7488,5.539112050739957,7.517463690600125
above_w20,VIRTUALUSDT,2026-06-03 21:00:00+00:00,2026-06-04 06:00:00+09:00,0.7488,5.539112050739957,7.517463690600125
w20_band_0to10,VIRTUALUSDT,2026-06-03 21:00:00+00:00,2026-06-04 06:00:00+09:00,0.7488,5.539112050739957,7.517463690600125
base,VVVUSDT,2026-05-13 17:00:00+00:00,2026-05-14 02:00:00+09:00,15.269,5.968491914775483,170.45361956887544
base,VVVUSDT,2026-05-18 04:00:00+00:00,2026-05-18 13:00:00+09:00,14.811,5.079815537424613,136.07137449294305
base,VVVUSDT,2026-05-19 17:00:00+00:00,2026-05-20 02:00:00+09:00,16.966,8.903010462802493,170.41975151220527
base,VVVUSDT,2026-06-01 02:00:00+00:00,2026-06-01 11:00:00+09:00,19.522,6.543688260655996,147.42712294043093
base,VVVUSDT,2026-06-02 16:00:00+00:00,2026-06-03 01:00:00+09:00,18.292,5.7769039495749865,131.83776932826368
base,VVVUSDT,2026-06-03 11:00:00+00:00,2026-06-03 20:00:00+09:00,21.207,8.597910692339216,168.78326996197723
above_w20,VVVUSDT,2026-05-13 17:00:00+00:00,2026-05-14 02:00:00+09:00,15.269,5.968491914775483,170.45361956887544
above_w20,VVVUSDT,2026-05-18 04:00:00+00:00,2026-05-18 13:00:00+09:00,14.811,5.079815537424613,136.07137449294305
above_w20,VVVUSDT,2026-05-19 17:00:00+00:00,2026-05-20 02:00:00+09:00,16.966,8.903010462802493,170.41975151220527
above_w20,VVVUSDT,2026-06-01 02:00:00+00:00,2026-06-01 11:00:00+09:00,19.522,6.543688260655996,147.42712294043093
above_w20,VVVUSDT,2026-06-02 16:00:00+00:00,2026-06-03 01:00:00+09:00,18.292,5.7769039495749865,131.83776932826368
above_w20,VVVUSDT,2026-06-03 11:00:00+00:00,2026-06-03 20:00:00+09:00,21.207,8.597910692339216,168.78326996197723
base,WIFUSDT,2026-06-03 21:00:00+00:00,2026-06-04 06:00:00+09:00,0.1923,5.139420448332417,-8.31287100388586
base,WLDUSDT,2026-05-26 06:00:00+00:00,2026-05-26 15:00:00+09:00,0.3615,5.5166374781085725,5.039880286498816
base,WLDUSDT,2026-05-30 13:00:00+00:00,2026-05-30 22:00:00+09:00,0.3232,5.483028720626626,-6.088826255611571
base,WLDUSDT,2026-05-30 18:00:00+00:00,2026-05-31 03:00:00+09:00,0.3681,7.631578947368407,6.9576208394473396
above_w20,WLDUSDT,2026-05-26 06:00:00+00:00,2026-05-26 15:00:00+09:00,0.3615,5.5166374781085725,5.039880286498816
above_w20,WLDUSDT,2026-05-30 18:00:00+00:00,2026-05-31 03:00:00+09:00,0.3681,7.631578947368407,6.9576208394473396
w20_band_0to10,WLDUSDT,2026-05-26 06:00:00+00:00,2026-05-26 15:00:00+09:00,0.3615,5.5166374781085725,5.039880286498816
w20_band_0to10,WLDUSDT,2026-05-30 18:00:00+00:00,2026-05-31 03:00:00+09:00,0.3681,7.631578947368407,6.9576208394473396
base,WUSDT,2026-06-01 03:00:00+00:00,2026-06-01 12:00:00+09:00,0.01363,6.40124902419984,-20.70048871305563
base,WUSDT,2026-06-03 05:00:00+00:00,2026-06-03 14:00:00+09:00,0.01374,5.529953917050692,-20.060507330695838
base,XANUSDT,2026-05-15 12:00:00+00:00,2026-05-15 21:00:00+09:00,0.011029,5.601302183071624,9.441825849665106
base,XANUSDT,2026-05-15 17:00:00+00:00,2026-05-16 02:00:00+09:00,0.010649,7.7506829909946475,5.671049367402638
base,XANUSDT,2026-05-24 17:00:00+00:00,2026-05-25 02:00:00+09:00,0.010463,7.632959572060482,8.37601702859334
base,XANUSDT,2026-05-29 20:00:00+00:00,2026-05-30 05:00:00+09:00,0.011064,9.198578760363194,19.303202014265906
base,XANUSDT,2026-06-02 13:00:00+00:00,2026-06-02 22:00:00+09:00,0.010359,5.060851926977682,16.16354176011484
above_w20,XANUSDT,2026-05-15 12:00:00+00:00,2026-05-15 21:00:00+09:00,0.011029,5.601302183071624,9.441825849665106
above_w20,XANUSDT,2026-05-15 17:00:00+00:00,2026-05-16 02:00:00+09:00,0.010649,7.7506829909946475,5.671049367402638
above_w20,XANUSDT,2026-05-24 17:00:00+00:00,2026-05-25 02:00:00+09:00,0.010463,7.632959572060482,8.37601702859334
above_w20,XANUSDT,2026-05-29 20:00:00+00:00,2026-05-30 05:00:00+09:00,0.011064,9.198578760363194,19.303202014265906
above_w20,XANUSDT,2026-06-02 13:00:00+00:00,2026-06-02 22:00:00+09:00,0.010359,5.060851926977682,16.16354176011484
w20_band_0to10,XANUSDT,2026-05-15 12:00:00+00:00,2026-05-15 21:00:00+09:00,0.011029,5.601302183071624,9.441825849665106
w20_band_0to10,XANUSDT,2026-05-15 17:00:00+00:00,2026-05-16 02:00:00+09:00,0.010649,7.7506829909946475,5.671049367402638
w20_band_0to10,XANUSDT,2026-05-24 17:00:00+00:00,2026-05-25 02:00:00+09:00,0.010463,7.632959572060482,8.37601702859334
base,XLMUSDT,2026-05-27 14:00:00+00:00,2026-05-27 23:00:00+09:00,0.16006,5.761860710981899,-5.042714760322737
base,XLMUSDT,2026-05-29 03:00:00+00:00,2026-05-29 12:00:00+09:00,0.20855,5.461441213653605,23.724489795918362
base,XLMUSDT,2026-05-29 08:00:00+00:00,2026-05-29 17:00:00+09:00,0.22254,7.263700776015811,32.02420503084953
base,XLMUSDT,2026-05-29 22:00:00+00:00,2026-05-30 07:00:00+09:00,0.25555,6.603537460370437,51.607736117702885
base,XLMUSDT,2026-05-31 11:00:00+00:00,2026-05-31 20:00:00+09:00,0.26363,7.153599154574636,56.40128144280966
above_w20,XLMUSDT,2026-05-29 03:00:00+00:00,2026-05-29 12:00:00+09:00,0.20855,5.461441213653605,23.724489795918362
above_w20,XLMUSDT,2026-05-29 08:00:00+00:00,2026-05-29 17:00:00+09:00,0.22254,7.263700776015811,32.02420503084953
above_w20,XLMUSDT,2026-05-29 22:00:00+00:00,2026-05-30 07:00:00+09:00,0.25555,6.603537460370437,51.607736117702885
above_w20,XLMUSDT,2026-05-31 11:00:00+00:00,2026-05-31 20:00:00+09:00,0.26363,7.153599154574636,56.40128144280966
base,XPINUSDT,2026-05-29 13:00:00+00:00,2026-05-29 22:00:00+09:00,0.0012975,6.632149901380667,-16.593009240658894
base,XPLUSDT,2026-05-28 17:00:00+00:00,2026-05-29 02:00:00+09:00,0.09336,7.768671360960407,-9.848492163887252
base,ZECUSDT,2026-05-05 20:00:00+00:00,2026-05-06 05:00:00+09:00,488.07,8.80090951648499,52.60819400973674
base,ZECUSDT,2026-05-06 07:00:00+00:00,2026-05-06 16:00:00+09:00,593.62,8.299126119716128,85.6112363555636
base,ZECUSDT,2026-05-23 20:00:00+00:00,2026-05-24 05:00:00+09:00,663.66,7.952567626917381,102.52677835759405
above_w20,ZECUSDT,2026-05-05 20:00:00+00:00,2026-05-06 05:00:00+09:00,488.07,8.80090951648499,52.60819400973674
above_w20,ZECUSDT,2026-05-06 07:00:00+00:00,2026-05-06 16:00:00+09:00,593.62,8.299126119716128,85.6112363555636
above_w20,ZECUSDT,2026-05-23 20:00:00+00:00,2026-05-24 05:00:00+09:00,663.66,7.952567626917381,102.52677835759405
base,ZORAUSDT,2026-06-02 13:00:00+00:00,2026-06-02 22:00:00+09:00,0.0124,8.013937282229955,-29.2277838022944
