symbol,ts_kst,close,body_pct,t+1_close,t+2_close,t+3_close,t+4_close,t+5_close,t+6_close,t+7_close,t+8_close,t+9_close,t+10_close,t+11_close,t+12_close,t+13_close,t+14_close,t+15_close,t+16_close,t+17_close,t+18_close,t+19_close,t+20_close,close_now
0GUSDT,2025-12-25 20:00:00+09:00,0.9909,14.660958111548258,1.0783,1.0457,1.0252,1.0293,1.0179,1.0329,1.0455,1.068,1.0582,1.05,1.0377,1.0298,1.0805,1.1147,1.128,1.1361,1.1239,1.083,1.0172,1.0421,0.3567
0GUSDT,2026-02-12 10:00:00+09:00,0.602,5.134474327628358,0.6239,0.6196,0.6558,0.6658,0.7513,0.7291,0.6508,0.6702,0.6758,0.6505,0.639,0.6383,0.6373,0.6458,0.6353,0.6402,0.636,0.6366,0.6375,0.6388,0.3567
0GUSDT,2026-04-15 05:00:00+09:00,0.612,5.010295126973233,0.6049,0.6095,0.612,0.6053,0.6163,0.6157,0.6089,0.6105,0.6061,0.5984,0.5942,0.5933,0.5889,0.5899,0.591,0.5922,0.5918,0.5941,0.5932,0.5957,0.3567
1000000MOGUSDT,2025-12-28 02:00:00+09:00,0.2366,6.480648064806478,0.2427,0.2371,0.2349,0.2384,0.2356,0.238,0.2368,0.2366,0.2355,0.2387,0.2385,0.2363,0.2376,0.2365,0.235,0.2352,0.2356,0.2323,0.2326,0.2308,0.1154
1000000MOGUSDT,2026-01-02 07:00:00+09:00,0.2498,5.579036348267112,0.2479,0.2457,0.2459,0.2451,0.2572,0.2599,0.2611,0.263,0.265,0.2684,0.2736,0.2775,0.2742,0.2759,0.2751,0.2756,0.276,0.2779,0.2752,0.2755,0.1154
1000000MOGUSDT,2026-01-11 04:00:00+09:00,0.3341,5.494158509630574,0.3386,0.3327,0.3284,0.3318,0.3283,0.3276,0.3314,0.3302,0.3356,0.3333,0.3303,0.3331,0.3319,0.3389,0.3382,0.3383,0.3368,0.3308,0.3332,0.3255,0.1154
10000NEXUSDT,2026-05-29 20:00:00+09:00,0.03505,7.680491551459278,0.03475,0.03479,0.03482,0.03518,0.0357,0.03576,0.03564,0.03534,0.0352,0.03523,0.03501,0.03515,0.03521,0.03554,0.03551,0.03538,0.03559,0.03539,0.03482,0.03435,0.02934
1000BONKUSDT,2026-01-04 11:00:00+09:00,0.010491,7.051020408163272,0.010716,0.010811,0.01134,0.011163,0.011374,0.011742,0.011786,0.011864,0.011969,0.012249,0.012686,0.012801,0.012059,0.012244,0.012375,0.012196,0.012115,0.012056,0.011908,0.012047,0.004787
1000RATSUSDT,2025-12-10 14:00:00+09:00,0.03887,7.972222222222235,0.03833,0.0379,0.03822,0.03878,0.03847,0.03786,0.03815,0.03833,0.03825,0.03772,0.0378,0.03811,0.03797,0.03807,0.03794,0.038,0.03767,0.03816,0.03894,0.03856,0.031
1000RATSUSDT,2026-02-25 01:00:00+09:00,0.04922,5.193417396879679,0.04867,0.04964,0.04987,0.05019,0.05034,0.05065,0.05022,0.0504,0.04947,0.0491,0.04891,0.0496,0.05201,0.05124,0.05014,0.05001,0.04942,0.05014,0.05018,0.04933,0.031
1000SATSUSDT,2026-02-06 14:00:00+09:00,1.16e-05,5.839416058394167,1.135e-05,1.129e-05,1.128e-05,1.146e-05,1.158e-05,1.159e-05,1.158e-05,1.169e-05,1.202e-05,1.201e-05,1.227e-05,1.251e-05,1.215e-05,1.224e-05,1.225e-05,1.238e-05,1.242e-05,1.233e-05,1.217e-05,1.222e-05,1.022e-05
1000SATSUSDT,2026-04-16 13:00:00+09:00,1.571e-05,7.1623465211459765,1.671e-05,1.61e-05,1.756e-05,1.803e-05,1.682e-05,1.617e-05,1.739e-05,1.986e-05,1.776e-05,1.935e-05,2.179e-05,1.965e-05,1.889e-05,1.853e-05,1.857e-05,1.862e-05,1.8e-05,1.863e-05,1.848e-05,2.227e-05,1.022e-05
4USDT,2026-01-01 04:00:00+09:00,0.02062,12.309368191721122,0.02011,0.01994,0.01969,0.01971,0.01964,0.01986,0.01985,0.01997,0.02021,0.02068,0.02067,0.02041,0.02025,0.02014,0.02075,0.02102,0.02035,0.02063,0.02132,0.02169,0.00765
4USDT,2026-01-14 09:00:00+09:00,0.02587,6.548599670510713,0.02478,0.02776,0.02852,0.0279,0.02705,0.027,0.02765,0.02726,0.02704,0.02629,0.02552,0.02507,0.02453,0.02511,0.02492,0.02503,0.02397,0.02318,0.02319,0.0228,0.00765
4USDT,2026-01-27 21:00:00+09:00,0.01857,13.30079316656499,0.01867,0.01886,0.01907,0.01966,0.01917,0.01901,0.01876,0.01893,0.01887,0.01885,0.01884,0.01895,0.01842,0.01828,0.01807,0.01795,0.01824,0.01821,0.01823,0.01842,0.00765
4USDT,2026-03-20 10:00:00+09:00,0.00768,6.518723994452149,0.00781,0.00764,0.0075,0.00751,0.00754,0.00759,0.00761,0.00759,0.00756,0.00744,0.00767,0.00762,0.0077,0.00779,0.00769,0.00769,0.00758,0.00763,0.00762,0.00765,0.00765
4USDT,2026-03-25 20:00:00+09:00,0.01107,11.14457831325301,0.01116,0.01133,0.011,0.01112,0.01131,0.01135,0.01137,0.01138,0.0113,0.01152,0.01148,0.01162,0.01166,0.01155,0.01131,0.01146,0.0113,0.01062,0.01049,0.01071,0.00765
4USDT,2026-03-28 23:00:00+09:00,0.0133,8.306188925081434,0.01323,0.014,0.01404,0.01426,0.01468,0.01526,0.01471,0.01469,0.01484,0.01461,0.01515,0.01527,0.01527,0.01507,0.01471,0.01465,0.01502,0.01488,0.01509,0.01552,0.00765
4USDT,2026-03-29 01:00:00+09:00,0.014,5.820105820105819,0.01404,0.01426,0.01468,0.01526,0.01471,0.01469,0.01484,0.01461,0.01515,0.01527,0.01527,0.01507,0.01471,0.01465,0.01502,0.01488,0.01509,0.01552,0.01523,0.01335,0.00765
AAOIUSDT,2026-04-24 23:00:00+09:00,153.16,6.657381615598888,159.93,163.94,162.74,163.6,162.56,162.51,162.08,161.93,161.6,162.16,162.31,162.14,162.35,162.27,162.23,162.29,162.28,162.17,162.38,162.32,179.7
AAOIUSDT,2026-05-01 22:00:00+09:00,173.9,7.518239149251883,179.0,191.0,188.14,188.78,185.74,183.63,182.4,182.6,183.18,183.29,183.64,183.84,184.04,184.01,184.09,184.07,183.92,183.85,184.29,183.93,179.7
AAOIUSDT,2026-05-11 23:00:00+09:00,189.8,11.647058823529418,184.72,180.73,178.91,180.4,185.19,189.0,188.29,190.41,191.7,191.0,185.26,186.46,187.67,185.57,185.6,185.75,185.5,185.71,185.0,184.69,179.7
AAOIUSDT,2026-05-13 04:00:00+09:00,188.13,5.454035874439455,188.51,189.38,189.2,186.12,187.42,189.17,189.46,189.56,191.69,193.69,192.34,193.67,198.51,200.72,199.57,203.66,200.95,203.47,205.21,204.62,179.7
AAOIUSDT,2026-05-21 22:00:00+09:00,179.29,7.882544076057521,176.47,176.11,176.3,179.4,175.0,177.47,177.02,177.86,178.27,178.62,179.92,178.88,179.02,179.42,180.33,180.01,181.96,182.49,181.79,179.29,179.7
ACEUSDT,2025-12-16 06:00:00+09:00,0.2301,6.380027739251043,0.2767,0.2849,0.2859,0.2707,0.2701,0.2712,0.2785,0.2759,0.2714,0.2716,0.2511,0.2604,0.2722,0.2639,0.2669,0.2603,0.2596,0.2601,0.2604,0.2525,0.1035
ACEUSDT,2026-03-01 00:00:00+09:00,0.1551,8.461538461538462,0.1485,0.1459,0.1482,0.1495,0.1522,0.1509,0.1517,0.1508,0.1494,0.1519,0.1527,0.1506,0.1505,0.1504,0.1481,0.1493,0.1471,0.1463,0.1475,0.1462,0.1035
ACHUSDT,2026-04-04 03:00:00+09:00,0.006307,5.221888555221887,0.006335,0.006234,0.006172,0.006159,0.006241,0.006199,0.006244,0.006261,0.006274,0.006268,0.006311,0.006174,0.006186,0.006161,0.006179,0.006136,0.006134,0.006142,0.006122,0.0061,0.005648
ACHUSDT,2026-04-28 23:00:00+09:00,0.007228,5.134545454545455,0.007306,0.007309,0.007361,0.007332,0.0074,0.007404,0.007332,0.007404,0.007494,0.007556,0.007694,0.00743,0.00736,0.007448,0.007575,0.007437,0.007278,0.007264,0.0072,0.007216,0.005648
ACTUSDT,2025-12-21 01:00:00+09:00,0.03939,20.164734594264814,0.03943,0.04178,0.03946,0.0385,0.03754,0.03906,0.03936,0.0405,0.0396,0.03974,0.04144,0.03919,0.03982,0.03923,0.03918,0.03998,0.04075,0.03933,0.03718,0.03695,0.0106
ACTUSDT,2025-12-23 21:00:00+09:00,0.03626,5.437627217214317,0.03516,0.03642,0.03691,0.03722,0.03716,0.03668,0.03681,0.03734,0.03692,0.0372,0.03676,0.03707,0.03729,0.03706,0.03694,0.03724,0.03856,0.03883,0.03802,0.03877,0.0106
ACTUSDT,2026-02-15 01:00:00+09:00,0.01539,5.2667578659370715,0.01538,0.01558,0.01588,0.01612,0.01623,0.01619,0.01624,0.01624,0.01608,0.01613,0.01599,0.01601,0.01602,0.01586,0.01583,0.01568,0.01561,0.01552,0.01556,0.01515,0.0106
ACUUSDT,2026-01-23 17:00:00+09:00,0.19607,11.302225249772924,0.19531,0.18558,0.18682,0.18672,0.1952,0.20944,0.22084,0.25925,0.27819,0.28301,0.285,0.30514,0.2934,0.28973,0.28558,0.28251,0.31678,0.27276,0.2622,0.26437,0.08483
ACUUSDT,2026-01-26 18:00:00+09:00,0.24729,27.957156162682413,0.25636,0.25658,0.25556,0.26246,0.25221,0.27448,0.27149,0.27124,0.26603,0.25651,0.25618,0.25659,0.25769,0.2654,0.25337,0.27046,0.23183,0.23576,0.23307,0.2357,0.08483
ACUUSDT,2026-03-05 00:00:00+09:00,0.10382,7.954663616512415,0.0994,0.10048,0.09937,0.09904,0.09947,0.10024,0.10087,0.10089,0.10092,0.10041,0.10195,0.10255,0.10404,0.10429,0.10244,0.10182,0.10027,0.10193,0.10235,0.10212,0.08483
ACUUSDT,2026-04-22 05:00:00+09:00,0.10575,5.454726765057841,0.10133,0.10149,0.10242,0.10568,0.10606,0.11275,0.10792,0.10585,0.10533,0.10463,0.10137,0.10215,0.10039,0.10156,0.10163,0.10043,0.09563,0.09639,0.09608,0.09622,0.08483
ACXUSDT,2026-01-09 06:00:00+09:00,0.05609,5.79026782346285,0.05563,0.05765,0.05711,0.05537,0.05604,0.05508,0.05539,0.05656,0.05731,0.05703,0.05644,0.05616,0.05631,0.05489,0.05458,0.05591,0.05531,0.05449,0.05469,0.05373,0.04119
ACXUSDT,2026-03-11 23:00:00+09:00,0.05577,61.13839930655879,0.05882,0.06044,0.06428,0.05984,0.0576,0.05823,0.06019,0.06263,0.06035,0.06081,0.06506,0.0652,0.06175,0.05664,0.05793,0.05656,0.05412,0.05144,0.0511,0.05293,0.04119
AEVOUSDT,2026-04-05 04:00:00+09:00,0.0241,5.934065934065937,0.02387,0.02395,0.02342,0.02367,0.02406,0.02431,0.02443,0.02429,0.02367,0.02392,0.02376,0.02408,0.02382,0.02383,0.02361,0.02376,0.02388,0.02388,0.02376,0.02341,0.02206
AEVOUSDT,2026-04-08 02:00:00+09:00,0.02465,8.399296394019343,0.0242,0.02453,0.02429,0.0244,0.02426,0.02416,0.0243,0.02449,0.02457,0.02432,0.02417,0.02439,0.02468,0.02474,0.02467,0.02449,0.02453,0.0249,0.02457,0.02438,0.02206
AGLDUSDT,2026-02-22 18:00:00+09:00,0.3266,31.27009646302251,0.3584,0.3527,0.3496,0.3293,0.3526,0.3845,0.3663,0.373,0.3755,0.3865,0.3817,0.3773,0.3849,0.3857,0.3686,0.3737,0.3715,0.37,0.3802,0.3847,0.2152
AINUSDT,2025-12-12 01:00:00+09:00,0.06081,8.43437945791727,0.06045,0.0612,0.06138,0.07806,0.06841,0.06251,0.06476,0.0688,0.06966,0.07097,0.07432,0.06613,0.06761,0.06579,0.06522,0.06405,0.06655,0.06484,0.06432,0.06297,0.06709
AINUSDT,2026-03-16 23:00:00+09:00,0.0615,6.419795812424291,0.06309,0.0626,0.06194,0.06183,0.06185,0.06282,0.06232,0.06292,0.06294,0.06332,0.0651,0.06614,0.0637,0.06356,0.06166,0.06208,0.06172,0.06885,0.074,0.07151,0.06709
AINUSDT,2026-04-07 11:00:00+09:00,0.05673,6.515208411565905,0.05594,0.05561,0.05594,0.05595,0.05539,0.056,0.05567,0.056,0.05574,0.05599,0.05589,0.05606,0.05562,0.05615,0.05631,0.05622,0.05656,0.05641,0.05637,0.05731,0.06709
AINUSDT,2026-05-13 23:00:00+09:00,0.114,8.872123006398631,0.11872,0.12373,0.13137,0.1311,0.13539,0.1251,0.12859,0.13511,0.13469,0.13142,0.12843,0.13065,0.13179,0.1269,0.12834,0.13033,0.12463,0.12259,0.11983,0.11374,0.06709
AINUSDT,2026-05-20 18:00:00+09:00,0.09042,6.879432624113482,0.08821,0.08836,0.09055,0.0902,0.08941,0.09115,0.094,0.09273,0.09494,0.09521,0.10228,0.10551,0.1027,0.10033,0.09946,0.10026,0.10119,0.10025,0.10156,0.10278,0.06709
AIOUSDT,2026-01-12 14:00:00+09:00,0.14008,7.878321139776679,0.13774,0.1396,0.14362,0.14289,0.14232,0.14268,0.14356,0.14211,0.1449,0.14237,0.14224,0.14283,0.13724,0.13856,0.14067,0.13976,0.13854,0.14009,0.13984,0.13887,0.10346
AIOUSDT,2026-02-13 20:00:00+09:00,0.07515,5.252100840336119,0.07771,0.07332,0.07197,0.07387,0.07303,0.07537,0.07635,0.07761,0.08206,0.08095,0.07602,0.07594,0.07717,0.07674,0.07699,0.07706,0.07839,0.07836,0.07738,0.07833,0.10346
AIOUSDT,2026-04-12 20:00:00+09:00,0.09909,6.720516962843291,0.09819,0.09581,0.09964,0.09892,0.10313,0.11429,0.12626,0.12132,0.10552,0.10758,0.11406,0.11187,0.12549,0.10964,0.11622,0.11429,0.1155,0.11877,0.11387,0.11106,0.10346
AIOUSDT,2026-04-25 17:00:00+09:00,0.09279,9.319038642789822,0.09087,0.0909,0.09402,0.09351,0.09143,0.09083,0.09052,0.09226,0.09394,0.09529,0.09491,0.09542,0.09459,0.09473,0.09502,0.09556,0.09341,0.09403,0.09434,0.09623,0.10346
AIOUSDT,2026-04-28 16:00:00+09:00,0.09495,9.301254748474737,0.09586,0.096,0.09416,0.09422,0.09961,0.1018,0.10312,0.10269,0.11387,0.11185,0.10932,0.11028,0.10751,0.10589,0.10762,0.10867,0.10684,0.1045,0.10372,0.10233,0.10346
AIOUSDT,2026-05-11 15:00:00+09:00,0.10875,5.562026790914384,0.11058,0.10928,0.1096,0.11088,0.10915,0.10964,0.11162,0.11025,0.11076,0.10952,0.10868,0.10802,0.10764,0.10736,0.10806,0.10673,0.1078,0.10635,0.10256,0.1019,0.10346
AIOUSDT,2026-05-14 14:00:00+09:00,0.10713,7.3446893787575185,0.10619,0.10776,0.11193,0.11039,0.1104,0.11013,0.11421,0.11768,0.1195,0.12031,0.12578,0.12415,0.1248,0.12623,0.11646,0.11709,0.12106,0.12057,0.12433,0.12414,0.10346
AIXBTUSDT,2026-01-22 04:00:00+09:00,0.03029,5.356521739130433,0.03007,0.0302,0.02998,0.02971,0.03033,0.03055,0.03016,0.03031,0.03047,0.03026,0.03018,0.0298,0.0298,0.02997,0.02993,0.02988,0.02962,0.02948,0.02906,0.02911,0.02473
AIXBTUSDT,2026-05-02 23:00:00+09:00,0.03266,6.419028999674172,0.03419,0.0341,0.03555,0.03495,0.03399,0.03496,0.03602,0.0352,0.03467,0.03429,0.03422,0.03425,0.03467,0.03381,0.03321,0.03321,0.03327,0.03262,0.03372,0.03288,0.02473
AKTUSDT,2026-03-03 19:00:00+09:00,0.3101,5.872311369067939,0.3093,0.3331,0.3462,0.3353,0.3435,0.3361,0.3355,0.3347,0.3357,0.3295,0.3338,0.3367,0.3391,0.3327,0.3406,0.3515,0.351,0.3616,0.345,0.3477,0.6748
AKTUSDT,2026-03-07 16:00:00+09:00,0.385,8.024691358024695,0.3905,0.3899,0.4111,0.3923,0.4035,0.4003,0.4035,0.3952,0.3944,0.3958,0.3944,0.3978,0.3974,0.3964,0.3883,0.3907,0.4036,0.4214,0.4086,0.4117,0.6748
AKTUSDT,2026-03-10 15:00:00+09:00,0.4267,5.6449616241644085,0.4164,0.4218,0.4228,0.4331,0.4287,0.425,0.4478,0.4438,0.4407,0.4394,0.4357,0.4289,0.435,0.4344,0.4348,0.438,0.4439,0.4645,0.4519,0.4316,0.6748
AKTUSDT,2026-05-09 02:00:00+09:00,0.7254,5.0390964378801115,0.7428,0.732,0.7195,0.7364,0.7293,0.7395,0.7719,0.7715,0.7614,0.7658,0.7527,0.7535,0.7407,0.7422,0.7434,0.7704,0.7748,0.7633,0.7733,0.783,0.6748
ALCHUSDT,2026-01-15 01:00:00+09:00,0.1525,5.565554478748436,0.15495,0.15175,0.1502,0.15211,0.15175,0.15186,0.15411,0.15479,0.15176,0.1551,0.15602,0.16015,0.15979,0.16464,0.16269,0.15803,0.15834,0.15434,0.1536,0.1588,0.06763
ALCHUSDT,2026-01-21 20:00:00+09:00,0.10416,12.036140690545343,0.1013,0.10363,0.11431,0.11058,0.1117,0.11242,0.11669,0.11616,0.11435,0.11338,0.11421,0.11405,0.11275,0.11261,0.11241,0.11077,0.10934,0.10983,0.11277,0.11833,0.06763
ALCHUSDT,2026-01-21 23:00:00+09:00,0.11431,10.305895976068701,0.11058,0.1117,0.11242,0.11669,0.11616,0.11435,0.11338,0.11421,0.11405,0.11275,0.11261,0.11241,0.11077,0.10934,0.10983,0.11277,0.11833,0.12025,0.12,0.1198,0.06763
ALCHUSDT,2026-03-25 00:00:00+09:00,0.07625,5.6240476520293585,0.07537,0.07598,0.0737,0.07635,0.0773,0.07835,0.0788,0.08028,0.07917,0.07858,0.07804,0.0781,0.07715,0.07708,0.07707,0.07687,0.0778,0.07894,0.07821,0.07869,0.06763
ALLOUSDT,2026-02-25 18:00:00+09:00,0.1106,5.233111322549957,0.108,0.1119,0.1082,0.1085,0.114,0.1127,0.1216,0.118,0.1182,0.1156,0.1136,0.1157,0.1167,0.1133,0.1113,0.1121,0.1133,0.1156,0.1165,0.1128,0.1764
ALLOUSDT,2026-03-04 17:00:00+09:00,0.1109,5.418250950570339,0.1116,0.11,0.1117,0.1094,0.1095,0.1095,0.1118,0.1167,0.119,0.12,0.1231,0.1201,0.1195,0.1188,0.121,0.1191,0.117,0.1188,0.1209,0.1191,0.1764
ALLOUSDT,2026-05-28 23:00:00+09:00,0.1055,5.289421157684631,0.1087,0.1195,0.1267,0.1461,0.1468,0.1459,0.1548,0.1608,0.1618,0.1715,0.1701,0.1875,0.1927,0.194,0.2304,0.2423,0.2901,0.2757,0.28,0.304,0.1764
ALLOUSDT,2026-05-29 01:00:00+09:00,0.1195,9.935602575896954,0.1267,0.1461,0.1468,0.1459,0.1548,0.1608,0.1618,0.1715,0.1701,0.1875,0.1927,0.194,0.2304,0.2423,0.2901,0.2757,0.28,0.304,0.2693,0.2621,0.1764
ALTUSDT,2026-05-20 23:00:00+09:00,0.007231,6.557618626584132,0.0072,0.007241,0.007261,0.007251,0.007433,0.007357,0.007469,0.007496,0.007384,0.007328,0.007253,0.007254,0.007211,0.007136,0.007035,0.007747,0.007539,0.007384,0.007474,0.007416,0.006439
API3USDT,2026-04-18 20:00:00+09:00,0.3691,16.582438408085913,0.3927,0.4028,0.4045,0.4209,0.4136,0.3822,0.3831,0.3933,0.4058,0.3975,0.3869,0.3672,0.3881,0.3431,0.3406,0.3432,0.3385,0.3314,0.3326,0.3312,0.2709
API3USDT,2026-04-25 01:00:00+09:00,0.3311,5.378739656269901,0.3243,0.3253,0.3348,0.348,0.3434,0.3567,0.3562,0.4347,0.4692,0.4716,0.4874,0.4529,0.461,0.4799,0.4543,0.4151,0.3948,0.3929,0.3797,0.371,0.2709
APPUSDT,2026-03-05 23:00:00+09:00,507.53,6.051361347347301,501.36,496.03,493.27,495.94,499.22,508.4,508.21,507.9,507.84,507.92,507.78,507.69,509.1,507.81,514.64,513.72,511.94,512.8,504.78,507.25,569.15
APPUSDT,2026-03-09 22:00:00+09:00,510.67,5.167016763458139,505.34,506.1,509.64,508.92,506.75,518.1,516.12,517.51,515.71,515.32,516.18,515.76,517.79,516.26,515.87,516.0,517.22,518.88,521.56,521.29,569.15
APPUSDT,2026-04-13 22:00:00+09:00,411.99,6.065442936951317,420.35,419.38,415.4,414.61,411.8,417.31,418.21,419.16,421.18,420.15,421.68,421.76,421.54,422.49,422.49,421.4,420.01,421.67,421.64,421.97,569.15
APRUSDT,2025-12-20 22:00:00+09:00,0.1382,6.062931696085948,0.132,0.1315,0.1408,0.1355,0.1353,0.1368,0.1442,0.1417,0.1415,0.1395,0.1388,0.1385,0.1337,0.1321,0.131,0.1281,0.1262,0.1231,0.1213,0.13,0.2299
APRUSDT,2026-02-06 14:00:00+09:00,0.07453,6.6695291255188165,0.07834,0.07838,0.0754,0.07572,0.07787,0.0774,0.077,0.07881,0.0813,0.08248,0.0841,0.08388,0.08232,0.08151,0.08189,0.08185,0.08294,0.08389,0.08241,0.08272,0.2299
APRUSDT,2026-03-13 14:00:00+09:00,0.12927,12.301277039353655,0.12981,0.12387,0.12249,0.12479,0.12619,0.12594,0.12795,0.12574,0.12501,0.13157,0.12952,0.13143,0.13156,0.13042,0.13117,0.13138,0.13379,0.13456,0.1356,0.13586,0.2299
APRUSDT,2026-03-14 00:00:00+09:00,0.13157,5.247580193584499,0.12952,0.13143,0.13156,0.13042,0.13117,0.13138,0.13379,0.13456,0.1356,0.13586,0.13493,0.13491,0.13567,0.14979,0.15402,0.15304,0.15283,0.15559,0.15273,0.14985,0.2299
APRUSDT,2026-03-14 14:00:00+09:00,0.14979,10.407606692710248,0.15402,0.15304,0.15283,0.15559,0.15273,0.14985,0.16,0.16652,0.17229,0.17324,0.16766,0.16906,0.17122,0.172,0.17325,0.17161,0.17918,0.17343,0.17148,0.16907,0.2299
APRUSDT,2026-03-22 10:00:00+09:00,0.12474,5.4616165032127215,0.12555,0.12761,0.1266,0.127,0.12854,0.12938,0.13047,0.13738,0.13785,0.13751,0.13414,0.13562,0.14027,0.13908,0.14025,0.1416,0.13961,0.1396,0.1396,0.13921,0.2299
APRUSDT,2026-03-22 18:00:00+09:00,0.13738,5.29623668276232,0.13785,0.13751,0.13414,0.13562,0.14027,0.13908,0.14025,0.1416,0.13961,0.1396,0.1396,0.13921,0.13901,0.13773,0.13972,0.13965,0.13967,0.13908,0.13982,0.14549,0.2299
APRUSDT,2026-03-27 10:00:00+09:00,0.15543,8.32868692500698,0.15219,0.15582,0.15565,0.15565,0.15539,0.15504,0.15555,0.15529,0.1558,0.1524,0.15616,0.15579,0.15576,0.1553,0.1556,0.15559,0.15607,0.15555,0.15418,0.15565,0.2299
APRUSDT,2026-04-02 02:00:00+09:00,0.1834,8.2261300601912,0.183,0.18113,0.18236,0.1828,0.18123,0.1801,0.18299,0.18548,0.18843,0.18015,0.17961,0.17997,0.18021,0.17845,0.17967,0.18022,0.17942,0.17931,0.17998,0.17934,0.2299
APRUSDT,2026-04-06 05:00:00+09:00,0.17972,6.6587537091988,0.19142,0.19784,0.19944,0.20363,0.22164,0.22484,0.23175,0.23279,0.23916,0.23289,0.23237,0.23251,0.23085,0.23248,0.23289,0.233,0.23296,0.21026,0.2325,0.22429,0.2299
APRUSDT,2026-04-14 12:00:00+09:00,0.2161,8.467600261004868,0.21785,0.22144,0.2187,0.22114,0.21755,0.2218,0.22741,0.23506,0.25713,0.25519,0.23269,0.26959,0.27198,0.21898,0.26971,0.27239,0.27657,0.29108,0.31884,0.3233,0.2299
APRUSDT,2026-04-15 03:00:00+09:00,0.26971,23.16649922367339,0.27239,0.27657,0.29108,0.31884,0.3233,0.31403,0.3174,0.32735,0.3349,0.31857,0.29971,0.29286,0.28221,0.26175,0.24462,0.2366,0.23063,0.23568,0.23539,0.21975,0.2299
APRUSDT,2026-05-18 10:00:00+09:00,0.16926,23.945518453427074,0.16908,0.16796,0.16517,0.17016,0.16434,0.16284,0.16546,0.16536,0.16587,0.16903,0.1736,0.15268,0.15064,0.15856,0.15802,0.16269,0.16689,0.16948,0.16746,0.16703,0.2299
APRUSDT,2026-05-29 23:00:00+09:00,0.18919,6.874929386509991,0.19036,0.19165,0.19157,0.19218,0.19172,0.19218,0.19009,0.18977,0.18913,0.19032,0.19087,0.19095,0.19252,0.19531,0.20424,0.20688,0.21386,0.21249,0.2175,0.21953,0.2299
APRUSDT,2026-06-03 00:00:00+09:00,0.20023,13.015747587063272,0.21753,0.22603,0.22836,0.23663,0.2434,0.2346,0.24403,0.24345,0.23166,0.23997,0.26313,0.24931,0.25098,0.241,0.24444,0.24329,0.2512,0.24996,0.2532,0.2547,0.2299
APTUSDT,2026-04-17 00:00:00+09:00,0.9864,6.33893919793015,0.981,0.9696,0.9803,0.9897,0.9813,0.9951,0.9971,0.9997,0.9853,0.9795,0.9783,0.9794,0.9737,0.9681,0.9797,1.0005,0.9966,1.0014,0.9821,0.9705,0.7704
ARCUSDT,2026-01-14 00:00:00+09:00,0.0582,7.5586767695435295,0.061,0.06695,0.06998,0.06911,0.06902,0.06987,0.07083,0.06718,0.06586,0.06441,0.0639,0.06162,0.05946,0.05676,0.05621,0.05368,0.05353,0.05444,0.05502,0.0553,0.07422
ARCUSDT,2026-02-03 13:00:00+09:00,0.0516,7.814458838278313,0.05327,0.05513,0.05474,0.05704,0.05684,0.05658,0.05792,0.05986,0.05948,0.06083,0.06391,0.06378,0.06577,0.06511,0.06518,0.07136,0.06895,0.0696,0.07033,0.07202,0.07422
ARCUSDT,2026-02-04 05:00:00+09:00,0.07136,9.481436023320045,0.06895,0.0696,0.07033,0.07202,0.07388,0.075,0.07566,0.07832,0.07985,0.08049,0.08046,0.08093,0.08281,0.08345,0.0827,0.08459,0.08065,0.0785,0.08046,0.08026,0.07422
ARCUSDT,2026-02-06 14:00:00+09:00,0.07527,9.150232018561502,0.07446,0.07532,0.07816,0.08072,0.09147,0.09638,0.09785,0.09879,0.09073,0.08864,0.07968,0.07649,0.07982,0.07979,0.07898,0.08012,0.08035,0.08009,0.07875,0.078,0.07422
ARCUSDT,2026-02-08 11:00:00+09:00,0.06908,5.2888279225727794,0.07117,0.06912,0.06852,0.06762,0.06725,0.07685,0.07216,0.07652,0.07271,0.07462,0.07834,0.07968,0.07832,0.07805,0.07603,0.07535,0.07523,0.07431,0.07432,0.07448,0.07422
ARCUSDT,2026-02-08 17:00:00+09:00,0.07685,14.275092936802968,0.07216,0.07652,0.07271,0.07462,0.07834,0.07968,0.07832,0.07805,0.07603,0.07535,0.07523,0.07431,0.07432,0.07448,0.07586,0.07452,0.07269,0.07165,0.06929,0.07237,0.07422
ARCUSDT,2026-02-13 17:00:00+09:00,0.08258,6.184904204706178,0.08423,0.09005,0.09346,0.09322,0.09523,0.10075,0.09834,0.09346,0.08691,0.08523,0.08495,0.08642,0.08308,0.08269,0.08279,0.08392,0.08383,0.08531,0.08096,0.08051,0.07422
ARCUSDT,2026-03-02 16:00:00+09:00,0.05166,17.196007259528123,0.05793,0.05727,0.05731,0.05602,0.05378,0.05424,0.0554,0.05679,0.05197,0.05048,0.04938,0.04981,0.05244,0.05048,0.05139,0.05128,0.0523,0.05115,0.05212,0.05238,0.07422
ARCUSDT,2026-03-10 03:00:00+09:00,0.03386,5.647425897035879,0.03609,0.03672,0.0377,0.03896,0.03871,0.03948,0.03962,0.04006,0.03959,0.04148,0.0431,0.04159,0.04163,0.04203,0.04194,0.04264,0.04472,0.04703,0.04674,0.04519,0.07422
ARCUSDT,2026-03-10 04:00:00+09:00,0.03609,6.585942114589474,0.03672,0.0377,0.03896,0.03871,0.03948,0.03962,0.04006,0.03959,0.04148,0.0431,0.04159,0.04163,0.04203,0.04194,0.04264,0.04472,0.04703,0.04674,0.04519,0.04545,0.07422
ARCUSDT,2026-05-16 01:00:00+09:00,0.06666,13.425216947422145,0.07349,0.07356,0.0732,0.07344,0.07371,0.07418,0.0739,0.07319,0.0743,0.07628,0.07575,0.07194,0.07529,0.07404,0.07778,0.07739,0.07727,0.07869,0.07724,0.07596,0.07422
ARIAUSDT,2026-02-11 14:00:00+09:00,0.06842,5.63532499614019,0.0696,0.07092,0.07318,0.074,0.07066,0.06975,0.07093,0.07114,0.06994,0.06841,0.06833,0.06884,0.06856,0.06928,0.06736,0.06821,0.06833,0.0669,0.06716,0.06799,0.03434
ARIAUSDT,2026-03-09 16:00:00+09:00,0.10041,16.363425657666,0.10206,0.09904,0.0982,0.09532,0.1077,0.1098,0.10933,0.10719,0.10422,0.10688,0.1062,0.10496,0.10495,0.10483,0.10681,0.10637,0.10245,0.10412,0.10086,0.10095,0.03434
ARIAUSDT,2026-04-01 17:00:00+09:00,0.38547,13.771730468404114,0.37626,0.37682,0.40101,0.40111,0.41836,0.39348,0.40079,0.41345,0.40632,0.44441,0.4565,0.44664,0.42518,0.42105,0.41693,0.42549,0.42986,0.4427,0.42752,0.44257,0.03434
ARIAUSDT,2026-04-04 04:00:00+09:00,0.5218,5.670311867152698,0.51876,0.52976,0.53359,0.56328,0.55254,0.54698,0.54687,0.53502,0.53193,0.52808,0.52674,0.52381,0.52829,0.5361,0.53821,0.53326,0.52664,0.5338,0.55009,0.55412,0.03434
ARIAUSDT,2026-04-08 18:00:00+09:00,0.52075,6.969721868452421,0.56783,0.57418,0.59228,0.60502,0.6308,0.63311,0.66204,0.65231,0.70974,0.69299,0.65753,0.66274,0.68708,0.70145,0.67932,0.67161,0.68827,0.72259,0.7049,0.693,0.03434
ARIAUSDT,2026-04-11 21:00:00+09:00,0.63197,5.601136268694125,0.63714,0.66273,0.70379,0.71627,0.71369,0.86831,0.7928,0.75998,0.80032,0.78505,0.75929,0.78392,0.78451,0.80627,0.85746,0.77338,0.83083,0.94747,0.90177,0.88991,0.03434
ARIAUSDT,2026-04-12 03:00:00+09:00,0.86831,21.66486850032927,0.7928,0.75998,0.80032,0.78505,0.75929,0.78392,0.78451,0.80627,0.85746,0.77338,0.83083,0.94747,0.90177,0.88991,0.8915,0.87915,0.91513,0.93628,0.83808,0.83035,0.03434
ARKMUSDT,2026-06-03 13:00:00+09:00,0.1386,5.079605761940873,0.1398,0.1405,0.146,0.1466,0.1459,0.1485,0.1464,0.1493,0.1502,0.1529,0.152,0.151,0.1496,0.1493,0.1494,0.1453,0.1518,0.1491,0.1479,0.1454,0.1389
ARMUSDT,2026-02-06 23:00:00+09:00,119.47,7.0903549659376095,120.73,121.58,121.94,123.04,123.09,123.84,123.6,123.96,124.28,124.18,123.78,123.81,123.81,123.8,123.97,123.95,123.64,123.5,123.65,123.74,391.97
ARMUSDT,2026-05-20 22:00:00+09:00,250.38,9.589880509476078,257.08,258.16,254.87,253.78,252.72,257.5,256.0,261.34,260.22,259.5,261.05,262.85,262.87,261.18,265.1,263.51,260.56,261.2,265.3,264.28,391.97
ARMUSDT,2026-05-28 22:00:00+09:00,322.43,5.077399380804948,340.38,341.73,348.9,343.79,342.57,335.66,342.26,342.44,343.42,342.56,339.01,342.57,344.41,347.94,350.27,348.95,349.65,344.58,347.08,347.01,391.97
ARMUSDT,2026-05-28 23:00:00+09:00,340.38,5.567099835623232,341.73,348.9,343.79,342.57,335.66,342.26,342.44,343.42,342.56,339.01,342.57,344.41,347.94,350.27,348.95,349.65,344.58,347.08,347.01,346.44,391.97
ARPAUSDT,2026-01-19 18:00:00+09:00,0.01551,17.4110522331567,0.01717,0.01659,0.02074,0.02158,0.02053,0.02024,0.02069,0.02028,0.01967,0.01925,0.01857,0.02175,0.01973,0.01974,0.01842,0.01991,0.01878,0.01758,0.01774,0.01719,0.00916
ARPAUSDT,2026-01-29 17:00:00+09:00,0.01311,7.020408163265303,0.01378,0.01378,0.01396,0.01453,0.0136,0.01389,0.01403,0.01391,0.01379,0.0136,0.01337,0.01336,0.01276,0.01264,0.01265,0.0126,0.01232,0.01214,0.0123,0.01235,0.00916
ARPAUSDT,2026-02-22 18:00:00+09:00,0.01042,6.981519507186859,0.01035,0.01012,0.01006,0.01005,0.01017,0.0104,0.01056,0.01046,0.0106,0.01082,0.0106,0.01065,0.01073,0.01123,0.01037,0.01026,0.01027,0.01043,0.01064,0.01025,0.00916
ASMLUSDT,2026-01-15 15:00:00+09:00,1333.0,5.01685942079224,1327.61,1323.93,1316.64,1322.11,1341.22,1348.09,1348.45,1348.05,1337.12,1346.8,1343.38,1343.9,1340.17,1334.71,1336.59,1335.27,1339.9,1342.46,1344.11,1342.09,1719.2
ASRUSDT,2025-12-19 22:00:00+09:00,1.331,12.320675105485224,1.303,1.307,1.279,1.296,1.38,1.336,1.332,1.314,1.334,1.328,1.324,1.335,1.33,1.356,1.359,1.363,1.356,1.343,1.314,1.329,0.884
ASTERUSDT,2026-02-06 10:00:00+09:00,0.489,5.093488072211477,0.4909,0.4955,0.489,0.5065,0.4979,0.4973,0.4988,0.5117,0.5177,0.5232,0.5295,0.5275,0.542,0.5349,0.549,0.5501,0.5432,0.5449,0.5434,0.5472,0.6723
ASTSUSDT,2026-05-22 22:00:00+09:00,105.96,8.199734504237707,106.12,105.77,104.09,103.05,105.0,106.0,105.43,105.21,106.36,105.66,105.97,105.91,105.7,105.61,105.62,106.0,105.98,105.98,105.64,105.99,105.21
ASTSUSDT,2026-06-02 22:00:00+09:00,114.68,5.239974304854555,115.37,113.82,115.14,117.42,117.01,118.13,117.51,117.45,116.99,116.46,117.2,116.93,116.67,116.27,115.99,115.83,116.68,117.16,113.8,112.53,105.21
ATHUSDT,2025-12-19 12:00:00+09:00,0.00956,6.3403781979977865,0.00939,0.00929,0.00924,0.00928,0.00929,0.00936,0.00934,0.00942,0.00938,0.00936,0.00942,0.00949,0.00957,0.00949,0.00963,0.0098,0.00982,0.00965,0.00973,0.00971,0.004926
ATHUSDT,2026-04-13 20:00:00+09:00,0.006412,5.495228693649228,0.006373,0.006494,0.006396,0.006355,0.006483,0.006439,0.0064,0.006404,0.006462,0.006479,0.006484,0.006494,0.006401,0.00638,0.006316,0.006309,0.006257,0.006214,0.006219,0.006172,0.004926
ATUSDT,2025-12-12 15:00:00+09:00,0.1113,5.298013245033106,0.113,0.1083,0.1136,0.1092,0.1098,0.1099,0.1116,0.1112,0.1078,0.1111,0.1107,0.1095,0.1085,0.1063,0.1077,0.107,0.1072,0.1046,0.1013,0.0986,0.1247
ATUSDT,2025-12-18 19:00:00+09:00,0.0892,5.5621301775147876,0.087,0.0853,0.0884,0.0923,0.0913,0.0948,0.0925,0.0923,0.0891,0.0889,0.092,0.092,0.0924,0.0911,0.0907,0.0947,0.0975,0.1,0.0935,0.0955,0.1247
ATUSDT,2025-12-26 23:00:00+09:00,0.1475,14.341085271317821,0.1547,0.1534,0.1559,0.1667,0.1753,0.1715,0.1572,0.1629,0.161,0.1609,0.1684,0.1565,0.1554,0.1552,0.1568,0.1504,0.1476,0.1561,0.1572,0.1607,0.1247
ATUSDT,2026-05-19 13:00:00+09:00,0.1277,6.505421184320268,0.1264,0.1276,0.1285,0.1273,0.1313,0.1297,0.1306,0.1286,0.129,0.1302,0.125,0.1278,0.1285,0.1281,0.1277,0.1286,0.1284,0.1261,0.1248,0.1262,0.1247
AUCTIONUSDT,2026-01-25 19:00:00+09:00,5.63,5.115758028379388,5.999,6.452,6.815,7.589,7.034,6.629,6.478,6.657,6.549,6.467,6.86,7.042,7.522,6.695,6.622,6.789,6.726,7.084,7.23,6.761,4.086
AUCTIONUSDT,2026-01-30 20:00:00+09:00,5.792,5.213442325158945,5.813,5.87,5.917,5.793,5.773,5.735,5.808,5.802,5.735,5.854,5.806,5.862,5.679,5.615,5.571,5.549,5.496,5.522,5.442,5.438,4.086
AWEUSDT,2026-02-07 05:00:00+09:00,0.074559,6.118701964133216,0.075565,0.077905,0.074804,0.076585,0.07574,0.075928,0.076268,0.077018,0.076584,0.074846,0.072229,0.072619,0.073415,0.073542,0.074028,0.075123,0.073682,0.073369,0.076046,0.076754,0.053441
AXLUSDT,2026-01-27 02:00:00+09:00,0.0796,5.0131926121372,0.0815,0.0804,0.0798,0.0801,0.0823,0.0831,0.0819,0.086,0.0886,0.0889,0.0891,0.0934,0.0919,0.1004,0.1016,0.1028,0.1001,0.0941,0.0908,0.0903,0.04764
AXLUSDT,2026-01-30 20:00:00+09:00,0.0745,6.580829756795412,0.0753,0.0737,0.0729,0.0734,0.0751,0.0743,0.0749,0.0757,0.0736,0.074,0.0733,0.0733,0.0727,0.0747,0.0757,0.0759,0.0752,0.0744,0.0729,0.0718,0.04764
AXLUSDT,2026-02-25 19:00:00+09:00,0.06266,15.183823529411757,0.06472,0.0608,0.06114,0.06046,0.06086,0.0608,0.06079,0.06143,0.06055,0.05986,0.05922,0.05853,0.05859,0.05759,0.05748,0.05703,0.0568,0.05675,0.05612,0.05587,0.04764
AXLUSDT,2026-04-18 09:00:00+09:00,0.061,9.692501348678293,0.06395,0.06097,0.06385,0.0621,0.06122,0.06262,0.06356,0.06394,0.0641,0.06646,0.06565,0.0663,0.0667,0.06619,0.06536,0.06491,0.06481,0.0635,0.0625,0.06205,0.04764
AXLUSDT,2026-05-02 23:00:00+09:00,0.07632,6.517794836008364,0.07318,0.07468,0.07721,0.07574,0.0746,0.07517,0.0747,0.07521,0.07599,0.07673,0.07445,0.07297,0.07298,0.07411,0.07635,0.07971,0.07915,0.07778,0.07471,0.07397,0.04764
AXLUSDT,2026-05-04 10:00:00+09:00,0.08085,9.925220938137322,0.08491,0.08508,0.08324,0.08328,0.08401,0.08457,0.08757,0.08428,0.08603,0.08508,0.08904,0.08845,0.08783,0.08642,0.08569,0.08727,0.0865,0.0849,0.08359,0.08276,0.04764
AXLUSDT,2026-05-04 11:00:00+09:00,0.08491,5.021645021645014,0.08508,0.08324,0.08328,0.08401,0.08457,0.08757,0.08428,0.08603,0.08508,0.08904,0.08845,0.08783,0.08642,0.08569,0.08727,0.0865,0.0849,0.08359,0.08276,0.08302,0.04764
AXLUSDT,2026-05-06 00:00:00+09:00,0.08113,5.55555555555555,0.08035,0.07848,0.08031,0.08106,0.0812,0.08029,0.08028,0.08002,0.07757,0.07766,0.07658,0.0743,0.07328,0.07414,0.07471,0.07485,0.07556,0.0752,0.07504,0.07508,0.04764
AXSUSDT,2026-01-20 09:00:00+09:00,1.762,7.177615571776162,1.745,1.887,1.95,2.074,1.994,2.017,1.918,1.975,2.024,2.002,1.968,2.25,2.172,2.077,1.989,1.986,1.911,1.921,2.006,1.994,1.054
AXSUSDT,2026-01-20 11:00:00+09:00,1.887,8.137535816618906,1.95,2.074,1.994,2.017,1.918,1.975,2.024,2.002,1.968,2.25,2.172,2.077,1.989,1.986,1.911,1.921,2.006,1.994,2.041,2.01,1.054
AXSUSDT,2026-01-26 15:00:00+09:00,2.206,14.182194616977227,2.228,2.267,2.339,2.493,2.467,2.384,2.342,2.428,2.383,2.265,2.325,2.304,2.34,2.325,2.393,2.393,2.451,2.686,2.613,2.633,1.054
AXTIUSDT,2026-05-21 22:00:00+09:00,110.85,5.894153611004955,115.73,115.46,115.94,120.55,119.07,121.05,122.82,122.1,122.21,122.1,121.98,122.42,122.47,122.18,122.18,122.17,122.52,122.87,123.63,121.27,103.93
AZTECUSDT,2026-03-04 19:00:00+09:00,0.02363,5.916629314208883,0.02331,0.02293,0.02307,0.02328,0.02397,0.02395,0.02396,0.02374,0.02381,0.02348,0.02361,0.02329,0.02356,0.02281,0.02223,0.02256,0.0225,0.02263,0.02235,0.02246,0.02079
AZTECUSDT,2026-05-29 03:00:00+09:00,0.02443,6.495204882301664,0.02359,0.02466,0.02468,0.02421,0.02447,0.02453,0.02498,0.02434,0.02437,0.02442,0.02418,0.02376,0.02376,0.02379,0.02376,0.02369,0.02359,0.02311,0.02312,0.02265,0.02079
B2USDT,2025-12-21 15:00:00+09:00,0.8627,7.167701863354034,0.8773,0.8473,0.8441,0.8565,0.8601,0.8754,0.8654,0.8762,0.8795,0.8832,0.8843,0.9025,0.918,0.9045,0.9325,0.8931,0.916,0.9151,0.9108,0.9201,0.5119
B2USDT,2026-01-25 14:00:00+09:00,0.8088,6.435057244374252,0.8269,0.8652,0.9088,0.8818,0.8932,0.8958,0.8912,0.9012,0.8747,0.8666,0.8843,0.8715,0.8798,0.8756,0.8864,0.8768,0.892,0.8841,0.8789,0.8898,0.5119
B2USDT,2026-02-08 14:00:00+09:00,0.7093,5.4721189591078145,0.7012,0.7224,0.7073,0.702,0.7,0.7027,0.7092,0.7277,0.7319,0.7359,0.7115,0.7158,0.7174,0.7205,0.7054,0.7117,0.7108,0.7084,0.705,0.7163,0.5119
BABAUSDT,2026-05-13 22:00:00+09:00,142.55,8.55989642829945,143.64,143.14,145.32,145.12,145.71,145.94,146.91,147.11,147.57,146.81,146.1,144.25,143.6,142.64,143.17,142.15,141.94,141.14,141.72,141.16,126.95
BABYUSDT,2026-05-03 03:00:00+09:00,0.01866,5.364201016374926,0.01914,0.01868,0.0193,0.01932,0.01985,0.02139,0.02028,0.02004,0.02079,0.0223,0.02575,0.02696,0.0286,0.03067,0.02764,0.02367,0.02408,0.0225,0.02154,0.02178,0.01333
BABYUSDT,2026-05-10 01:00:00+09:00,0.01822,5.014409221902013,0.01808,0.0182,0.01797,0.01799,0.01837,0.0183,0.01822,0.01817,0.01791,0.01817,0.01835,0.01845,0.01792,0.01796,0.01797,0.01812,0.01815,0.01801,0.0182,0.01828,0.01333
BANANAS31USDT,2026-02-07 15:00:00+09:00,0.00346,5.359317904993908,0.003453,0.003492,0.003513,0.003565,0.003562,0.00369,0.003768,0.003646,0.003619,0.003768,0.003868,0.003934,0.003993,0.004037,0.00398,0.00389,0.00393,0.003875,0.003881,0.003998,0.009894
BANANAS31USDT,2026-02-14 20:00:00+09:00,0.005111,6.656928213689479,0.004924,0.00495,0.004952,0.004858,0.004925,0.004977,0.004939,0.004943,0.004967,0.004979,0.004929,0.004935,0.004925,0.004984,0.004945,0.004921,0.004932,0.004969,0.005022,0.005005,0.009894
BANANAS31USDT,2026-05-11 17:00:00+09:00,0.012787,5.225477287689271,0.012866,0.013536,0.014185,0.014297,0.014526,0.013702,0.013781,0.013751,0.013802,0.014125,0.014068,0.014059,0.014317,0.014028,0.01411,0.014214,0.014184,0.014428,0.014537,0.014535,0.009894
BANANAUSDT,2025-12-25 05:00:00+09:00,7.069,13.176432917066913,7.414,7.79,8.138,7.659,7.885,7.716,8.03,7.87,7.828,7.67,7.681,7.779,7.847,7.783,7.607,7.544,7.29,7.294,7.433,7.241,3.281
BANANAUSDT,2026-01-04 23:00:00+09:00,7.683,5.622766015947207,7.508,7.542,7.645,7.749,7.741,7.971,7.851,7.78,7.664,7.623,7.691,7.595,7.582,7.501,7.437,7.464,7.51,7.434,7.349,7.451,3.281
BANKUSDT,2026-04-07 01:00:00+09:00,0.03411,16.218057921635435,0.04313,0.04213,0.04259,0.03985,0.04054,0.04015,0.03801,0.03888,0.03964,0.0409,0.04071,0.04075,0.03734,0.03679,0.03767,0.03772,0.03386,0.03437,0.03491,0.03369,0.03429
BANUSDT,2025-12-20 17:00:00+09:00,0.08811,7.281139656641909,0.08818,0.0885,0.088,0.08858,0.08852,0.08843,0.08813,0.08839,0.08784,0.08852,0.08844,0.08816,0.08822,0.08786,0.08688,0.08703,0.08699,0.08725,0.08691,0.08651,0.07311
BANUSDT,2026-02-08 22:00:00+09:00,0.07495,6.086341118188249,0.07839,0.07545,0.07637,0.07594,0.07641,0.0768,0.07602,0.0759,0.0761,0.07597,0.0754,0.07546,0.07577,0.07517,0.07375,0.0724,0.07089,0.07211,0.0718,0.0712,0.07311
BANUSDT,2026-03-17 23:00:00+09:00,0.16709,5.286704473850019,0.1679,0.17277,0.16938,0.16948,0.17013,0.17078,0.16835,0.16898,0.16997,0.15398,0.11198,0.09965,0.07994,0.07911,0.07809,0.07895,0.07947,0.07718,0.07625,0.08453,0.07311
BANUSDT,2026-03-20 02:00:00+09:00,0.05605,9.70835779996085,0.05981,0.05822,0.05504,0.06018,0.06095,0.06063,0.06067,0.06314,0.07168,0.06728,0.05827,0.06193,0.06128,0.06073,0.05889,0.05989,0.05835,0.05487,0.05464,0.05459,0.07311
BANUSDT,2026-03-31 00:00:00+09:00,0.06042,7.700534759358297,0.06175,0.06138,0.06104,0.06046,0.06208,0.06304,0.06277,0.06302,0.06429,0.06556,0.06652,0.06698,0.06559,0.065,0.06578,0.06558,0.06491,0.06583,0.0652,0.06051,0.07311
BANUSDT,2026-04-02 04:00:00+09:00,0.05711,8.080999242997734,0.05719,0.05516,0.05489,0.05432,0.05608,0.056,0.05882,0.06015,0.05924,0.06027,0.06043,0.0611,0.0599,0.063,0.06147,0.06151,0.06206,0.06172,0.06189,0.06061,0.07311
BANUSDT,2026-04-12 20:00:00+09:00,0.07287,8.131770292328236,0.07202,0.06983,0.06786,0.06861,0.06905,0.06945,0.07087,0.07423,0.07842,0.07943,0.07667,0.07311,0.07567,0.07963,0.08101,0.0813,0.084,0.08855,0.0933,0.09188,0.07311
BANUSDT,2026-04-13 05:00:00+09:00,0.07842,5.6446180789438225,0.07943,0.07667,0.07311,0.07567,0.07963,0.08101,0.0813,0.084,0.08855,0.0933,0.09188,0.07491,0.08318,0.08667,0.0849,0.0822,0.08156,0.08187,0.08519,0.08578,0.07311
BANUSDT,2026-04-25 13:00:00+09:00,0.08444,5.589596098536954,0.08524,0.0868,0.08861,0.08908,0.09005,0.08871,0.08913,0.08831,0.08805,0.08862,0.09313,0.09561,0.09815,0.10049,0.09672,0.09809,0.0963,0.09511,0.09607,0.09014,0.07311
BANUSDT,2026-05-23 15:00:00+09:00,0.087,5.492906511458703,0.08515,0.0858,0.08748,0.08889,0.09054,0.09132,0.09303,0.0942,0.0939,0.094,0.09478,0.09524,0.09648,0.09698,0.09717,0.09608,0.09488,0.09712,0.09749,0.09892,0.07311
BASEDUSDT,2026-05-13 06:00:00+09:00,0.1078,6.62710187932741,0.1084,0.1107,0.1115,0.1095,0.1109,0.111,0.1128,0.1115,0.1127,0.1089,0.112,0.112,0.1098,0.1058,0.1041,0.1018,0.0904,0.0884,0.0878,0.0866,0.06156
BASEDUSDT,2026-05-30 04:00:00+09:00,0.07349,5.090805090805081,0.07693,0.07693,0.07967,0.07648,0.07669,0.07548,0.0784,0.07691,0.07968,0.07877,0.07813,0.07215,0.07305,0.07194,0.07197,0.0738,0.07377,0.07593,0.07417,0.07445,0.06156
BASUSDT,2025-12-23 01:00:00+09:00,0.005195,5.8475957620211885,0.005652,0.005594,0.005625,0.00608,0.00635,0.006061,0.006052,0.006176,0.006286,0.006316,0.006143,0.006156,0.006154,0.005684,0.005876,0.005908,0.005869,0.005941,0.005938,0.006031,0.023319
BASUSDT,2025-12-23 02:00:00+09:00,0.005652,8.796920115495668,0.005594,0.005625,0.00608,0.00635,0.006061,0.006052,0.006176,0.006286,0.006316,0.006143,0.006156,0.006154,0.005684,0.005876,0.005908,0.005869,0.005941,0.005938,0.006031,0.005901,0.023319
BASUSDT,2026-02-10 01:00:00+09:00,0.003814,5.3009387078962,0.00384,0.003858,0.003893,0.003863,0.003919,0.003996,0.003967,0.003966,0.003978,0.003972,0.004007,0.004128,0.004086,0.004045,0.004108,0.004124,0.004164,0.004133,0.004195,0.00416,0.023319
BASUSDT,2026-02-14 22:00:00+09:00,0.006254,5.463743676222591,0.006036,0.006236,0.006444,0.006557,0.006518,0.006416,0.006545,0.006594,0.006485,0.006485,0.006686,0.006947,0.006811,0.006518,0.006503,0.006528,0.006692,0.006597,0.006828,0.005971,0.023319
BASUSDT,2026-03-03 10:00:00+09:00,0.006777,7.793860346747255,0.007117,0.006922,0.00712,0.007024,0.00737,0.007236,0.007201,0.007047,0.006902,0.007031,0.007431,0.007774,0.007525,0.007588,0.007689,0.007477,0.007409,0.007385,0.007417,0.007075,0.023319
BASUSDT,2026-03-05 17:00:00+09:00,0.006456,9.34959349593495,0.006895,0.007047,0.007092,0.007073,0.007279,0.007236,0.007136,0.007029,0.006886,0.00702,0.007022,0.006943,0.007002,0.007024,0.006957,0.006955,0.006955,0.007043,0.006939,0.006736,0.023319
BASUSDT,2026-03-15 17:00:00+09:00,0.008932,5.816846345219762,0.009146,0.009178,0.009086,0.009053,0.009076,0.009039,0.00905,0.009087,0.009,0.00899,0.009094,0.009306,0.009187,0.009361,0.009361,0.009257,0.009347,0.009318,0.009274,0.009171,0.023319
BASUSDT,2026-03-25 03:00:00+09:00,0.011039,8.183065464523724,0.011045,0.011575,0.011556,0.011521,0.011671,0.011948,0.012096,0.012273,0.011262,0.011308,0.011409,0.011757,0.012188,0.011919,0.011697,0.011869,0.011824,0.011563,0.011853,0.011858,0.023319
BASUSDT,2026-04-05 10:00:00+09:00,0.005223,7.9355238685678815,0.005229,0.005169,0.005335,0.005392,0.005415,0.005508,0.005682,0.005434,0.005799,0.00568,0.005576,0.005546,0.005643,0.005641,0.005693,0.006004,0.006026,0.006189,0.006308,0.006092,0.023319
BASUSDT,2026-04-05 19:00:00+09:00,0.005799,6.7169672432830465,0.00568,0.005576,0.005546,0.005643,0.005641,0.005693,0.006004,0.006026,0.006189,0.006308,0.006092,0.005889,0.005858,0.006026,0.005929,0.005821,0.005861,0.005694,0.006022,0.005868,0.023319
BASUSDT,2026-04-10 10:00:00+09:00,0.006988,5.798637395912196,0.00707,0.00762,0.00769,0.009248,0.008537,0.008055,0.008046,0.008543,0.006885,0.006837,0.007561,0.007869,0.00812,0.007896,0.008116,0.008565,0.008505,0.008355,0.008609,0.008921,0.023319
BASUSDT,2026-04-20 15:00:00+09:00,0.008378,8.103225806451613,0.00839,0.009071,0.009388,0.009482,0.009187,0.009276,0.009849,0.009632,0.009784,0.009805,0.00992,0.009849,0.009901,0.010017,0.00986,0.009848,0.010018,0.010578,0.010413,0.01035,0.023319
BASUSDT,2026-04-22 05:00:00+09:00,0.014657,8.313626958321011,0.015536,0.016748,0.01618,0.016067,0.01746,0.017361,0.017787,0.017767,0.016043,0.014075,0.013878,0.013213,0.011796,0.012073,0.011706,0.011921,0.012209,0.012814,0.012902,0.013579,0.023319
BASUSDT,2026-04-30 13:00:00+09:00,0.014984,6.367572939589694,0.015003,0.014685,0.014837,0.015009,0.015046,0.015454,0.014985,0.014945,0.014947,0.014871,0.014966,0.014771,0.014659,0.01458,0.014999,0.014643,0.01494,0.015209,0.015154,0.015276,0.023319
BASUSDT,2026-05-01 14:00:00+09:00,0.016275,8.312258751497417,0.01704,0.016939,0.016973,0.017003,0.016941,0.016984,0.017133,0.017058,0.017698,0.017732,0.018727,0.017287,0.017425,0.017448,0.017184,0.017278,0.016806,0.016873,0.017263,0.017446,0.023319
BASUSDT,2026-05-24 06:00:00+09:00,0.022523,14.872239506298781,0.021925,0.022062,0.021737,0.021735,0.022306,0.021364,0.022449,0.021994,0.022126,0.02225,0.02258,0.022072,0.023065,0.022812,0.022321,0.022594,0.022507,0.022802,0.023041,0.022987,0.023319
BASUSDT,2026-05-24 13:00:00+09:00,0.022449,5.0786369593709,0.021994,0.022126,0.02225,0.02258,0.022072,0.023065,0.022812,0.022321,0.022594,0.022507,0.022802,0.023041,0.022987,0.022977,0.023004,0.023065,0.023032,0.02275,0.02268,0.022748,0.023319
BATUSDT,2025-12-06 12:00:00+09:00,0.2573,5.278232405891966,0.2526,0.2545,0.2536,0.2529,0.2586,0.2636,0.2638,0.2632,0.2577,0.26,0.2532,0.2513,0.2538,0.2535,0.2538,0.2498,0.2504,0.2495,0.2483,0.2475,0.0981
BBUSDT,2026-04-28 15:00:00+09:00,0.02871,8.054196462175383,0.02823,0.02879,0.0291,0.02893,0.02874,0.02897,0.02975,0.0303,0.0299,0.02987,0.02993,0.02988,0.03002,0.03031,0.0301,0.0299,0.0298,0.02981,0.0294,0.02927,0.02365
BBUSDT,2026-05-20 23:00:00+09:00,0.03049,6.496681802305276,0.03042,0.03177,0.03121,0.03248,0.03327,0.03329,0.03225,0.03251,0.03296,0.03235,0.03254,0.03196,0.03269,0.03311,0.03236,0.03265,0.03231,0.03256,0.03178,0.03112,0.02365
BCHUSDT,2025-12-18 22:00:00+09:00,570.3,5.919060973571311,565.85,572.44,573.77,562.82,559.8,560.7,566.7,570.42,568.11,565.09,569.28,563.67,562.26,584.58,589.39,585.44,586.75,585.11,587.68,590.92,234.26
BEAMUSDT,2026-01-27 23:00:00+09:00,0.003105,5.040595399188101,0.003182,0.00324,0.003149,0.003217,0.003286,0.003308,0.003288,0.003327,0.003328,0.003287,0.00325,0.003299,0.003287,0.003245,0.003221,0.003231,0.003191,0.003152,0.003195,0.003185,0.001497
BEATUSDT,2025-12-07 13:00:00+09:00,1.53924,6.982304452383269,1.51991,1.55533,1.74752,1.80006,1.80592,1.83792,1.85681,1.83535,1.84692,1.78267,1.78981,1.83056,1.94088,1.958,1.77804,1.7505,1.75898,1.85164,1.8743,1.77436,1.30761
BEATUSDT,2025-12-10 11:00:00+09:00,1.26825,5.33900346354146,1.25135,1.26097,1.28223,1.27063,1.27417,1.38474,1.41807,1.41925,1.48311,1.46205,1.5918,1.67593,1.70383,1.79074,1.78541,1.77816,1.70095,1.67653,1.6964,1.68738,1.30761
BEATUSDT,2025-12-10 17:00:00+09:00,1.38474,8.677805944261758,1.41807,1.41925,1.48311,1.46205,1.5918,1.67593,1.70383,1.79074,1.78541,1.77816,1.70095,1.67653,1.6964,1.68738,1.70503,1.70556,1.66018,1.72121,1.67636,1.78691,1.30761
BEATUSDT,2025-12-10 22:00:00+09:00,1.5918,8.874525495024113,1.67593,1.70383,1.79074,1.78541,1.77816,1.70095,1.67653,1.6964,1.68738,1.70503,1.70556,1.66018,1.72121,1.67636,1.78691,1.77503,1.72258,1.73691,1.67703,1.689,1.30761
BEATUSDT,2025-12-15 03:00:00+09:00,1.81208,14.008883743755574,1.92394,1.68574,1.6829,1.80327,1.86257,2.1257,2.16949,2.22821,2.01453,2.41565,2.5562,2.64607,2.61826,2.61298,2.7369,2.74505,2.69896,2.55488,2.6421,2.81456,1.30761
BEATUSDT,2025-12-18 07:00:00+09:00,2.21604,6.9760032439790844,2.21277,2.344,2.38575,2.34819,2.43792,2.48392,2.63338,2.65672,2.66863,2.67949,2.74412,2.74248,2.64349,2.72636,2.76808,2.80365,2.86444,2.85668,2.47146,2.80156,1.30761
BEATUSDT,2025-12-22 00:00:00+09:00,2.93393,7.440840211810726,2.98488,3.16001,3.31397,3.34612,3.78373,3.39967,3.4654,3.52757,3.73401,3.86164,3.9987,3.99127,3.95911,4.02663,4.17227,4.22708,4.2567,4.20905,4.05557,4.18552,1.30761
BEATUSDT,2026-02-19 15:00:00+09:00,0.23335,5.991097383720934,0.23735,0.24478,0.23763,0.24057,0.24626,0.24259,0.24536,0.25872,0.26219,0.25339,0.25505,0.25417,0.25597,0.25192,0.24894,0.25158,0.25104,0.25447,0.26427,0.26357,1.30761
BEATUSDT,2026-02-28 16:00:00+09:00,0.21656,5.233490451431071,0.2183,0.21875,0.22114,0.22517,0.22353,0.22642,0.22218,0.22289,0.22717,0.22785,0.23761,0.24044,0.23792,0.23322,0.23909,0.23674,0.23829,0.23206,0.22652,0.22397,1.30761
BEATUSDT,2026-03-06 19:00:00+09:00,0.30917,7.019973000103853,0.31392,0.32816,0.34791,0.3471,0.33136,0.35961,0.35817,0.33782,0.34022,0.34431,0.34272,0.34533,0.34421,0.35377,0.34421,0.33921,0.34416,0.36098,0.36802,0.37623,1.30761
BEATUSDT,2026-03-15 02:00:00+09:00,0.44427,7.17439027332159,0.44254,0.44443,0.44298,0.44748,0.44576,0.4485,0.45234,0.45111,0.44925,0.42886,0.42765,0.40469,0.42951,0.41022,0.42425,0.41278,0.4107,0.4065,0.41092,0.42713,1.30761
BEATUSDT,2026-04-06 05:00:00+09:00,0.35456,9.866137828458099,0.36245,0.34162,0.34423,0.35661,0.3519,0.3726,0.36177,0.3596,0.35369,0.34057,0.32583,0.33832,0.33042,0.33206,0.33189,0.32891,0.31839,0.31788,0.31957,0.31992,1.30761
BEATUSDT,2026-04-08 23:00:00+09:00,0.31096,11.471178663607697,0.32601,0.32356,0.31024,0.31264,0.31561,0.33325,0.33759,0.33056,0.33339,0.3316,0.33056,0.32806,0.3093,0.29666,0.29867,0.29894,0.29703,0.28385,0.2785,0.29505,1.30761
BEATUSDT,2026-04-10 16:00:00+09:00,0.29236,7.953622332176355,0.3019,0.29795,0.31411,0.3113,0.30676,0.31171,0.3053,0.31008,0.30431,0.30189,0.29926,0.2956,0.29845,0.29871,0.30215,0.30534,0.30182,0.29824,0.29945,0.29721,1.30761
BEATUSDT,2026-04-13 06:00:00+09:00,0.36842,8.212418492627634,0.39665,0.39114,0.37277,0.35738,0.37739,0.39131,0.37549,0.38467,0.36703,0.37026,0.38197,0.37147,0.37584,0.39046,0.38526,0.37945,0.38361,0.39358,0.38928,0.38314,1.30761
BEATUSDT,2026-04-22 05:00:00+09:00,0.56138,5.4868653463114,0.56195,0.54469,0.55623,0.5548,0.56711,0.56665,0.55395,0.57125,0.56531,0.53106,0.56792,0.57096,0.57691,0.57131,0.56777,0.57053,0.56846,0.55109,0.55866,0.56135,1.30761
BEATUSDT,2026-05-21 22:00:00+09:00,0.74272,5.2816601933490315,0.72139,0.75188,0.7326,0.74723,0.75728,0.75155,0.76776,0.80389,0.76492,0.74875,0.73319,0.75054,0.74969,0.74405,0.76409,0.77739,0.77576,0.83383,0.91825,0.95237,1.30761
BEATUSDT,2026-05-27 13:00:00+09:00,1.10875,7.051133510987519,1.1072,1.10961,1.14981,1.15111,1.18292,1.22356,1.23077,1.2338,1.21094,1.21565,1.21637,1.18473,1.12302,1.19376,1.16983,1.17521,1.1754,1.18198,1.1877,1.23591,1.30761
BEATUSDT,2026-06-03 15:00:00+09:00,1.2165,7.021263493124769,1.19552,1.21415,1.22719,1.25113,1.2463,1.235,1.27651,1.269,1.27348,1.25161,1.28243,1.3101,1.37865,1.40118,1.33752,1.3146,1.29814,1.3172,1.30761,,1.30761
BELUSDT,2026-01-19 21:00:00+09:00,0.1422,5.6463595839524485,0.1485,0.1423,0.1418,0.1451,0.144,0.1485,0.1464,0.1441,0.1498,0.146,0.1472,0.1434,0.1454,0.1433,0.1424,0.1406,0.1372,0.1356,0.1354,0.1339,0.1006
BELUSDT,2026-02-22 19:00:00+09:00,0.1178,22.072538860103627,0.11,0.1145,0.114,0.1129,0.1165,0.1235,0.1164,0.1155,0.1165,0.116,0.1176,0.1143,0.1143,0.1127,0.1067,0.1069,0.1098,0.1081,0.1052,0.1075,0.1006
BERAUSDT,2026-02-12 00:00:00+09:00,0.6291,19.760137064534554,0.5977,0.6241,0.6435,0.6886,0.9242,0.9943,0.9851,0.9346,0.8248,0.9073,0.8879,0.9005,0.9281,0.908,0.869,0.8172,0.764,0.7996,0.78,0.822,0.2864
BERAUSDT,2026-02-12 05:00:00+09:00,0.9242,34.21434795236713,0.9943,0.9851,0.9346,0.8248,0.9073,0.8879,0.9005,0.9281,0.908,0.869,0.8172,0.764,0.7996,0.78,0.822,0.7982,0.7602,0.7388,0.7351,0.726,0.2864
BEUSDT,2026-05-13 23:00:00+09:00,286.69,5.014652014652014,288.43,293.33,292.11,294.67,290.45,291.34,291.53,291.59,291.96,292.43,291.67,291.43,291.04,291.87,292.02,292.3,292.01,289.14,288.43,288.95,282.05
BEUSDT,2026-05-21 22:00:00+09:00,303.81,6.082614616432144,318.13,312.93,315.26,315.65,307.34,307.43,310.15,310.49,310.7,312.07,312.52,312.03,312.03,313.77,314.66,314.49,314.85,315.88,322.32,324.19,282.05
BILLUSDT,2026-05-07 01:00:00+09:00,0.06801,5.85214007782101,0.06611,0.06583,0.06511,0.06631,0.0766,0.07803,0.07543,0.07108,0.06987,0.06963,0.06898,0.06991,0.07266,0.07564,0.0755,0.07306,0.07328,0.07404,0.0731,0.07636,0.08278
BILLUSDT,2026-05-08 12:00:00+09:00,0.07446,7.616707616707612,0.07328,0.07586,0.07725,0.07964,0.08908,0.08752,0.08556,0.08925,0.08402,0.08461,0.08347,0.08604,0.08689,0.08616,0.08614,0.08842,0.0882,0.08985,0.09525,0.0957,0.08278
BILLUSDT,2026-05-11 15:00:00+09:00,0.12503,6.790228903313972,0.12687,0.12338,0.12801,0.12649,0.13346,0.13815,0.14096,0.13994,0.14366,0.13629,0.13823,0.14217,0.1465,0.14283,0.14022,0.14067,0.13882,0.14329,0.13727,0.14239,0.08278
BILLUSDT,2026-05-20 08:00:00+09:00,0.11196,14.607431671614297,0.11059,0.11,0.1112,0.10981,0.1089,0.11075,0.10955,0.11198,0.11125,0.11228,0.11291,0.1024,0.10161,0.10204,0.10153,0.09813,0.09509,0.09774,0.09396,0.0892,0.08278
BILLUSDT,2026-05-23 04:00:00+09:00,0.09262,10.28816384853536,0.08783,0.0866,0.0903,0.08787,0.0895,0.09167,0.09054,0.09227,0.0926,0.08896,0.08213,0.08428,0.08321,0.08204,0.08643,0.08492,0.09212,0.09292,0.09229,0.09411,0.08278
BIOUSDT,2026-02-20 16:00:00+09:00,0.02853,8.810068649885581,0.03094,0.0311,0.03075,0.03214,0.03114,0.0301,0.03026,0.0315,0.03162,0.03189,0.03189,0.03195,0.03173,0.03134,0.03144,0.03165,0.03021,0.03071,0.03027,0.02973,0.03148
BIOUSDT,2026-04-28 23:00:00+09:00,0.03267,5.149662053427735,0.03381,0.03261,0.03354,0.03286,0.03359,0.03588,0.03647,0.03607,0.03624,0.03547,0.03426,0.03358,0.03319,0.03396,0.03402,0.03383,0.03269,0.03282,0.03258,0.03201,0.03148
BIOUSDT,2026-04-30 11:00:00+09:00,0.03972,9.845132743362834,0.0395,0.03898,0.04173,0.04176,0.04487,0.04372,0.04447,0.04279,0.04107,0.03927,0.03959,0.04023,0.03941,0.04115,0.04209,0.04306,0.04283,0.04268,0.04258,0.04154,0.03148
BIOUSDT,2026-05-03 18:00:00+09:00,0.05526,6.105990783410129,0.05493,0.05646,0.05665,0.05624,0.05755,0.05944,0.05847,0.05988,0.06227,0.0633,0.06264,0.06176,0.0612,0.06044,0.06285,0.06066,0.05963,0.05929,0.05921,0.06019,0.03148
BIRBUSDT,2026-02-06 21:00:00+09:00,0.26829,24.751232214265773,0.29473,0.28986,0.28095,0.28109,0.27482,0.26896,0.2764,0.2792,0.27432,0.27402,0.28631,0.26313,0.26374,0.25585,0.25249,0.24952,0.25431,0.25325,0.24859,0.25081,0.0849
BIRBUSDT,2026-02-28 22:00:00+09:00,0.16976,5.388626769307173,0.16489,0.16563,0.16475,0.16498,0.16552,0.16661,0.16703,0.16582,0.16611,0.16616,0.16636,0.16267,0.15695,0.15579,0.15818,0.15893,0.15829,0.15781,0.15739,0.15759,0.0849
BIRBUSDT,2026-04-24 15:00:00+09:00,0.1525,5.755894590846049,0.1518,0.1545,0.15181,0.15318,0.15692,0.15539,0.15886,0.15915,0.16058,0.15709,0.15901,0.1597,0.1611,0.15833,0.15773,0.15865,0.15756,0.15706,0.15913,0.15789,0.0849
BLESSUSDT,2026-04-05 01:00:00+09:00,0.005768,6.5386036202438,0.00561,0.005611,0.00561,0.005643,0.005664,0.005684,0.005735,0.005687,0.005652,0.005628,0.005571,0.005526,0.005427,0.005451,0.005443,0.005458,0.005448,0.005445,0.005411,0.005467,0.004655
BLESSUSDT,2026-04-11 21:00:00+09:00,0.007294,5.84820780728486,0.007151,0.007224,0.007078,0.007261,0.007383,0.00715,0.007254,0.007421,0.007592,0.007491,0.007892,0.007835,0.007932,0.007858,0.007922,0.009018,0.008458,0.008527,0.008708,0.008411,0.004655
BLESSUSDT,2026-04-13 12:00:00+09:00,0.009121,6.317752651824232,0.009518,0.009025,0.009112,0.009479,0.011632,0.013083,0.010461,0.012376,0.011846,0.012687,0.013567,0.013239,0.015217,0.016417,0.01626,0.019277,0.020664,0.023349,0.025178,0.0298,0.004655
BLESSUSDT,2026-04-13 17:00:00+09:00,0.011632,22.71336638885959,0.013083,0.010461,0.012376,0.011846,0.012687,0.013567,0.013239,0.015217,0.016417,0.01626,0.019277,0.020664,0.023349,0.025178,0.0298,0.022943,0.020481,0.019061,0.017997,0.019888,0.004655
BLESSUSDT,2026-04-13 18:00:00+09:00,0.013083,12.474209078404394,0.010461,0.012376,0.011846,0.012687,0.013567,0.013239,0.015217,0.016417,0.01626,0.019277,0.020664,0.023349,0.025178,0.0298,0.022943,0.020481,0.019061,0.017997,0.019888,0.025572,0.004655
BLESSUSDT,2026-04-13 22:00:00+09:00,0.012687,7.099442849907139,0.013567,0.013239,0.015217,0.016417,0.01626,0.019277,0.020664,0.023349,0.025178,0.0298,0.022943,0.020481,0.019061,0.017997,0.019888,0.025572,0.020008,0.015612,0.017103,0.016282,0.004655
BLESSUSDT,2026-04-13 23:00:00+09:00,0.013567,6.9362339402537945,0.013239,0.015217,0.016417,0.01626,0.019277,0.020664,0.023349,0.025178,0.0298,0.022943,0.020481,0.019061,0.017997,0.019888,0.025572,0.020008,0.015612,0.017103,0.016282,0.017415,0.004655
BLESSUSDT,2026-04-14 01:00:00+09:00,0.015217,14.9407054913513,0.016417,0.01626,0.019277,0.020664,0.023349,0.025178,0.0298,0.022943,0.020481,0.019061,0.017997,0.019888,0.025572,0.020008,0.015612,0.017103,0.016282,0.017415,0.01874,0.020314,0.004655
BLESSUSDT,2026-04-15 06:00:00+09:00,0.018567,5.638370505234403,0.018282,0.020142,0.022671,0.02386,0.023866,0.024638,0.023076,0.023812,0.025817,0.025988,0.028897,0.026609,0.023927,0.022605,0.021941,0.018787,0.01611,0.013298,0.01282,0.010547,0.004655
BLESSUSDT,2026-04-15 09:00:00+09:00,0.022671,12.55585344057194,0.02386,0.023866,0.024638,0.023076,0.023812,0.025817,0.025988,0.028897,0.026609,0.023927,0.022605,0.021941,0.018787,0.01611,0.013298,0.01282,0.010547,0.007151,0.007708,0.007903,0.004655
BLESSUSDT,2026-05-14 18:00:00+09:00,0.006247,5.470200911700145,0.00672,0.006425,0.00644,0.00659,0.006501,0.006464,0.006354,0.006448,0.006325,0.006389,0.006353,0.006293,0.006305,0.006291,0.006366,0.006264,0.006293,0.006273,0.006277,0.006152,0.004655
BLURUSDT,2026-04-01 16:00:00+09:00,0.0227,10.785749145924841,0.02247,0.02265,0.02244,0.02248,0.0242,0.02411,0.02343,0.02356,0.02334,0.02278,0.02299,0.02239,0.02187,0.022,0.0222,0.0223,0.02249,0.02142,0.02097,0.02095,0.01849
BOMEUSDT,2026-01-04 12:00:00+09:00,0.0007335,6.211989574283234,0.0007201,0.0007263,0.0007096,0.0007138,0.0007308,0.0007423,0.0007284,0.0007432,0.0007378,0.0007568,0.0008098,0.0007849,0.0008005,0.0007929,0.0007887,0.0007899,0.0007905,0.0007924,0.0008202,0.0008511,0.0004494
BRETTUSDT,2026-02-25 10:00:00+09:00,0.00723,5.393586005830912,0.00719,0.00711,0.00717,0.00707,0.00714,0.00717,0.00722,0.00727,0.00723,0.0072,0.00728,0.0073,0.00744,0.00747,0.00759,0.00774,0.00779,0.00781,0.00778,0.00789,0.005923
BROCCOLIUSDT,2026-01-09 01:00:00+09:00,0.03361,15.976535541752943,0.03269,0.0325,0.03293,0.03313,0.03338,0.03301,0.0326,0.03263,0.0315,0.03213,0.03293,0.03347,0.03247,0.03297,0.03266,0.0302,0.02956,0.03016,0.02992,0.02968,0.01203
BROCCOLIUSDT,2026-02-04 04:00:00+09:00,0.01538,6.362378976486853,0.01603,0.01592,0.01575,0.01552,0.01565,0.01556,0.01552,0.01578,0.01568,0.01559,0.01578,0.01581,0.01586,0.01591,0.01589,0.01576,0.01577,0.01544,0.01537,0.0152,0.01203
BROCCOLIUSDT,2026-02-14 18:00:00+09:00,0.01513,5.435540069686407,0.01488,0.01542,0.01522,0.01519,0.01525,0.0154,0.01541,0.01623,0.01635,0.01595,0.01584,0.01557,0.01541,0.01531,0.01507,0.01522,0.01528,0.015,0.01529,0.01519,0.01203
BRUSDT,2026-01-03 01:00:00+09:00,0.069,8.133521391631406,0.06447,0.06442,0.06512,0.06544,0.06567,0.06564,0.06538,0.06573,0.06423,0.06392,0.06355,0.06364,0.0639,0.06358,0.06352,0.06335,0.0632,0.06289,0.06311,0.06332,0.10972
BRUSDT,2026-03-25 02:00:00+09:00,0.14387,10.034416826003818,0.13964,0.14377,0.14275,0.14232,0.14204,0.16465,0.17619,0.16886,0.15831,0.16174,0.15271,0.15134,0.16052,0.16418,0.17453,0.17315,0.17685,0.14132,0.14582,0.14187,0.10972
BRUSDT,2026-03-29 10:00:00+09:00,0.13282,17.633513417766363,0.13289,0.14593,0.13897,0.13055,0.13193,0.12801,0.13334,0.13455,0.12575,0.12124,0.12251,0.12666,0.12898,0.12644,0.12413,0.12522,0.12541,0.12623,0.12927,0.12874,0.10972
BRUSDT,2026-04-04 09:00:00+09:00,0.16931,6.907873966028904,0.16046,0.16971,0.1685,0.17364,0.16779,0.17084,0.17286,0.16933,0.17323,0.17526,0.17232,0.16943,0.17141,0.17302,0.17767,0.17141,0.17245,0.17245,0.17094,0.16934,0.10972
BRUSDT,2026-04-14 23:00:00+09:00,0.16655,39.500795711533634,0.1681,0.17307,0.16473,0.17455,0.1814,0.1708,0.17506,0.17656,0.17577,0.17951,0.18618,0.17458,0.18345,0.1832,0.18674,0.19132,0.19643,0.17481,0.19379,0.1993,0.10972
BRUSDT,2026-06-03 18:00:00+09:00,0.12395,6.294485893148099,0.12463,0.12541,0.12735,0.12711,0.12918,0.12563,0.12808,0.12979,0.12991,0.12701,0.12825,0.13097,0.12741,0.11973,0.11299,0.10972,,,,,0.10972
BSBUSDT,2026-03-29 23:00:00+09:00,0.23487,6.657281685663688,0.23369,0.24119,0.2449,0.25042,0.25299,0.24758,0.25273,0.2707,0.26536,0.262,0.26429,0.26749,0.25697,0.2368,0.23329,0.2284,0.23017,0.22592,0.2272,0.23961,0.23088
BSBUSDT,2026-04-10 09:00:00+09:00,0.18628,5.350073521094897,0.17966,0.18637,0.18448,0.18144,0.18446,0.18689,0.18685,0.19362,0.19846,0.18948,0.19288,0.18813,0.19473,0.1915,0.19268,0.19412,0.19303,0.19773,0.19754,0.19333,0.23088
BSBUSDT,2026-04-22 23:00:00+09:00,0.31511,6.972875717147028,0.32276,0.33967,0.34248,0.32812,0.34629,0.35695,0.36602,0.36382,0.3707,0.35052,0.35636,0.34976,0.34948,0.31703,0.30331,0.33829,0.34528,0.349,0.34388,0.35111,0.23088
BSBUSDT,2026-04-25 12:00:00+09:00,0.56286,14.091701463493742,0.51264,0.50049,0.51566,0.5243,0.53381,0.52125,0.53709,0.57701,0.51262,0.61437,0.63174,0.68763,0.74977,0.70538,0.75222,0.74749,0.67499,0.69738,0.72123,0.72565,0.23088
BSBUSDT,2026-04-25 22:00:00+09:00,0.61437,19.84901096328665,0.63174,0.68763,0.74977,0.70538,0.75222,0.74749,0.67499,0.69738,0.72123,0.72565,0.72085,0.74565,0.63728,0.56645,0.64209,0.61125,0.84621,0.686,0.64213,0.62509,0.23088
BSBUSDT,2026-05-08 16:00:00+09:00,0.6048,7.9884298110916685,0.61957,0.64344,0.6184,0.6656,0.6496,0.66711,0.6744,0.74073,0.76876,0.64229,0.53514,0.63827,0.6274,0.63112,0.60589,0.57528,0.56391,0.54544,0.53318,0.5265,0.23088
BSBUSDT,2026-05-18 13:00:00+09:00,0.59484,5.619773078357227,0.64036,0.65937,0.63218,0.65845,0.66368,0.67544,0.68186,0.68543,0.68288,0.7043,0.68129,0.69773,0.68783,0.68744,0.68867,0.68317,0.70215,0.6952,0.69788,0.69609,0.23088
BSBUSDT,2026-05-23 02:00:00+09:00,0.88649,34.553154028292155,0.85886,0.89849,0.95706,0.948,0.97325,0.9558,1.06803,1.08473,1.1712,1.17879,1.15333,1.20578,1.18239,1.1986,1.17992,1.33915,1.21225,1.15824,1.22667,1.17963,0.23088
BSVUSDT,2026-01-05 09:00:00+09:00,20.56,10.716208939149157,20.19,19.92,20.12,20.3,20.15,20.98,21.53,21.81,21.27,21.41,21.55,21.37,21.28,21.62,21.39,21.16,21.26,21.29,21.22,20.98,13.13
BSVUSDT,2026-02-13 20:00:00+09:00,17.22,10.668380462724924,16.75,16.78,16.59,17.04,16.8,16.89,17.08,17.13,17.01,16.97,16.91,16.72,17.09,16.8,16.64,16.46,16.55,16.39,16.3,16.33,13.13
BUSDT,2026-01-03 20:00:00+09:00,0.2182,33.29260843005497,0.2146,0.2093,0.2031,0.2118,0.2077,0.2086,0.2085,0.2102,0.2117,0.2099,0.2101,0.2061,0.2262,0.1911,0.1898,0.1892,0.2037,0.2071,0.205,0.2019,0.2198
BUSDT,2026-01-04 22:00:00+09:00,0.2044,5.198147195059185,0.2077,0.2134,0.215,0.2101,0.2062,0.2068,0.208,0.2101,0.2067,0.2078,0.212,0.2131,0.2086,0.2088,0.2093,0.2104,0.2103,0.2096,0.2139,0.212,0.2198
BUSDT,2026-01-12 10:00:00+09:00,0.2712,16.645161290322573,0.2785,0.2733,0.2746,0.2772,0.2748,0.281,0.2757,0.276,0.2719,0.2669,0.2716,0.2725,0.2766,0.2704,0.2692,0.2728,0.2715,0.2721,0.2707,0.269,0.2198
BUSDT,2026-02-06 19:00:00+09:00,0.1621,9.01143241425689,0.1697,0.165,0.1741,0.1739,0.1775,0.1767,0.1724,0.1705,0.1701,0.1675,0.1657,0.1638,0.1594,0.1559,0.1538,0.1497,0.1512,0.1492,0.1484,0.1427,0.2198
BUSDT,2026-02-27 13:00:00+09:00,0.156,6.339468302658488,0.1539,0.1513,0.1533,0.1548,0.1621,0.1671,0.1615,0.1611,0.1623,0.1648,0.1614,0.1629,0.1651,0.1649,0.1647,0.1668,0.1672,0.1673,0.1714,0.1695,0.2198
BUSDT,2026-05-01 16:00:00+09:00,0.2092,35.1421188630491,0.2276,0.22,0.2147,0.2183,0.2125,0.2549,0.289,0.2983,0.3092,0.2894,0.2961,0.2971,0.3093,0.2972,0.3047,0.3159,0.3255,0.3278,0.3455,0.3362,0.2198
BUSDT,2026-05-01 22:00:00+09:00,0.2549,19.9529411764706,0.289,0.2983,0.3092,0.2894,0.2961,0.2971,0.3093,0.2972,0.3047,0.3159,0.3255,0.3278,0.3455,0.3362,0.3528,0.332,0.3443,0.3267,0.3373,0.3285,0.2198
BZUSDT,2026-04-02 10:00:00+09:00,105.74,6.3247863247863165,105.79,106.5,107.03,107.92,107.68,107.77,108.78,108.39,109.18,109.09,108.77,108.21,106.18,107.59,107.6,108.48,108.09,108.2,108.76,108.65,96.81
CARVUSDT,2025-12-19 13:00:00+09:00,0.1488,14.373558800922364,0.1458,0.1444,0.1455,0.1441,0.1445,0.1434,0.1438,0.1455,0.1453,0.1369,0.1367,0.1381,0.1388,0.1569,0.1566,0.1553,0.1548,0.1537,0.154,0.1516,0.04395
CARVUSDT,2025-12-20 03:00:00+09:00,0.1569,13.040345821325653,0.1566,0.1553,0.1548,0.1537,0.154,0.1516,0.1521,0.1527,0.1523,0.1507,0.153,0.1531,0.1515,0.1523,0.1525,0.1526,0.1524,0.152,0.1516,0.1514,0.04395
CARVUSDT,2026-04-17 09:00:00+09:00,0.05921,5.2809388335704135,0.05933,0.06051,0.05884,0.05869,0.06015,0.06036,0.06086,0.0603,0.06118,0.06172,0.06315,0.06308,0.0623,0.06179,0.06105,0.06067,0.06029,0.0604,0.06055,0.06027,0.04395
CARVUSDT,2026-05-10 02:00:00+09:00,0.06565,6.522797338958304,0.06677,0.06694,0.06743,0.069,0.06797,0.06737,0.06821,0.06692,0.0659,0.06526,0.06516,0.06695,0.06592,0.06584,0.06634,0.06624,0.06579,0.06538,0.06566,0.06529,0.04395
CETUSUSDT,2026-03-23 17:00:00+09:00,0.02219,5.215742057847322,0.02281,0.02256,0.02359,0.0243,0.0247,0.02508,0.02408,0.024,0.02392,0.02361,0.02306,0.02324,0.023,0.02314,0.02366,0.02314,0.02262,0.02284,0.02285,0.02318,0.02046
CETUSUSDT,2026-04-22 11:00:00+09:00,0.02669,5.828707375099125,0.02652,0.02686,0.02843,0.02819,0.02899,0.02777,0.02777,0.02779,0.0283,0.02809,0.02779,0.02732,0.02806,0.02835,0.02923,0.02928,0.02901,0.02966,0.02958,0.02955,0.02046
CETUSUSDT,2026-04-27 00:00:00+09:00,0.03027,5.031228313671061,0.03001,0.03057,0.03107,0.03133,0.0304,0.03099,0.03099,0.03058,0.0305,0.03145,0.03033,0.03046,0.03053,0.02936,0.02899,0.0291,0.02952,0.02975,0.02972,0.02991,0.02046
CETUSUSDT,2026-05-11 00:00:00+09:00,0.03585,7.625337736415492,0.03542,0.03644,0.0382,0.03884,0.03769,0.03775,0.03768,0.03745,0.03828,0.03763,0.03651,0.03696,0.03716,0.03742,0.03688,0.03595,0.03524,0.03527,0.03452,0.0351,0.02046
CFGUSDT,2026-04-13 18:00:00+09:00,0.20079,5.7401653588919865,0.1965,0.19251,0.19443,0.19434,0.19628,0.19783,0.20078,0.2006,0.20293,0.20563,0.20408,0.20325,0.20948,0.20986,0.20858,0.20416,0.20154,0.19935,0.19889,0.20122,0.24683
CFXUSDT,2026-02-04 04:00:00+09:00,0.0554,5.06353119666224,0.05712,0.05636,0.05546,0.05529,0.0555,0.0556,0.05556,0.05635,0.05629,0.05577,0.0561,0.05634,0.05625,0.05593,0.05588,0.0558,0.0558,0.05485,0.05456,0.05433,0.04926
CFXUSDT,2026-04-10 14:00:00+09:00,0.05545,5.198254600645038,0.05328,0.05414,0.05483,0.05567,0.05434,0.05421,0.05597,0.05523,0.05433,0.05418,0.05419,0.05413,0.05449,0.05471,0.05518,0.05501,0.05481,0.05463,0.05429,0.05453,0.04926
CHILLGUYUSDT,2026-04-10 11:00:00+09:00,0.01134,6.080449017773616,0.01162,0.01233,0.0127,0.01214,0.01202,0.01212,0.01276,0.01291,0.0125,0.01285,0.01269,0.01271,0.01283,0.01284,0.01306,0.01304,0.01281,0.013,0.01306,0.01294,0.00872
CHILLGUYUSDT,2026-05-02 23:00:00+09:00,0.01472,6.744017403915883,0.0143,0.01458,0.01415,0.01468,0.01533,0.0159,0.01602,0.01601,0.01577,0.01615,0.01574,0.01539,0.0155,0.0157,0.0164,0.01594,0.01489,0.01453,0.0147,0.01485,0.00872
CHILLGUYUSDT,2026-05-10 17:00:00+09:00,0.01605,5.314960629921249,0.01616,0.01621,0.01602,0.01605,0.01609,0.01599,0.01611,0.01605,0.01667,0.01677,0.01691,0.01611,0.01605,0.01637,0.01642,0.01596,0.01594,0.01595,0.01551,0.01576,0.00872
CHIPUSDT,2026-04-22 14:00:00+09:00,0.07744,26.70157068062826,0.07772,0.08528,0.08477,0.07969,0.0849,0.09404,0.11046,0.09523,0.10953,0.1123,0.10712,0.11094,0.11379,0.10296,0.10861,0.10816,0.10785,0.11233,0.12133,0.13325,0.03566
CHIPUSDT,2026-05-08 15:00:00+09:00,0.06496,8.592443998662665,0.06511,0.06512,0.06392,0.06629,0.06837,0.06689,0.06668,0.06651,0.06723,0.0738,0.07202,0.07261,0.07435,0.07475,0.07274,0.07179,0.07242,0.06994,0.06902,0.06896,0.03566
CHRUSDT,2026-02-04 04:00:00+09:00,0.031,5.657805044308105,0.03153,0.03149,0.03101,0.03061,0.03084,0.03108,0.03108,0.03137,0.03138,0.03114,0.03133,0.03119,0.03107,0.03072,0.03081,0.03052,0.03045,0.02976,0.02967,0.02959,0.01751
CHRUSDT,2026-04-13 19:00:00+09:00,0.01807,5.796252927400455,0.01796,0.01782,0.01768,0.01753,0.01833,0.01824,0.01858,0.01834,0.01853,0.01833,0.01831,0.01838,0.01831,0.01814,0.01806,0.01805,0.01821,0.01864,0.01837,0.01822,0.01751
CLANKERUSDT,2026-01-28 17:00:00+09:00,31.15,11.648745519713263,32.1,31.9,31.73,36.41,37.85,34.53,33.24,33.1,34.49,33.57,33.3,33.31,32.54,32.42,32.14,30.57,30.34,29.41,28.96,28.16,16.42
CLANKERUSDT,2026-01-30 15:00:00+09:00,36.43,17.289117836445595,35.42,34.12,34.13,33.59,36.11,33.72,34.93,35.18,36.01,35.48,36.97,34.53,36.15,36.9,37.68,39.24,39.24,44.73,44.7,44.91,16.42
CLANKERUSDT,2026-05-30 07:00:00+09:00,19.45,5.420054200542006,19.83,19.85,19.56,19.45,19.51,19.84,20.05,20.02,19.98,19.88,20.27,20.22,20.39,20.14,20.19,20.26,19.92,19.83,19.81,19.81,16.42
CLOUSDT,2026-01-05 12:00:00+09:00,0.3848,41.835606339845185,0.3867,0.3946,0.3842,0.3868,0.394,0.4187,0.4159,0.414,0.4122,0.4175,0.4272,0.4315,0.4324,0.4323,0.4359,0.4255,0.4279,0.42,0.4146,0.4071,0.067746
CLOUSDT,2026-01-11 12:00:00+09:00,0.7196,8.865355521936458,0.7867,0.7721,0.7592,0.7183,0.8027,0.7771,0.7786,0.7623,0.7663,0.7285,0.7361,0.732,0.734,0.749,0.7494,0.7315,0.7445,0.7427,0.7208,0.7314,0.067746
CLOUSDT,2026-01-13 10:00:00+09:00,0.765,11.678832116788314,0.7954,0.8725,0.8542,0.831,0.8083,0.8081,0.8383,0.8154,0.7926,0.7692,0.7663,0.7649,0.746,0.7437,0.7557,0.7574,0.7459,0.7493,0.7354,0.7256,0.067746
CLOUSDT,2026-01-21 12:00:00+09:00,0.6641,6.324047390329807,0.7078,0.712,0.6862,0.7021,0.7149,0.707,0.7101,0.6976,0.6946,0.7016,0.6953,0.6909,0.6817,0.6784,0.6851,0.6872,0.685,0.6825,0.6873,0.6779,0.067746
CLOUSDT,2026-02-13 01:00:00+09:00,0.0791,11.095505617977535,0.0868,0.0823,0.0794,0.0815,0.0857,0.0911,0.0849,0.0873,0.0896,0.0851,0.0881,0.0937,0.0917,0.0925,0.0981,0.1104,0.1124,0.1141,0.1129,0.0992,0.067746
CLOUSDT,2026-04-17 12:00:00+09:00,0.1104,13.580246913580252,0.1084,0.1112,0.1139,0.1203,0.1212,0.1208,0.1217,0.1195,0.1209,0.1198,0.1204,0.1217,0.1209,0.1207,0.1213,0.1207,0.1239,0.1175,0.1198,0.1207,0.067746
CLUSDT,2026-04-02 10:00:00+09:00,104.105,6.316380718954251,103.734,104.692,104.842,105.927,105.937,106.124,107.089,107.514,108.173,109.73,112.895,110.858,108.601,111.287,110.599,111.22,110.674,111.42,111.637,111.782,94.93
COAIUSDT,2026-01-03 18:00:00+09:00,0.4648,8.471411901983664,0.4595,0.4749,0.4782,0.4679,0.4604,0.4647,0.4568,0.4639,0.4642,0.4598,0.4663,0.468,0.4381,0.4272,0.4363,0.4394,0.4391,0.4368,0.4394,0.4434,0.2834
COAIUSDT,2026-02-04 04:00:00+09:00,0.267,5.118110236220478,0.2755,0.2719,0.2691,0.2675,0.2704,0.2729,0.2824,0.3108,0.3054,0.2975,0.3023,0.2956,0.295,0.2962,0.3022,0.302,0.3001,0.2901,0.2928,0.299,0.2834
COHRUSDT,2026-05-11 23:00:00+09:00,379.95,8.861956334880524,382.02,378.55,377.57,380.46,379.79,381.22,381.33,382.8,383.6,387.26,381.84,384.52,383.01,381.47,382.56,382.28,382.35,377.46,377.55,375.54,401.88
COHRUSDT,2026-05-21 22:00:00+09:00,376.98,5.863521482729569,375.89,374.81,375.32,380.08,375.16,378.38,378.44,378.54,379.9,381.26,382.45,381.85,381.38,382.8,383.67,383.47,383.4,384.44,384.25,380.99,401.88
COHRUSDT,2026-06-02 22:00:00+09:00,416.4,9.005235602094235,428.73,427.05,423.67,426.87,423.77,426.43,427.46,429.07,428.79,426.75,444.79,444.69,456.91,457.72,452.32,445.06,440.36,444.52,445.33,425.09,401.88
COINUSDT,2026-03-02 23:00:00+09:00,180.65,5.971725230245795,183.15,183.07,183.48,183.58,184.02,185.16,184.89,185.27,184.87,185.24,183.84,182.38,181.95,181.53,180.82,180.74,180.38,176.59,175.03,176.37,158.58
COINUSDT,2026-05-14 23:00:00+09:00,206.16,5.4958550813632225,214.07,220.41,216.6,218.68,212.06,212.19,213.04,213.66,212.4,213.74,210.28,210.76,210.18,208.2,206.32,207.86,208.98,210.32,208.87,209.03,158.58
COOKIEUSDT,2026-03-04 02:00:00+09:00,0.01965,5.645161290322593,0.01895,0.01891,0.0189,0.01922,0.01936,0.0195,0.02031,0.02023,0.02073,0.02057,0.0203,0.02076,0.02101,0.02078,0.0214,0.02138,0.02109,0.02251,0.02335,0.02331,0.01089
COOKIEUSDT,2026-03-04 20:00:00+09:00,0.02251,6.733048838311985,0.02335,0.02331,0.0225,0.02258,0.02217,0.02251,0.02272,0.0227,0.02232,0.02243,0.02222,0.02234,0.02158,0.02135,0.02163,0.02209,0.022,0.02195,0.02248,0.02202,0.01089
COOKIEUSDT,2026-05-08 04:00:00+09:00,0.01935,5.795516675779106,0.01878,0.01879,0.01873,0.01872,0.01853,0.01892,0.0188,0.01893,0.01914,0.01881,0.0187,0.01852,0.01879,0.01873,0.01873,0.01879,0.01857,0.01873,0.01908,0.019,0.01089
COOKIEUSDT,2026-05-18 09:00:00+09:00,0.01874,5.162738496071833,0.01948,0.01904,0.01877,0.01892,0.01924,0.01972,0.0193,0.0198,0.01892,0.019,0.01889,0.01918,0.01928,0.0189,0.01879,0.01911,0.01926,0.01899,0.01906,0.01947,0.01089
COTIUSDT,2026-01-19 22:00:00+09:00,0.021,5.633802816901424,0.02114,0.02106,0.02136,0.02133,0.02186,0.0231,0.02242,0.02208,0.02165,0.02172,0.02175,0.02162,0.0214,0.02124,0.02114,0.02097,0.02051,0.02031,0.02015,0.02018,0.01135
CRCLUSDT,2025-12-16 23:00:00+09:00,83.02,7.399741267787838,82.93,82.18,81.2,82.72,82.17,82.92,83.43,83.46,82.98,82.73,82.73,83.2,82.92,82.76,82.71,82.86,83.09,82.8,82.91,83.1,88.35
CRCLUSDT,2026-02-25 20:00:00+09:00,70.61,11.813143309580367,71.51,73.89,73.72,74.09,79.1,79.49,80.13,82.08,83.27,82.2,81.35,81.32,81.87,82.83,83.14,82.89,84.55,83.7,83.61,83.4,88.35
CRCLUSDT,2026-02-26 01:00:00+09:00,79.1,6.762046160075571,79.49,80.13,82.08,83.27,82.2,81.35,81.32,81.87,82.83,83.14,82.89,84.55,83.7,83.61,83.4,83.71,83.77,83.53,82.59,82.49,88.35
CRCLUSDT,2026-03-02 23:00:00+09:00,92.25,15.125421190565339,93.65,93.72,94.38,94.63,95.73,96.23,96.36,96.35,95.51,95.62,94.18,94.9,94.53,94.3,93.93,93.15,93.13,91.8,90.03,90.41,88.35
CRCLUSDT,2026-04-13 22:00:00+09:00,94.65,9.056342896647077,96.81,95.47,95.99,96.21,96.6,98.44,98.61,98.2,100.11,99.73,100.25,100.21,100.3,100.74,101.34,100.11,100.26,101.03,102.42,101.71,88.35
CRCLUSDT,2026-05-11 23:00:00+09:00,121.79,6.852079312160029,127.04,126.79,132.83,131.4,131.69,130.42,130.94,131.39,131.38,129.86,125.42,128.0,128.22,128.6,130.83,129.4,130.01,131.38,134.11,135.1,88.35
CRDOUSDT,2026-05-11 23:00:00+09:00,207.34,7.61405512015364,205.49,206.42,208.63,207.19,210.41,210.24,209.44,209.74,210.02,209.49,206.64,207.94,208.04,207.15,207.81,207.18,207.48,205.25,205.57,204.82,206.48
CRDOUSDT,2026-05-21 22:00:00+09:00,194.27,7.130252564243965,195.29,192.63,191.75,193.88,192.26,193.58,193.95,194.47,194.49,194.54,194.33,194.14,194.68,194.82,194.84,194.4,194.89,195.09,195.48,195.41,206.48
CRWVUSDT,2026-05-01 22:00:00+09:00,120.92,6.079480656197918,120.87,120.21,120.07,119.23,119.04,119.07,118.75,119.31,119.02,119.44,119.72,119.64,119.77,120.16,119.42,119.14,119.4,119.12,119.91,119.94,107.83
CRWVUSDT,2026-06-01 23:00:00+09:00,126.79,6.761535870663524,123.51,125.56,127.32,125.17,125.02,125.36,126.0,125.1,126.56,124.47,125.45,125.55,125.51,127.26,127.5,128.89,129.3,129.78,129.62,127.98,107.83
CTSIUSDT,2026-05-01 22:00:00+09:00,0.03377,5.762605699968685,0.03334,0.03366,0.03318,0.0334,0.03351,0.0355,0.0345,0.03579,0.03539,0.03536,0.03413,0.03452,0.03418,0.03393,0.03526,0.03413,0.034,0.0338,0.03391,0.03391,0.02473
CUSDT,2026-03-27 13:00:00+09:00,0.08007,27.0952380952381,0.07877,0.07686,0.0862,0.08357,0.08416,0.08521,0.08837,0.09131,0.0941,0.09541,0.09081,0.08902,0.09136,0.08981,0.08998,0.08893,0.08707,0.08532,0.08623,0.08891,0.0993
CUSDT,2026-03-30 01:00:00+09:00,0.09153,17.22592213114755,0.08712,0.08643,0.08475,0.08526,0.08861,0.08647,0.08644,0.08641,0.08574,0.08702,0.08707,0.08809,0.08369,0.08209,0.08138,0.07996,0.08073,0.08057,0.08053,0.07829,0.0993
CVXUSDT,2026-01-04 03:00:00+09:00,2.297,16.895674300254456,2.338,2.189,2.254,2.357,2.337,2.36,2.349,2.355,2.273,2.283,2.264,2.268,2.203,2.167,2.121,2.089,2.088,2.102,2.05,2.058,1.329
CYBERUSDT,2026-01-24 19:00:00+09:00,0.8126,7.786178538267671,0.7739,0.7784,0.7984,0.788,0.7867,0.7992,0.8002,0.8072,0.7945,0.805,0.8003,0.8148,0.8386,0.8086,0.7924,0.8032,0.7944,0.7868,0.8226,0.8192,0.4119
CYSUSDT,2025-12-19 03:00:00+09:00,0.28292,9.121764955451846,0.2858,0.29142,0.2965,0.30095,0.28381,0.28041,0.29241,0.28968,0.2974,0.30083,0.29725,0.29311,0.28786,0.27478,0.28609,0.29437,0.29425,0.27687,0.2815,0.275,0.44068
CYSUSDT,2025-12-21 15:00:00+09:00,0.34311,5.774092114187072,0.35188,0.35181,0.36312,0.36273,0.36459,0.37717,0.37916,0.38165,0.37986,0.4002,0.37913,0.35518,0.36571,0.35815,0.34666,0.34194,0.33518,0.33147,0.35234,0.36812,0.44068
CYSUSDT,2025-12-24 23:00:00+09:00,0.26667,7.212640212278379,0.25288,0.26846,0.26119,0.26687,0.27006,0.26958,0.26464,0.26881,0.26626,0.26643,0.26843,0.26616,0.26984,0.25927,0.25959,0.25994,0.25887,0.26491,0.26421,0.26557,0.44068
CYSUSDT,2026-01-31 09:00:00+09:00,0.20503,5.256943374916577,0.21054,0.20364,0.213,0.21847,0.22628,0.24099,0.22779,0.22516,0.23107,0.22937,0.23028,0.2314,0.2496,0.30164,0.30496,0.30888,0.30382,0.30398,0.29796,0.29497,0.44068
CYSUSDT,2026-01-31 15:00:00+09:00,0.24099,6.500795474633198,0.22779,0.22516,0.23107,0.22937,0.23028,0.2314,0.2496,0.30164,0.30496,0.30888,0.30382,0.30398,0.29796,0.29497,0.28967,0.28055,0.35609,0.33064,0.32506,0.34266,0.44068
CYSUSDT,2026-01-31 22:00:00+09:00,0.2496,7.86516853932584,0.30164,0.30496,0.30888,0.30382,0.30398,0.29796,0.29497,0.28967,0.28055,0.35609,0.33064,0.32506,0.34266,0.32889,0.30639,0.32425,0.33374,0.3345,0.35033,0.34857,0.44068
CYSUSDT,2026-02-04 12:00:00+09:00,0.34286,7.297990861863932,0.33404,0.34792,0.35373,0.3625,0.35963,0.35364,0.35337,0.34893,0.34034,0.31801,0.32091,0.33048,0.33867,0.3381,0.33137,0.33542,0.33477,0.33282,0.33382,0.3419,0.44068
CYSUSDT,2026-02-12 15:00:00+09:00,0.38103,5.495874633146902,0.38704,0.39464,0.41591,0.41527,0.41003,0.41774,0.42943,0.43146,0.4248,0.41455,0.41124,0.41042,0.40767,0.41046,0.40132,0.40417,0.40505,0.41,0.39663,0.41244,0.44068
CYSUSDT,2026-03-06 18:00:00+09:00,0.38357,13.576335425796518,0.39639,0.40046,0.43517,0.42852,0.42762,0.4267,0.4102,0.41188,0.41291,0.41555,0.41675,0.41743,0.41785,0.41608,0.42828,0.4317,0.43087,0.42653,0.42159,0.42324,0.44068
CYSUSDT,2026-03-10 08:00:00+09:00,0.48793,7.848901463242116,0.52115,0.54111,0.54249,0.51723,0.4988,0.50006,0.54684,0.55629,0.57261,0.57833,0.54436,0.50963,0.48,0.52257,0.48509,0.51536,0.50014,0.49034,0.48286,0.48161,0.44068
CYSUSDT,2026-03-15 19:00:00+09:00,0.41993,7.506208238396357,0.42109,0.42665,0.43574,0.43331,0.42978,0.42774,0.42824,0.42707,0.42894,0.42931,0.42659,0.42135,0.42256,0.44175,0.43894,0.43544,0.43708,0.43619,0.43797,0.43579,0.44068
CYSUSDT,2026-03-16 19:00:00+09:00,0.45916,5.251575931232088,0.44831,0.45276,0.45345,0.48054,0.46551,0.46873,0.47516,0.46473,0.46883,0.46344,0.46357,0.45398,0.45355,0.45685,0.46668,0.47012,0.4741,0.47788,0.47176,0.47824,0.44068
CYSUSDT,2026-03-30 21:00:00+09:00,0.37242,11.419596110695581,0.36641,0.36769,0.3665,0.37442,0.37382,0.37444,0.37442,0.37615,0.37665,0.37873,0.37466,0.37658,0.37558,0.41846,0.37924,0.35744,0.34702,0.3744,0.35104,0.34506,0.44068
CYSUSDT,2026-04-11 21:00:00+09:00,0.23025,8.312164832063232,0.2338,0.2393,0.23292,0.24375,0.23763,0.23778,0.23837,0.24008,0.24155,0.23798,0.23662,0.2273,0.21948,0.24096,0.22528,0.22538,0.22857,0.23322,0.24029,0.2485,0.44068
CYSUSDT,2026-04-14 00:00:00+09:00,0.27383,5.161488536426133,0.26988,0.26834,0.26776,0.27304,0.27601,0.27529,0.27913,0.27737,0.28152,0.28106,0.28143,0.28256,0.28827,0.29497,0.30245,0.30065,0.30241,0.30419,0.31718,0.32073,0.44068
CYSUSDT,2026-04-15 12:00:00+09:00,0.3518,7.164615572072616,0.35346,0.35119,0.36722,0.36604,0.37025,0.37686,0.3587,0.37124,0.36343,0.35982,0.37622,0.37644,0.37704,0.37755,0.37149,0.37181,0.38246,0.3929,0.40333,0.4274,0.44068
CYSUSDT,2026-05-13 22:00:00+09:00,0.44369,10.554904941070927,0.44733,0.44953,0.4405,0.45794,0.47235,0.45985,0.4599,0.45288,0.44837,0.44305,0.44986,0.44945,0.4452,0.45216,0.43504,0.42519,0.44933,0.44038,0.43142,0.44011,0.44068
CYSUSDT,2026-05-21 12:00:00+09:00,0.46821,7.468955861087522,0.46644,0.46609,0.45355,0.46145,0.47519,0.47967,0.47249,0.48419,0.47746,0.45165,0.46654,0.45841,0.46375,0.46999,0.47149,0.46894,0.47271,0.47474,0.47143,0.47166,0.44068
DASHUSDT,2026-01-13 12:00:00+09:00,44.43,9.406550110810146,45.46,44.68,46.55,46.01,48.03,50.28,57.0,63.72,62.38,59.3,58.68,57.42,56.01,55.4,54.53,55.69,55.22,57.19,59.32,58.69,37.03
DASHUSDT,2026-01-14 15:00:00+09:00,64.07,10.713668567478825,64.69,62.91,72.49,75.3,72.01,74.49,77.15,84.48,84.68,82.26,86.03,84.23,83.5,82.53,82.2,78.53,79.67,80.9,79.8,80.95,37.03
DASHUSDT,2026-01-14 18:00:00+09:00,72.49,15.228103640120805,75.3,72.01,74.49,77.15,84.48,84.68,82.26,86.03,84.23,83.5,82.53,82.2,78.53,79.67,80.9,79.8,80.95,76.46,79.3,81.69,37.03
DASHUSDT,2026-01-16 10:00:00+09:00,83.87,5.008138224614999,86.14,87.36,88.33,92.11,91.64,93.82,91.95,90.95,91.51,88.04,88.26,87.64,88.47,91.09,91.03,88.97,88.65,86.89,88.46,88.42,37.03
DASHUSDT,2026-04-10 18:00:00+09:00,43.12,6.653475142221117,41.17,41.98,43.25,41.98,42.73,44.7,44.01,44.17,43.18,44.03,45.26,45.9,45.79,45.68,46.0,45.12,44.54,43.91,43.64,43.81,37.03
DASHUSDT,2026-05-06 14:00:00+09:00,50.5,5.055127938423133,50.18,53.04,55.66,53.91,55.47,54.88,57.19,55.3,54.92,54.96,54.62,54.84,54.15,54.87,55.09,54.25,53.14,51.5,52.13,51.94,37.03
DASHUSDT,2026-05-06 16:00:00+09:00,53.04,5.699481865284973,55.66,53.91,55.47,54.88,57.19,55.3,54.92,54.96,54.62,54.84,54.15,54.87,55.09,54.25,53.14,51.5,52.13,51.94,50.68,50.62,37.03
DEEPUSDT,2026-01-11 13:00:00+09:00,0.05592,6.8194842406876734,0.05507,0.05518,0.0553,0.05513,0.05447,0.05457,0.05487,0.05713,0.05662,0.0564,0.0562,0.05641,0.05666,0.05684,0.05701,0.05609,0.05597,0.05485,0.05542,0.05317,0.0188
DEEPUSDT,2026-01-22 04:00:00+09:00,0.04135,6.517259144770731,0.04129,0.04099,0.04064,0.04035,0.04174,0.04152,0.04143,0.04116,0.0413,0.04084,0.04118,0.04088,0.04117,0.04133,0.04121,0.04117,0.04111,0.0408,0.04001,0.04036,0.0188
DEEPUSDT,2026-05-11 00:00:00+09:00,0.03887,6.609983543609442,0.03978,0.04291,0.04417,0.04213,0.04118,0.04108,0.04226,0.04241,0.04172,0.04201,0.04108,0.04036,0.04016,0.04032,0.04023,0.04018,0.03996,0.04005,0.03919,0.03941,0.0188
DEEPUSDT,2026-05-11 02:00:00+09:00,0.04291,7.868275515334323,0.04417,0.04213,0.04118,0.04108,0.04226,0.04241,0.04172,0.04201,0.04108,0.04036,0.04016,0.04032,0.04023,0.04018,0.03996,0.04005,0.03919,0.03941,0.03986,0.03887,0.0188
DEXEUSDT,2026-03-13 15:00:00+09:00,4.579,5.823896464062856,4.506,4.695,4.771,4.7,4.769,4.766,4.681,4.67,4.483,4.604,4.636,4.608,4.653,4.73,4.642,4.634,4.689,4.663,4.711,4.697,18.011
DEXEUSDT,2026-04-22 06:00:00+09:00,13.073,8.139631069567375,12.613,12.477,12.809,12.713,12.747,12.716,12.663,13.043,13.328,13.311,12.492,12.203,12.042,11.895,12.172,11.393,12.008,12.071,12.369,12.152,18.011
DOGSUSDT,2026-01-04 17:00:00+09:00,4.85e-05,5.206073752711491,4.9e-05,4.96e-05,4.96e-05,4.95e-05,4.88e-05,4.94e-05,4.93e-05,5.06e-05,5.17e-05,5.14e-05,4.97e-05,5e-05,5.08e-05,4.99e-05,5e-05,4.96e-05,5.04e-05,5.03e-05,4.92e-05,4.8e-05,4.574e-05
DOGSUSDT,2026-05-05 06:00:00+09:00,3.708e-05,5.310991195683047,3.674e-05,3.77e-05,4.573e-05,5.31e-05,6.186e-05,6.136e-05,6.298e-05,5.915e-05,6.114e-05,7.066e-05,6.987e-05,6.89e-05,7.124e-05,7.026e-05,7.085e-05,6.329e-05,6.06e-05,5.837e-05,6.101e-05,6.171e-05,4.574e-05
DOGSUSDT,2026-05-05 09:00:00+09:00,4.573e-05,21.2997347480106,5.31e-05,6.186e-05,6.136e-05,6.298e-05,5.915e-05,6.114e-05,7.066e-05,6.987e-05,6.89e-05,7.124e-05,7.026e-05,7.085e-05,6.329e-05,6.06e-05,5.837e-05,6.101e-05,6.171e-05,5.995e-05,5.887e-05,6.169e-05,4.574e-05
DOGSUSDT,2026-05-07 01:00:00+09:00,5.959e-05,9.782608695652165,5.671e-05,5.672e-05,5.702e-05,5.915e-05,5.865e-05,5.908e-05,5.88e-05,6.932e-05,8.805e-05,9.702e-05,9.021e-05,9.688e-05,9.587e-05,9.547e-05,9.092e-05,8.778e-05,8.941e-05,8.812e-05,8.136e-05,8.295e-05,4.574e-05
DOGSUSDT,2026-05-07 09:00:00+09:00,6.932e-05,17.891156462585027,8.805e-05,9.702e-05,9.021e-05,9.688e-05,9.587e-05,9.547e-05,9.092e-05,8.778e-05,8.941e-05,8.812e-05,8.136e-05,8.295e-05,8.313e-05,7.981e-05,8.103e-05,8.06e-05,8.642e-05,8.755e-05,8.436e-05,8.511e-05,4.574e-05
DOLOUSDT,2026-02-06 23:00:00+09:00,0.03391,5.31055900621119,0.03417,0.03456,0.03475,0.03424,0.03429,0.03394,0.0341,0.03423,0.03365,0.03344,0.0334,0.03349,0.03346,0.0334,0.03343,0.0333,0.03348,0.03389,0.03365,0.03377,0.0261
DOODUSDT,2025-12-12 03:00:00+09:00,0.005302,5.281969817315342,0.00546,0.005501,0.005663,0.005715,0.005602,0.00562,0.005715,0.005668,0.005645,0.005487,0.005441,0.005529,0.005439,0.005475,0.005539,0.00567,0.005668,0.005745,0.005564,0.005663,0.001827
DOODUSDT,2025-12-15 10:00:00+09:00,0.005202,5.410334346504556,0.00544,0.005378,0.005558,0.005738,0.005647,0.005576,0.005473,0.005474,0.005522,0.005696,0.005862,0.005668,0.005601,0.005522,0.005522,0.005443,0.005369,0.005369,0.005382,0.005461,0.001827
DOODUSDT,2025-12-21 14:00:00+09:00,0.006222,5.888359428182436,0.006176,0.006167,0.006473,0.006346,0.006691,0.006533,0.006589,0.00636,0.006448,0.006514,0.006493,0.006451,0.006449,0.006464,0.006391,0.006353,0.006372,0.00647,0.00668,0.006586,0.001827
DOODUSDT,2025-12-23 18:00:00+09:00,0.006748,5.602503912363065,0.006712,0.006724,0.006708,0.006607,0.006637,0.006808,0.006788,0.006723,0.006704,0.00675,0.006719,0.006666,0.006659,0.006687,0.006764,0.006952,0.00692,0.006885,0.006756,0.006774,0.001827
DOODUSDT,2026-03-13 09:00:00+09:00,0.003086,8.509142053445853,0.00307,0.003045,0.002992,0.002976,0.002996,0.003041,0.003033,0.003029,0.003078,0.003058,0.003282,0.003453,0.003392,0.003241,0.003259,0.003226,0.003257,0.003251,0.003222,0.00325,0.001827
DRIFTUSDT,2026-01-13 15:00:00+09:00,0.1618,5.613577023498692,0.1599,0.1582,0.1611,0.1601,0.1615,0.1597,0.1605,0.1604,0.1647,0.1634,0.163,0.1627,0.1631,0.1623,0.1618,0.1654,0.1641,0.17,0.1741,0.1726,0.01764
DRIFTUSDT,2026-03-31 22:00:00+09:00,0.0671,5.669291338582687,0.0672,0.0663,0.0665,0.0667,0.0669,0.0676,0.0683,0.0679,0.0677,0.0681,0.0678,0.0686,0.0677,0.0694,0.0695,0.0692,0.0698,0.0698,0.0705,0.0714,0.01764
DRIFTUSDT,2026-04-05 06:00:00+09:00,0.0433,10.459183673469386,0.0446,0.0457,0.045,0.0464,0.0489,0.0467,0.0455,0.0472,0.0486,0.0492,0.0498,0.0503,0.0415,0.0466,0.0485,0.048,0.0455,0.0429,0.0438,0.0441,0.01764
DRIFTUSDT,2026-04-11 17:00:00+09:00,0.0353,13.141025641025639,0.0331,0.0332,0.0338,0.0335,0.0332,0.0338,0.0336,0.0351,0.0347,0.0342,0.037,0.0352,0.0348,0.0348,0.0352,0.0365,0.0348,0.0352,0.0362,0.0374,0.01764
DRIFTUSDT,2026-04-12 22:00:00+09:00,0.038,6.4425770308123145,0.0381,0.0377,0.038,0.038,0.0382,0.0412,0.0398,0.0391,0.0382,0.0408,0.0421,0.0418,0.0411,0.042,0.0436,0.0444,0.0509,0.0467,0.0439,0.0435,0.01764
DRIFTUSDT,2026-04-14 11:00:00+09:00,0.0434,7.425742574257432,0.0438,0.0481,0.0463,0.0458,0.0458,0.0448,0.0457,0.0453,0.044,0.0436,0.0439,0.0452,0.0458,0.0442,0.0449,0.0443,0.0456,0.0451,0.0448,0.0454,0.01764
DRIFTUSDT,2026-05-01 00:00:00+09:00,0.0357,5.621301775147947,0.0359,0.0374,0.0401,0.0407,0.0392,0.0396,0.0413,0.0415,0.0405,0.0403,0.0386,0.0394,0.0395,0.0395,0.0389,0.0393,0.0409,0.0434,0.045,0.0426,0.01764
DYMUSDT,2026-05-09 09:00:00+09:00,0.02442,7.957559681697609,0.0245,0.0245,0.02487,0.02811,0.02805,0.02625,0.02685,0.02643,0.0274,0.03072,0.02848,0.02685,0.02738,0.02517,0.02489,0.02508,0.02539,0.02466,0.02523,0.02502,0.01811
DYMUSDT,2026-05-20 13:00:00+09:00,0.02546,5.468102734051359,0.02666,0.02641,0.02666,0.02612,0.02587,0.02591,0.02576,0.02615,0.0259,0.02596,0.02553,0.02543,0.02543,0.02545,0.02542,0.02586,0.02609,0.02684,0.02655,0.02625,0.01811
DYMUSDT,2026-05-24 04:00:00+09:00,0.0274,5.914186316196367,0.02759,0.02862,0.02787,0.02831,0.02921,0.02914,0.02969,0.02946,0.02914,0.027,0.026,0.02662,0.02709,0.02684,0.02523,0.02569,0.02526,0.02545,0.02557,0.02574,0.01811
EDGEUSDT,2026-04-03 13:00:00+09:00,0.8729,7.685664939550953,0.8326,0.8283,0.8521,0.9268,0.8867,0.9015,0.907,0.9381,0.9699,0.9521,1.0329,1.0497,1.1631,1.1492,1.0963,1.1292,1.1093,1.1506,1.1287,1.0269,0.6212
EDGEUSDT,2026-05-30 10:00:00+09:00,1.3457,6.522599540884968,1.3339,1.3267,1.3162,1.3309,1.352,1.3463,1.3623,1.3337,1.3633,1.3332,1.3672,1.3758,1.3819,1.3853,1.3809,1.3758,1.3761,1.3779,1.3829,1.392,0.6212
EGLDUSDT,2026-02-04 04:00:00+09:00,4.791,5.042753782065345,4.988,4.963,4.9,4.873,4.882,4.932,4.913,4.973,4.951,4.922,4.976,5.025,4.953,4.928,4.913,4.872,4.852,4.79,4.734,4.724,3.2
EIGENUSDT,2026-01-09 00:00:00+09:00,0.4207,5.0174737893160275,0.4181,0.4138,0.4218,0.4159,0.417,0.4255,0.4238,0.4206,0.418,0.4141,0.4137,0.412,0.4082,0.4102,0.4117,0.4109,0.4039,0.4058,0.4079,0.4054,0.1952
EIGENUSDT,2026-01-14 07:00:00+09:00,0.4483,5.308902983321577,0.4459,0.4486,0.449,0.4471,0.4504,0.451,0.4506,0.4536,0.4498,0.4525,0.4548,0.4523,0.448,0.4484,0.4425,0.4492,0.4489,0.4498,0.4404,0.4345,0.1952
ELSAUSDT,2026-02-20 10:00:00+09:00,0.07669,5.069187559939711,0.07711,0.07616,0.07537,0.07589,0.07586,0.07593,0.07822,0.07782,0.07749,0.07701,0.07629,0.07703,0.07706,0.07779,0.07711,0.07739,0.07796,0.07788,0.07798,0.07818,0.05034
ENAUSDT,2026-04-17 00:00:00+09:00,0.1081,5.669599217986314,0.1054,0.1086,0.1122,0.1143,0.1147,0.113,0.1129,0.1135,0.1134,0.1107,0.1102,0.1098,0.1098,0.1092,0.11,0.1113,0.1131,0.1127,0.1107,0.113,0.10776
ENJUSDT,2026-02-04 04:00:00+09:00,0.02392,5.2353717553893535,0.02492,0.02471,0.02434,0.02415,0.02447,0.02449,0.02448,0.02485,0.02473,0.02444,0.02453,0.02452,0.02429,0.02426,0.02426,0.0241,0.02393,0.02364,0.02355,0.02333,0.03366
ENJUSDT,2026-04-09 00:00:00+09:00,0.02486,21.386718749999993,0.02726,0.02709,0.02696,0.0273,0.02857,0.02697,0.02682,0.02688,0.02546,0.0261,0.03458,0.03455,0.03218,0.03121,0.03057,0.03008,0.02971,0.02965,0.02876,0.02948,0.03366
ENJUSDT,2026-04-13 18:00:00+09:00,0.04069,14.749012972363223,0.04211,0.03996,0.03928,0.03992,0.04389,0.04334,0.04317,0.04183,0.04359,0.04477,0.04408,0.04371,0.04432,0.04362,0.04435,0.04439,0.04433,0.04359,0.04322,0.04552,0.03366
ENJUSDT,2026-04-16 00:00:00+09:00,0.08738,12.908644527716758,0.08766,0.08706,0.09071,0.0912,0.08805,0.09081,0.093,0.08938,0.09464,0.09267,0.08492,0.07737,0.08128,0.0774,0.0785,0.07617,0.07735,0.07643,0.07775,0.08189,0.03366
ENSOUSDT,2025-12-25 09:00:00+09:00,0.7362,5.503009458297505,0.7501,0.7371,0.7372,0.7214,0.7344,0.739,0.7409,0.7529,0.7467,0.7541,0.771,0.8104,0.7558,0.7437,0.7525,0.7516,0.7714,0.7833,0.7774,0.7839,0.6335
ENSOUSDT,2026-01-24 09:00:00+09:00,0.8624,13.265038087733135,0.984,1.0216,1.2227,1.1305,1.1554,1.1528,1.0887,1.1432,1.1957,1.1596,1.3602,1.3468,1.3961,1.3558,1.3489,1.3202,1.375,1.3808,1.3834,1.3686,0.6335
ENSOUSDT,2026-02-24 23:00:00+09:00,2.625,15.582757254193996,2.6391,2.671,2.7831,2.7341,2.7796,2.7338,2.6879,2.6799,2.6643,2.7484,2.6944,2.7491,2.7866,2.943,2.8784,3.0136,2.9228,2.6971,2.7187,2.6909,0.6335
ENSOUSDT,2026-03-12 17:00:00+09:00,1.2525,6.978134608814475,1.2447,1.2169,1.2245,1.2298,1.2162,1.2235,1.2408,1.2713,1.2962,1.2928,1.3076,1.2871,1.3081,1.311,1.3116,1.2666,1.2744,1.33,1.4139,1.4152,0.6335
EPICUSDT,2026-06-01 22:00:00+09:00,0.333,10.119047619047624,0.3361,0.3369,0.335,0.3438,0.3458,0.346,0.3476,0.3617,0.3778,0.3584,0.3358,0.3349,0.3349,0.3541,0.3479,0.37,0.3615,0.3537,0.3928,0.4171,0.5013
EPICUSDT,2026-06-03 13:00:00+09:00,0.431,5.070697220867865,0.4222,0.4375,0.4449,0.4577,0.4708,0.571,0.4947,0.519,0.5162,0.5025,0.4613,0.4783,0.4603,0.4782,0.4767,0.4947,0.4812,0.4788,0.4751,0.4954,0.5013
ESPORTSUSDT,2025-12-11 18:00:00+09:00,0.426,6.550611540481727,0.43614,0.43413,0.44046,0.43736,0.42953,0.42946,0.43768,0.43981,0.43031,0.42438,0.43242,0.42858,0.42632,0.42352,0.42595,0.428,0.42527,0.42536,0.42629,0.42489,0.04334
ESPORTSUSDT,2026-01-03 06:00:00+09:00,0.44027,6.371104131432714,0.44109,0.43797,0.44422,0.4447,0.44264,0.44128,0.44403,0.44396,0.44782,0.4479,0.43601,0.43761,0.44201,0.43833,0.43951,0.43796,0.43766,0.43554,0.43735,0.43908,0.04334
ESPORTSUSDT,2026-03-17 07:00:00+09:00,0.34403,7.9479133981801136,0.33765,0.34028,0.342,0.34461,0.34462,0.35391,0.35611,0.35825,0.35981,0.35645,0.35371,0.3583,0.34924,0.35296,0.35982,0.35474,0.35309,0.35449,0.3536,0.34961,0.04334
ESPORTSUSDT,2026-03-25 21:00:00+09:00,0.29582,6.268635269605209,0.30366,0.31818,0.32214,0.3275,0.33074,0.32928,0.33105,0.32063,0.32099,0.31979,0.325,0.32242,0.33641,0.34181,0.35438,0.34497,0.34141,0.34679,0.34131,0.34596,0.04334
ESPORTSUSDT,2026-04-24 22:00:00+09:00,0.39347,5.848330777715003,0.42334,0.47703,0.48552,0.48533,0.48125,0.47105,0.47069,0.4614,0.46106,0.46137,0.46228,0.46195,0.46459,0.43562,0.42007,0.42043,0.40338,0.41306,0.40041,0.39492,0.04334
ESPORTSUSDT,2026-05-14 21:00:00+09:00,0.64278,8.048411497730717,0.68824,0.70677,0.70132,0.72953,0.71828,0.72725,0.70511,0.71937,0.71959,0.71698,0.71549,0.71286,0.71356,0.71013,0.71984,0.71595,0.69968,0.71564,0.71495,0.72099,0.04334
ESPUSDT,2026-02-18 21:00:00+09:00,0.078074,14.240145152322151,0.080918,0.083441,0.082066,0.079567,0.078987,0.081391,0.084383,0.086437,0.091212,0.091119,0.089433,0.088044,0.091131,0.084944,0.083879,0.080112,0.079981,0.079757,0.076598,0.07396,0.058724
ESPUSDT,2026-04-07 11:00:00+09:00,0.086249,7.036572804328682,0.082832,0.086318,0.095504,0.097145,0.092312,0.091459,0.089993,0.090875,0.088253,0.087507,0.08761,0.088313,0.084704,0.084548,0.08557,0.084829,0.084844,0.084712,0.085733,0.087202,0.058724
EULUSDT,2026-04-15 23:00:00+09:00,1.191,5.772646536412094,1.159,1.153,1.181,1.172,1.179,1.169,1.179,1.219,1.226,1.212,1.19,1.218,1.266,1.221,1.205,1.239,1.221,1.226,1.253,1.236,1.03
EULUSDT,2026-04-21 06:00:00+09:00,1.309,5.9919028340080835,1.323,1.295,1.301,1.294,1.303,1.333,1.327,1.394,1.407,1.404,1.393,1.422,1.41,1.385,1.382,1.369,1.366,1.428,1.448,1.44,1.03
EWYUSDT,2026-04-08 07:00:00+09:00,136.04,5.884184308841845,137.48,135.74,135.85,136.97,137.34,138.86,138.74,137.79,138.1,138.1,137.91,138.0,138.8,139.75,139.51,136.67,138.28,139.31,139.14,137.44,204.42
FARTCOINUSDT,2026-04-08 06:00:00+09:00,0.1913,5.457552370452035,0.1961,0.197,0.195,0.1976,0.1971,0.1969,0.1999,0.2032,0.203,0.2039,0.2052,0.2045,0.2045,0.2043,0.2017,0.2007,0.1987,0.2026,0.2046,0.2041,0.135
FETUSDT,2026-01-09 00:00:00+09:00,0.2935,6.999635435654391,0.291,0.2871,0.2825,0.2802,0.2821,0.2872,0.2843,0.2851,0.2829,0.281,0.2791,0.2812,0.278,0.2805,0.2842,0.2818,0.2782,0.28,0.2797,0.281,0.2452
FETUSDT,2026-06-03 13:00:00+09:00,0.261,5.030181086519119,0.2642,0.2602,0.2645,0.2624,0.2632,0.2689,0.2635,0.2637,0.2675,0.2698,0.2661,0.2623,0.261,0.2626,0.2584,0.2535,0.2639,0.2601,0.2537,0.2501,0.2452
FFUSDT,2026-06-01 10:00:00+09:00,0.11084,8.91225311977989,0.11584,0.11215,0.11755,0.1164,0.1158,0.11273,0.11529,0.11621,0.11614,0.11239,0.11248,0.11466,0.1129,0.11252,0.11313,0.11234,0.11127,0.11192,0.11153,0.11063,0.09441
FIDAUSDT,2026-04-04 09:00:00+09:00,0.01951,5.687973997833146,0.01882,0.01931,0.01949,0.02,0.01991,0.02084,0.02047,0.02099,0.02161,0.02116,0.0213,0.0206,0.01935,0.01923,0.01965,0.01977,0.01939,0.01917,0.0193,0.01917,0.0207
FIDAUSDT,2026-05-20 14:00:00+09:00,0.02629,7.174887892376687,0.02472,0.0276,0.02636,0.02578,0.0262,0.02685,0.02926,0.02975,0.03099,0.02945,0.03023,0.03036,0.03008,0.03595,0.03751,0.03606,0.03574,0.0345,0.03383,0.03317,0.0207
FIDAUSDT,2026-05-20 16:00:00+09:00,0.0276,11.650485436893208,0.02636,0.02578,0.0262,0.02685,0.02926,0.02975,0.03099,0.02945,0.03023,0.03036,0.03008,0.03595,0.03751,0.03606,0.03574,0.0345,0.03383,0.03317,0.03326,0.03315,0.0207
FIGHTUSDT,2026-02-05 12:00:00+09:00,0.00567,6.199662858213143,0.006132,0.006413,0.0063,0.006052,0.006979,0.006744,0.006822,0.00711,0.007457,0.007472,0.007336,0.007142,0.006792,0.006929,0.007422,0.006891,0.006433,0.006057,0.006087,0.006264,0.003831
FIGHTUSDT,2026-02-08 00:00:00+09:00,0.006947,10.497852711945283,0.006934,0.006963,0.006927,0.006788,0.006859,0.00695,0.007104,0.00708,0.006637,0.006797,0.006709,0.006667,0.006771,0.006828,0.006506,0.006498,0.006475,0.006414,0.006444,0.006545,0.003831
FIGHTUSDT,2026-04-21 12:00:00+09:00,0.003378,6.092964824120594,0.003306,0.00331,0.00348,0.003386,0.003576,0.004254,0.00402,0.004096,0.004,0.003883,0.003755,0.003718,0.003732,0.003798,0.003784,0.003813,0.003814,0.00383,0.003781,0.00387,0.003831
FILUSDT,2026-05-06 10:00:00+09:00,1.0345,5.399898115129897,1.0345,1.1182,1.1461,1.1152,1.0853,1.071,1.1038,1.1164,1.1207,1.1037,1.0889,1.0618,1.0547,1.0695,1.0772,1.0625,1.0621,1.0681,1.0756,1.0898,0.884
FILUSDT,2026-05-06 12:00:00+09:00,1.1182,8.090865152247472,1.1461,1.1152,1.0853,1.071,1.1038,1.1164,1.1207,1.1037,1.0889,1.0618,1.0547,1.0695,1.0772,1.0625,1.0621,1.0681,1.0756,1.0898,1.0888,1.1143,0.884
FLOCKUSDT,2025-12-24 12:00:00+09:00,0.095,6.981981981981979,0.0926,0.0926,0.094,0.0937,0.0933,0.0939,0.0945,0.0961,0.0941,0.0957,0.0943,0.0946,0.0947,0.0935,0.0936,0.0935,0.0934,0.093,0.0935,0.095,0.0463
FLOCKUSDT,2026-03-21 09:00:00+09:00,0.06299,7.2900698347811375,0.06132,0.06139,0.0617,0.06128,0.06227,0.06189,0.06458,0.06462,0.06257,0.06063,0.06045,0.06034,0.0607,0.06128,0.06099,0.06088,0.06096,0.06104,0.06079,0.06062,0.0463
FLOCKUSDT,2026-05-18 13:00:00+09:00,0.06758,5.117436615336757,0.06719,0.06711,0.06815,0.06835,0.06719,0.06732,0.06805,0.06853,0.06779,0.06685,0.06914,0.06945,0.06894,0.0677,0.06985,0.06977,0.06846,0.06822,0.06859,0.06808,0.0463
FLUXUSDT,2026-03-27 22:00:00+09:00,0.04824,6.6312997347480005,0.0479,0.04722,0.04714,0.04782,0.04882,0.04896,0.04885,0.04954,0.04903,0.04906,0.04878,0.04807,0.04842,0.05101,0.0485,0.04899,0.0477,0.04745,0.04697,0.04754,0.05906
FLUXUSDT,2026-04-24 23:00:00+09:00,0.0747,5.152027027027022,0.07595,0.07584,0.07473,0.07442,0.07544,0.07483,0.07543,0.076,0.0749,0.07421,0.07463,0.07611,0.07457,0.07325,0.07307,0.07258,0.073,0.07236,0.07235,0.07215,0.05906
FLYUSDT,2026-04-17 00:00:00+09:00,42.84,7.936507936507951,42.66,43.41,43.36,44.06,43.72,43.55,43.58,43.68,43.55,43.73,43.64,43.7,43.87,43.73,43.39,43.44,43.82,43.65,43.93,44.12,39.65
FLYUSDT,2026-05-22 22:00:00+09:00,46.27,6.859122401847589,47.8,48.51,47.78,47.73,49.03,49.54,49.71,49.44,49.74,50.04,49.89,49.81,49.78,49.77,49.76,49.64,49.5,49.47,49.58,49.57,39.65
FOGOUSDT,2026-01-19 23:00:00+09:00,0.02959,6.438848920863322,0.03052,0.03202,0.0314,0.03231,0.03247,0.031,0.03112,0.03092,0.03132,0.0297,0.02945,0.02962,0.02929,0.02922,0.02924,0.02862,0.02749,0.02745,0.02796,0.02757,0.01313
FOGOUSDT,2026-01-22 23:00:00+09:00,0.03154,5.661641541038516,0.03264,0.03427,0.03347,0.03474,0.0359,0.03721,0.0376,0.0369,0.03614,0.03566,0.03488,0.0367,0.03552,0.03575,0.03727,0.03657,0.03584,0.03438,0.03439,0.03487,0.01313
FOLKSUSDT,2025-12-13 22:00:00+09:00,19.416,9.624309766591004,22.8096,27.2815,27.1705,28.91,27.8947,27.1507,27.0974,26.6336,28.9774,32.6133,36.3265,38.5541,45.1699,40.5644,36.0257,37.363,24.9793,23.955,27.3668,28.8431,1.3021
FOLKSUSDT,2025-12-13 23:00:00+09:00,22.8096,17.478368355995052,27.2815,27.1705,28.91,27.8947,27.1507,27.0974,26.6336,28.9774,32.6133,36.3265,38.5541,45.1699,40.5644,36.0257,37.363,24.9793,23.955,27.3668,28.8431,25.2801,1.3021
FOLKSUSDT,2025-12-21 09:00:00+09:00,5.6627,11.626485836503782,5.7768,5.6219,5.7996,6.3609,6.5933,7.1341,7.1405,7.3121,6.1127,6.0062,5.9282,5.9369,5.2686,4.852,4.9398,4.7907,4.8073,5.0832,5.0075,5.1921,1.3021
FOLKSUSDT,2026-02-06 14:00:00+09:00,1.3077,6.066996512288099,1.2545,1.2652,1.2472,1.2848,1.4196,1.4357,1.4912,1.4901,1.4821,1.4917,1.4803,1.5034,1.4737,1.4824,1.4681,1.4839,1.5051,1.4802,1.4521,1.4477,1.3021
FOLKSUSDT,2026-04-14 21:00:00+09:00,1.3692,6.312601910086181,1.3508,1.3641,1.3633,1.3146,1.3254,1.3445,1.3656,1.3472,1.3963,1.3864,1.3998,1.3881,1.4029,1.3941,1.3468,1.3282,1.3304,1.3757,1.3806,1.3932,1.3021
FOLKSUSDT,2026-05-11 11:00:00+09:00,1.4477,5.004714586204392,1.55,1.5684,1.5307,1.5311,1.5543,1.5357,1.5028,1.5181,1.6318,1.5067,1.5073,1.4397,1.4741,1.46,1.4502,1.4584,1.4629,1.4535,1.4617,1.4605,1.3021
FORMUSDT,2026-03-04 04:00:00+09:00,0.3048,5.321354526606782,0.3169,0.3233,0.3397,0.3266,0.3308,0.3362,0.3348,0.3521,0.3662,0.3813,0.3732,0.3677,0.3623,0.3766,0.3552,0.3445,0.3267,0.3325,0.3281,0.3369,0.239
FORMUSDT,2026-04-13 11:00:00+09:00,0.2389,6.319537160658652,0.2392,0.2453,0.2403,0.2426,0.2417,0.244,0.2436,0.2447,0.2415,0.2406,0.2429,0.2508,0.2622,0.2599,0.2615,0.2553,0.2553,0.2541,0.2538,0.2532,0.239
FRAXUSDT,2026-01-18 07:00:00+09:00,0.82112,5.926365489305708,0.81891,0.84811,0.86731,0.86536,0.90388,0.87461,0.91695,1.00373,1.06794,1.11411,1.08829,1.11737,1.10715,1.08296,1.17512,1.13252,1.15114,1.09694,1.11998,1.17837,0.34075
FRAXUSDT,2026-01-18 15:00:00+09:00,1.00373,9.463983859534322,1.06794,1.11411,1.08829,1.11737,1.10715,1.08296,1.17512,1.13252,1.15114,1.09694,1.11998,1.17837,1.17048,1.17731,1.17852,1.23852,1.21951,1.21076,1.12921,1.109,0.34075
FRAXUSDT,2026-01-22 00:00:00+09:00,1.03974,9.2301550615624,1.02921,1.0216,1.10097,1.14442,1.15154,1.13241,1.12273,1.14038,1.17434,1.24436,1.17405,1.2089,1.21861,1.22695,1.17264,1.1885,1.22508,1.23602,1.21914,1.16745,0.34075
FRAXUSDT,2026-01-28 05:00:00+09:00,0.83019,5.280578276583604,0.87371,0.91913,0.91079,0.9553,0.89753,0.89873,0.93665,0.92804,0.93885,0.99494,1.00015,1.0102,1.00827,0.99172,1.00409,0.99598,0.98021,0.9771,0.99278,1.01106,0.34075
FRAXUSDT,2026-02-03 11:00:00+09:00,0.87635,9.605403039209554,0.89796,0.90164,0.89658,0.89,0.89242,0.88922,0.90114,0.88752,0.89756,0.88289,0.86942,0.87483,0.87206,0.87435,0.85973,0.84501,0.85722,0.87153,0.8721,0.85396,0.34075
FUSDT,2025-12-21 00:00:00+09:00,0.007308,6.143790849673212,0.007023,0.007029,0.00723,0.007331,0.007209,0.007154,0.007143,0.007225,0.007083,0.00703,0.007458,0.007967,0.008204,0.008019,0.008002,0.008233,0.00807,0.007893,0.007812,0.007696,0.004365
FUSDT,2025-12-23 10:00:00+09:00,0.008281,5.962891874600119,0.00789,0.008036,0.007941,0.00804,0.007938,0.007916,0.007975,0.008142,0.008074,0.008176,0.008015,0.007711,0.007634,0.007573,0.007669,0.007542,0.007623,0.007618,0.007605,0.007694,0.004365
GENIUSUSDT,2026-04-16 23:00:00+09:00,0.66862,12.378775400440357,0.6095,0.59944,0.71913,0.6625,0.64841,0.64363,0.6594,0.655,0.66121,0.65854,0.61655,0.64784,0.66777,0.66364,0.67469,0.65078,0.65138,0.62396,0.614,0.62136,0.45274
GENIUSUSDT,2026-04-19 22:00:00+09:00,0.64232,11.235799390412867,0.645,0.61721,0.62738,0.62357,0.63041,0.63532,0.62932,0.63286,0.62327,0.64816,0.65015,0.65332,0.64679,0.62545,0.61965,0.62308,0.62633,0.61247,0.63721,0.62748,0.45274
GENIUSUSDT,2026-05-22 16:00:00+09:00,0.55162,26.08457142857143,0.58057,0.57801,0.58961,0.60102,0.58145,0.62777,0.64246,0.63372,0.67062,0.63639,0.64772,0.64323,0.615,0.63072,0.63739,0.6264,0.61336,0.60744,0.63002,0.63042,0.45274
GENIUSUSDT,2026-05-23 20:00:00+09:00,0.65046,12.639617642474931,0.64615,0.67613,0.65424,0.65956,0.65888,0.66963,0.66652,0.65711,0.66031,0.66011,0.65638,0.6601,0.65619,0.6508,0.6594,0.65892,0.66157,0.65618,0.71384,0.71964,0.45274
GENIUSUSDT,2026-05-28 02:00:00+09:00,0.71837,5.403938140094479,0.70454,0.6987,0.70987,0.7133,0.727,0.71405,0.70792,0.70943,0.78995,0.75338,0.71778,0.74624,0.72372,0.66985,0.67709,0.63204,0.6793,0.64284,0.64625,0.63079,0.45274
GIGGLEUSDT,2025-12-20 05:00:00+09:00,64.94,7.999334774654907,64.17,63.11,64.19,65.2,65.31,66.84,68.48,71.52,72.12,73.75,72.81,71.7,73.25,72.13,70.82,68.24,68.86,68.46,67.85,70.12,28.45
GIGGLEUSDT,2026-01-04 18:00:00+09:00,76.32,6.5475359486248745,80.39,77.24,78.17,77.72,77.44,78.39,78.43,79.37,77.74,76.96,77.85,78.06,78.1,78.66,78.45,78.34,77.53,75.26,73.39,73.83,28.45
GIGGLEUSDT,2026-04-13 10:00:00+09:00,34.29,7.627118644067796,34.3,34.05,34.21,34.82,37.34,40.58,37.76,39.36,38.43,39.1,39.24,39.55,41.14,39.37,38.45,38.13,38.67,39.43,38.23,39.02,28.45
GIGGLEUSDT,2026-04-13 15:00:00+09:00,37.34,7.237219988512359,40.58,37.76,39.36,38.43,39.1,39.24,39.55,41.14,39.37,38.45,38.13,38.67,39.43,38.23,39.02,40.09,37.7,38.75,38.75,39.96,28.45
GIGGLEUSDT,2026-04-28 01:00:00+09:00,35.76,9.726910095121186,35.32,35.45,35.31,34.97,35.2,35.91,36.44,36.34,36.34,35.83,35.97,35.82,35.34,35.29,34.79,35.03,35.07,35.0,34.8,34.89,28.45
GMTUSDT,2026-05-23 15:00:00+09:00,0.01255,11.160318866253329,0.01329,0.01253,0.01255,0.01227,0.01205,0.01257,0.01326,0.01313,0.0125,0.01247,0.0129,0.01299,0.01327,0.01304,0.01304,0.01305,0.0127,0.01235,0.01226,0.01217,0.00935
GOATUSDT,2026-04-17 03:00:00+09:00,0.01881,6.511891279728209,0.01887,0.01843,0.01811,0.01813,0.01824,0.01843,0.01838,0.01891,0.01999,0.0193,0.01841,0.01809,0.01782,0.0179,0.01805,0.0177,0.01802,0.01835,0.01856,0.01851,0.01455
GPSUSDT,2026-02-07 11:00:00+09:00,0.009592,7.389162561576344,0.0095,0.009466,0.009508,0.009521,0.009552,0.009476,0.009562,0.009553,0.009608,0.009623,0.009847,0.009089,0.009354,0.009425,0.009246,0.009577,0.010397,0.01137,0.010857,0.010513,0.006387
GPSUSDT,2026-02-09 16:00:00+09:00,0.011951,7.997469727091998,0.011729,0.01292,0.012649,0.013225,0.012801,0.012728,0.013501,0.01324,0.012715,0.013244,0.013416,0.014929,0.014702,0.014555,0.014821,0.014535,0.015477,0.015894,0.013681,0.011555,0.006387
GPSUSDT,2026-02-17 19:00:00+09:00,0.012687,6.730041221502485,0.012619,0.012478,0.012807,0.012805,0.012859,0.012744,0.012803,0.013124,0.013607,0.013526,0.013514,0.013329,0.013192,0.013211,0.012731,0.012753,0.013204,0.013426,0.013491,0.013172,0.006387
GPSUSDT,2026-04-21 01:00:00+09:00,0.008932,5.131826741996241,0.009233,0.009175,0.009156,0.00919,0.009208,0.009192,0.009243,0.009341,0.009119,0.009148,0.009159,0.009109,0.00917,0.009144,0.009237,0.009319,0.00944,0.009645,0.009616,0.01013,0.006387
GPSUSDT,2026-04-27 12:00:00+09:00,0.007386,5.514285714285715,0.007496,0.007277,0.007255,0.007438,0.007842,0.008218,0.008313,0.008407,0.009106,0.007948,0.008002,0.007695,0.0079,0.007817,0.00802,0.008039,0.007956,0.007982,0.007784,0.007843,0.006387
GRASSUSDT,2026-01-05 23:00:00+09:00,0.3551,8.42748091603054,0.3473,0.3475,0.3455,0.3556,0.362,0.3601,0.3568,0.3667,0.358,0.3548,0.3534,0.3522,0.3559,0.3554,0.352,0.3497,0.3415,0.3441,0.3423,0.3433,0.4603
GRASSUSDT,2026-03-01 03:00:00+09:00,0.2224,10.20812685827551,0.2329,0.2391,0.2723,0.2715,0.277,0.2656,0.2833,0.2803,0.2782,0.2717,0.2781,0.2814,0.2769,0.277,0.2716,0.2746,0.2729,0.2708,0.2682,0.2603,0.4603
GRASSUSDT,2026-03-17 05:00:00+09:00,0.42,5.448154657293497,0.4289,0.4589,0.4625,0.4556,0.4637,0.4692,0.4694,0.4528,0.4505,0.4474,0.4543,0.4543,0.4377,0.4327,0.4466,0.4474,0.4401,0.4394,0.4377,0.4443,0.4603
GRASSUSDT,2026-05-24 05:00:00+09:00,0.5386,8.58870967741935,0.5388,0.5318,0.5343,0.5328,0.5431,0.5411,0.5342,0.5428,0.5309,0.5183,0.5274,0.5217,0.5376,0.5386,0.5309,0.5369,0.5505,0.5344,0.5265,0.5186,0.4603
GRIFFAINUSDT,2026-03-04 10:00:00+09:00,0.00946,5.580357142857148,0.00945,0.00937,0.00936,0.0093,0.00934,0.00936,0.00961,0.0095,0.00938,0.00936,0.00951,0.0096,0.00952,0.00981,0.00957,0.00949,0.00952,0.0096,0.00946,0.00945,0.00851
GRIFFAINUSDT,2026-03-13 08:00:00+09:00,0.01004,5.241090146750529,0.00998,0.0101,0.01005,0.01017,0.01003,0.01062,0.01052,0.01037,0.01027,0.01027,0.01022,0.01016,0.01018,0.01021,0.01034,0.00994,0.01003,0.00994,0.00984,0.00986,0.00851
GRIFFAINUSDT,2026-03-26 01:00:00+09:00,0.01119,7.596153846153854,0.01119,0.01115,0.01113,0.0111,0.01107,0.01113,0.01111,0.01111,0.01127,0.01119,0.01116,0.01074,0.01125,0.01115,0.01121,0.01129,0.01137,0.01131,0.0111,0.01123,0.00851
GRIFFAINUSDT,2026-04-08 22:00:00+09:00,0.01483,7.308248914616488,0.01539,0.01553,0.0154,0.01608,0.01634,0.01653,0.01681,0.01663,0.0166,0.01655,0.01751,0.01609,0.0156,0.0152,0.01516,0.01553,0.01623,0.01665,0.01733,0.01805,0.00851
GRIFFAINUSDT,2026-04-17 02:00:00+09:00,0.01481,9.62250185048113,0.01633,0.01591,0.01636,0.01661,0.01634,0.01665,0.01653,0.01662,0.01795,0.01831,0.01859,0.01877,0.01898,0.01772,0.01797,0.01767,0.01639,0.01665,0.01687,0.01741,0.00851
GRIFFAINUSDT,2026-04-17 03:00:00+09:00,0.01633,10.263335584064825,0.01591,0.01636,0.01661,0.01634,0.01665,0.01653,0.01662,0.01795,0.01831,0.01859,0.01877,0.01898,0.01772,0.01797,0.01767,0.01639,0.01665,0.01687,0.01741,0.01768,0.00851
GRIFFAINUSDT,2026-04-30 01:00:00+09:00,0.01929,8.737316798196183,0.01931,0.02036,0.02016,0.01982,0.01998,0.02007,0.01996,0.02018,0.02016,0.02027,0.02001,0.02012,0.02069,0.02139,0.0213,0.02092,0.02045,0.0205,0.01953,0.01877,0.00851
GRIFFAINUSDT,2026-04-30 03:00:00+09:00,0.02036,5.437597099948207,0.02016,0.01982,0.01998,0.02007,0.01996,0.02018,0.02016,0.02027,0.02001,0.02012,0.02069,0.02139,0.0213,0.02092,0.02045,0.0205,0.01953,0.01877,0.02011,0.01959,0.00851
GUNUSDT,2025-12-15 10:00:00+09:00,0.02016,6.6666666666666705,0.01965,0.02106,0.02183,0.02124,0.02172,0.02215,0.0241,0.02382,0.02376,0.02516,0.02443,0.02389,0.02444,0.02444,0.02355,0.02207,0.0222,0.02183,0.02107,0.02137,0.00693
GUNUSDT,2026-01-22 04:00:00+09:00,0.03289,6.302521008403374,0.03275,0.03338,0.0338,0.03357,0.03288,0.03329,0.03447,0.0336,0.0336,0.03347,0.03415,0.03463,0.03558,0.03517,0.03698,0.03069,0.02677,0.0287,0.0346,0.0382,0.00693
GUNUSDT,2026-01-28 00:00:00+09:00,0.03087,5.6829852790140425,0.0303,0.03061,0.0309,0.03042,0.03084,0.03104,0.03084,0.03078,0.03001,0.0301,0.03042,0.03044,0.02983,0.02962,0.02974,0.0299,0.02992,0.02996,0.02994,0.02997,0.00693
GUNUSDT,2026-04-20 03:00:00+09:00,0.01917,8.858603066439516,0.01931,0.02014,0.02057,0.02037,0.02034,0.02082,0.02273,0.02224,0.02219,0.02284,0.02245,0.02059,0.01996,0.01965,0.0199,0.02013,0.01983,0.02117,0.02325,0.02572,0.00693
GUNUSDT,2026-04-20 22:00:00+09:00,0.02325,9.825224374114306,0.02572,0.02385,0.02459,0.02538,0.0259,0.02817,0.02629,0.02571,0.02565,0.02558,0.02568,0.0256,0.0262,0.02486,0.02436,0.02542,0.0257,0.02528,0.02517,0.02452,0.00693
GUSDT,2026-01-25 09:00:00+09:00,0.005852,28.05251641137856,0.006015,0.006028,0.00605,0.006022,0.005914,0.006367,0.006444,0.006305,0.005702,0.00596,0.005638,0.005428,0.005236,0.005067,0.00495,0.005021,0.005002,0.004901,0.004895,0.00484,0.002997
GUSDT,2026-03-16 11:00:00+09:00,0.004702,9.374273086764358,0.004626,0.004417,0.004703,0.00462,0.004656,0.004962,0.005592,0.00571,0.005744,0.005825,0.005466,0.005161,0.005133,0.004955,0.005037,0.00509,0.005131,0.005176,0.005032,0.005177,0.002997
GUSDT,2026-03-16 14:00:00+09:00,0.004703,6.474983020149418,0.00462,0.004656,0.004962,0.005592,0.00571,0.005744,0.005825,0.005466,0.005161,0.005133,0.004955,0.005037,0.00509,0.005131,0.005176,0.005032,0.005177,0.005467,0.005377,0.005194,0.002997
GWEIUSDT,2026-02-03 21:00:00+09:00,0.02755,12.08299430431245,0.02735,0.0283,0.03491,0.03457,0.03279,0.02898,0.02947,0.03031,0.02958,0.02925,0.02891,0.02809,0.03049,0.03033,0.03012,0.03018,0.03114,0.03046,0.03121,0.03086,0.09974
GWEIUSDT,2026-04-17 17:00:00+09:00,0.0746,5.605889014722544,0.07393,0.07543,0.07313,0.07544,0.07888,0.07935,0.08214,0.08135,0.08193,0.08283,0.08292,0.08418,0.08446,0.08334,0.08637,0.09167,0.08437,0.08328,0.08325,0.08255,0.09974
GWEIUSDT,2026-05-05 22:00:00+09:00,0.12513,12.314872991652452,0.1259,0.12581,0.12738,0.12974,0.13029,0.12734,0.12823,0.13013,0.1288,0.1287,0.13089,0.13476,0.13568,0.13234,0.13236,0.1326,0.14079,0.14176,0.13932,0.14113,0.09974
GWEIUSDT,2026-05-15 03:00:00+09:00,0.13213,5.68709006558951,0.14022,0.14519,0.14721,0.1587,0.14712,0.14984,0.1507,0.15035,0.15166,0.15336,0.1554,0.15819,0.15803,0.15664,0.15667,0.15328,0.15953,0.15619,0.15843,0.15794,0.09974
GWEIUSDT,2026-05-15 04:00:00+09:00,0.14022,6.122757889956872,0.14519,0.14721,0.1587,0.14712,0.14984,0.1507,0.15035,0.15166,0.15336,0.1554,0.15819,0.15803,0.15664,0.15667,0.15328,0.15953,0.15619,0.15843,0.15794,0.15362,0.09974
GWEIUSDT,2026-05-15 07:00:00+09:00,0.1587,7.805176278785408,0.14712,0.14984,0.1507,0.15035,0.15166,0.15336,0.1554,0.15819,0.15803,0.15664,0.15667,0.15328,0.15953,0.15619,0.15843,0.15794,0.15362,0.15386,0.15811,0.15556,0.09974
HAEDALUSDT,2025-12-24 20:00:00+09:00,0.0436,10.04543160020191,0.04204,0.04243,0.04296,0.04267,0.04183,0.04194,0.0426,0.04299,0.04218,0.04147,0.04171,0.04191,0.04243,0.04262,0.04239,0.04262,0.04219,0.04222,0.04242,0.04248,0.02712
HAEDALUSDT,2026-06-03 19:00:00+09:00,0.02862,6.512839598064748,0.02838,0.02896,0.02868,0.02888,0.02813,0.02888,0.02942,0.02989,0.0291,0.0286,0.02907,0.02898,0.02852,0.02811,0.02712,,,,,,0.02712
HOMEUSDT,2025-12-30 23:00:00+09:00,0.01753,5.032953864589578,0.01741,0.01746,0.01735,0.01801,0.01789,0.01789,0.01761,0.01781,0.01753,0.01754,0.01813,0.01763,0.01781,0.01813,0.01811,0.0178,0.01785,0.01789,0.01769,0.01774,0.03812
HOMEUSDT,2026-05-31 15:00:00+09:00,0.03117,8.304378040305767,0.0324,0.03182,0.03195,0.03221,0.03168,0.03203,0.03374,0.03365,0.03317,0.03456,0.03539,0.03635,0.03601,0.03649,0.0386,0.03765,0.03887,0.03856,0.03796,0.03963,0.03812
HOODUSDT,2026-05-30 00:00:00+09:00,93.04,5.427762039660064,93.42,93.04,91.92,94.42,94.33,93.87,94.32,94.15,94.26,94.41,94.36,94.47,94.32,94.47,94.56,94.67,94.57,94.61,94.64,94.66,80.47
HUMAUSDT,2026-03-11 16:00:00+09:00,0.01978,8.502468458584747,0.01932,0.01894,0.02045,0.01999,0.02111,0.02053,0.01979,0.02098,0.0206,0.0206,0.02113,0.02051,0.02025,0.02,0.01984,0.01976,0.021,0.02159,0.02141,0.02006,0.02504
HUMAUSDT,2026-05-10 13:00:00+09:00,0.02232,6.387035271687326,0.02226,0.02217,0.02257,0.02273,0.02292,0.02324,0.02277,0.02289,0.0228,0.0226,0.02274,0.02263,0.02291,0.02247,0.0225,0.02219,0.02196,0.02233,0.0223,0.02225,0.02504
HUSDT,2025-12-14 10:00:00+09:00,0.06399,6.066633515663854,0.06315,0.06287,0.06712,0.0688,0.07525,0.0725,0.07471,0.0711,0.07504,0.07533,0.076,0.07182,0.0703,0.0677,0.06638,0.06966,0.06784,0.06684,0.06668,0.06871,0.55648
HUSDT,2025-12-21 19:00:00+09:00,0.14483,11.484874143637896,0.13865,0.13867,0.1373,0.13587,0.14014,0.14897,0.14641,0.14334,0.14094,0.14059,0.14477,0.14581,0.14838,0.14312,0.14268,0.14334,0.14818,0.14833,0.1445,0.14478,0.55648
HUSDT,2025-12-23 00:00:00+09:00,0.178,8.801955990220046,0.18349,0.19292,0.20108,0.19805,0.19757,0.20527,0.20329,0.20744,0.20755,0.20132,0.19703,0.18871,0.16551,0.15889,0.15803,0.15514,0.15295,0.15887,0.16662,0.16156,0.55648
HUSDT,2026-02-13 15:00:00+09:00,0.18288,5.006890215893418,0.18411,0.18428,0.19,0.19006,0.19414,0.19569,0.19555,0.18931,0.20144,0.2273,0.20949,0.21784,0.21992,0.23007,0.23936,0.22764,0.22161,0.2278,0.22834,0.22914,0.55648
HUSDT,2026-04-10 21:00:00+09:00,0.10051,5.8445661331086765,0.0967,0.09349,0.09717,0.0984,0.0989,0.0988,0.09964,0.10033,0.1001,0.10162,0.1021,0.10404,0.10416,0.10839,0.11189,0.10794,0.10846,0.1066,0.10409,0.10235,0.55648
HUSDT,2026-04-28 15:00:00+09:00,0.14637,6.699227292608255,0.14671,0.14789,0.14915,0.15718,0.15837,0.1627,0.16648,0.16776,0.16799,0.17108,0.16915,0.1715,0.18283,0.17815,0.17978,0.18156,0.18083,0.17817,0.1766,0.17463,0.55648
HUSDT,2026-05-17 00:00:00+09:00,0.23408,6.038505096262744,0.24128,0.24138,0.24407,0.2487,0.24682,0.24375,0.24418,0.24362,0.23889,0.23613,0.23706,0.23713,0.23818,0.24155,0.24077,0.24001,0.24077,0.24144,0.24422,0.24189,0.55648
HUSDT,2026-05-28 15:00:00+09:00,0.24313,5.287545470292754,0.26167,0.2615,0.24721,0.25772,0.25885,0.26429,0.26193,0.26624,0.25931,0.2663,0.26719,0.25835,0.2596,0.26148,0.25849,0.25368,0.24838,0.24753,0.24623,0.24666,0.55648
HUSDT,2026-05-28 16:00:00+09:00,0.26167,7.62555011722124,0.2615,0.24721,0.25772,0.25885,0.26429,0.26193,0.26624,0.25931,0.2663,0.26719,0.25835,0.2596,0.26148,0.25849,0.25368,0.24838,0.24753,0.24623,0.24666,0.24967,0.55648
HUSDT,2026-05-30 08:00:00+09:00,0.28439,5.419431367461158,0.27834,0.28052,0.28083,0.27794,0.27964,0.28045,0.2829,0.28188,0.28278,0.29657,0.33539,0.33972,0.32045,0.34699,0.3445,0.36588,0.38488,0.38669,0.39261,0.39393,0.55648
HUSDT,2026-05-30 19:00:00+09:00,0.33539,13.089658428027118,0.33972,0.32045,0.34699,0.3445,0.36588,0.38488,0.38669,0.39261,0.39393,0.38737,0.38328,0.37538,0.37096,0.35636,0.35942,0.35217,0.35381,0.38489,0.38825,0.39368,0.55648
HUSDT,2026-05-30 22:00:00+09:00,0.34699,8.282103292245283,0.3445,0.36588,0.38488,0.38669,0.39261,0.39393,0.38737,0.38328,0.37538,0.37096,0.35636,0.35942,0.35217,0.35381,0.38489,0.38825,0.39368,0.39284,0.39381,0.39106,0.55648
HUSDT,2026-06-01 07:00:00+09:00,0.46111,14.334242499380121,0.46234,0.52735,0.62995,0.65516,0.60152,0.66264,0.61797,0.66995,0.65,0.70204,0.71341,0.7385,0.7313,0.82186,0.80932,0.77992,0.65786,0.56895,0.59553,0.62958,0.55648
HUSDT,2026-06-01 09:00:00+09:00,0.52735,14.061080590041964,0.62995,0.65516,0.60152,0.66264,0.61797,0.66995,0.65,0.70204,0.71341,0.7385,0.7313,0.82186,0.80932,0.77992,0.65786,0.56895,0.59553,0.62958,0.68653,0.68042,0.55648
HUSDT,2026-06-01 13:00:00+09:00,0.66264,10.160925655007306,0.61797,0.66995,0.65,0.70204,0.71341,0.7385,0.7313,0.82186,0.80932,0.77992,0.65786,0.56895,0.59553,0.62958,0.68653,0.68042,0.71811,0.69093,0.67909,0.70536,0.55648
HYPERUSDT,2026-01-11 09:00:00+09:00,0.142,14.701130856219704,0.1546,0.1572,0.1589,0.1549,0.1548,0.1602,0.1599,0.1562,0.1544,0.1511,0.1532,0.1484,0.1502,0.1516,0.151,0.15,0.1499,0.1514,0.1492,0.1549,0.0799
HYPEUSDT,2026-01-31 03:00:00+09:00,31.713,7.29075038906557,32.099,31.043,31.1,31.214,30.635,31.005,31.464,31.832,31.679,31.174,31.22,30.648,30.665,30.668,30.089,30.298,30.268,30.246,30.139,29.345,72.205
ICNTUSDT,2025-12-12 03:00:00+09:00,0.3059,8.667850799289532,0.2842,0.2944,0.2986,0.3037,0.3239,0.3085,0.3216,0.3201,0.3272,0.3363,0.3608,0.3692,0.3651,0.3765,0.3382,0.3149,0.3242,0.355,0.3554,0.357,0.2324
ICNTUSDT,2025-12-12 08:00:00+09:00,0.3239,6.651300625617383,0.3085,0.3216,0.3201,0.3272,0.3363,0.3608,0.3692,0.3651,0.3765,0.3382,0.3149,0.3242,0.355,0.3554,0.357,0.3532,0.3838,0.3735,0.3559,0.3788,0.2324
ICNTUSDT,2025-12-12 21:00:00+09:00,0.355,9.500308451573101,0.3554,0.357,0.3532,0.3838,0.3735,0.3559,0.3788,0.3642,0.3488,0.3524,0.3505,0.349,0.349,0.3581,0.3706,0.3881,0.3762,0.3664,0.3655,0.3641,0.2324
ICNTUSDT,2025-12-14 19:00:00+09:00,0.2944,8.71491875923191,0.3196,0.3109,0.3209,0.3322,0.3561,0.3798,0.3826,0.4371,0.4029,0.3946,0.3739,0.3903,0.3885,0.392,0.3919,0.3909,0.4114,0.4052,0.4019,0.397,0.2324
ICNTUSDT,2025-12-14 20:00:00+09:00,0.3196,8.559782608695652,0.3109,0.3209,0.3322,0.3561,0.3798,0.3826,0.4371,0.4029,0.3946,0.3739,0.3903,0.3885,0.392,0.3919,0.3909,0.4114,0.4052,0.4019,0.397,0.3947,0.2324
ICNTUSDT,2025-12-17 08:00:00+09:00,0.3474,6.336088154269971,0.3428,0.3473,0.3297,0.3367,0.3322,0.3355,0.3447,0.353,0.368,0.3702,0.3691,0.3841,0.3899,0.4082,0.3799,0.3721,0.3695,0.3976,0.3871,0.3784,0.2324
ICNTUSDT,2025-12-18 19:00:00+09:00,0.465,7.589079130032404,0.479,0.4844,0.4885,0.4878,0.4702,0.4879,0.4932,0.508,0.4906,0.495,0.447,0.4455,0.4637,0.4459,0.4527,0.4662,0.4868,0.4535,0.4678,0.4596,0.2324
ICNTUSDT,2025-12-23 16:00:00+09:00,0.4397,5.494241842610359,0.4546,0.4581,0.461,0.4933,0.4907,0.5164,0.5222,0.5286,0.4981,0.5245,0.5251,0.523,0.5181,0.5099,0.5113,0.4933,0.4902,0.4788,0.478,0.4851,0.2324
ICNTUSDT,2025-12-23 20:00:00+09:00,0.4933,7.006507592190888,0.4907,0.5164,0.5222,0.5286,0.4981,0.5245,0.5251,0.523,0.5181,0.5099,0.5113,0.4933,0.4902,0.4788,0.478,0.4851,0.5035,0.499,0.4977,0.4701,0.2324
ICNTUSDT,2026-01-13 20:00:00+09:00,0.4443,6.1395126612517785,0.4462,0.4279,0.4546,0.4373,0.4676,0.4364,0.4409,0.4423,0.4528,0.447,0.464,0.4547,0.4562,0.4468,0.4457,0.4502,0.4561,0.4641,0.4623,0.4622,0.2324
ICNTUSDT,2026-01-13 23:00:00+09:00,0.4546,6.239775648516009,0.4373,0.4676,0.4364,0.4409,0.4423,0.4528,0.447,0.464,0.4547,0.4562,0.4468,0.4457,0.4502,0.4561,0.4641,0.4623,0.4622,0.4603,0.4923,0.5137,0.2324
ICNTUSDT,2026-01-14 01:00:00+09:00,0.4676,6.928881774525496,0.4364,0.4409,0.4423,0.4528,0.447,0.464,0.4547,0.4562,0.4468,0.4457,0.4502,0.4561,0.4641,0.4623,0.4622,0.4603,0.4923,0.5137,0.5222,0.5336,0.2324
ICNTUSDT,2026-01-14 18:00:00+09:00,0.4923,6.951987834021296,0.5137,0.5222,0.5336,0.5263,0.5201,0.5313,0.5289,0.5355,0.525,0.5033,0.5066,0.5027,0.4889,0.4946,0.4945,0.4974,0.4877,0.4844,0.4895,0.4858,0.2324
ICNTUSDT,2026-01-22 15:00:00+09:00,0.3736,9.367681498829032,0.3778,0.3801,0.3852,0.3937,0.3984,0.3931,0.4053,0.4039,0.3995,0.386,0.3875,0.4037,0.3944,0.3869,0.384,0.3901,0.3787,0.3772,0.3813,0.3691,0.2324
ICNTUSDT,2026-03-09 21:00:00+09:00,0.3447,6.421735103426979,0.3505,0.3522,0.3607,0.3535,0.3547,0.3569,0.3571,0.3622,0.3668,0.3654,0.3709,0.372,0.3776,0.3795,0.3865,0.3891,0.3493,0.3317,0.3266,0.3292,0.2324
ICNTUSDT,2026-03-18 14:00:00+09:00,0.3883,6.441885964912271,0.4005,0.4049,0.4014,0.4029,0.4065,0.4162,0.4112,0.4004,0.3872,0.3872,0.3731,0.386,0.3896,0.3987,0.3999,0.3859,0.3797,0.377,0.3815,0.3803,0.2324
ICNTUSDT,2026-04-14 17:00:00+09:00,0.2831,5.0853749072012056,0.2759,0.2768,0.284,0.2885,0.2882,0.2852,0.289,0.2824,0.2865,0.287,0.2864,0.2889,0.2866,0.2898,0.2885,0.2857,0.2859,0.2858,0.2855,0.285,0.2324
ICNTUSDT,2026-04-15 21:00:00+09:00,0.3164,10.706787963610923,0.3279,0.3271,0.3345,0.3409,0.3336,0.3399,0.3402,0.3432,0.3434,0.3354,0.3421,0.3409,0.3462,0.3535,0.3475,0.3404,0.3436,0.3407,0.3382,0.3331,0.2324
ICNTUSDT,2026-04-17 18:00:00+09:00,0.3831,8.006766281364527,0.3866,0.3825,0.3961,0.39,0.3781,0.375,0.3815,0.3853,0.3885,0.3932,0.3943,0.3992,0.3977,0.3923,0.3887,0.3912,0.3953,0.3866,0.3868,0.3825,0.2324
ICPUSDT,2026-05-07 00:00:00+09:00,2.931,6.50436046511629,2.956,2.88,2.887,2.894,2.918,3.063,3.083,3.188,3.061,2.99,2.962,2.941,2.968,2.96,2.986,3.016,3.03,3.017,3.082,3.098,2.86
IDUSDT,2026-01-10 16:00:00+09:00,0.08885,20.507256205072554,0.08997,0.08872,0.08758,0.08708,0.08696,0.08699,0.08916,0.08868,0.0867,0.08617,0.08779,0.0861,0.08582,0.08419,0.08414,0.08424,0.08156,0.07991,0.07958,0.07867,0.02851
ILVUSDT,2026-01-17 16:00:00+09:00,6.846,8.460076045627373,6.75,6.73,6.968,6.634,6.818,6.779,6.898,7.199,7.029,7.049,7.135,6.813,6.816,6.713,6.622,6.603,6.634,6.574,6.617,6.634,3.584
IMXUSDT,2026-01-22 04:00:00+09:00,0.2541,6.051752921535887,0.2522,0.2514,0.2514,0.2477,0.2533,0.2624,0.263,0.2612,0.2654,0.2653,0.2625,0.2595,0.2579,0.2582,0.2551,0.2533,0.2529,0.2518,0.2454,0.2453,0.1441
INFQUSDT,2026-05-29 00:00:00+09:00,17.6,7.049449546864562,17.796,17.768,17.891,17.792,18.322,18.158,18.177,18.126,18.287,18.248,18.252,18.156,18.227,18.98,19.02,18.667,18.487,18.118,18.187,18.207,17.095
INFQUSDT,2026-06-01 23:00:00+09:00,17.236,7.029309488325891,18.25,18.328,18.195,18.265,17.732,17.907,17.911,17.912,17.912,17.802,17.65,17.602,17.579,17.584,17.611,17.685,17.88,18.143,18.169,17.941,17.095
INITUSDT,2026-06-03 09:00:00+09:00,0.06848,5.907825549025679,0.06946,0.0675,0.06698,0.06752,0.06832,0.06842,0.06978,0.07037,0.06887,0.06883,0.06867,0.06819,0.06831,0.06778,0.06689,0.06674,0.06654,0.0659,0.0658,0.06468,0.06145
INTCUSDT,2026-01-09 23:00:00+09:00,44.73,5.819730305180964,43.65,43.97,45.1,45.44,45.69,45.55,45.5,45.36,45.42,45.65,45.65,45.65,45.65,45.65,45.65,45.65,45.65,45.65,45.65,45.65,110.99
INTCUSDT,2026-04-02 22:00:00+09:00,48.84,6.289445048966269,49.75,49.42,49.58,49.66,49.72,50.32,50.26,50.16,50.14,50.17,50.26,50.2,50.18,50.22,50.19,50.24,50.2,50.16,50.19,50.15,110.99
INTCUSDT,2026-04-24 05:00:00+09:00,77.09,15.317875841436065,80.22,79.33,80.06,80.46,81.2,81.9,81.31,81.61,81.58,81.68,81.53,82.71,85.3,84.4,85.36,83.69,81.68,82.8,81.9,80.45,110.99
INTCUSDT,2026-04-29 23:00:00+09:00,93.21,5.620396600566565,93.0,93.2,93.49,93.8,94.76,94.09,94.74,97.11,98.84,98.14,98.33,96.5,96.15,96.05,96.24,96.55,97.11,96.93,96.95,97.0,110.99
INTCUSDT,2026-05-01 22:00:00+09:00,98.34,5.946994182288312,99.24,99.6,98.75,99.05,98.85,99.66,99.62,99.99,100.07,100.87,100.73,100.63,100.8,100.84,100.68,100.75,100.7,100.7,100.78,100.89,110.99
INTCUSDT,2026-05-09 01:00:00+09:00,126.5,6.976744186046512,125.58,124.0,125.03,125.04,126.38,125.94,126.3,126.42,126.12,126.19,126.4,126.26,126.29,126.17,126.24,126.3,126.34,126.22,126.29,126.26,110.99
INUSDT,2026-05-23 00:00:00+09:00,0.06714,5.0868680544686224,0.06983,0.07157,0.0748,0.07451,0.0765,0.07703,0.07524,0.07843,0.0753,0.08448,0.08735,0.09054,0.08631,0.08287,0.08055,0.07853,0.07728,0.07578,0.0806,0.08853,0.10787
INUSDT,2026-05-25 16:00:00+09:00,0.08499,9.354091610910961,0.08308,0.08558,0.08731,0.09103,0.09202,0.0949,0.09439,0.09416,0.09023,0.0899,0.09161,0.09124,0.09154,0.09274,0.09262,0.09034,0.0878,0.09387,0.09217,0.09543,0.10787
INUSDT,2026-05-29 21:00:00+09:00,0.10747,8.2603001913972,0.10309,0.10353,0.10334,0.10585,0.10587,0.10635,0.10735,0.10678,0.1071,0.1076,0.1052,0.10495,0.10393,0.10196,0.10498,0.10609,0.10451,0.1059,0.10408,0.10323,0.10787
INUSDT,2026-06-03 13:00:00+09:00,0.08385,5.2730696798493355,0.08672,0.094,0.0936,0.09588,0.09532,0.10085,0.10277,0.10635,0.10751,0.10888,0.10845,0.10955,0.11082,0.11623,0.11556,0.11418,0.11277,0.11087,0.1104,0.11448,0.10787
INXUSDT,2026-03-14 16:00:00+09:00,0.012385,6.427773481137754,0.01207,0.012307,0.012335,0.01241,0.012427,0.012677,0.012607,0.012849,0.012682,0.012479,0.012516,0.012458,0.012491,0.012587,0.012523,0.012581,0.01272,0.012637,0.012733,0.012797,0.008815
INXUSDT,2026-04-12 23:00:00+09:00,0.014891,7.229783250522069,0.014708,0.014699,0.015187,0.015801,0.015708,0.017963,0.017247,0.017669,0.019856,0.018562,0.018584,0.017507,0.018157,0.020022,0.021164,0.024014,0.02818,0.02077,0.018021,0.018035,0.008815
INXUSDT,2026-04-13 05:00:00+09:00,0.017963,14.35574229691877,0.017247,0.017669,0.019856,0.018562,0.018584,0.017507,0.018157,0.020022,0.021164,0.024014,0.02818,0.02077,0.018021,0.018035,0.017158,0.017088,0.017049,0.01552,0.015178,0.016051,0.008815
INXUSDT,2026-05-09 23:00:00+09:00,0.012733,14.197309417040351,0.013345,0.014224,0.015296,0.014588,0.01499,0.015409,0.015439,0.016156,0.017548,0.019394,0.016899,0.016438,0.015438,0.015616,0.014261,0.014207,0.015283,0.016337,0.015596,0.015175,0.008815
INXUSDT,2026-05-10 02:00:00+09:00,0.015296,7.536557930258718,0.014588,0.01499,0.015409,0.015439,0.016156,0.017548,0.019394,0.016899,0.016438,0.015438,0.015616,0.014261,0.014207,0.015283,0.016337,0.015596,0.015175,0.015232,0.015573,0.015457,0.008815
IONQUSDT,2026-05-16 09:00:00+09:00,54.84,6.4647641234711815,54.49,54.29,54.29,54.62,54.81,54.7,54.7,54.4,54.47,53.6,53.32,53.32,53.38,53.38,53.18,53.18,53.32,53.16,53.33,53.34,66.16
IONQUSDT,2026-05-21 19:00:00+09:00,56.5,7.76273126072859,56.51,55.49,58.54,59.09,58.97,58.89,58.14,57.62,58.97,58.95,59.19,59.23,59.51,59.79,59.53,59.62,59.59,59.67,59.56,59.72,66.16
IOTAUSDT,2026-01-04 12:00:00+09:00,0.1003,6.025369978858347,0.0994,0.1001,0.0995,0.0997,0.0994,0.1,0.1002,0.0995,0.1,0.1006,0.101,0.1013,0.1025,0.1034,0.1027,0.102,0.1018,0.1016,0.1025,0.102,0.04793
IOTXUSDT,2026-01-11 04:00:00+09:00,0.00935,6.129398410896714,0.00915,0.00913,0.00908,0.00917,0.00906,0.0091,0.00909,0.00913,0.00921,0.00912,0.00915,0.00917,0.00913,0.00883,0.00884,0.00872,0.00871,0.00867,0.00876,0.00865,0.003846
IOUSDT,2026-05-09 02:00:00+09:00,0.1752,12.37973059653623,0.1654,0.1636,0.1632,0.1639,0.1645,0.1667,0.1653,0.1662,0.1706,0.168,0.1661,0.1654,0.1643,0.163,0.1634,0.1612,0.1622,0.1614,0.1636,0.1599,0.1752
IOUSDT,2026-05-26 15:00:00+09:00,0.1725,5.3756872327428065,0.1696,0.1702,0.175,0.1762,0.1796,0.1827,0.1818,0.181,0.177,0.1795,0.181,0.177,0.1819,0.1811,0.1804,0.1836,0.1814,0.1799,0.1788,0.1774,0.1752
IOUSDT,2026-06-03 13:00:00+09:00,0.1758,5.269461077844313,0.1786,0.1784,0.178,0.1791,0.1771,0.1832,0.1817,0.1832,0.1854,0.189,0.1841,0.1849,0.1805,0.1807,0.1784,0.1766,0.1862,0.1841,0.1827,0.1819,0.1752
IPUSDT,2026-01-08 16:00:00+09:00,1.9988,5.355260383723377,2.0053,2.0167,2.001,2.0178,1.9971,1.9885,1.9959,2.003,1.9882,2.0125,2.0047,2.0114,2.0056,2.0128,2.0069,2.0113,1.9986,1.9824,1.9903,2.0058,0.3732
IPUSDT,2026-01-11 19:00:00+09:00,2.1309,5.079145914492836,2.1397,2.133,2.1434,2.1688,2.1611,2.2142,2.2168,2.2443,2.2358,2.2415,2.2723,2.2834,2.2797,2.4252,2.4452,2.4395,2.5233,2.4601,2.4953,2.5713,0.3732
IRYSUSDT,2025-12-07 03:00:00+09:00,0.03424,6.170542635658911,0.03502,0.0362,0.03501,0.03543,0.0354,0.0356,0.03537,0.0355,0.0353,0.03522,0.03534,0.038,0.03638,0.03614,0.03413,0.03359,0.0333,0.03391,0.03456,0.03532,0.02054
IRYSUSDT,2025-12-13 15:00:00+09:00,0.02856,5.465288035450512,0.0301,0.03094,0.02939,0.0309,0.03099,0.03095,0.03072,0.0311,0.03095,0.03085,0.0313,0.03103,0.0311,0.03119,0.03144,0.03169,0.03193,0.03248,0.03286,0.03426,0.02054
IRYSUSDT,2026-01-03 02:00:00+09:00,0.02916,10.204081632653052,0.02831,0.02845,0.02877,0.02849,0.02848,0.02862,0.02887,0.02902,0.0286,0.0286,0.02863,0.02836,0.02809,0.02743,0.02768,0.02767,0.02777,0.02828,0.02818,0.02781,0.02054
IRYSUSDT,2026-02-13 15:00:00+09:00,0.04505,9.450923226433424,0.04377,0.04278,0.04397,0.04401,0.04333,0.04479,0.04368,0.04411,0.04319,0.04321,0.04206,0.04223,0.04205,0.04189,0.04172,0.04192,0.04181,0.04172,0.04171,0.0415,0.02054
IRYSUSDT,2026-03-20 08:00:00+09:00,0.02023,5.8054393305439325,0.01976,0.01951,0.01929,0.01982,0.0196,0.02021,0.02013,0.02005,0.0202,0.02071,0.02161,0.02093,0.02135,0.02134,0.02175,0.02199,0.02168,0.02038,0.0207,0.0206,0.02054
IRYSUSDT,2026-04-23 00:00:00+09:00,0.03521,6.022282445046657,0.03565,0.03647,0.03563,0.03608,0.03563,0.03555,0.03566,0.03558,0.03484,0.03288,0.03265,0.03316,0.03449,0.03424,0.03493,0.03508,0.03466,0.03586,0.03575,0.03671,0.02054
IRYSUSDT,2026-05-12 09:00:00+09:00,0.04744,5.305216426193126,0.04792,0.04722,0.04985,0.05055,0.053,0.05265,0.05373,0.05416,0.0543,0.0474,0.05269,0.05038,0.04805,0.04933,0.04853,0.05089,0.052,0.05325,0.05171,0.05124,0.02054
JASMYUSDT,2026-01-06 15:00:00+09:00,0.008042,5.787950539331758,0.007989,0.008313,0.00861,0.008772,0.008699,0.009223,0.008768,0.009192,0.009401,0.009031,0.008578,0.008544,0.008573,0.009325,0.009737,0.009658,0.009546,0.009342,0.009405,0.009316,0.004738
JASMYUSDT,2026-01-09 00:00:00+09:00,0.008716,5.686916454468278,0.009356,0.009999,0.009555,0.009201,0.009321,0.00969,0.009802,0.009605,0.009482,0.009298,0.009274,0.009335,0.009274,0.009324,0.009192,0.009139,0.008931,0.008933,0.008977,0.009061,0.004738
JCTUSDT,2026-02-15 17:00:00+09:00,0.001673,6.696428571428576,0.001719,0.001766,0.001729,0.001731,0.001715,0.00174,0.001764,0.001723,0.001741,0.001679,0.001711,0.001713,0.001701,0.001728,0.001734,0.001711,0.001783,0.001809,0.001736,0.00171,0.003991
JCTUSDT,2026-03-05 21:00:00+09:00,0.001718,14.533333333333326,0.001732,0.001725,0.001743,0.001733,0.001709,0.00171,0.001736,0.00173,0.001729,0.001722,0.00172,0.001762,0.001756,0.001785,0.00181,0.001892,0.002221,0.002034,0.001885,0.001943,0.003991
JCTUSDT,2026-03-23 00:00:00+09:00,0.002972,8.864468864468867,0.002865,0.003383,0.003164,0.00332,0.003303,0.003578,0.003909,0.004147,0.004472,0.004594,0.004927,0.00459,0.004773,0.004172,0.003842,0.003896,0.003865,0.003895,0.00403,0.004408,0.003991
JCTUSDT,2026-03-26 15:00:00+09:00,0.002899,5.34156976744186,0.00285,0.00294,0.002901,0.002906,0.002897,0.003011,0.003094,0.003156,0.00304,0.002984,0.003017,0.003039,0.00298,0.002939,0.002875,0.002866,0.002878,0.002906,0.002859,0.00295,0.003991
JCTUSDT,2026-04-04 13:00:00+09:00,0.002727,6.731898238747548,0.003127,0.003014,0.003026,0.003419,0.00366,0.003778,0.00371,0.00386,0.003647,0.003824,0.003892,0.003919,0.003796,0.003809,0.00383,0.003919,0.003862,0.003993,0.00393,0.003788,0.003991
JCTUSDT,2026-04-28 23:00:00+09:00,0.003328,5.684344236265479,0.003394,0.003447,0.003592,0.003759,0.003708,0.003827,0.003914,0.003879,0.003643,0.003692,0.00357,0.003647,0.0036,0.003796,0.003798,0.003693,0.003575,0.003596,0.003649,0.003589,0.003991
JCTUSDT,2026-05-02 00:00:00+09:00,0.002948,5.28571428571429,0.00307,0.003016,0.00298,0.003096,0.003178,0.003176,0.003169,0.003166,0.003182,0.003172,0.003245,0.003126,0.003117,0.003236,0.003214,0.003176,0.00344,0.00341,0.003383,0.003425,0.003991
JCTUSDT,2026-05-12 23:00:00+09:00,0.00332,6.070287539936104,0.003371,0.003524,0.003499,0.003519,0.00348,0.003487,0.003515,0.003563,0.003634,0.00361,0.003729,0.003705,0.003611,0.003696,0.003748,0.003961,0.003926,0.00386,0.003979,0.00416,0.003991
JCTUSDT,2026-05-22 17:00:00+09:00,0.003397,5.759651307596507,0.003534,0.003678,0.003661,0.003686,0.003739,0.003743,0.003717,0.004005,0.003948,0.003948,0.003938,0.003997,0.004024,0.004006,0.004031,0.004037,0.004031,0.004063,0.004084,0.004163,0.003991
JOEUSDT,2026-04-08 06:00:00+09:00,0.0488,21.09181141439206,0.0553,0.0568,0.0532,0.0674,0.0733,0.0734,0.0691,0.0707,0.0666,0.0655,0.0595,0.0578,0.0588,0.0587,0.0591,0.0552,0.0568,0.0558,0.0547,0.0555,0.03461
JUPUSDT,2026-05-09 01:00:00+09:00,0.2321,5.595996360327573,0.2293,0.242,0.2402,0.24,0.2443,0.2466,0.2446,0.2429,0.2453,0.2487,0.2556,0.2486,0.2494,0.2438,0.2421,0.2432,0.241,0.2424,0.2446,0.2484,0.1811
JUPUSDT,2026-05-09 03:00:00+09:00,0.242,5.538595726122978,0.2402,0.24,0.2443,0.2466,0.2446,0.2429,0.2453,0.2487,0.2556,0.2486,0.2494,0.2438,0.2421,0.2432,0.241,0.2424,0.2446,0.2484,0.2487,0.254,0.1811
KAIAUSDT,2026-01-24 12:00:00+09:00,0.08262,10.23348899266177,0.0828,0.07836,0.07994,0.08075,0.08053,0.08126,0.08281,0.08395,0.08218,0.08529,0.08533,0.08834,0.08861,0.08887,0.09169,0.09131,0.086,0.08501,0.09004,0.09531,0.04168
KAITOUSDT,2026-02-04 04:00:00+09:00,0.3669,8.678909952606633,0.3755,0.3734,0.3678,0.3689,0.3702,0.3715,0.3676,0.3706,0.3708,0.3718,0.3723,0.3748,0.3744,0.3683,0.3695,0.3664,0.3637,0.3583,0.3536,0.3505,0.4601
KASUSDT,2026-03-17 11:00:00+09:00,0.03526,5.253731343283575,0.035,0.03485,0.03497,0.0354,0.03581,0.03582,0.0357,0.03555,0.0355,0.03514,0.03564,0.03632,0.0359,0.03618,0.03648,0.03687,0.03622,0.03623,0.03646,0.03657,0.03031
KATUSDT,2026-03-20 10:00:00+09:00,0.01096,7.345739471106747,0.01043,0.01095,0.01055,0.01078,0.01082,0.01109,0.0111,0.01107,0.01115,0.01145,0.01093,0.01098,0.01057,0.01067,0.01088,0.01075,0.01043,0.01055,0.01042,0.01027,0.00622
KATUSDT,2026-03-22 14:00:00+09:00,0.01115,8.25242718446602,0.01094,0.01081,0.01159,0.01176,0.01238,0.01207,0.0122,0.0119,0.01188,0.01194,0.01176,0.01118,0.01157,0.01144,0.01159,0.01163,0.01148,0.01155,0.01194,0.01166,0.00622
KATUSDT,2026-04-23 19:00:00+09:00,0.01074,5.088062622309194,0.01125,0.01167,0.01251,0.0125,0.01267,0.01355,0.01317,0.01285,0.01275,0.0134,0.01365,0.01376,0.01406,0.01477,0.01471,0.01601,0.01641,0.01628,0.01598,0.01497,0.00622
KATUSDT,2026-04-24 05:00:00+09:00,0.0134,5.098039215686285,0.01365,0.01376,0.01406,0.01477,0.01471,0.01601,0.01641,0.01628,0.01598,0.01497,0.01578,0.01635,0.01823,0.01842,0.02123,0.0209,0.02235,0.02159,0.02134,0.02218,0.00622
KAVAUSDT,2026-03-02 16:00:00+09:00,0.06118,21.19651347068146,0.06182,0.06028,0.0602,0.05795,0.05681,0.05721,0.05821,0.05876,0.05843,0.05782,0.05702,0.05712,0.05594,0.05609,0.05677,0.05633,0.05504,0.05418,0.05343,0.05329,0.04937
KAVAUSDT,2026-03-04 09:00:00+09:00,0.05835,9.351574212893556,0.05818,0.05955,0.06192,0.06128,0.05852,0.05897,0.05819,0.05943,0.05893,0.05818,0.05801,0.05838,0.0597,0.0592,0.05936,0.05911,0.05989,0.05962,0.05951,0.05863,0.04937
KAVAUSDT,2026-03-07 13:00:00+09:00,0.06545,6.043421905379128,0.06397,0.06566,0.06606,0.06497,0.0668,0.06597,0.06855,0.06579,0.06678,0.06605,0.06477,0.06601,0.0653,0.06544,0.06463,0.0653,0.06526,0.06572,0.06644,0.06293,0.04937
KERNELUSDT,2026-01-24 12:00:00+09:00,0.07458,5.220090293453718,0.07237,0.0758,0.0765,0.07549,0.07601,0.07545,0.07415,0.07595,0.07749,0.07732,0.07649,0.0765,0.0757,0.07522,0.07492,0.07479,0.07455,0.07456,0.07363,0.07664,0.05664
KERNELUSDT,2026-03-20 09:00:00+09:00,0.09372,5.173381214229607,0.09396,0.09417,0.09396,0.09399,0.09478,0.09456,0.09505,0.09576,0.09629,0.09649,0.09589,0.09508,0.09449,0.09531,0.09537,0.09484,0.09458,0.09488,0.09575,0.09492,0.05664
KGENUSDT,2026-01-22 05:00:00+09:00,0.27048,6.220546654099914,0.27592,0.29419,0.29927,0.32235,0.34389,0.33097,0.3161,0.30964,0.31101,0.31585,0.32208,0.327,0.32063,0.3103,0.3286,0.32582,0.32076,0.33003,0.32783,0.33109,0.18686
KGENUSDT,2026-01-22 07:00:00+09:00,0.29419,6.621484488257469,0.29927,0.32235,0.34389,0.33097,0.3161,0.30964,0.31101,0.31585,0.32208,0.327,0.32063,0.3103,0.3286,0.32582,0.32076,0.33003,0.32783,0.33109,0.34012,0.32616,0.18686
KGENUSDT,2026-01-22 09:00:00+09:00,0.32235,7.712099441975489,0.34389,0.33097,0.3161,0.30964,0.31101,0.31585,0.32208,0.327,0.32063,0.3103,0.3286,0.32582,0.32076,0.33003,0.32783,0.33109,0.34012,0.32616,0.31758,0.31963,0.18686
KITEUSDT,2026-01-28 14:00:00+09:00,0.14306,5.532605488344628,0.13103,0.13425,0.1432,0.13689,0.13944,0.14042,0.14617,0.14596,0.14269,0.13691,0.13876,0.1391,0.14099,0.14417,0.14377,0.14546,0.14208,0.14187,0.14776,0.14351,0.19233
KITEUSDT,2026-02-11 00:00:00+09:00,0.18374,5.963091118800454,0.18571,0.1897,0.18895,0.18991,0.18976,0.18845,0.18894,0.18787,0.19426,0.19222,0.1894,0.18345,0.18229,0.18488,0.18256,0.18057,0.18091,0.18029,0.17803,0.17919,0.19233
KITEUSDT,2026-03-30 15:00:00+09:00,0.16578,5.103658150003171,0.16841,0.17453,0.172,0.17591,0.17284,0.17098,0.17448,0.17704,0.17457,0.17312,0.17258,0.16986,0.16912,0.17281,0.17089,0.16867,0.16731,0.16574,0.16453,0.16184,0.19233
KITEUSDT,2026-05-31 11:00:00+09:00,0.20876,5.588993981083408,0.20476,0.20387,0.20574,0.20578,0.20951,0.21187,0.21145,0.20939,0.20776,0.20608,0.21088,0.20571,0.20746,0.20579,0.20524,0.20388,0.20449,0.2049,0.2051,0.20578,0.19233
LABUSDT,2025-12-21 01:00:00+09:00,0.14552,6.436512580456409,0.13199,0.1373,0.14226,0.13771,0.14026,0.13884,0.14143,0.13919,0.14187,0.14334,0.14495,0.1463,0.15022,0.15727,0.15801,0.15229,0.14882,0.15632,0.15484,0.13875,16.20066
LABUSDT,2025-12-23 00:00:00+09:00,0.15059,8.198016956459265,0.15581,0.15954,0.15075,0.15256,0.14963,0.1532,0.15241,0.15874,0.15313,0.15291,0.1522,0.14967,0.14233,0.14042,0.14241,0.14329,0.14711,0.14942,0.15012,0.14981,16.20066
LABUSDT,2026-01-18 07:00:00+09:00,0.16301,6.105578337564277,0.16677,0.15887,0.15574,0.16006,0.16387,0.16788,0.17638,0.17774,0.17731,0.18156,0.18534,0.19157,0.20001,0.19758,0.19134,0.19625,0.1994,0.20345,0.21465,0.21376,16.20066
LABUSDT,2026-02-19 00:00:00+09:00,0.1516,5.629877369007806,0.15029,0.15285,0.1509,0.15368,0.15322,0.1534,0.15683,0.16137,0.15919,0.15756,0.15609,0.15685,0.15683,0.15731,0.15858,0.15822,0.15771,0.15818,0.15902,0.15735,16.20066
LABUSDT,2026-03-03 22:00:00+09:00,0.17051,5.6836494359737095,0.17001,0.17208,0.17384,0.17613,0.17863,0.18281,0.1809,0.18484,0.18289,0.181,0.18201,0.17995,0.17808,0.17782,0.1775,0.17433,0.17701,0.17925,0.18072,0.17843,16.20066
LABUSDT,2026-04-10 22:00:00+09:00,0.51432,5.899067267897958,0.49433,0.52534,0.52721,0.50991,0.50245,0.50423,0.5117,0.50933,0.51504,0.50676,0.51893,0.54652,0.54975,0.53215,0.51545,0.50294,0.53459,0.53402,0.51883,0.51763,16.20066
LABUSDT,2026-04-20 13:00:00+09:00,0.55664,7.153307153307146,0.53753,0.56516,0.55657,0.54881,0.55385,0.5541,0.55437,0.55788,0.54757,0.53089,0.54609,0.5564,0.54824,0.55701,0.57036,0.57202,0.57104,0.56684,0.57858,0.57452,16.20066
LABUSDT,2026-05-02 11:00:00+09:00,1.26471,8.021933907874171,1.44563,1.79244,2.08198,1.69817,1.8247,1.73999,2.08173,2.14738,2.14613,2.155,2.31581,2.74484,2.81832,3.32249,2.29582,1.8108,2.15693,2.65496,3.4361,2.44798,16.20066
LABUSDT,2026-05-02 13:00:00+09:00,1.79244,23.990232632139627,2.08198,1.69817,1.8247,1.73999,2.08173,2.14738,2.14613,2.155,2.31581,2.74484,2.81832,3.32249,2.29582,1.8108,2.15693,2.65496,3.4361,2.44798,1.99984,1.90703,16.20066
LABUSDT,2026-05-04 02:00:00+09:00,2.10445,21.562998220846133,2.35816,2.2835,2.35918,2.60645,2.38412,2.1043,2.48672,2.51139,2.08772,2.15404,2.23484,2.08173,2.05487,1.79146,1.80527,1.69875,1.54649,1.46866,1.69904,1.66111,16.20066
LABUSDT,2026-06-02 18:00:00+09:00,18.75549,5.616119228501597,18.89347,19.15445,19.78482,19.40598,18.94332,19.61669,19.9624,20.5869,21.71308,22.57741,24.34804,20.93591,8.10445,16.02922,15.4235,14.0,13.51915,13.9808,14.137,14.284,16.20066
LAUSDT,2026-02-07 10:00:00+09:00,0.2265,15.325865580448072,0.2684,0.2758,0.2948,0.297,0.2767,0.2562,0.2781,0.289,0.2824,0.2861,0.2947,0.2834,0.2846,0.2823,0.2775,0.2845,0.2816,0.283,0.2913,0.2879,0.0838
LAUSDT,2026-02-07 13:00:00+09:00,0.2948,6.889050036258164,0.297,0.2767,0.2562,0.2781,0.289,0.2824,0.2861,0.2947,0.2834,0.2846,0.2823,0.2775,0.2845,0.2816,0.283,0.2913,0.2879,0.29,0.2835,0.2795,0.0838
LAUSDT,2026-02-25 02:00:00+09:00,0.2345,7.22450845907635,0.235,0.2408,0.2487,0.2744,0.2448,0.2406,0.2462,0.2457,0.2443,0.2367,0.2447,0.2489,0.2489,0.252,0.2466,0.2479,0.2441,0.2449,0.2428,0.2409,0.0838
LIGHTUSDT,2025-12-19 17:00:00+09:00,1.9637,35.40890911598401,2.0118,2.106,2.101,2.0236,2.0497,2.084,2.1406,2.1055,2.0986,2.1303,2.2526,2.1981,2.2043,2.2439,2.3616,2.2922,2.2876,2.3436,2.5518,2.4767,0.1404
LIGHTUSDT,2025-12-27 02:00:00+09:00,0.5949,9.015942825728427,0.5797,0.6191,0.5833,0.5839,0.5794,0.5816,0.5918,0.6102,0.6158,0.6081,0.6047,0.6002,0.6352,0.6201,0.6262,0.6251,0.5686,0.5589,0.5503,0.5665,0.1404
LIGHTUSDT,2026-03-23 18:00:00+09:00,0.2754,6.702828361100342,0.2773,0.2894,0.2961,0.3384,0.3371,0.3231,0.3502,0.3416,0.3444,0.3426,0.3735,0.3686,0.3741,0.3691,0.3569,0.3592,0.3525,0.3531,0.3332,0.3379,0.1404
LIGHTUSDT,2026-03-24 01:00:00+09:00,0.3502,8.387496131228726,0.3416,0.3444,0.3426,0.3735,0.3686,0.3741,0.3691,0.3569,0.3592,0.3525,0.3531,0.3332,0.3379,0.3109,0.3149,0.2797,0.2558,0.259,0.2684,0.2716,0.1404
LINEAUSDT,2026-02-11 22:00:00+09:00,0.003361,7.345895879910564,0.00334,0.003311,0.003235,0.003243,0.003327,0.003317,0.003362,0.003449,0.003515,0.003628,0.004027,0.004054,0.004047,0.004139,0.004037,0.003911,0.003843,0.003685,0.003569,0.003594,0.002796
LITEUSDT,2026-04-16 22:00:00+09:00,880.9,6.517533252720674,893.01,884.39,883.05,883.27,890.63,891.7,890.68,885.69,888.69,889.27,888.83,888.69,887.34,888.76,888.83,888.59,894.93,900.48,905.23,907.09,908.34
LITEUSDT,2026-05-11 23:00:00+09:00,1067.07,9.938080176383915,1065.01,1066.75,1056.26,1056.0,1053.12,1056.0,1055.43,1060.9,1061.76,1062.96,1046.86,1052.0,1046.24,1031.02,1040.3,1038.54,1043.06,1042.82,1042.18,1035.17,908.34
LITEUSDT,2026-05-21 22:00:00+09:00,938.01,7.451658724340171,948.43,952.89,949.42,970.21,963.07,965.16,964.12,963.08,968.42,973.04,971.32,967.17,971.29,973.49,976.96,977.52,979.87,980.6,971.8,961.53,908.34
LITUSDT,2025-12-29 05:00:00+09:00,3.52,5.231689088191325,3.468,3.407,3.609,3.584,3.526,3.495,3.49,3.519,3.453,3.455,3.475,3.484,3.506,3.449,3.472,3.443,3.4,3.401,3.383,3.36,1.63
LITUSDT,2026-03-17 23:00:00+09:00,1.21,5.034722222222228,1.199,1.229,1.269,1.261,1.274,1.289,1.31,1.288,1.292,1.262,1.274,1.251,1.236,1.228,1.227,1.23,1.234,1.243,1.236,1.229,1.63
LITUSDT,2026-05-05 20:00:00+09:00,0.97,5.206073752711489,0.97,0.973,0.966,0.981,0.957,0.972,0.978,0.979,0.989,0.972,0.966,0.966,0.965,0.968,0.979,0.975,0.965,0.97,0.964,0.959,1.63
LITUSDT,2026-06-03 02:00:00+09:00,1.572,8.864265927977847,1.576,1.567,1.554,1.565,1.579,1.606,1.585,1.62,1.602,1.549,1.612,1.637,1.669,1.631,1.664,1.694,1.728,1.69,1.752,1.79,1.63
LUMIAUSDT,2026-05-01 11:00:00+09:00,0.17884,23.346437685357603,0.169,0.16622,0.18128,0.17485,0.16933,0.16519,0.17085,0.17207,0.17295,0.17719,0.18349,0.1749,0.16877,0.1672,0.16967,0.17403,0.17368,0.17588,0.17096,0.1708,0.0952
LUNCUSDT,2026-03-01 03:00:00+09:00,4.298e-05,5.524183648416402,4.649e-05,4.629e-05,4.558e-05,4.522e-05,4.514e-05,4.486e-05,4.549e-05,4.507e-05,4.41e-05,4.432e-05,4.415e-05,4.394e-05,4.401e-05,4.425e-05,4.435e-05,4.492e-05,4.513e-05,4.492e-05,4.469e-05,4.468e-05,6.714e-05
LUNCUSDT,2026-05-05 23:00:00+09:00,0.00010803,5.405405405405396,0.00011298,0.0001176,0.00011931,0.00011386,0.00011278,0.00011493,0.00011266,0.00011379,0.00011513,0.00011578,0.00011368,0.00011136,0.00011074,0.00011174,0.00011202,0.00010718,0.00010887,0.00010947,0.00010963,0.00010569,6.714e-05
LYNUSDT,2025-12-14 19:00:00+09:00,0.06977,6.275704493526274,0.07083,0.07164,0.07269,0.07121,0.07211,0.07241,0.07208,0.07263,0.07213,0.07141,0.0717,0.072,0.07237,0.07266,0.07355,0.07028,0.07032,0.07029,0.07054,0.07095,0.03445
LYNUSDT,2026-01-05 10:00:00+09:00,0.1585,12.76323278315311,0.15848,0.17063,0.16363,0.15874,0.15608,0.178,0.17887,0.1762,0.17199,0.18252,0.18778,0.18903,0.18815,0.14169,0.16281,0.17963,0.16624,0.16105,0.15896,0.158,0.03445
LYNUSDT,2026-01-20 21:00:00+09:00,0.09138,5.191665707378842,0.09176,0.0943,0.09246,0.09297,0.09097,0.09045,0.09135,0.09403,0.09397,0.09452,0.09593,0.09769,0.09856,0.101,0.10172,0.09454,0.09412,0.09643,0.09523,0.09742,0.03445
LYNUSDT,2026-02-15 16:00:00+09:00,0.22324,5.282022259950947,0.21899,0.21837,0.22545,0.22157,0.22246,0.22521,0.22498,0.22501,0.22358,0.22574,0.22511,0.22812,0.22656,0.22752,0.23111,0.23345,0.23242,0.22626,0.23072,0.23037,0.03445
LYNUSDT,2026-03-18 16:00:00+09:00,0.054,24.740124740124735,0.04606,0.05472,0.06172,0.06947,0.07453,0.07663,0.05846,0.06585,0.06289,0.06814,0.07102,0.06808,0.06209,0.06505,0.0654,0.06905,0.07212,0.07605,0.07952,0.08846,0.03445
LYNUSDT,2026-03-22 20:00:00+09:00,0.08851,13.561714139081356,0.08773,0.0862,0.0849,0.08504,0.08815,0.09376,0.09351,0.08844,0.08517,0.08901,0.09266,0.08903,0.08858,0.09066,0.08665,0.08298,0.08524,0.08378,0.08142,0.08441,0.03445
LYNUSDT,2026-04-15 23:00:00+09:00,0.07277,18.517915309446252,0.07662,0.07848,0.0779,0.08157,0.08048,0.08439,0.08526,0.08196,0.06941,0.07157,0.07547,0.07791,0.07836,0.08098,0.07679,0.07987,0.0797,0.08132,0.08764,0.09153,0.03445
LYNUSDT,2026-04-28 17:00:00+09:00,0.06688,5.6389196019586,0.06759,0.06763,0.06823,0.06697,0.06726,0.07916,0.08178,0.083,0.08208,0.08167,0.08505,0.08303,0.08422,0.09087,0.0879,0.0907,0.07881,0.08044,0.07749,0.0766,0.03445
MAGICUSDT,2025-12-10 00:00:00+09:00,0.1102,6.679574056147147,0.1105,0.1114,0.1095,0.1111,0.1123,0.1263,0.1205,0.1198,0.1162,0.1169,0.116,0.114,0.1164,0.1175,0.123,0.1194,0.1192,0.1172,0.1231,0.1212,0.05227
MAGICUSDT,2026-04-25 00:00:00+09:00,0.07,5.1840721262209,0.06701,0.06694,0.06705,0.06811,0.06775,0.06787,0.0677,0.06797,0.0689,0.07005,0.07062,0.07145,0.07149,0.07372,0.07126,0.0708,0.06981,0.07035,0.06977,0.06893,0.05227
MAGMAUSDT,2026-02-01 06:00:00+09:00,0.10465,5.028101164191088,0.10973,0.10774,0.10748,0.10565,0.10718,0.10862,0.11221,0.11093,0.11021,0.10993,0.108,0.10681,0.10941,0.10891,0.10694,0.10509,0.1059,0.10485,0.1048,0.10469,0.44613
MAGMAUSDT,2026-06-03 15:00:00+09:00,0.3001,8.331528409501116,0.33756,0.33754,0.34512,0.36533,0.36296,0.39169,0.39081,0.38319,0.4114,0.42057,0.43063,0.44973,0.43765,0.43583,0.43993,0.43484,0.44,0.4381,0.44613,,0.44613
MAGMAUSDT,2026-06-03 16:00:00+09:00,0.33756,12.482505831389554,0.33754,0.34512,0.36533,0.36296,0.39169,0.39081,0.38319,0.4114,0.42057,0.43063,0.44973,0.43765,0.43583,0.43993,0.43484,0.44,0.4381,0.44613,,,0.44613
MAGMAUSDT,2026-06-03 19:00:00+09:00,0.36533,5.855934167825686,0.36296,0.39169,0.39081,0.38319,0.4114,0.42057,0.43063,0.44973,0.43765,0.43583,0.43993,0.43484,0.44,0.4381,0.44613,,,,,,0.44613
MAGMAUSDT,2026-06-03 21:00:00+09:00,0.39169,7.915472779369622,0.39081,0.38319,0.4114,0.42057,0.43063,0.44973,0.43765,0.43583,0.43993,0.43484,0.44,0.4381,0.44613,,,,,,,,0.44613
MANTAUSDT,2026-05-17 23:00:00+09:00,0.07778,5.079708186976492,0.07989,0.08014,0.081,0.08003,0.07934,0.07912,0.07964,0.08029,0.07751,0.0795,0.0799,0.07942,0.07952,0.07957,0.07919,0.07864,0.07675,0.07726,0.07711,0.07743,0.07674
MAVUSDT,2026-01-19 23:00:00+09:00,0.02605,6.456885982836133,0.02637,0.02659,0.02729,0.02686,0.02733,0.02691,0.02694,0.027,0.02716,0.02774,0.0268,0.027,0.02714,0.02676,0.02622,0.02573,0.02549,0.02524,0.02519,0.02527,0.01185
MAVUSDT,2026-04-15 20:00:00+09:00,0.01524,7.551164431898375,0.01504,0.01493,0.01498,0.01505,0.01523,0.01529,0.01537,0.0155,0.01541,0.01543,0.01552,0.01549,0.01579,0.01597,0.01578,0.01574,0.01576,0.01569,0.01608,0.01589,0.01185
MEGAUSDT,2026-02-02 12:00:00+09:00,0.14857,10.125268697650288,0.14741,0.14219,0.14584,0.14379,0.14293,0.14831,0.15208,0.1475,0.14665,0.13577,0.13307,0.13449,0.13421,0.13644,0.13365,0.12965,0.13233,0.13317,0.13287,0.13349,0.05195
MEGAUSDT,2026-02-07 12:00:00+09:00,0.12759,6.3427237872978885,0.13258,0.13151,0.13333,0.12942,0.13238,0.1344,0.13009,0.13229,0.13477,0.13466,0.13219,0.13444,0.13519,0.13501,0.13501,0.13596,0.13625,0.13454,0.13429,0.13444,0.05195
MEGAUSDT,2026-04-21 15:00:00+09:00,0.17113,5.90383068259174,0.1721,0.17558,0.17844,0.17786,0.17596,0.17699,0.17376,0.17616,0.17826,0.17744,0.1774,0.18151,0.17992,0.182,0.18039,0.18133,0.18353,0.1811,0.17997,0.17877,0.05195
MEMEUSDT,2026-05-29 18:00:00+09:00,0.0005129,7.2115384615384786,0.0004897,0.0004882,0.0004866,0.0004872,0.0004919,0.0005069,0.0005024,0.0005012,0.0004959,0.0004975,0.0005089,0.0005046,0.000505,0.0005023,0.0005078,0.0005071,0.000514,0.000522,0.0005214,0.0005144,0.000543
MERLUSDT,2026-01-15 05:00:00+09:00,0.2433,5.09719222462202,0.2425,0.2491,0.254,0.2515,0.2531,0.2579,0.2545,0.2587,0.2602,0.2575,0.2512,0.2485,0.2469,0.2516,0.2549,0.2552,0.2567,0.2539,0.248,0.2484,0.0251
MERLUSDT,2026-02-02 22:00:00+09:00,0.04936,5.021276595744683,0.04991,0.04998,0.04967,0.0493,0.05003,0.04955,0.05059,0.05222,0.05102,0.05103,0.05257,0.05204,0.04988,0.05084,0.0517,0.05101,0.05157,0.05063,0.05083,0.05201,0.0251
MERLUSDT,2026-02-06 23:00:00+09:00,0.05245,7.766591329361,0.05261,0.05397,0.05566,0.05508,0.05448,0.05405,0.05451,0.05457,0.05287,0.05287,0.05212,0.05208,0.05157,0.05034,0.05075,0.04902,0.04899,0.04868,0.04846,0.04851,0.0251
MERLUSDT,2026-04-15 04:00:00+09:00,0.02846,5.173688100517363,0.02804,0.02755,0.0286,0.02955,0.03122,0.03034,0.03101,0.03102,0.03081,0.03108,0.02915,0.02905,0.0289,0.02885,0.02944,0.02944,0.02946,0.02945,0.02981,0.0311,0.0251
MERLUSDT,2026-04-16 11:00:00+09:00,0.03556,5.082742316784867,0.03699,0.03571,0.03511,0.03466,0.03529,0.0352,0.03648,0.0355,0.03604,0.03722,0.03542,0.03546,0.04146,0.03959,0.03764,0.03659,0.03678,0.03717,0.03876,0.03842,0.0251
MERLUSDT,2026-05-04 02:00:00+09:00,0.0371,5.818596691386196,0.03851,0.03879,0.03854,0.03884,0.04004,0.03872,0.0393,0.03973,0.03975,0.03983,0.04046,0.04026,0.03994,0.03961,0.03939,0.04092,0.04088,0.04068,0.03889,0.03888,0.0251
METAUSDT,2026-04-09 01:00:00+09:00,627.24,5.095253254695637,618.82,611.4,612.81,611.67,613.33,616.31,616.31,615.98,613.82,616.53,615.84,616.01,616.74,616.09,612.66,614.83,618.41,616.06,623.7,621.67,620.94
METISUSDT,2026-02-06 18:00:00+09:00,3.551,5.090263391535962,3.543,3.556,3.541,3.621,3.631,3.628,3.758,3.843,3.911,3.982,3.858,3.835,3.902,3.905,3.899,3.911,3.888,3.943,3.925,3.942,2.821
METUSDT,2026-01-16 16:00:00+09:00,0.2805,9.82772122161316,0.2877,0.2876,0.2853,0.2977,0.3081,0.3119,0.3019,0.2974,0.3055,0.3126,0.3075,0.3078,0.3144,0.326,0.3195,0.3141,0.3075,0.3357,0.3039,0.3055,0.123
METUSDT,2026-01-21 23:00:00+09:00,0.2753,5.762581636573191,0.2778,0.2705,0.2689,0.271,0.2825,0.2824,0.2834,0.2788,0.276,0.2796,0.2792,0.2782,0.274,0.2751,0.2723,0.2734,0.2704,0.271,0.2708,0.2688,0.123
METUSDT,2026-01-28 05:00:00+09:00,0.2621,5.13437625350983,0.2616,0.2674,0.2702,0.2705,0.2709,0.275,0.2775,0.2725,0.2701,0.2724,0.2708,0.2672,0.2684,0.2669,0.2753,0.2722,0.2728,0.2689,0.2685,0.2689,0.123
METUSDT,2026-02-04 04:00:00+09:00,0.2345,5.4880791722896936,0.2433,0.2404,0.236,0.2352,0.2366,0.2381,0.2371,0.2412,0.2412,0.2383,0.2401,0.2397,0.2381,0.2354,0.2343,0.2327,0.2333,0.2287,0.2273,0.2293,0.123
METUSDT,2026-04-22 08:00:00+09:00,0.1795,6.718192627824022,0.1987,0.1898,0.1892,0.1845,0.1837,0.1816,0.1948,0.187,0.1871,0.1907,0.1895,0.1903,0.1844,0.1836,0.1868,0.1856,0.1849,0.1897,0.1895,0.1912,0.123
MEUSDT,2026-01-18 19:00:00+09:00,0.2861,15.456012913640043,0.2871,0.2952,0.2808,0.2818,0.2759,0.2794,0.2805,0.2796,0.2765,0.281,0.2752,0.2798,0.2766,0.2614,0.2654,0.2634,0.2611,0.2533,0.2534,0.2594,0.072
MEUSDT,2026-02-12 15:00:00+09:00,0.1655,5.146124523506986,0.1728,0.1756,0.1862,0.1946,0.1972,0.1874,0.1831,0.1802,0.1921,0.1912,0.1835,0.1792,0.1819,0.1867,0.1838,0.1827,0.1767,0.1618,0.1613,0.1579,0.072
MEWUSDT,2025-12-10 00:00:00+09:00,0.00116,5.167724388032636,0.001189,0.001184,0.001185,0.001197,0.001176,0.001166,0.001177,0.001176,0.001164,0.001159,0.001156,0.001156,0.001162,0.001159,0.001157,0.001146,0.001141,0.001148,0.00113,0.00113,0.0004159
MINAUSDT,2026-01-22 04:00:00+09:00,0.0894,8.101571946795644,0.0897,0.0924,0.0903,0.0891,0.0898,0.0917,0.0931,0.0909,0.0919,0.0934,0.0927,0.0914,0.0948,0.0939,0.0943,0.0906,0.0909,0.0897,0.0875,0.0873,0.04886
MIRAUSDT,2026-02-27 04:00:00+09:00,0.1181,7.755474452554739,0.1108,0.1121,0.1049,0.1056,0.106,0.1076,0.1175,0.1193,0.1132,0.1114,0.1083,0.1035,0.1033,0.1064,0.1038,0.0985,0.0957,0.0951,0.0948,0.0945,0.0673
MLNUSDT,2026-05-14 10:00:00+09:00,3.107,29.189189189189207,2.772,2.636,2.772,2.924,2.932,2.699,2.841,2.929,2.919,3.648,3.272,3.023,3.22,3.175,3.13,3.153,3.112,3.086,3.018,3.037,2.293
MONUSDT,2026-01-27 21:00:00+09:00,0.02055,6.091894682498713,0.02039,0.02076,0.02137,0.02181,0.02085,0.02116,0.02113,0.02193,0.02161,0.02174,0.02212,0.02176,0.02154,0.02152,0.02124,0.02124,0.02168,0.0221,0.02202,0.02268,0.01916
MONUSDT,2026-01-30 13:00:00+09:00,0.02068,5.027932960893861,0.02134,0.02051,0.02121,0.02069,0.02066,0.02102,0.0213,0.02123,0.02074,0.02062,0.02002,0.01963,0.01963,0.02069,0.02068,0.02038,0.02046,0.02032,0.02017,0.02002,0.01916
MONUSDT,2026-02-11 00:00:00+09:00,0.01936,17.33333333333332,0.02035,0.02013,0.02005,0.0197,0.02072,0.02027,0.0198,0.01966,0.01933,0.01956,0.01929,0.01918,0.01868,0.0189,0.01885,0.01921,0.01888,0.01914,0.01826,0.01882,0.01916
MONUSDT,2026-04-08 06:00:00+09:00,0.02866,6.266221727845757,0.02973,0.03035,0.03,0.03015,0.03035,0.02959,0.0298,0.0303,0.03038,0.03068,0.03054,0.03151,0.03183,0.03209,0.03217,0.03196,0.03089,0.03215,0.03188,0.03181,0.01916
MONUSDT,2026-04-10 00:00:00+09:00,0.03166,6.743088334457188,0.03196,0.03143,0.0312,0.03223,0.03321,0.0344,0.03341,0.0329,0.03367,0.03436,0.03386,0.03455,0.03629,0.03639,0.03651,0.03564,0.03563,0.0359,0.03585,0.03629,0.01916
MORPHOUSDT,2026-02-25 07:00:00+09:00,1.7643,5.306195535394531,1.7374,1.7187,1.79,1.7647,1.7434,1.7591,1.737,1.751,1.7531,1.7647,1.8045,1.7937,1.7899,1.8692,1.9262,1.9331,1.8853,1.872,1.8691,1.8382,1.8085
MOVEUSDT,2026-01-18 19:00:00+09:00,0.04109,9.19479138984854,0.04063,0.04142,0.03962,0.0403,0.04033,0.0404,0.04065,0.04087,0.04072,0.04128,0.04112,0.0412,0.03935,0.03734,0.0375,0.03778,0.03766,0.0367,0.03651,0.0366,0.01285
MOVRUSDT,2026-04-17 14:00:00+09:00,2.721,88.43490304709142,3.195,3.858,3.12,3.402,3.047,3.128,3.087,4.168,3.847,3.317,3.554,3.346,3.059,3.114,2.988,2.867,3.011,2.908,2.653,2.703,1.454
MPUSDT,2026-05-05 23:00:00+09:00,68.79,5.554703084241222,67.58,67.93,67.64,67.44,67.93,67.93,68.07,68.07,68.1,68.0,68.16,68.19,68.26,68.21,68.29,68.21,68.11,68.25,68.26,68.64,66.56
MRVLUSDT,2026-03-06 06:00:00+09:00,84.52,11.592289411143387,87.05,86.52,86.95,87.02,86.72,86.69,87.27,87.39,86.92,86.84,86.76,84.5,84.13,84.49,84.52,83.44,87.58,88.29,91.48,92.29,289.17
MRVLUSDT,2026-04-20 09:00:00+09:00,146.76,6.232356134636254,146.79,146.68,146.79,146.79,146.8,146.8,146.78,147.8,149.06,150.04,146.66,146.95,146.5,144.51,145.34,145.66,148.26,148.77,147.75,152.5,289.17
MRVLUSDT,2026-06-01 23:00:00+09:00,214.33,6.679607784580169,214.86,218.68,224.5,223.58,219.52,219.19,221.13,218.84,220.05,216.99,217.09,224.39,257.95,254.25,254.1,258.48,260.0,271.36,275.79,272.73,289.17
MSTRUSDT,2026-04-17 22:00:00+09:00,165.45,8.420707732634334,171.35,168.83,167.61,165.51,164.53,166.53,166.45,166.41,166.81,166.11,166.08,166.31,166.39,165.9,166.0,165.99,165.99,165.69,165.34,165.03,121.21
MUSDT,2026-04-06 04:00:00+09:00,2.74695,6.671041799344511,2.73626,2.72456,2.77315,2.77228,2.68825,2.67925,2.74594,2.74181,2.72473,2.7751,2.77674,2.76088,2.72814,2.72292,2.74461,2.71153,2.72149,2.73675,2.73844,2.73092,3.36358
MUSDT,2026-04-21 14:00:00+09:00,3.62239,7.7460536530665145,3.54803,3.55705,3.56211,3.91458,4.18787,4.01938,4.20526,4.1302,4.11452,4.22247,4.19572,4.27077,4.27273,4.28286,4.23322,4.19417,4.42979,4.30599,4.29017,4.35339,3.36358
MUSDT,2026-04-21 18:00:00+09:00,3.91458,9.894977976536373,4.18787,4.01938,4.20526,4.1302,4.11452,4.22247,4.19572,4.27077,4.27273,4.28286,4.23322,4.19417,4.42979,4.30599,4.29017,4.35339,4.43251,4.40069,4.57294,4.49996,3.36358
MUSDT,2026-04-21 19:00:00+09:00,4.18787,6.981336439669141,4.01938,4.20526,4.1302,4.11452,4.22247,4.19572,4.27077,4.27273,4.28286,4.23322,4.19417,4.42979,4.30599,4.29017,4.35339,4.43251,4.40069,4.57294,4.49996,4.24322,3.36358
MUSDT,2026-05-05 14:00:00+09:00,3.34245,25.13993043725687,3.50889,3.69354,3.53243,3.30338,3.36212,3.38868,3.37736,3.41327,3.36011,3.32627,3.34939,3.51986,3.344,3.34386,3.45826,3.52213,3.50011,3.51159,3.53214,3.49353,3.36358
MUSDT,2026-06-02 02:00:00+09:00,3.26338,7.552872082024656,3.29866,3.24699,3.29693,3.25002,3.25506,3.25894,3.24237,3.28064,3.32783,3.28348,3.3604,3.34359,3.39567,3.3612,3.36964,3.33765,3.31415,3.31026,3.30987,3.3256,3.36358
MUUSDT,2026-05-01 22:00:00+09:00,541.59,6.256621542083588,529.12,532.35,532.28,536.78,540.96,542.37,540.42,540.77,540.39,540.26,540.68,541.19,540.46,540.55,540.35,541.1,540.29,540.04,540.32,540.48,1050.85
MUUSDT,2026-05-04 22:00:00+09:00,589.79,5.915417078207765,585.5,582.13,580.55,579.34,578.52,578.54,578.86,579.03,578.28,578.72,583.12,583.15,582.78,583.76,583.09,584.29,586.68,589.29,597.5,596.1,1050.85
MUUSDT,2026-05-05 22:00:00+09:00,636.0,5.242255758538514,637.97,645.52,640.79,640.52,645.76,641.16,647.0,662.16,683.18,676.3,670.84,675.39,673.3,677.11,679.84,680.37,677.65,677.15,686.87,678.34,1050.85
MUUSDT,2026-05-08 22:00:00+09:00,709.86,5.429971780781235,716.64,722.55,731.83,731.86,735.3,747.79,745.74,750.59,753.31,759.37,760.58,760.38,760.45,760.42,759.6,760.15,758.74,758.95,759.88,760.43,1050.85
MUUSDT,2026-05-26 22:00:00+09:00,859.67,5.449928855306407,881.33,873.71,884.68,898.03,906.35,898.35,903.04,910.04,912.36,915.2,960.46,944.11,951.02,935.57,930.92,923.73,926.0,940.59,936.38,946.02,1050.85
MYXUSDT,2026-02-02 01:00:00+09:00,5.3746,14.18555737321804,5.4792,5.4026,5.3741,5.3054,5.2929,5.2418,5.2869,5.6324,5.5978,5.5323,5.6213,5.5866,5.5599,5.7229,5.5684,5.655,5.7324,5.6752,5.8223,5.9503,0.291
MYXUSDT,2026-02-02 09:00:00+09:00,5.6324,6.535020522423338,5.5978,5.5323,5.6213,5.5866,5.5599,5.7229,5.5684,5.655,5.7324,5.6752,5.8223,5.9503,6.0583,5.9799,5.8447,5.8302,5.7814,5.9485,5.9404,5.9874,0.291
MYXUSDT,2026-02-20 06:00:00+09:00,0.9119,9.854234429586809,0.8988,0.9042,0.9548,0.9645,1.0874,1.1891,1.2787,1.6998,1.772,1.6827,1.3739,1.3644,1.2492,1.1608,1.1818,1.0794,1.1055,1.0972,1.1036,1.1,0.291
MYXUSDT,2026-02-21 09:00:00+09:00,1.0923,6.649091974223789,1.2121,1.1916,1.1486,1.144,1.1224,1.1402,1.1444,1.1894,1.1414,1.1353,1.1335,1.1402,1.1485,1.0513,1.0502,1.0437,1.0583,1.0426,0.9737,1.006,0.291
MYXUSDT,2026-02-26 21:00:00+09:00,0.4004,5.646437994722948,0.3935,0.3889,0.3934,0.4028,0.4399,0.4831,0.4741,0.4379,0.4618,0.4924,0.5049,0.532,0.4726,0.4864,0.4689,0.4638,0.4795,0.458,0.4603,0.5037,0.291
MYXUSDT,2026-02-27 02:00:00+09:00,0.4399,9.210526315789478,0.4831,0.4741,0.4379,0.4618,0.4924,0.5049,0.532,0.4726,0.4864,0.4689,0.4638,0.4795,0.458,0.4603,0.5037,0.5016,0.5025,0.4817,0.4676,0.4426,0.291
MYXUSDT,2026-04-14 07:00:00+09:00,0.2403,8.831521739130443,0.2567,0.2589,0.2735,0.3389,0.362,0.4309,0.4946,0.585,0.3816,0.3698,0.351,0.3291,0.3439,0.3177,0.3265,0.3326,0.3519,0.2762,0.2779,0.2763,0.291
MYXUSDT,2026-05-23 12:00:00+09:00,0.1905,11.468695143358692,0.1955,0.1987,0.2016,0.1883,0.1995,0.1956,0.1996,0.2027,0.2004,0.2004,0.2156,0.2056,0.1993,0.2039,0.2074,0.2046,0.2087,0.2063,0.2073,0.2096,0.291
MYXUSDT,2026-05-30 13:00:00+09:00,0.2181,7.174447174447176,0.2195,0.2191,0.2197,0.2211,0.219,0.22,0.2189,0.219,0.221,0.2194,0.2192,0.2194,0.2206,0.2213,0.2218,0.2295,0.2325,0.2302,0.2358,0.2246,0.291
MYXUSDT,2026-06-01 20:00:00+09:00,0.2948,6.464427591188166,0.3086,0.3024,0.3003,0.2985,0.3033,0.3136,0.3021,0.3085,0.3106,0.3282,0.3468,0.3362,0.3167,0.2918,0.2963,0.3008,0.3019,0.3077,0.3122,0.3075,0.291
MYXUSDT,2026-06-02 20:00:00+09:00,0.3413,6.589631480324799,0.3394,0.3485,0.3488,0.35,0.3496,0.352,0.3496,0.3501,0.3503,0.3473,0.3452,0.3511,0.3775,0.3384,0.3612,0.3799,0.4006,0.4056,0.4145,0.3993,0.291
MYXUSDT,2026-06-03 11:00:00+09:00,0.3612,6.737588652482282,0.3799,0.4006,0.4056,0.4145,0.3993,0.3975,0.3882,0.3949,0.3839,0.3864,0.3948,0.3795,0.3702,0.3552,0.3011,0.2828,0.2603,0.2309,0.2477,0.2812,0.291
NAORISUSDT,2025-12-18 17:00:00+09:00,0.03489,7.453033569448718,0.03433,0.03477,0.03609,0.03549,0.03511,0.0358,0.0359,0.03505,0.03385,0.03472,0.03464,0.03431,0.03439,0.03405,0.03377,0.03354,0.0334,0.03315,0.03343,0.03376,0.03053
NAORISUSDT,2026-01-21 04:00:00+09:00,0.0303,16.80801850424055,0.0312,0.0308,0.02989,0.03663,0.06079,0.0591,0.05427,0.05595,0.0529,0.051,0.04723,0.04263,0.03409,0.02941,0.02775,0.02672,0.02411,0.02467,0.0271,0.02774,0.03053
NAORISUSDT,2026-01-22 03:00:00+09:00,0.03058,11.687363038714382,0.0315,0.03185,0.03217,0.0306,0.02981,0.03077,0.03283,0.03425,0.03525,0.03534,0.03505,0.03423,0.03566,0.03419,0.03134,0.02998,0.02937,0.03004,0.02876,0.03118,0.03053
NAORISUSDT,2026-02-16 17:00:00+09:00,0.03128,7.454482995534187,0.03233,0.03176,0.03188,0.03132,0.03117,0.0312,0.03157,0.03136,0.03205,0.03157,0.03119,0.03163,0.03205,0.03159,0.03152,0.03128,0.03116,0.0316,0.03153,0.03241,0.03053
NAORISUSDT,2026-02-18 12:00:00+09:00,0.03427,6.6604419545596105,0.03616,0.03716,0.03993,0.03913,0.04061,0.04424,0.04338,0.04458,0.04559,0.04496,0.04549,0.04689,0.04703,0.04715,0.04961,0.05039,0.05085,0.04769,0.0482,0.04471,0.03053
NAORISUSDT,2026-03-08 07:00:00+09:00,0.02812,16.438923395445123,0.03242,0.03658,0.03354,0.03071,0.03257,0.03276,0.03226,0.03352,0.03431,0.03357,0.03274,0.03376,0.03311,0.03296,0.0332,0.03296,0.03313,0.03267,0.03324,0.03311,0.03053
NAORISUSDT,2026-03-09 07:00:00+09:00,0.03347,6.796426292278239,0.03463,0.03633,0.03883,0.03783,0.03751,0.03678,0.04042,0.04125,0.04312,0.04414,0.04308,0.0434,0.04314,0.04275,0.04315,0.04347,0.04392,0.0436,0.04515,0.04453,0.03053
NAORISUSDT,2026-03-26 21:00:00+09:00,0.0674,9.700520833333332,0.06387,0.06582,0.06501,0.06506,0.06489,0.06582,0.06647,0.06626,0.06719,0.0674,0.0675,0.06704,0.06433,0.06522,0.06487,0.06482,0.06248,0.06348,0.06528,0.06438,0.03053
NAORISUSDT,2026-04-21 15:00:00+09:00,0.06948,6.254779018198496,0.07108,0.06835,0.06829,0.07469,0.07047,0.07268,0.07463,0.07368,0.07724,0.07613,0.07937,0.07249,0.07462,0.06879,0.06828,0.06707,0.06685,0.06701,0.06672,0.0695,0.03053
NAORISUSDT,2026-04-29 04:00:00+09:00,0.09112,9.021296960995459,0.09725,0.09043,0.09338,0.09406,0.0926,0.0932,0.09144,0.09458,0.10077,0.10253,0.09717,0.10118,0.10716,0.11522,0.10592,0.10896,0.11367,0.11511,0.11682,0.11004,0.03053
NAORISUSDT,2026-04-29 05:00:00+09:00,0.09725,6.727392449517117,0.09043,0.09338,0.09406,0.0926,0.0932,0.09144,0.09458,0.10077,0.10253,0.09717,0.10118,0.10716,0.11522,0.10592,0.10896,0.11367,0.11511,0.11682,0.11004,0.11128,0.03053
NAORISUSDT,2026-04-29 13:00:00+09:00,0.10077,6.5447240431380855,0.10253,0.09717,0.10118,0.10716,0.11522,0.10592,0.10896,0.11367,0.11511,0.11682,0.11004,0.11128,0.10974,0.10993,0.11085,0.11048,0.11281,0.11242,0.11324,0.11947,0.03053
NAORISUSDT,2026-05-13 17:00:00+09:00,0.12373,12.135218415805705,0.11632,0.12169,0.1237,0.1231,0.12352,0.12118,0.1224,0.12284,0.11745,0.1242,0.11226,0.10946,0.1112,0.11373,0.11346,0.11662,0.11431,0.10628,0.10072,0.10275,0.03053
NBISUSDT,2026-05-01 22:00:00+09:00,151.2,6.8551236749116535,152.62,155.66,154.12,155.84,152.62,154.72,154.13,155.14,155.16,155.33,155.24,155.37,155.38,155.15,155.36,155.49,155.67,155.79,155.77,155.77,243.62
NBISUSDT,2026-05-04 22:00:00+09:00,176.24,10.13623297087864,172.61,170.04,173.97,174.96,176.07,176.51,176.28,176.5,176.1,175.63,175.98,176.45,177.09,177.52,177.71,177.51,177.88,178.37,178.43,177.55,243.62
NEARUSDT,2026-03-02 23:00:00+09:00,1.2984,6.37391446829429,1.3036,1.3192,1.3117,1.3237,1.3276,1.3237,1.3693,1.3722,1.3573,1.3689,1.3955,1.3778,1.418,1.4096,1.3646,1.357,1.3415,1.3563,1.3435,1.3351,2.6969
NEARUSDT,2026-05-06 17:00:00+09:00,1.425,5.026533018867927,1.4093,1.4414,1.4797,1.4969,1.4631,1.468,1.5082,1.5173,1.5066,1.4967,1.5031,1.5154,1.5248,1.4869,1.4873,1.4911,1.4687,1.4843,1.486,1.4881,2.6969
NEARUSDT,2026-05-24 01:00:00+09:00,2.4004,6.254703200389525,2.3501,2.3889,2.3876,2.3996,2.411,2.4166,2.4501,2.3982,2.3884,2.4052,2.3861,2.392,2.3501,2.395,2.3871,2.3801,2.3608,2.3565,2.3974,2.3835,2.6969
NEARUSDT,2026-06-03 13:00:00+09:00,2.8196,5.205029663072272,2.8639,2.8112,2.857,2.8693,2.8301,2.9557,2.9473,2.9738,3.0507,3.008,2.9414,2.8525,2.8017,2.8759,2.8504,2.7973,2.9133,2.8294,2.8158,2.7889,2.6969
NEIROCTOUSDT,2026-04-15 23:00:00+09:00,7.3e-05,5.950653120464448,7e-05,7.03e-05,7.16e-05,7.24e-05,7.58e-05,7.61e-05,7.8e-05,7.97e-05,7.85e-05,8.27e-05,8.59e-05,8.91e-05,9.51e-05,0.0001005,9.32e-05,9.84e-05,9.1e-05,8.91e-05,8.88e-05,8.51e-05,7.12e-05
NEWTUSDT,2026-04-20 12:00:00+09:00,0.0756,5.000000000000009,0.0748,0.0771,0.0744,0.0746,0.075,0.0752,0.0763,0.0759,0.0751,0.0757,0.0757,0.0751,0.0755,0.0767,0.0768,0.0765,0.0767,0.0767,0.076,0.0762,0.06095
NIGHTUSDT,2025-12-14 11:00:00+09:00,0.05236,5.20393811533051,0.06635,0.06598,0.06887,0.06888,0.07138,0.06849,0.0703,0.06842,0.0671,0.06449,0.06327,0.065,0.06723,0.06989,0.06711,0.068,0.06723,0.06708,0.06644,0.0647,0.03698
NIGHTUSDT,2026-02-04 04:00:00+09:00,0.04935,7.563208369659985,0.05015,0.04967,0.049,0.04875,0.04869,0.04905,0.04891,0.04977,0.04994,0.04932,0.04964,0.04949,0.04957,0.04953,0.04952,0.0493,0.04945,0.04863,0.0482,0.04771,0.03698
NIGHTUSDT,2026-02-14 01:00:00+09:00,0.05739,5.554533750229897,0.05697,0.05767,0.05714,0.05748,0.05777,0.05779,0.05784,0.05732,0.05721,0.05651,0.05701,0.05745,0.05762,0.05683,0.05665,0.05675,0.05653,0.05692,0.05714,0.0578,0.03698
NILUSDT,2025-12-10 00:00:00+09:00,0.07199,6.368203309692663,0.07181,0.07091,0.07068,0.07195,0.07388,0.07596,0.07554,0.07582,0.07694,0.07841,0.07749,0.07779,0.08032,0.07879,0.07921,0.07571,0.07475,0.07368,0.07285,0.07251,0.05453
NILUSDT,2026-02-13 02:00:00+09:00,0.05481,5.6680161943319805,0.05802,0.05496,0.054,0.05418,0.05448,0.05525,0.05603,0.05743,0.05589,0.05659,0.05665,0.05594,0.05704,0.05441,0.05367,0.05321,0.05336,0.05294,0.05261,0.0534,0.05453
NILUSDT,2026-05-21 02:00:00+09:00,0.06148,5.599450360700788,0.0616,0.06582,0.0671,0.06674,0.06688,0.06728,0.07211,0.06582,0.06701,0.0678,0.06638,0.06371,0.06246,0.06086,0.06002,0.05798,0.05855,0.05958,0.06113,0.05998,0.05453
NIOUSDT,2026-05-13 22:00:00+09:00,6.429,6.019129287598949,6.525,6.458,6.506,6.453,6.489,6.548,6.564,6.537,6.552,6.55,6.558,6.528,6.491,6.469,6.472,6.456,6.466,6.385,6.38,6.344,5.771
NOMUSDT,2026-01-25 08:00:00+09:00,0.008681,5.467136435427031,0.012021,0.013577,0.012895,0.014134,0.013495,0.014131,0.015328,0.017134,0.017134,0.016471,0.016653,0.017267,0.0154,0.014936,0.013666,0.01351,0.013845,0.014788,0.01392,0.015429,0.002109
NOMUSDT,2026-03-28 20:00:00+09:00,0.00234,24.137931034482765,0.00241,0.002403,0.002317,0.00257,0.002834,0.002708,0.002837,0.002775,0.002728,0.002877,0.003087,0.003094,0.002953,0.003006,0.002725,0.002707,0.002845,0.002816,0.002624,0.002591,0.002109
NOMUSDT,2026-04-07 20:00:00+09:00,0.006764,18.438101908597446,0.006143,0.005992,0.005882,0.005793,0.005681,0.006004,0.006092,0.006135,0.006048,0.006033,0.006019,0.006167,0.006164,0.006407,0.006552,0.006506,0.00706,0.006793,0.007171,0.007358,0.002109
NOTUSDT,2026-05-08 02:00:00+09:00,0.0006516,5.012087026591467,0.0007034,0.0007041,0.0007288,0.0006899,0.0007093,0.0006911,0.0007184,0.0007104,0.000711,0.0007229,0.0007089,0.0007133,0.0007472,0.0007428,0.0007095,0.000679,0.0006791,0.0006895,0.0006791,0.0006876,0.0004343
OGUSDT,2026-01-08 21:00:00+09:00,4.313,5.472953144869407,4.2558,4.2116,4.2072,4.2597,4.2054,4.2167,4.2121,4.243,4.2837,4.2606,4.334,4.465,4.2778,4.3225,4.3238,4.3002,4.2456,4.267,4.2901,4.2898,2.5519
OGUSDT,2026-02-10 02:00:00+09:00,4.1266,7.237337907019041,3.9818,3.9503,3.9527,3.9414,3.9876,4.0141,4.0047,4.0432,4.0215,4.0116,4.2807,4.3957,4.3934,4.3119,4.3078,4.317,4.3049,4.3072,4.5609,4.6488,2.5519
OGUSDT,2026-02-10 21:00:00+09:00,4.5609,5.890137444279352,4.6488,4.4934,4.6816,4.6055,4.6866,4.7138,4.7191,4.7,4.7511,4.7292,4.7826,4.8457,4.9306,4.9125,4.9183,4.8427,4.9971,4.9008,4.9401,5.0038,2.5519
ONDOUSDT,2026-05-09 01:00:00+09:00,0.4519,6.454652532391057,0.4473,0.4496,0.4332,0.4414,0.4438,0.4476,0.4512,0.4705,0.461,0.4546,0.4502,0.4419,0.445,0.4371,0.4349,0.4256,0.4168,0.4212,0.4262,0.4232,0.3948
ONDOUSDT,2026-05-19 06:00:00+09:00,0.3822,8.826879271070606,0.3771,0.3857,0.3891,0.381,0.3901,0.3951,0.3881,0.3954,0.3895,0.3871,0.3828,0.3791,0.3747,0.367,0.3664,0.3706,0.3599,0.365,0.3766,0.3701,0.3948
ONDSUSDT,2026-05-28 10:00:00+09:00,11.321,5.843305908750935,11.547,11.38,11.199,11.19,11.38,11.486,11.815,11.909,11.759,11.703,11.752,13.137,12.704,13.416,13.459,13.155,13.202,13.258,13.117,13.211,11.35
ONDSUSDT,2026-05-28 22:00:00+09:00,13.137,11.78522804628999,12.704,13.416,13.459,13.155,13.202,13.258,13.117,13.211,13.271,13.672,13.554,13.646,13.58,13.553,13.582,13.589,13.593,13.49,12.978,13.071,11.35
ONDSUSDT,2026-05-29 00:00:00+09:00,13.416,5.604534005037781,13.459,13.155,13.202,13.258,13.117,13.211,13.271,13.672,13.554,13.646,13.58,13.553,13.582,13.589,13.593,13.49,12.978,13.071,13.068,13.03,11.35
ONGUSDT,2026-04-01 15:00:00+09:00,0.06795,5.185758513931876,0.06613,0.06569,0.06571,0.06619,0.06659,0.06705,0.06672,0.06694,0.07255,0.07036,0.07028,0.07033,0.07043,0.07091,0.07173,0.0718,0.0691,0.06838,0.06968,0.06755,0.05397
ONTUSDT,2025-12-27 20:00:00+09:00,0.0686,15.100671140939587,0.0679,0.07,0.0694,0.0711,0.0689,0.0681,0.0678,0.0686,0.0664,0.0664,0.0649,0.0643,0.0617,0.062,0.0618,0.0625,0.0623,0.0659,0.0677,0.0665,0.04736
ONTUSDT,2026-03-28 13:00:00+09:00,0.05426,9.28499496475328,0.06158,0.062,0.06422,0.06495,0.06369,0.06538,0.06356,0.06249,0.06132,0.06171,0.06158,0.06128,0.06149,0.06158,0.06082,0.06086,0.0608,0.0613,0.06238,0.0599,0.04736
ONTUSDT,2026-03-31 00:00:00+09:00,0.07647,6.3412599082186,0.07951,0.07932,0.07967,0.08207,0.08089,0.08131,0.08114,0.08423,0.08311,0.07646,0.07761,0.07637,0.07844,0.07855,0.08052,0.08111,0.07757,0.07679,0.07588,0.07632,0.04736
OPENUSDT,2026-03-23 01:00:00+09:00,0.1604,6.436629064366281,0.1529,0.1529,0.1532,0.1552,0.1569,0.1588,0.1592,0.1588,0.1603,0.1621,0.1633,0.1673,0.1687,0.1667,0.1664,0.1671,0.1695,0.1705,0.1733,0.1764,0.2066
OPGUSDT,2026-04-26 08:00:00+09:00,0.278,5.064247921390788,0.2842,0.2817,0.2925,0.2861,0.2888,0.3015,0.3027,0.3033,0.3007,0.3092,0.3136,0.3145,0.3492,0.3257,0.3033,0.3066,0.3284,0.3117,0.3139,0.3029,0.1718
OPGUSDT,2026-05-07 00:00:00+09:00,0.2505,5.473684210526321,0.2599,0.2567,0.2594,0.2585,0.259,0.2576,0.263,0.267,0.2704,0.2635,0.2632,0.2617,0.2584,0.2593,0.2571,0.2536,0.2462,0.2413,0.2436,0.2415,0.1718
OPGUSDT,2026-05-12 00:00:00+09:00,0.3297,5.5377720870678555,0.3227,0.3218,0.3245,0.3325,0.3376,0.338,0.3363,0.3417,0.3369,0.3282,0.3284,0.313,0.3222,0.3095,0.3117,0.3265,0.3253,0.3208,0.3207,0.3281,0.1718
OPNUSDT,2026-03-02 20:00:00+09:00,0.5719,5.012853470437017,0.513,0.5004,0.5612,0.5684,0.584,0.5847,0.588,0.5833,0.5748,0.5844,0.5784,0.578,0.5244,0.5358,0.5309,0.533,0.5262,0.5309,0.517,0.5239,0.2024
OPNUSDT,2026-03-02 23:00:00+09:00,0.5612,12.150279776179074,0.5684,0.584,0.5847,0.588,0.5833,0.5748,0.5844,0.5784,0.578,0.5244,0.5358,0.5309,0.533,0.5262,0.5309,0.517,0.5239,0.5136,0.5063,0.5055,0.2024
OPNUSDT,2026-06-03 22:00:00+09:00,0.1293,7.750000000000003,0.1397,0.1646,0.2071,0.2439,0.2474,0.2527,0.2403,0.2626,0.2319,0.2278,0.2067,0.2024,,,,,,,,,0.2024
OPNUSDT,2026-06-03 23:00:00+09:00,0.1397,8.04331013147718,0.1646,0.2071,0.2439,0.2474,0.2527,0.2403,0.2626,0.2319,0.2278,0.2067,0.2024,,,,,,,,,,0.2024
OPNUSDT,2026-06-04 00:00:00+09:00,0.1646,17.823908375089484,0.2071,0.2439,0.2474,0.2527,0.2403,0.2626,0.2319,0.2278,0.2067,0.2024,,,,,,,,,,,0.2024
ORCAUSDT,2026-02-17 09:00:00+09:00,0.974,22.208281053952312,1.005,0.993,1.021,1.0,0.971,0.961,1.107,1.138,1.157,1.239,1.206,1.209,1.15,1.168,1.175,1.121,1.11,1.129,1.152,1.171,1.091
ORCAUSDT,2026-02-17 16:00:00+09:00,1.107,15.19250780437045,1.138,1.157,1.239,1.206,1.209,1.15,1.168,1.175,1.121,1.11,1.129,1.152,1.171,1.17,1.144,1.166,1.241,1.228,1.153,1.17,1.091
ORCAUSDT,2026-04-26 10:00:00+09:00,1.401,10.141509433962264,1.515,1.608,1.554,1.407,1.454,1.614,1.687,1.67,1.739,1.664,1.678,1.639,1.56,1.453,1.437,1.39,1.397,1.373,1.399,1.356,1.091
ORCLUSDT,2026-04-13 22:00:00+09:00,145.07,5.0851140890981394,150.77,150.49,153.41,153.5,154.69,155.8,157.31,157.82,157.93,158.9,159.82,159.2,159.81,158.45,158.62,158.2,156.95,158.51,160.42,163.29,221.17
ORCLUSDT,2026-05-14 23:00:00+09:00,196.88,5.075519026525052,198.63,198.1,195.59,196.94,195.75,195.77,197.3,197.04,196.54,196.77,194.11,193.99,194.04,193.09,190.15,192.18,192.63,192.16,190.85,192.3,221.17
ORDERUSDT,2025-12-24 16:00:00+09:00,0.1011,5.0935550935550955,0.1003,0.1005,0.1009,0.1014,0.1025,0.1018,0.1014,0.1013,0.1012,0.1023,0.1015,0.1017,0.1014,0.1013,0.1015,0.1006,0.0985,0.0996,0.1002,0.1022,0.04329
ORDIUSDT,2025-12-16 19:00:00+09:00,4.591,5.394857667584948,4.736,4.825,4.588,4.636,4.639,4.609,4.583,4.634,4.624,4.6,4.61,4.608,4.569,4.583,4.545,4.526,4.485,4.502,4.462,4.446,3.377
ORDIUSDT,2026-01-14 01:00:00+09:00,5.134,6.558738065587397,5.006,4.922,5.032,5.068,5.344,5.7,5.509,5.507,5.432,5.35,5.353,5.227,5.178,5.193,5.142,5.164,5.176,5.146,5.154,5.206,3.377
ORDIUSDT,2026-02-04 04:00:00+09:00,3.12,5.405405405405411,3.21,3.177,3.135,3.128,3.148,3.181,3.183,3.221,3.23,3.203,3.222,3.208,3.198,3.177,3.162,3.156,3.16,3.117,3.09,3.088,3.377
ORDIUSDT,2026-04-14 04:00:00+09:00,2.481,5.082592121982196,2.525,2.502,2.551,2.54,2.559,2.499,2.493,2.508,2.516,2.462,2.471,2.472,2.49,2.502,2.477,2.476,2.468,2.498,2.489,2.452,3.377
ORDIUSDT,2026-04-16 01:00:00+09:00,3.158,9.80528511821975,3.212,3.11,3.215,3.21,3.412,3.261,3.433,3.478,3.687,4.216,4.129,4.351,4.397,4.339,5.107,5.116,4.969,4.948,5.449,6.913,3.377
ORDIUSDT,2026-04-16 06:00:00+09:00,3.412,6.292834890965731,3.261,3.433,3.478,3.687,4.216,4.129,4.351,4.397,4.339,5.107,5.116,4.969,4.948,5.449,6.913,6.594,7.177,8.594,8.207,8.76,3.377
ORDIUSDT,2026-04-16 20:00:00+09:00,5.449,10.125303152788993,6.913,6.594,7.177,8.594,8.207,8.76,8.684,8.877,8.443,7.343,7.657,8.529,9.858,9.13,8.997,8.389,8.126,7.743,7.7,7.387,3.377
PANWUSDT,2026-05-29 22:00:00+09:00,273.32,5.0261297264063876,272.11,273.91,275.25,276.65,278.43,281.93,280.25,280.99,281.45,281.78,281.88,281.79,281.4,281.51,281.39,281.44,281.46,281.56,281.31,282.8,272.5
PARTIUSDT,2026-04-09 06:00:00+09:00,0.08998,9.731707317073171,0.08897,0.08886,0.08929,0.08808,0.08907,0.08869,0.09159,0.09209,0.09189,0.08929,0.08763,0.08881,0.08749,0.08751,0.08469,0.08741,0.08993,0.09176,0.09153,0.09153,0.05094
PARTIUSDT,2026-06-04 01:00:00+09:00,0.05,6.609808102345428,0.05131,0.05298,0.05649,0.05553,0.05462,0.05273,0.05328,0.05269,0.05094,,,,,,,,,,,,0.05094
PENDLEUSDT,2026-05-12 04:00:00+09:00,2.1429,6.247211066488169,2.1657,2.12,2.1632,2.1417,2.1352,2.128,2.158,2.1676,2.0608,2.0781,2.0506,2.0265,2.0359,2.0442,1.996,2.0577,2.0381,2.0732,2.069,2.0377,1.2588
PENGUUSDT,2025-12-10 00:00:00+09:00,0.012145,5.76504397805451,0.012816,0.01287,0.013156,0.012797,0.012703,0.012514,0.01273,0.012651,0.012503,0.012552,0.01242,0.012408,0.012484,0.012496,0.01245,0.012333,0.012241,0.01243,0.012255,0.012158,0.006773
PEPEUSDT,2026-01-22 04:00:00+09:00,5.1723e-06,6.007132316773237,5.2238e-06,5.25e-06,5.2136e-06,5.1397e-06,5.1939e-06,5.207e-06,5.2017e-06,5.1841e-06,5.2102e-06,5.1653e-06,5.1515e-06,5.1232e-06,5.1259e-06,5.1496e-06,5.1276e-06,5.0709e-06,5.04e-06,4.9827e-06,4.8698e-06,4.9041e-06,2.9683e-06
PEPEUSDT,2026-02-06 14:00:00+09:00,3.7347e-06,5.303671121637623,3.636e-06,3.595e-06,3.57e-06,3.6524e-06,3.692e-06,3.6764e-06,3.6643e-06,3.712e-06,3.7711e-06,3.782e-06,3.895e-06,3.9359e-06,3.868e-06,3.8937e-06,3.8753e-06,3.914e-06,3.953e-06,3.911e-06,3.883e-06,3.9085e-06,2.9683e-06
PHAUSDT,2025-12-09 01:00:00+09:00,0.04472,5.54637715364646,0.04338,0.04356,0.04413,0.04661,0.04442,0.04458,0.04445,0.04547,0.04433,0.04445,0.04476,0.04487,0.04625,0.0461,0.04503,0.04478,0.04516,0.04473,0.04538,0.04568,0.03636
PHAUSDT,2026-05-25 16:00:00+09:00,0.03978,8.186021212945352,0.04046,0.04088,0.04091,0.04219,0.04958,0.04664,0.04938,0.04799,0.04848,0.05352,0.05103,0.04931,0.04779,0.04871,0.04785,0.04885,0.04574,0.04636,0.04664,0.04499,0.03636
PIEVERSEUSDT,2025-12-06 20:00:00+09:00,0.59657,6.898776139194024,0.58561,0.60575,0.61351,0.64061,0.6868,0.65092,0.6134,0.63095,0.65035,0.626,0.62124,0.60756,0.59058,0.59941,0.61329,0.61298,0.60443,0.59734,0.5943,0.64999,0.86865
PIEVERSEUSDT,2025-12-07 20:00:00+09:00,0.6457,7.273391812865504,0.65035,0.68405,0.70731,0.75123,0.85957,0.97831,0.86315,0.77157,0.83226,0.79193,0.80569,0.77991,0.75284,0.75313,0.75505,0.76304,0.7395,0.72965,0.70613,0.69595,0.86865
PIEVERSEUSDT,2025-12-29 12:00:00+09:00,0.56221,9.198795765757009,0.54144,0.53982,0.53268,0.54385,0.55496,0.55261,0.56787,0.56456,0.561,0.57386,0.56236,0.59479,0.64534,0.65853,0.64992,0.68297,0.66861,0.68494,0.68666,0.67161,0.86865
PIEVERSEUSDT,2025-12-30 00:00:00+09:00,0.59479,5.766768617967151,0.64534,0.65853,0.64992,0.68297,0.66861,0.68494,0.68666,0.67161,0.67289,0.6259,0.63944,0.64309,0.64143,0.63442,0.63099,0.63358,0.6338,0.62238,0.62348,0.62735,0.86865
PIEVERSEUSDT,2025-12-30 01:00:00+09:00,0.64534,8.498797895055395,0.65853,0.64992,0.68297,0.66861,0.68494,0.68666,0.67161,0.67289,0.6259,0.63944,0.64309,0.64143,0.63442,0.63099,0.63358,0.6338,0.62238,0.62348,0.62735,0.63056,0.86865
PIEVERSEUSDT,2026-01-02 12:00:00+09:00,0.55726,8.201623237932495,0.55788,0.5514,0.56704,0.60145,0.58416,0.56034,0.56169,0.574,0.56005,0.57093,0.57105,0.58613,0.67202,0.70121,0.76813,0.85266,0.82925,0.84093,0.86668,0.82283,0.86865
PIEVERSEUSDT,2026-01-03 03:00:00+09:00,0.76813,9.5435033727414,0.85266,0.82925,0.84093,0.86668,0.82283,0.86192,0.84482,0.83446,0.8064,0.80511,0.7749,0.78272,0.77615,0.7757,0.77502,0.76359,0.8154,0.81735,0.80697,0.77384,0.86865
PIEVERSEUSDT,2026-01-23 08:00:00+09:00,0.62675,6.093948370715198,0.6222,0.60983,0.61494,0.61509,0.64368,0.62094,0.6214,0.61959,0.61401,0.60141,0.60293,0.5929,0.59604,0.5987,0.5932,0.58551,0.5875,0.59062,0.58283,0.58405,0.86865
PIEVERSEUSDT,2026-02-06 08:00:00+09:00,0.41351,5.1920630882726995,0.415,0.41937,0.41204,0.41051,0.41075,0.41645,0.41191,0.41437,0.4103,0.41442,0.41727,0.41592,0.41664,0.42254,0.42729,0.43426,0.44488,0.45347,0.47087,0.47234,0.86865
PIEVERSEUSDT,2026-02-25 00:00:00+09:00,0.47202,5.434564095691219,0.48188,0.48401,0.48981,0.48934,0.49397,0.50389,0.49652,0.49796,0.50349,0.52176,0.52646,0.53636,0.53896,0.5405,0.53383,0.52305,0.51172,0.51018,0.50573,0.50381,0.86865
PIEVERSEUSDT,2026-02-28 22:00:00+09:00,0.50688,5.782916292756227,0.49184,0.49256,0.48625,0.4902,0.49851,0.51527,0.51488,0.5366,0.52948,0.53115,0.52196,0.52563,0.53848,0.53452,0.53398,0.53382,0.53186,0.54601,0.535,0.5257,0.86865
PIEVERSEUSDT,2026-04-22 14:00:00+09:00,0.9345,5.952380952380952,0.93457,0.93858,0.92011,0.91107,0.9304,1.01173,1.06374,0.98306,0.99294,0.99384,0.98895,0.99674,1.04718,1.02898,1.02574,1.00517,1.00097,1.00263,1.04556,1.03941,0.86865
PIEVERSEUSDT,2026-06-02 00:00:00+09:00,0.85355,5.429908966266876,0.90748,0.8844,0.86835,0.88416,0.90338,0.86597,0.90022,0.91889,0.88581,0.91555,0.9882,0.93836,0.95325,0.93536,0.94525,0.92127,0.90485,0.951,0.98975,1.0123,0.86865
PIPPINUSDT,2025-12-14 06:00:00+09:00,0.35229,8.533842693859947,0.33336,0.34156,0.33837,0.34263,0.34878,0.34555,0.36926,0.35715,0.35669,0.35183,0.34627,0.343,0.34162,0.33026,0.33078,0.32947,0.32815,0.33692,0.34851,0.35423,0.01532
PIPPINUSDT,2025-12-16 01:00:00+09:00,0.39335,8.456490570199618,0.38305,0.3874,0.38508,0.40135,0.39882,0.40331,0.4226,0.42751,0.41519,0.42822,0.43456,0.4178,0.43869,0.4368,0.44594,0.4586,0.46509,0.46244,0.4582,0.48194,0.01532
PIPPINUSDT,2026-01-04 10:00:00+09:00,0.47252,11.897319314199112,0.48022,0.46731,0.47149,0.48455,0.48789,0.48641,0.49929,0.50246,0.49,0.48524,0.49894,0.50118,0.49361,0.48695,0.47602,0.48063,0.48569,0.4943,0.49079,0.49224,0.01532
PIPPINUSDT,2026-01-08 06:00:00+09:00,0.29394,20.373479667472047,0.28003,0.27955,0.27883,0.28719,0.2781,0.28941,0.2795,0.27959,0.27294,0.28289,0.28462,0.285,0.28907,0.29964,0.2988,0.31974,0.33114,0.34804,0.35293,0.36422,0.01532
PIPPINUSDT,2026-01-09 00:00:00+09:00,0.34804,5.103581566708953,0.35293,0.36422,0.38792,0.37688,0.36562,0.36687,0.36395,0.37184,0.37888,0.34539,0.35777,0.36364,0.36719,0.36766,0.38981,0.40641,0.41926,0.41797,0.44093,0.42101,0.01532
PIPPINUSDT,2026-01-28 01:00:00+09:00,0.3941,8.597409754753377,0.38797,0.41445,0.42355,0.45293,0.43793,0.43958,0.45205,0.47694,0.49776,0.502,0.53468,0.51936,0.50585,0.49665,0.49944,0.51024,0.50688,0.49484,0.47865,0.49063,0.01532
PIPPINUSDT,2026-01-28 03:00:00+09:00,0.41445,6.825269995102716,0.42355,0.45293,0.43793,0.43958,0.45205,0.47694,0.49776,0.502,0.53468,0.51936,0.50585,0.49665,0.49944,0.51024,0.50688,0.49484,0.47865,0.49063,0.48666,0.47284,0.01532
PIPPINUSDT,2026-01-28 05:00:00+09:00,0.45293,6.9366072482587695,0.43793,0.43958,0.45205,0.47694,0.49776,0.502,0.53468,0.51936,0.50585,0.49665,0.49944,0.51024,0.50688,0.49484,0.47865,0.49063,0.48666,0.47284,0.48791,0.48473,0.01532
PIPPINUSDT,2026-01-28 09:00:00+09:00,0.47694,5.506028094237355,0.49776,0.502,0.53468,0.51936,0.50585,0.49665,0.49944,0.51024,0.50688,0.49484,0.47865,0.49063,0.48666,0.47284,0.48791,0.48473,0.45888,0.43198,0.40731,0.39584,0.01532
PIPPINUSDT,2026-02-10 13:00:00+09:00,0.32318,9.035087719298254,0.33009,0.32751,0.3379,0.33546,0.35095,0.35175,0.35677,0.38242,0.37985,0.39583,0.38456,0.38726,0.38331,0.37809,0.38028,0.38097,0.38415,0.38835,0.38904,0.39727,0.01532
PIPPINUSDT,2026-03-10 00:00:00+09:00,0.35505,7.2658610271903195,0.36204,0.34524,0.34591,0.3528,0.35908,0.36684,0.36915,0.37042,0.37872,0.38892,0.37372,0.3717,0.36584,0.37188,0.3648,0.36328,0.34066,0.3479,0.35141,0.34764,0.01532
PIPPINUSDT,2026-04-05 10:00:00+09:00,0.0442,6.0969755160825745,0.04199,0.04417,0.04558,0.04394,0.04709,0.04589,0.04808,0.04694,0.04454,0.04521,0.04471,0.04456,0.04487,0.04616,0.04478,0.04532,0.04634,0.04509,0.04483,0.04533,0.01532
PIPPINUSDT,2026-04-16 14:00:00+09:00,0.03172,23.568367744448775,0.03593,0.03624,0.03381,0.03351,0.03341,0.0339,0.03563,0.035,0.03819,0.03564,0.03535,0.03637,0.0373,0.03791,0.03732,0.04011,0.04151,0.0408,0.04165,0.03609,0.01532
PIXELUSDT,2026-03-11 07:00:00+09:00,0.009077,9.466956102267234,0.008835,0.009597,0.009391,0.009418,0.00899,0.00937,0.009441,0.010606,0.011154,0.014438,0.015934,0.015452,0.015799,0.015329,0.014538,0.014686,0.014302,0.014532,0.014412,0.014007,0.006286
PIXELUSDT,2026-03-11 15:00:00+09:00,0.010606,12.339794513293095,0.011154,0.014438,0.015934,0.015452,0.015799,0.015329,0.014538,0.014686,0.014302,0.014532,0.014412,0.014007,0.013701,0.013953,0.013846,0.01396,0.014369,0.014216,0.013997,0.011224,0.006286
PIXELUSDT,2026-03-13 11:00:00+09:00,0.012724,16.40289086085445,0.01212,0.012411,0.013129,0.013201,0.015747,0.015208,0.015496,0.015639,0.015042,0.014217,0.014397,0.014767,0.014488,0.014265,0.01445,0.014092,0.014406,0.013682,0.013415,0.012914,0.006286
PIXELUSDT,2026-04-09 11:00:00+09:00,0.007237,5.912483535782244,0.007284,0.00719,0.007073,0.007155,0.007336,0.007391,0.007401,0.007246,0.007227,0.0071,0.007159,0.007329,0.007543,0.00729,0.007393,0.007542,0.007646,0.00761,0.007652,0.007755,0.006286
PIXELUSDT,2026-06-01 07:00:00+09:00,0.00744,6.437768240343359,0.00725,0.007313,0.007159,0.007331,0.007325,0.007401,0.007381,0.007298,0.007229,0.00735,0.007294,0.007253,0.007258,0.007133,0.007141,0.007045,0.007059,0.007203,0.007333,0.007353,0.006286
PLUMEUSDT,2026-05-24 05:00:00+09:00,0.0146,7.988165680473368,0.01426,0.01429,0.01437,0.01449,0.01493,0.01514,0.01501,0.01496,0.01551,0.01616,0.01653,0.01631,0.01654,0.01595,0.01583,0.01567,0.01578,0.01539,0.01545,0.01551,0.01216
POETUSDT,2026-05-21 23:00:00+09:00,15.077,6.049096152493489,14.735,14.802,14.883,14.614,14.841,14.786,14.753,14.802,14.857,14.937,14.911,14.914,14.932,15.013,15.175,15.17,15.155,15.264,15.168,14.994,14.524
POETUSDT,2026-06-01 23:00:00+09:00,14.06,10.222640326121043,14.116,13.584,13.729,14.103,13.915,13.86,13.946,13.934,14.102,14.094,14.003,13.979,13.988,13.972,14.019,14.345,14.291,15.314,15.638,15.197,14.524
POPCATUSDT,2026-01-02 02:00:00+09:00,0.0791,5.186170212765958,0.0794,0.0816,0.0815,0.0814,0.0829,0.0833,0.0824,0.083,0.0828,0.0839,0.0837,0.0871,0.0863,0.0844,0.0884,0.0931,0.092,0.0896,0.0925,0.0955,0.04774
POPCATUSDT,2026-01-22 04:00:00+09:00,0.0807,5.078125000000002,0.0804,0.0806,0.0807,0.0797,0.081,0.081,0.0807,0.0804,0.0809,0.0804,0.0802,0.0798,0.0807,0.0809,0.0809,0.0803,0.0803,0.0795,0.0778,0.0784,0.04774
POWERUSDT,2025-12-14 12:00:00+09:00,0.24353,10.040215082915363,0.23661,0.2371,0.23794,0.238,0.23546,0.245,0.24163,0.2376,0.24566,0.25258,0.244,0.2224,0.22986,0.22741,0.2264,0.22571,0.22641,0.2359,0.2271,0.22291,0.06607
POWERUSDT,2025-12-17 02:00:00+09:00,0.28482,6.998760284007677,0.28882,0.2928,0.30511,0.30969,0.29652,0.30136,0.30534,0.30107,0.29865,0.29613,0.29819,0.3008,0.30843,0.33175,0.35561,0.34205,0.34694,0.36494,0.36852,0.37964,0.06607
POWERUSDT,2025-12-17 16:00:00+09:00,0.33175,7.560872807444155,0.35561,0.34205,0.34694,0.36494,0.36852,0.37964,0.38136,0.36557,0.3696,0.35993,0.36326,0.36764,0.38104,0.37562,0.37602,0.36773,0.37942,0.38134,0.37172,0.3646,0.06607
POWERUSDT,2025-12-21 20:00:00+09:00,0.26777,6.16946195630626,0.26446,0.26514,0.2612,0.27369,0.29791,0.31646,0.322,0.31053,0.3109,0.31055,0.30744,0.31267,0.31244,0.32845,0.32703,0.30903,0.30973,0.30898,0.32637,0.34237,0.06607
POWERUSDT,2025-12-26 22:00:00+09:00,0.24506,12.40768772074675,0.26168,0.27959,0.27878,0.29165,0.29261,0.29017,0.2829,0.29433,0.28306,0.28181,0.28379,0.28291,0.28979,0.30341,0.3136,0.31081,0.30706,0.30996,0.30995,0.31629,0.06607
POWERUSDT,2026-02-09 01:00:00+09:00,0.20727,6.395975565936039,0.20624,0.21083,0.21023,0.20891,0.20985,0.2082,0.21043,0.2152,0.21203,0.21431,0.21846,0.21767,0.21716,0.21865,0.21668,0.21756,0.21677,0.21432,0.22088,0.2131,0.06607
POWERUSDT,2026-02-09 23:00:00+09:00,0.22362,5.094463765391492,0.22975,0.2402,0.23811,0.24839,0.25672,0.2565,0.25036,0.25028,0.25403,0.25177,0.25226,0.26066,0.2683,0.27007,0.26904,0.26682,0.27855,0.28305,0.29337,0.30273,0.06607
POWERUSDT,2026-02-17 02:00:00+09:00,0.27067,17.944136999433535,0.27726,0.28914,0.294,0.29211,0.29365,0.29447,0.3023,0.29594,0.30012,0.30182,0.30423,0.30902,0.30943,0.29487,0.30884,0.29406,0.30247,0.31032,0.31685,0.31163,0.06607
POWERUSDT,2026-02-25 23:00:00+09:00,0.86305,7.42068381812977,0.85475,0.90533,0.89467,0.88892,0.88912,0.86801,0.89361,0.88543,0.88259,0.87355,0.88138,0.85801,0.86783,0.90728,0.91957,0.98252,1.0342,1.28477,1.5032,1.61077,0.06607
POWERUSDT,2026-03-08 22:00:00+09:00,0.11979,5.374736101337078,0.12003,0.12089,0.12262,0.12638,0.12864,0.12952,0.13061,0.12739,0.12689,0.12716,0.12537,0.12794,0.13332,0.12984,0.12745,0.12829,0.1309,0.13265,0.1317,0.13295,0.06607
POWERUSDT,2026-04-07 02:00:00+09:00,0.09536,5.802729390879838,0.10196,0.10152,0.10109,0.10227,0.10357,0.09931,0.10045,0.10287,0.10839,0.1069,0.10198,0.10012,0.10053,0.09962,0.10269,0.10199,0.10065,0.10067,0.10023,0.10271,0.06607
POWERUSDT,2026-04-07 03:00:00+09:00,0.10196,6.9211409395973105,0.10152,0.10109,0.10227,0.10357,0.09931,0.10045,0.10287,0.10839,0.1069,0.10198,0.10012,0.10053,0.09962,0.10269,0.10199,0.10065,0.10067,0.10023,0.10271,0.10401,0.06607
PRLUSDT,2026-04-08 10:00:00+09:00,0.1724,5.831798649478213,0.1701,0.1713,0.1793,0.1788,0.1779,0.1779,0.1801,0.1792,0.1812,0.1845,0.1801,0.181,0.1821,0.1799,0.1794,0.1768,0.1737,0.1738,0.1778,0.1778,0.2082
PRLUSDT,2026-05-31 01:00:00+09:00,0.1955,8.07075732448867,0.2015,0.207,0.2052,0.2055,0.2041,0.2013,0.2029,0.2006,0.228,0.2115,0.2063,0.2005,0.1993,0.1964,0.1952,0.1973,0.195,0.1981,0.1992,0.1956,0.2082
PROMUSDT,2026-04-13 12:00:00+09:00,1.236,5.110978824729997,1.2529,1.2992,1.3273,1.3677,1.3363,1.3585,1.3603,1.397,1.4255,1.3071,1.321,1.3086,1.3622,1.3771,1.3702,1.3769,1.3734,1.3402,1.3316,1.332,1.0153
PROMUSDT,2026-04-17 14:00:00+09:00,1.5283,5.8452801440543,1.5605,1.5244,1.5321,1.5267,1.5715,1.5527,1.573,1.6229,1.6256,1.5994,1.588,1.5846,1.5962,1.5759,1.6201,1.6049,1.6181,1.6277,1.6051,1.6571,1.0153
PROVEUSDT,2026-01-22 04:00:00+09:00,0.3627,5.58951965065502,0.3595,0.3579,0.3561,0.3514,0.3586,0.3618,0.3639,0.3602,0.3605,0.3574,0.3591,0.3568,0.3559,0.3566,0.3538,0.3525,0.3513,0.3503,0.3479,0.3499,0.1923
PROVEUSDT,2026-02-06 22:00:00+09:00,0.3138,5.090421969189567,0.368,0.3827,0.3652,0.3593,0.3493,0.3527,0.3483,0.3506,0.361,0.3576,0.3425,0.3515,0.3425,0.343,0.3396,0.3421,0.3376,0.3317,0.3335,0.331,0.1923
PROVEUSDT,2026-05-21 15:00:00+09:00,0.2974,19.00760304121648,0.3043,0.3364,0.337,0.3463,0.3422,0.3288,0.3205,0.3271,0.3319,0.32,0.3237,0.3223,0.3137,0.3214,0.3236,0.328,0.3267,0.3116,0.3064,0.3097,0.1923
QCOMUSDT,2026-05-22 23:00:00+09:00,240.34,5.802077830603983,239.64,238.0,238.24,241.11,238.28,237.79,238.25,237.74,238.07,238.44,238.08,240.16,240.53,238.76,238.53,239.06,237.65,237.95,239.68,239.8,244.83
QNTUSDT,2026-02-06 14:00:00+09:00,61.86,5.437191068689275,60.78,61.53,60.92,63.89,65.17,64.9,66.15,66.33,66.26,65.51,66.66,67.38,65.52,66.33,65.39,64.77,66.13,65.57,63.9,64.61,68.72
QUSDT,2025-12-10 08:00:00+09:00,0.013728,5.227655986509276,0.013475,0.013778,0.013682,0.013756,0.013927,0.013653,0.013614,0.013748,0.014029,0.014013,0.014015,0.014016,0.013899,0.014186,0.013947,0.014472,0.014914,0.014919,0.014797,0.015195,0.017843
QUSDT,2025-12-15 04:00:00+09:00,0.014175,7.688216971814941,0.014631,0.014389,0.014511,0.014635,0.014663,0.014577,0.014733,0.015474,0.01489,0.014596,0.015019,0.014914,0.01495,0.014325,0.014236,0.014111,0.014386,0.014308,0.013875,0.013674,0.017843
QUSDT,2025-12-18 17:00:00+09:00,0.014008,5.904589098057008,0.014714,0.014946,0.01469,0.014499,0.014734,0.014298,0.014256,0.014401,0.014313,0.014463,0.014161,0.014212,0.014331,0.014424,0.014394,0.014272,0.014512,0.014386,0.014375,0.014538,0.017843
QUSDT,2025-12-31 16:00:00+09:00,0.012278,18.479204863456527,0.012877,0.012929,0.012941,0.012767,0.012864,0.012913,0.014457,0.015334,0.016959,0.018659,0.020344,0.018288,0.016624,0.019144,0.018932,0.016955,0.016662,0.017604,0.015553,0.015599,0.017843
QUSDT,2026-01-06 01:00:00+09:00,0.02076,10.021728761460597,0.020002,0.02011,0.020042,0.020199,0.019877,0.020239,0.020064,0.020094,0.020019,0.019832,0.019878,0.019856,0.020052,0.019978,0.020402,0.020086,0.020292,0.020084,0.020016,0.020017,0.017843
QUSDT,2026-03-20 16:00:00+09:00,0.01368,5.174137003152149,0.013545,0.013813,0.013654,0.013595,0.013577,0.013769,0.013682,0.013638,0.013709,0.013626,0.013394,0.013241,0.012969,0.01289,0.012372,0.012359,0.012511,0.012391,0.013378,0.013178,0.017843
QUSDT,2026-03-29 15:00:00+09:00,0.009506,6.0109289617486485,0.009227,0.009359,0.00958,0.00928,0.009213,0.009311,0.00959,0.009492,0.009609,0.00978,0.009282,0.009344,0.009251,0.00921,0.009331,0.009279,0.009336,0.009478,0.009484,0.009216,0.017843
QUSDT,2026-04-15 20:00:00+09:00,0.01054,6.604632345504205,0.011219,0.010811,0.011231,0.011397,0.011053,0.010909,0.010978,0.01102,0.011038,0.011,0.011117,0.010939,0.011111,0.01091,0.010832,0.01057,0.010587,0.010668,0.010767,0.010732,0.017843
QUSDT,2026-04-15 21:00:00+09:00,0.011219,6.442125237191641,0.010811,0.011231,0.011397,0.011053,0.010909,0.010978,0.01102,0.011038,0.011,0.011117,0.010939,0.011111,0.01091,0.010832,0.01057,0.010587,0.010668,0.010767,0.010732,0.01091,0.017843
QUSDT,2026-04-17 23:00:00+09:00,0.00957,5.792615520672122,0.009389,0.009509,0.009675,0.009607,0.009562,0.009511,0.009489,0.009524,0.009552,0.009687,0.009519,0.009554,0.009613,0.009531,0.009643,0.009397,0.008994,0.009121,0.009125,0.009311,0.017843
QUSDT,2026-05-13 22:00:00+09:00,0.01905,11.867989899583076,0.02131,0.020554,0.020552,0.02257,0.022383,0.021576,0.022689,0.022379,0.022055,0.021648,0.022423,0.023272,0.023908,0.025152,0.02389,0.023759,0.021125,0.022505,0.022186,0.0221,0.017843
RAVEUSDT,2025-12-19 01:00:00+09:00,0.43409,5.466605116742381,0.432,0.43168,0.43092,0.43449,0.42572,0.43521,0.43621,0.43023,0.43837,0.45857,0.47324,0.48699,0.45355,0.43488,0.43747,0.43018,0.43335,0.42676,0.4303,0.41736,0.38687
RAVEUSDT,2025-12-21 14:00:00+09:00,0.426,12.356587102729792,0.4405,0.4444,0.44207,0.44409,0.47399,0.47016,0.47549,0.47141,0.4767,0.55653,0.58803,0.65671,0.6801,0.72125,0.70261,0.70156,0.70589,0.71787,0.70415,0.69294,0.38687
RAVEUSDT,2025-12-23 14:00:00+09:00,0.52375,5.246764729523354,0.55196,0.5942,0.6216,0.62019,0.62286,0.64347,0.65081,0.65162,0.60783,0.57419,0.586,0.6141,0.58645,0.58356,0.57578,0.56628,0.54369,0.57177,0.55365,0.52318,0.38687
RAVEUSDT,2026-02-26 16:00:00+09:00,0.31134,6.5867853474837315,0.33042,0.3728,0.33041,0.34729,0.33874,0.36106,0.38377,0.37927,0.38704,0.35581,0.35871,0.37523,0.37798,0.3578,0.36315,0.37,0.38781,0.37489,0.395,0.387,0.38687
RAVEUSDT,2026-04-10 21:00:00+09:00,1.53256,20.436935166994104,1.54144,1.26983,1.4818,1.50402,1.51234,1.52941,1.57136,1.62421,1.58835,1.5993,1.60856,1.64858,1.8623,1.98097,1.93933,1.96454,2.09645,2.05659,2.10094,1.97247,0.38687
RAVEUSDT,2026-04-13 02:00:00+09:00,4.06423,26.15054644554324,4.04396,4.57745,5.00667,5.63053,5.48,6.05667,5.96549,5.65193,5.68605,5.81114,6.21352,6.22686,6.79432,9.37635,8.77471,8.72327,8.88828,8.85523,9.66,9.66842,0.38687
RAVEUSDT,2026-04-13 16:00:00+09:00,9.37635,38.00277290442606,8.77471,8.72327,8.88828,8.85523,9.66,9.66842,9.27529,9.50232,11.21536,11.16018,11.492,12.0706,8.32669,10.56207,9.09364,7.89649,7.21281,8.06974,7.86351,9.25407,0.38687
RAVEUSDT,2026-04-14 12:00:00+09:00,9.25407,17.68370613123148,10.90626,11.30042,10.90217,11.02537,12.58379,13.34563,13.96377,14.50439,14.36925,13.49888,13.01268,12.81376,13.26568,14.89992,14.57846,14.42683,14.93477,14.64047,15.08208,15.41944,0.38687
RDWUSDT,2026-05-26 17:00:00+09:00,20.405,8.479532163742704,20.355,20.044,19.941,19.773,21.794,22.306,21.873,22.295,22.598,21.833,22.038,22.779,22.99,23.239,24.332,24.533,24.572,25.013,26.116,26.118,18.126
RDWUSDT,2026-05-26 22:00:00+09:00,21.794,10.221008445860521,22.306,21.873,22.295,22.598,21.833,22.038,22.779,22.99,23.239,24.332,24.533,24.572,25.013,26.116,26.118,25.475,26.094,26.118,27.103,26.145,18.126
RECALLUSDT,2026-02-19 09:00:00+09:00,0.05738,7.533733133433289,0.05649,0.05544,0.05332,0.05439,0.05532,0.05675,0.05628,0.05734,0.05489,0.0554,0.05571,0.05557,0.057,0.05554,0.05722,0.0575,0.0577,0.05913,0.05574,0.05256,0.04371
REDUSDT,2026-04-06 17:00:00+09:00,0.124,13.138686131386857,0.1387,0.1479,0.1587,0.1757,0.1714,0.187,0.1743,0.1693,0.1722,0.1749,0.1788,0.1768,0.1763,0.1717,0.1799,0.1783,0.1611,0.1738,0.1774,0.168,0.1069
REDUSDT,2026-04-15 10:00:00+09:00,0.1519,7.122708039492241,0.1484,0.1515,0.1517,0.1522,0.1724,0.1658,0.1638,0.1577,0.1599,0.1586,0.1568,0.1558,0.1544,0.155,0.1564,0.1558,0.1552,0.1571,0.1568,0.1565,0.1069
RENDERUSDT,2026-01-05 02:00:00+09:00,1.987,7.8133478024959375,1.966,1.933,1.93,1.945,1.971,1.988,1.979,2.075,2.135,2.083,2.064,2.058,2.067,2.093,2.075,2.058,2.088,2.083,2.129,2.141,2.045
RESOLVUSDT,2025-12-19 18:00:00+09:00,0.08473,8.893458424367042,0.08771,0.09202,0.09534,0.09846,0.09762,0.11042,0.10729,0.10884,0.10055,0.09894,0.09577,0.09051,0.09494,0.09959,0.09919,0.09704,0.09437,0.09298,0.09206,0.09465,0.02121
RESOLVUSDT,2026-02-08 04:00:00+09:00,0.08187,6.214322781525691,0.08448,0.08614,0.08603,0.0861,0.08641,0.08631,0.08749,0.08723,0.08798,0.09011,0.08999,0.07144,0.06973,0.07142,0.07216,0.07206,0.07318,0.07243,0.0731,0.07421,0.02121
RESOLVUSDT,2026-03-07 13:00:00+09:00,0.08558,10.411559798735658,0.0955,0.09093,0.09096,0.09138,0.09162,0.09203,0.0951,0.09387,0.09555,0.09318,0.08951,0.089,0.08698,0.08746,0.08794,0.08642,0.08639,0.0863,0.08471,0.08622,0.02121
REZUSDT,2026-01-01 02:00:00+09:00,0.005342,5.531410509679984,0.005546,0.005228,0.005081,0.00516,0.005219,0.005531,0.005391,0.005377,0.005427,0.005383,0.005293,0.00528,0.005286,0.005346,0.005249,0.005239,0.005302,0.005305,0.00524,0.005293,0.003588
RIVERUSDT,2025-12-13 07:00:00+09:00,6.815,16.495726495726508,6.958,6.903,6.974,6.997,6.788,6.97,6.943,6.968,7.124,7.097,7.157,7.237,7.113,7.121,7.187,7.242,7.229,7.183,6.919,6.968,5.054
RIVERUSDT,2025-12-17 21:00:00+09:00,2.51,26.767676767676758,2.633,2.386,2.649,3.018,2.696,2.593,2.804,2.89,2.724,2.704,2.763,2.693,2.842,2.757,2.71,3.038,2.948,3.261,3.192,3.109,5.054
RIVERUSDT,2025-12-19 23:00:00+09:00,3.53,10.037406483790512,3.439,3.665,3.835,3.745,3.674,3.626,3.585,3.667,3.7,3.777,3.63,3.535,3.491,3.564,3.53,3.676,3.657,3.758,3.926,4.015,5.054
RIVERUSDT,2025-12-20 01:00:00+09:00,3.665,6.571677813317824,3.835,3.745,3.674,3.626,3.585,3.667,3.7,3.777,3.63,3.535,3.491,3.564,3.53,3.676,3.657,3.758,3.926,4.015,4.239,4.293,5.054
RIVERUSDT,2025-12-29 10:00:00+09:00,4.791,8.886363636363635,4.767,4.832,4.715,4.854,5.104,5.136,5.095,5.041,5.175,5.577,5.809,5.822,5.699,5.512,5.345,5.409,5.298,5.151,5.128,4.924,5.054
RIVERUSDT,2026-01-05 12:00:00+09:00,14.163,7.352383839915111,14.298,13.439,14.06,14.173,14.791,15.309,15.804,15.59,16.41,16.798,17.024,18.083,18.71,19.6,16.436,15.869,16.668,17.043,17.382,16.178,5.054
RIVERUSDT,2026-01-14 19:00:00+09:00,26.376,7.332953528119149,26.61,24.79,25.5,27.765,28.331,29.2,28.738,28.502,27.507,24.496,23.733,24.28,21.044,22.38,23.651,21.589,21.719,22.423,23.185,21.36,5.054
RIVERUSDT,2026-01-18 13:00:00+09:00,22.27,16.8599464763604,23.938,25.546,24.987,24.5,25.459,26.381,26.367,26.83,26.186,27.714,27.989,27.071,27.358,26.994,26.93,26.762,26.885,26.56,27.094,27.43,5.054
RIVERUSDT,2026-01-19 20:00:00+09:00,29.134,13.001318749515168,27.181,27.859,30.692,30.128,31.289,30.61,30.461,29.402,29.496,29.813,29.802,29.634,30.843,31.301,32.116,32.673,32.269,32.101,32.574,32.277,5.054
RIVERUSDT,2026-02-02 08:00:00+09:00,15.617,43.314673763421126,16.632,18.792,18.266,17.888,17.184,17.869,18.183,17.715,16.935,15.405,21.462,21.891,22.69,22.935,22.768,22.483,21.465,17.878,19.878,18.542,5.054
RIVERUSDT,2026-02-12 19:00:00+09:00,17.75,6.889076237504506,18.179,18.922,19.544,19.983,20.35,19.717,19.374,20.65,20.595,21.859,21.62,23.638,22.099,21.459,21.72,20.784,20.967,20.69,19.618,20.525,5.054
RIVERUSDT,2026-03-03 20:00:00+09:00,16.834,6.436519979767318,18.704,17.991,17.244,18.028,18.23,18.23,18.581,18.616,18.77,18.249,18.27,18.342,18.02,18.603,18.367,18.794,18.705,19.233,19.593,18.846,5.054
RIVERUSDT,2026-03-03 21:00:00+09:00,18.704,11.108470951645485,17.991,17.244,18.028,18.23,18.23,18.581,18.616,18.77,18.249,18.27,18.342,18.02,18.603,18.367,18.794,18.705,19.233,19.593,18.846,18.109,5.054
RIVERUSDT,2026-03-07 18:00:00+09:00,15.1,5.979786636720945,16.199,16.265,18.118,16.785,17.602,17.881,17.16,16.654,17.209,17.482,16.637,15.805,15.802,15.805,15.815,15.193,15.732,15.283,14.976,15.326,5.054
RIVERUSDT,2026-03-10 18:00:00+09:00,12.45,10.186742189574298,12.769,12.797,12.523,13.156,13.082,13.592,14.451,13.849,13.958,14.225,13.926,13.99,13.897,13.911,14.178,14.2,14.378,14.492,14.34,14.889,5.054
RIVERUSDT,2026-03-14 11:00:00+09:00,21.326,6.972311396468703,21.587,21.904,21.208,21.754,21.673,21.753,21.966,22.192,21.86,22.152,22.489,22.798,22.932,22.328,22.674,22.759,22.413,21.923,21.985,21.84,5.054
RIVERUSDT,2026-04-14 06:00:00+09:00,7.651,5.110592114301413,7.858,8.168,8.087,8.165,8.303,8.344,8.217,8.621,8.23,8.263,8.374,8.534,8.623,8.656,9.05,8.757,8.665,8.99,9.154,8.883,5.054
RIVERUSDT,2026-05-14 11:00:00+09:00,7.222,5.785850300278313,7.081,7.266,7.231,7.191,7.355,7.702,7.241,7.306,7.331,7.582,7.482,7.435,7.5,7.416,7.218,7.478,7.497,7.535,7.384,7.293,5.054
RKLBUSDT,2026-04-20 22:00:00+09:00,88.77,5.2775142314990555,87.2,88.32,87.75,86.87,89.16,89.22,89.27,89.28,89.07,89.35,89.87,89.92,89.55,89.53,89.53,89.95,90.43,90.41,90.89,91.06,113.24
RKLBUSDT,2026-05-08 22:00:00+09:00,94.22,9.800722526512057,96.73,98.54,99.55,101.74,101.69,105.45,106.25,104.58,103.97,106.05,106.88,106.7,106.29,106.56,107.25,107.18,106.96,106.65,107.81,106.54,113.24
ROBOUSDT,2026-03-02 17:00:00+09:00,0.04371,11.618998978549538,0.04289,0.04367,0.0472,0.04763,0.04703,0.05188,0.05637,0.05811,0.06007,0.05856,0.05893,0.056,0.05899,0.0579,0.05656,0.05308,0.05295,0.04764,0.0506,0.04927,0.01884
ROBOUSDT,2026-03-07 16:00:00+09:00,0.0436,9.879032258064516,0.04279,0.04243,0.04267,0.04094,0.04125,0.04171,0.04222,0.04277,0.04161,0.04067,0.04126,0.04039,0.04058,0.04073,0.03917,0.03991,0.03982,0.03925,0.03857,0.03907,0.01884
ROBOUSDT,2026-04-17 00:00:00+09:00,0.02073,5.549898167006095,0.02012,0.02045,0.0208,0.02105,0.02098,0.02168,0.02128,0.02148,0.02112,0.0209,0.0207,0.02093,0.02073,0.02052,0.02048,0.02031,0.02052,0.02043,0.02064,0.02088,0.01884
ROSEUSDT,2026-01-04 14:00:00+09:00,0.01278,6.945606694560662,0.01254,0.0128,0.01263,0.01257,0.01259,0.01262,0.01275,0.01286,0.01289,0.01285,0.01289,0.01284,0.01266,0.0126,0.01258,0.01251,0.01251,0.01254,0.01253,0.01267,0.00758
ROSEUSDT,2026-01-28 01:00:00+09:00,0.01922,7.075208913649027,0.01883,0.01896,0.01954,0.02024,0.02037,0.02044,0.02136,0.021,0.02093,0.02104,0.02168,0.02165,0.02191,0.02202,0.02124,0.02047,0.02083,0.02053,0.02049,0.02057,0.00758
RPLUSDT,2026-02-17 02:00:00+09:00,1.879,5.561797752808988,2.378,2.556,2.923,2.782,2.708,2.652,2.611,2.642,2.687,2.771,2.753,2.691,2.686,2.608,2.474,2.528,2.504,2.436,2.39,2.47,1.458
RPLUSDT,2026-02-17 05:00:00+09:00,2.923,14.358372456964005,2.782,2.708,2.652,2.611,2.642,2.687,2.771,2.753,2.691,2.686,2.608,2.474,2.528,2.504,2.436,2.39,2.47,2.505,2.431,2.331,1.458
RSRUSDT,2026-01-14 07:00:00+09:00,0.0029,5.224963715529738,0.00298,0.00301,0.002964,0.002944,0.002944,0.002938,0.002935,0.002952,0.002922,0.002935,0.002944,0.002908,0.00287,0.002869,0.00284,0.002897,0.002925,0.002926,0.002874,0.002858,0.001416
SAGAUSDT,2026-05-12 21:00:00+09:00,0.04161,15.64758198999445,0.04505,0.04458,0.04873,0.04939,0.05167,0.05118,0.05115,0.05954,0.04925,0.05031,0.04421,0.03453,0.02973,0.02845,0.02883,0.02968,0.02945,0.03019,0.02959,0.02972,0.02019
SAGAUSDT,2026-05-14 01:00:00+09:00,0.02928,6.666666666666673,0.02978,0.02921,0.02859,0.02903,0.0292,0.0292,0.0292,0.02982,0.0327,0.03533,0.03192,0.0299,0.02821,0.02861,0.02761,0.02718,0.02745,0.02797,0.02707,0.0273,0.02019
SAHARAUSDT,2026-02-27 16:00:00+09:00,0.01908,18.730553827006837,0.01885,0.02049,0.02287,0.0248,0.0229,0.02252,0.02251,0.02234,0.02333,0.0231,0.02355,0.02348,0.02311,0.0226,0.02219,0.02202,0.02344,0.02011,0.02218,0.02169,0.0328
SAHARAUSDT,2026-05-19 13:00:00+09:00,0.03422,5.389590391130279,0.0346,0.03384,0.034,0.0334,0.03359,0.0337,0.03423,0.03611,0.03685,0.03718,0.03668,0.03692,0.03674,0.03687,0.03744,0.03787,0.03733,0.03653,0.03686,0.03664,0.0328
SAHARAUSDT,2026-05-19 21:00:00+09:00,0.03611,5.4922582529944695,0.03685,0.03718,0.03668,0.03692,0.03674,0.03687,0.03744,0.03787,0.03733,0.03653,0.03686,0.03664,0.0364,0.03573,0.03489,0.03461,0.03482,0.03493,0.03461,0.03475,0.0328
SANDUSDT,2026-01-17 21:00:00+09:00,0.14692,8.580297095558333,0.14754,0.15076,0.15323,0.15055,0.14853,0.15372,0.15349,0.1535,0.1516,0.14931,0.15015,0.15728,0.15315,0.15047,0.15386,0.15534,0.1534,0.15197,0.15644,0.15962,0.05848
SANDUSDT,2026-01-22 10:00:00+09:00,0.16107,7.861782629076543,0.16367,0.16484,0.16801,0.16693,0.16322,0.16752,0.16532,0.1649,0.16225,0.16085,0.15861,0.15759,0.15545,0.15511,0.15695,0.15915,0.15689,0.15733,0.15696,0.15863,0.05848
SAPIENUSDT,2026-05-14 08:00:00+09:00,0.12052,5.774969282078289,0.12079,0.11991,0.12297,0.1213,0.12257,0.12535,0.12508,0.1273,0.1277,0.12881,0.12752,0.12919,0.13194,0.13215,0.13317,0.13582,0.13697,0.13762,0.13892,0.13808,0.08573
SENTUSDT,2026-01-31 09:00:00+09:00,0.04146,20.069504778453513,0.0418,0.04051,0.03916,0.03954,0.04081,0.03992,0.04071,0.04109,0.04102,0.04005,0.0387,0.03881,0.03827,0.03798,0.03973,0.04091,0.03921,0.04001,0.04132,0.0408,0.01324
SHELLUSDT,2026-01-24 15:00:00+09:00,0.05453,5.637349864393651,0.05533,0.05579,0.05684,0.05997,0.06128,0.06149,0.06219,0.06569,0.05182,0.05259,0.05413,0.05525,0.05448,0.05365,0.0551,0.05481,0.05358,0.05249,0.05267,0.05283,0.02931
SHIBUSDT,2026-01-03 01:00:00+09:00,8.28e-06,6.031502112946614,8.22e-06,8.029e-06,8.118e-06,8.129e-06,8.178e-06,8.182e-06,8.115e-06,8.139e-06,8.11e-06,8.125e-06,8.15e-06,8.113e-06,8.118e-06,8.005e-06,7.865e-06,7.913e-06,7.909e-06,7.874e-06,7.871e-06,7.881e-06,4.989e-06
SIGNUSDT,2026-03-06 11:00:00+09:00,0.04577,29.917683792222544,0.0461,0.04738,0.04714,0.04761,0.04706,0.04877,0.05017,0.05231,0.04976,0.05032,0.05125,0.04902,0.04815,0.04923,0.04926,0.04936,0.04916,0.04933,0.04789,0.04783,0.00981
SIRENUSDT,2026-02-06 09:00:00+09:00,0.08851,5.771988527724666,0.09072,0.08929,0.08867,0.08837,0.09002,0.08932,0.08993,0.08963,0.09063,0.09131,0.0953,0.09326,0.09142,0.09367,0.09246,0.09305,0.09484,0.09397,0.09302,0.0923,0.57673
SIRENUSDT,2026-02-08 01:00:00+09:00,0.11324,101.85383244206774,0.11317,0.2073,0.29238,0.36789,0.29248,0.24093,0.262,0.25787,0.2664,0.25665,0.27576,0.25921,0.22594,0.17654,0.08944,0.08646,0.07885,0.08448,0.08784,0.09132,0.57673
SIRENUSDT,2026-02-08 03:00:00+09:00,0.2073,83.17575329150834,0.29238,0.36789,0.29248,0.24093,0.262,0.25787,0.2664,0.25665,0.27576,0.25921,0.22594,0.17654,0.08944,0.08646,0.07885,0.08448,0.08784,0.09132,0.09244,0.08809,0.57673
SIRENUSDT,2026-02-14 21:00:00+09:00,0.13698,6.707174573498465,0.15468,0.16336,0.15534,0.15964,0.14731,0.15383,0.15094,0.15144,0.14973,0.14382,0.14416,0.14314,0.1464,0.13974,0.14092,0.14278,0.13949,0.14139,0.14211,0.14314,0.57673
SIRENUSDT,2026-02-16 13:00:00+09:00,0.15737,5.08848080133557,0.173,0.19915,0.21577,0.21555,0.21286,0.21922,0.22608,0.21712,0.22037,0.21885,0.22235,0.2196,0.22274,0.21776,0.2214,0.22192,0.21635,0.21484,0.2164,0.21931,0.57673
SIRENUSDT,2026-02-27 11:00:00+09:00,0.36415,24.130760839923628,0.33614,0.34731,0.368,0.36465,0.35289,0.34634,0.34401,0.37113,0.38066,0.35551,0.34316,0.34664,0.34942,0.35064,0.35214,0.3588,0.36999,0.38061,0.3794,0.3678,0.57673
SIRENUSDT,2026-03-02 20:00:00+09:00,0.35767,14.491037131882194,0.35356,0.361,0.38941,0.44784,0.4201,0.4214,0.41717,0.41574,0.41326,0.42069,0.42297,0.42104,0.43491,0.45877,0.44918,0.44605,0.43945,0.39895,0.4097,0.38246,0.57673
SIRENUSDT,2026-03-22 13:00:00+09:00,1.09093,6.337787915119246,1.14221,1.39804,1.44047,1.49962,1.61203,1.73063,1.75112,2.03052,1.97427,2.0182,2.22089,2.53143,2.78967,2.61519,1.82327,2.25832,2.32009,2.22957,2.30918,2.32131,0.57673
SIRENUSDT,2026-03-23 10:00:00+09:00,2.58777,11.478863228091031,2.51789,2.3794,2.56424,2.73861,2.6744,2.94799,2.97706,2.98577,2.2514,2.46307,2.31006,2.28078,2.22286,2.32261,2.32206,2.33195,2.30976,2.43932,2.38853,2.39261,0.57673
SIRENUSDT,2026-04-04 10:00:00+09:00,0.19002,34.10021171489062,0.18869,0.23761,0.20911,0.20674,0.22037,0.20282,0.20854,0.201,0.2084,0.21062,0.24804,0.30921,0.44033,0.49614,0.50912,0.5475,0.5384,0.56778,0.54443,0.60107,0.57673
SIRENUSDT,2026-04-04 15:00:00+09:00,0.22037,6.5928219019057765,0.20282,0.20854,0.201,0.2084,0.21062,0.24804,0.30921,0.44033,0.49614,0.50912,0.5475,0.5384,0.56778,0.54443,0.60107,0.58279,0.50628,0.42837,0.39357,0.48719,0.57673
SIRENUSDT,2026-04-04 23:00:00+09:00,0.44033,42.40483813589471,0.49614,0.50912,0.5475,0.5384,0.56778,0.54443,0.60107,0.58279,0.50628,0.42837,0.39357,0.48719,0.51335,0.48239,0.52974,0.62355,0.5815,0.54745,0.53223,0.54614,0.57673
SIRENUSDT,2026-04-17 01:00:00+09:00,1.43966,18.983115283850008,1.34153,1.57157,1.67324,1.674,1.71601,1.7247,1.97849,1.96147,1.66352,1.68673,1.84195,2.0139,2.07107,2.02871,1.77198,0.32999,0.76125,0.64491,0.67593,0.72553,0.57673
SIRENUSDT,2026-05-09 09:00:00+09:00,1.18763,7.815422045499937,1.27839,1.26371,1.26225,1.27428,1.27253,1.22717,1.23893,1.24491,1.26158,1.26064,1.26259,1.26637,1.27596,1.25523,1.28605,1.2864,1.27761,1.27178,1.28615,1.25709,0.57673
SIRENUSDT,2026-06-03 08:00:00+09:00,0.56907,5.4712260216847355,0.57636,0.5724,0.56742,0.56958,0.5724,0.5698,0.57112,0.57783,0.57669,0.5835,0.58119,0.59742,0.5918,0.59402,0.60129,0.5937,0.58469,0.59308,0.59506,0.59105,0.57673
SKLUSDT,2026-02-14 01:00:00+09:00,0.00678,6.436420722135004,0.00667,0.00667,0.00672,0.00677,0.00687,0.00673,0.00687,0.00688,0.0069,0.0069,0.00718,0.00766,0.00727,0.00705,0.00698,0.00711,0.0072,0.00714,0.00728,0.00709,0.005029
SKRUSDT,2026-01-22 05:00:00+09:00,0.014934,8.872202376612957,0.017683,0.018788,0.02081,0.026271,0.02697,0.041443,0.052214,0.041507,0.035999,0.037027,0.042653,0.044657,0.040999,0.040868,0.038417,0.042246,0.04575,0.047605,0.047203,0.04439,0.011687
SKRUSDT,2026-01-22 09:00:00+09:00,0.026271,26.242191254204716,0.02697,0.041443,0.052214,0.041507,0.035999,0.037027,0.042653,0.044657,0.040999,0.040868,0.038417,0.042246,0.04575,0.047605,0.047203,0.04439,0.045022,0.042414,0.044578,0.04072,0.011687
SKRUSDT,2026-01-24 18:00:00+09:00,0.031747,6.0743760232550255,0.031151,0.030661,0.034755,0.033587,0.03317,0.034013,0.033507,0.032707,0.032443,0.03252,0.03255,0.033314,0.03293,0.030857,0.029022,0.029001,0.029142,0.029486,0.029048,0.029185,0.011687
SKRUSDT,2026-01-30 22:00:00+09:00,0.017687,6.934703748488526,0.017379,0.018538,0.017779,0.018921,0.01964,0.019362,0.018648,0.01902,0.018969,0.019394,0.018706,0.01745,0.017759,0.017729,0.017877,0.017473,0.017727,0.01752,0.017588,0.018141,0.011687
SKRUSDT,2026-02-06 12:00:00+09:00,0.023672,9.84686774941995,0.024225,0.026026,0.025506,0.024792,0.024099,0.024548,0.026224,0.025816,0.025537,0.025398,0.025245,0.025358,0.026576,0.026936,0.026226,0.026177,0.026037,0.027225,0.027374,0.026604,0.011687
SKRUSDT,2026-04-24 14:00:00+09:00,0.019221,8.55642155201626,0.020138,0.0196,0.019681,0.019959,0.020791,0.02082,0.01994,0.019762,0.019795,0.019548,0.020304,0.019907,0.019847,0.020133,0.019699,0.020222,0.019766,0.019364,0.018293,0.018285,0.011687
SKYAIUSDT,2026-01-13 00:00:00+09:00,0.03885,5.000000000000012,0.03886,0.03939,0.03923,0.03896,0.03942,0.03924,0.0397,0.03949,0.03928,0.03911,0.03941,0.03876,0.0385,0.03893,0.03862,0.03864,0.03858,0.03896,0.03794,0.03806,0.16884
SKYAIUSDT,2026-02-05 05:00:00+09:00,0.03848,6.151724137931042,0.03953,0.03857,0.03894,0.0385,0.03955,0.0397,0.03889,0.03913,0.03981,0.03974,0.03952,0.03952,0.03969,0.04014,0.03832,0.03802,0.03732,0.03703,0.03583,0.03664,0.16884
SKYAIUSDT,2026-03-02 22:00:00+09:00,0.04016,8.569883752365502,0.04288,0.04417,0.04558,0.04349,0.04422,0.04624,0.0472,0.04647,0.04775,0.04934,0.04855,0.05057,0.04753,0.04628,0.0454,0.0453,0.04703,0.0475,0.04601,0.04599,0.16884
SKYAIUSDT,2026-03-02 23:00:00+09:00,0.04288,6.772908366533866,0.04417,0.04558,0.04349,0.04422,0.04624,0.0472,0.04647,0.04775,0.04934,0.04855,0.05057,0.04753,0.04628,0.0454,0.0453,0.04703,0.0475,0.04601,0.04599,0.04595,0.16884
SKYAIUSDT,2026-04-09 00:00:00+09:00,0.07062,5.387255633487542,0.07341,0.07483,0.07311,0.07161,0.07487,0.07474,0.07439,0.07402,0.07491,0.07499,0.07382,0.07313,0.07279,0.07278,0.07349,0.0729,0.07404,0.07522,0.07425,0.07417,0.16884
SKYAIUSDT,2026-04-11 18:00:00+09:00,0.08856,5.945687283167846,0.1064,0.10935,0.12039,0.12678,0.13497,0.13115,0.11544,0.11547,0.11184,0.11294,0.11079,0.11392,0.114,0.11544,0.11238,0.11589,0.11743,0.12101,0.11567,0.11618,0.16884
SKYAIUSDT,2026-04-14 18:00:00+09:00,0.12357,11.334354446346511,0.13202,0.12261,0.12287,0.12494,0.1283,0.12673,0.12608,0.12651,0.1285,0.1247,0.12413,0.12201,0.12213,0.12061,0.12057,0.12,0.1182,0.11818,0.11799,0.11778,0.16884
SKYAIUSDT,2026-04-14 19:00:00+09:00,0.13202,6.838229343691834,0.12261,0.12287,0.12494,0.1283,0.12673,0.12608,0.12651,0.1285,0.1247,0.12413,0.12201,0.12213,0.12061,0.12057,0.12,0.1182,0.11818,0.11799,0.11778,0.12167,0.16884
SKYAIUSDT,2026-04-29 01:00:00+09:00,0.18422,8.358331862831598,0.20528,0.18869,0.19853,0.20661,0.21062,0.21843,0.22404,0.20285,0.2224,0.23108,0.21925,0.23102,0.23108,0.22931,0.2312,0.2389,0.25082,0.26854,0.27713,0.24642,0.16884
SKYAIUSDT,2026-04-29 02:00:00+09:00,0.20528,11.43198349799153,0.18869,0.19853,0.20661,0.21062,0.21843,0.22404,0.20285,0.2224,0.23108,0.21925,0.23102,0.23108,0.22931,0.2312,0.2389,0.25082,0.26854,0.27713,0.24642,0.2354,0.16884
SKYAIUSDT,2026-05-02 21:00:00+09:00,0.44377,13.924473082946118,0.43796,0.44901,0.49105,0.51052,0.48086,0.47499,0.48822,0.50472,0.50496,0.5283,0.49949,0.46961,0.46301,0.48223,0.47274,0.46771,0.43145,0.44012,0.35234,0.3737,0.16884
SKYAIUSDT,2026-05-03 00:00:00+09:00,0.49105,9.36282042716197,0.51052,0.48086,0.47499,0.48822,0.50472,0.50496,0.5283,0.49949,0.46961,0.46301,0.48223,0.47274,0.46771,0.43145,0.44012,0.35234,0.3737,0.34997,0.34246,0.33965,0.16884
SKYAIUSDT,2026-05-04 00:00:00+09:00,0.38583,8.202927814235233,0.4342,0.45813,0.4531,0.46476,0.47076,0.46379,0.4527,0.46555,0.58828,0.59194,0.54454,0.61293,0.561,0.59222,0.58119,0.5984,0.58723,0.62661,0.65451,0.63768,0.16884
SKYAIUSDT,2026-05-04 01:00:00+09:00,0.4342,12.536609387554096,0.45813,0.4531,0.46476,0.47076,0.46379,0.4527,0.46555,0.58828,0.59194,0.54454,0.61293,0.561,0.59222,0.58119,0.5984,0.58723,0.62661,0.65451,0.63768,0.70544,0.16884
SKYAIUSDT,2026-05-04 09:00:00+09:00,0.58828,26.362367092686075,0.59194,0.54454,0.61293,0.561,0.59222,0.58119,0.5984,0.58723,0.62661,0.65451,0.63768,0.70544,0.72639,0.71173,0.70064,0.718,0.72767,0.7384,0.75434,0.78539,0.16884
SKYAIUSDT,2026-05-04 12:00:00+09:00,0.61293,12.559224299408667,0.561,0.59222,0.58119,0.5984,0.58723,0.62661,0.65451,0.63768,0.70544,0.72639,0.71173,0.70064,0.718,0.72767,0.7384,0.75434,0.78539,0.70714,0.71072,0.71968,0.16884
SKYAIUSDT,2026-05-04 21:00:00+09:00,0.70544,10.626019320035116,0.72639,0.71173,0.70064,0.718,0.72767,0.7384,0.75434,0.78539,0.70714,0.71072,0.71968,0.70326,0.64712,0.59265,0.61381,0.55888,0.55931,0.54251,0.56071,0.56043,0.16884
SMCIUSDT,2026-05-28 23:00:00+09:00,41.021,7.208007735932894,42.799,42.413,42.018,41.575,41.44,43.579,45.206,46.728,45.177,45.247,45.165,45.244,45.327,45.54,45.519,45.657,45.665,45.767,45.606,45.471,45.15
SNDKUSDT,2026-05-01 22:00:00+09:00,1141.96,8.617409831075953,1079.6,1101.27,1103.39,1110.0,1146.74,1187.73,1187.5,1187.36,1186.27,1186.95,1187.75,1187.68,1189.36,1186.25,1188.06,1189.48,1190.59,1188.31,1190.29,1189.83,1782.43
SNDKUSDT,2026-05-05 22:00:00+09:00,1360.0,5.981733736479535,1364.7,1386.35,1400.44,1415.89,1413.4,1406.45,1430.69,1457.18,1478.27,1467.86,1462.29,1474.29,1471.36,1477.42,1510.77,1502.53,1496.6,1495.06,1502.99,1484.46,1782.43
SNDKUSDT,2026-05-21 22:00:00+09:00,1469.9,6.022028115781046,1470.54,1480.6,1491.39,1526.17,1528.49,1542.03,1538.43,1533.61,1533.72,1534.45,1520.42,1528.07,1533.38,1534.87,1538.17,1536.87,1538.6,1537.11,1513.97,1515.53,1782.43
SOMIUSDT,2025-12-12 03:00:00+09:00,0.2638,5.646776131357618,0.2513,0.2527,0.2696,0.2629,0.2731,0.2639,0.2596,0.2687,0.2912,0.2797,0.2647,0.2599,0.2579,0.2484,0.2512,0.251,0.2618,0.2643,0.2724,0.2653,0.1333
SOMIUSDT,2026-01-24 20:00:00+09:00,0.3052,16.222391469916232,0.2918,0.3171,0.3137,0.3,0.3022,0.3078,0.3014,0.3006,0.2931,0.2963,0.3195,0.3367,0.3493,0.3567,0.3389,0.3451,0.3517,0.346,0.3478,0.2866,0.1333
SOMIUSDT,2026-01-25 07:00:00+09:00,0.3195,7.829902126223422,0.3367,0.3493,0.3567,0.3389,0.3451,0.3517,0.346,0.3478,0.2866,0.2931,0.2903,0.2896,0.2788,0.2647,0.2685,0.2583,0.2612,0.2545,0.2515,0.2525,0.1333
SOMIUSDT,2026-01-28 15:00:00+09:00,0.2843,8.552882779686893,0.3103,0.3288,0.3283,0.3123,0.2996,0.3212,0.318,0.3118,0.3075,0.3098,0.313,0.3083,0.3126,0.3195,0.3088,0.2954,0.2988,0.3178,0.301,0.304,0.1333
SOONUSDT,2026-04-11 04:00:00+09:00,0.1226,5.326460481099654,0.1183,0.1201,0.1223,0.1185,0.1211,0.1236,0.1386,0.1565,0.1426,0.1351,0.1292,0.1298,0.1309,0.1286,0.1293,0.1283,0.1273,0.1296,0.1283,0.1279,0.15
SOONUSDT,2026-04-12 01:00:00+09:00,0.1374,7.42767787333853,0.1318,0.1323,0.1352,0.1361,0.1393,0.1432,0.1403,0.1455,0.1428,0.1488,0.147,0.1432,0.1449,0.1413,0.1338,0.1311,0.1341,0.1333,0.1343,0.1281,0.15
SOONUSDT,2026-04-17 01:00:00+09:00,0.1553,12.049062049062044,0.1575,0.1578,0.1597,0.1596,0.1564,0.1568,0.1568,0.164,0.1556,0.161,0.1604,0.1612,0.2308,0.2343,0.2585,0.2193,0.21,0.2172,0.2143,0.2165,0.15
SOONUSDT,2026-05-25 13:00:00+09:00,0.1798,7.923169267707077,0.1793,0.1764,0.1753,0.1756,0.1795,0.1832,0.1799,0.1801,0.1796,0.1792,0.1774,0.1768,0.1767,0.1762,0.1775,0.1786,0.1773,0.1735,0.1731,0.1709,0.15
SOXLUSDT,2026-05-13 04:00:00+09:00,172.56,6.967517976692294,171.31,172.16,170.68,167.41,169.56,173.17,173.73,174.94,175.94,176.29,177.64,179.58,185.09,185.76,184.0,184.31,177.8,176.41,183.6,179.16,263.35
SOXLUSDT,2026-05-28 23:00:00+09:00,220.8,5.358591401441055,227.26,232.03,227.76,226.32,224.87,225.5,227.51,226.43,227.63,223.83,225.38,224.47,225.52,227.95,227.76,229.48,227.43,229.92,230.72,230.56,263.35
SOXSUSDT,2026-05-18 22:00:00+09:00,9.59,9.47488584474886,9.9,9.95,10.02,10.15,10.34,9.96,9.98,9.94,9.84,9.91,9.93,10.08,10.15,10.11,10.27,10.2,10.09,10.04,10.17,10.38,5.22
SPACEUSDT,2026-02-11 20:00:00+09:00,0.004686,5.303370786516856,0.004598,0.004643,0.004648,0.004632,0.004777,0.004793,0.004794,0.00481,0.004883,0.004944,0.004867,0.004845,0.004929,0.004973,0.004986,0.005042,0.005297,0.005293,0.004991,0.005033,0.006955
SPACEUSDT,2026-02-26 20:00:00+09:00,0.009014,5.266845731636109,0.008943,0.008954,0.009484,0.009377,0.009039,0.009149,0.009171,0.009227,0.009216,0.009196,0.009507,0.0095,0.009425,0.009655,0.009752,0.009717,0.009629,0.009357,0.009381,0.009176,0.006955
SPACEUSDT,2026-05-02 11:00:00+09:00,0.007341,5.2322247706422,0.007479,0.007454,0.00729,0.007455,0.007798,0.007749,0.007813,0.007648,0.008063,0.008171,0.008321,0.008305,0.008131,0.00797,0.00828,0.008128,0.008409,0.008608,0.009367,0.009054,0.006955
SPACEUSDT,2026-05-07 17:00:00+09:00,0.007639,8.247130508714752,0.007664,0.007797,0.007687,0.0078,0.007758,0.007703,0.007718,0.007965,0.007741,0.007824,0.007672,0.007723,0.00781,0.007748,0.007719,0.007819,0.007742,0.007757,0.007904,0.00794,0.006955
SPACEUSDT,2026-05-17 23:00:00+09:00,0.008639,7.906570072445687,0.008297,0.008429,0.008506,0.008232,0.008218,0.008283,0.008274,0.008369,0.00795,0.008152,0.008066,0.00808,0.008019,0.008194,0.00795,0.007814,0.0077,0.007815,0.007953,0.008141,0.006955
SPACEUSDT,2026-05-18 20:00:00+09:00,0.008688,6.7190762805552,0.008655,0.008535,0.008646,0.008583,0.00866,0.008764,0.008587,0.008701,0.008821,0.009094,0.008903,0.008884,0.009053,0.009117,0.00916,0.009238,0.009367,0.009338,0.009716,0.009407,0.006955
SPACEUSDT,2026-05-20 09:00:00+09:00,0.009162,5.008595988538681,0.009467,0.009521,0.009543,0.009656,0.009568,0.009673,0.010312,0.010341,0.010373,0.00944,0.009133,0.009033,0.009172,0.009123,0.009002,0.009184,0.009564,0.009032,0.009051,0.009172,0.006955
SPKUSDT,2026-01-07 03:00:00+09:00,0.02479,9.11091549295774,0.0238,0.02383,0.02435,0.02531,0.02628,0.02581,0.02559,0.02597,0.02608,0.02618,0.02496,0.0252,0.02548,0.02554,0.02536,0.02587,0.02604,0.02551,0.02517,0.02593,0.0196
SPKUSDT,2026-04-22 01:00:00+09:00,0.02743,6.4003103180760235,0.02708,0.02708,0.02756,0.02746,0.02756,0.02764,0.02837,0.02868,0.03016,0.03019,0.03008,0.03066,0.03019,0.03034,0.03093,0.03079,0.03175,0.03083,0.03103,0.03228,0.0196
SPKUSDT,2026-04-22 10:00:00+09:00,0.03016,5.160390516039047,0.03019,0.03008,0.03066,0.03019,0.03034,0.03093,0.03079,0.03175,0.03083,0.03103,0.03228,0.0333,0.03402,0.03716,0.03615,0.03668,0.0385,0.03696,0.03781,0.04254,0.0196
SPXUSDT,2026-02-28 22:00:00+09:00,0.2888,5.2861830113015,0.2853,0.2874,0.2943,0.2927,0.2981,0.3032,0.3106,0.3056,0.3154,0.3154,0.3122,0.321,0.3287,0.3235,0.3276,0.3332,0.3347,0.3341,0.3326,0.3324,0.3145
SQDUSDT,2025-12-24 16:00:00+09:00,0.05494,10.7884654164146,0.0583,0.05823,0.0575,0.06302,0.07013,0.06585,0.06717,0.0678,0.06971,0.06954,0.07294,0.07182,0.0709,0.07028,0.06736,0.06903,0.06848,0.0696,0.06919,0.07154,0.03665
SQDUSDT,2025-12-27 18:00:00+09:00,0.06479,10.71428571428571,0.06272,0.06134,0.06049,0.06049,0.06179,0.06147,0.0624,0.06198,0.06223,0.06339,0.0632,0.0677,0.07137,0.07347,0.06982,0.07112,0.07123,0.07252,0.07063,0.07008,0.03665
SQDUSDT,2025-12-30 15:00:00+09:00,0.10321,8.129910948140392,0.10882,0.10933,0.1102,0.10705,0.10307,0.1033,0.10973,0.1095,0.10662,0.10685,0.10296,0.09969,0.0952,0.09146,0.0972,0.09913,0.09719,0.09585,0.09389,0.09459,0.03665
SQDUSDT,2026-03-08 18:00:00+09:00,0.0394,7.886089813800659,0.03897,0.03897,0.039,0.03893,0.03982,0.03945,0.0386,0.03939,0.04048,0.043,0.0431,0.04208,0.04163,0.04139,0.03985,0.0397,0.03981,0.04107,0.04112,0.04072,0.03665
SQDUSDT,2026-05-11 15:00:00+09:00,0.04163,5.955713922117592,0.0407,0.04126,0.04062,0.04121,0.04038,0.04046,0.04168,0.04313,0.04262,0.04177,0.04251,0.04268,0.04416,0.04355,0.04453,0.04369,0.04369,0.04334,0.04429,0.04319,0.03665
STABLEUSDT,2025-12-09 19:00:00+09:00,0.01752,7.881773399014777,0.01683,0.01711,0.0176,0.01671,0.01803,0.0197,0.01832,0.01967,0.01974,0.01905,0.01754,0.01785,0.01786,0.01799,0.01738,0.01772,0.01793,0.01795,0.01748,0.01675,0.0364
STABLEUSDT,2025-12-16 05:00:00+09:00,0.0152,6.2937062937062915,0.0149,0.0151,0.01508,0.01498,0.01507,0.01505,0.01525,0.01511,0.01507,0.01501,0.01518,0.01512,0.01494,0.01493,0.01475,0.01467,0.01445,0.01448,0.01485,0.01449,0.0364
STABLEUSDT,2025-12-27 02:00:00+09:00,0.01193,5.762411347517727,0.01231,0.01256,0.01201,0.01189,0.01206,0.01228,0.01236,0.01226,0.01235,0.01208,0.01246,0.01252,0.01252,0.01249,0.0128,0.01297,0.01343,0.01281,0.0128,0.013,0.0364
STABLEUSDT,2026-01-03 00:00:00+09:00,0.01546,6.254295532646044,0.01502,0.01535,0.01572,0.01646,0.0165,0.01638,0.01675,0.01748,0.01886,0.01804,0.01841,0.01797,0.01765,0.01803,0.01735,0.01715,0.01725,0.01732,0.01708,0.01727,0.0364
STABLEUSDT,2026-01-31 08:00:00+09:00,0.0249,6.455750320649839,0.02555,0.02512,0.02481,0.02487,0.02456,0.02496,0.02488,0.02488,0.02453,0.02431,0.02397,0.02382,0.02367,0.02428,0.02399,0.02434,0.02369,0.0233,0.02307,0.02248,0.0364
STABLEUSDT,2026-02-06 22:00:00+09:00,0.01852,6.990179087232809,0.0188,0.01869,0.01895,0.01889,0.0188,0.01892,0.01952,0.0198,0.01892,0.01825,0.01811,0.01769,0.01777,0.01786,0.01784,0.01767,0.01725,0.01678,0.01683,0.01612,0.0364
STABLEUSDT,2026-02-08 01:00:00+09:00,0.0174,5.454545454545443,0.01716,0.01698,0.01682,0.01696,0.01723,0.01715,0.01705,0.01703,0.01672,0.0166,0.01673,0.01699,0.01701,0.01676,0.01731,0.0179,0.01765,0.01717,0.01722,0.01711,0.0364
STABLEUSDT,2026-02-10 09:00:00+09:00,0.02163,7.3982125124130995,0.02193,0.02217,0.02177,0.02113,0.02116,0.02146,0.02141,0.02156,0.02179,0.02152,0.02128,0.02109,0.02214,0.02174,0.02364,0.02317,0.02259,0.02277,0.02315,0.02314,0.0364
STABLEUSDT,2026-04-01 03:00:00+09:00,0.02404,10.27522935779816,0.02715,0.0266,0.02657,0.02728,0.02952,0.02809,0.02795,0.02791,0.0283,0.02852,0.0282,0.02802,0.02807,0.02833,0.02905,0.02901,0.02733,0.0287,0.02779,0.02719,0.0364
STABLEUSDT,2026-04-13 11:00:00+09:00,0.03078,22.923322683706065,0.02796,0.02823,0.02853,0.02879,0.0291,0.02899,0.02931,0.02942,0.02972,0.02989,0.02938,0.02706,0.02608,0.02563,0.0263,0.02723,0.02691,0.02749,0.02719,0.02725,0.0364
STABLEUSDT,2026-05-23 01:00:00+09:00,0.03401,10.207388204795853,0.03447,0.03393,0.03369,0.03356,0.03409,0.03387,0.03367,0.03386,0.03379,0.03442,0.03476,0.03451,0.03433,0.03389,0.03353,0.03322,0.03338,0.03332,0.03318,0.0332,0.0364
STBLUSDT,2025-12-31 22:00:00+09:00,0.05555,5.108798486281932,0.0569,0.05674,0.05524,0.05512,0.05521,0.05606,0.05572,0.05641,0.05538,0.0547,0.05599,0.05606,0.05598,0.05555,0.05705,0.05816,0.058,0.05675,0.06181,0.06111,0.02873
STBLUSDT,2026-05-02 11:00:00+09:00,0.03585,6.759976176295418,0.03504,0.03441,0.03526,0.03451,0.03632,0.03646,0.03624,0.03548,0.03541,0.03508,0.03518,0.03657,0.03622,0.03672,0.03653,0.03616,0.03615,0.03613,0.03575,0.03625,0.02873
STEEMUSDT,2026-02-24 09:00:00+09:00,0.051,10.990206746463546,0.05354,0.05456,0.06147,0.05992,0.0575,0.05654,0.05633,0.05766,0.05784,0.0578,0.05761,0.0552,0.05365,0.05323,0.05208,0.05182,0.05238,0.0526,0.05265,0.0522,0.04736
STGUSDT,2026-01-21 03:00:00+09:00,0.1541,5.910652920962197,0.152,0.1509,0.1509,0.1533,0.1543,0.1582,0.1621,0.1614,0.1656,0.165,0.1676,0.1656,0.1681,0.1669,0.1638,0.1639,0.1633,0.1621,0.1627,0.1664,0.2547
STGUSDT,2026-02-01 06:00:00+09:00,0.1496,5.5751587861679734,0.1479,0.1503,0.152,0.1491,0.1494,0.1508,0.151,0.1504,0.1517,0.1529,0.1569,0.1555,0.1548,0.1589,0.1569,0.1543,0.1524,0.1501,0.1501,0.1494,0.2547
STGUSDT,2026-02-20 02:00:00+09:00,0.1279,5.094494658997544,0.1249,0.1246,0.1268,0.1269,0.1272,0.1298,0.1291,0.1313,0.1292,0.1285,0.1268,0.128,0.1283,0.1308,0.1296,0.1287,0.1278,0.1276,0.1293,0.1293,0.2547
STGUSDT,2026-02-21 00:00:00+09:00,0.1413,7.126611068991676,0.1406,0.1375,0.1391,0.1393,0.1394,0.141,0.1428,0.1446,0.1464,0.1505,0.1484,0.1434,0.1473,0.1456,0.1429,0.1453,0.1468,0.1453,0.1465,0.1482,0.2547
STGUSDT,2026-03-27 07:00:00+09:00,0.2165,5.661298194241093,0.2237,0.233,0.2409,0.2497,0.2738,0.2568,0.2624,0.2615,0.2684,0.2585,0.2558,0.2765,0.274,0.2701,0.2642,0.2589,0.2564,0.2557,0.2501,0.2446,0.2547
STGUSDT,2026-04-12 17:00:00+09:00,0.2313,8.134642356241233,0.2273,0.2289,0.2307,0.2256,0.225,0.2237,0.2284,0.2379,0.2322,0.2263,0.2259,0.2273,0.2294,0.2275,0.2293,0.2275,0.2284,0.225,0.2237,0.2241,0.2547
STORJUSDT,2025-12-28 06:00:00+09:00,0.1365,13.090306545153279,0.1503,0.1575,0.1511,0.1507,0.1481,0.1451,0.1503,0.1506,0.1566,0.1662,0.1562,0.1561,0.1521,0.1532,0.1523,0.1487,0.1492,0.1485,0.1473,0.1454,0.0854
STORJUSDT,2026-05-15 23:00:00+09:00,0.108,6.930693069306923,0.1113,0.1103,0.1382,0.1368,0.1359,0.1367,0.1371,0.1396,0.1311,0.1394,0.1367,0.1328,0.1324,0.1311,0.1276,0.1282,0.126,0.1201,0.1195,0.1216,0.0854
STORJUSDT,2026-05-16 02:00:00+09:00,0.1382,25.294650951949226,0.1368,0.1359,0.1367,0.1371,0.1396,0.1311,0.1394,0.1367,0.1328,0.1324,0.1311,0.1276,0.1282,0.126,0.1201,0.1195,0.1216,0.1209,0.1187,0.1213,0.0854
STOUSDT,2026-03-20 00:00:00+09:00,0.0911,5.97952536063286,0.08871,0.08811,0.08645,0.08829,0.09025,0.09337,0.09397,0.09481,0.09435,0.09244,0.0921,0.09387,0.09365,0.09065,0.09233,0.09381,0.0941,0.09467,0.09527,0.09851,0.06848
STOUSDT,2026-03-26 00:00:00+09:00,0.07837,6.800218043063497,0.08109,0.08262,0.08207,0.08247,0.08431,0.08172,0.08197,0.08299,0.08207,0.08183,0.08246,0.08309,0.08728,0.08817,0.09311,0.09096,0.09102,0.09251,0.09198,0.09067,0.06848
STOUSDT,2026-03-26 13:00:00+09:00,0.08728,5.0427247562883615,0.08817,0.09311,0.09096,0.09102,0.09251,0.09198,0.09067,0.09175,0.09261,0.09284,0.09607,0.09577,0.09731,0.09895,0.09943,0.10056,0.09866,0.09807,0.09899,0.09601,0.06848
STOUSDT,2026-03-26 15:00:00+09:00,0.09311,5.602812748100261,0.09096,0.09102,0.09251,0.09198,0.09067,0.09175,0.09261,0.09284,0.09607,0.09577,0.09731,0.09895,0.09943,0.10056,0.09866,0.09807,0.09899,0.09601,0.09917,0.10278,0.06848
STOUSDT,2026-04-01 02:00:00+09:00,0.14256,28.29373650107991,0.14242,0.14338,0.18646,0.18982,0.19832,0.19887,0.21344,0.20046,0.19224,0.19319,0.19927,0.22378,0.25815,0.23932,0.25297,0.24926,0.25906,0.31001,0.32922,0.36251,0.06848
STOUSDT,2026-04-01 05:00:00+09:00,0.18646,30.046031524619877,0.18982,0.19832,0.19887,0.21344,0.20046,0.19224,0.19319,0.19927,0.22378,0.25815,0.23932,0.25297,0.24926,0.25906,0.31001,0.32922,0.36251,0.34359,0.35037,0.37089,0.06848
STOUSDT,2026-04-04 19:00:00+09:00,0.15052,12.825125552807126,0.14334,0.14998,0.16303,0.19032,0.17803,0.17938,0.21911,0.25231,0.21924,0.21157,0.2106,0.20465,0.18838,0.18901,0.16668,0.17858,0.18564,0.19867,0.1993,0.22843,0.06848
STRKUSDT,2026-04-23 01:00:00+09:00,0.044317,6.821413936895892,0.04248,0.042864,0.042566,0.043531,0.046107,0.046192,0.045817,0.04569,0.04565,0.046503,0.046388,0.04821,0.048914,0.04945,0.046565,0.046064,0.043755,0.043135,0.043096,0.042649,0.034005
STRKUSDT,2026-04-23 06:00:00+09:00,0.046107,5.917621924605458,0.046192,0.045817,0.04569,0.04565,0.046503,0.046388,0.04821,0.048914,0.04945,0.046565,0.046064,0.043755,0.043135,0.043096,0.042649,0.042699,0.043231,0.043463,0.042381,0.041934,0.034005
STXSTOCKUSDT,2026-04-29 05:00:00+09:00,658.84,13.634246882491949,666.96,673.05,685.47,682.57,675.56,674.52,678.74,682.24,680.49,682.38,680.57,678.67,676.85,679.0,682.53,665.48,674.2,670.97,658.48,643.67,928.61
STXSTOCKUSDT,2026-05-01 22:00:00+09:00,720.39,8.443474333885298,701.7,713.8,716.66,714.3,716.0,727.0,727.24,727.43,729.66,727.92,728.25,728.25,729.29,729.63,729.55,730.17,730.18,730.7,730.72,730.44,928.61
STXSTOCKUSDT,2026-05-21 22:00:00+09:00,799.31,7.071478326099764,807.38,795.6,794.21,796.06,795.85,807.38,812.0,813.36,814.33,814.33,814.92,814.33,812.0,814.48,817.4,816.66,813.9,813.01,813.0,810.63,928.61
STXUSDT,2026-01-09 00:00:00+09:00,0.3518,6.2198067632850265,0.3484,0.3508,0.3456,0.3429,0.3436,0.349,0.3472,0.3538,0.3532,0.3505,0.3566,0.3561,0.3529,0.3525,0.3535,0.3482,0.3434,0.3457,0.3434,0.3466,0.2005
STXUSDT,2026-01-10 00:00:00+09:00,0.3664,5.3781995973540395,0.3784,0.3711,0.3638,0.3607,0.3639,0.3655,0.3707,0.3737,0.3731,0.376,0.3802,0.3741,0.3669,0.3652,0.3663,0.3672,0.3718,0.376,0.3762,0.3856,0.2005
SUIUSDT,2026-05-09 09:00:00+09:00,1.0835,6.111056703554992,1.0928,1.089,1.0828,1.0735,1.0789,1.069,1.0714,1.0761,1.0491,1.0506,1.053,1.0556,1.0556,1.0489,1.0487,1.0519,1.0635,1.0658,1.0693,1.0685,0.7895
SUIUSDT,2026-05-11 00:00:00+09:00,1.224,6.852902662592755,1.2721,1.3298,1.3796,1.3838,1.3454,1.3511,1.3423,1.3319,1.3356,1.3385,1.3063,1.3099,1.2871,1.285,1.2774,1.2835,1.2496,1.2633,1.2655,1.2722,0.7895
SUSDT,2026-01-14 07:00:00+09:00,0.08951,5.046356061495144,0.08964,0.09124,0.0914,0.09098,0.09191,0.09018,0.09014,0.09069,0.09012,0.08992,0.09109,0.08872,0.08876,0.08883,0.08755,0.08925,0.08947,0.0897,0.08832,0.08733,0.03441
SUSHIUSDT,2026-06-03 13:00:00+09:00,0.2166,7.868525896414333,0.2202,0.218,0.222,0.2213,0.2168,0.2213,0.2205,0.2223,0.2232,0.225,0.2229,0.2259,0.2301,0.2318,0.2279,0.2235,0.2349,0.231,0.2299,0.2343,0.2167
SXTUSDT,2026-03-10 11:00:00+09:00,0.01875,6.352807714123649,0.01887,0.02379,0.02382,0.02312,0.0228,0.02235,0.02212,0.02296,0.02301,0.02271,0.02235,0.02175,0.02202,0.02162,0.02109,0.02097,0.02091,0.02084,0.0205,0.02041,0.01001
SXTUSDT,2026-03-10 13:00:00+09:00,0.02379,26.07313195548488,0.02382,0.02312,0.0228,0.02235,0.02212,0.02296,0.02301,0.02271,0.02235,0.02175,0.02202,0.02162,0.02109,0.02097,0.02091,0.02084,0.0205,0.02041,0.01993,0.0199,0.01001
SYRUPUSDT,2026-01-21 23:00:00+09:00,0.3403,6.677115987460811,0.3349,0.3254,0.3251,0.3292,0.3448,0.3387,0.338,0.3384,0.3353,0.3387,0.3374,0.3323,0.3292,0.3348,0.3375,0.3369,0.338,0.3461,0.3504,0.3538,0.1376
TACUSDT,2025-12-23 02:00:00+09:00,0.004586,6.2065771190365915,0.004453,0.004448,0.004357,0.004453,0.004465,0.004493,0.004539,0.00448,0.004478,0.004436,0.004436,0.004506,0.004517,0.004487,0.004531,0.004588,0.004732,0.004674,0.004678,0.004658,0.017024
TACUSDT,2026-04-22 11:00:00+09:00,0.006163,7.556719022687614,0.006193,0.006309,0.006219,0.006254,0.006582,0.006698,0.006583,0.006691,0.0072,0.007191,0.006506,0.006453,0.006061,0.006339,0.006521,0.006835,0.006883,0.006897,0.006968,0.006996,0.017024
TACUSDT,2026-04-27 18:00:00+09:00,0.009611,5.453149001536088,0.009548,0.009665,0.010388,0.010584,0.010726,0.010922,0.010609,0.010575,0.010266,0.010498,0.010573,0.010688,0.010791,0.010563,0.010551,0.010662,0.010902,0.010737,0.010752,0.010872,0.017024
TACUSDT,2026-04-28 17:00:00+09:00,0.011111,7.145612343297961,0.011533,0.01203,0.011874,0.012612,0.012892,0.012594,0.012952,0.012997,0.013115,0.013172,0.013228,0.012897,0.012606,0.012422,0.012849,0.01324,0.01298,0.013486,0.014462,0.014323,0.017024
TACUSDT,2026-04-30 20:00:00+09:00,0.016881,9.184399456697493,0.016577,0.016447,0.016414,0.01843,0.019594,0.01936,0.018663,0.018561,0.018958,0.018461,0.018647,0.018439,0.018494,0.018476,0.018409,0.018598,0.018287,0.017992,0.018018,0.017797,0.017024
TACUSDT,2026-05-14 17:00:00+09:00,0.01806,5.5893358278765115,0.017566,0.017695,0.017408,0.017447,0.017533,0.017736,0.019725,0.020347,0.019498,0.019921,0.022098,0.02382,0.023638,0.023821,0.023322,0.023333,0.022351,0.022494,0.022426,0.022141,0.017024
TACUSDT,2026-05-15 00:00:00+09:00,0.019725,11.214479025710428,0.020347,0.019498,0.019921,0.022098,0.02382,0.023638,0.023821,0.023322,0.023333,0.022351,0.022494,0.022426,0.022141,0.022039,0.02182,0.022057,0.022636,0.02171,0.020533,0.020972,0.017024
TAGUSDT,2025-12-30 23:00:00+09:00,0.0005432,5.169409486931257,0.000535,0.0005291,0.0005322,0.0005398,0.0005316,0.000532,0.0005367,0.0005379,0.0005372,0.0005359,0.0005356,0.000533,0.0005334,0.0005346,0.0005298,0.0005329,0.0005311,0.0005363,0.0005393,0.0005426,0.0013207
TAGUSDT,2026-02-05 06:00:00+09:00,0.0003791,6.041958041958037,0.0003835,0.0003946,0.0003788,0.0003756,0.0003867,0.0003909,0.0003863,0.0003896,0.000393,0.0003885,0.0003903,0.0003877,0.0003709,0.0003598,0.0003476,0.0003417,0.0003439,0.0002838,0.0002787,0.0002786,0.0013207
TAGUSDT,2026-04-12 00:00:00+09:00,0.0007412,9.856232399585007,0.0006749,0.0007304,0.0007293,0.0007395,0.0007508,0.0007752,0.0007864,0.0007713,0.0007632,0.0007741,0.0007823,0.0007945,0.0008416,0.0008335,0.0008523,0.0008358,0.0008147,0.0008369,0.0008441,0.0008846,0.0013207
TAGUSDT,2026-05-01 20:00:00+09:00,0.000768,5.205479452054802,0.0007744,0.0007722,0.0008106,0.000833,0.0009114,0.0009285,0.0009627,0.0009168,0.0009141,0.0008701,0.0008324,0.0008511,0.0008359,0.0008367,0.0008277,0.0008041,0.0008607,0.0008228,0.0008772,0.0008924,0.0013207
TAGUSDT,2026-05-02 15:00:00+09:00,0.0008772,6.611570247933873,0.0008924,0.0009073,0.0009511,0.0009632,0.0010679,0.0011376,0.0012619,0.0013635,0.00138,0.0017967,0.0013455,0.0013431,0.0013747,0.0012871,0.0012169,0.0011098,0.0012027,0.0011535,0.001148,0.0010835,0.0013207
TAGUSDT,2026-05-02 20:00:00+09:00,0.0010679,10.870016611295693,0.0011376,0.0012619,0.0013635,0.00138,0.0017967,0.0013455,0.0013431,0.0013747,0.0012871,0.0012169,0.0011098,0.0012027,0.0011535,0.001148,0.0010835,0.0011294,0.0010864,0.0011949,0.0012327,0.0010972,0.0013207
TAGUSDT,2026-05-04 04:00:00+09:00,0.0015252,15.861440291704657,0.001525,0.0015072,0.0014906,0.0015266,0.0015439,0.0016807,0.001873,0.0019624,0.0018613,0.0020999,0.0019525,0.001642,0.0019316,0.0019783,0.0019315,0.0018174,0.0017736,0.0017498,0.0015787,0.0016784,0.0013207
TAOUSDT,2026-01-22 04:00:00+09:00,245.43,5.1227138390371385,247.59,246.49,244.55,241.69,246.95,247.47,246.72,246.1,247.27,246.46,246.67,244.25,244.58,245.39,244.63,241.7,241.11,239.73,237.11,237.38,217.01
THEUSDT,2026-01-13 00:00:00+09:00,0.2419,6.3296703296703285,0.2437,0.2435,0.2458,0.2518,0.2483,0.2468,0.2467,0.2479,0.2443,0.2428,0.2402,0.244,0.2406,0.2443,0.242,0.244,0.2415,0.2412,0.2422,0.2432,0.0783
TNSRUSDT,2026-04-09 15:00:00+09:00,0.04192,12.657887664606285,0.04902,0.04998,0.04992,0.05317,0.04987,0.04793,0.04888,0.04876,0.05012,0.04772,0.04851,0.04867,0.0491,0.04779,0.04833,0.04851,0.05081,0.05242,0.04988,0.04842,0.03392
TONUSDT,2026-02-07 21:00:00+09:00,1.4508,6.200131761950076,1.4021,1.3849,1.3916,1.3886,1.3914,1.398,1.4097,1.4134,1.4177,1.4135,1.4215,1.4234,1.4064,1.3989,1.3918,1.3945,1.3911,1.3931,1.3967,1.4068,1.7898
TONUSDT,2026-05-04 23:00:00+09:00,1.451,5.827437823645255,1.4416,1.4208,1.4409,1.4548,1.4421,1.4943,1.5831,1.6032,1.6505,1.7754,1.7666,1.7271,1.7351,1.695,1.7336,1.7718,1.8095,1.7878,1.8178,1.8714,1.7898
TONUSDT,2026-05-05 06:00:00+09:00,1.5831,5.942581810881348,1.6032,1.6505,1.7754,1.7666,1.7271,1.7351,1.695,1.7336,1.7718,1.8095,1.7878,1.8178,1.8714,1.8331,1.8774,1.8514,1.7858,1.8101,1.7902,1.8452,1.7898
TONUSDT,2026-05-05 09:00:00+09:00,1.7754,7.567403817025144,1.7666,1.7271,1.7351,1.695,1.7336,1.7718,1.8095,1.7878,1.8178,1.8714,1.8331,1.8774,1.8514,1.7858,1.8101,1.7902,1.8452,1.8509,1.9127,1.9731,1.7898
TONUSDT,2026-05-06 19:00:00+09:00,2.3252,5.013097281185088,2.2837,2.4367,2.3727,2.2677,2.3012,2.4238,2.413,2.4076,2.3795,2.3914,2.4183,2.455,2.4494,2.4376,2.5744,2.6524,2.6681,2.8164,2.7852,2.8759,1.7898
TONUSDT,2026-05-06 21:00:00+09:00,2.4367,6.699654070149321,2.3727,2.2677,2.3012,2.4238,2.413,2.4076,2.3795,2.3914,2.4183,2.455,2.4494,2.4376,2.5744,2.6524,2.6681,2.8164,2.7852,2.8759,2.7415,2.6838,1.7898
TONUSDT,2026-05-08 02:00:00+09:00,2.5853,5.61728899419888,2.6711,2.6404,2.591,2.6093,2.6662,2.7123,2.6954,2.7091,2.6881,2.6604,2.7156,2.6908,2.7443,2.7215,2.7137,2.6466,2.5447,2.574,2.5753,2.6256,1.7898
TQQQUSDT,2026-04-08 07:00:00+09:00,47.06,5.634118967452313,47.81,48.01,48.0,48.09,47.93,47.98,48.21,48.38,48.23,48.74,48.68,48.75,48.72,48.71,47.98,47.51,47.97,48.3,48.04,47.37,85.3
TRADOORUSDT,2026-04-20 16:00:00+09:00,7.512,5.787917194761295,7.349,7.263,7.356,7.352,7.619,7.585,7.722,7.85,7.872,7.847,7.891,7.904,7.828,7.824,7.811,7.804,7.848,7.94,7.938,7.941,0.4373
TRIAUSDT,2026-02-11 17:00:00+09:00,0.015295,9.226594301221166,0.014954,0.014931,0.01499,0.014868,0.015933,0.016104,0.017179,0.016098,0.015861,0.015833,0.015785,0.016426,0.016114,0.01579,0.015947,0.016743,0.016026,0.016172,0.017489,0.018765,0.029761
TRIAUSDT,2026-02-16 16:00:00+09:00,0.016957,5.974626585838375,0.01727,0.017017,0.01705,0.017117,0.017213,0.017129,0.01769,0.017738,0.017885,0.017256,0.017185,0.017157,0.017156,0.016996,0.016803,0.017028,0.016872,0.016736,0.016916,0.017034,0.029761
TRIAUSDT,2026-02-17 23:00:00+09:00,0.016963,7.177607885259355,0.017003,0.016976,0.017021,0.017239,0.01716,0.0171,0.017394,0.017323,0.017391,0.01744,0.017322,0.017105,0.016982,0.017352,0.017241,0.017297,0.01715,0.016749,0.017148,0.017329,0.029761
TRIAUSDT,2026-02-23 20:00:00+09:00,0.016957,9.931928687196114,0.016638,0.016812,0.017119,0.016675,0.016604,0.016501,0.017071,0.017556,0.01754,0.017402,0.01731,0.017853,0.01756,0.017743,0.017292,0.017193,0.017626,0.017293,0.017812,0.018191,0.029761
TRIAUSDT,2026-02-24 23:00:00+09:00,0.019438,6.778729949461651,0.01863,0.019074,0.018965,0.019826,0.020168,0.020032,0.020157,0.019956,0.020426,0.02011,0.020475,0.020901,0.020354,0.0203,0.02075,0.020392,0.020189,0.020243,0.020885,0.020907,0.029761
TRIAUSDT,2026-03-07 18:00:00+09:00,0.023441,5.111878391103532,0.023849,0.022969,0.023299,0.023823,0.024043,0.024651,0.025509,0.024418,0.023852,0.024066,0.023525,0.02361,0.023031,0.022499,0.022154,0.021642,0.022419,0.022382,0.021439,0.022528,0.029761
TRIAUSDT,2026-03-13 02:00:00+09:00,0.031559,5.095074761064293,0.0325,0.032521,0.032594,0.034042,0.033388,0.033383,0.033679,0.033515,0.032792,0.032457,0.032476,0.033749,0.033538,0.033937,0.034841,0.034278,0.0327,0.031504,0.031727,0.031339,0.029761
TRIAUSDT,2026-03-17 02:00:00+09:00,0.029807,11.52392711490253,0.030472,0.03052,0.031107,0.031876,0.032073,0.031683,0.031385,0.0322,0.031364,0.031542,0.032196,0.032064,0.031926,0.031251,0.030872,0.030834,0.030791,0.030765,0.03074,0.033321,0.029761
TRIAUSDT,2026-03-22 16:00:00+09:00,0.039963,5.138121546961316,0.039773,0.041817,0.041692,0.041397,0.04105,0.040492,0.040731,0.043204,0.046037,0.04485,0.044887,0.046347,0.047358,0.047828,0.048221,0.047493,0.046563,0.048033,0.04888,0.048564,0.029761
TRIAUSDT,2026-03-23 23:00:00+09:00,0.042452,5.03760886777513,0.042002,0.041995,0.043393,0.0445,0.044,0.043876,0.043337,0.043537,0.042833,0.041702,0.041066,0.039734,0.039999,0.0387,0.037918,0.038367,0.036635,0.0365,0.037289,0.0372,0.029761
TRIAUSDT,2026-04-03 23:00:00+09:00,0.025064,6.560095234046168,0.025032,0.026876,0.027527,0.026536,0.026965,0.027693,0.027369,0.027544,0.027348,0.027776,0.027414,0.027637,0.027636,0.02762,0.0278,0.027969,0.027166,0.02557,0.0248,0.024615,0.029761
TRIAUSDT,2026-04-06 18:00:00+09:00,0.02534,8.452814038091166,0.025306,0.024889,0.025042,0.025071,0.02589,0.0268,0.026602,0.026822,0.027657,0.027437,0.027326,0.027371,0.027727,0.027418,0.02808,0.02836,0.029561,0.028928,0.028028,0.027137,0.029761
TRIAUSDT,2026-04-09 19:00:00+09:00,0.024644,8.745918277292372,0.023789,0.024711,0.023882,0.02377,0.02346,0.024433,0.023889,0.02399,0.0241,0.024173,0.023941,0.023958,0.023927,0.023786,0.023276,0.023752,0.024118,0.024393,0.025388,0.024417,0.029761
TRIAUSDT,2026-05-11 23:00:00+09:00,0.037308,6.139402560455193,0.038368,0.040337,0.039363,0.040039,0.039426,0.039362,0.039244,0.039657,0.039549,0.039935,0.039881,0.0399,0.039866,0.040044,0.039716,0.039758,0.04013,0.040137,0.040926,0.041,0.029761
TRIAUSDT,2026-05-12 01:00:00+09:00,0.040337,5.131880733944951,0.039363,0.040039,0.039426,0.039362,0.039244,0.039657,0.039549,0.039935,0.039881,0.0399,0.039866,0.040044,0.039716,0.039758,0.04013,0.040137,0.040926,0.041,0.0409,0.040639,0.029761
TRIAUSDT,2026-05-15 01:00:00+09:00,0.048391,5.197826086956531,0.047435,0.04807,0.047912,0.048285,0.048031,0.048308,0.048445,0.048455,0.047628,0.047924,0.047166,0.046642,0.047334,0.046888,0.048048,0.048452,0.047851,0.048285,0.049125,0.04786,0.029761
TRUSTUSDT,2026-04-05 21:00:00+09:00,0.07418,15.007751937984487,0.0707,0.07132,0.07179,0.0705,0.07093,0.07135,0.07095,0.07074,0.07105,0.07041,0.07152,0.07073,0.06983,0.07061,0.07186,0.07407,0.07265,0.07156,0.07143,0.07042,0.05899
TUTUSDT,2026-05-03 17:00:00+09:00,0.01164,7.977736549165118,0.01209,0.01182,0.01143,0.01173,0.0116,0.01173,0.01155,0.01174,0.012,0.01185,0.01172,0.01187,0.01182,0.01166,0.01164,0.0118,0.01178,0.01224,0.01245,0.0127,0.00904
UAIUSDT,2025-12-19 23:00:00+09:00,0.16846,6.68777707409752,0.17653,0.17132,0.16973,0.17222,0.17325,0.17769,0.18002,0.1794,0.18008,0.17917,0.18092,0.18565,0.18601,0.18241,0.18433,0.18307,0.18607,0.18256,0.18309,0.18368,0.27314
UAIUSDT,2025-12-22 17:00:00+09:00,0.18674,6.162592382035241,0.19881,0.18872,0.19186,0.19256,0.19284,0.19015,0.1934,0.19388,0.19704,0.19486,0.19245,0.19595,0.19503,0.19604,0.19372,0.1912,0.1878,0.18487,0.18485,0.18535,0.27314
UAIUSDT,2025-12-22 18:00:00+09:00,0.19881,6.463532183784941,0.18872,0.19186,0.19256,0.19284,0.19015,0.1934,0.19388,0.19704,0.19486,0.19245,0.19595,0.19503,0.19604,0.19372,0.1912,0.1878,0.18487,0.18485,0.18535,0.18218,0.27314
UAIUSDT,2026-02-19 14:00:00+09:00,0.22811,5.100442314780683,0.22691,0.22991,0.23429,0.23147,0.22658,0.22678,0.23137,0.23341,0.23416,0.23414,0.23792,0.23487,0.23596,0.23842,0.23907,0.24037,0.23932,0.23897,0.23751,0.2418,0.27314
UAIUSDT,2026-03-01 21:00:00+09:00,0.18462,12.566306932504126,0.1918,0.19033,0.19483,0.19605,0.19348,0.19408,0.18996,0.18968,0.19198,0.19222,0.19428,0.20272,0.19525,0.19622,0.19848,0.20015,0.20145,0.20035,0.1992,0.2032,0.27314
UAIUSDT,2026-03-06 14:00:00+09:00,0.243,6.057960893854751,0.23601,0.28824,0.294,0.29923,0.29793,0.2983,0.3085,0.31671,0.31724,0.31286,0.32131,0.3182,0.31781,0.34842,0.35026,0.34868,0.34828,0.35279,0.34565,0.34703,0.27314
UAIUSDT,2026-04-11 23:00:00+09:00,0.25181,7.546766891603311,0.24661,0.2472,0.24523,0.24227,0.24491,0.25601,0.25906,0.25544,0.2602,0.25687,0.25239,0.25901,0.25845,0.23904,0.23447,0.23254,0.23413,0.22451,0.22552,0.22965,0.27314
UAIUSDT,2026-04-20 21:00:00+09:00,0.23459,11.96544482626956,0.24108,0.26565,0.28614,0.26535,0.27375,0.28316,0.2892,0.29047,0.29558,0.29375,0.28819,0.30475,0.3234,0.30519,0.31033,0.30233,0.31226,0.30316,0.31497,0.31966,0.27314
UAIUSDT,2026-04-20 23:00:00+09:00,0.26565,10.191637630662024,0.28614,0.26535,0.27375,0.28316,0.2892,0.29047,0.29558,0.29375,0.28819,0.30475,0.3234,0.30519,0.31033,0.30233,0.31226,0.30316,0.31497,0.31966,0.356,0.39343,0.27314
UAIUSDT,2026-04-27 21:00:00+09:00,0.32324,6.286991976851251,0.35218,0.339,0.3499,0.34396,0.35052,0.35967,0.35994,0.35971,0.36486,0.37086,0.36743,0.36107,0.35143,0.35617,0.35597,0.3504,0.35675,0.34845,0.33854,0.34183,0.27314
UAIUSDT,2026-04-29 01:00:00+09:00,0.3553,5.109013992840874,0.38142,0.38063,0.38736,0.38305,0.38241,0.38468,0.3843,0.38254,0.38857,0.39138,0.39228,0.37712,0.37906,0.37882,0.373,0.37582,0.37117,0.36207,0.36014,0.36071,0.27314
UAIUSDT,2026-05-21 01:00:00+09:00,0.261,7.93598279641041,0.26275,0.26101,0.25964,0.26135,0.26174,0.26351,0.26708,0.26505,0.2711,0.27066,0.26773,0.27037,0.26945,0.27464,0.27626,0.26523,0.26024,0.25106,0.24884,0.25106,0.27314
UBUSDT,2026-01-08 22:00:00+09:00,0.04922,7.608220376038472,0.04318,0.04681,0.04416,0.04512,0.04511,0.04576,0.04637,0.04628,0.04665,0.04708,0.0461,0.04629,0.04639,0.044,0.04279,0.04373,0.04463,0.04435,0.04488,0.04421,0.10466
UBUSDT,2026-01-09 00:00:00+09:00,0.04681,8.406669754515967,0.04416,0.04512,0.04511,0.04576,0.04637,0.04628,0.04665,0.04708,0.0461,0.04629,0.04639,0.044,0.04279,0.04373,0.04463,0.04435,0.04488,0.04421,0.04441,0.04424,0.10466
UBUSDT,2026-02-11 15:00:00+09:00,0.03976,7.750677506775053,0.03974,0.0409,0.04188,0.04201,0.042,0.04145,0.04072,0.04113,0.04031,0.04036,0.03974,0.03961,0.03934,0.03834,0.0381,0.03809,0.03793,0.038,0.03777,0.03806,0.10466
UBUSDT,2026-02-26 13:00:00+09:00,0.04342,6.291309669522652,0.04454,0.04566,0.04629,0.04602,0.04755,0.04708,0.04781,0.04837,0.04737,0.04609,0.04309,0.04184,0.04061,0.0404,0.04048,0.04044,0.03994,0.03979,0.03944,0.03961,0.10466
UBUSDT,2026-03-06 14:00:00+09:00,0.03752,5.363661892726747,0.03877,0.03885,0.03983,0.04004,0.03995,0.03892,0.04058,0.0408,0.03914,0.03813,0.03784,0.03825,0.03853,0.03879,0.0385,0.03798,0.03747,0.03686,0.03698,0.03743,0.10466
UBUSDT,2026-04-05 03:00:00+09:00,0.0211,5.3946053946054,0.02079,0.02138,0.02183,0.0219,0.02178,0.0211,0.02162,0.02133,0.02178,0.022,0.02178,0.02215,0.02171,0.02156,0.02199,0.02219,0.02155,0.02192,0.02211,0.02206,0.10466
UBUSDT,2026-04-17 18:00:00+09:00,0.03816,8.224617129892229,0.03835,0.03715,0.03928,0.03967,0.03896,0.03882,0.03806,0.03899,0.0399,0.04014,0.04028,0.03999,0.04004,0.04041,0.04112,0.03959,0.04008,0.03909,0.03986,0.04036,0.10466
UBUSDT,2026-04-17 21:00:00+09:00,0.03928,5.733512786002691,0.03967,0.03896,0.03882,0.03806,0.03899,0.0399,0.04014,0.04028,0.03999,0.04004,0.04041,0.04112,0.03959,0.04008,0.03909,0.03986,0.04036,0.04096,0.04123,0.04274,0.10466
UBUSDT,2026-05-12 10:00:00+09:00,0.14887,6.1159027728277175,0.1463,0.15111,0.15384,0.15198,0.15586,0.15677,0.15819,0.16093,0.15565,0.16498,0.16472,0.1636,0.16225,0.15989,0.1584,0.16437,0.16649,0.16377,0.1633,0.1655,0.10466
UBUSDT,2026-05-18 01:00:00+09:00,0.15722,5.9148477499326395,0.1511,0.16335,0.16511,0.16903,0.16803,0.17214,0.16115,0.16252,0.16014,0.15429,0.15412,0.1545,0.14828,0.14563,0.14682,0.14659,0.15277,0.15324,0.15772,0.15668,0.10466
UBUSDT,2026-05-23 08:00:00+09:00,0.11324,5.673758865248216,0.11375,0.11515,0.11268,0.114,0.11439,0.12117,0.11924,0.1171,0.11541,0.12015,0.11718,0.11406,0.11813,0.1202,0.12591,0.12867,0.13155,0.13817,0.13641,0.13569,0.10466
UBUSDT,2026-05-24 02:00:00+09:00,0.13817,5.032307107563654,0.13641,0.13569,0.13283,0.13511,0.13419,0.13477,0.13612,0.13823,0.13792,0.1359,0.13319,0.13567,0.13804,0.14284,0.14159,0.14714,0.15059,0.14921,0.15397,0.15639,0.10466
UBUSDT,2026-05-25 12:00:00+09:00,0.16521,5.693813575586969,0.16571,0.16981,0.17129,0.17851,0.17368,0.17883,0.17742,0.1841,0.18637,0.19134,0.19823,0.19487,0.19175,0.18519,0.18288,0.1841,0.1845,0.19027,0.18924,0.19003,0.10466
UNHUSDT,2026-04-21 18:00:00+09:00,343.43,5.934791326074219,343.61,346.14,347.12,352.7,346.48,349.77,350.16,352.25,349.2,346.08,345.43,344.46,344.64,344.88,345.73,344.04,344.28,344.87,344.85,345.1,377.34
USARUSDT,2026-05-21 00:00:00+09:00,22.23,5.35545023696682,22.35,22.42,22.32,22.6,22.64,22.62,22.6,22.61,22.67,22.72,22.64,22.81,22.69,22.72,22.64,22.64,22.85,22.91,22.59,23.28,27.38
USARUSDT,2026-05-27 01:00:00+09:00,27.94,7.131901840490809,28.28,27.49,27.75,27.71,27.74,27.77,27.82,27.85,27.9,27.88,27.83,27.75,27.73,27.77,27.75,28.12,28.27,27.99,28.23,27.84,27.38
USELESSUSDT,2026-01-21 23:00:00+09:00,0.07084,6.49428743235118,0.07341,0.07026,0.0713,0.07098,0.07505,0.07423,0.07625,0.07707,0.0748,0.07694,0.07657,0.07806,0.07725,0.07762,0.07716,0.07633,0.07582,0.07575,0.07753,0.07731,0.09331
USELESSUSDT,2026-01-22 04:00:00+09:00,0.07505,5.734009580163432,0.07423,0.07625,0.07707,0.0748,0.07694,0.07657,0.07806,0.07725,0.07762,0.07716,0.07633,0.07582,0.07575,0.07753,0.07731,0.07624,0.07574,0.07402,0.07183,0.07157,0.09331
USELESSUSDT,2026-02-17 05:00:00+09:00,0.05134,7.902480033627573,0.05407,0.05205,0.05219,0.05163,0.05411,0.05451,0.05355,0.05479,0.0539,0.05353,0.05299,0.05251,0.05149,0.05045,0.05034,0.053,0.05368,0.05099,0.05234,0.05291,0.09331
USELESSUSDT,2026-03-30 05:00:00+09:00,0.03081,5.4414784394250555,0.03155,0.03044,0.03119,0.03141,0.03191,0.03174,0.03155,0.03172,0.03175,0.03168,0.03143,0.03152,0.03115,0.03124,0.03132,0.03148,0.03101,0.03138,0.03124,0.03119,0.09331
USELESSUSDT,2026-04-10 18:00:00+09:00,0.03852,5.911465493538628,0.03777,0.03843,0.04057,0.04081,0.0427,0.04186,0.04161,0.04184,0.04202,0.04206,0.04304,0.04303,0.04281,0.04251,0.04176,0.04203,0.04257,0.04302,0.04329,0.04179,0.09331
USELESSUSDT,2026-05-12 00:00:00+09:00,0.05885,5.428161949122175,0.06227,0.06482,0.06823,0.06746,0.06961,0.06906,0.06772,0.06846,0.06848,0.07169,0.0721,0.07266,0.07231,0.07443,0.07569,0.07749,0.07819,0.083,0.07854,0.07888,0.09331
USELESSUSDT,2026-05-12 03:00:00+09:00,0.06823,5.260721999382901,0.06746,0.06961,0.06906,0.06772,0.06846,0.06848,0.07169,0.0721,0.07266,0.07231,0.07443,0.07569,0.07749,0.07819,0.083,0.07854,0.07888,0.08094,0.08388,0.07825,0.09331
USELESSUSDT,2026-06-02 16:00:00+09:00,0.08714,5.85519922254615,0.09153,0.08827,0.09257,0.0953,0.09737,0.1,0.09711,0.09418,0.09842,0.09807,0.09388,0.09397,0.09733,0.09689,0.0944,0.09374,0.09573,0.09678,0.0956,0.094,0.09331
USELESSUSDT,2026-06-02 17:00:00+09:00,0.09153,5.037870094101452,0.08827,0.09257,0.0953,0.09737,0.1,0.09711,0.09418,0.09842,0.09807,0.09388,0.09397,0.09733,0.09689,0.0944,0.09374,0.09573,0.09678,0.0956,0.094,0.10049,0.09331
USTCUSDT,2025-12-06 23:00:00+09:00,0.00828,5.612244897959177,0.01018,0.0106,0.01294,0.01302,0.01182,0.0121,0.01144,0.01198,0.01216,0.01251,0.01295,0.01191,0.01188,0.01116,0.01055,0.01062,0.01,0.00948,0.00959,0.00985,0.00603
USTCUSDT,2025-12-07 00:00:00+09:00,0.01018,22.946859903381654,0.0106,0.01294,0.01302,0.01182,0.0121,0.01144,0.01198,0.01216,0.01251,0.01295,0.01191,0.01188,0.01116,0.01055,0.01062,0.01,0.00948,0.00959,0.00985,0.00949,0.00603
USTCUSDT,2025-12-07 02:00:00+09:00,0.01294,22.07547169811321,0.01302,0.01182,0.0121,0.01144,0.01198,0.01216,0.01251,0.01295,0.01191,0.01188,0.01116,0.01055,0.01062,0.01,0.00948,0.00959,0.00985,0.00949,0.00911,0.00883,0.00603
USTCUSDT,2026-05-29 18:00:00+09:00,0.00646,7.308970099667763,0.0064,0.00669,0.00669,0.00655,0.00661,0.00665,0.00661,0.00656,0.00657,0.0066,0.00652,0.00648,0.00644,0.00648,0.00649,0.00658,0.0066,0.00653,0.00654,0.00674,0.00603
USUSDT,2026-01-10 14:00:00+09:00,0.00772,8.123249299719898,0.00793,0.00762,0.00784,0.00786,0.00805,0.00819,0.00805,0.00806,0.00813,0.00813,0.00815,0.00758,0.00766,0.00768,0.00772,0.00769,0.00746,0.00751,0.00738,0.00749,0.013137
USUSDT,2026-03-11 17:00:00+09:00,0.00409,7.546673678674728,0.004015,0.00405,0.003925,0.004009,0.004,0.004214,0.004125,0.004236,0.004174,0.00415,0.004077,0.004162,0.00419,0.004127,0.004092,0.004066,0.004173,0.004175,0.004271,0.004275,0.013137
USUSDT,2026-04-02 15:00:00+09:00,0.005173,6.990692864529467,0.005606,0.005842,0.005484,0.005382,0.005506,0.005638,0.005681,0.005726,0.006017,0.006028,0.005565,0.005723,0.005657,0.005424,0.005274,0.005223,0.005288,0.005057,0.005102,0.005109,0.013137
USUSDT,2026-06-02 15:00:00+09:00,0.011296,12.174776564051633,0.011559,0.01123,0.011787,0.011456,0.011347,0.010885,0.011511,0.011505,0.01128,0.011282,0.011207,0.011351,0.011592,0.011847,0.012866,0.014229,0.016305,0.011865,0.012758,0.012715,0.013137
VANAUSDT,2026-01-14 09:00:00+09:00,2.574,7.42904841402337,2.523,2.49,2.485,2.481,2.516,2.529,2.507,2.531,2.526,2.5,2.561,2.538,2.494,2.522,2.535,2.517,2.497,2.473,2.502,2.489,1.216
VANRYUSDT,2026-03-18 01:00:00+09:00,0.006996,15.274345032130498,0.006979,0.007471,0.007146,0.006697,0.007078,0.007131,0.00773,0.0073,0.007304,0.007182,0.006996,0.006889,0.006743,0.00683,0.00661,0.006557,0.006563,0.006744,0.00658,0.006471,0.003962
VELODROMEUSDT,2026-02-25 04:00:00+09:00,0.015484,7.737266907876428,0.015123,0.014862,0.015231,0.015573,0.015414,0.015597,0.015417,0.015235,0.015294,0.015249,0.015165,0.015412,0.01538,0.015244,0.015233,0.015189,0.01527,0.015447,0.0154,0.015486,0.013895
VELVETUSDT,2026-04-12 19:00:00+09:00,0.08614,6.503461918892188,0.08407,0.08261,0.08414,0.08654,0.0858,0.08636,0.08946,0.08931,0.08834,0.08951,0.08971,0.0909,0.09095,0.09227,0.09058,0.09097,0.09485,0.09696,0.09831,0.09618,0.10465
VELVETUSDT,2026-05-31 19:00:00+09:00,0.1006,7.59358288770053,0.09858,0.09858,0.09964,0.09677,0.09724,0.09688,0.09827,0.0987,0.09938,0.09933,0.09891,0.09862,0.09771,0.09822,0.09754,0.09718,0.09487,0.0954,0.09321,0.09195,0.10465
VELVETUSDT,2026-06-03 22:00:00+09:00,0.10422,6.054747125267118,0.10271,0.10172,0.10491,0.10422,0.10479,0.10529,0.10432,0.10669,0.1075,0.1086,0.10762,0.10465,,,,,,,,,0.10465
VIRTUALUSDT,2026-02-25 10:00:00+09:00,0.652,8.449767132401876,0.6625,0.6577,0.6589,0.649,0.6516,0.6578,0.6968,0.7226,0.6941,0.682,0.6893,0.6929,0.7046,0.6941,0.696,0.7055,0.7132,0.708,0.7087,0.7195,0.684
VIRTUALUSDT,2026-02-25 17:00:00+09:00,0.6968,5.928853754940699,0.7226,0.6941,0.682,0.6893,0.6929,0.7046,0.6941,0.696,0.7055,0.7132,0.708,0.7087,0.7195,0.7012,0.6932,0.687,0.6841,0.6979,0.6974,0.6968,0.684
VIRTUALUSDT,2026-03-02 23:00:00+09:00,0.7248,5.119651921682379,0.7814,0.7776,0.7667,0.7828,0.7812,0.7679,0.773,0.7778,0.7644,0.7657,0.7651,0.7616,0.7703,0.7596,0.7469,0.7482,0.7546,0.7433,0.7383,0.7377,0.684
VVVUSDT,2025-12-19 09:00:00+09:00,1.203,5.249343832021002,1.193,1.202,1.281,1.29,1.305,1.337,1.336,1.33,1.374,1.411,1.414,1.37,1.409,1.457,1.47,1.433,1.435,1.435,1.452,1.444,19.486
VVVUSDT,2025-12-19 12:00:00+09:00,1.281,6.572379367720463,1.29,1.305,1.337,1.336,1.33,1.374,1.411,1.414,1.37,1.409,1.457,1.47,1.433,1.435,1.435,1.452,1.444,1.433,1.424,1.44,19.486
VVVUSDT,2026-01-03 01:00:00+09:00,1.825,6.476079346557759,1.834,1.851,1.872,1.846,1.848,1.85,1.861,1.85,1.829,1.854,1.831,1.833,1.821,1.827,1.807,1.815,1.823,1.817,1.811,1.811,19.486
VVVUSDT,2026-02-04 04:00:00+09:00,2.138,6.7932067932068,2.337,2.307,2.235,2.239,2.218,2.256,2.208,2.243,2.223,2.174,2.217,2.221,2.22,2.212,2.2,2.196,2.182,2.16,2.159,2.139,19.486
VVVUSDT,2026-02-13 18:00:00+09:00,2.27,5.876865671641786,2.301,2.348,2.307,2.346,2.402,2.411,2.436,2.4,2.361,2.326,2.416,2.711,2.696,2.921,2.884,2.999,3.024,2.826,2.737,2.679,19.486
VVVUSDT,2026-02-27 12:00:00+09:00,4.507,5.550351288056208,4.655,4.874,4.961,5.106,5.19,5.146,5.103,4.893,4.95,4.81,4.605,4.612,4.649,4.572,4.492,4.445,4.503,4.425,4.49,4.59,19.486
VVVUSDT,2026-03-01 05:00:00+09:00,5.629,5.609756097560966,5.563,5.527,5.408,5.357,5.475,5.582,5.649,5.57,5.664,5.452,5.669,5.664,5.598,5.556,5.523,5.64,5.734,5.845,5.872,5.815,19.486
VVVUSDT,2026-06-03 01:00:00+09:00,18.292,5.7769039495749865,18.632,18.314,18.801,18.932,19.346,18.471,18.502,18.835,19.532,19.53,18.788,19.227,19.312,19.552,19.386,19.268,19.4,19.528,21.207,20.809,19.486
WAXPUSDT,2026-03-20 19:00:00+09:00,0.007422,5.053078556263265,0.007999,0.007875,0.007924,0.007727,0.007897,0.007897,0.008097,0.008073,0.008148,0.00831,0.008134,0.008122,0.008013,0.007588,0.007625,0.007639,0.007622,0.007523,0.007494,0.007577,0.005339
WCTUSDT,2026-01-25 10:00:00+09:00,0.09943,10.013277273733129,0.10061,0.10172,0.09886,0.09985,0.10044,0.10333,0.09875,0.1008,0.09719,0.094,0.09259,0.09015,0.08845,0.08527,0.08188,0.08211,0.08016,0.07762,0.07755,0.07745,0.04931
WDCUSDT,2026-05-26 22:00:00+09:00,528.74,5.488498294196275,531.65,528.65,527.99,529.17,524.47,525.84,530.54,531.62,528.2,530.48,534.36,534.47,537.31,534.97,532.31,530.0,529.86,533.52,535.15,535.42,584.05
WETUSDT,2025-12-12 15:00:00+09:00,0.21906,9.83754512635379,0.20963,0.2263,0.21421,0.20888,0.21698,0.21792,0.21318,0.21498,0.20194,0.20362,0.20177,0.20289,0.20273,0.21159,0.21035,0.20538,0.20482,0.192,0.20489,0.2076,0.06253
WETUSDT,2026-02-26 14:00:00+09:00,0.0975,5.325699470670848,0.10257,0.11148,0.11714,0.11181,0.11468,0.11089,0.11081,0.10936,0.10874,0.10522,0.10245,0.1025,0.10411,0.10475,0.10436,0.10466,0.1033,0.10256,0.09847,0.10961,0.06253
WETUSDT,2026-02-27 10:00:00+09:00,0.10961,11.313090281303948,0.1206,0.1267,0.11998,0.11735,0.11606,0.11701,0.11699,0.11687,0.11473,0.10951,0.11261,0.11083,0.11043,0.11643,0.11621,0.11687,0.11778,0.12212,0.11589,0.11567,0.06253
WETUSDT,2026-04-14 01:00:00+09:00,0.15129,9.646325554428191,0.1473,0.14728,0.15068,0.15148,0.15553,0.1572,0.16895,0.15313,0.14559,0.15233,0.14766,0.14976,0.15061,0.1414,0.14282,0.15056,0.14803,0.14743,0.14971,0.1465,0.06253
WIFUSDT,2025-12-10 01:00:00+09:00,0.4459,9.665518937530743,0.4478,0.446,0.4435,0.4308,0.4289,0.433,0.4377,0.4384,0.4308,0.4282,0.4304,0.4283,0.4284,0.4268,0.4236,0.4218,0.4163,0.4072,0.4059,0.4063,0.1748
WIFUSDT,2026-04-08 07:00:00+09:00,0.2013,5.117493472584858,0.1992,0.1974,0.1964,0.197,0.1986,0.1982,0.2002,0.2006,0.2004,0.1994,0.1995,0.1993,0.1978,0.1967,0.1967,0.1924,0.1938,0.1954,0.1956,0.1928,0.1748
WLDUSDT,2026-05-26 15:00:00+09:00,0.3615,5.5166374781085725,0.3625,0.3693,0.3792,0.3944,0.398,0.3897,0.3966,0.3906,0.4046,0.3976,0.3992,0.3816,0.3808,0.3873,0.376,0.3828,0.3753,0.3726,0.364,0.3601,0.509
WLDUSDT,2026-05-30 22:00:00+09:00,0.3232,5.483028720626626,0.3304,0.3495,0.3397,0.342,0.3681,0.3598,0.3746,0.3662,0.3515,0.3441,0.3419,0.3401,0.3435,0.3482,0.3483,0.3435,0.3395,0.3398,0.338,0.3376,0.509
WLFIUSDT,2026-02-04 04:00:00+09:00,0.1386,9.478672985782,0.14,0.1376,0.1352,0.135,0.1353,0.1343,0.1349,0.1355,0.1348,0.1359,0.1363,0.1368,0.1361,0.1353,0.136,0.1354,0.1344,0.133,0.1307,0.1305,0.06061
XAIUSDT,2026-01-01 19:00:00+09:00,0.01721,6.234567901234571,0.01692,0.01705,0.01698,0.01725,0.01711,0.0171,0.01703,0.01706,0.01718,0.01708,0.01715,0.01725,0.0171,0.01701,0.01695,0.01695,0.01712,0.01711,0.01716,0.01707,0.00897
XAIUSDT,2026-01-16 12:00:00+09:00,0.01696,6.265664160401009,0.01719,0.01732,0.01835,0.01836,0.0183,0.0183,0.01804,0.01797,0.01811,0.01846,0.01921,0.01933,0.02018,0.0197,0.01977,0.02022,0.01997,0.0192,0.01977,0.02097,0.00897
XAIUSDT,2026-01-16 15:00:00+09:00,0.01835,5.946882217090089,0.01836,0.0183,0.0183,0.01804,0.01797,0.01811,0.01846,0.01921,0.01933,0.02018,0.0197,0.01977,0.02022,0.01997,0.0192,0.01977,0.02097,0.02241,0.02191,0.0205,0.00897
XANUSDT,2026-04-21 18:00:00+09:00,0.007969,5.605618870925002,0.00938,0.008784,0.008547,0.008684,0.008482,0.008592,0.008632,0.008633,0.008563,0.008465,0.008429,0.008268,0.008282,0.008282,0.008297,0.008278,0.008337,0.008277,0.008331,0.008422,0.009385
XANUSDT,2026-05-30 05:00:00+09:00,0.011064,9.198578760363194,0.010811,0.010975,0.01096,0.010899,0.010645,0.010826,0.011046,0.011123,0.010865,0.010971,0.010589,0.010498,0.010557,0.010517,0.010351,0.010372,0.010296,0.01027,0.010368,0.010634,0.009385
XANUSDT,2026-06-02 22:00:00+09:00,0.010359,5.060851926977682,0.010772,0.011034,0.010811,0.011142,0.010971,0.010923,0.011225,0.011641,0.011192,0.011419,0.011836,0.011712,0.011936,0.011298,0.011774,0.012056,0.010337,0.010447,0.010653,0.010314,0.009385
XMRUSDT,2026-01-19 09:00:00+09:00,610.11,6.539657039080788,619.29,613.81,610.32,610.43,623.68,623.4,639.73,640.84,648.44,637.14,639.83,629.16,626.87,630.13,615.21,618.32,621.67,609.44,612.17,613.84,359.73
XPINUSDT,2025-12-21 23:00:00+09:00,0.0026049,6.894004678074592,0.00258,0.0027223,0.0029665,0.0030814,0.0028618,0.0027525,0.0028638,0.0029939,0.0029489,0.0030845,0.0033092,0.0032984,0.0029108,0.0025555,0.0030445,0.0030142,0.0028323,0.0030919,0.003083,0.0031671,0.0012509
XPINUSDT,2025-12-22 01:00:00+09:00,0.0027223,5.5155038759689985,0.0029665,0.0030814,0.0028618,0.0027525,0.0028638,0.0029939,0.0029489,0.0030845,0.0033092,0.0032984,0.0029108,0.0025555,0.0030445,0.0030142,0.0028323,0.0030919,0.003083,0.0031671,0.003064,0.0030264,0.0012509
XPINUSDT,2025-12-25 22:00:00+09:00,0.0024924,8.938327724113828,0.002499,0.0025759,0.0025,0.002431,0.0025151,0.0025627,0.0025138,0.0024908,0.0024723,0.0023916,0.002391,0.0023536,0.0023514,0.0024772,0.0024523,0.0024559,0.0024716,0.002524,0.0025062,0.0026037,0.0012509
XPINUSDT,2025-12-30 22:00:00+09:00,0.0024764,5.535904538674624,0.0024476,0.0024543,0.0024421,0.0024357,0.0024187,0.0024867,0.0024665,0.0024766,0.0024983,0.0025025,0.0024746,0.0024558,0.0024759,0.002445,0.0024511,0.0024326,0.0024502,0.0024322,0.0023687,0.0023896,0.0012509
XPINUSDT,2026-01-10 18:00:00+09:00,0.00259,5.318802862719581,0.0025195,0.0025567,0.0025328,0.0025359,0.0025288,0.0025783,0.0025527,0.0025554,0.0025555,0.0025703,0.0025827,0.0026382,0.0025894,0.0026028,0.0025903,0.0025865,0.0025395,0.0025428,0.0025265,0.0024992,0.0012509
XPINUSDT,2026-04-16 01:00:00+09:00,0.0014651,5.198535219358083,0.0015493,0.0014745,0.0014995,0.0014995,0.0015128,0.001482,0.0014914,0.0014865,0.0014544,0.001477,0.0014416,0.00145,0.0014412,0.0014229,0.0014251,0.0014704,0.0014833,0.0014751,0.0014189,0.001455,0.0012509
XPINUSDT,2026-05-02 18:00:00+09:00,0.001355,5.308152638532687,0.0013457,0.0013312,0.0013015,0.0013135,0.0013324,0.0013508,0.0013842,0.0013893,0.0013803,0.00137,0.0013603,0.001367,0.0013762,0.0013817,0.00137,0.0013721,0.0013574,0.0013735,0.0013757,0.0013918,0.0012509
XPLUSDT,2026-01-14 07:00:00+09:00,0.1645,5.71979434447302,0.1617,0.1636,0.1633,0.1611,0.1657,0.1627,0.1621,0.163,0.1635,0.1624,0.1636,0.1611,0.1619,0.1641,0.1642,0.1678,0.1689,0.1669,0.1686,0.1671,0.0855
XPLUSDT,2026-03-04 01:00:00+09:00,0.1152,5.494505494505486,0.114,0.1127,0.1131,0.1116,0.1129,0.1162,0.1155,0.1147,0.117,0.1179,0.1148,0.1152,0.1138,0.1126,0.113,0.1171,0.119,0.1159,0.1128,0.112,0.0855
XPLUSDT,2026-04-01 23:00:00+09:00,0.1012,5.197505197505203,0.1017,0.1071,0.1058,0.1045,0.1067,0.1084,0.1086,0.1063,0.1061,0.1067,0.106,0.1068,0.1041,0.1091,0.1088,0.1106,0.1117,0.109,0.1083,0.1084,0.0855
XPLUSDT,2026-04-02 01:00:00+09:00,0.1071,5.309734513274338,0.1058,0.1045,0.1067,0.1084,0.1086,0.1063,0.1061,0.1067,0.106,0.1068,0.1041,0.1091,0.1088,0.1106,0.1117,0.109,0.1083,0.1084,0.1095,0.1084,0.0855
XPLUSDT,2026-05-29 02:00:00+09:00,0.09336,7.768671360960407,0.09464,0.09399,0.09452,0.09593,0.09439,0.09544,0.09594,0.09726,0.09558,0.09629,0.09803,0.09608,0.09749,0.09809,0.0996,0.09786,0.09371,0.09254,0.09179,0.0927,0.0855
XVGUSDT,2025-12-29 11:00:00+09:00,0.005456,5.962322781122547,0.005673,0.005535,0.005639,0.005714,0.005668,0.005618,0.005564,0.005563,0.00548,0.005532,0.005423,0.005416,0.005512,0.00546,0.005542,0.005646,0.00573,0.005661,0.005675,0.005713,0.002761
XVSUSDT,2025-12-16 20:00:00+09:00,4.556,8.038890206307812,4.595,4.443,4.597,4.604,4.581,4.573,4.604,4.586,4.591,4.556,4.594,4.589,4.471,4.499,4.48,4.485,4.458,4.441,4.469,4.476,2.405
XVSUSDT,2026-01-09 19:00:00+09:00,4.949,6.087888531618431,5.037,5.139,5.172,5.133,5.099,5.041,5.177,5.177,5.183,5.034,5.154,5.226,5.271,5.178,5.173,5.177,5.247,5.204,5.168,5.222,2.405
YGGUSDT,2025-12-22 07:00:00+09:00,0.0686,7.37204570355297,0.06788,0.06808,0.06994,0.07012,0.07289,0.06988,0.06905,0.06948,0.07062,0.06889,0.06761,0.06724,0.06729,0.06707,0.06524,0.06689,0.0657,0.0654,0.06581,0.06551,0.03015
YGGUSDT,2026-02-22 18:00:00+09:00,0.04565,5.184331797235028,0.04486,0.04635,0.04609,0.04485,0.04532,0.0463,0.04592,0.04631,0.04731,0.04783,0.04782,0.04669,0.04619,0.04587,0.04869,0.04675,0.048,0.04785,0.04782,0.04772,0.03015
ZAMAUSDT,2026-02-20 21:00:00+09:00,0.02166,6.02055800293685,0.02143,0.02173,0.02271,0.02376,0.02375,0.02315,0.02353,0.0241,0.02363,0.02343,0.02277,0.02221,0.0226,0.02307,0.02286,0.0239,0.02365,0.02463,0.02454,0.02479,0.03073
ZBTUSDT,2025-12-24 12:00:00+09:00,0.0913,21.57123834886818,0.0886,0.0882,0.0941,0.0911,0.0884,0.0854,0.0888,0.0916,0.0902,0.0991,0.0985,0.097,0.0979,0.1,0.0993,0.1006,0.0999,0.0999,0.1003,0.0989,0.1203
ZBTUSDT,2026-03-31 18:00:00+09:00,0.09456,9.76204294834591,0.09681,0.09501,0.09395,0.09624,0.09627,0.0972,0.09975,0.09869,0.09716,0.09715,0.09664,0.09548,0.09587,0.09592,0.09575,0.09975,0.09741,0.09719,0.09723,0.09475,0.1203
ZBTUSDT,2026-04-26 22:00:00+09:00,0.18798,11.309805779251542,0.19207,0.20326,0.25141,0.26456,0.25792,0.25284,0.24322,0.25997,0.2261,0.2182,0.22078,0.20313,0.20321,0.19984,0.19211,0.19176,0.18787,0.18182,0.17779,0.17383,0.1203
ZBTUSDT,2026-04-28 01:00:00+09:00,0.19271,13.292181069958842,0.19268,0.19208,0.19364,0.18865,0.19959,0.19587,0.19418,0.19158,0.19138,0.19511,0.2044,0.21157,0.22474,0.21804,0.21078,0.21097,0.21817,0.22509,0.22337,0.22598,0.1203
ZECUSDT,2026-02-14 01:00:00+09:00,257.3,5.364455364455374,254.56,269.11,279.51,274.43,273.79,271.23,266.94,276.08,276.61,277.92,279.66,277.64,281.46,282.49,286.57,286.92,280.61,282.8,280.71,284.28,600.46
ZECUSDT,2026-03-17 02:00:00+09:00,256.71,6.359794497845527,267.23,266.13,276.98,282.27,283.41,276.74,275.98,276.47,277.34,272.41,267.98,270.0,266.12,268.5,268.6,270.18,274.24,272.34,268.99,267.19,600.46
ZECUSDT,2026-05-02 01:00:00+09:00,377.91,5.0362711581756034,385.33,382.99,383.98,383.19,385.04,384.45,384.71,384.47,382.23,382.93,383.58,378.0,380.21,378.08,376.97,377.49,377.98,377.0,372.75,372.36,600.46
ZECUSDT,2026-05-06 05:00:00+09:00,488.07,8.80090951648499,515.56,507.11,516.6,516.71,517.38,526.76,522.88,527.37,543.32,548.13,593.62,588.89,566.53,580.0,578.07,574.33,564.17,573.52,584.32,570.66,600.46
ZECUSDT,2026-05-24 05:00:00+09:00,663.66,7.952567626917381,640.13,635.75,630.29,637.31,636.53,638.12,635.47,637.6,638.16,633.74,628.37,637.24,647.74,639.27,647.39,652.52,653.98,644.57,660.0,675.22,600.46
ZENUSDT,2026-04-10 03:00:00+09:00,5.804,5.393136008716191,5.921,5.98,5.914,5.878,5.834,5.903,5.92,6.067,5.939,5.978,6.027,6.0,6.048,6.104,6.259,6.017,6.044,6.191,6.243,6.24,5.19
ZILUSDT,2026-02-02 21:00:00+09:00,0.004632,11.132437619961614,0.004858,0.005118,0.005151,0.005118,0.005229,0.005379,0.005386,0.00552,0.005405,0.005268,0.005236,0.005025,0.005278,0.005962,0.006303,0.00633,0.006693,0.006882,0.006414,0.006398,0.00337
ZKPUSDT,2026-01-07 19:00:00+09:00,0.16217,40.3097421699256,0.16,0.15693,0.15984,0.18107,0.17872,0.17845,0.18762,0.18753,0.17974,0.18178,0.19026,0.18426,0.20518,0.19977,0.1841,0.17988,0.18024,0.18207,0.17773,0.17957,0.05904
ZKPUSDT,2026-02-01 09:00:00+09:00,0.10457,23.342769521113475,0.12099,0.13213,0.12087,0.11709,0.11426,0.1195,0.11807,0.11509,0.11474,0.10121,0.0967,0.09607,0.0962,0.09585,0.09437,0.09542,0.09354,0.09484,0.09381,0.09313,0.05904
ZKPUSDT,2026-02-10 01:00:00+09:00,0.0957,12.192262602579124,0.10476,0.10738,0.11655,0.11421,0.11523,0.11381,0.1153,0.11072,0.10842,0.10499,0.10559,0.10355,0.10708,0.10397,0.10049,0.10005,0.10146,0.1013,0.10255,0.10262,0.05904
ZKPUSDT,2026-04-24 14:00:00+09:00,0.07624,7.942800509698435,0.0752,0.07531,0.0778,0.07866,0.0784,0.08601,0.07961,0.07926,0.07879,0.07842,0.07813,0.078,0.07785,0.07826,0.07778,0.0778,0.07809,0.07891,0.07984,0.07949,0.05904
ZORAUSDT,2026-02-01 10:00:00+09:00,0.02681,11.38346489405899,0.02834,0.03913,0.03547,0.03638,0.03767,0.03736,0.03713,0.03682,0.03265,0.03015,0.02878,0.02935,0.02778,0.02718,0.02719,0.02712,0.02736,0.02724,0.0269,0.02648,0.01198
ZORAUSDT,2026-06-02 22:00:00+09:00,0.0124,8.013937282229955,0.01189,0.01166,0.01202,0.0122,0.01231,0.01197,0.01196,0.01206,0.01169,0.0119,0.01211,0.01187,0.01221,0.0122,0.0126,0.01277,0.01318,0.01242,0.01273,0.01352,0.01198
ZROUSDT,2026-01-21 03:00:00+09:00,1.8033,6.805259417199716,1.764,1.7486,1.7762,1.7859,1.8053,1.8524,1.8894,1.8754,1.9244,1.9182,1.9507,1.9246,1.9621,1.9362,1.8967,1.8992,1.8905,1.8764,1.8898,1.9265,1.2167
ZROUSDT,2026-02-01 06:00:00+09:00,1.7328,5.684313247133444,1.7176,1.7392,1.7661,1.7242,1.7225,1.7472,1.748,1.7421,1.7599,1.7723,1.8176,1.7956,1.7939,1.8414,1.8145,1.7834,1.7615,1.7339,1.7352,1.7247,1.2167
ZROUSDT,2026-02-20 02:00:00+09:00,1.4848,5.499502628961199,1.4407,1.4399,1.4664,1.4726,1.4689,1.5063,1.4976,1.5227,1.4889,1.4893,1.4639,1.4816,1.4809,1.5152,1.4975,1.4927,1.4775,1.4717,1.4957,1.4939,1.2167
ZROUSDT,2026-02-21 00:00:00+09:00,1.6428,8.107396683337718,1.6335,1.589,1.6111,1.6097,1.6165,1.6335,1.6505,1.6741,1.694,1.7353,1.7113,1.6585,1.6969,1.6776,1.6497,1.679,1.697,1.6732,1.6887,1.7133,1.2167
ZROUSDT,2026-04-08 05:00:00+09:00,2.0357,6.609059963341182,2.0011,2.0502,2.0808,2.0661,2.0666,2.0881,2.0731,2.0591,2.0569,2.0539,2.0566,2.0689,2.0415,2.0993,2.0912,2.0662,2.0375,2.0185,2.0228,2.0355,1.2167
ZRXUSDT,2025-12-30 15:00:00+09:00,0.1579,5.196535642904731,0.163,0.1629,0.1646,0.1728,0.1698,0.1664,0.1666,0.1645,0.161,0.1641,0.1649,0.1641,0.1664,0.1675,0.1661,0.1635,0.1637,0.1545,0.1536,0.1529,0.0926
龙虾USDT,2026-04-13 04:00:00+09:00,0.00787,6.610674613925774,0.00781,0.007876,0.007824,0.00786,0.008067,0.008261,0.008192,0.008118,0.008299,0.008411,0.008551,0.008409,0.008278,0.008146,0.008059,0.007767,0.008099,0.0081,0.008393,0.008155,0.00865
龙虾USDT,2026-04-14 16:00:00+09:00,0.008632,6.5153010858835225,0.009643,0.009564,0.009477,0.009374,0.009678,0.009809,0.009535,0.009337,0.009441,0.009584,0.009541,0.0094,0.009286,0.00961,0.009597,0.009826,0.011905,0.012801,0.013479,0.011918,0.00865
龙虾USDT,2026-04-19 20:00:00+09:00,0.008965,7.416726575605098,0.008999,0.009096,0.009019,0.009062,0.009098,0.009196,0.009075,0.009042,0.009044,0.008919,0.008947,0.00861,0.008782,0.008709,0.008531,0.008172,0.008346,0.00843,0.008762,0.00875,0.00865
龙虾USDT,2026-05-03 00:00:00+09:00,0.007636,5.048837529233734,0.00805,0.00814,0.00785,0.00818,0.00823,0.0084,0.00849,0.008118,0.008142,0.008005,0.00773,0.007604,0.00763,0.007667,0.007747,0.00768,0.007803,0.00782,0.00782,0.007681,0.00865
龙虾USDT,2026-06-03 08:00:00+09:00,0.007183,5.106818846941767,0.007575,0.007493,0.007437,0.007484,0.007589,0.007663,0.007637,0.007788,0.008012,0.00814,0.009163,0.009056,0.009218,0.009408,0.009252,0.009213,0.008,0.008366,0.00842,0.008239,0.00865
