symbol,timestamp,trigger_body_pct,entry_close,entry_close_to_ma10_pct,entry_close_to_weekly_ma20_pct,fwd10_close_mean_return_pct,fwd10_close_median_return_pct,fwd10_close_to_ma10_mean_pct,fwd10_close_to_ma10_median_pct,ret_t+1_pct,dist_ma10_t+1_pct,ret_t+2_pct,dist_ma10_t+2_pct,ret_t+3_pct,dist_ma10_t+3_pct,ret_t+4_pct,dist_ma10_t+4_pct,ret_t+5_pct,dist_ma10_t+5_pct,ret_t+6_pct,dist_ma10_t+6_pct,ret_t+7_pct,dist_ma10_t+7_pct,ret_t+8_pct,dist_ma10_t+8_pct,ret_t+9_pct,dist_ma10_t+9_pct,ret_t+10_pct,dist_ma10_t+10_pct
1000BONKUSDT,1727672400000,5.695425887530147,0.024979,6.496640403833702,8.790237231443294,-4.300812682653435,-5.010208575203174,0.42124665279914997,-0.5303355439854657,-2.7463068977941574,3.04822179991854,-2.2058529164498295,3.054336820789736,-5.788862644621493,-0.9437139056791237,-7.005884943352422,-2.35197679551044,-6.653589014772409,-1.7698033879454507,-5.504623884062617,-0.8360290719657094,-5.868929901116946,-1.4439903594257615,-2.029704952159816,2.3928770172509743,-0.6885784058609312,3.287186426563957,-4.515793266343731,-0.22464201600522188
1000BONKUSDT,1734699600000,5.379627535248427,0.027953,1.3744832088199062,6.196539390128765,8.677422816871184,3.9512753550602846,7.8293557880970015,5.945082367615997,-1.0231459950631347,1.1505430987521985,0.515150431080749,3.165044978887467,1.9031946481594146,4.684238379443144,1.6849712016599387,4.690135761272328,2.0140950881837405,4.436997564504022,5.888455621936829,7.200028973959668,12.188316102028407,11.392512973888842,23.4393446141738,18.520121456933634,20.241119021214192,12.706519078389233,19.922727435337904,10.34741561493948
1000BONKUSDT,1756490400000,5.611780184191896,0.020871,2.3981709530865216,0.9433665684043474,5.039528532413394,4.791337262229892,3.589401892645813,3.4186624092752287,7.843419098270325,9.377885334966143,2.170475779790132,3.2454233381912134,5.074026160701456,5.436747567214129,5.251305639403956,5.026367752453906,4.508648363758329,3.591901480359244,3.9145225432418105,2.31346944937162,1.5092712376024113,-0.5828194948897776,3.9288965550284978,1.0109947424547838,9.678501269704379,5.0682064369251085,6.516218676632649,1.4058423194117609
1000CATUSDT,1755871200000,7.002216716651456,0.008206,5.008573695390657,6.780135199318141,4.235924932975875,4.1067511576895015,4.581628133024056,4.774792728377987,0.30465513039240455,4.82813077089622,2.2788203753351164,6.088759116706481,3.594930538630272,6.617001530087535,3.6680477699244567,5.800562147103479,4.045820131611025,5.278733399918627,4.167682183767978,4.3801057477440075,5.764075067024122,4.721454685859755,5.82500609310262,3.4351326885511595,6.629295637338546,2.896386278913901,6.080916402632214,1.7700149644594025
1000CATUSDT,1758340800000,5.331695331695336,0.008574,5.397730764975593,5.530050340320254,-1.5127128528108267,-1.597853977140191,1.0428463748647245,0.1313329897127319,1.4928854676930212,6.017226885637362,-0.20993701889433933,3.555953620101166,-1.038021926755313,2.1562985347764814,-1.1546536039188258,1.5882529217860437,-3.044086773967819,-0.4884004884004951,-2.974107767669699,-0.6603537012048702,-1.9944016794961428,-0.05352363960750556,-2.390949381852115,-0.7659836843103743,-2.6125495684627973,-1.2371963191635302,-1.2013062747842391,0.3161896190329694
1000CATUSDT,1759827600000,6.712649341051859,0.008664,6.437346437346439,9.173387096774187,-0.13388734995382764,-2.1352723915050813,1.6260363301933913,-1.7269359847533337,1.442751615881811,7.08498324703016,10.064635272391499,14.154376556215286,4.674515235457074,7.283546070765266,0.6117266851338985,2.325417600863957,-3.958910433979681,-2.543861703871999,-3.6934441366574227,-2.460693202408096,-2.0083102493074856,-1.322671377763322,-2.57386888273314,-2.4049023008440265,-3.635734072022153,-3.724630996309967,-2.2622345337026775,-2.131200591743345
1000RATSUSDT,1730952000000,6.9825884042362185,0.1192,8.049311094996373,6.873719555111251,-1.9404362416107381,-2.1266778523489958,1.6919680059685795,1.6177488655220356,-0.3942953020134213,6.208068700241513,-2.835570469798653,2.6063537624692272,-2.508389261744972,2.1572488484123773,-2.105704697986576,2.0499186679026926,-3.129194630872481,0.5293308491929545,-1.9798657718120813,1.1855790631413783,-2.147651006711415,0.5560584507952987,0.11744966442953124,2.318323673651358,-3.0285234899328874,-1.2498611739981085,-1.392617449664425,0.5586592178771076
1000RATSUSDT,1733234400000,10.133178922987836,0.11412,6.540694960509362,2.254857598552021,9.687171398527864,10.287416754293726,7.3532913422699036,7.682729564253915,4.933403434980719,10.286330020906052,5.827199439186824,9.67823962656545,10.252365930599359,12.329256316400325,10.015772870662456,10.322223491472112,8.824044865054324,7.524740473943502,11.084822993340339,7.840718654564327,11.409043112513148,6.315903902598112,11.505432877672629,4.734234308383683,10.322467577988094,1.7571084493154303,12.697160883280759,2.7441581785500473
1000RATSUSDT,1747036800000,5.016521477921292,0.03496,5.206139030996074,9.01493654307898,-5.44336384439359,-5.749427917620132,-2.174561965896173,-3.431186474294465,-0.22883295194507078,3.837337382036872,0.20022883295194688,3.452349310416102,0.40045766590389376,2.673609079740239,-5.9210526315789345,-3.796653796653778,-5.577803203661329,-3.0657191519351517,-7.00800915331808,-4.122920844638443,-8.352402745995422,-5.173434355392446,-5.520594965675061,-1.9124547128348248,-8.237986270022885,-4.390069442374757,-14.187643020594965,-9.247663127325541
1000RATSUSDT,1758596400000,8.04315841098579,0.02203,6.291614397375275,5.1526216558077405,6.255106672719014,5.17476168860644,5.662402265916566,5.8174377360758385,4.0399455288243225,9.283364325561442,4.630049931911031,8.705904546312018,7.126645483431678,9.987416693852836,4.630049931911031,6.328997139957569,10.894235133908303,10.808726810903977,6.21879255560599,4.834012813046011,5.310939627780288,2.6003891738899623,5.038583749432591,0.9554556956502789,2.7689514298683586,-2.1861228722025383,11.892873354516556,5.305878332194107
1000RATSUSDT,1760263200000,7.456588355464758,0.02104,9.344143020476048,0.8604779367704471,29.719581749049432,32.77091254752852,16.012251755174344,16.36728054062521,7.414448669201517,14.592840482709658,21.245247148288982,24.66402775741582,39.923954372623584,36.76484251602714,40.01901140684411,30.706774923466014,31.701520912547526,18.713049438779887,36.216730038022824,18.141720598540758,33.84030418250951,12.075141287908947,40.63688212927758,13.046800382043955,24.619771863117872,-2.3063452438615504,21.577946768060833,-6.276334591287153
1000RATSUSDT,1774821600000,9.400921658986174,0.04748,4.800794614280992,5.856910351592991,-3.87952822240944,-4.612468407750641,1.4499428549060673,1.0035201297532608,-3.5172704296546016,1.90190190190189,-5.7076663858466805,-0.07142538279540492,-5.9604043807919105,-0.22123399405572178,-7.603201347935977,-1.6720459028151415,-6.0025273799494485,0.024653174656545557,-5.749789385004219,0.10513835760463154,-2.8854254422914978,2.7795733678086574,-1.0320134793597395,3.8544843743093216,-1.0530749789385012,3.0172791860363173,0.7160909856781803,4.781103466409578
1000RATSUSDT,1776384000000,5.527865881286825,0.04658,2.3578790076252103,5.383423264442725,-11.474881923572354,-10.004293688278231,-4.942869976966857,-4.624095448712409,-7.492486045513096,-4.439811940033702,-8.930871618720488,-4.941176470588247,-8.522971232288539,-3.9428300908496445,-9.510519536281672,-4.23936750272628,-10.176041219407473,-4.267246310490788,-9.832546157148991,-3.1186565787045555,-13.9330184628596,-6.54358113621,-15.56462000858739,-7.29522687094875,-14.147702876771156,-4.808378957391116,-16.638042078145126,-5.832423911725485
1000SATSUSDT,1723989600000,7.535211267605625,0.0003054,7.161654794905085,6.850465327828703,-1.4440078585461702,-0.9332023575638467,1.778395733353498,2.811570801954743,-1.11329404060248,5.241148592138284,-0.2619515389652978,5.32503457814661,-1.538965291421089,3.3368844290181845,-0.7531106745252134,3.422390555157475,-0.29469548133596,3.010825439783491,0.06548788474132446,2.612316164125995,-0.09823182711198666,1.7169528254709083,-1.571709233791751,-0.3183446080381983,-3.8965291421087156,-2.978413936729381,-4.977079240340534,-3.584836705538389
1000SATSUSDT,1732982400000,10.802919708029203,0.0003036,10.989252028953715,9.484313018391651,-2.2299077733860364,-2.6021080368906464,3.50704025998768,4.044635358233875,-3.293807641633737,6.569872958257696,-4.611330698287225,4.465767260659399,-3.985507246376819,4.412923561859718,-1.9433465085638935,5.369341308887553,-1.2516469038208116,4.872844299856577,-2.140974967061922,2.9595231494316687,-3.0632411067193708,1.1374961338877698,-0.36231884057971897,2.761830349560084,1.7127799736495448,3.676347154608032,-3.3596837944664135,-1.155543577131696
1000XECUSDT,1727395200000,8.462819089900101,0.03909,7.9714948624461375,8.940415807368604,0.06651317472499436,0.0511639805576853,2.797582365341587,2.1653394965920105,1.1511895625479636,7.985580074284475,1.5349194167306301,7.299270072992703,1.1767715528268152,5.825060872822621,0.23023791250959275,3.969854580193178,0.5116398055768707,3.3050245839139727,-0.9721156305960562,1.0256544092700486,-0.5116398055768707,0.7252007252007316,-0.9721156305960562,-0.409066351076692,-0.12790995139422215,-0.3293420817483142,-1.3558454847787227,-1.421413232436857
1MBABYDOGEUSDT,1746856800000,14.194939955695466,0.0019589,15.701747132411125,8.597611174094911,-7.984072693858797,-8.640053091020466,0.37529870879313704,-1.4982164144594898,-1.2098626780335893,11.957697670247775,-4.4004288120884185,6.574169976894799,-3.042523865434679,6.510767160161524,-8.397570064832301,-0.2883990242221702,-9.347082546327023,-2.0594107459986586,-8.882536117208632,-1.585201113776082,-8.239317984583181,-1.4112317151428977,-10.750931645311146,-4.3725112676672495,-14.206952881719332,-7.900217014840305,-11.363520343049665,-3.6726768377253687
4USDT,1775563200000,5.2964881980426055,0.01829,6.827872203726416,2.6893492785357376,-7.938764352104981,-7.791142700929474,-1.853542508754553,-1.1813085659402458,-6.779661016949161,-0.923935150212115,-9.185347184253695,-3.704562583338168,-10.442864953526527,-5.16991836970996,-7.709130672498642,-2.7089337175792405,-7.873154729360307,-2.5729979762937125,-7.107709130672493,-1.4386819816683767,-6.889010388190271,-0.40353237031405126,-7.326407873154735,-0.5281690140845059,-7.982504100601419,-0.9184033910279046,-8.09185347184255,-0.16629053331749763
4USDT,1775620800000,5.623608017817375,0.01897,10.271464279486121,6.5072146426365745,-13.379019504480762,-13.6004217185029,-3.5024080353633003,-4.889403115700454,-5.060622034791772,4.098029015663842,-11.017395888244605,-2.393893836012477,-13.231418028466008,-4.618415715361877,-13.969425408539795,-5.1603905160390315,-14.496573537163956,-5.373082083892432,-16.97416974169742,-7.516147974163221,-19.60991038481814,-9.554593440483965,-10.648392198207702,0.4325413284351493,-7.221929362150763,4.506858262573477,-21.560358460727464,-9.44498539435247
4USDT,1775772000000,6.951871657753996,0.018,5.571847507331375,1.061141990904487,-4.188888888888881,-4.5833333333333295,0.04515589022391966,-0.7613629249750199,1.6111111111111225,7.078039927404729,1.500000000000016,7.199436718887534,-3.2222222222222068,1.7226277372262782,-6.166666666666666,-1.6135609017300805,-5.333333333333328,-1.1486251305255846,-3.7777777777777786,0.034654037195307796,-3.8333333333333317,-0.3741007194244552,-6.944444444444432,-3.801975648977713,-6.05555555555554,-2.927669345579774,-9.666666666666659,-5.717267772237045
AAVEUSDT,1649293200000,5.656196447339119,204.076,3.786174320250304,8.853479640511908,-1.2233187635978715,-1.3752229561535898,1.2149962548326756,1.446770726429786,-1.428389423548086,2.0252282445570495,-2.247202022775821,1.0314332394377719,-1.6067543464199596,1.5910776606584718,-1.1667222015327625,1.8515526055858742,-0.830572923812694,1.9919527648259974,-0.2097257884317594,2.2861801048035604,-1.3220564887590935,0.7438046297185753,-1.7395480115251098,-0.15152096073151491,-1.7454281738175894,-0.522209532730131,0.06321174464416154,1.3024637922011002
AAVEUSDT,1688292000000,6.2708822714075225,72.837,6.242980293770171,2.5014248622633195,-3.652951110012772,-3.788596455098374,0.40559289651238195,-0.08728150409893418,-1.1312931614426707,4.538018113748779,-2.377912324779987,2.7935916822556925,-2.9133544764336805,1.7708985457188389,-2.618174828727153,1.6245893395189865,-3.6300232024932453,0.22746192190331482,-3.9471697077035026,-0.4020249301011832,-5.767673023326067,-2.3560257838363188,-4.908219723492184,-1.6433018267745205,-4.4112195724700465,-1.2813405229434884,-4.824471079259181,-1.215937574366281
AAVEUSDT,1708696800000,7.762784720375793,97.271,6.513495549299357,6.437911947524576,-1.6851888024179877,-1.757975141614665,1.8030463992605665,1.8937891298185563,0.3413144719392148,6.133016683901866,-2.440604085493102,2.8495314725180525,-2.114710448129455,2.7200631764961116,-1.6191876304345618,2.63175110813678,-1.3560053870115476,2.292607261077908,-1.5811495718148234,1.4949709985592043,-1.896762652794768,0.6695762163827219,-3.195196924057534,-1.112034101398937,-2.6287382673150295,-0.9960602883546971,-0.3608475290682723,1.3470414652866551
ACHUSDT,1698858000000,11.861432471077604,0.017211,10.448699848550952,4.234863052068993,8.86235547033873,8.898378943698795,8.440330867397943,10.093127364647911,4.340247516123396,13.400564540064023,5.450002905118807,12.723207353808903,9.493928301667538,14.546736527310092,8.575910754749858,11.359410755148744,8.808320260298645,9.549855216590144,12.393236883388527,10.636399512705678,11.969089535762008,7.7308378195560135,9.813491371797104,3.574129484102185,8.79088954738249,0.766349507039245,8.988437627098946,0.11581795765439012
ACHUSDT,1713132000000,7.328037202092605,0.027696,8.26108370533096,9.464947384022533,1.5244078567302188,-1.8414211438474808,4.811423096951389,3.7142189818846623,-0.9748700173310204,6.0466626969089905,-3.3759387637203866,2.681277866028192,-2.7079722703639413,2.500703727090826,-4.589110340843436,-0.09036292624647442,-4.0475158867706424,-0.2271404704248017,-3.5528596187175,0.3309056900003406,1.3792605430387075,4.747160097741133,13.32683419988446,14.63016460259084,10.459994222992492,9.810157251102837,9.326256499133457,7.6847024347219985
ACHUSDT,1713157200000,5.113806528900866,0.028078,4.747160097741133,9.465673556191906,5.605812379799135,6.164969014887101,3.2994817875386127,3.3900139741174495,11.785027423605667,14.63016460259084,8.957190683097087,9.810157251102837,7.838877412921154,7.6847024347219985,7.350950922430373,6.171934990736105,7.543272312842802,5.090609153838929,4.978987107343827,1.6894187943959704,3.6647909395256146,-0.5041959356680112,3.094949782748065,-1.8469603312118281,-0.11752973858536332,-5.333333333333316,0.961606952062123,-4.3976797517874
ACHUSDT,1713283200000,5.582628357568903,0.027083,1.6148518343426195,5.586538817663133,4.25912934313038,4.493593767307909,3.204076441720931,3.422550985961447,1.2849388915555924,2.953374292995461,2.8283425026769535,4.119698958017863,2.3187977698187057,3.267472106490986,3.2972713510320184,3.6862431156278097,6.908392718679619,6.516668751333571,6.638850939703877,5.3128646441073375,5.723147361813681,3.5776298654319083,4.604364361407531,1.7238841073037987,4.500978473581219,0.6651253779121702,4.4862090610346,0.21780319798840359
ACHUSDT,1753765200000,6.832464233186269,0.02397,6.581176439201604,4.794673265335577,-1.080934501460164,-0.2816020025031355,1.6146699103789839,2.2049694391280483,-0.5882352941176563,5.269435682667574,1.672924488944508,6.710160474637123,0.2252816020024968,4.424478725207672,0.8886107634543091,4.324305669395947,-2.5365039632874464,0.34533709023435377,1.0638297872340352,3.151386635668027,0.025031289111385323,1.2585522425880697,-1.0596579057154807,-0.39186368351861484,-5.156445556946186,-4.635261546205804,-5.3441802252816055,-4.30983218688451
ACXUSDT,1773237600000,61.13839930655879,0.05577,52.76522310789713,9.349725008088,8.156715079792004,8.068854222700377,21.502609284263336,14.055438692677438,5.468890084274695,50.58498246332659,8.373677604446836,44.846262611738204,15.259099874484496,43.52058587121548,7.297830374753447,26.351351351351347,3.2813340505648165,16.03311778570132,4.410973641742867,12.077759599653554,7.925407925407926,10.489022688890515,12.300519992827693,9.414580458063284,8.21230051999283,0.8944244754660097,9.037116729424428,0.814005537227085
ADAUSDT,1624280400000,5.011466715002879,1.33248,0.8600291571230063,1.5605498604998187,-6.20782300672431,-4.984314961575416,-2.9207649713486283,-2.1071563308149033,-1.5287283861671468,-0.22713153478411485,-2.776026657060524,-0.8942157118497206,-5.241354466858798,-2.9931645614355853,-5.9663184438040435,-3.1974702692513066,-3.5948006724303596,-0.463596120452845,-4.727275456292034,-1.2211481001942208,-4.364042987512018,-0.8318164945421002,-9.811029058597502,-5.780125663086813,-12.155529538904911,-7.516063070266651,-11.91312439961576,-6.0829181876229255
ADAUSDT,1635408000000,5.837866798549296,2.05444,5.666285375708763,6.156837162437117,-1.9945581277623117,-2.0049259165514717,1.0723300895386705,1.4245195724840214,-0.9749615466988675,3.9753085410205733,-2.087186775958424,2.283162603767395,-2.7180156149607733,1.3174923996672452,-1.7625240941570488,1.9043026687503084,-1.436887911060932,1.7696557637322787,-1.0844804423589811,1.5315467453007976,-1.9226650571445194,0.3633610523772904,-2.1407293471700273,-0.1799329124306558,-2.1207725706275133,-0.5041416405953514,-3.6973579174860314,-1.7374543262031736
AEROUSDT,1761854400000,5.7091788455472745,1.0054,1.2660777776658725,0.1534078457155477,5.299383330017896,6.788342948080357,4.146227930539139,3.4130769883139793,0.09946290033816291,1.6668350338418094,0.6962403023672066,2.4001942002892576,0.9349512631788195,2.539230248466648,6.25621643127113,7.124592629731769,7.867515416749547,7.684364170745979,8.862144420131287,7.581312600135635,6.7236920628605406,4.531992829865182,7.817783966580465,4.286923728161311,6.852993833300175,2.143074465657565,6.882832703401623,1.5037593984962343
AEROUSDT,1779138000000,5.073566717402338,0.4142,3.99196585488326,5.034931341845341,0.9608884596813108,0.8691453404152565,2.32338456396586,2.747964346060921,0.4828585224529217,4.321235211550024,0.4104297440849781,4.003600990272317,2.197006277160791,5.301126893703837,1.2071463061323042,3.6828176399297607,1.1830033800096476,2.9274522324279157,1.6175760502172825,2.5684764596939256,0.9898599710284869,1.1070289084404983,0.16900048285851724,-0.17323516673884762,0.748430709802026,-0.1507429473835245,0.6035731530661521,-0.35391458223730965
AEVOUSDT,1758373200000,5.869324473975639,0.10516,6.673699800164333,3.9315293233974513,4.385697984024342,3.955876759224037,4.447160020303342,4.047242045446616,6.608976797261314,11.987933152863377,2.0825408900722686,6.2261275703061525,2.5675161658425196,5.693287604115625,6.989349562571315,8.76416225203974,3.7466717383035366,4.304097592688189,4.165081780144537,3.517359995463899,5.848231266641311,3.7903864982050437,5.372765310003805,2.121502562023075,3.6896158235070318,-0.40099014422856893,2.7862305058957797,-1.5322668804431028
AEVOUSDT,1778853600000,7.5190701053396385,0.0296,3.8013746668537145,2.130596049340119,2.8175675675675635,3.0236486486486425,2.524146430859845,3.421311876055063,2.2635135135135034,5.374921673745027,2.804054054054045,5.188565107677401,3.24324324324324,4.86942795374215,4.898648648648648,5.479498590209599,4.1216216216216175,3.757069754915171,4.290540540540541,3.085553997194955,3.716216216216217,1.9256308100929753,0.7432432432432363,-1.1437095972153322,0.5405405405405419,-2.0666052389101077,1.5540540540540493,-1.2288887428533855
AGLDUSDT,1771750800000,31.27009646302251,0.3266,28.72457827526404,1.966906025601008,11.096142069810167,10.946111451316597,16.360341375343694,13.535608917843133,9.736680955296997,35.45485468082694,7.991426821800371,28.128746321793148,7.042253521126766,22.216395735011357,0.8266993263931355,11.729379432022526,7.960808328230258,15.34183840366374,17.728107777097367,20.193810565801808,12.155541947336195,10.417797069994567,14.206981016533984,8.373525480853045,14.972443355786893,5.226285554154407,18.340477648499697,6.520780509315404
AINUSDT,1773669600000,6.419795812424291,0.0615,7.519362226612353,1.5052485640720754,1.728455284552848,1.9674796747967522,2.491253607373102,1.7993965144470763,2.585365853658527,7.39637415950294,1.7886178861788677,3.8573206138531977,0.7154471544715494,1.8951108771468173,0.5365853658536649,2.075182011787432,0.5691056910569156,1.6651051169518667,2.146341463414637,2.779732007002502,1.3333333333333355,1.433942609742997,2.3089430894309015,1.7036821517473353,2.3414634146341413,0.896106186178479,2.9593495934959386,1.209980339817454
AINUSDT,1774944000000,6.047871368536453,0.05804,1.4827248566233067,5.99461261014473,-2.108890420399728,-1.757408683666443,-0.05627505890648212,0.42964749371796496,-0.8442453480358448,0.8976471825800318,-1.2232942798070336,0.7079241836035758,-1.4989662301860833,0.640777382670838,-1.4817367332873874,0.8750264624938313,-1.2922122674017928,1.0940532909828877,-2.015851137146803,0.21851760476509202,-2.7050310130944206,-0.6054845636638806,-2.3432115782219163,-0.44088457957877836,-3.6009648518263293,-1.9332900986801742,-4.0833907649896695,-2.017037454238245
AINUSDT,1775491200000,5.561993047508692,0.05466,2.5958668843966484,2.0109177436663126,-0.13721185510427988,-0.4024881083058872,1.41963939311415,1.8353364114675021,1.0245151847786278,3.832123650859296,-0.5305525064032173,1.9998499174546085,0.1463593121112271,2.4441366919938514,-0.4024881083058872,1.6828853732792897,-0.5305525064032173,1.3344764602825536,0.5305525064032173,1.9877874496557146,-0.4024881083058872,0.7010599138010717,-2.4332235638492463,-1.6595980084823863,-2.5612879619465763,-2.055978520725295,3.78704720087816,3.9296510030227974
AINUSDT,1775527200000,6.515208411565905,0.05673,3.9296510030227974,5.874119348667951,-1.5988013396791885,-1.3925612550678759,1.032224776611544,0.9858485654122742,-1.3925612550678759,2.347366302577894,-1.9742640578177384,1.513298406381768,-1.3925612550678759,1.8924974044188598,-1.3749338974087835,1.6311850613964907,-2.3620659263176464,0.42789280922507905,-1.2867971091133463,1.3409580339854117,-1.8684999118632213,0.520024556715172,-1.2867971091133463,0.6307390968391365,-1.7451084082496116,-0.2808737499329077,-1.3044244667724387,0.2991598445085368
AIOUSDT,1767448800000,9.474047845237072,0.12676,14.188939635525061,7.817536935756891,-1.7560744714421037,-1.1596718207636525,3.6815489451456798,4.7547435638276845,1.2937835279267709,13.555964341304652,-0.3313348059324737,10.029262175155031,-1.7040075733669997,7.0529508295314995,0.2524455664247294,7.436339657096465,-0.6153360681603052,4.850522671283041,0.9072262543388958,4.6589644563723285,-2.106342694856426,0.1776055542100685,-4.267907857368264,-2.787791396298986,-5.3723572104764985,-4.228478354598169,-5.616913852950469,-3.929850482599137
AIOUSDT,1777464000000,6.315190593589986,0.11212,5.435395899943584,9.29579661545662,-0.6457367106671394,-0.12486621476988433,1.1113737385172606,1.5220253126291485,0.03567606136282409,4.506955638586332,-1.311095255083838,2.233145159055004,-0.2408134141990657,2.6589446825695453,0.8116303960042883,2.7984684365137924,1.0970388869068934,2.3716628734511067,0.12486621476989052,0.8109054662032931,-2.9700321084552264,-2.153187508994094,-0.8740635033892212,0.053114394000764856,-0.008919015340702928,0.3257387289030384,-3.1216553692472377,-2.4920104851161753
AIOUSDT,1777543200000,5.359648302310354,0.11264,0.6073597713469221,9.802698276534377,-1.487038352272731,-1.5980113636363664,-0.386309567028598,-0.23557744552458149,-2.246093750000004,-1.6479835648251402,-0.4083806818181836,0.3372002540182181,-0.14204545454546108,0.47611816305931,-0.9588068181818161,-0.1307002309634283,-0.14204545454546108,1.1892981161949565,-1.464843749999999,0.03785557197966648,-1.766690340909096,-0.34045466008573466,-1.7311789772727337,-0.3412293259145255,-2.40589488636364,-1.2938736295804096,-3.604403409090916,-2.149326364168893
AIOUSDT,1778479200000,5.562026790914384,0.10875,5.294242946495988,5.493929855024666,1.2671264367816106,1.0988505747126451,2.7124856914165276,2.493161473936297,1.6827586206896537,6.30341366813108,0.48735632183908295,4.439241171692083,0.7816091954023021,4.075663767235162,1.9586206896551785,4.430379746835443,0.36781609195402076,2.1410791488087293,0.818390804597703,1.9072759043759644,2.639080459770113,2.8452437990638644,1.3793103448275874,0.8903977964255988,1.8482758620689637,0.644246758321156,0.7080459770115005,-0.5520848467238099
AIOUSDT,1778734800000,7.3446893787575185,0.10713,10.353423500448093,3.9224340723567153,5.339307383552692,3.7664519742369054,7.278711518633474,7.276820650087091,-0.8774386259684461,8.103430723811472,0.5880705684682085,8.290624057883624,4.4805376645197414,10.644313081987306,3.043031830486324,7.604129097661545,3.0523662839540697,6.123233682591561,2.8003360403248414,4.427229023051182,6.608793055166623,6.429969247973179,9.847848408475688,7.409503294938026,11.546718939606079,7.1441380052361545,12.30280967049379,6.610544971200703
AIOUSDT,1780452000000,8.760037543018031,0.10429,5.807276342755101,4.363054137896531,-3.0424777063956197,-3.322466200019167,0.771147225426883,0.5613248515390685,-0.3451912935084852,4.889741131351857,-3.4231469939591426,1.3075839871253365,-2.5505801131460313,2.11915073200631,-0.8533895867293011,3.2337935923163905,-1.6588359382491087,2.0700636942675286,-4.113529580976113,-0.5766553986876091,-5.101160226292063,-1.7238297618811207,-5.043628344040644,-1.9912511628827612,-4.113529580976113,-1.432190275299902,-3.221785406079191,-0.18493428404719936
AIXBTUSDT,1753365600000,7.035495025051166,0.15168,5.659851624812784,7.494419049643904,-1.0251845991561257,-0.4087552742616095,1.352678201087079,1.7641494756211842,1.0152953586497795,5.9231811520061886,-2.623945147679332,1.5469233413544188,0.5537974683544169,4.1362264614712405,-0.309862869198311,2.748615499609296,-0.5076476793249081,1.9813756098879496,0.7911392405063151,2.605404099383882,-0.29667721518987733,1.0328425215788057,-1.2130801687763768,-0.29942111916959097,-2.801951476793251,-2.2749267542522245,-4.858913502109714,-3.8734388009991765
AKTUSDT,1736946000000,6.122448979591838,3.068,3.652150410486836,1.9828144996426607,3.4093872229465445,3.911342894393745,3.5187005873679147,3.638128119268408,2.2490221642764,5.502118786574283,2.3468057366362474,5.058886509635982,1.9230769230769138,4.073753577847296,1.3363754889178594,3.018655356373636,4.041720990873537,5.010362864756401,5.443285528031285,5.312845888404186,4.30247718383312,3.20250266068952,3.7809647979139536,1.7805197711217051,4.204693611473273,1.2061160530564445,4.465449804432856,1.0212444052196932
AKTUSDT,1746752400000,8.202914193200211,2.005,14.082503556187742,5.177569112941301,-8.72319201995012,-9.152119700748125,0.3490193748928454,-0.006027869011760334,-5.635910224438902,6.453609407528275,-9.127182044887773,1.8673823101867437,-8.678304239401493,1.637524285317783,-6.832917705735651,2.6317235316740866,-7.680798004987527,1.0316030784345909,-9.22693266832917,-1.2318879904487947,-10.423940149625928,-2.8769197490806673,-10.773067331670822,-3.4382252928158956,-9.177057356608477,-1.5409570154095567,-9.675810473815458,-1.0436588164581115
ALCHUSDT,1759568400000,13.768714981170207,0.12386,43.502641579386406,1.7639857698027295,-36.684159534958816,-37.183109962861295,-9.233849448862095,-11.262612545300156,-27.797513321492005,1.5142571739919948,-36.27482641692233,-10.807512373720241,-37.71193282738576,-12.976289845917838,-36.65428709833683,-11.71771271688007,-39.18940739544647,-15.055824968986128,-38.87453576618763,-14.188239561137056,-40.64266106894881,-15.884856528305347,-37.849184563216525,-10.303764725073687,-36.42015178427256,-4.903937882648435,-35.4270951073793,1.9853869400558548
ALICEUSDT,1760713200000,11.974904528096017,0.4105,12.210589618128637,6.140917905623771,-6.492082825822162,-6.55298416565164,0.9000305385853364,0.786371182818019,-4.847746650426303,5.696116898931136,-5.602923264311807,3.7900093745815058,-7.673568818514001,0.7764305466922022,-3.629719853836777,4.272648198423786,-6.260657734470159,0.7963118189438357,-5.749086479902547,0.7972071696540243,-7.161997563946403,-1.0515383616772682,-8.160779537149812,-2.3214840916157033,-8.989037758830692,-3.377644442145558,-6.845310596833121,-0.3777517259345972
ALICEUSDT,1776582000000,7.677035076108536,0.1627,4.088030196404585,9.636118598382753,-2.741241548862941,-2.151198524892442,0.707883904644498,1.9735249124645815,0.49170251997541187,4.895104895104894,-3.2575291948371228,1.4044581883777962,-2.3355869698832192,2.542591636551367,0.18438844499077733,4.789456766313071,-0.7375537799631263,3.175110202517091,0.061462814996920086,3.188185333079786,-1.9668100799016646,0.573806671290746,-5.10141364474493,-3.1853523952846756,-6.82237246465888,-4.970851877389828,-7.928703134603578,-5.33367037411527
ALLOUSDT,1779976800000,5.289421157684631,0.1055,9.701570136217105,4.641936123784967,36.739336492891006,38.815165876777264,21.70707658119104,21.872766293203753,3.033175355450245,10.997651383641394,13.270142180094785,18.716471289489366,20.09478672985783,21.826923076923073,38.483412322274894,33.38811284579569,39.146919431279635,27.930283224400892,38.29383886255925,21.918609509484433,46.72985781990521,23.59281437125748,52.417061611374415,22.28136882129277,53.36492890995261,17.535958157780033,62.55924170616115,18.88257313184529
ALTUSDT,1735290000000,5.206604350484837,0.12043,5.670012635125645,5.208442534158026,-2.652163082288464,-2.657145229593951,0.6316885811075903,-0.07263879321401615,-1.3368761936394589,3.644388618481884,-0.35705389022668754,4.059174984174338,-0.8801793573029906,2.9380060881488124,-1.9762517645104984,1.3931356718315169,-3.4210744831022164,-0.4212256639441041,-4.824379307481521,-1.9587717047301345,-5.139915303495808,-2.2520364159080097,-2.3250020758947083,0.2010324207370054,-3.2716100639375565,-0.9405081805503671,-2.989288383293193,-0.3463100071650377
ANKRUSDT,1734696000000,6.298955613577027,0.03257,-3.287109896962309,7.249287913462958,7.780165796745467,8.735032238256053,4.239701901548362,4.747510415653219,1.9649984648449543,-0.5480190459077914,2.5176542830825954,0.7300591287559012,5.495855081363217,3.9102428402939564,6.294135707706467,4.725028737370685,8.596868283696644,6.935542387229403,8.873196192815463,6.352348389418758,10.868897758673631,7.0496857583303845,9.855695425237942,4.769992093935752,10.224132637396375,3.5268333477521177,13.110224132637383,4.945305378304451
ANKRUSDT,1737352800000,5.529225908372833,0.0334,5.639371224341335,1.132441107006599,-1.149700598802392,-1.33233532934132,1.4875857673871937,0.9089407432723882,0.35928143712575467,5.6313616739671755,0.9880239520958201,5.703541209652154,-0.29940119760477824,3.7641779882837088,-1.1676646706586868,2.033877349159223,-0.08982035928144386,2.2647175998283737,-3.023952095808374,-1.0962166783718532,-1.7964071856287318,-0.21599586261444645,-1.4970059880239535,-0.324173660132687,-3.1137724550898183,-2.170627002841778,-1.856287425149708,-0.7148049430579326
ANKRUSDT,1778025600000,8.079790449324992,0.005364,7.994926412853089,0.9114767051386847,-3.873974645786723,-5.434377330350479,0.5548237343497208,-1.5687332519891557,-0.540641312453384,6.521044644996402,3.5980611483967277,9.534228214377213,-1.7151379567486962,3.186408831128149,-4.362416107382548,-0.009745638826617926,-5.760626398210296,-1.775998756412269,-6.823266219239374,-3.002309468822167,-6.506338553318409,-2.8251433886219144,-5.760626398210296,-2.30751391465678,-5.686055182699473,-2.4112654320987676,-5.182699478001484,-1.3614677475660426
APEUSDT,1734696000000,7.160641370381443,1.076,-3.0857636949903586,8.967542660387881,7.236059479553897,7.876394052044598,4.369758609200663,5.105754209721156,1.1338289962825268,-1.0088329740104816,0.6691449814126276,-0.547210694480167,4.451672862453516,3.578570967771657,5.817843866171002,5.051437006965916,7.806691449814113,7.057488025250783,7.946096654275084,6.310923985172311,10.855018587360595,7.85395229397618,9.9814126394052,5.550451760214776,10.92936802973977,4.69073430866926,12.76951672862453,5.1600714124763964
API3USDT,1716818400000,5.428473881870954,3.088,7.524635258887859,2.236421725239609,0.11010362694300309,-0.48575129533679157,2.318863653987321,1.095074553118326,1.9753886010362673,8.324733402132782,3.303108808290151,8.21629689938259,-0.1295336787564768,3.7196475415349366,-0.03238341968911561,2.9686457638425603,-0.7124352331606296,1.4157184440328037,-0.5505181347150228,0.774430662203848,-0.48575129533679157,0.14338786417258553,-0.48575129533679157,-0.2596559558585021,-0.6152849740932683,-0.8400646203554056,-1.1658031088082912,-1.2745034612149868
API3USDT,1716998400000,7.043650793650796,3.237,4.947477629360656,7.16946150408051,-3.74420759962929,-3.892493049119558,-0.0743913431313469,-0.280451229310623,-2.6567809700339913,1.717347795209486,-3.4908866234167433,0.6313619378946032,-4.077849860982394,-0.20890245862124215,-3.985171455050973,-0.45161910252714527,-4.4794562866852035,-1.3621718186748182,-4.2940994748223735,-1.1045138223839681,-4.232313870868088,-0.7110370892319448,-3.5835650293481653,0.16046213093709544,-3.7998146431881437,-0.35200000000000387,-2.8421377818968203,0.9371589960844692
API3USDT,1729400400000,17.837165941578615,1.896,24.884731919378204,1.3686911890504863,3.048523206751061,3.5864978902953677,10.991046753300555,12.742277120672538,-7.014767932489452,13.50028970578768,-4.957805907172989,13.276338948956504,5.0105485232067615,21.217656012176562,3.2172995780590803,15.661938534278953,3.0063291139240595,12.299465240641725,2.3206751054852344,8.665210328796285,10.337552742616044,13.185089000703352,9.335443037974686,8.67058083455651,5.274261603375533,2.5535631711452424,3.9556962025316547,0.8803357559627446
API3USDT,1776510000000,16.582438408085913,0.3691,15.930648910107415,0.9849521203830194,8.27418043890545,8.412354375507999,9.43658508191682,7.610021886880241,6.39393118396099,20.257234726688097,9.130316987266326,19.88808857670099,9.590896775941491,17.059759803212287,14.034137090219456,18.087703055298384,12.056353291790854,12.83590233256037,3.5491736656732593,2.3841414412001125,3.7930100243836398,0.723018272643611,6.556488756434571,1.397339383314422,9.94310484963425,2.2681451612903247,7.694391763749671,-0.535481933740374
APPUSDT,1778162400000,6.88602150537634,497.02,4.397543290679792,0.9781483547014311,-0.19878475715262733,-0.32292463079956335,1.4627333261425814,1.4494387662143882,2.0240634179711083,5.636164783084216,1.5613053800651868,4.472113450282704,0.4104462597078629,2.794479014115538,0.08852762464287106,2.197368745429002,0.35008651563317555,2.1743494774104417,-0.8711923061446188,0.7245280550183346,-1.8409721942778918,-0.5949591474969075,-1.4526578407307493,-0.8405675045348624,-1.52307754215122,-1.3994846866520263,-0.7343768862419978,-0.5366589252306259
ARBUSDT,1731506400000,5.3759894459102835,0.639,7.902735562310041,6.346683531242464,-3.1267605633802846,-4.4287949921752805,0.841820055835781,-1.4117270104419393,-0.6416275430359926,6.241633199464525,-0.9389671361502356,4.919445733607379,-0.45383411580594896,4.568394404168924,-0.07824726134586164,4.0071672910897655,-4.679186228482009,-1.229162612700271,-4.866979655712052,-1.73924287977241,-5.712050078247258,-2.7661222645407078,-4.710485133020346,-2.047841963869186,-4.178403755868553,-1.5942914081836073,-5.007824726134589,-1.941778940906599
ARBUSDT,1736946000000,5.027700831024931,0.7583,3.1700680272108825,9.090647523413557,2.9763945667941476,3.0924436238955595,3.017387575581826,3.0379419191155894,2.4001054991428186,5.112828773706222,2.2418567849136246,4.427353420524487,2.1099828563892937,3.7782632587688205,0.9363048925227477,2.2551167637471283,2.8748516418304155,3.626461211477151,3.9562178557299257,3.8507647516039336,3.310035605960703,2.449422626754028,3.3891599630753078,1.7177850433338562,4.101279177106688,1.5305466237942005,4.444151391269954,1.4253332821084284
ARBUSDT,1737352800000,5.046781967677908,0.741,5.695579614018575,5.014774345783465,-1.331983805668015,-1.241565452091766,1.545991575134709,1.1489958720066433,-0.013495276653169904,5.397177648799359,0.6882591093117401,5.676893005863858,-0.49932523616734636,3.865550953709169,-1.4574898785425145,1.987513443300692,-0.5398110661268561,2.0422291450328736,-3.6437246963562786,-1.5036556766450575,-2.618083670715246,-0.7878129597294231,-1.8353576248313015,-0.3684477256228643,-2.3751686909581577,-1.1600103840741092,-1.0256410256410176,0.31047830071259475
ARBUSDT,1751230800000,6.3487503590922,0.3702,11.731506353182615,1.435773783428312,-1.6288492706644988,-2.2420313344138236,2.45785414123691,1.2924455416670937,2.620205294435452,12.310057352332528,-0.9454349000540107,6.552375417695775,-1.215559157212304,4.464821321450005,-1.9448946515397043,2.2679250598675873,-3.727714748784435,-0.29095792300805323,-2.5391680172879427,0.3169660234666002,-2.8633171258779035,-0.6025761512521617,-2.5931928687196106,-0.688515560451682,-3.7547271745002617,-2.0938667839085556,0.6753106428957327,2.342312656177055
ARKMUSDT,1713042000000,5.15340364333653,1.3161,-12.274036154215336,2.6326871188608334,9.142162449661878,7.495631031076667,1.5447132617796644,0.4434666677533249,5.934199528911181,-5.540725484085147,8.137679507636197,-2.177499175189702,4.080237064052873,-4.145440295583061,5.858217460679276,-0.9174311926605443,4.574120507560218,-0.851511396709214,6.853582554517137,1.7384447322158638,11.480890509839679,6.586078137940067,13.129701390471837,7.216925425584006,15.682698883063589,7.538653877395339,15.690297089886778,5.999637988889038
ARKMUSDT,1718193600000,8.374909178977976,2.2374,7.748615458704541,9.621122668456609,0.6266201841423084,0.505050505050509,3.1255383324276154,3.3417374809762395,-1.3274336283185866,5.532610566167622,0.8938946992044345,6.827313038005239,2.3375346384195845,7.09842184532774,2.2168588540269893,5.826226580105419,3.6336819522660297,6.013707210687811,-0.3396799856976871,1.1508643957848568,-2.0380799141861026,-1.1594085257788997,0.11620631089658343,0.3404407812220255,-0.26369893626530866,-0.7825352363167417,1.036917851077148,0.40774266907108353
ARKMUSDT,1727614800000,6.625424067052478,1.6029,5.095102905211806,1.5705446054311667,2.660802295838793,3.116226838854579,3.2752335416359744,3.107220277882354,-2.102439328716705,2.5983026689158337,3.630918959386115,7.674157813198851,3.4188034188034164,6.439537437155277,4.716451431779906,6.4923199908639315,2.913469336826999,3.616137886848874,4.0551500405514975,3.8200344842611047,3.150539646890011,2.1342310899712666,3.081914030819147,1.3936020716867574,2.495476948031695,-0.03954853822517219,1.2477384740158475,-1.3764394883169797
ARKUSDT,1744858800000,7.199485751017777,0.5003,13.174682169841187,4.04492045336384,2.006795922446538,1.4691185288826751,4.923261789925325,0.5267161041128459,6.995802518488913,18.49474266740454,5.856486108334998,14.89814071550995,4.4973016190285975,11.271922356546936,6.036378173096144,10.304819728032614,-3.8376973815710453,-1.296623035575067,-1.7789326404157435,-0.9034443817052481,0.5596642014791176,0.08753431743128696,2.3785728562862327,0.9658978907944048,-0.3397961223265999,-2.3291347528844857,-0.29982010793522806,-2.26123760630168
ARKUSDT,1755871200000,5.180979418026963,0.4446,3.275261324041799,6.381451439236242,3.933873144399461,4.284750337381919,3.5565800974821897,3.757014764634483,0.4273504273504303,3.4163288940359102,3.396311291048134,5.78272775387164,3.7786774628879853,5.494203992043336,4.273504273504277,5.287063953488377,4.228520017993699,4.531817464077044,4.678362573099412,4.097700635233056,4.813315339631136,3.2549688684053044,4.295996401259561,1.7555409260478525,5.083220872694559,1.532109094860384,4.363472784525422,0.4133393927589913
ARPAUSDT,1713506400000,5.137696180041458,0.07101,3.3038013354864186,4.6426808331921325,0.8308688917053899,0.8871989860582996,2.225603439545598,2.1471751189473007,-0.9576116039994368,2.3249723563987903,0.69004365582311,3.8761041376104197,0.6759611322348885,3.683828861493837,0.8590339388818468,3.541997976001168,1.2533445993522065,3.1697062748418054,0.9153640332347526,1.969377881495811,1.2392620757639654,1.6414766220362162,0.802703844528941,0.7431177166019263,1.366004788058018,0.6769609488642893,1.464582453175608,0.6284916201117207
ARPAUSDT,1738483200000,10.69357955765514,0.05155,6.9590837413893185,2.984657183953962,-7.282250242483025,-7.7109602327837035,-1.4493596371912723,-1.8073932513946607,-0.8729388942773987,5.6221579164944195,0.09699321047526951,6.238418777022865,-5.62560620756547,0.2865329512893988,-7.080504364694471,-1.1188637958796104,-8.380213385063042,-2.495922706909711,-8.341416100872936,-2.6956897794435726,-6.382153249272554,-1.0842607964910158,-8.399612027158101,-3.1046723985800324,-10.048496605237627,-4.809804364338057,-17.788554801163915,-11.331492175077408
ARUSDT,1755871200000,7.304400977995121,7.022,5.20480628052618,6.150276259797591,5.377385360296209,5.966960979777835,5.056846371399074,5.943284500032075,1.0680717744232437,5.726544111074699,3.3751068071774437,7.197708074901072,4.884648248362289,7.732139722661049,5.667900882939328,7.393041162507956,6.308743947593272,6.874928415989004,6.906864141270284,6.160024888989451,7.262888066078037,5.054675295692927,6.266021076616342,2.6791242965062567,6.465394474508683,1.5691868758915828,5.568214183993164,0.18109086977675476
ARUSDT,1779894000000,5.766651765757711,2.366,6.046344852315002,8.514688008805942,-3.343195266272196,-2.937447168216404,0.4036341321545473,0.49480862045635154,-1.6060862214708476,3.7294479347680745,-3.2121724429416765,1.5160918521145594,-2.6204564666103245,1.5246320613377873,-3.5502958579881687,0.28124450694323183,-2.662721893491131,0.7877461706783279,-5.283178360101437,-2.032786885245901,-4.818258664412524,-1.4959321144256945,-2.662721893491131,0.5413428795948645,-2.4513947590870786,0.44827436131783854,-4.564666103127645,-1.2637194455376146
ARUSDT,1780012800000,5.543037404236153,2.342,5.324698686814167,7.413947302038677,0.260461144321089,0.25619128949614783,1.6412449029276366,1.8631312294852576,0.8966695132365459,4.887034488881002,0.34158838599487645,3.3057851239669493,0.25619128949614783,2.5954732150659847,1.5798462852262989,3.214890016920456,-0.4696840307429599,0.7694968009683475,0.25619128949614783,1.19817257133006,-1.9214346712211756,-1.119242359018502,-0.5550811272416695,-0.06865184930918321,2.860802732707076,2.528089887640455,-0.6404782237403981,-0.8985988671692057
ASTRUSDT,1731834000000,5.7819467937874816,0.06879,7.258127387541914,8.643808139994007,-3.869748509957848,-4.004942578863208,0.29245730151593125,-0.4869330630555194,-1.2937927024276812,5.256630857709762,-2.80564035470272,2.918539498799349,-1.0175897659543627,3.8527240558843276,-3.7360081407181314,0.4566210045662247,-4.550079953481622,-0.7617435463394058,-3.576101177496734,-0.2121225797716331,-4.273877017008283,-1.1380014412683084,-4.564616950138107,-1.482637534139684,-6.7160924552987336,-3.5791561485755428,-6.1636865823520965,-2.386281151705777
ASTRUSDT,1759716000000,9.500805152979055,0.0272,9.201862855307526,9.184328837508037,4.558823529411773,3.8602941176470678,5.41135953137217,4.864054774068261,-1.1764705882352846,7.245451643791885,9.411764705882366,16.504854368932044,9.117647058823541,13.847334100498665,7.3897058823529465,10.043701024713677,7.426470588235298,8.070123529846882,3.198529411764716,2.4826579043446384,4.522058823529419,2.3951017468035256,2.573529411764716,-0.7788328176677584,2.7573529411764732,-1.6883573689764377,0.36764705882353993,-4.008438818565408
ATAUSDT,1737352800000,6.588447653429603,0.1181,6.96494882709901,8.303911229309008,-2.7773073666384405,-2.6672311600338636,1.2700609184842635,0.8715865805391533,-0.9314140558848348,5.719707237733805,-0.423370025402202,5.774419859687003,-1.2701100762066058,4.2560801144492,-2.2015241320914405,2.3845403776261076,-1.608806096528365,2.108963093145882,-4.995766299745981,-1.7857142857142978,-4.572396274343778,-1.7094017094017242,-3.6409822184589316,-1.0864841373316079,-4.995766299745981,-2.5957114332841567,-3.132938187976287,-0.3657899320675752
ATHUSDT,1732752000000,5.979685452162518,0.06469,5.816730460954619,7.316749475360608,0.09584170660071252,0.4251043437934727,2.4886195584349373,2.6905347549203835,0.34008347503477815,5.5275564948788825,-1.9632091513371364,2.6828360021372224,-1.1748338228474213,3.041439001982507,0.5410418921007931,4.110641567422218,-0.15458339774308683,2.698233507703544,2.426959344566397,4.399067246486423,0.5101252125521673,1.6461613019213006,0.6492502705209519,1.100914582071709,-1.0975421239758885,-1.1051858721694217,0.8811253671355714,0.7845317519149902
ATOMUSDT,1642924800000,5.042642270119414,33.871,9.530877611670007,2.079503330219116,-2.8540639485105337,-2.6556641374627357,1.6656406478623613,1.9826695699127779,-1.1809512562369155,6.780536981266893,-0.7912373416787242,6.263281724347307,-2.837235393109166,3.406020235027952,-2.4740928818163055,2.6966697341259094,-1.9544743290720645,2.2180224326221194,-5.385137728440274,-1.9141538423868436,-4.0713294558767235,-0.9625759727869683,-4.655900327713989,-1.8941292625503363,-0.699713619320368,1.7473167072034363,-4.49056715184081,-1.684582258245855
ATOMUSDT,1642978800000,6.581296558517533,34.624,6.028081027698263,4.348874355806049,-5.46557301293901,-4.964764325323478,-0.9954325488512961,-0.8230622026176804,-1.7386783733826356,3.5582747389888416,-3.139440850277274,1.7583251156792934,-3.858595194085044,0.6990976165339093,-2.691774491682076,1.903353325650984,-5.195817929759702,-0.8613659838962108,-4.733710720887254,-0.7847584213391499,-5.5337338262477,-1.75742120739732,-8.179297597042517,-4.229136730740824,-8.811806839186696,-4.62654736803948,-10.772874306839197,-5.614146573953005
AVAUSDT,1755871200000,5.949781659388658,0.5823,4.442810252363114,1.6753826140857895,3.815902455778801,4.035720419027986,4.049167289138966,4.427709094636746,0.41215868109221326,4.401392732791706,2.8164176541301678,6.139308951016706,3.6922548514511355,6.300945405890738,3.4690022325261882,5.2990317732182195,3.709428129829976,4.734651404786678,4.430705821741359,4.454025456481785,4.550918770393262,3.4617541593732475,4.362012708225996,2.1327372649199137,4.602438605529784,1.3544994675186244,6.113687102867931,2.213326275392038
AVAXUSDT,1646092800000,5.68249012512121,89.363,8.573046212463616,2.691245394074189,-2.824547072054428,-2.916195740966621,1.5029361864857593,0.8874444990967036,-1.877734632901757,5.785795978245658,-1.6539283596119139,4.960749444950694,-3.0415272540089338,2.7242160972741183,-1.8710204447030618,3.0405365708068177,-2.7908642279243083,1.2832231917582533,-3.0460033794747203,0.4916658064351541,-3.3033805937580407,-0.3217214462123122,-2.364513277307162,0.17244586095490244,-4.492910936293545,-2.1000518474675,-3.8035876145608367,-1.0074977918881938
AVAXUSDT,1648652400000,5.443130098521627,97.072,4.097654821562061,8.90648674149462,0.25888000659304206,-0.2250906543596493,1.8979899444375856,1.0232077205845485,0.3234712378440672,3.94581232415262,2.8154359650568694,5.856722997016434,0.13186088676446361,2.6522728184807827,-1.2856436459535239,0.8708723566186972,-0.5820421954837622,1.1755430845503998,-1.0229520356024489,0.4078851525833211,-1.3701170265370015,-0.20773118563120765,-1.6008735783748167,-0.8320234552956113,0.5974946431514735,0.798422766661332,4.5821658150651,4.312122585239087
AVAXUSDT,1698861600000,5.042765502494645,11.79,5.625285564544293,4.377387555276181,3.4919423240033987,3.3757421543681136,3.946097957230667,4.198518589413978,1.6030534351145043,6.535872146281157,2.6887192536047513,6.6414163657183085,3.5029686174724364,6.407282747074519,2.934690415606447,4.9500155660866865,3.740458015267182,4.718362314745845,3.842239185750646,3.6786748640821108,3.2485156912637905,2.112203469449394,4.936386768447844,2.7079978083647416,5.182357930449539,1.9525629958482404,3.24003392705684,-0.24340870534433776
AXSUSDT,1698580800000,6.148712107587485,5.312,5.710601308646311,2.4392971954542646,6.90248493975903,6.726280120481926,5.302807202741539,4.955965372525613,6.362951807228917,10.931787749203838,8.004518072289143,11.033912836481793,5.711596385542166,7.336803292319526,6.750753012048192,6.993865956720192,6.681099397590357,5.579982859485042,6.70180722891566,4.331947885566184,7.633659638554216,3.8735241057429772,7.731551204819265,2.622452236723651,6.41942771084336,0.20686611136025768,7.027484939759026,0.11692899381192005
AXSUSDT,1737352800000,5.670721260921714,6.168,5.699694965212329,3.4300614577132404,-0.723086900129704,-0.36478599221789826,1.876910260218639,1.6250668003648268,0.16212710765239602,5.545494926025904,0.8916990920881926,5.757792053295265,-0.16212710765239602,4.0255418348902925,-0.7133592736705655,2.557232093513965,-0.08106355382619801,2.3414148123546994,-2.772373540856035,-0.8153746919603673,-1.686121919584956,-0.14326411645561532,-0.08106355382619801,0.9087187883749542,-2.22114137483788,-1.5652287453687888,-0.5674448767834005,0.15677564751608306
B2USDT,1764756000000,10.467367256637184,0.7989,18.183969939939054,3.6327904578444614,-7.446488922268124,-7.479033671298037,2.0272298997038645,0.8793894550837416,0.07510326699210589,14.928484151512974,-11.603454750281637,0.5596138237430192,-8.824633871573413,2.671083233490735,-8.21129052447116,2.0257673150235003,-11.102766303667542,-1.885749810043509,-7.147327575416202,1.199165086424464,-7.535361121542124,-0.24712030572697907,-5.307297534109414,1.7252275875051966,-7.385154587557897,-0.7298682480478708,-7.422706221053951,0.025696163157114926
B2USDT,1766296800000,7.167701863354034,0.8627,4.856941439579925,8.164020135784906,0.4404775704184488,0.8925466558479112,2.297470265765612,1.9911985293854881,1.6923611916077368,5.793116754696955,-1.7850933116958352,1.5119566780083475,-2.156021792048228,0.8735764050717536,-0.7186739306827383,2.0833829944459072,-0.30137939028631583,2.055103348442061,1.4721224063985086,3.222611341044943,0.31297090529731364,1.5262966482478637,1.5648545264866067,2.240373395565927,1.9473745218499972,1.7409913818034468,2.376260577257443,1.9272937103289152
B2USDT,1766779200000,5.448241703813774,0.8516,9.818688262450673,3.283082483354158,-5.076326914044153,-4.503287928604978,0.8133522806486934,0.9015782756544948,-1.9257867543447593,6.504801132378647,-4.6383278534523225,2.8091807927485464,-3.9455143259746444,2.6748170555674027,-7.386096759041812,-1.4925373134328241,-8.219821512447165,-2.747362134182758,-7.609206200093937,-2.5272547076313283,-6.2822921559417555,-1.3814748912613641,-4.368248003757634,0.6164984371332267,-3.6754344762799427,1.1866581141757628,-2.7125410991075634,2.4901963209916227
B2USDT,1766898000000,7.505462022876237,0.8365,7.35369609856263,1.4517361405891887,-3.5612671846981505,-3.7597130902570273,1.1586024447897707,0.9120090326394388,-2.4267782426778224,4.17623934242099,-4.052600119545731,1.97443651055828,-3.2755528989838587,2.3115247464657034,-4.303646144650332,0.821179374795317,-4.459055588762702,0.25465082730157634,-4.650328750747166,-0.15397518871350155,-3.4668260609683235,0.6769982669841842,-2.2115959354453163,1.4221417678201795,-4.1721458457860185,-0.9000098902185817,-2.594142259414232,1.0028386904835604
BABYUSDT,1758675600000,7.438894792773637,0.06066,9.2146483742033,1.7768158252378392,-3.1454005934718094,-3.503132212331023,1.5228589699574393,1.3357516307083377,1.0550609957138175,9.195197548897346,-2.3244312561820006,4.693077004629464,-4.632377184305968,1.5321972023799055,-3.5938015166501835,1.8141300184546718,-3.4124629080118623,1.1393060590367698,-1.2034289482360725,2.5443594613555005,-3.2146389713155297,-0.02724517249600198,-4.286185295087369,-1.4746559418961713,-4.681833168480045,-2.107847286887321,-5.159907682162877,-2.079929193899772
BANANAS31USDT,1767592800000,6.241363426992158,0.004613,6.474321984997103,6.216900759843412,-5.876869716019944,-5.885540862779104,-0.2801312166160378,-0.385801345044733,-4.4006069802731425,1.5918357944205093,-5.289399523086934,0.41600588384012643,-7.0886624756124,-1.588905216752372,-7.066984608714501,-1.597576091447468,-6.416648601777592,-0.8816641410662641,-6.546715803164973,-1.0489590745288884,-6.546715803164973,-1.035329767452542,-5.354433123780616,0.11006145097679806,-4.747452850639488,0.6320996702088681,-5.311077389984816,0.6011193256408544
BANANAUSDT,1749556800000,5.1374126208943816,21.959,6.6333220026222675,3.534770124426535,-3.0397559087390107,-3.253791156245727,0.9870613298089609,0.842754176185518,-0.8971264629536827,5.025409373235458,-3.192312946855506,2.244197119963043,-2.8371055148230844,2.145261132042954,-3.6067216175599897,0.9447324370854157,-3.388132428616967,0.7407759152856204,-1.9536408761783257,1.5839164303610063,-4.285258891570649,-1.0903683346117663,-3.092126235256608,-0.286302018171508,-3.8298647479393466,-1.1528578048426652,-3.3152693656359484,-0.28415095225794845
BANDUSDT,1682503200000,5.510821769173651,1.8476,7.460464250609242,1.7922173800459458,-0.4443602511366051,-0.6765533665295494,1.2450724624758085,-0.4197633158061572,3.220394024680673,9.543639966684843,3.583026629140509,8.5314399782234,6.218878545139641,9.559139604861342,4.097207187702971,5.95468292924787,0.7252652089196838,1.5680003492935073,-2.6520891967958398,-2.4075269809058217,-2.0783719419787827,-2.486350137172363,-2.8956484087464753,-3.378338350845255,-8.156527386880269,-8.345531243754756,-6.505737172548163,-6.088431490874682
BANDUSDT,1755698400000,5.359603196472864,0.7647,1.2874513232138682,9.02713916037556,6.548973453641945,6.1135085654504975,4.151502072854596,2.8849430673254504,0.9023146331894738,1.5303235654038867,-0.24846344971884565,-0.1283091989839836,1.1246240355694965,0.5081948036756351,2.2492480711390077,1.5428170696865164,5.165424349418069,4.216883083223183,14.672420557081203,12.487973831056385,13.613181639858762,10.12383861686081,9.703151562704319,5.271743904428465,7.061592781482926,1.5530030514277178,11.24624035569504,4.408552001767342
BANKUSDT,1775494800000,26.443858106127234,0.04313,41.25700062227755,2.9134553437209187,-6.4688152098307485,-6.457222351031771,9.78203142891947,4.722691625843126,-2.318571759795968,31.84165232358005,-1.2520287502898186,27.522606144080473,-7.604915372130779,15.293368823052885,-6.005100857871556,13.186475695898588,-6.909343844191985,8.52817948371401,-11.871087410155342,0.39089324388569624,-9.853929979132863,0.015434480629724398,-8.09181544168792,-0.6590983134100176,-5.17041502434501,0.7835986397910548,-5.610943658706233,0.9172037679722417
BANUSDT,1747659600000,5.714285714285724,0.06364,6.680077110049456,8.376900938335519,2.6398491514770575,2.828409805153985,3.596704896812864,3.290633432114638,-1.5870521684475125,4.2148526548746315,0.42426147077308685,5.3681537903518235,6.1125078566939095,9.448946515397097,4.79258328095537,6.657923776928366,2.67127592708987,3.5843941723870056,2.9855436832181,2.99687269184227,2.3570081709616617,1.6192942497893936,3.33123821495914,1.735821034066645,2.1213073538654994,-0.19503355498564445,3.189817724701452,0.5358236374770408
BANUSDT,1759377600000,6.2279339076401605,0.07522,6.983359408334494,8.727703737966525,-5.748471151289545,-5.736506248338198,-0.2938071962420373,-0.15836875472095133,-5.982451475671351,0.33767486734201935,-5.41079500132942,0.6080316742081643,-6.19516086147301,-0.48656653268459477,-5.490561021005045,-0.05342481160723818,-4.639723477798449,0.6171973628840088,-5.331028981653815,-0.2633126978346645,-6.30151555437383,-1.1805613976052207,-4.719489497474074,0.2882570245158372,-6.062217495346975,-1.104284174726045,-7.3517681467694675,-1.7010832769126398
BANUSDT,1760140800000,7.61235543844241,0.07351,4.6167420943272655,5.708184439283605,-12.919330703305679,-13.297510542783302,-5.257272544785436,-6.82429933334729,-14.895932526186915,-10.160120628994038,-16.650795810093875,-10.904622722447613,-3.006393687933619,3.2929143668419565,-15.208815127193581,-8.891584932688229,-11.699088559379689,-4.757013734006351,-9.617739083117952,-2.5735024561917923,-9.835396544687796,-0.9149076122705071,-4.774860563188681,4.961688983521024,-20.582233709699366,-11.138847453499352,-22.922051421575297,-11.486729258119462
BANUSDT,1760151600000,16.370164844132535,0.0713,3.2929143668419565,2.530180254671754,-14.329593267882188,-15.350631136044882,-6.857917839436267,-8.590153417836344,-12.580645161290322,-8.891584932688229,-8.962131837307162,-4.757013734006351,-6.816269284712487,-2.5735024561917923,-7.0406732117812005,-0.9149076122705071,-1.8232819074333737,4.961688983521024,-18.12061711079944,-11.138847453499352,-20.53295932678822,-11.486729258119462,-23.071528751753153,-13.26966256601624,-22.91725105189341,-12.219897462107294,-21.430575035063114,-8.288721902984461
BANUSDT,1760169600000,5.612552806276405,0.07,4.961688983521024,0.6607660284294986,-22.118571428571435,-22.428571428571434,-9.62517998462691,-10.763992801832956,-16.600000000000005,-11.138847453499352,-19.05714285714286,-11.486729258119462,-21.642857142857146,-13.26966256601624,-21.48571428571429,-12.219897462107294,-19.97142857142858,-8.288721902984461,-23.214285714285722,-10.751349107513503,-24.800000000000008,-10.776636496152406,-25.728571428571435,-9.665873195141877,-24.35714285714287,-5.816435432230539,-24.32857142857143,-2.8376469725039764
BANUSDT,1770555600000,6.086341118188249,0.07495,5.957362587649867,9.080059961287143,1.8478985990660384,1.4809873248832552,2.961971479808189,3.16415651198748,4.58972648432288,9.512300750199088,0.6671114076050706,4.59990018299784,1.8945963975983866,4.945651427079456,1.3208805870580265,3.4900993472246746,1.9479653102068082,3.3447394403343425,2.4683122081387463,2.983573583640618,1.4276184122748519,1.115973450738892,1.267511674449623,0.2800972413064025,1.5343562374916586,-0.17446512665118025,1.3609072715143338,-0.4781554987882416
BANUSDT,1776056400000,5.416666666666665,0.08855,10.994121259980698,7.309920259822111,-4.499153020892155,-5.093167701863354,0.9095168196339575,-0.1389796651071099,5.364201016374919,14.806748126545816,3.760587238848108,11.353500096955596,-15.403726708074533,-9.019141080450822,-6.0643704121964985,-0.1955773130316841,-2.123094297007348,2.637281953507091,-4.121964991530209,-0.08238201718253574,-7.171089779785442,-3.3952684835877758,-7.893845285149643,-4.176702108911492,-7.543760587238854,-3.57117617959529,-3.794466403162057,0.7378852020906742
BANUSDT,1777089600000,5.589596098536954,0.08444,6.993069018385488,1.8896155609720928,4.523922311700615,4.94433917574609,4.786239226868746,5.6327838414777744,0.9474182851728981,7.06390675241158,2.7948839412600677,7.823408114084137,4.938417811463753,8.580041172434068,5.495026054002848,7.546873679508392,6.643770724774993,7.146256722669074,5.05684509711037,4.2016609305439685,5.554239696826149,3.3894766146993245,4.58313595452392,1.4660937105039402,4.275225011842731,0.236788779854739,4.9502605400284265,0.40788579197824515
BANUSDT,1779516000000,5.492906511458703,0.087,6.865165641006758,4.262165417318293,3.9436781609195477,4.517241379310349,5.269187222534309,5.508807620065062,-2.1264367816091845,3.876933587078515,-1.379310344827578,4.03909347754914,0.551724137931044,5.221376249413647,2.172413793103452,5.7962389907164775,4.068965517241381,6.368730835653609,4.965517241379316,5.943362297991812,6.93103448275863,6.518428615592479,8.27586206896553,6.334943784711254,7.931034482758625,4.6461089255664065,8.04597701149426,3.946655461069753
BASUSDT,1772539200000,5.689091167685965,0.007431,4.24499186353179,0.33553195654964607,0.025568564123263915,0.21531422419593532,0.9247684065718088,0.8968906573374843,4.615798681200371,7.768659199290216,1.2649710671511165,3.7344398340248732,2.112770824922622,3.7959099924765747,3.4719418651594607,4.720527348006087,0.6190283945633163,1.5000339374194034,-0.2960570582694162,0.29374737725556516,-0.6190283945633163,-0.48645079570413885,-0.18839994617144562,-0.7440516018521032,-4.79074148835958,-5.376487896215066,-5.93459830440049,-5.958643328983321
BATUSDT,1780192800000,5.087572977481229,0.126,6.329113924050627,7.729138166894671,-4.1984126984126995,-4.603174603174608,-0.006252566922488703,-0.6194633275497157,-0.9523809523809577,4.391468005018813,-2.3015873015873014,2.3105053191489517,-3.412698412698411,0.7283562324118455,-5.396825396825397,-1.414275080638494,-6.269841269841272,-2.259372672349579,-5.396825396825397,-1.414275080638494,-5.3174603174603154,-1.3234077750206816,-5.1587301587301635,-1.304922365378272,-3.7301587301587267,0.06599571027884063,-4.047619047619054,0.15740203794218344
BBUSDT,1731337200000,5.163360560093347,0.3605,5.283140095207498,4.324926567406053,-1.1539528432732276,-1.123439667128987,1.492828111265193,1.7399765695445564,-2.8016643550624125,1.7983207925394304,-1.8585298196948639,2.2484249465349015,-1.4979195561719723,2.040229885057486,-1.803051317614426,1.2701682114658428,-1.0818307905686588,1.6852490803843767,-0.7212205270457673,1.7947040587047363,-0.9153952843273148,1.2414262230032296,0.8044382801664394,2.317200213982041,-0.4993065187239857,0.543782935306648,-1.1650485436893152,-0.011225234326762219
BBUSDT,1734696000000,7.609725292074522,0.3408,-3.005464480874321,0.9119981049389942,9.768192488262914,11.913145539906104,5.4806454461645675,5.122269162151666,3.2863849765258184,0.9116449744853965,2.230046948356806,0.7664497469269662,5.545774647887333,4.2729591836734615,8.978873239436624,7.43108385641144,12.705399061032866,10.580106520800348,11.355633802816905,7.981220657277001,13.937793427230044,8.779695203944414,12.617370892018776,5.8846249344773405,12.4706572769953,3.8387559938233187,14.553990610328649,4.35991338982599
BBUSDT,1753610400000,5.727608657399263,0.12017,6.605514353642519,2.174079395985129,1.6917699925106089,1.3356078888241676,3.100922841531463,3.5242954799868795,-1.3730548389781134,4.379684183642021,1.2482316717982869,6.1498329276484975,3.228759257718228,6.960862929718821,3.961055171839894,6.466567810332177,3.0789714571024343,4.4443882326157755,2.2135308313222897,2.6689067763317382,1.173337771490384,0.7992306161703312,1.4146625613713963,0.4574867081564636,1.2565532162769388,-0.35785353390600244,0.7156528251643502,-0.9598782353951977
BBUSDT,1760450400000,5.372509496860237,0.13592,7.7251075903719535,4.208754854117716,0.5289876397880985,0.43040023543259875,3.0591308677971747,2.852568210833801,-0.80929958799295,6.27966008166869,1.2875220718069258,7.349214394323357,1.4493819894055322,6.290806219118339,2.7884049440847463,6.452202800932631,0.3531489111241763,3.017257656432913,1.1035903472630764,2.687878765234689,0.5076515597410213,1.2548455717218734,0.132430841671561,-0.03892679559025324,-0.16185991759860632,-0.8214933052680917,-1.3610947616244984,-1.8801367106024016
BBUSDT,1760594400000,6.366231962342757,0.13784,8.240541516812444,5.680803186371275,2.5224898432965834,2.5319210679048227,3.9532992120878623,4.897156795710914,1.1680208937899017,8.250143609010882,2.3215322112594374,8.10230782791314,2.5681950087057572,7.006350143426948,4.969529889727236,7.882610835234642,6.014219384793979,7.4161466028623835,2.495647127103888,2.78796344799488,2.9236796285548508,2.088985154748961,2.7278003482298416,0.7922441222319723,-0.9358676726639478,-3.28155656134237,0.9721416134648926,-1.5122030612028083
BCHUSDT,1621476000000,5.871049753155767,716.26,-2.1232635235406505,7.50191549604405,10.001954597492533,10.572976293524693,5.693893288787373,6.081200705053687,2.2603523860050894,0.8588389356841699,5.190852483734965,3.5811551146494933,7.903554575154276,6.276599401835743,8.397788512551305,6.417157009886355,12.54013905565019,9.757658445190636,11.12305587356546,8.046360852283819,10.022896713483926,5.62610997553864,13.146064278334679,6.236522491462869,12.914304861363194,4.212651742697487,16.520537235082237,5.925878918644505
BCHUSDT,1621630800000,5.914560486970717,675.11,-4.327111121188587,1.325800924991345,-2.048555050288104,-1.409399949637843,-1.882310963712094,-2.5323872410305346,-0.27106693723986325,-3.058087683706282,1.8945060804905811,0.8340540302839214,1.5523396187288023,0.9543386996785485,0.7687636088933567,0.3527022063433238,-0.22811097450785256,-0.4195692540596749,-2.547732962035823,-2.09628912033835,-6.388588526314229,-5.197643666867178,-5.68055576128335,-4.099665502476728,-4.628875294396469,-3.1244639842558013,-4.956229355216192,-2.968485361722719
BCHUSDT,1622203200000,5.315609570831752,693.24,-0.4447559155983353,3.0653941332532546,-0.7638047429461682,-0.575558248225724,-0.006288837768449107,0.37955623640499714,0.6491258438635971,0.8350169517979339,-0.37072298193988373,0.2942013580311385,1.1886215452080102,1.8379257280566885,-2.7508510761064064,-1.7833338917937063,-0.7803935145115642,0.46491111477885577,0.8914661589059995,1.9393278667976517,0.7630834920085343,1.5340651418072684,-2.1392302809993713,-1.3901688145191482,-2.9946338930240595,-2.4538836113298896,-2.0945127228665372,-1.3409502213112836
BCHUSDT,1633521600000,5.169038675202381,596.34,2.61925698523022,2.421769735650042,3.518294932421095,3.584364624207657,2.9764104296649943,2.662365453982466,4.034611127880059,6.225964748869075,4.195593118019918,5.807708419184883,3.9557970285407515,5.092474868195759,3.541603783076769,4.2087888719743916,2.7534627896837307,2.9284795221441646,2.434852600865275,1.861100318659871,3.9239360096589153,2.396251385820768,3.596941342187331,1.2161535600712363,3.571787906227983,0.35942466056142863,3.1743636180702195,-0.33224205883163616
BCHUSDT,1687323600000,15.962066826198711,130.84,16.23816207956503,7.2494180137053625,-0.40583919290737125,-0.29043106083767173,5.637476220598816,3.7150472241696644,1.841944359523079,15.875610901438336,1.0317945582390662,12.643051306741205,-2.0024457352491627,7.530128059979381,-0.9706511770100965,6.899766515135239,-2.361663099969431,3.896420758138877,-1.268725160501373,3.533673690200452,-2.568022011617242,0.8703908846336513,0.38978905533475305,2.4043784011351437,1.3680831549984653,1.8303825069483792,0.48150412717822944,0.8909591816374934
BCHUSDT,1764734400000,6.049999999999999,593.88,6.754004533468027,7.171956418758872,-1.465110796793963,-1.4455782312925134,1.9696341849876862,1.5493414278415603,-1.0726072607260735,4.960481934598688,-1.6249073886980496,3.780271392257569,-1.734357109180298,3.0650359839286536,-2.288341079005865,1.9935037999957588,-2.473563682898892,1.1887083192111771,-1.5642890819694153,1.5239269557062758,-1.1702700882333208,1.2896556603854714,-0.24078938506094666,1.5747558999768447,-1.1551155115511575,0.1797029525553482,-1.3268673806156117,0.14029895126107164
BCHUSDT,1766062800000,5.919060973571311,570.3,5.5464150678010435,2.7573122016875553,-0.6540417324215219,-0.7057688935647766,1.850507568300109,1.0867701286791818,-0.7802910748728621,4.337612432374623,0.37524110117483783,4.899936045563419,0.6084516920918863,4.2893936612434915,-1.3115903910222524,1.6977940963890386,-1.8411362440820624,0.7039200413033605,-1.6833245660178697,0.4844112065118788,-0.6312467122566912,1.0572943322675543,0.021041557075224364,1.1162459250908092,-0.38400841662281976,0.1796889740799987,-0.9135542696826097,-0.2612210318230789
BEAMUSDT,1736946000000,7.708294845741734,0.023321,4.644171228573998,7.972841272376679,3.2189871789374322,3.5268641996483794,3.7997341723215277,3.925337693604502,2.50418078127009,6.552262090483615,2.5127567428497906,5.875006642929286,1.9939110672784188,4.706187904159473,1.0505552935122793,3.2378465757505372,3.541872132412833,5.005674924660477,4.227949058788204,4.612828811458467,3.5118562668839255,2.924435386563557,4.185069250889746,2.5068768246789244,4.373740405642983,1.5405665847645327,4.28798078984605,1.0356559777664123
BEAMUSDT,1737352800000,6.763101731088453,0.022511,6.838093610881714,2.3734486632013074,-3.4258806805561735,-3.8869885833592424,0.711166578003778,-0.06336499129259865,-0.13326818000088303,6.200250372015028,-0.5597263560037364,5.354562697378013,-1.9101772466794005,3.429700966799082,-3.0429567766869448,1.5006998925746382,-2.145617698014308,1.6407965892102285,-5.361823108702411,-2.0375130477166996,-4.904269024032699,-1.8230181843197442,-4.73102039003154,-1.8732212633948777,-6.4723912753764825,-3.653162367348052,-4.997556750033322,-1.6274298751598355
BEAMUSDT,1756818000000,9.472656249999998,0.007847,8.310673715303171,9.71679448549716,-5.014655282273477,-5.052886453421686,0.3609531370238811,0.5431691383760295,-3.7211673250923885,3.703398671278753,-5.581750987638588,1.1660931782183657,-5.122976933860068,1.0148978318091995,-3.211418376449594,2.0943112162598156,-4.409328405760163,0.6372844972160819,-4.982795972983304,-0.2781938797346526,-4.218172550019112,0.449053779535977,-6.06601248884924,-1.5401466679133833,-6.193449726009933,-1.9265615007460972,-6.639480056072382,-1.7106057556852485
BEAMUSDT,1758942000000,5.338417540514776,0.007735,4.212979804103849,6.630824372759839,-1.7543632837750427,-1.8487394957983123,0.8108578927505367,0.36114989837583056,-0.4395604395604306,3.3899442840840575,-1.9133807369101445,1.5417971573115057,-1.9004524886877772,1.2178691957794747,-1.2928248222365792,1.5373567039923455,-2.430510665804781,0.1645740981604874,-2.0426632191337983,0.36160377233531393,-1.7970265029088477,0.3606960244163471,-2.404654169360046,-0.485116928998908,-1.6548157724628267,-0.06831139486612907,-1.6677440206851943,0.08816601529087206
BELUSDT,1715187600000,7.422656158099053,0.9132,13.504443477720452,9.460965874357214,-0.7752956636005266,-2.2339027595269414,3.0572422390169502,0.9210873373666184,12.35216819973719,23.624884026363663,4.6211125711782755,12.64782521547404,-2.069645203679372,3.9883720930232553,-2.2667542706964574,2.3591343341781865,-2.2010512483574254,1.0511308991751516,-1.2155059132720103,0.7910437755580852,-3.2413491020586904,-2.0648836771111614,-6.36224266316251,-5.674322147947133,-4.413053000438021,-3.9523778085869656,-2.9566360052562444,-2.1983843199576145
BELUSDT,1737975600000,6.063668519454275,0.6297,6.8392745041483485,3.57163416860614,-5.305701127521049,-6.050500238208674,-1.0428886430124042,-1.9753853517856121,-1.7151024297284472,4.020303203469034,-2.175639193266642,2.5726417450670347,-1.1592821978720158,2.7062706270627013,-5.36763538192791,-1.8561523131907047,-4.859456884230597,-1.2038258575198029,-6.733365094489438,-3.216769387956887,-7.384468794664123,-3.574617241493314,-8.496109258377004,-4.323857598299655,-7.876766714308414,-3.458261216881928,-7.289185326345887,-2.0946183903805196
BELUSDT,1743148800000,6.0658830358438465,0.7309,-4.273571437926465,2.473869794112908,2.5858530578738534,2.968942399781091,-0.8092145927520354,-0.6704588449747098,3.023669448624984,-1.1551588343397112,5.69161307976467,1.375291987086959,5.951566561773154,1.6526430474790437,3.447804077165139,-0.49482799463058796,3.981392803393079,0.23476035979003504,2.9142153509371984,-0.5250142163799038,2.120673142700774,-0.8159034735695159,-0.027363524421942533,-2.1204774088114355,-1.3681762210972785,-3.842819223433061,0.12313585989875658,-2.4006401707121774
BERAUSDT,1756252800000,6.710628394103958,2.751,5.954398397781538,6.75825135339659,-4.921846601235911,-4.761904761904763,-0.8109295458141915,-1.095157144350111,-2.508178844056705,2.617079889807146,-2.3627771719374753,2.090459901178248,-2.217375499818246,1.7705811138014595,-3.671392221010541,-0.07918253459522608,-5.161759360232639,-1.599155163309941,-4.362050163576885,-0.8292499057670486,-7.851690294438376,-4.089894442132339,-7.778989458378771,-3.715511025086329,-7.088331515812427,-2.913358909104713,-6.215921483097049,-1.361064382933173
BERAUSDT,1756375200000,7.619047619047626,2.825,8.74167596905193,9.629974581368739,-2.68672566371682,-2.90265486725664,1.7866238459216341,0.9188431609003731,-1.6637168141592975,6.05887069064254,-1.1681415929203667,5.605567743399656,-1.6283185840708057,4.230740379566425,-3.327433628318595,1.8269947800149118,-3.1150442477876132,1.3478486262312075,-4.070796460176998,-0.21356506370131265,-2.690265486725666,0.48983769556953877,-2.407079646017701,0.31655932758433036,-3.5044247787610687,-1.1745939675174009,-3.2920353982300874,-0.6220217525735576
BGBUSDT,1740632400000,6.0559404670259225,4.133,3.265622267196363,8.507593956339665,-0.23227679651585045,-0.2540527461892077,1.3079671158658601,1.2652002487057608,0.24195499637066992,3.1007366115867026,0.8710379869344201,3.423468122054056,-0.7016694894749556,1.647058823529423,-0.8468424872973661,1.3102595797280578,0.6290829905637503,2.428332184021285,-0.24195499637066992,1.2201409176834637,-0.6532784902008258,0.43539944229735,-0.2661504960077455,0.4043454961757563,-1.3791434793128572,-1.1471394271578566,0.024195499637075586,0.2570694087403639
BGBUSDT,1755064800000,7.980162308385935,4.79,6.752841542233116,4.924209235082802,0.13569937369519725,-0.39665970772442855,2.6311408235553904,2.9812534917025193,-0.8768267223382007,5.111686701644842,-1.2734864300626294,4.066722415386648,2.2755741127348643,6.804159672109705,1.4613778705636802,5.053823872724925,2.15031315240083,4.76618705035969,-0.08350730688936216,1.7540129690655806,0.8768267223382007,1.8957845680183902,-0.8559498956158741,-0.4861489459787961,-1.6075156576200407,-1.8104543844663428,-0.709812108559495,-0.8443656833107425
BICOUSDT,1731600000000,5.866032500990875,0.2671,1.7872794481917715,6.122611148635217,5.076750280793708,4.736053912392361,3.4882414462092717,3.7909032580024253,1.1980531636091278,3.057800823547365,6.252339947585171,7.638625502541148,6.514414077124661,7.28157170330706,4.492699363534261,4.524005692457486,8.573567952077864,7.407407407407415,8.274054661175592,5.976767195573326,4.979408461250459,1.9599287298643502,3.332085361287914,-0.4580372921700845,3.4069636840134767,-1.2372166201816557,3.7439161362785507,-1.2684386802536904
BIGTIMEUSDT,1726567200000,6.984387838948239,0.1302,8.60860860860863,4.814039607148618,-6.520737327188948,-7.066052227342555,-0.014011469671743848,-0.8321236669103997,-2.841781874039945,4.588673005374121,-4.531490015360996,2.3803640556790837,-7.37327188940093,-0.8060536272413182,-6.29800307219663,0.28771064529386703,-7.450076804915525,-0.8883039973679863,-9.677419354838719,-3.3371691599539655,-7.987711213517669,-1.8435067595247754,-7.296466973886334,-1.3808317673012478,-6.835637480798774,-0.8581937065794814,-4.9155145929339605,1.7171966149042646
BIGTIMEUSDT,1728874800000,5.240912933220623,0.1245,5.214231386799624,9.667474124642135,4.746987951807231,3.7751004016064336,5.293421462888608,4.797823993394571,-0.1606425702811291,4.278523489932881,-0.6425702811244941,3.1177059019673283,-0.48192771084337616,2.668213457076555,1.847389558232929,4.353551148053649,1.9277108433735046,3.8206659576208732,5.943775100401599,6.844876468205752,5.6224899598393625,5.2420968387354945,8.835341365461856,6.9202240984770995,12.128514056224901,8.334626726680094,12.44979919678716,7.3537305421363515
BIOUSDT,1760961600000,6.669833729216151,0.11227,13.002254609871969,5.564044098634251,-6.7114990647546025,-7.245925002226771,-0.7706255112070829,-2.232277272145926,0.5255188385143024,10.468360005872864,-3.963659036251889,3.2076501163024367,-6.457646744455324,-1.4091118183269047,-7.5264986193996615,-2.4678948208967886,-4.898904426828174,0.12753905883676617,-6.965351385053882,-1.996659723395064,-9.209940322436973,-4.203828839412414,-9.290104213057802,-4.108170202348338,-9.655295270330445,-4.149459937063537,-9.673109468246189,-3.174678951639848
BIOUSDT,1776553200000,11.07119529719137,0.03401,17.086101834957134,2.9420667110599936,-10.482211114378122,-10.93795942369891,0.3502074114374457,-0.03234196725382893,-8.203469567774176,6.114679990482983,-10.34989708909144,2.3532176306690396,-11.996471625992356,-0.5912049953500881,-12.290502793296088,-1.5219041959658084,-13.319611878859158,-3.1791907514450983,-11.52602175830638,-1.5508441303494378,-8.615113201999408,1.0238907849829444,-9.056159952955012,0.5265210608424302,-7.615407233166723,1.854253112033194,-11.849456042340485,-1.5273443915257026
BIOUSDT,1776906000000,15.703307718008697,0.03463,16.965582463606577,9.424125128367166,-6.632977187409763,-6.858215420155929,2.567774201406162,2.1326988058088228,-3.1475599191452512,11.447084233261325,-5.0822985850418645,7.7387000557212815,-7.998844932139767,3.4113408419617754,-6.237366445278666,4.167335022937992,-4.6202714409471675,4.6345867519878325,-7.248050822985845,0.8540567696558696,-6.468380017326014,0.6869967981597375,-9.067282702858805,-2.907532451515451,-7.5656944845509795,-1.9331515578566822,-8.894022523823272,-2.4216744502520613
BIOUSDT,1777248000000,5.9372915276851135,0.03176,7.257438114214307,3.1922670782227076,-4.222292191435757,-4.92758186397984,-0.1196283713801729,-1.614620074671855,-2.267002518891672,3.997051629979561,-2.1410579345088054,3.3313385198483925,-0.40931989924432677,4.220896899403584,-2.1410579345088054,1.6317321212517444,-5.132241813602003,-1.719020125909253,-4.722921914357676,-1.5102200234344572,-6.675062972292182,-3.4276032842434647,-6.013853904282101,-2.5942241801272545,-6.202770780856412,-2.729706785084557,-6.517632241813589,-2.3965284854860243
BIOUSDT,1777384800000,5.149662053427735,0.03267,10.498545626733408,6.148972463650377,6.072849709213356,6.029996939087858,6.718796298868531,6.533323366364053,3.4894398530762234,12.150462732610208,-0.1836547291092671,6.5303322335108325,2.6629935720844897,7.513783818438282,0.5815733088460443,3.65276638697876,2.816039179675556,4.055016882996204,9.825528007346204,9.416930958770433,11.631466176920737,9.549127391787573,10.407101316192227,6.536314499217275,10.927456382001848,5.428521556990748,8.570554025099492,2.354706527384998
BLESSUSDT,1776049200000,6.317752651824232,0.009121,8.959503046231044,6.436235697740244,19.744545554215538,21.11062383510579,14.100028520333945,11.691116884850832,4.35259291744326,11.260476697020332,-1.052516171472433,4.050174665944183,-0.09867339107554356,3.7435103379178507,3.9250082227825778,6.3884711216862415,27.52987611007564,25.701070922982154,43.43821949347657,34.79152285676019,14.691371560135941,5.906293026646163,35.68687643898694,20.87590100209012,29.8761100756496,12.121757072681334,39.096590286152825,16.161107499610857
BLURUSDT,1698213600000,12.406511218653762,0.2555,12.933168316831686,0.5608580143658406,-4.457925636007831,-4.383561643835622,2.8662451470304164,1.919662303519332,-4.18786692759296,7.3354671811286,-2.9354207436399244,7.8073378542862,-4.5792563600782845,5.036405152729313,-4.1095890410958935,4.401926109004136,-5.753424657534254,1.6720148623543165,-5.9099804305283765,0.5899828444704893,-5.401174168297458,0.24885939444213578,-2.583170254403129,2.1673097446843475,-5.401174168297458,-1.3710927936015678,-3.7181996086105706,0.7742411208061951
BNBUSDT,1668085200000,7.296137339055784,300.0,6.40448601313032,7.648033988072606,1.4126666666666643,1.7766666666666708,3.3319121973258534,2.460335413594735,2.0333333333333408,7.711146924901291,2.4666666666666592,7.28744939271255,2.930000000000007,6.760200112710358,-0.7866666666666713,2.3433336198744943,0.029999999999991665,2.5773372073149763,0.29999999999999244,2.0273225711292127,2.363333333333325,2.9580878876979475,1.703333333333338,1.273931862237454,1.8500000000000036,0.5538607351242459,1.23666666666666,-0.17354834044400108
BNBUSDT,1669190400000,7.156089941516215,294.99,7.885016274732131,4.209868125889799,-0.027797552459407116,0.05254415403912035,2.7768827565689795,2.562913676071031,-0.32543476050036824,6.465103648049229,0.2915353062815735,5.98092808987155,0.49154208617240874,5.033784142889029,0.1898369436252084,3.881816200712808,-0.23051628868775445,2.7173988915413725,0.23729617953150567,2.40842846060069,-0.0847486355469677,1.2963624865964811,-1.0847825350011826,-0.3742070293561329,-0.4271331231567141,-0.3332066559895664,0.6644293026882198,0.692419330774334
BOMEUSDT,1747321200000,6.895161290322586,0.002651,-0.8527189767372243,2.4422289203184264,-6.797434930215017,-7.732930969445496,-3.773685215957508,-4.17304967103769,-1.0184835910977033,-1.51259242577788,-1.4711429649188974,-1.9335460859770937,-5.960015088645799,-5.371038147656106,-5.9222934741606945,-4.224270353302606,-6.9030554507732935,-4.1218289887727755,-8.562806488117698,-4.847890088321898,-9.543568464730297,-4.829940072230828,-10.6752168992833,-5.325443786982248,-8.9400226329687,-3.230978914455228,-8.977744247453789,-2.3393232960984207
BOMEUSDT,1755871200000,7.159353348729791,0.001856,4.545710584126624,6.266639947324718,6.880387931034482,5.6573275862068995,6.121544730708519,6.177432913901891,0.9698275862068968,5.080183918358175,3.3943965517241326,6.747510708127023,4.471982758620687,7.008830022075053,4.364224137931029,6.003392984184322,5.118534482758622,5.796865679735375,6.196120689655177,5.694980694980687,8.351293103448286,6.35147284361946,11.099137931034484,7.1057552462081786,14.331896551724146,8.033805111495775,10.506465517241372,3.3926500983011407
BOMEUSDT,1776358800000,6.060606060606062,0.0005495,11.343005349327273,6.827637155410403,1.903548680618749,1.5741583257506861,4.281691290209537,3.487234865249255,4.531392174704278,14.253888689978911,7.843494085532305,15.338951711788868,1.9654231119199357,7.254977029096478,1.3648771610555086,5.036866620151237,1.783439490445864,4.208976914907505,1.9108280254777041,2.7654928155910046,1.0737033666969937,0.5121523064951045,-0.6005459508644072,-1.9882285386161178,-0.7461328480436646,-2.6088819842502757,-0.09099181073702602,-1.9572826630473539
BRETTUSDT,1734696000000,8.281535648994515,0.11846,-3.950312976356502,5.482019705530099,9.05706567617762,9.349147391524578,4.70277068955424,5.246999475591973,3.1149755191625856,-0.040098527811187896,3.5455005909167734,1.1653896591255961,6.711126118521019,4.515990342957288,8.905959817659985,6.571393168394546,9.792334965389173,7.404165359142485,8.602059767009953,5.4153931875353285,12.063143677190622,7.540383337923879,11.522876920479495,5.547832478468599,11.717035286172562,3.828652126157244,14.595644099274029,5.078605763648617
BRETTUSDT,1736946000000,8.74562269911107,0.12111,6.073080156950656,0.008257638315427121,2.8841549005036793,2.790851292213691,4.538228625628313,4.856961417432487,1.1642308645033512,6.597527341065111,0.3467921724052545,5.112481512554178,0.8422095615556164,4.9515330675099705,-0.24770869457517525,3.318224578807829,1.9156139047147243,4.762389767355002,3.6660886797126575,5.301562539315094,4.6899512839567485,5.046437832956373,3.9220543307736806,3.071001555974113,6.234002146808688,3.892957791971828,6.308314755181247,3.328170268773635
BRETTUSDT,1753884000000,5.850746268656713,0.05319,3.757022471910121,8.136130763600875,2.2297424327881146,2.1996615905245296,2.9625653293146805,3.0845292349477047,0.75202105658958,4.26881469375049,2.7636773829667214,5.885087753283482,4.286520022560627,6.72849364092893,1.1468321112991153,3.1263777339032766,1.9740552735476506,3.389119743814574,2.4440684339161414,3.0426807359921324,2.274863696183485,1.9051008748103275,1.673246850911829,0.4886931638701772,2.1244594848655747,0.17704337562701372,2.857680015040422,0.6142415771663987
BRETTUSDT,1755871200000,12.12871287128712,0.05436,9.612243663420243,2.849358610511977,7.047461368653425,7.523914643119948,7.706489888644742,8.260560012146014,0.9013980868285584,9.424250887762835,5.07726269315673,12.202404337235803,7.321559970566602,12.712519319938165,5.960264900662252,9.597381840322688,7.726269315673294,9.57263677868422,7.100809418690218,7.096869136529193,8.811626195732162,6.7130924245431265,8.811626195732162,4.536698301610036,10.007358351729213,3.6125790522394468,8.756438557763062,1.596466807581915
BRETTUSDT,1758182400000,5.737245374696311,0.05658,5.925301881493951,2.70373294851199,2.1915871332626393,2.200424178154824,3.654202100911518,4.077417276796307,-0.19441498762813536,5.132835626384679,-0.6009190526687875,4.078762306610416,0.9190526687875569,4.8283458784652105,2.3683280311063997,5.401077303828793,1.9441498762813783,4.076072246982198,5.302226935312836,6.246767837081155,3.534817956875224,3.4214893541894624,3.6585365853658582,2.479425486187562,2.0325203252032487,0.13355766395504257,2.951572993990818,0.7436873054306586
BROCCOLIUSDT,1758074400000,9.925638538635638,0.034,13.910479764138298,2.6260187141563405,-12.435294117647064,-13.000000000000004,-2.5125870414084326,-4.168282820139175,-7.147058823529416,4.353287277294809,-9.676470588235297,0.8406120706639498,-8.382352941176476,1.6081156016570453,-10.147058823529417,-0.8953480827872525,-12.352941176470594,-3.5036590894372117,-13.647058823529415,-4.8329065508411375,-15.117647058823536,-6.271313046019926,-15.441176470588239,-5.947395969641466,-15.50000000000001,-5.33148807170161,-16.94117647058824,-5.145774553271526
BROCCOLIUSDT,1758178800000,12.642554578038443,0.03457,12.701310556171338,4.3465137337760025,7.113103847266427,5.438241249638425,7.248287001254566,3.4642541607670454,12.438530517790007,23.502684840974805,16.951113682383586,24.453610786184814,7.549898756146953,11.792651392146256,5.351460804165475,7.288045719672433,3.8183396008099564,3.8964798517832118,4.686144055539495,3.0320284697508795,3.2976569279722368,0.16268372040839923,7.405264680358712,2.2639638647130393,5.525021695111374,-1.1033697508607305,4.107607752386476,-2.8059088822274387
BRUSDT,1759305600000,5.7098525989138915,0.06813,4.348225635998805,3.9700283082933265,6.87655951856745,7.6251284309408565,5.620618477126007,5.929968911679904,2.3778071334214155,6.410569353756021,2.8034639659474667,6.243553182452512,2.7887861441362087,5.616384640907295,8.116835461617507,9.765002160728393,11.111111111111123,10.617529298302026,10.597387347717605,8.263049756462028,7.647145163657723,4.018040761910168,7.60311169822399,2.7095942613763806,8.146191105239982,1.9101232382190532,7.573756054601495,0.6523381171461968
BRUSDT,1767369600000,8.133521391631406,0.069,8.755615099692655,2.143533870203702,-5.794202898550732,-5.4347826086956665,0.460413385009355,0.9152490319064724,-6.5652173913043566,1.3137630826287887,-6.63768115942029,0.8784979407757808,-5.623188405797113,1.5057517847678938,-5.159420289855083,1.5281979675742763,-4.826086956521738,1.395794089491403,-4.869565217391306,0.9520001230371641,-5.24637681159422,0.24839768162163126,-4.739130434782622,0.4001955153662833,-6.913043478260884,-1.9539001679133008,-7.362318840579711,-1.6645641672563705
BSVUSDT,1696204800000,9.194692995988905,35.39,9.495374524303093,4.560294269717679,1.6360553828765183,1.342187058491103,4.486377633777176,3.9037778605990257,0.08476970895733578,8.381016492763393,1.9214467363662044,8.949768931041776,1.8366770274088686,7.428162632645753,1.2715456343599967,5.526602479168514,0.28256569652444596,3.412104082286778,0.621644532353769,2.6609392567820853,1.2150324950550995,2.1589709950660176,1.6106244701893198,1.5675752012427615,1.4128284826222095,0.38318462786339735,6.103419044927936,4.395451638911274
C98USDT,1680069600000,8.41205578047683,0.241,9.774984057574933,3.771960041336544,5.145228215767639,5.33195020746888,6.5940371315831685,6.836483014020525,-0.041493775933605384,8.381697934943977,0.7883817427385945,7.874050717235864,2.987551867219922,8.649973734897552,5.103734439834039,9.086993970714904,6.2655601659751055,8.480176211453749,5.228215767634855,5.798915310805184,6.556016597510365,5.392760403841413,5.435684647302905,2.9078243965656974,9.502074688796695,5.105942329138145,9.62655601659751,4.262036306235192
C98USDT,1713160800000,6.086365181910924,0.312,7.824163671551007,2.0691911343747345,-3.983974358974359,-2.9006410256410264,0.42311742081172643,1.076847553301266,-1.0256410256410193,5.619591613366644,-2.147435897435892,4.077180064089442,-1.891025641025646,3.9177077675176517,-0.6410256410256416,4.331437417965198,-3.012820512820519,1.3192258755775608,-2.788461538461534,0.8344692310249715,-4.134615384615392,-1.0716411986505328,-7.6923076923077,-4.92853134387484,-6.762820512820515,-3.869667228445854,-9.743589743589737,-5.998597990452978
C98USDT,1734696000000,7.452093683463456,0.1514,-2.2973670624677207,5.435426024583033,6.1822985468956375,6.869220607661817,3.7579323514035314,4.2722494520329795,1.3870541611624774,-0.22749431264217695,1.3210039630118902,0.38610038610039077,4.35931307793923,3.6133516951931184,4.887714663143983,4.165300098392912,6.869220607661817,6.1122770199370375,6.869220607661817,5.379705614172215,8.652575957727873,6.101651186790503,8.124174372523122,4.413828294425316,8.52047556142668,3.2554047259929546,10.832232496697488,4.379198805673047
C98USDT,1752620400000,5.099502487562197,0.05915,7.658985839612676,2.1668350735376647,2.1944209636517273,1.9864750633981325,3.138082386058352,1.9437141202412562,3.093829247675399,9.193138273108204,3.7700760777683784,8.35716555449635,5.79881656804733,8.887806236080195,3.9053254437869813,5.817737297911525,2.1978021978021904,3.097179111095948,0.1690617075232391,0.1555157375164726,1.7751479289940748,0.7902491293865644,1.4539306846999147,-0.2725429587529341,1.1834319526627206,-1.1250433662090518,-1.403212172442949,-3.5203811540497476
CAKEUSDT,1734696000000,9.745824255628168,2.2668,0.1528714201136382,8.018212705530281,7.436033174519148,8.284806776071996,5.218048538635011,5.362670003319797,1.0719957649550118,1.7470778413330086,3.1674607376036743,4.107125368377005,6.855479089465335,7.4498948657209105,7.486324333862722,7.509089625472141,8.770072348685366,8.130391499028597,7.834833245103229,6.070731178129742,9.215634374448555,6.046587336263255,9.378860067054886,4.67875267037634,8.734780307040761,2.337129594645641,11.844891476971942,4.103705407003469
CATIUSDT,1775106000000,6.177392587128893,0.05758,6.126511353583002,9.636512500238,-1.4414727335880482,-1.5804098645362934,1.3713463335637073,1.4997652576017297,0.6425842306356413,5.908584169453734,-1.7193469954845397,2.8011916872547626,-2.3792983674887047,1.6933820602815053,-0.1736714136853003,3.2513023172265245,0.27787426189649256,3.0758519735080463,-1.441472733588047,0.9427250088936245,-0.5904828065300451,1.3061484549219542,-1.8409169850642555,-0.5437364725756281,-3.6297325460229275,-2.5722061276446335,-3.5602639805487954,-2.1497797356828174
CELOUSDT,1688364000000,5.913043478260875,0.609,7.883082373782105,1.779894710453737,5.139573070607558,5.254515599343191,4.929631424789358,3.873997846117027,1.9704433497536964,8.376963350785328,4.5977011494252915,9.374999999999996,5.747126436781615,8.673641579480257,7.0607553366174125,7.9291508028472,4.269293924466342,4.098360655737709,4.926108374384241,3.6496350364963446,5.090311986863716,2.8442873212277116,6.732348111658462,3.1418597270707593,5.582922824302139,0.9419152276295142,5.4187192118226655,0.26550054661876055
CELOUSDT,1755871200000,6.237879767291527,0.3287,4.422136095050508,0.4124026271574652,4.919379373288715,5.4000608457560135,4.551062119276902,4.994540533811435,0.9735320961362885,4.912125426729043,3.498630970489811,6.672519754170332,4.4721630666261,6.788568585377977,4.685123212655925,6.105457909343196,5.1414663827198135,5.604106826376588,5.719501064800725,5.076955640893826,6.206267112868886,4.314826988585432,5.658655308792214,2.5330656589513394,6.206267112868886,1.8704951997432158,6.632187404928502,1.6324992025980711
CELOUSDT,1759489200000,5.044877746827601,0.3394,6.045930323386946,6.313333020094277,7.463170300530353,7.6458456098998235,6.268424012672624,5.477540294859923,3.1820860341779706,8.099765403136185,4.861520329994112,8.59217672545311,1.826753093694767,4.505594194133663,4.449027695934002,6.093254324534623,12.551561579257523,12.069471337205893,7.277548615203299,5.398755246779563,8.014142604596348,4.66809421841541,8.80966411314085,4.007660461317492,12.227460223924584,5.5563253429402835,11.431938715380085,3.693142872810019
CELOUSDT,1760367600000,5.597880092745933,0.3188,6.305645403314543,0.9755479538831786,3.886449184441664,3.889585947302391,4.029970894051454,4.857234700695973,4.328732747804278,9.433093146448206,3.2308657465495707,6.97916328056431,1.693851944792979,4.4829030906571194,3.889585947302391,5.679642629227818,4.4855708908406635,5.231566310734827,5.991217063989965,5.284476849255305,4.391468005018825,2.4756743441310483,3.889585947302391,1.19775116108532,3.7013801756587306,0.13630168105406815,3.262233375156845,-0.6008635526434952
CELRUSDT,1713042000000,6.188340807174884,0.02368,-10.590900509722491,2.5174794900101682,1.7989864864864877,2.0481418918918965,-1.6576556626787522,-3.6726297915762083,3.758445945945954,-5.750124669147251,2.871621621621622,-4.9402950128775585,-0.5912162162162214,-6.386701662292225,-0.25337837837838273,-4.318237057441468,-1.8581081081081057,-4.373945603423437,-1.646959459459451,-3.027022525710948,1.2246621621621707,1.066745372517617,3.9695945945945943,3.7986424385513833,5.025337837837839,3.7287287287287243,5.4898648648648605,3.6256533643076407
CELRUSDT,1760029200000,5.433296033818226,0.00848,7.95534111596287,5.8822060457740815,-2.8974056603773533,-3.5023584905660323,0.6454671322919945,-0.7581036295715502,1.3325471698113238,7.847936041768648,-0.08254716981132149,5.165822659120249,-2.5235849056603645,1.8206006257544778,-1.3089622641509433,2.2692556792491865,-2.9009433962264115,0.12890045479971177,-4.327830188679236,-1.645107713942812,-4.823113207547166,-2.3236112791964114,-4.103773584905653,-1.7565902336482517,-5.436320754716976,-3.0936555891238586,-4.799528301886785,-1.958879321860992
CETUSUSDT,1746568800000,5.589892249630809,0.19305,4.806836196225776,8.693510200749396,-1.0774410774410765,-1.3234913234913246,1.342427732175207,0.9100125758985563,-1.5177415177415117,2.775900748709355,-0.30562030562030934,3.581154537528386,1.010101010101014,4.213986051358791,-1.3053613053613027,1.409935012055495,-1.3416213416213463,0.9851433176742551,-2.0616420616420674,0.1154343083472751,-2.3413623413623394,-0.41307471264366613,-2.310282310282306,-0.7755282431181091,-0.2123802123802091,0.8348818341228575,-0.38850038850038887,0.6964444677174267
CFXUSDT,1713160800000,10.175607409189313,0.2748,10.886039173277572,4.940369582567975,-4.568049490538567,-3.7481804949053767,1.3755461327767007,2.144288943371208,-1.5720524017467215,7.637451848078693,-2.5036390101892274,5.899744657976076,-3.689956331877723,3.9958191055872243,-2.834788937409012,4.028519110141433,-3.806404657933031,2.273430729231169,-3.1914119359534205,2.0151471575112465,-4.6506550218340665,-0.30059738974925343,-7.481804949053846,-3.730518152764935,-6.834061135371167,-3.2981809391430326,-9.115720524017464,-4.765354799101614
CHILLGUYUSDT,1746766800000,6.951520131470826,0.06508,7.785819573030353,4.772560794004709,14.319299323909036,14.666564228641668,10.219459495266154,9.999136483616322,7.867240319606637,14.844746916205882,8.866011063306695,14.331359228001073,9.40381069452981,12.434071313520525,18.37738168408113,18.315569616365156,21.542716656422872,17.783700880027414,13.33743085433314,7.564201653712119,13.706207744314685,5.655420551407062,18.37738168408113,7.130937812882403,15.626920712968653,2.587523175918853,16.087891825445617,1.5470638046210476
CHILLGUYUSDT,1776139200000,5.064194008559205,0.01473,1.740571902196427,4.490317088742297,-4.670739986422267,-5.057705363204345,-1.049908017628932,-1.3625993996129009,-3.8017651052274255,-1.8698060941828216,-5.227427019687711,-2.9072193629155536,-5.159538357094367,-2.5394167713129843,-5.431093007467756,-2.1632251720747364,-5.4989816700611,-1.6879723144289827,-5.431093007467756,-1.0372264847968193,-4.9558723693143225,-0.44090456549565893,-3.8017651052274255,0.6392045454545564,-2.4439918533604836,1.8065887353878978,-4.9558723693143225,-0.2991026919242176
CHRUSDT,1713045600000,9.40054495912805,0.3212,1.2131715771230567,7.378063049510239,1.5379825653798274,1.4321295143213018,3.297068708609151,2.9982811284558437,1.0896637608966386,2.8703586364212432,-2.2415940224159354,0.2426254629038382,0.03113325031132908,3.126203620490444,-2.0236612702366146,1.4735755973301399,-1.6189290161892849,1.8828991488264162,1.7745952677459647,5.332688899629454,3.642590286425899,5.786647176586465,5.448318804483193,5.711610486891399,5.012453300124534,3.8581149736736724,4.26525529265255,2.6859630833384407
CHRUSDT,1734696000000,8.34914611005693,0.2284,1.01724900486509,9.617968899980818,9.56654991243433,11.40542907180386,6.440823758787895,6.369103332387532,0.35026269702276497,1.7400568181818086,2.101576182136602,3.6444444444444377,6.8739054290718125,7.903810450004424,11.252189141856393,11.081967213114746,12.784588441331,11.41868512110727,12.3029772329247,9.019041142468556,14.623467600700518,9.297374024130596,11.558669001751328,4.834396214770639,11.077057793345006,2.5713592625535493,12.740805604203159,2.897102897102911
CHZUSDT,1667991600000,5.385029617662902,0.1957,0.9257110440679811,9.536136570349129,-9.10066428206439,-9.095554420030663,-5.258335586603154,-5.489541868640848,-0.40878896269801884,0.6273072256498923,-1.4052120592744008,0.10895506900488519,-0.5620848237097689,1.1697426566155456,-7.66479305058764,-5.109489051094899,-7.97138477261114,-4.557498675145732,-10.219724067450187,-6.020165280415081,-12.979049565661729,-8.092501146819925,-11.292795094532451,-5.869594686186797,-13.822176801226375,-7.700306479859909,-24.680633622892184,-17.139805497779523
CHZUSDT,1728806400000,5.3919591233024065,0.07838,7.076502732240423,4.535239632166126,-4.053329931104882,-4.809900484817567,-0.2651145405154238,-1.360458566996657,-1.2885940290890672,4.600700312301417,-1.9137535085481006,2.8728941699115462,-2.4878795611125377,1.3364800721274894,-3.7381985200306223,-0.44598089407294683,-4.758867057922953,-1.7892382581239312,-5.243684613421794,-2.273744045895936,-5.167134473079883,-1.8694056451826029,-4.8609339117121815,-1.453680454605529,-5.805052309262565,-2.36193398222596,-5.26920132686911,-1.2672366793877847
CHZUSDT,1737352800000,5.607966457023069,0.0806,5.5388241456069105,3.1396159776829378,-1.3598014888337548,-1.575682382134004,1.3668580259374183,0.7229568280956633,0.5955334987592981,5.779517286366587,0.6203473945409435,5.324675324675334,-0.42183622828784983,3.6669637436871247,-1.228287841191073,2.0170177866625556,-0.40942928039703574,2.01695410698625,-3.1265508684863628,-1.08692898223924,-2.3697270471464127,-0.642684882384873,-2.009925558312668,-0.6528384004830319,-3.3250620347394557,-2.183055273101601,-1.923076923076935,-0.5710404507949237
CKBUSDT,1717509600000,8.89424643252754,0.016712,8.582232588963763,6.064500569607998,9.663116323599802,9.433341311632347,8.38567191488586,6.771737380281692,5.684538056486353,13.024502934080772,4.673288654858786,10.363841693848068,10.23216850167544,14.013751957271147,9.161081857347998,10.857913734641059,7.58736237434178,7.388803612277452,8.14384873145044,6.1494185363561575,9.705600765916698,5.714730523730161,12.290569650550504,6.003434407338781,14.899473432264235,6.154671148285932,14.253231211105783,4.185650601029087
CKBUSDT,1726221600000,22.209336039431715,0.012645,26.425979063977827,2.5289667642360687,3.9873467773823643,4.52352708580467,10.55606238310833,10.21612369229604,0.4270462633451975,22.463740163554995,3.3451957295373647,21.189639343046057,4.760775009885331,17.961869651555233,4.547251878212739,14.453919743734028,8.485567417951755,15.044322003337774,2.325029655990517,5.978327640858051,1.6449189402926045,2.9228058936579178,4.4998022933966,3.274716686205543,4.918940292605767,1.37541071292123,4.918940292605767,0.8958719922124502
CKBUSDT,1755871200000,6.067034365719129,0.005,4.589382085930632,6.668942270768455,4.765999999999994,5.5099999999999945,4.509445334788696,5.451332225836231,1.0999999999999899,5.156955336897499,2.6400000000000032,5.952061440634226,3.92,6.4012777982553075,4.5199999999999925,6.075060385247707,5.159999999999991,5.7479586500945095,6.339999999999992,5.7457091147749635,6.079999999999992,4.255528255528249,5.859999999999997,2.786678318283337,6.079999999999992,1.8335413266775482,5.959999999999993,1.1396827214936183
COAIUSDT,1776193200000,5.051573657762498,0.3972,1.2051876576553653,7.111075155731738,2.817220543806648,1.9133937562940573,3.243685221443011,1.1425051300829177,-0.2517623363544816,0.9992862241256192,-1.0825780463242625,0.32172403227454777,-1.9133937562940573,-0.5488194001276286,-0.7049345417925541,1.0582417300842921,-1.5861027190332257,0.5944568825754739,5.161127895266873,7.223534243762192,5.161127895266873,5.899652663336971,9.894259818731118,8.820303151176711,9.4159113796576,6.84170415714039,4.078549848942596,1.2267685300815434
COINUSDT,1778767200000,5.4958550813632225,206.16,2.0200120745454693,4.918166273104804,4.13513775708188,3.657353511835471,2.59759672178964,1.280303151016041,3.8368257663950316,5.350446362661042,6.912107101280558,7.531760435571696,5.064027939464492,4.940843596476782,6.072953046177731,5.147758854472202,2.8618548700038833,1.4879086484390982,2.9249126891734583,1.0726976535929837,3.3372138145129973,0.9242546982552353,3.6379511059371366,0.6742716593868,3.026775320139702,-0.7137948926502905,3.6767559177338054,-0.44017979830914744
COMPUSDT,1678716000000,5.8128316449589885,43.87,3.908100426338225,0.10153905831079924,1.0211989970367052,0.70663323455665,2.53898258825399,2.6812464492757746,0.13676772281742028,3.8436081694402366,0.27353544563484056,3.7695791658803697,0.5242762708001003,3.7549407114624596,0.7294278550262145,3.4531195130516252,0.6154547526783751,2.634454856186209,0.6838386140870852,2.101199694875289,1.458855710052429,2.1855916249598195,2.917711420104858,2.7280380423653403,1.8919534989742546,0.9599096555618392,0.9801686801914742,-0.040615551243288694
COMPUSDT,1678795200000,6.012439530062212,46.02,4.6979865771812195,5.007358729506805,1.9860930030421478,1.8687527162103343,2.769300575389463,3.787208501831133,0.5867014341590526,4.873241351186017,2.2381573229030725,5.892149801944533,3.433289873967836,6.257115431836964,3.433289873967836,5.386676113091416,4.172099087353312,5.078578787015306,2.6944806605823444,2.701175652476248,1.499348109517596,0.8006215067222042,0.5215123859191545,-0.7594284978761728,0.23902651021294963,-1.6124216183935507,1.0430247718383243,-0.9247027741083321
COMPUSDT,1752098400000,5.891792755616691,46.19,6.889130585703368,4.253422261344518,-1.450530417839357,-1.374756440788045,1.8330367744243303,1.3297089540841305,-0.844338601428882,4.949587534372127,-2.164970772894566,3.077028352455473,-2.0567222342498286,2.661855810470424,-1.190733925092005,2.8692496675457058,-1.8185754492314274,1.4995523724261453,-1.6237280796709248,1.1598655357421155,-1.558778956484085,0.7489142958433063,-1.082485386447283,0.7208517955161655,-1.1474345096341225,0.20409506879978145,-1.0175362632604437,0.4393673110720625
COOKIEUSDT,1751234400000,5.094447624499153,0.1836,6.601637345410219,9.523667491872226,-4.7331154684095935,-5.473856209150336,-0.1940679410351686,-1.2512303819057058,-0.7625272331154751,5.141670032892839,-2.3965141612200513,2.8584548272299464,-4.084967320261441,0.6861063464837088,-5.50108932461875,-1.0324567908276958,-5.773420479302846,-1.5367103016505608,-6.154684095860569,-1.985323397235334,-4.684095860566462,-0.6077128414835096,-5.5555555555555625,-1.6449234259784382,-5.4466230936819215,-1.4700039729837158,-6.971677559912856,-2.3497798867989266
COTIUSDT,1734696000000,8.72176150986559,0.11406,-2.4327653459248726,3.3011819046325184,7.603015956514118,8.245660178853239,4.3893841255868615,4.40511813627804,3.165000876731547,1.340062352515645,3.5419954409959686,2.3246142249408464,6.180957390846924,5.096453396044664,7.066456251095925,5.8516585911293255,8.776082763457833,7.3920193889033206,8.065930212169034,5.753556291504383,10.529545853059789,6.834456167111553,8.425390145537444,3.4860757798902275,8.679642293529726,2.1011621873172364,11.599158337716984,3.713782876511417
COTIUSDT,1762779600000,9.065460809646853,0.05065,4.190237179355311,1.6394758493367814,-3.7650542941757146,-4.106614017769,-0.12901671285550692,-0.4349323859050081,0.2369200394866773,4.039017192975266,-4.6396841066140135,-0.9169795064311568,-6.278381046396846,-1.9478239315886356,0.5133267522211182,5.0210413400445555,-1.1056268509378047,2.991672663719554,-3.573543928923986,0.047114734621140554,-0.6120434353405682,2.439917787590807,-5.567620927936828,-2.7133675046782235,-8.450148075024677,-5.669589275179523,-8.173741362290222,-4.581170629628853
COWUSDT,1755871200000,6.332002281802623,0.3728,4.4521027710067,8.532999505080225,5.673283261802569,6.236587982832608,5.049031077033335,5.875733195859599,0.24141630901286382,4.257337350742104,2.5482832618025624,5.900277008310246,4.8283261802575,7.341994671354403,5.713519313304717,7.23225946887244,6.276824034334758,6.714789775634969,7.832618025751073,6.897835451789613,8.261802575107295,5.851189383408953,7.618025751072956,3.7416285263620717,7.215665236051497,2.058012460422826,6.196351931330459,0.4949866734357171
CRCLUSDT,1772460000000,15.125421190565339,92.25,12.751628634635823,7.488668538736692,3.2173441734417345,3.5934959349593547,6.608661374301983,7.284660256122075,1.5176151761517678,12.690123219098947,1.5934959349593485,11.015031804882662,2.3089430894308896,9.988462748662725,2.5799457994579895,8.513175698919808,3.7723577235772403,7.924375147969032,4.31436314363144,6.6449453642751175,4.455284552845528,5.003922936099729,4.444444444444438,3.221452063893388,3.533875338753393,0.6629356773221244,3.6531165311653164,0.42218908189629617
CROSSUSDT,1778616000000,8.663157894736843,0.10323,8.203010355959917,3.59985146974699,-3.4602344279763635,-3.6617262423714023,1.7488486808416888,1.2476134212438499,-2.2474086990216047,5.147441908929873,-2.9933158965416986,3.7333222839148195,-5.085730892182509,1.0676156583629832,-5.240724595563304,0.6181919172178179,-5.066356679259903,0.40469238256237533,-3.3033033033032995,1.657976209874536,-4.020149181439505,0.4185796669605812,-4.397946333430207,-0.38055053650559956,-2.0633536762569085,1.4276111841247165,-0.18405502276469604,3.3936061329747838
CROUSDT,1760148000000,7.072612151421246,0.15896,-0.6083797590241097,5.20498625041778,-0.931051836940106,-0.899597382989423,1.2046677169620947,0.9247738991423192,-1.7991947659788634,-0.6605658720360518,0.2767991947659763,2.925698493565535,-0.792652239557111,3.4369670733307247,0.42148968293910666,4.936202102273839,-1.8495218922999486,1.1284750354876507,0.31454453950679445,2.2159830259674416,-1.0568696527428203,0.22877753774193768,-0.4403623553094983,0.7210727627969877,-1.0065425264217351,-0.41577804919723255,-3.3782083543029606,-2.4701549403098837
CRVUSDT,1673640000000,6.455933565496908,0.7948,11.600999747254894,1.1279558742135036,3.1227981882234594,3.54177151484651,5.670088860919847,6.117304849592593,-0.2767991947659763,9.646271113754889,2.038248616004039,10.230655267557399,1.2707599396074483,7.625656865498002,2.7176648213387096,7.281304616355006,4.164569703069957,6.927905354790384,4.089079013588335,5.306704344394801,3.371917463512839,3.1927453590896526,3.7116255661801816,2.1766616258026295,4.7307498741821945,2.094882990727565,5.4101660795168645,2.218101071228141
CRVUSDT,1708696800000,6.129851287631493,0.5852,4.940374787052824,6.883892531643257,0.5519480519480442,0.5041011619958907,2.423424446256121,2.484711712258135,0.5468215994531751,4.943996575586802,-0.32467532467532684,3.576248313090406,0.4613807245386064,3.781245586781527,-0.32467532467532684,2.4177830842975694,0.9911141490088714,3.1719707417558474,0.9569377990430515,2.5516403402187007,-0.1879699248120473,0.8581838274653218,-0.23923444976077712,0.1509641117134413,1.0423786739576204,0.7479852106796812,2.597402597402596,2.034226670971915
CVCUSDT,1778414400000,8.177777777777774,0.03651,9.28193001885717,4.934900698416337,-7.523966036702275,-7.244590523144348,-0.25123068282124217,-0.13908512069236834,-7.586962476033968,0.6263048016701309,-8.02519857573268,-0.1100633607996023,-7.093946863872917,0.6050539803060737,-6.902218570254728,0.5026611472501376,-7.285675157491106,-0.16810688058513434,-7.121336620104075,-0.25297093775739127,-7.20350588879759,-0.5693490638023119,-8.682552725280743,-2.0765412517990014,-8.24431662558203,-1.534301334430647,-7.093946863872917,0.46500607173532393
CYBERUSDT,1713132000000,7.150144734968923,9.0319,5.103854044599806,4.00280506685353,-2.2561144388223973,-2.6201574419557447,1.3140961240687665,1.2307978975881044,-0.7595301099436441,3.6236424635774442,-3.9847651103311557,0.08066926639438443,-2.7723956199692297,1.0382844374693618,-4.576002834398072,-0.7216702663786856,-5.060950630542859,-1.2636247861141798,-5.530397812198977,-1.5209748643264467,-2.4679192639422602,1.423311357706847,1.1293304841727687,4.331864401358832,1.1038651889414224,3.4753934888780527,0.357621319988035,2.674065742122055
DASHUSDT,1775811600000,6.653475142221117,43.12,11.02242591209864,2.943634063074455,4.840572387365683e-15,0.2203153988868331,4.253266914423397,4.1093730237535455,-4.5222634508348705,4.702321914498624,-2.643784786641931,5.533070212926401,0.3014842300556646,7.629902448735821,-2.643784786641931,3.421940824320652,-0.9044526901669773,4.090034347518928,3.6641929499072483,7.253401156513192,2.0640074211502797,4.1287116999881635,2.435064935064945,3.311970809748805,0.13914656771800157,0.3509261195937702,2.110389610389619,2.110389610389619
DEEPUSDT,1754560800000,5.998903057726593,0.15461,5.998903057726593,7.6900037960708785,0.6597244680163036,0.7890822068430327,2.5118432688534864,1.6182813663748155,0.7632106590776886,6.107353752477494,1.7269258133367864,6.249451121064122,1.351788370739285,4.891126090245198,1.2094948580298885,3.822344893477277,0.8149537546083767,2.6338315664713265,-0.7179354504883254,0.4929720387306958,-0.032339434706677765,0.6027311662783044,-0.3169264601254708,-0.23110236475334445,1.0542655714378064,0.4661929717390449,0.7438069982536784,0.08353145280474138
DOGEUSDT,1635397200000,13.911723999933306,0.273256,13.081727014910726,8.055290668281097,11.617567409315807,10.701320373569114,10.472919280131498,7.372764869627687,7.541645929092139,19.006042149255677,20.096539508739056,28.39371605501465,10.292546183798347,15.094789245634773,9.551848815762504,11.69441332048325,6.566369997365102,6.359727218504606,8.450683608045203,6.025175737870075,13.847454401733177,8.385802520750769,11.110094563339882,3.334728759738214,12.046213074918748,1.9062000846075733,16.672278010363904,4.52859770945539
DOLOUSDT,1775131200000,8.535327488396081,0.04209,14.340822036891144,4.597415506958262,-14.046091708244242,-15.53813257305774,-3.505878296689415,-5.814720531122255,-5.108101686861485,6.834291828273376,-8.434307436445723,1.8256757113794213,-15.181753385602278,-6.203200126113349,-15.419339510572588,-6.6841415465268765,-16.72606319790925,-7.8916248390403,-15.680684248039917,-6.3514262342665635,-16.179615110477556,-5.849701110162253,-16.84485626039439,-5.779739952082257,-15.656925635542896,-3.5823895271463306,-15.229270610596338,-1.3765271712090177
DOODUSDT,1765476000000,5.281969817315342,0.005302,6.127024159811065,7.97710934158809,5.763862693323265,6.233496793662762,5.011188081299604,4.996460977121977,2.9800075443228833,8.225966303270555,3.753300641267437,7.883898803686989,6.808751414560531,9.436295823912491,7.789513391173129,8.834339471729729,5.658242172764993,5.324509287809279,5.997736703130888,4.360098046497814,7.789513391173129,4.668412666434676,6.9030554507732935,2.52885206758078,6.469256884194635,1.000161027714647,3.489249339871735,-2.15065268564092
DOODUSDT,1765760400000,5.410334346504556,0.005202,1.7764908436374898,5.142949540681747,6.693579392541329,6.497500961168777,4.25228115329689,4.279222130352654,4.575163398692817,6.040817917779382,3.3833141099577073,4.338041285115612,6.843521722414447,7.061678930538949,10.303729334871203,9.278586120210257,8.554402153018072,6.537119139703811,7.1895424836601345,4.220402975589697,5.209534794309872,1.4476635340784694,5.228758169934634,0.5861707796622561,6.151480199923106,0.38539848749272587,9.496347558631289,2.626932362797733
DOODUSDT,1765861200000,6.850937808489636,0.005412,2.956283529277479,9.38747460864468,0.06467110125646296,-0.3510716925351137,1.4303528543454753,0.2595458800725903,3.436807095343672,6.058883710355792,5.025868440502581,7.235166493726992,-0.0369549150037004,2.0465905875695576,-2.3466371027346704,-0.20205072039578853,-1.7923133776792288,0.011290079783245024,0.40650406504064024,1.7774531288044675,-1.0901699926090174,-0.14922589069202252,-2.864005912786396,-2.3098507795514083,-0.665188470066527,-0.672529746508015,0.572801182557276,0.5078016803619355
DOTUSDT,1629162000000,9.670567656490773,26.333,5.2019703646293,2.9684619249741364,-0.02544336004252818,-0.04367143887897256,2.3455400866757845,1.949584003398754,-0.3455739946075173,4.5185701483620395,1.7012873580678254,6.072608306466295,0.7329206698819025,4.615942829197498,-0.710135571336337,2.5333333333333363,-1.2911555842479014,1.423827751569561,-0.07595032848516908,2.0801651097110616,-0.011392549272776038,1.6021732755028102,1.0329244673983293,1.8190028970864462,-1.556981733946,-1.5053649047083644,0.2696236661223617,0.29514212023716413
DRIFTUSDT,1755871200000,5.045045045045056,0.5247,3.8187574198654493,0.4306632213609121,3.453401943967967,3.6497045931008087,3.3272241845448094,3.786300696975511,1.600914808461971,4.909967529272858,3.0684200495521043,5.666275889019131,3.449590242043052,5.342829972635695,4.021345530779473,5.147568775525924,3.602058319039435,4.014389039837741,4.0022870211549275,3.5582123541132806,3.7545263960358186,2.436729701759341,3.678292357537637,1.4092908806203883,3.7354678864112727,0.62486134733416,3.6211168286639803,0.1621163553295737
DYDXUSDT,1668124800000,7.312826465467201,1.849,7.857434521378977,8.745515497265192,1.7090319091400772,1.4602487831260154,3.4873222222264757,3.3663481810438975,0.9194159004867565,7.222892604723333,0.37858301784749143,5.084361906918815,-1.946998377501354,1.4379231242656427,-1.0275824770145974,1.7797552836484998,3.0827474310438046,5.002203613926827,2.001081665765274,3.302842745248387,3.4072471606273638,3.884813909263781,0.8112493239589035,0.7295325587679163,4.705246078961599,3.429853616839408,4.759329367225532,2.9990428586621416
DYDXUSDT,1758690000000,7.483333333333341,0.6449,6.149389340619558,6.497345410408626,0.3225306249030812,0.5582260815630231,2.3751878748557194,2.776483252825635,1.2715149635602396,6.6163866986630016,-0.5117072414327928,4.100076257848864,2.0623352457745354,5.816533230442749,0.2636067607380871,3.1342212297631304,1.178477283299727,3.3254156769596235,0.8528454023879593,2.41874527588814,1.1009458830826477,1.927556396266835,-1.4110714839509997,-1.1981165793849178,0.12405024034734423,-0.3672386125169636,-1.7056908047759358,-2.02170082537327
DYMUSDT,1727222400000,7.991242474001102,1.973,9.580672035545673,7.581995147086909,-0.03547896604156486,-1.1403953370501811,2.6068309268680077,0.08663383897868249,6.082108464267607,14.059945504087178,4.967055245818554,10.914738646101126,2.5342118601115073,6.856116627931565,-0.9630005068423785,2.180620195576,-0.7602635580334579,1.4560339913985187,-3.6999493157628063,-2.1727937390588115,-2.8890015205271244,-1.9597809957529553,-2.128737962493666,-1.7102718110556894,-2.1794221996959022,-2.2735328371056953,-1.317790167257984,-1.2827663134411538
DYMUSDT,1752966000000,6.055646481178401,0.324,10.538705605404125,7.302533532041733,0.058641975308638995,0.26234567901234246,4.204662824661608,4.075050569033496,-3.487654320987664,5.406863075574712,-3.4567901234567864,4.3466657770957875,-3.703703703703707,3.126859258279905,-2.3456790123456774,3.3885566774499387,-0.7716049382716056,3.803435360971204,2.3148148148148167,5.748373101952271,1.38888888888889,3.7291989011335964,1.2962962962962905,2.784128276596396,4.753086419753076,5.175085218469165,4.598765432098756,4.537462599093107
DYMUSDT,1753610400000,5.6584002794271715,0.3025,5.584642233856878,2.3290428428868735,-1.4380165289256177,-1.4710743801652924,1.44462945976172,1.3044190153267525,-1.6859504132231382,3.2101336109665035,-2.214876033057846,2.2326674500587425,-1.2231404958677623,2.6839410289013506,-1.4876033057851255,1.9535392931677227,-1.8512396694214857,1.1343120891099225,-1.4545454545454595,1.1399877858451428,-0.661157024793389,1.4688502448083622,-0.8595041322314021,0.8338376706341329,-1.5206611570247912,-0.22774465804808042,-1.4214876033057755,0.016770082173400803
EGLDUSDT,1678795200000,5.250596658711224,44.1,3.862458784738596,1.10620737089473,-0.02267573696145635,0.056689342403624915,1.3678519512194725,1.4697831447859588,0.5668934240362812,4.0713363839023975,1.5873015873015774,4.599579733831424,1.0204081632652966,3.5324192423890386,0.9070294784580466,2.8901734104046244,1.1337868480725624,2.4933930828449977,-0.45351473922903135,0.44617320672691974,-0.45351473922903135,0.04557885141293532,-1.473922902494328,-1.2612203158731956,-1.8140589569161096,-1.914146562464603,-1.2471655328798281,-1.2247675209798121
EGLDUSDT,1734696000000,6.720702465383323,31.6,-3.92800681016661,2.0803721411035196,8.806962025316455,9.778481012658228,4.503454151814252,5.2052828624697,1.962025316455688,-1.0806827950386737,3.0696202531645533,0.7641617424125453,6.930379746835436,4.710257204834221,7.8797468354430436,5.5614045952808775,9.841772151898732,7.364904574839927,9.715189873417723,6.441115068156695,12.151898734177204,7.540585647094522,11.04430379746836,5.125977410946998,10.917721518987328,3.322229755623015,14.556962025316459,5.284588313992402
EGLDUSDT,1737352800000,5.4037071944706225,33.55,5.070307851304364,3.116547823948866,-1.7049180327868743,-1.9523099850968633,1.1068411429795197,0.5317172416824879,0.6855439642325007,5.602100787795428,0.8643815201192437,5.476420534239333,-0.35767511177346484,3.758651727241685,-1.4307004470938804,1.8760974708111327,-0.6259314456035582,1.9042088211021935,-3.785394932935905,-1.6333495855680198,-3.1892697466467967,-1.3395704869232694,-2.473919523099846,-0.9445386292080336,-4.2324888226527415,-2.818946222249093,-2.503725782414296,-0.8126629874461568
ENJUSDT,1698307200000,6.3022019741837525,0.28,8.809699607507879,7.444359171143526,-6.696428571428578,-6.76785714285715,-0.5301081753905891,-0.976470526464245,-2.5714285714285854,5.194154166505989,-5.571428571428571,1.4426028238182877,-5.214285714285714,1.2783819881702039,-4.392857142857155,1.559239728366024,-6.178571428571441,-0.5940893782873428,-9.142857142857146,-3.6764984286850164,-9.321428571428575,-3.8912862442274045,-9.25000000000001,-3.706230104593001,-7.357142857142859,-1.5485046303324834,-7.964285714285728,-1.3588516746411474
ENJUSDT,1736946000000,5.048943843379703,0.2039,2.606682769726243,1.9525488137203388,2.7905836194212847,3.236880823933298,2.825713502358716,2.8146478732262246,1.0299166257969548,3.294389008674719,1.912702305051503,3.77546943667598,1.6674840608141315,3.1189374720191143,0.8337420304070657,2.075265614139603,3.334968121628249,4.080221300138307,3.3840117704757184,3.4296648839605495,3.138793526238347,2.5103582744333353,3.580186365865621,2.142477148522522,4.168710152035315,1.8216682646212974,4.855321235899948,2.0086836204017327
ENSUSDT,1673888400000,7.579217813302878,15.074,6.953313466723432,6.312526668053696,-1.887355711821679,-1.5457078413161773,1.4907206453739201,1.465010630411132,-0.7031975587103614,5.415131944982418,-0.616956348679846,4.7680989146245745,-1.3798593604882592,3.3301128109599634,-0.3648666578214125,3.6479324242257,-1.6518508690460434,1.6580723023753332,-1.439564813586311,1.2719489584469308,-2.520896908584311,-0.3506106865052085,-3.821148998275179,-1.904001515623095,-3.582327185882972,-2.006526605356126,-2.7928884171420947,-0.9229520943912901
EPICUSDT,1759154400000,6.740740740740746,1.8733,6.6295543678101945,9.040850300934814,-1.934553995622697,-1.913735119841987,1.4330014799351447,1.9619279020503742,-2.5302941333475624,3.3438607215222973,-1.6975391021192574,3.4608685881229215,-1.8843751668179092,2.534922122550997,-3.096140500720656,0.8740977011174905,-0.48043559493940624,2.9823621368715845,-0.6352426199754455,2.2494438188360046,-0.8434313777825247,1.6744119852647434,-1.9430950728660645,-0.0005443924852097006,-2.5036032669620423,-0.9571323987961251,-3.7313831206961017,-1.8322754836532538
EPICUSDT,1759885200000,5.274374001065527,1.7784,3.8257427592286684,3.2258064516128857,-0.9772829509671588,-1.377642825011244,1.0265656555392222,0.7546724640172969,3.699955015744494,6.9616105140444295,-1.8556005398110615,1.0350097249235837,-1.6363022941970256,1.0350125333548923,-2.434772829509666,0.07382542593809899,-1.3439046333783193,0.9569185267022101,-1.1133603238866419,0.8394687951558386,-0.8771929824561436,0.6698761328787552,-1.411381016644169,-0.21569754537332642,-0.46671165092217576,0.27929321255177125,-2.333558254610879,-1.3696607647840287
EPICUSDT,1780318800000,10.119047619047624,0.333,12.816343124301241,6.07798165137616,4.777777777777773,3.8738738738738636,6.609395319025073,6.537637965650864,0.9309309309309283,10.94606192645409,1.1711711711711588,9.01854188913696,0.6006006006006012,6.325578442885709,3.243243243243236,7.032782291958513,3.8438438438438367,5.843102445593951,3.90390390390389,4.418155480444226,4.384384384384385,3.9660226117126434,8.618618618618619,6.749697488416021,13.453453453453454,9.074111499263813,7.62762762762762,2.719899114384798
ESPORTSUSDT,1777449600000,6.426056338028169,0.39897,7.6458589652269735,1.0425385617703697,-6.51001328420683,-6.005464069980194,0.02924534038376673,0.34772901747291785,-7.805098127678773,-0.7859870962173285,-6.120760959470636,0.8147544028229752,-5.824999373386467,0.9687604971447833,-6.9353585482617675,-0.2031952179241927,-5.890167180489753,0.771885752320232,-8.597137629395693,-2.2555181795033317,-7.058174800110288,-0.7279220622762963,-5.797428378073535,0.22266369781735568,-5.509186154347445,0.47279433712848007,-5.561821690853946,1.01421727252499
ETCUSDT,1605693600000,6.395446174451709,6.355,8.829674281604275,8.465608465608474,-4.868607395751385,-4.610542879622353,0.89819411132455,0.2878027710822119,-1.872541306058232,5.843814179269134,-3.666404405979552,3.1820939796399856,-4.1227380015735715,2.429183827855759,-8.78048780487806,-2.325189553496222,-5.979543666404418,-0.16207997059168355,-6.262785208497255,-0.8983530194643199,-4.956726986624711,-0.05956714541001396,-4.956726986624711,-0.3102924671552074,-3.8237608182533487,0.6471585950236285,-4.264358772619996,0.6351726875744378
ETCUSDT,1658898000000,5.813263732352602,26.757,6.635581061692982,0.08958947819273448,1.3659976828493428,1.446350487722834,2.9879514539608927,2.586349679335079,0.31767387973239636,5.830077316437515,1.7191762903165424,6.0087324678764364,0.6951451956497363,4.021805855304569,1.1735246851291252,3.7485292934093377,0.9305976006278684,2.794240233862041,0.52322756661807,1.7415250069978738,1.9434166760100144,2.378459124808117,2.418058825727841,1.986966926062809,2.148970362895688,0.9507065663019839,1.7901857457861463,0.4184717485482473
ETCUSDT,1674388800000,6.64902112901018,23.37,5.8016614980645915,0.42563797352493926,-2.688917415489947,-2.5374411638853305,0.7383459213098492,1.0737411119758948,-2.6059050064184923,2.6435413171708335,-0.3551561831407871,4.393707776517564,-1.865639709028669,2.35377076397133,-1.8271287976037636,1.9679825068221697,-1.6645271715875025,1.6682961789779578,-2.468977321352168,0.4791860449738317,-3.1236628155755257,-0.535544045092897,-5.1861360718870335,-2.7219246641496224,-3.9837398373983777,-1.7152418245687824,-3.8083012409071486,-1.1503148415238937
ETCUSDT,1688140800000,6.220669517155062,20.371,1.6664088116543807,5.219933472448898,1.5610426586814659,-0.0441804526041852,2.8191997219050955,2.472756106868716,-0.15708605370379478,1.312545142088618,-4.049874822050952,-2.2866112760830823,-3.3184428844926535,-1.2276953630427483,-1.8408521918413432,0.4778678351230277,0.06872514849542438,2.589781785973113,-0.3927151342594782,2.3557304277643194,2.6066467036473537,4.56855839269991,9.493888370723093,9.872517339218163,7.412498159147816,6.367671150303108,5.787639291149193,4.161631785006528
ETCUSDT,1713132000000,5.063044072295743,26.914,4.301254451811934,2.8201621344906465,-0.2459686408560649,-1.367318124396233,2.0768866755919153,1.448971509354969,0.11518168982685147,3.8667175496012383,-1.816898268559117,1.5100703367791073,-1.6608456565356422,1.387872681930831,-3.4257263877535875,-0.44240160873311224,-2.381660102548866,0.34373448420730957,-3.046741472839415,-0.3707366242731215,-1.0737905922568234,1.2977526166208242,3.931039607639146,5.425818998658238,3.644943152262756,4.240626004289961,3.2548116222040484,3.5094123168378775
ETCUSDT,1714237200000,5.029340956966596,27.921,4.1206742243436905,3.612387768090233,-0.4892374914938552,-0.6822821532180084,1.6604066195472833,1.5109622975497294,-0.9777586762651758,2.742856718159485,-1.514988718169114,1.8825560672696176,-1.769277604670319,1.2559623137469151,-1.7155546004799227,0.9580010006769177,-1.3180043694710022,1.0533342135569048,-0.37247949572006445,1.6751526936586947,-0.3868056301708411,1.3467719014407644,-0.22205508398695467,1.0988452689412955,1.375308907274096,2.079824583548212,2.0092403567207477,2.5107614344740266
ETCUSDT,1715173200000,7.201937406855439,28.773,5.864043091776071,4.130777805121663,-3.8205956973551594,-3.94293261043339,0.1318739301615802,-0.3937378823655878,-0.05213220727765812,5.335257532580739,-1.2963542209710532,3.655309597240712,-2.491919507871959,2.0748971283249222,-2.405032495742537,1.6473671445998068,-3.475480485177076,0.20782669562770434,-4.4103847356897035,-0.99530246035888,-6.186355263615199,-2.853255979673082,-6.186355263615199,-2.9625661912996013,-6.06818892711917,-2.905610760243995,-5.633753866472036,-1.8851834051825223
ETCUSDT,1716231600000,5.795458570973111,29.865,5.677535783160234,5.884542771292575,6.660639544617451,6.566214632512983,5.10327474855003,5.3452965961898355,2.9800770132261865,7.8014532428065175,9.422400803616286,12.712247312310101,6.325129750544126,8.086948826000237,8.364306043864058,8.542029306314376,8.227021597187358,6.814629261828376,6.536079022266874,3.875963930551295,6.596350242759091,2.7266860277508953,6.780512305374191,1.719567859295898,5.153189352084385,-0.8349016685402545,6.221329315251969,-0.4118766128171474
ETHFIUSDT,1736946000000,6.124319370316455,1.9685,4.327318016800476,7.972465238735149,2.6578613157226343,2.819405638811283,3.334830950521595,3.501897368964603,2.0980441960883867,5.826290709001391,1.0871221742443529,4.23072289472168,1.7932435864871785,4.335239047351283,0.3911607823215667,2.48511626942144,2.6314452628905407,4.109123139712255,4.211328422656855,4.677685191327384,3.3070866141732256,2.8946715982169504,3.0073660147320256,1.7099633328484485,3.8658877317754663,1.590992656192557,4.185928371856745,1.488504666422558
ETHFIUSDT,1737295200000,6.212088388214906,1.9611,7.011895667357855,7.566574335627897,-2.257406557544238,0.7011371169241716,0.8618805997295726,4.04652519161064,0.6628932741828515,7.372073796884518,0.7393809596654917,6.866595263596338,2.7076640660853677,8.084613155607096,3.32466472897863,7.383226107324925,2.687267349956644,5.595435978375411,0.7801743919228937,2.497614404845869,-5.134873285401051,-4.25657837178544,-6.159808270868391,-5.570436049793223,-8.622711743409313,-7.791419250599442,-13.558717046555504,-11.562319037160321
ETHFIUSDT,1737352800000,9.95297805642633,1.9642,9.643026598565406,6.11561318206376,-1.5762142348029704,-2.0160879747479874,2.917250145811618,2.3426469226018396,0.6567559311679123,9.64883091530238,-0.20364524997454453,7.993454942124717,0.15273393748091404,7.342998859562491,-1.5324305060584469,4.178786115958903,0.29019448121372765,4.670563230605731,-2.8153955808980706,0.5065077292447762,-3.0495876183687933,-0.5208251709528976,-2.499745443437528,-0.7071974449640633,-3.9863557682517072,-2.7229727290077266,-2.7746665309031666,-1.2176449897581323
ETHFIUSDT,1760169600000,5.52658142664871,1.2545,7.19290450475085,2.3275542123959476,-5.6141889198884005,-6.030290952570736,-0.3061956581798639,-0.9163218545935314,-2.957353527301707,3.6729201972289074,-4.137106416899168,2.0960854394648045,-4.870466321243518,0.5027664788661252,-6.042247907532871,-0.6649305994488554,-4.8306098047030686,0.267907382989983,-6.018333997608601,-1.1677131097382074,-6.066161817457159,-1.4691003954948774,-7.046632124352335,-2.4412689913660386,-7.038660821044244,-2.2480763105396444,-7.134316460741324,-1.6105466737608352
ETHWUSDT,1755871200000,8.033096618672223,1.6582,5.910606389637602,7.7249900928349975,19.202749969846828,21.007719213605125,11.727895906561429,11.169157634356694,0.8503196236883368,6.118486179150693,9.045953443492953,12.954610761984492,26.993125075382945,27.30405344134449,26.649378844530215,23.025822476333303,21.058979616451587,14.652228047930729,20.95645881075866,11.662268541715386,23.242069714147885,10.676046726998003,20.516222409842,5.5422348504853565,23.097334459051986,4.995139113929913,19.617657701121708,0.34806892574192294
FETUSDT,1748210400000,5.269072293669623,0.8431,3.936289557059558,7.832604302560556,5.613806191436371,5.835606689597922,4.896406330389169,4.884043691997515,0.687937373976993,4.290031696110478,3.1787451073419577,6.090541002000095,2.9771082908314566,5.087330694651223,3.131301150515964,4.423120804160114,5.776301743565423,5.981199567423688,5.894911635630421,4.959969903951289,6.831929782943896,4.808117480043742,9.915786976633854,6.364418938307017,9.785316095362356,4.739057620060656,7.958723757561387,2.2202755971833907
FILUSDT,1621504800000,6.6530267524712485,89.66,15.728699710742786,9.54017195827796,-1.475462859692164,-2.402966763328119,3.108427573121367,2.1771902733315676,-2.3979478028106085,9.749811565430381,-0.834262770466195,8.69437652811737,-3.1574838277938917,4.061975294733809,-2.5139415569930748,2.949403959157579,5.461744367610981,9.045052857852928,-3.4307383448583466,-1.3869875105066147,-0.3178674994423339,1.4049765875055564,-1.9930849877314207,-0.457988633544515,-2.40798572384563,-1.2634745606838973,-3.16306045059112,-1.7128703568489283
FILUSDT,1631030400000,7.046608436199138,88.975,-7.142827324795031,9.234169946147142,-5.4059005338578165,-4.973307108738399,-3.100394830759126,-1.0102884949737803,-5.871312166338847,-10.438902951149954,-7.432424838437764,-10.087017845699714,-9.132902500702436,-9.8148532367777,-7.149199213262142,-5.9158214571237675,-4.670974992975546,-1.771082928094712,-4.827198651306533,-0.24949406185284873,-5.1194155661702645,1.058105417897169,-2.870469232930585,2.6366701543570223,-2.6726608597920767,2.4225062922241287,-4.312447316661972,1.155942308629123
FILUSDT,1667455200000,5.774816333504187,6.191,10.468747211962235,1.172529313232827,-4.0074301405265675,-3.8442900985301174,0.9049669108593861,0.336763585281194,-3.1174285252786245,5.531705257231332,-0.6299466968179568,6.439669192705636,-2.422871910838305,3.0605977889995946,-3.052818607656276,1.4211122188614254,-5.831045065417538,-1.7774408221716813,-6.913261185591987,-3.0369311012030002,-6.525601679857856,-2.6429568816137126,-4.57115167178161,-0.7475850482990374,-4.635761589403972,-0.8996911507989847,-2.3744144726215515,1.7011896548822922
FILUSDT,1762506000000,9.990485252140816,2.312,8.55989106446918,1.5727967665407085,13.901384083044993,3.0925605536332235,14.34670771275891,8.688216848637165,-3.243944636678189,4.148237813678485,-9.645328719723178,-2.674245247856872,-10.2508650519031,-3.3084808946877784,-6.185121107266427,0.8461967639948028,-1.5570934256055378,4.686996918265034,7.7422145328719845,12.689436779009295,28.28719723183393,29.45181564245811,47.49134948096888,41.33543333195176,44.20415224913496,31.472061201151476,42.17128027681662,24.819624819624796
FILUSDT,1762527600000,9.446397188049223,2.491,12.689436779009295,9.436780599244349,31.76234443998394,34.60457647531111,18.10681794042935,22.43235865994731,19.0686471296668,29.45181564245811,36.89281413087114,41.33543333195176,33.841830590124445,31.472061201151476,31.95503813729425,24.819624819624796,36.65194700923323,23.77731718846586,40.545965475712556,21.08740013142876,35.8089120835006,11.942027067271086,35.36732236049778,7.306517311608962,18.105178643115217,-8.3203490183858,29.385788839823352,-1.803668271281475
FILUSDT,1778036400000,8.090865152247472,1.1182,11.815527378904871,6.368608799048757,-1.5122518333035337,-1.2922554104811468,2.9835100927400178,2.847716483396423,2.4950813807905394,12.415646578782164,-0.26828832051512375,7.72277227722772,-2.9422285816490925,3.863416688199189,-4.221069576104465,1.6505158455215896,-1.2877839384725622,3.5013033775293896,-0.16097299230907028,3.3081941424143038,0.22357360042925653,2.3872388243785423,-1.2967268824897316,0.20063731854125277,-2.620282597030952,-1.628829284597941,-5.043820425684135,-3.58579484059603
FLOCKUSDT,1779076800000,5.117436615336757,0.06758,4.557972584088876,4.39080903649355,0.10802012429712853,-0.03699319325243747,2.174750524124554,1.9229539177536248,-0.5770938147380903,3.6818714894142324,-0.6954720331458984,3.2668072075953867,0.843444806155669,4.498895976447485,1.1393903521751891,4.330438233633008,-0.5770938147380903,2.073680212685158,-0.3847292098253867,1.5032492498831656,0.6954720331458984,1.7722276228220917,1.405741343592768,1.7127760626929296,0.3107428233205118,0.09449842010455142,-1.0802012429712853,-1.1869392340324663
FLOKIUSDT,1759528800000,6.8127053669222395,9.752e-05,8.529202279202279,0.8735408660932727,8.707957342083674,8.106029532403609,8.365501267847737,8.539051099459217,0.1025430680885997,7.4045549565408875,4.3478260869565215,10.145366772381387,2.6968826907301,7.212058278826272,2.3072190319934376,5.678484042834905,6.039786710418375,7.718750000000013,10.172272354388843,9.863590813342327,14.42780968006562,11.549842056859521,17.46308449548811,11.744105510628126,17.57588187038556,9.359352198918419,11.946267432321573,2.9789080481455055
FLUXUSDT,1762851600000,18.627997769102073,0.2127,20.900358096970404,7.901077996195295,-5.665256229431125,-5.688763516690173,4.244596042056908,4.961298320995205,-2.8678890456041346,14.91823339637335,-6.2059238363892755,9.064071725344402,-6.4880112834978885,7.033310014529408,-2.6798307475317396,9.35601458080193,-2.773859896567931,7.3895206937737035,-5.406676069581575,2.8892866274610016,-5.829807240244473,0.9932940049412593,-5.547719793135874,-0.20862308762169862,-8.83874000940292,-4.379130091725035,-10.014104372355437,-4.610017443309249
FORMUSDT,1777737600000,7.118644067796599,0.2844,6.632672190768972,4.7571689043593395,-0.5168776371307935,-1.2658227848101238,1.9568206195754005,2.2522845397362836,2.250351617440231,7.903525046382183,-0.10548523206749894,4.656302954394748,-2.0042194092826944,2.028115390247491,-0.9142053445850883,2.476453689225077,1.1251758087201251,3.7667773127435433,2.6019690576652663,4.277597112532602,-1.6174402250351594,-0.5049427494488219,-2.0745428973276936,-1.346085724406649,-1.6526019690576588,-1.4168898914422752,-2.777777777777765,-2.272646944473895
GALAUSDT,1673236800000,8.918296892980432,0.03786,10.192677105768666,9.922334325324808,1.2810353935552126,-0.0660327522451063,4.702410354942829,4.060551889493999,3.0375066032752382,10.704353255008812,-0.9508716323296335,5.648682913086329,1.5055467511885923,7.262476275538686,-2.35076597992603,2.472420865901668,-1.8753301637612134,2.1783376423345646,-2.7997886951928117,0.23697327921988615,-2.773375594294758,-0.37080141824775553,0.8188061278394209,2.20639425909068,6.312731114632866,6.214540176804336,11.885895404120456,10.470726300691087
GALAUSDT,1716238800000,9.417260880255718,0.0445,-0.07410235106551377,4.305838783020412,-5.083146067415726,-5.22471910112359,-2.7330066758944254,-2.941355482526493,-5.123595505617972,-4.944164265129675,-2.8314606741572974,-2.540176257128037,-3.2359550561797685,-2.8583030658515067,-3.662921348314606,-3.0244078992014796,-5.977528089887631,-4.533734912268699,-6.674157303370788,-4.09661924995381,-6.831460674157307,-3.0900846150250194,-5.325842696629207,-0.5241783150736683,-4.853932584269653,-0.4209882640701609,-6.314606741573034,-1.2974099152421987
GASUSDT,1752285600000,5.143769968051119,3.291,5.409820313250691,7.1167021986427255,-1.795806745670007,-1.5800668489820668,1.387786832681302,1.041921835834247,-1.428137344272249,3.5892195682718113,-3.281677301731999,1.4663691424928218,-1.1850501367365587,3.2643210974215604,-1.1850501367365587,2.696898882081726,-1.3369796414463702,1.975440469834489,-2.15739896687936,0.6029930952604217,-2.5220297781829153,-0.2115217120816268,-1.731996353691885,0.24487771612783982,-0.9723488301428147,0.6174745291756721,-2.15739896687936,-0.36820446177169336
GIGGLEUSDT,1778425200000,5.938494167550377,39.96,8.648957285407425,1.5243902439024426,-0.4329329329329322,-0.5130130130130088,2.87208064331489,3.222221257944698,-1.351351351351349,6.190399224179736,0.20020020020019594,6.742022340113557,-0.8258258258258216,4.780286605679233,0.9509509509509573,5.5495957508045795,-0.8258258258258216,2.7988897823662175,1.1011011011010954,3.6455527335231777,0.9009009009008995,2.3246370926809377,-1.0010010010009973,-0.3576646012795401,-0.20020020020019594,-0.09519515005760987,-3.278278278278284,-2.857717344861388
GLMUSDT,1727654400000,8.815272318921949,0.3876,7.460700324378272,9.244644870349491,0.8230134158926724,1.2125902992776083,3.5685134057461054,4.178258064318193,-2.4251805985552166,4.207422919020183,-1.1609907120743046,4.852615157237875,-0.28379772961816047,5.050010871928691,2.786377708978322,7.125571390158636,2.192982456140353,5.474782979176659,1.934984520123841,4.149093209616204,2.52837977296181,3.670466699710425,1.3673890608875199,1.4852124499548065,1.0577915376676967,0.2559508574353726,0.23219814241486375,-0.5859924767777985
GLMUSDT,1737352800000,5.087668870365046,0.3656,5.649472619563634,1.0517005486532438,-1.980306345733036,-2.09245076586433,0.9295468887140166,0.47170703496269256,0.19146608315099398,5.358529640176039,0.0820568927789996,4.6864271000229065,-1.012035010940914,2.9616774303678715,-1.9146608315098488,1.2593889422262279,-1.2308533916849027,1.2392060109902376,-3.8293216630196825,-1.6558514208995248,-3.0908096280087465,-1.074968588580194,-2.8446389496717632,-1.01437966781852,-3.884026258205687,-2.168768618280024,-2.2702407002188116,-0.2957919410648525
GLMUSDT,1740661200000,8.792803250145093,0.3749,10.064000939463341,3.0327181784453074,-0.7228594291811182,-0.7335289410509549,2.917506447925208,2.3432861821470587,0.34675913576952994,8.816383200277667,-0.2133902373966452,6.88571428571429,-0.2133902373966452,5.719776182671107,2.0005334755934934,6.610164766232682,0.053347559349153896,3.461591504620054,-1.2536676447052646,1.2249808596740632,-3.094158442251267,-1.1993146773272334,-1.7871432381968482,-0.5697928762388271,-1.6537743398239486,-1.0785576303927795,-1.4137103227527412,-0.6958811359789453
GMTUSDT,1673694000000,18.067323105106475,0.5156,21.503475904324247,5.9183631545430275,-2.340961986035679,-2.8025601241272238,5.8145426317407924,3.7914753156311614,-2.8704422032583254,14.867654479563294,-2.695888285492613,12.084180424923503,-4.6741660201706665,7.29332663887009,-0.019394879751743407,9.676183992170538,-2.928626842513577,4.349095154699344,-3.2777346780449905,3.1522773342158557,-2.812257564003095,2.6444621970953883,-2.4437548487199274,1.3071237235906732,1.1055081458495033,3.233855476562978,-2.792862684251352,-0.46273310428374553
GMTUSDT,1779516000000,11.160318866253329,0.01255,17.740876254808146,0.7303956978890827,0.8924302788844576,-0.07968127490040207,6.447318408051648,4.9984806659654595,5.896414342629477,21.292324541389068,-0.15936254980080414,12.00500581031555,0.0,9.769964138896176,-2.231075697211161,5.367110347788756,-3.984063745019924,1.8596787827557033,0.15936254980079032,4.523532346582415,5.657370517928277,7.883817427385888,4.621513944223099,4.629850984142162,-0.39840637450198957,-1.3417521704814523,-0.6374501992031889,-1.5163481282577884
GOATUSDT,1746842400000,5.619469026548661,0.16709,13.620291037671695,0.01885567031907378,-1.697288886228972,-0.652343048656409,1.4926170498171298,2.9892105627586876,-1.2687773056436549,9.682395101291823,2.4597522293374845,10.403889931448973,0.5805254653180913,5.521580249394093,3.1360344724400164,6.331910062442921,3.997845472499862,5.594817790147252,-0.11371117361900518,0.45684087612328195,-1.1909749236938127,-0.7675339740468937,-3.9978454724998453,-3.832664880128045,-9.874917709019085,-9.306079184784569,-10.700819917409769,-9.158985473717536
GOATUSDT,1747551600000,9.259506337558374,0.16378,16.829663235535396,7.126972083409636,3.5504945658810536,3.2391012333618203,7.518724249597518,7.568887288619589,5.428013188423483,19.68448267496587,-0.9769202588838797,10.142959013888401,-0.09769202588839983,8.957241507901072,1.7279277079008422,8.712106382701068,1.8988887532055205,6.619901870591849,4.548784955428004,6.861796736043939,4.090853584076189,4.233412409205418,10.269874221516668,8.275977841195239,6.227866650384653,2.8226283066594187,2.387348882647452,-1.1232642471770926
GRASSUSDT,1772445600000,6.959833795013854,0.3089,9.186667137959073,1.7775654437323873,1.2949174490126212,0.7931369375202266,3.2830130145246215,2.449805182955587,4.3379734541922845,11.642246007828456,1.5539009388151412,6.911594301683581,-0.12949174490126625,4.043708475262217,2.6545807704758775,5.9259754142170085,7.963742311427651,9.523809523809533,-3.7552606021366133,-2.7827736176057085,-1.2301715765620023,-0.8514233718965329,0.03237293622531207,-0.4574447522711091,2.2337325995467845,0.8559018906489574,-0.7122045969569554,-1.9814637264301815
GRASSUSDT,1775595600000,5.54812834224599,0.3158,5.70003681761892,9.763303326266032,-0.436985433818879,-0.36415452818239774,1.556678713977437,1.7556909272635437,3.0715642811906223,7.678057494458947,0.5699810006333021,4.391270049960571,-0.9499683343888544,2.372770414007539,-1.2349588347055143,1.629195177582276,0.31665611146295153,2.5010515417219445,0.44331855604811804,1.8821866769448117,-0.15832805573147576,0.5934150076569591,-0.5699810006333197,-0.1938908489876353,-2.9765674477517474,-2.83195382615038,-2.8815706143128725,-2.4553145474206666
GRIFFAINUSDT,1752181200000,5.080875356803043,0.05522,8.427584040213643,2.6050763685012193,4.655921767475556,4.3824701195219165,5.205814792072187,5.045325112172853,3.9297356030423733,10.999361739164067,4.056501267656644,9.372620679153352,-0.054328141977535875,3.8167077368747826,3.4045635639261134,5.6546517652283255,3.875407461064837,4.753730116697411,6.1028612821441595,5.903405393680871,6.392611372691051,4.833960850091877,8.565737051792837,5.256689374253829,4.708438971387189,0.5862602856496893,5.577689243027888,0.8807599799276626
GRIFFAINUSDT,1752404400000,5.066250974279043,0.05392,4.768196479229015,0.18952766732318363,-0.0370919881305686,-0.2781899109792364,1.7179971193144437,1.2914138219096243,2.8931750741839743,7.073241339380491,0.816023738872396,4.25776754890679,-0.11127596439169972,2.8569246046902403,-1.3909495548961437,1.1201764896065103,-0.6862017804154344,1.3571063539833106,-0.4451038575667731,1.2257212898359378,2.188427299703265,2.9983550171975497,-0.4821958456973354,-0.2787585950566889,0.3523738872403481,0.03882489970234278,-3.505192878338284,-3.469387755102047
GRIFFAINUSDT,1775653200000,7.308248914616488,0.01483,1.721654434460522,6.522051429392335,9.14362778152394,10.822656776803779,6.482314912197964,6.129750551847243,3.77612946729602,5.889638089995866,4.7201618341200335,6.36986301369862,3.8435603506406006,5.097932164061975,8.428860418071485,8.83985379721133,10.18206338503035,9.283039058319947,11.46325016857721,8.957880166106381,13.351314902225214,8.795547213772577,12.137559002022924,5.68124046771733,11.935266351989217,3.6592981141501166,11.598111935266347,2.248857036945507
GRIFFAINUSDT,1776358800000,9.62250185048113,0.01481,8.070636310566266,5.102547725498539,13.173531397704256,11.883862255232946,9.688334577873295,9.309774169517322,10.263335584064825,16.23603103423731,7.427413909520595,11.212078848035771,10.465901417960833,12.408959736154998,12.15395003376097,11.949855091999732,10.330857528696827,8.391376451077948,12.424037812289003,8.433734939759056,11.613774476704924,5.542076363172014,12.221471978392971,4.089684975261482,21.2018906144497,9.377856315885676,23.63268062120189,9.241692023148966
GRTUSDT,1713132000000,7.9792099792099735,0.25969,6.839734227470007,8.546313692952975,1.054334013631647,-0.27917902114058135,3.7449607121417756,3.959281302242541,-0.358119296083787,5.5611762018211035,-2.1679695020986443,3.0146984287886456,-0.2002387461973757,4.293762575452721,-1.8021487157764884,2.1232799910295115,-1.1321190650390844,2.1016841309923784,-1.6866263622010842,1.1801911767037,1.6057607146982968,3.718553459119484,5.402595402210345,6.223538223320911,5.58358042281182,5.032713788823698,5.298625283992473,4.200009145365598
GRTUSDT,1715774400000,6.251647648100028,0.28213,5.098270030248407,5.712990336589424,5.566582780987495,6.2293977953425745,4.971982319163815,5.642571028432904,2.5307482366285172,6.936234552155778,3.367242051536529,6.877810476319632,3.7642221670861016,6.270214936274186,4.866550880799639,6.250561131960282,6.422571155141256,6.538123083910524,6.036224435543894,4.868336184413477,7.49654414631553,5.0345809249055264,6.798284478786385,3.1470267050531144,6.954240952752287,2.0325354451053275,7.42919930528481,1.7643997515403045
GRTUSDT,1736946000000,5.5589184826472975,0.20926,3.6243259169757467,5.880448091966117,1.870400458759437,1.7609672178151619,2.605898899845114,2.606864513891013,1.500525661856066,4.713590581692877,2.265124725222209,4.924591578575756,1.4957469177100229,3.626614363012727,0.6116792506929195,2.3957512620735875,1.9258338908534864,3.2191562055381833,2.2268947720539027,2.8179777657084393,1.414508267227368,1.3321873657069125,1.596100544776837,0.8127613971529742,2.3845933288731693,0.8296978168076101,3.282997228328389,1.386660662182074
GRTUSDT,1737352800000,7.069086533640831,0.21356,7.4645491782655435,6.46114885916681,-1.4754635699569187,-1.2689642255103972,2.110891536436065,1.7433776971937602,-0.5853156021726921,6.266579908904352,0.08428544671287388,6.296001591406407,-1.123805956171574,4.280662939770465,-1.6576137853530566,2.718353532685784,-0.7772991196853319,2.629424955562761,-3.7787975276268932,-0.9643791778920545,-1.451582693388271,0.8573304388247591,-1.0114253605544088,0.6906406287211273,-3.0389586064806124,-1.727959147837562,-1.4141224948492204,0.06225969421461059
GUSDT,1736287200000,6.704410011918957,0.03581,0.34747520035868157,3.6153990827679015,-8.882993577213075,-9.522479754258594,-3.965581642800154,-4.755507161715489,-0.44680256911477356,0.5273101542452687,-7.930745601787216,-5.84304318026045,-7.567718514381469,-4.627441940874786,-8.51717397375036,-4.88357238255619,-9.382853951410224,-4.927926872143451,-11.03043842502095,-5.672666982472765,-10.611561016475859,-4.35925782066988,-12.594247416922647,-5.57214830904758,-11.086288746160292,-3.4420015163002193,-9.662105557106965,-0.8550675779214855
GUSDT,1773626400000,9.374273086764358,0.004702,26.605455181884263,1.300184201738583,8.156103785623149,2.7754147171416506,14.647297234829916,15.020209038171469,-1.616333475116965,20.5943691345151,-6.0612505316886365,12.211975713233231,0.021267545725226135,15.69495694956949,-1.7439387494683032,10.433847257081398,-0.9783071033602545,8.175925280546467,5.529561888558075,11.360473988958212,18.92811569544875,19.709716781195812,21.437686091025103,18.2512891668565,22.160782645682698,15.499075042226341,23.883453849425795,14.541343034116599
GUSDT,1773637200000,6.474983020149418,0.004703,15.69495694956949,1.321728264733426,12.415479481182235,12.981075908994267,9.921538184213059,10.897160623019804,-1.764830958962359,10.433847257081398,-0.9993621092919266,8.175925280546467,5.507123112906667,11.360473988958212,18.902827982139062,19.709716781195812,21.411864767169895,18.2512891668565,22.134807569636408,15.499075042226341,23.857112481394868,14.541343034116599,16.223687008292593,5.735564367927281,9.738464809695941,-1.5808844562253348,9.143100148841182,-2.9109686205526746
HAEDALUSDT,1776441600000,5.898043864848841,0.03573,9.37308681278316,1.5143336079779492,-7.567870137139654,-8.144416456759025,-0.9132142800597753,-1.600266932822844,-1.2594458438287126,6.541040043486143,-7.75258886090119,-0.8960250165373527,-8.312342569269523,-1.966065176407232,-9.65575146935347,-3.6130188115855355,-9.235936188077238,-3.1882500447787914,-9.151973131821984,-3.072650721132298,-8.06045340050378,-1.8289402904787564,-7.864539602574867,-1.26270957679733,-8.22837951301427,-1.3715935751669317,-6.1572907920515,1.5260703688003316
HBARUSDT,1713880800000,5.476761946323365,0.09668,8.168585461909398,5.349184382866043,34.70935043442283,30.33719486967314,21.192201063488703,22.069729355032372,4.447662391394289,11.546831332088773,13.560198593297473,18.486941506583214,27.32726520479934,27.993179242438426,26.0757136946628,22.464357838261435,30.068266446007446,21.675100871803313,30.60612329333884,17.78478414984514,35.08481588746379,17.154211182575764,52.834091849400075,25.808868605680818,60.48820852296234,25.333204090534565,66.60115846090193,23.674531815075596
HBARUSDT,1761631200000,8.767041496666334,0.2186,12.338763554139476,1.8048708927020458,-5.47941445562671,-5.009149130832565,0.8662607898347021,0.7272065155476303,-3.2113449222323878,7.088447425028464,-3.6459286367794954,5.060752977793761,-4.44647758462945,2.9457425469312972,-5.85544373284537,0.6371731614644706,-5.192131747483989,0.81723986963079,-4.20402561756632,1.1393328213821714,-4.826166514181142,-0.05764519383196857,-8.060384263494967,-3.475237253621249,-7.150045745654153,-2.6125758702588606,-8.202195791399818,-2.880622586171856
HIVEUSDT,1780203600000,16.525227588335127,0.07552,21.696532164496592,9.812931228779348,-10.260858050847462,-12.049788135593225,1.123253808009285,-2.8462660301976173,2.95286016949152,21.569853803455533,-5.5879237288135615,9.339058426621682,-10.527012711864405,2.1466364323507037,-14.155190677966106,-2.97088977026117,-9.706038135593225,0.9220477452010576,-13.91684322033899,-4.196999616846949,-12.698622881355934,-3.455850051252015,-11.400953389830516,-2.7216422901340644,-13.01641949152543,-4.617395092202723,-14.552436440677965,-4.7822815068392
HOTUSDT,1737352800000,6.352087114337586,0.002344,5.277341118347181,6.956263831534766,-1.1220136518771415,-1.5358361774744123,1.702866856123554,1.0761877207401933,0.5972696245733655,5.834829443447034,1.3225255972696148,6.297274314102835,0.4266211604095574,4.906635768082363,-1.1518771331058069,2.4994470249944762,0.08532423208190408,2.9173064268479996,-3.1569965870307284,-0.9036539049198847,-2.0051194539249217,-0.34707158351408945,-1.9197952218430174,-0.7511656017959037,-3.2423208191126327,-2.359221629068358,-2.1757679180887486,-1.0657116969409286
HOTUSDT,1737453600000,7.17222476016446,0.002346,8.10063588609346,7.047523442312518,0.6692242114237001,0.4262574595055425,3.7381992635966577,3.966994220808539,-0.7672634271099653,6.315933689546515,-1.5771526001705087,4.659595684888049,-1.4919011082693894,3.9305630509084395,-2.131287297527712,2.5228845724492133,-0.5967604433077631,3.144765358927848,1.4492753623188481,4.148433397514436,3.7936913895993225,5.320069204152262,3.5379369138960004,4.003425390708639,2.3017902813299145,1.8416362556225012,2.1739130434782536,1.4946860312486696
HUSDT,1765987200000,11.420735052111906,0.10156,29.646650326797403,3.8212263090102483,-5.830051201260334,-6.464159117762893,5.541897384064724,2.535100230472622,4.046868846002366,29.191984644162694,0.7581725088617634,20.190274841437645,-7.483261126427723,7.136748725784199,-25.088617565970857,-13.99599823651101,-9.50177235131941,1.2213521877512503,1.8018905080740433,10.449961541748568,-7.699881843245366,-1.110841517833579,-5.474596297755017,0.4404733257305524,-7.45372193777077,-1.9538299448170822,-2.205592753052375,3.8488482731939935
HUSDT,1766008800000,12.490479817212478,0.10339,10.449961541748568,5.691971131238375,-9.291033949124667,-8.830641261243827,-1.423089120521881,-0.5083013933869849,-9.33359125640777,-1.110841517833579,-7.147693200502944,0.4404733257305524,-9.091788374117412,-1.9538299448170822,-3.936550923687001,3.8488482731939935,-4.584582648225162,3.9110146728883297,-6.373923977173806,2.559755890828956,-8.569494148370243,0.09423873105960943,-9.59473836928136,-2.817633603659809,-15.417351774833152,-8.653143083961824,-18.86062481864783,-10.549773948647957
HUSDT,1766023200000,5.670816044260029,0.09932,3.8488482731939935,1.5313528654086128,-7.396294804671771,-6.725734997986312,-2.2398653692179065,-1.4979724327690815,-0.6745871929118041,3.9110146728883297,-2.537253322593645,2.559755890828956,-4.822795006041082,0.09423873105960943,-5.89005235602095,-2.817633603659809,-11.951268626661301,-8.653143083961824,-15.535642368103101,-10.549773948647957,-8.940797422472814,-3.225116099899419,-5.366492146596859,0.7903230995249498,-10.682641965364487,-4.330008088433545,-7.561417639951674,-0.1783112618783542
HUSDT,1766138400000,5.863402061855678,0.09858,1.9494286157505536,0.7748768170759224,-3.2775410833840537,-3.1903022925542723,-0.46454525962616244,-0.5618269335862172,-2.180969770744572,-0.32971917022398145,-3.327246906066144,-1.4436998428063295,-2.7997565429093108,-0.47157072522175886,-3.0533576790424006,-0.5080264007162364,-3.5402718604179415,-0.7587380110001414,-6.613917630350982,-3.5192521327212893,-4.8082775410833785,-1.4265005567343687,-4.199634814363973,-0.615627466456198,-2.04909717995536,1.2488334783839585,-0.20288090890647772,3.178848231234719
HUSDT,1776834000000,6.525817766538874,0.13059,12.752547055776208,1.6774957079623651,-5.3296577073282885,-5.808254843403029,1.271722954253815,0.4766356526520257,-1.8378130025270027,9.150822100934064,-4.801286469101777,4.685236956448516,-1.1869208974653676,7.093358120388723,-6.2485642085917865,0.7803625228428824,-5.949919595681149,0.1729087824611689,-3.622023125813624,1.702584987838677,-5.666590091124908,-1.029950510958292,-10.031395972126512,-5.745595738536076,-7.933226127574858,-3.3645190329218067,-6.018837583275906,-0.7279786459597057
HUSDT,1777356000000,6.699227292608255,0.14637,4.2083454958386435,9.574786644707288,8.991596638655462,9.677529548404735,7.4525522515373055,7.959070015267093,0.23228803716609073,4.082124918414243,1.0384641661542622,4.441352815304969,1.8992963038874118,4.761503396056786,7.3853931816628995,9.225594841005123,8.198401311744217,8.678794699532688,11.156657785065253,9.88862548038283,13.739154198264664,10.299135389406018,14.613650338184048,8.94992174257528,14.770786363325819,6.9591239016936175,16.881874701099957,7.239345331001499
ICNTUSDT,1764086400000,9.371095376926277,0.2626,14.21860728111,5.652786159726416,-3.8042650418888035,-4.226961157654227,1.9818962719854718,0.28352693323508843,1.370906321401368,12.772717644566821,2.0944402132520965,11.088091489185397,-4.72201066260473,2.4234485017193306,-0.03808073115003389,6.223696989316933,-6.892612338156895,-1.4391099286491786,-7.273419649657276,-2.404809619238479,-3.7319116527037224,0.46097599745670403,-2.97029702970296,0.10607786901347285,-7.654226961157656,-4.816108647014956,-8.225437928408228,-4.596017576501329
ICNTUSDT,1773810000000,6.441885964912271,0.3883,4.21363392377885,8.86203706299587,3.48699459181046,3.5668297707957772,3.4757861787773683,5.362539902246125,3.141900592325533,7.194475670467323,4.275045068246203,7.829560585885481,3.3736801442183886,6.016586551159465,3.759979397373166,5.4905349147749565,4.687097604944629,5.234544889717293,7.185166108678866,6.328079094601848,5.897501931496274,3.8043066670032633,3.11614730878187,0.17262515323608826,-0.28328611898016737,-3.669610648090555,-0.28328611898016737,-3.643241090981482
ICNTUSDT,1776416400000,8.006766281364527,0.3831,12.577137819570968,2.9188550243797637,0.6734534064213011,0.743931088488643,4.464617396133894,2.0681151696506053,0.9135995823544775,11.5278098315255,-0.15661707126076466,8.757463747512082,3.3933698773166308,10.41730549438295,1.8010963194988299,6.671042914581117,-1.3051422605063965,2.186427393854201,-2.114330462020359,0.2030782385634841,-0.41764552336204397,0.8858918418616855,0.5742625946228086,1.0516929371344534,1.409553641346911,0.9956586164764603,2.636387366222918,1.9498029454470096
ICNTUSDT,1777096800000,6.128674431503053,0.3827,5.835176991150429,1.4688726270017853,-2.4823621635745985,-2.403971779461716,1.2772130874196126,1.919514239279608,-2.456232035536965,2.982151231758113,-2.534622419649853,2.6106572033781736,-2.1426704990854417,2.692771745091586,-2.351711523386467,2.1903798299105692,-0.8622942252416959,3.1819418003807414,-1.724588450483406,1.6486486486486471,-4.729553174810558,-1.7674318353270855,-2.6652730598379897,-0.14475659446707725,-3.1878756205905376,-0.9437745635376782,-2.1688006271230664,0.32154340836013784
ICPUSDT,1636110000000,10.622710622710638,51.34,9.736026504221455,1.1227102619657423,1.271912738605368,0.5648617062719041,3.7396608403094795,3.634610890880797,6.525126606934154,14.716617023954354,4.596805609661081,10.948120906592854,0.29216984807167623,5.253475061324612,0.13634592910010357,4.028814828304903,0.4090377873003384,3.240406953456691,2.7463965718737757,4.2840480003163,1.5971951694584985,1.9526592521647255,0.7206856252434698,-0.021267956922725362,-1.753019088430085,-3.2307574246028787,-2.551616673159334,-3.7755082414940357
ICPUSDT,1636113600000,6.525126606934154,54.69,14.716617023954354,7.721095134922202,-5.597001279941486,-5.796306454562075,2.155852863533367,2.5965331028107084,-1.8102029621502924,10.948120906592854,-5.851161089778746,5.253475061324612,-5.997440117023224,4.028814828304903,-5.741451819345403,3.240406953456691,-3.547266410678365,4.2840480003163,-4.626074236606329,1.9526592521647255,-5.448893764856458,-0.021267956922725362,-7.771073322362406,-3.2307574246028787,-8.520753336990303,-3.7755082414940357,-6.655695739623332,-1.1214627438067766
ICPUSDT,1713132000000,5.4170739654610705,12.941,4.441234151420017,8.4112775876585,0.66146356541225,-0.7727378100610504,2.690889082177566,2.7489221794340555,-0.6027354918476252,3.3371894983771972,-1.7309326945367451,1.8231606254954278,-0.9427401282744755,2.1939125304931655,-2.2873039177807057,0.6110660237742767,-1.5841125106251452,0.9695806940073172,-1.9859361718569002,0.40132032010636415,1.452747082914758,3.303931828374945,4.906885093887642,5.743616905270053,4.44324240785101,4.269205252032771,4.945521984390687,4.255907143844143
ICPUSDT,1737352800000,5.256748528516346,10.372,4.730650780027269,5.944300590906063,-1.9388738912456602,-2.0777092171230196,0.8415460538862606,0.43238416209293806,1.0316236020053926,5.502139441228272,-0.08677207867335462,4.070217017986086,-1.2919398380254565,2.4691481588982476,-2.2560740455071344,0.8244572406042747,-1.5715387581951432,0.9303107297155601,-4.039722329348249,-1.7744354966050864,-2.8249132279213196,-0.7308040814718451,-2.3332047821056605,-0.5058193782841329,-4.116853065946776,-2.4100641767903714,-1.8993443887389045,0.04031108358160146
ICPUSDT,1762225200000,8.32220738762796,4.868,20.27771600820301,2.191619783357126,4.9383730484798605,6.296220213640093,9.626496987231011,9.155124516833231,6.388660640920294,24.154959965479218,-2.2801972062448774,11.61950349617534,5.094494658997521,16.338828880045497,0.801150369761703,8.998422888113907,4.82744453574362,10.394808004326645,6.635168447000811,9.311826145552555,6.450287592440428,6.221174541354936,6.265406737880026,3.5221132679607794,8.87428101889892,4.380022057665046,6.32703368940016,1.3233106256362002
ICPUSDT,1762236000000,7.546773176371663,5.116,16.338828880045497,7.397766395163309,2.61923377638781,1.3780297107115023,6.050778735672043,5.338812737206185,-4.085222830336193,8.998422888113907,-0.2541047693510536,10.394808004326645,1.4659890539484008,9.311826145552555,1.290070367474604,6.221174541354936,1.1141516810007894,3.5221132679607794,3.5965598123534046,4.380022057665046,1.1727912431587275,1.3233106256362002,9.343236903831132,8.623468416862456,6.567630961688825,4.456450933057433,5.981235340109462,3.2761904761904708
ICPUSDT,1762340400000,5.148597739640026,5.024,0.6632070368069733,5.466453942396502,2.858280254777072,3.125,2.7038712464662433,3.2249601275917104,-1.8312101910827951,-0.8045052292839732,0.21894904458598968,1.4998185703342297,0.17914012738854182,1.502470505193112,3.861464968152865,4.814896651467369,2.8065286624203827,3.3000000000000007,2.985668789808924,3.14992025518342,4.040605095541407,3.7308989878944354,5.613057324840765,4.260001571956302,3.2643312101910764,1.126661728587568,7.44426751592356,4.458549423329969
ICPUSDT,1763395200000,5.25547445255474,5.047,3.2423033650404025,3.0084088497020023,8.71210620170399,8.460471567267694,6.060140694663287,5.081135695519757,3.1107588666534585,5.983462995397338,10.30315038636815,11.978276174192908,7.885872795720242,8.364678488267959,5.706360213988513,5.2351270317184895,5.94412522290471,4.527505180435552,7.489597780859919,4.845099820265546,9.035070338815146,4.769157544026666,10.719239151971475,4.927144359321024,14.36496928868636,6.429664595357087,12.561917971071932,3.541290757650304
ICXUSDT,1737352800000,5.503512880562056,0.1802,5.788423153692619,6.243735628795465,-1.7813540510543866,-1.8590455049944539,1.1262674377065414,0.4405707937674556,0.11098779134295547,5.478571010933765,0.33296337402885096,5.104057667713046,-0.8324084350721428,3.288827235419902,-1.4983351831298601,1.760018345468074,-1.0543840177580537,1.4566973938773067,-3.6071032186459524,-1.4244367516032075,-2.5527192008878985,-0.5943956977073283,-2.2197558268590476,-0.5755558063423954,-3.9955604883462885,-2.502254283137962,-2.4972253052164284,-0.728854737555786
ICXUSDT,1746464400000,17.557940301199388,0.13036,27.246283444122334,1.1201092184057844,-6.118441239644065,-5.331389996931577,5.226960155747858,3.9706509892132864,-1.9714636391531273,21.140592858023115,-4.848112918073033,14.654391510916378,-3.0914390917459387,13.54791159207959,-2.186253451979128,11.378982032266808,-4.924823565510899,5.612079690509054,-5.7379564283522555,2.3292222879175184,-9.105553850874506,-3.1770416251287124,-9.45075176434489,-4.0535817340908835,-9.665541577170911,-4.812713193333021,-10.202516109235967,-4.350241861681273
ICXUSDT,1755871200000,5.125709651257101,0.12962,3.321562656931307,8.586292258137487,4.542508872087632,5.3502545903409935,3.9550803850173644,4.355496017684062,0.8640641876253525,3.8484451328487927,2.7696343156920085,5.190426178762894,3.826569973769474,5.603465187266048,4.482332973306574,5.495618305744893,5.114951396389443,5.301800757400112,5.647276654837211,4.862546902519331,5.585557784292544,3.744693753790197,5.685850948927625,2.6973131821998244,5.847862984107372,1.794008101972055,5.600987501928705,1.0124863476694987
IMXUSDT,1755871200000,7.878672262495232,0.5655,5.845359088101517,6.144360083714222,5.711759504862952,6.463306808134399,5.557313064236992,6.16432054273608,0.9725906277630326,6.1654023501413,3.5897435897435868,7.826535120011781,4.668435013262596,7.863325740318911,5.481874447391694,7.52785088509933,6.224580017683468,7.051841819186283,6.70203359858533,6.163238735330859,7.02033598585322,4.987423020209896,6.825817860300614,3.294974608005747,8.346595932802833,3.203746125859055,7.285587975243151,1.4887922382067613
INJUSDT,1734984000000,5.642251277004549,22.543,6.775606867969206,1.5384130315812616,1.295302311138715,1.1821851572550264,2.856793441139027,1.122140082703053,1.2021470079403842,7.084352279074569,5.261056647296279,9.998562958636388,2.4885773854411566,5.902467421148412,1.5525883866388743,3.8914478909033234,-0.5057002173623776,0.9306009306009361,-0.38149314643125815,0.5237242614145231,1.1622233065696688,1.3136792348051698,1.0601960697334016,0.4076775601048836,1.3795856806991083,0.05691519635741922,-0.26615800913808596,-1.541493321655355
INUSDT,1779462000000,5.0868680544686224,0.06714,5.2895698401995,5.504659239121882,12.852249031873692,12.109025915996423,8.536536988120034,9.300388530247616,4.006553470360438,8.1261032485832,6.598153112898405,9.287197654532136,11.408996127494786,12.14560937945096,10.97706285373846,9.89513429005473,13.941018766756022,10.678684587450626,14.730414060172766,9.313579405963095,12.064343163538867,5.119034313177602,16.815609174858494,7.594589403791805,12.153708668453977,1.70865131356791,25.826630920464687,11.496786284628273
IOSTUSDT,1713160800000,7.968586387434569,0.010311,7.978762396456222,2.6322468907236924,-0.5469886528949719,0.09213461351953345,2.3758272287454716,3.9759342177590504,-0.7176801474153927,5.987348193856301,0.9310445155658894,6.9600608440050085,0.9019493744544596,6.103717301514457,2.5409756570652706,6.695595135980634,1.6778198040927121,4.8001759331454235,1.1929007855688085,3.1516925023726774,-0.7467752885268225,0.357930865408189,-2.8998157307729673,-2.4608849833407898,-2.812530307438661,-2.8191277868828575,-5.537775191543015,-5.018235718604322
IOTAUSDT,1755871200000,7.335092348284958,0.2034,5.426838749805633,4.948145090552596,3.6381514257620466,4.228121927236977,4.207589311589912,4.935797320734746,0.19665683382498106,5.051546391752579,2.458210422812195,6.549414591748053,3.392330383480821,6.637594442472487,4.178957718780731,6.455664405928159,4.67059980334317,5.930938401831021,4.67059980334317,4.820048249716913,4.523107177974441,3.4852024922118376,4.277286135693222,2.079122148426229,4.375614552605699,1.0663619918118594,3.63815142576204,-1.3166781601341988e-14
IOTAUSDT,1780099200000,6.654428636989455,0.06972,9.664024160060418,6.735251567272166,-3.4122203098106803,-4.9125071715433215,1.137734045632876,-1.38573821822527,1.4486517498565648,9.795094691089718,1.4056224899598317,8.301037055192158,-1.3482501434308811,4.265833914440768,-3.399311531841668,1.252311439180962,-4.977051061388411,-0.9434667543846426,-5.679862306368338,-2.096236303001439,-5.665519219736099,-2.4212931367021673,-5.880665519219745,-2.936173359958584,-4.847963281698233,-2.0117574074621167,-5.177854274239819,-1.8280096820658973
IOTXUSDT,1696219200000,6.695699510070758,0.0196,7.103825136612017,8.063404548587174,-4.061224489795913,-3.418367346938769,0.16244374650539503,0.8600334824077853,-2.2959183673469337,4.008255485552895,-2.1938775510204076,3.314470493128542,-3.622448979591831,1.24343445170972,-3.673469387755094,0.8708660575946997,-2.551020408163268,1.595744680851054,-3.214285714285707,0.4341380770859922,-2.4489795918367236,0.8492009072208709,-3.8775510204081645,-0.8890525540533563,-8.367346938775507,-5.31421341206243,-8.367346938775507,-4.488406721974036
IOTXUSDT,1713132000000,6.737588652482268,0.05418,5.179375679453325,4.317689530685909,0.9117755629383538,-0.7290513104466584,3.2695676840204286,3.020383175743523,-0.36913990402362273,4.258812168034777,-2.7131782945736416,1.5254824916214051,-1.218161683277964,2.615231229388751,-1.4765596160945038,2.016244624940278,-1.088962716869694,1.88987755722869,-1.9195275009228483,0.8138718673521765,1.3104466592838728,3.425535122098295,5.27870062753784,6.182170181872344,5.924695459579176,5.531241955058653,5.389442598744922,4.437209642608914
IOTXUSDT,1713506400000,5.316698656429946,0.05487,4.335424985738729,2.7932332939920315,-0.32804811372335035,-0.20047384727538264,1.9706329176936628,2.0879324671612483,-1.6949152542372885,2.506603827369316,-0.6378713322398452,3.463326691336926,-0.5102970657918762,3.3255730320065147,-0.6743211226535489,2.7991549720839113,-0.2551485328959381,2.4139221556886215,-0.10934937124112355,1.761942778633875,0.3098232185164872,1.6266917779131813,-0.03644979041370363,0.8364739406195625,0.4738472753781599,0.7897912172291398,-0.1457991616548272,0.18284878405557858
IOTXUSDT,1716829200000,7.042253521126758,0.05852,9.717456924836418,1.4659858342941838,-3.092959671907046,-3.0844155844155923,1.8179009698546778,2.0986103729818577,-3.195488721804517,5.234804577203139,-4.750512645249495,2.7654867256637194,-1.6062884483937172,5.01167201634081,-2.973342447026667,2.6243493348756415,-2.3923444976076644,2.385774973561094,-2.3239917976760083,1.8114457724026218,-2.1018455228981576,1.3318711640164789,-3.6910457963089582,-0.751932660644156,-3.298017771701984,-0.6827076642271721,-4.59671907040329,-1.551754540645399
IPUSDT,1752465600000,7.337477756465067,4.6446,8.203183241389576,8.486120405439,-2.4570468931662512,-3.0982215906644255,1.250020154045044,-0.4936798179147992,3.576196012573745,10.597415017909118,-0.35309822159066384,5.508404060575798,-0.8741334022305371,4.003361359724248,-2.3877190716100416,1.5545550254239167,-4.32760625242216,-1.0137866971403973,-4.659174094647532,-1.8035138916915834,-4.278086379882006,-1.596710077821358,-2.209016922878177,0.026427061310798895,-3.80872410971881,-1.9135604606947285,-5.249106489256327,-2.8623898571453705
IRYSUSDT,1776060000000,7.204062202475385,0.03378,16.374410032039112,5.856914543574302,-8.49615156897572,-9.147424511545285,0.531301938187171,-0.09273020869110837,-6.71995263469507,6.54989348392116,-10.094730609828291,1.1355689500149888,-10.716400236826521,-0.7960002631405689,-11.841326228537588,-3.1953970679062547,-8.999407933688566,-0.883471980395939,-7.312018946121966,0.6105398457583522,-2.1906453522794482,5.575970602332629,-9.295441089402006,-2.0585602864083836,-10.686796921255178,-3.146067415730343,-7.104795737122556,1.5205435134260699
IRYSUSDT,1776085200000,5.525391248802308,0.03304,5.575970602332629,3.5379649650590643,-3.147699757869252,-3.2536319612590785,1.8780051035093,2.443907664941796,-7.263922518159804,-2.0585602864083836,-8.686440677966106,-3.146067415730343,-5.024213075060538,1.5205435134260699,-4.32808716707022,2.2315653298835807,-2.179176755447937,3.872730194439996,-1.8159806295399614,3.4999840474747184,-4.6610169491525415,-0.04759638267492027,1.6949152542372823,5.657054809597167,1.3619854721549607,4.594147225085106,-0.5750605326876594,2.6562500000000115
IRYSUSDT,1776654000000,7.285582539194579,0.0349,14.27635887360838,9.890109890109906,-6.383954154727796,-6.91977077363897,1.599065148350831,0.6960736451299613,-2.750716332378231,9.051184011824041,-6.762177650429803,3.409921505068794,-10.286532951289406,-1.4199804792040553,-6.962750716332383,1.3610538802522285,-6.876790830945557,0.7002540744872157,-8.022922636103162,-1.252038022579766,-9.656160458452716,-3.1008943114416425,-6.991404011461312,-0.5148951820522296,-5.759312320916899,0.6918932157727069,0.22922636103150928,7.064152791381015
JASMYUSDT,1732363200000,6.059923406172557,0.02354,6.380094178469109,8.348944357247737,8.504248088360248,10.072217502124051,6.886026762460102,4.986046727734268,-2.0433305012744216,3.4323444186276033,0.4757858963466482,5.081236699350895,3.8742565845369716,7.32610861655013,17.57009345794393,18.493273849789787,13.984706881903158,12.691672861516757,10.853865760407825,7.938070557869614,9.29056924384028,4.890856756117642,7.158028887000861,1.5282568534088947,11.949872557349206,4.322456266750061,11.92863211554801,3.1559907446196274
JASMYUSDT,1737352800000,5.392723072480517,0.029198,6.7275884126839145,9.11122446501008,-1.690869237619022,-2.2501541201452255,1.3489854323112633,0.3904273873690486,1.106240153435156,7.175661202780952,1.215836701143906,6.547595441451631,-0.18151928214261578,4.3359657475889515,-1.6370984313994201,1.914806035400483,-0.3596136721693298,2.3111711293510298,-3.2878964312624235,-1.184193950252641,-2.8632098088910314,-1.1339512606623858,-3.236523049523945,-1.8266982177791231,-4.678402630317153,-3.332580796415604,-2.9865059250633643,-1.3179210083506585
JASMYUSDT,1737669600000,5.878022318660871,0.027325,3.2667437624241242,2.1119326154668165,-2.0644098810612945,-0.8911253430924024,0.8581616589169208,1.5891949431305519,-1.0393412625800533,1.8014117647058816,-3.7328453796889303,-0.8312755650223442,-4.6916742909423546,-1.6855735291341816,-5.185727355901182,-1.7560890520304333,-3.9926806953339367,-0.280146116916338,-0.7429094236047514,2.8014357784777375,0.08783165599267967,3.0839627904171683,-0.6111619396157256,1.9854070516310978,-0.7136322049405206,1.376978121555222,-0.021957913998166743,2.0855053454854
JTOUSDT,1718193600000,6.710601144080558,3.1899,7.378009371465509,1.9720543058170652,0.3200727295526453,0.137935358475186,2.4907355982264106,2.3172444183954295,0.2100379322235784,6.59028463200577,2.6458509671149577,7.890011038436831,2.213235524624589,6.180309503959978,1.429511896924664,4.277790490432743,2.3793849336969766,4.207815745725006,-0.6834070033543453,0.42667309106585233,-3.0126336248785317,-2.2971445173596425,-1.3448697451330882,-1.102423572003225,-0.7022163704191415,-1.0125316416138137,0.06583278472679364,-0.25342878838539423
JTOUSDT,1738616400000,5.339474582053902,3.0875,9.008035701676338,7.925299962422773,-1.3227530364372422,0.32388663967612086,1.177045434820646,2.5454213544672726,1.227530364372471,8.490320430712199,0.6024291497975764,6.109467556691244,0.31740890688259926,4.345218844329447,2.55222672064778,5.452644059442216,2.163562753036443,3.923616487821268,0.3303643724696424,1.1672262211132771,-1.5546558704453455,-1.2626812241543475,-6.646153846153847,-6.0754576796991655,-5.217813765182179,-4.624089066186919,-7.002429149797562,-5.755811281862759
JTOUSDT,1740124800000,5.004786900399449,3.1807,11.298122345004238,9.48299600715958,1.554374823152141,0.4967459993083365,3.664950227093013,1.0014633789769636,-0.22007734146570485,9.373815349622644,7.7278586474675395,15.20977492653339,4.67192756311504,9.611636421102531,2.9270286414940165,5.739478699008421,0.7514069230043782,1.8545887961859324,0.24208507561229486,-0.0655071791480143,-1.6002766686578411,-1.9814786396790598,1.2481529223127075,0.14833796176799455,-0.4244348728267384,-1.9272691240586493,0.2200773414657188,-1.313874940405061
JUPUSDT,1728997200000,8.063765417733292,0.9287,6.319404693760709,9.330209725173491,-5.211586088080111,-5.211586088080113,-0.002908892911357275,0.21859255444855807,-4.996231291052008,0.9346435884822507,-6.10530849574674,-0.338301179482499,-3.5856573705179278,2.072456168350012,-4.210186281899432,1.222037639669556,-3.111876817056092,2.091062777267203,-4.231721761602239,0.6643803832354227,-6.966727683859156,-2.1229354056687235,-6.223753634112196,-1.6098966276902202,-7.2574566598471,-2.715340998938268,-5.426940885108216,-0.22719527433830655
JUPUSDT,1755871200000,8.240016902598772,0.5123,5.123838056347841,8.150900377884279,2.2623462814757,2.6449346086277585,3.603741503163275,4.374509181625111,0.44895569002536967,5.101915771414543,0.9759906304899483,5.016342191274694,1.5030255709545268,4.98899634557531,1.7958227601015004,4.645329587639199,2.908452078860048,5.030381512102798,2.8498926410306575,4.1036887756110225,3.2598087058364333,3.4820031298904612,2.7522935779816518,1.8477314501305884,3.591645520203001,1.5518857995751834,2.5375756392738653,0.26914046841894723
KAITOUSDT,1759053600000,6.335440246949879,1.4468,9.202342853692413,1.5440763615946111,-0.6020182471661654,0.013823610727120406,2.5382507847171096,2.140717826927216,1.5136853746198375,8.383145155339083,-2.405308266519226,2.5090022069926765,-3.8084047553221,0.7572905505198165,-3.7392867016864826,0.361031642513831,0.4492673486314591,3.7286054844189445,0.5598562344484377,3.4669132027166425,-0.9123583079900539,1.3689331372327218,1.5413325960740936,2.8536622932915225,1.2026541332595977,1.772433446861756,-0.4216201271772183,0.18149072728410606
KAITOUSDT,1759165200000,8.05099921209083,1.5085,12.986944895926191,7.040854339997509,4.357308584686779,4.0404375207159475,6.080729046819066,3.3310904556750467,5.91315876698707,17.027900060795613,7.716274444812732,16.268586230090033,9.035465694398415,14.684144470785116,1.8428902883659295,5.267846130654632,2.2406363937686478,3.6659138570737237,3.341067285382831,2.99626705427637,0.5236990387802465,-0.9581534482420766,4.1365594961882675,1.3693149553456208,4.879018892940014,0.8812201902721415,3.944315545243627,-0.3957490328605069
KAITOUSDT,1759719600000,5.094718714121696,1.4646,5.789302611145216,5.84434824712912,-5.345486822340563,-5.80704629250307,-0.35180048793819874,-0.8965985561740775,-1.6932950976375756,3.5291072250345152,-5.3393417998088095,-0.42518961158353863,-6.349856616140924,-1.4612698823225156,-6.459101461149788,-1.5323577609751737,-6.063088897992626,-1.1389357956382655,-6.4522736583367335,-1.552766021656804,-6.534207292093399,-1.666546943466697,-5.551003687013514,-0.6542613167098895,-5.318858391369647,-0.36070473945907244,-3.693841321862612,1.744919967395455
KASUSDT,1745560800000,8.333333333333337,0.10738,8.60726206129261,4.244330537433973,-1.5747811510523397,-1.8532315142484685,2.484686185580453,2.5084900176457725,-2.2723039672192193,5.3974248237350135,-1.6204134848202694,5.2411360942029726,-0.9592102812441824,5.077511337700439,-0.07450176941702062,5.040577184755887,1.545911715403236,5.639465602263156,-3.7344011920283102,-0.4583710494385824,-2.803129074315514,-0.1263133719928873,-2.0860495436766677,-0.11874792191137983,-1.3596572918606844,-0.023597149464342108,-2.3840566213447634,-0.8222236940457461
KAVAUSDT,1734696000000,5.672999732405672,0.3949,-3.452153928903224,0.026596081510648874,6.849835401367445,7.748797163838959,3.5509290519796792,4.041847703579548,1.620663459103575,-1.1040465276751046,1.924537857685503,-0.02483854942869684,4.988604710053191,3.2756258562710308,5.748290706507991,4.090331264488157,7.546214231451014,5.8970203216556545,7.951380096226904,5.608680572759251,9.445429222587997,6.043133694825411,9.26816915674855,4.750807175976495,8.888326158521151,2.979212568253652,11.116738414788568,3.99336414267094
KAVAUSDT,1737352800000,5.847821178595615,0.4688,5.364888858921629,7.936361752584441,-1.4099829351535835,-1.5784982935153562,1.2162708922287173,0.460637850291114,0.1493174061433401,5.240742401147677,2.4104095563140002,6.964619909099012,-0.29863481228669203,3.5789473684210646,-0.8745733788395889,2.1588111150193448,-0.40529010238908125,1.8876159301691076,-3.4769624573378803,-1.5491057830381534,-2.986348122866897,-1.334201106410695,-2.2824232081911235,-0.9663402295868796,-3.775597269624572,-2.652193616608034,-2.5597269624573404,-1.16618706592527
KERNELUSDT,1761055200000,5.751947273816655,0.1765,4.778866132383481,1.987749913324858,0.9971671388102049,2.067988668555249,1.6600166678436346,2.764371999253738,2.7762039660056748,6.78754341555306,2.0396600566572354,5.315478626980887,4.3059490084985965,6.607215241183625,3.852691218130312,5.211801170933306,3.286118980169972,3.7150822097058542,2.096317280453263,1.8136617888016218,1.6430594900849935,0.6508078994613972,-1.926345609065148,-3.150002797515804,-4.305949008498581,-5.605544067512441,-3.7960339943342682,-4.745876809155164
KGENUSDT,1777892400000,5.181426034001521,0.20726,7.465998828171581,4.68972170798912,-2.3424683971822837,-3.326739361188844,1.0722151929606816,-1.3483614749279917,-1.1193669786741236,5.373568685118447,-0.16404516066776365,5.402569353179079,2.306281964682045,6.7754362111941955,1.495705876676634,4.9564427768852335,-4.848981955032328,-1.9402124189506424,-4.892405674032621,-2.299762093576529,-5.316993148702114,-2.9149268794649212,-3.4497732316896603,-1.387212024146858,-3.2037054906880282,-1.3095109257091258,-4.231400173694876,-1.934240754922063
KGENUSDT,1779343200000,6.722993987144921,0.20589,4.0168940936349005,4.01006304558681,-4.640827626402445,-4.747680800427409,-0.9507176035968475,-1.0347094041579687,-3.1375977463694174,0.6429277942631045,-0.8208266550099553,2.5945055165899644,-3.463014230899994,-0.2694471065796322,-5.7069308854242475,-2.4480935822965386,-6.012919520132111,-2.5261302103009795,-3.6864345038612787,-0.05644819869764594,-5.614648598766325,-1.7999717017363053,-6.119772694157074,-2.1202469148305862,-3.880713002088493,-0.03788357115797032,-7.965418427315556,-3.4863880612218865
KNCUSDT,1675188000000,8.004254753357271,0.8123,8.5440162488642,1.7492656591531133,-1.4588206327711428,-1.268004431860147,2.5002796438651407,2.2420244980569755,-1.0956543149082874,6.382415254237276,-1.3911116582543368,5.071228060970174,-2.4744552505232065,3.14432654124082,-2.622183922196231,2.2558334949260006,-2.006647790225284,2.2282155011879503,-0.8986827526775789,2.568676418123448,-0.8986827526775789,1.821401467240081,-0.5539825187738594,1.408521429109444,-1.1448972054659576,0.1659036760761976,-1.5019081620091084,-0.04372540445998644
KNCUSDT,1716595200000,5.616294743148134,0.7052,5.236453716554008,3.7478391996763434,-2.6162790697674483,-2.247589336358484,0.5172492425472409,0.6226914443985496,-1.1911514463981954,3.4810502554354312,-2.2546795235394246,1.7957881678825738,-3.14804310833806,0.5802138249933813,-2.240499149177543,1.1903888212068372,-1.5031196823596218,1.5749528391559224,-2.1412365286443564,0.665169063803718,-2.056154282473067,0.481531590509032,-3.559273964832673,-1.2472955901784528,-3.7436188315371646,-1.594665120324749,-4.325014180374373,-1.7546414270112858
KNCUSDT,1737352800000,5.359452966180008,0.5701,5.349718192737694,5.060445230723875,-2.164532538151206,-2.2539905279775523,0.814779616833176,0.44262396419430355,0.21048938782669335,5.161432831425112,-0.14032625855113537,4.355317666898853,-1.3857218031924254,2.593113013011197,-2.087353095948083,1.1470092594270496,-1.333099456235757,1.2419006479481673,-4.03437993334503,-1.692661539567328,-3.3152078582704836,-1.1158551899824196,-2.824065953341519,-0.841238589582967,-4.315032450447301,-2.439460600207459,-2.420627960007022,-0.26176133103844246
KSMUSDT,1737352800000,6.7445365486058755,28.33,5.019276393831551,5.671497043958278,0.19061066007766342,0.22943875750088696,2.234223895789314,1.6898726073973265,1.1295446523120378,5.989419555325367,1.8355100600070708,6.296746619505557,0.45887751500177393,4.298750320665525,0.0,2.935833151660476,1.8355100600070708,3.7769784172661893,-1.6237204376985435,-0.19695613249776084,-0.7412636780797647,0.19240362003847533,-0.10589481115424491,0.2479631597591225,-1.5178256265442984,-1.642811816963987,0.6353688669255322,0.443912063134177
KSMUSDT,1756594800000,5.447470817120633,16.26,6.24673288029273,5.242718446601956,-1.9864698646986558,-2.2140221402214095,1.131992832455273,0.17288719111571937,0.06150061500613782,5.457609541094106,-1.6605166051660598,3.0349893678716415,-0.49200492004921176,3.459300466781766,-2.2755227552275583,1.0300101729399849,-2.829028290282908,0.1330882818936499,-3.3825338253382577,-0.6199392712550431,-2.6445264452644617,-0.23947567431308456,-2.1525215252152607,-0.1004646490016215,-1.4760147601476137,0.2126861003377888,-3.013530135301365,-1.0478760117964585
KSMUSDT,1776409200000,17.856480623029857,6.356,29.666653066220576,9.014818880351259,-19.00723725613593,-19.21806167400881,-0.26007756062936366,-0.9758795765356203,-15.261170547514155,8.309202059202054,-16.425424795468842,5.514063244875269,-18.98993077407174,1.3722363317780029,-19.446192573945876,-0.1345842516920711,-21.035242290748897,-2.900036758304469,-18.03020767778477,-0.3690742546803648,-18.014474512271864,-1.5826848983908757,-21.20830711139081,-5.800917914378147,-20.453115166771553,-4.291366157457363,-21.20830711139081,-2.7176130072456712
LAUSDT,1761055200000,5.23295845765436,0.4585,5.341757610568637,3.3985070924384844,-3.993456924754639,-2.671755725190842,-0.7659421346926678,0.3058450714380768,0.1308615049073041,4.812565636272313,-1.78844056706653,2.492318197336979,-2.0283533260632565,1.9079380203725196,-1.657579062159214,1.7396601908887948,-1.0687022900763392,1.6630059617194812,-3.315158124318428,-1.0513158188433276,-4.645583424209388,-2.4738450556559344,-6.303162486368601,-3.8366835295697697,-7.437295528898587,-4.759767509705798,-11.821155943293354,-8.153297439741937
LDOUSDT,1712563200000,5.2174229203025,2.8939,5.814127807699757,1.5098979078206283,3.2140018659939917,3.1186288399737436,3.649650232978341,3.784991088826427,2.7817132589239515,7.6507142572773965,3.4140778879712577,7.3237032361716885,3.217111855972915,6.070559826707619,3.2447562113411004,5.035207430297021,2.954490479975125,3.7619541823095597,4.146653305228243,3.808027995343294,2.9475793911330785,1.7187574687762415,3.6214105532326624,1.4534431309925733,3.0201458239745724,0.08291846127505598,2.792079892187014,-0.40878365936704003
LDOUSDT,1778475600000,7.7496274217585706,0.4338,5.673430610703753,8.220032431083956,-0.9958506224066431,-0.9105578607653382,1.6871151998877614,2.768581040435511,-1.5214384508990306,3.5234818009983857,-2.0516366989396078,2.5238876556316883,-1.728907330567083,2.5770591207680638,0.5532503457814564,4.384033693883413,0.899031811894873,4.033465643048983,1.8441678192715552,4.210402170067247,1.4292300599354502,2.960102960102959,-0.9681881051175742,-0.09534661984604219,-0.852927616413102,-0.6146593955079146,-7.561088059013368,-6.631275030269164
LINKUSDT,1609081200000,5.411572942135287,12.934,14.939260101840404,0.7144386692362907,-4.460337096025976,-5.048708829441779,2.9158488184566567,0.3681700067508288,-2.1957631049945796,10.96880592301485,-2.1571053038503165,9.557614059388806,-3.765269831451988,6.2883199836045955,-1.422607082109164,7.196906003026735,-8.203185402814288,-0.9741613704982534,-5.110561311272612,1.0198286292811731,-5.0873666305860485,-0.2834886157795155,-5.8527910932426135,-2.0393387233015625,-5.010051028297508,-1.175183597300527,-5.798670171640637,-1.4008141068697335
LINKUSDT,1641571200000,7.238148177558963,27.009,8.20783404045626,1.6126574706503152,-1.9489799696397494,-1.6290866007627134,1.8791441229565176,1.6280048041615602,-1.4402606538561196,5.317297040670997,-2.687992891258466,3.100912032950874,-1.6809211744233425,3.368678375685092,-1.5772520271020842,2.6695710611081442,-2.6546706653337733,1.1662671371239282,-3.0027028027694467,0.4389748308317366,-3.802436224962053,-0.9061923141466841,-0.35543707653004586,2.0897424711991923,-1.3551038542707974,0.5100385546895807,-0.9330223258913655,1.0361520394523194
LINKUSDT,1641693600000,5.13707952556874,27.036,7.779274933624612,1.714236268521679,-0.5126498002663165,-0.42905755289244496,1.881134078963275,0.8849953887599351,-0.40686492084629,6.043360967252812,2.1711791685160517,7.100346235416814,-0.1997336884154536,3.4343960960051567,0.8359224737387153,3.28471301382838,-0.4512501849385999,1.3019372856922546,-2.9849090102086184,-1.3687812582258518,-2.548453913300784,-1.3073119568474816,-0.7434531735463845,0.17956538457232882,0.0369877200769271,0.46805349182761546,-0.8359224737387285,-0.3249384698892786
LINKUSDT,1695006000000,5.483819544077799,6.617,7.00021021652302,2.566884707195344,0.5032492065890889,-0.015112588786464154,3.14161657905039,2.463257628438159,-0.45337766359377735,5.737125979196084,0.10578812150520892,5.4894653862691625,-0.6649539066041952,3.83230127638066,-1.0881063926250576,2.6618355214656524,-1.3903581683542336,1.7068038344634182,-0.13601329907813722,2.2546152298716993,2.3877890282605465,3.7884706711399123,1.6472721777240438,2.1365769213247523,2.5691400936980493,2.264679735410666,2.0553120749584424,1.5442912349818876
LINKUSDT,1738558800000,6.507871481243062,18.199,-3.694217631276739,2.3154355813044876,4.755206330018122,3.4315072256717265,2.72383041429194,2.2287389948135594,1.725369525798121,-0.9125699146305591,6.681685806912453,4.392945478008369,2.681466014616185,1.381263427443,2.39024122204516,2.1063475363843556,6.335512940271435,6.270112354614467,3.8573547997142597,2.9774714647633997,3.005659651629194,1.1918899661002147,2.6869608220231727,0.3533417104316322,5.967360844002409,2.351130453242763,12.220451673168837,7.126371666561755
LISTAUSDT,1747879200000,6.349206349206344,0.2211,9.417528579205205,0.10639983700449832,32.270465852555404,30.958842152872,15.747638795223427,14.962201033705266,34.59972862957937,40.033879164313944,38.9416553595658,37.3881932021467,33.469018543645404,26.48407697912648,34.916327453640896,22.52526082313319,40.79601990049753,22.126324048646527,28.358208955223883,7.798078018764004,28.177295341474444,4.429213648758189,27.49886928991406,1.1264169895250309,28.448665762098592,-0.8276006564933612,27.49886928991406,-3.607454265686444
LITUSDT,1779400800000,5.298013245033117,1.431,5.718085106382989,6.338708478858581,-2.3130677847659022,-1.8518518518518574,0.7761996892018078,1.1225510759669732,-0.06988120195668147,5.27090694935217,-2.236198462613559,2.9660705085743726,-0.20964360587002892,4.416496051477041,-1.4675052410901557,2.1369069177834015,-2.236198462613559,0.6619657504677001,-1.2578616352201268,1.0440503432494241,-0.48916841369672376,1.2010518086845225,-2.236198462613559,-0.7238149304569803,-5.660377358490563,-4.139742952495918,-7.267645003494066,-5.071893554617653
LITUSDT,1779728400000,5.988967691095357,1.345,3.6688762139663837,5.324980422866098,-2.9591078066914496,-1.8215613382899605,-0.5313494826538624,1.035644533706508,-1.1152416356877253,2.394333666948949,2.4535315985130053,5.569600858040278,-2.5278810408921957,0.38284839203674526,-1.040892193308551,1.6884406753762708,-0.5947955390334577,1.8123667377398753,2.5278810408921957,4.2091740346104505,-4.684014869888472,-3.1941403005361164,-7.211895910780668,-5.526116578349748,-8.847583643122677,-6.888433204222679,-8.550185873605948,-5.761569108182649
LPTUSDT,1704920400000,5.164930555555559,7.269,7.925525596864226,7.5478816662597845,1.3949649195212523,1.6302104828724666,3.0116499925374454,3.0125104930967113,2.957765855000686,9.461613842126056,1.1418351905351518,6.216680873195903,1.7058742605585315,5.370428437045685,1.8296877149539141,4.463920290161876,1.5545467051864017,3.097678835786697,2.3524556335121787,2.9273421504067256,1.7333883615352792,1.4472871939090495,0.2751410097675,-0.5837584222155505,-0.35768331269775483,-1.6551480671835341,0.7566377768606372,-0.6295452078584518
LPTUSDT,1713132000000,6.242855886749327,12.083,5.454704136847617,2.546040906390569,1.4557642969461226,-0.42208060912025286,3.5793519739800046,2.817347703521676,-0.008276090374902307,4.675844502395535,-2.1104030456012643,1.974308130011201,-0.8358851278656034,2.6840806252570975,-2.4497227509724353,0.7065779243525959,-1.9448812381031153,0.7046263950157705,-2.2593726723495795,0.27935569877134186,0.893817760489949,2.9506147817862542,6.637424480675326,7.492345810843499,9.153355954647022,8.386407527632823,7.481585698915831,5.939358343733936
LPTUSDT,1713160800000,5.692724140759569,12.885,7.492345810843499,6.774836440175851,-0.5370585952658106,0.7916181606519233,1.8142711562648812,2.912265296464576,2.3593325572371,8.386407527632823,0.7916181606519233,5.939358343733936,0.9157935584012443,5.278924783418355,2.669771051610395,5.907406073124063,1.4280170741171987,3.7238686328354476,0.7916181606519233,2.100661960093704,-0.8149010477299219,-0.2575509248419533,-4.043461389212255,-3.919679214199113,-3.5157159487776437,-3.5718440954043156,-5.952658129608068,-5.4448415237441345
LPTUSDT,1713456000000,10.858480314302444,13.262,12.919018791454892,9.898943024416935,-0.1440205097270429,-0.003770170411707241,3.965503474015665,5.126083313015794,-2.050972703966221,9.105569507555087,-0.686171014929883,9.104614849360914,4.705172673804847,12.772368089789069,5.527069823556015,11.267471258884697,2.533554516664155,6.407286841116826,1.6437942995023374,3.8448797849147622,0.6786306741064685,1.4682189865337336,-0.8068164681043665,-0.9800379369524005,-6.333886291660382,-6.819392248201576,-6.650580606243399,-6.515944392844466
LPTUSDT,1734706800000,9.479027962716373,13.155,10.582459797748832,1.7554851659763109,-0.22348916761687337,-0.8095781071835774,4.688776283701525,4.1764212107620935,-2.7290003800836184,7.115352419219803,-1.8320030406689447,7.674092849519735,-2.1208665906499427,6.227982608839126,-1.1022424933485335,6.007642979947358,-1.2314709236031853,4.397502751954504,-0.5169137210186212,3.3369129212595876,1.353097681489934,3.9553396695696836,1.1706575446598246,2.78093119878908,3.2383124287343232,3.629038411647108,1.5355378183200301,1.7629670262692674
LPTUSDT,1736946000000,5.564684792351353,14.133,3.8855076298844557,3.803483619350498,3.90362980258969,4.634543267529903,3.8796995737824824,3.7554468373167054,1.450505908158212,4.760930558802888,2.384490200240583,5.066728627234567,1.8538173070119612,3.9357684893031695,0.9410599306587484,2.577745820600404,5.320880209438907,6.197784008618528,5.04493030496003,4.8535186597734326,4.790207316210298,3.5751251853302413,4.4788792188495075,2.33060978398719,5.441166065237389,2.20079417876565,7.3303615651312635,3.297990425408753
LPTUSDT,1751155200000,11.107342716635566,6.552,10.102843315184522,9.37408708861604,1.5079365079365112,1.7857142857142856,4.847384923881433,5.135783877502773,-0.0915750915750815,8.69781807312943,-2.533577533577526,5.070913817499758,-2.3809523809523765,4.335910737006942,1.7857142857142856,7.44840253274687,5.845543345543346,9.875310930494154,2.884615384615386,5.4715003207485235,4.105616605616608,5.200653937505787,1.7857142857142856,1.6429921355849557,2.899877899877906,1.4490572851618382,0.7783882783882808,-0.7187105310639266
LQTYUSDT,1711684800000,7.287561363479235,1.5517,6.94888619320689,7.28793226831317,4.917187600696007,4.768963072758906,4.759989359031524,5.99921022435959,2.7775987626474135,8.693874212807714,7.888122704130943,12.255503476762344,3.544499581104591,6.492835080928461,4.736740349294315,6.37030637423342,5.336083005735643,5.628114074485762,8.442353547721854,7.100576651348693,5.162080299026863,2.689640416346771,3.5058323129470903,0.04422601361664209,4.801185796223497,0.1737116386797806,2.9773796481278607,-1.8488943488943497
LQTYUSDT,1747155600000,7.53452071242746,1.0747,10.92303404997573,4.794594014802096,7.552805434074628,8.30464315622965,7.322598651346366,8.191868875271648,0.4931608821066421,9.565693763885928,5.471294314692469,12.597846386140574,5.080487577928722,9.884015101389485,10.067925932818468,12.311650826505149,7.974318414441249,8.117173524150276,10.14236531124965,8.266564226393019,11.389224899972092,7.338199164320419,8.63496789801805,3.240924967944453,7.555596910765789,0.8198866114260664,8.71871219875315,1.0840319413082917
LSKUSDT,1736341200000,5.949781659388646,0.9705,4.813538820429202,3.0900457823902387,-0.4884080370942846,-0.7109737248840878,1.7997671623005655,1.3918333555944489,-0.2885110767645569,4.011264214621997,0.19577537351880606,3.984430138802754,-2.0504894384337997,1.155638793708908,-1.7413704276146345,1.0940547875498257,-0.875837197320975,1.6064808458052942,-1.2570839773312712,0.8238029606405137,-0.5461102524472007,1.1771858653836036,-0.8861411643482795,0.4259673007454282,1.009788768675932,1.664506092818242,1.5558990211231325,2.054340622929089
LTCUSDT,1667376000000,11.31492916818016,61.29,10.010231005330889,9.900750423626233,-1.8224832762277685,-1.0034263338228069,3.370024965569324,4.001352313998432,-3.8668624571708228,5.032354671372801,-4.209495839451784,3.9851222104144526,-3.4752814488497346,4.017582417582412,-2.365801925273284,4.35813815594428,-0.5710556371349347,5.252249607074382,-0.6200032631750735,4.158828961318766,-0.7178985152553398,3.0186059898081985,-0.39158100832109966,2.3075762907847692,-1.0442160221895913,0.6939832647097757,-0.9626366454560227,0.8758080866833979
LTCUSDT,1678795200000,6.686478454680524,86.16,6.1986170514353285,9.577194310023577,-0.909935004642521,-0.7137883008356487,1.597587876329617,1.3696686917517449,0.2669452181987047,5.813041987163796,0.9517177344475481,5.781626249604754,1.7177344475394662,5.687135208142387,1.0677808727948024,4.188851266466445,0.4062209842154231,2.7251677254645865,-1.694521819870002,0.01416965803890308,-2.263231197771591,-1.0516420891839446,-3.052460538532957,-2.1851140568644896,-3.6908077994428883,-3.0811278002289133,-2.808727948003716,-1.9162293853073578
LTCUSDT,1688094000000,7.605032576949013,95.79,11.026113564449396,8.004803220187062,1.7987263806242737,0.6054911786198884,5.29963551131552,5.831935056727432,-0.39670111702683963,9.217243984523446,-1.513727946549747,6.823380211517987,-0.5741726693809494,6.52409766573087,-0.7203257124960976,5.128176783365203,1.6076834742666166,6.0886815486571315,4.363712287295117,7.176551310090487,4.478546821171304,5.575188564797733,5.094477502870858,4.543330390986033,6.566447437101985,4.58909232487372,-0.91867627100951,-2.6693876713874136
LUMIAUSDT,1752256800000,5.219271155033979,0.3407,9.864241720679761,1.136937097396622,-12.439095978867039,-14.044614029938362,-5.039993463975903,-5.728386581035862,-2.142647490460824,5.492975572712311,-7.954211916642211,-1.9663009159398597,-11.447020839448188,-6.603101879082442,-13.589668329909014,-9.362396477940948,-14.763721749339599,-10.447761194029857,-16.877017904314645,-10.453424397647499,-15.145289110654527,-6.987967312270755,-14.499559729967713,-4.853671282989282,-12.885236278250659,-2.194687932511698,-15.086586439683005,-3.023598820059006
LUMIAUSDT,1753365600000,5.080467024297886,0.333,5.443146195497286,3.7189310409269316,-1.9399399399399428,-1.4564564564564542,0.6417063751379175,0.9893875286601073,-0.6306306306306279,3.9977371299264597,-2.942942942942952,0.9621391978007984,-1.3813813813813791,1.974909949074659,-0.48048048048049424,2.4610437793717432,-1.5315315315315294,1.0166358595194163,0.3003003003003006,2.2782949534541896,-1.3213213213213257,0.42173461279874336,-1.9519519519519535,-0.4815898561326584,-4.174174174174182,-2.8023149558330918,-5.285285285285286,-3.411526918601085
LUMIAUSDT,1755871200000,8.669150016931937,0.3209,7.471784051709701,7.032670146590385,3.0445621688999585,3.4278591461514343,4.278515565971913,3.84822127098431,0.2492988469928225,6.664456233421753,4.019943907759417,9.099228657340841,3.895294484262996,7.5692069432793385,3.4278591461514343,6.0485030514106795,2.773449672795252,4.433185560481322,2.55531318167653,3.2632569814872987,3.5525085696478547,3.1250969804177213,3.4278591461514343,1.8066930462255608,3.1162355874104106,0.4035561489213211,3.4278591461514343,0.3719720567333018
LUNAUSDT,1675166400000,6.423854312587568,2.1272,5.543096433603907,7.202342405450823,-2.2861037984204686,-2.0472922151184747,0.9228959353260565,1.087316982844233,-1.9697254606995132,2.9752351793782825,-1.6500564121850483,2.857451892348977,-1.1658518239940003,2.768150867399548,-2.1107559232794357,1.4810591107797195,-2.2047762316660577,1.1042097998619556,-1.983828506957514,1.0242942835269804,-1.5043249341857852,1.0704241658265108,-2.4445280180519013,-0.3447977794638597,-4.071079353140289,-2.202668507016333,-3.756111320045144,-1.5043996593812154
LUNAUSDT,1699578000000,5.999589069241833,0.5159,8.270897605406212,2.7586893735683753,7.732118627641007,11.300639658848606,8.0368286253698,6.252989314354494,-2.616786198875764,4.586048254470524,-3.5278154681139853,3.028546587451101,-2.054661756154304,3.7044638276039015,-0.6784260515603913,4.2310821806346475,14.634619112231054,17.262164412896066,20.178329133553007,19.40298507462684,13.529753828261285,10.519860364185316,12.967629385539825,7.919930374238464,15.254894359371967,7.948150030863063,9.633649932157388,1.765055146728078
LUNAUSDT,1706331600000,6.340148993501353,0.6709,7.045983980598011,4.592791219755556,-2.9482784319570823,-3.1599344164555148,1.1052830965136884,0.8207546844107237,-1.833358175585048,4.2814617771866414,-3.532568191980929,1.9212598425196834,-3.2791772246236426,1.6495136049626453,-2.906543449098237,1.5274314214463716,-3.353703979728734,0.6988662835843995,-3.517662840959914,0.19503436319733128,-2.7425845878670563,0.5981930868613355,-1.9973170368162287,0.942643085237048,-3.1450290654344917,-0.5281285878300732,-3.174839767476538,-0.23344391202849954
LUNAUSDT,1765227600000,19.171908740963282,0.12693,21.832527067495974,1.523289248993186,2.9283857244150404,1.7017253604348928,9.186665472492678,9.760217327371086,1.2999290947766586,20.2783858113038,-0.3387694004569337,15.294525105041078,2.891357441109278,15.873621449928581,10.131568581107707,19.966702138615215,7.460805168202953,13.593777326215683,2.103521626093127,5.442149197386704,0.05514850705114197,1.17667678433435,-3.9628141495312326,-4.302839512957191,0.6145119357125998,-1.3830009034679382,9.028598440085107,5.926657328526487
LUNAUSDT,1765980000000,5.156707062264923,0.12582,4.5068691130787135,1.3937408584863427,-4.708313463678261,-5.4641551422667245,-0.5900591177800572,-1.3182951039958408,-2.8055952948656744,1.5993021227100988,-0.65172468605944,3.6303794529974,-3.5765379113018527,0.6028542286865552,-1.9710697822285665,2.1847012916000432,-5.507868383404858,-1.3090721940448609,-5.420441901128592,-1.3275180139468208,-6.342393896041955,-2.5318235581177944,-6.374185344142415,-2.7210041702795262,-6.9225878238753635,-3.0875282395875554,-7.510729613733895,-2.9408820978181103
LUNAUSDT,1777917600000,6.614239573093675,0.07592,6.61124529573668,7.079639776870398,-3.2955742887249757,-3.069020021074814,0.529956823697543,0.3814471025628471,-1.488408851422558,4.453848409938406,-0.5268703898840853,4.6563192904656345,-2.7265542676501613,1.8101107021244451,-1.5806111696522744,2.561286957476587,-3.082191780821911,0.5136331348013788,-3.0558482613277165,0.24926107032431535,-3.846153846153854,-0.8771691605789963,-5.176501580611173,-2.4763607792137554,-6.032665964172814,-3.3739215234793063,-5.439936775553207,-2.217439864883277
LUNCUSDT,1706990400000,6.801541425818885,0.00011086,13.075142032415025,8.644201510199505,-2.035901136568652,-1.4703229298214051,2.9150573539412097,2.6436643863307108,-1.2357928919357828,10.014770455070696,-0.703590113656867,8.94048255250085,2.345300378856211,10.243106162187383,-0.8298755186722095,5.253080332781262,-0.7757532022370575,3.7990450487855565,-1.7048529677070274,1.488283723875865,-1.722893739852066,0.24382389474168314,-4.889049251307967,-3.3538345906012097,-5.078477358830968,-3.67258014316838,-5.764026700342785,-3.8056038967616077
LUNCUSDT,1734696000000,7.612874876414372,9.796e-05,-1.9939371504607093,0.9241420520692764,8.320743160473658,9.366067782768468,4.798364714171893,4.641329864603119,3.11351572070232,1.584970935494901,2.878726010616568,1.8679497028261698,5.828909759085339,4.807157660617692,8.278889342588814,6.8101946489169976,8.993466721110648,7.171894604767879,9.73866884442629,6.914110673509166,10.524703960800327,6.36918270506058,9.871376071866061,4.4251908915386915,10.810534912209055,3.5574932503983026,13.168640261331158,4.475502068588544
MAGICUSDT,1735578000000,5.065398335315111,0.4418,1.0313521919092496,5.120395926525183,-1.505205975554556,-1.9013128112268034,-0.22360949757550683,-0.4369373660257565,1.4486192847442192,2.558235321037944,1.0185604345857737,2.1866056096164863,1.2901765504753242,2.358242411766048,-2.331371661385249,-0.9957782672540281,-1.471253961068358,0.12190353520251511,-1.1543684925305677,0.2663360426137783,-3.2593933906745183,-1.938740392336816,-3.395201448619287,-2.1549747822099996,-3.3046627433227704,-2.2134731155721283,-3.893164327750124,-2.424451338618868
MAGICUSDT,1736946000000,6.986800182066455,0.4701,4.617781239568263,8.004411156550118,2.067645181876192,2.2335673261008253,3.1610344501848497,2.9006432817751175,3.2546266751754906,7.2233267064281,1.255052116570934,4.592397275324099,0.5743458838544948,3.416597401461124,-0.08508827908955785,2.384689162089111,2.0846628376941023,3.9442049860296002,2.5951925122314377,3.546738803727089,2.1697511167836603,2.2872476360848513,2.297383535417991,1.524235770984632,3.063178047223988,1.3195591710408077,3.467347372899379,1.3713475886790827
MANAUSDT,1698105600000,5.548743102391173,0.3443,9.038510260957693,1.7991514273465126,-2.3148417078129535,-2.352599477200115,1.9611693099548642,1.1042194549328603,-1.1617775196049966,6.5935787000783135,-0.5227998838222389,6.132440891202637,-3.3110659308742436,2.3488901186742854,-2.4978216671507396,2.3756518556920994,-3.5143769968051117,0.6392196067739103,-3.9500435666569853,-0.4395472061657083,-3.601510310775493,-0.6525383141762497,-2.2073772872494906,0.4055585376036345,-1.4812663374963675,0.7604562737642605,-0.9003775776938693,1.4479826361014603
MASKUSDT,1749243600000,5.703211517165005,1.909,-26.723476124673727,1.1203220594856464,-0.5866946045049767,-2.357255107386062,-4.85657614231822,-1.4800887323968666,-3.823991618648505,-24.89876058412075,-2.8287061288632818,-18.41850646494856,-2.6191723415400756,-11.387578054244726,12.572027239392353,10.522526229170959,0.8905185961236199,1.6090741229227223,-2.5144054478784725,-1.0737826918987994,-1.3619696176008393,-0.2965159377316674,-1.4667365112624424,-0.8172950171368346,-2.2524882137244595,-1.9185282522996159,-2.462022001047665,-1.8863947728949337
MAVUSDT,1699862400000,10.907732536421369,0.2969,9.142374002867331,9.440082568469174,5.661839003031323,5.725833614011448,6.402749046047575,6.829079411866899,2.9302795554058556,10.857184314579031,7.5109464466150175,13.971507123219196,4.479622768608952,9.47591318157755,3.166049174806339,6.858777560703346,7.073088582014153,8.851224105461387,6.972044459413943,6.799381263030452,8.049848433816093,5.951515952176491,10.50858875042102,6.170921916965981,3.8059952846076044,-1.558707039734252,2.1219265746042533,-3.350227917503432
MAVUSDT,1755871200000,6.356647290455649,0.05672,4.79252115434358,5.255344418052245,2.9689703808180554,3.182299012693937,3.4384585112324273,3.9422566112871333,0.07052186177714805,4.3612561594469215,3.473201692524682,7.018471581481019,4.389985895627643,7.093763565330622,3.2263751763046513,5.052571141493535,3.1382228490832227,4.049943973107093,3.9315937940761687,3.8345692494671733,3.437940761636108,2.4731896461382497,2.7327221438646028,0.8742318012637504,2.6445698166431617,-0.05836509080920173,2.6445698166431617,-0.31504691459488504
MELANIAUSDT,1773396000000,7.888446215139436,0.1354,13.848482300512893,9.613438575187182,-5.384047267355976,-7.348596750369267,0.730616033771221,-2.7336588122664907,0.8124076809453602,12.354926331385293,-0.44313146233381795,8.806199047542165,-0.9601181683899525,6.344171292624908,-5.760709010339736,0.06273525721455203,-7.459379615952731,-2.5509410483745354,-7.311669128508119,-2.9163765761584455,-7.385524372230415,-3.1884505519956723,-8.050221565731162,-3.831299243009439,-8.49335302806499,-4.17633410672854,-8.788774002954206,-3.598470064788075
MEMEUSDT,1755162000000,5.077928607340371,0.00209,4.90387993776038,9.084266290873968,-5.851674641148318,-5.837320574162666,-1.5974364933881282,-1.7543881554170873,-2.296650717703343,1.9063778820241517,-3.0622009569377906,0.7509075538316224,-5.502392344497591,-1.834087181271407,-6.889952153110039,-3.063511830635104,-4.832535885167463,-0.7584073445764079,-4.497607655502388,-0.5579912315663531,-7.655502392344488,-3.5530458247963588,-6.172248803827741,-1.6746891295627675,-8.612440191387552,-3.8509942109237123,-8.995215311004776,-3.3389236164049465
MERLUSDT,1749733200000,6.8269230769230855,0.1111,8.443142996583704,7.890264627336739,-9.279927992799285,-9.540954095409539,-1.5037436234041057,-1.6234281677331688,-5.490549054905498,2.239532619279465,-8.1908190819082,-0.6912666731574358,-9.00090009000901,-1.69194865810969,-8.820882088208823,-1.5549076773566477,-9.540954095409539,-1.9416528441799121,-10.531053105310532,-2.9202070514698764,-11.161116111611168,-3.490759753593433,-10.35103510351036,-2.6107362863009733,-9.540954095409539,-1.3932496075353262,-10.171017101710175,-0.9822403016172286
MERLUSDT,1764133200000,17.46543778801844,0.2549,17.260097525071316,8.088625039754058,23.573950568850517,22.69517457826598,19.385268164414562,18.578421059493245,8.042369556688882,23.07279796219333,6.276971361318147,17.946708463949822,12.436249509611615,20.67368421052633,13.377795213809321,17.853356169969818,24.244801883091395,23.996711170275223,21.145547273440567,16.598701102552507,31.855629658689676,21.235075569022126,33.34641035700273,17.39716091596725,37.7010592389172,15.86835242465254,47.31267163593566,19.21013365503667
METISUSDT,1729202400000,5.163758068371991,43.99,5.2518243809068075,3.9473528751521263,-0.5660377358490619,-0.38645146624233173,2.050608793136229,1.4403418805771144,-1.091157081154817,3.7063520438565125,-2.9097522164128238,1.6783716224258978,0.02273243919072064,4.198735406256668,1.0229597635826226,4.5179801970883595,-0.6819731757217646,2.1653727434290575,-1.5458058649693105,0.725615144890471,-0.5001136621959511,1.2023121387283309,-0.25005683109797555,0.8434261025440775,-0.2727892702887123,0.34997826932314363,0.5455785405773923,1.1179442628197735
METISUSDT,1755871200000,7.3275862068965605,17.43,5.088628964186672,3.623554591123908,6.282271944922547,7.171543316121629,5.613056821116994,6.243172832464943,0.6884681583476822,5.241065003597999,3.6144578313252955,7.333888030429087,4.934021801491678,7.683249926405651,5.966724039013191,7.6026798718322155,7.056798623063686,7.4265975820380135,8.261617900172125,7.167196728759678,7.917383820998274,5.319148936170208,7.2862880091795725,3.269273249392547,8.605851979345955,3.0091962779561454,8.491107286288011,2.0782726045884026
MEWUSDT,1746784800000,5.126694166175608,0.003568,5.493465791496668,0.4447947750689546,-1.1855381165919276,-1.022982062780271,1.5188537875217336,1.4636358470238104,-0.7567264573991064,4.1439957648304535,-1.7376681614349774,2.6677208703036754,-1.289237668161436,2.3153124364523796,-3.1109865470852016,-0.083817451371418,-1.4573991031390126,1.0983955374087178,-3.0829596412556013,-0.73202239127313,0.08408071748878825,2.136544346881002,-0.5044843049327294,1.188609868027249,-0.5325112107623295,0.7151370679380328,0.5325112107623295,1.738661826020372
MEWUSDT,1755871200000,9.717756341550558,0.003071,7.633534277302685,0.6175974313189188,3.9270595897101934,4.070335395636604,5.296486071595344,5.659052421582979,0.32562683165092887,7.142857142857147,2.4422012373819597,8.221534227726181,3.7447085639856756,8.378405959791818,3.6795831976554947,7.10441334768568,4.070335395636604,6.278265496142585,4.070335395636604,5.007228282297295,5.6007815043959575,5.039839347023374,4.754151742103545,2.717200421469391,6.024096385542178,2.4672708962739227,4.55877564311299,0.6078455946860418
MINAUSDT,1698076800000,7.254126947221579,0.4613,9.741881765195668,9.952448485859678,0.7283763277693515,0.40104053761110303,4.244459025928646,3.8842820656895447,-2.5579882939518703,5.864342910975029,0.10838933448948634,7.510359919914329,0.36852373726426074,6.449017128405568,-1.1489269455885478,3.8038653281431403,-0.5419466724474317,3.36592619294371,1.127249078690665,3.964698803235949,0.4335573379579454,2.2015353392746695,1.3440277476696378,2.123290663637569,3.099934966399314,2.870244197867337,5.050942987210056,4.291309774889157
MINAUSDT,1728777600000,6.451612903225799,0.5709,6.263378315495571,5.9085428067897325,1.737607286740238,1.620248730075326,3.137823097838761,3.3168120260872387,1.1911017691364563,6.661496990509952,2.3646873357856135,6.841200775165476,1.5939744263443683,5.1315050118725996,1.2436503765983526,3.839175035481379,1.4363286039586591,3.1105888218221733,1.9442984760903836,2.708903203035379,3.7134349273077594,3.523035230352304,1.7341040462427781,0.8105809452727794,1.646523033806284,-0.039618968873262786,0.5079698721317243,-1.2086360662511666
MLNUSDT,1761159600000,5.083724852427426,8.723,0.8789175436567656,7.079287529307791,-1.459360311819336,-1.553364668118781,0.3475632311624517,0.43134710899620415,-0.8139401582024706,0.11339705167665935,-2.166685773243151,-1.0355664304848458,-3.8174939814284095,-2.328288707799759,-2.6825633383010428,-0.8039449391198618,-3.4391837670526275,-1.1721362447054393,-1.295425885589835,1.2333776204865183,-1.811303450647727,0.7492971663157489,-1.1349306431273667,1.0889568754322443,1.971798693110155,3.5446132355508886,0.5961251862891161,2.0859266842723634
MLNUSDT,1776524400000,28.642281463112223,4.15,22.375560273649455,0.4611530035464,-22.677108433734944,-24.819277108433738,-4.589971967964049,-6.430674818065495,-9.228915662650612,9.633294528521535,-19.469879518072293,-2.710255887747074,-24.795180722891573,-8.627806891705951,-23.349397590361452,-6.542879807268552,-23.759036144578317,-6.318469828862439,-24.93975903614458,-7.125819916517587,-24.843373493975903,-6.681028034586962,-25.084337349397597,-6.6198113774253535,-24.843373493975903,-6.017416458251712,-26.45783132530121,-4.8895260057964
MLNUSDT,1778810400000,17.469338917140295,3.927,24.150358825203124,6.408345752608045,-15.403615991851288,-18.79297173414821,-0.8198999905642822,-5.977230640583061,-3.3358798064680477,17.617896759001038,-9.090909090909097,9.067579127459359,-2.852049910873443,14.01332895012104,-19.505984211866565,-5.93381740269015,-19.04761904761905,-5.796242517631725,-20.932009167303285,-8.469180202222685,-21.339444868856635,-9.717959959082263,-18.156353450471098,-6.020643878475973,-18.538324420677366,-6.063720452209664,-21.2375859434683,-6.896240329911799
MLNUSDT,1778821200000,6.862745098039219,3.815,14.01332895012104,3.373526622408883,-18.773263433813895,-18.768020969855833,-6.68288996872658,-6.042182165342819,-17.14285714285714,-5.93381740269015,-16.67103538663172,-5.796242517631725,-18.610747051114025,-8.469180202222685,-19.03014416775885,-9.717959959082263,-15.753604193971166,-6.020643878475973,-16.14678899082569,-6.063720452209664,-18.92529488859764,-6.896240329911799,-22.490170380078638,-8.683836699400906,-20.865006553079944,-5.155351701171811,-22.096985583224114,-4.091906544468821
MOCAUSDT,1738558800000,6.8173286282754,0.14227,-5.055857346876126,0.13478464370049734,3.399873480002803,2.628804386026564,1.5925141259634699,1.653641324119678,3.0716243761861146,-0.7680595499915394,4.730442117101276,1.7926436027764028,1.968088845153579,0.37570834515349233,1.9751177338862578,1.663560046529219,3.711253250861024,3.5613015525421794,2.185984395867014,1.6437226017101367,1.8837421803612764,0.7871059255447818,1.2511421944190648,-0.18570102135561084,4.667182118507049,2.070052779491375,8.554157587685376,4.984806977234263
MOODENGUSDT,1777453200000,6.558201945655827,0.06353,7.886424617056702,8.218139697302641,-6.614198016685035,-6.933732095073197,-0.9913240388835398,-1.749339988760434,-1.3536911695262075,5.537031423663734,-3.289784353848578,2.8043638310688657,-5.4777270580828015,0.02498542516866505,-5.824020147961596,-0.6146179401993278,-6.516606327719194,-1.4093859459818432,-8.641586651975446,-3.5463821584072917,-9.129545096804668,-3.991352070513886,-7.3508578624272,-2.089294031539025,-9.5860223516449,-4.103642859527856,-8.972139146859757,-2.5249460625674325
MORPHOUSDT,1760868000000,5.657937277723904,1.9608,3.3969984918634526,8.33298802469646,-0.8710730314157548,-0.6476948184414547,1.266267477577665,1.404015231219631,-0.729294165646685,2.4042508417508457,0.851693186454505,3.7224696175774827,-2.4377804977560213,0.47163370132667787,-0.5201958384333032,2.342126802241367,-0.5507955936352582,2.1391606779945103,-0.586495308037539,1.7464924002004365,-0.7088943288453704,1.0615380622388255,-1.249490004079977,-0.12224875816927096,-2.2133822929416618,-1.4104060509144791,-0.5660954712362357,0.3076574815302551
MOVRUSDT,1755871200000,5.471026222078343,6.516,3.7298820383017364,5.175655935500021,4.140577041129527,4.5810313075506475,3.8344073997845585,4.5730832052635915,1.1663597298956359,4.503876091884773,2.8391651319828055,5.572448127550296,3.913443830570901,5.96741631062492,4.573357888275016,5.830460037896451,4.9570288520564825,5.354777089687893,5.233271945979131,4.642290318642409,4.803560466543888,3.1570996978851906,4.450583179864949,1.7293693855282941,4.880294659300178,1.1560265841708737,4.588704726826279,0.43031035397448103
MYXUSDT,1769961600000,14.18555737321804,5.3746,7.376891971806214,8.907249709981196,0.7431250697726327,0.25583299222267575,4.072447768964394,3.5707902211730014,1.9461913444721388,8.710618887854968,0.5209690023443527,6.42623286672785,-0.009303017899001282,5.324532280760892,-1.287537677222498,3.4549999805000544,-1.5201131246976456,2.6452050809657903,-2.4708815539761186,1.0980024571493496,-1.631749339485727,1.1254652777512117,4.796636028727712,6.0779557336788725,4.1528671901164795,3.686580461845948,2.9341718453466337,2.174884662409005
NAORISUSDT,1773007200000,6.796426292278239,0.03347,1.556573717267954,1.6676285653534246,16.773229757992233,14.520466089034967,9.908267840074348,10.77642233257594,3.4657902599342734,4.622356495468267,8.544965640872428,8.652091993898974,16.014341201075602,14.182374217072958,13.026590976994331,9.579121165599759,12.070510905288323,7.324749642346208,9.889453241708994,4.142480958178778,20.7648640573648,12.246598167175776,23.24469674335226,11.97372349955212,28.83178966238422,13.42294236788804,31.87929489094711,12.936239893562599
NEARUSDT,1678795200000,5.554159336516714,2.1,4.091799053260298,2.332947554364373,2.080952380952378,2.0476190476190443,2.400507272598506,2.536165465599678,1.8333333333333324,5.427923486491797,3.547619047619048,6.428798668722331,3.857142857142855,5.909775166318659,3.5000000000000058,4.726799653078928,3.309523809523815,3.6674232469239088,1.7380952380952264,1.4049076842754473,2.261904761904756,1.218391346357795,0.476190476190466,-1.034215895499663,-0.26190476190476475,-2.2426547805185373,0.5476190476190402,-1.502075850165602
NEARUSDT,1734984000000,5.453149001536095,5.492,6.7091534381254,8.914229053049093,-1.3874726875455186,-1.2017479970866685,1.828651646736546,0.8360215285682439,-0.10924981791697427,5.8031667663111515,-0.3823743627093938,4.878750119812138,-1.056081573197375,3.4594368181558597,-1.2563729060451556,2.5413152819271696,-3.1500364166059733,-0.018796992481209283,-3.0772032046613185,-0.21370725854829176,-1.6933721777130366,0.6693889727955813,-1.1471230881281813,0.5668346176645048,-0.21849963583393237,1.0026540843409064,-1.7844136926438432,-0.40252594261235314
NEARUSDT,1755871200000,6.143628061436287,2.557,4.589332460732988,2.4418581358546527,4.489636292530312,5.103637074696913,4.2726599457576935,4.9968124448389775,1.1341415721548656,5.2032057280013175,3.2850997262416923,6.556384910227964,4.341024638247956,6.745618948547655,4.497457958545178,5.968669442791992,5.201407899882676,5.69744597249509,5.396949550254201,4.790419161676637,5.670707860774346,3.8751345532831003,5.084082909659753,2.1401147983426387,5.123191239734072,1.1058451816745773,5.162299569808374,0.6437607605359638
NEARUSDT,1762588800000,5.26315789473683,2.8,3.676824526974486,9.730767723478465,2.4071428571428615,2.0535714285714324,2.41725869398368,1.6079189742101003,-0.9285714285714215,2.687495372769675,4.607142857142858,7.257946389336456,7.250000000000011,8.816175671268637,7.607142857142861,8.074177696474043,2.7499999999999987,2.4974170793401993,1.3571428571428663,0.6739978715856733,0.3214285714285836,-0.8926366298556843,-1.6071428571428545,-3.1906669477827045,-0.42857142857142894,-2.4697404323794943,3.142857142857146,0.7184208690800011
NEARUSDT,1778054400000,5.026533018867927,1.425,7.495247578528116,7.179523822059432,3.7698245614035044,4.43508771929824,4.857538129457114,4.6455479793926715,-1.1017543859649155,5.402898897581267,1.150877192982454,6.625833129905382,3.8385964912280683,8.112254962847123,5.045614035087709,7.867581356469574,2.6736842105263174,4.32829435253852,3.0175438596491175,3.5085740072202185,5.838596491228066,4.962801606246823,6.477192982456144,4.1693842383132935,5.726315789473676,2.3818422751520525,5.031578947368412,1.2159164682968977
NEIROCTOUSDT,1747472400000,5.663587749149239,0.0004347,-2.8190740202544045,6.5284516982796585,6.5792500575109285,6.705774097078446,2.3201853532915595,2.9866035272939095,5.705083965953532,3.022285996143674,9.178743961352657,6.343408994151767,9.201748332183115,6.130388123770347,6.6712675408327575,3.4029078583533936,9.362778927996322,5.524849614880903,7.223372440763747,2.950921058444145,6.740280653324134,1.9645760998549595,5.314009661835754,-0.08511752766318792,3.174603174603177,-2.90106083567873,3.2206119162640934,-3.151305849341674
NEIROCTOUSDT,1750629600000,6.013853904282108,0.0003367,5.245061265316324,0.7450405433709216,0.5435105435105454,0.16335016335016733,2.026090231327898,1.7176243568620486,0.0,4.393389762192658,1.1880011880011847,4.9599507085643735,2.702702702702704,5.632942326490729,1.425601425601428,3.5727283755914017,0.8613008613008661,2.3446446868784396,0.20790020790021294,1.0906040268456576,0.1188001188001217,0.5038609463045205,-0.2376002376002434,-0.2968239833778802,-0.5049005049005011,-1.074887786439865,-0.3267003267003185,-0.8655067497710534
NEIROCTOUSDT,1776308400000,6.734006734006731,9.51e-05,16.931021763187015,3.0391678855842654,-4.090431125131433,-5.3101997896950515,2.03547624351854,-0.32774255357288457,5.678233438485814,19.443784169241738,-1.9978969505783304,8.52352119236144,3.470031545741338,11.678583588695963,-4.3112513144058795,1.7783245721955074,-6.309148264984224,-1.3835085777531857,-6.624605678233429,-2.8233749179251393,-10.515247108307046,-7.116350141890429,-9.148264984227124,-5.748881858841492,-2.523659305993681,0.7280234706074166,-8.622502628811773,-4.725359061506419
NEIROCTOUSDT,1776340800000,7.291666666666671,9.27e-05,0.7280234706074166,0.43881033642126566,26.321467098166117,34.14239482200648,15.238257190696164,12.688793928249325,-6.2567421790722815,-4.725359061506419,-2.3732470334412072,0.3214721206074853,7.335490830636464,9.533245266402483,40.56094929881336,38.572795916196945,47.57281553398057,38.72832369942197,38.727076591154265,25.39001560062404,42.50269687162892,23.584993918982143,39.0507011866235,15.844342590096169,26.537216828478964,2.570828961175232,29.557713052858688,2.5619128949615755
NEIROCTOUSDT,1776351600000,9.94475138121547,9.95e-05,9.533245266402483,7.806490059049796,25.457286432160796,25.628140703517584,13.603370496528171,9.2075857756357,30.95477386934672,38.572795916196945,37.48743718592963,38.72832369942197,29.246231155778897,25.39001560062404,32.763819095477395,23.584993918982143,29.547738693467316,15.844342590096169,17.889447236180903,2.570828961175232,20.703517587939697,2.5619128949615755,17.085427135678383,-2.965184074629352,22.01005025125627,-1.42103126268777,16.88442211055275,-6.83329327885924
NEIROCTOUSDT,1776866400000,5.417118093174431,9.73e-05,5.65750895862743,7.961165048543688,-0.277492291880774,1.2332990750257031,0.9401640609953799,1.8789218061283737,1.3360739979445064,5.7145920446017,-0.9249743062692649,2.3354564755838783,2.3638232271325816,4.534005037783375,3.08324768756424,4.773843100386495,3.3915724563206706,4.237902807999181,1.1305241521068996,1.422387136672869,1.4388489208633166,1.2723168479376101,-3.4943473792394535,-3.800840077860865,-5.652620760534428,-5.904059040590418,-5.447070914696807,-5.18396372256003
NILUSDT,1761670800000,7.1117074807111695,0.3193,7.6751871585620846,5.12453289874397,-4.278108362041957,-4.979642968994667,0.7282992676372836,0.11065355184581235,-2.568117757594734,4.290982232651686,-1.5346069527090385,4.583860022619924,-5.4494206075790705,0.09615065813468136,-5.1675540244284255,0.09255586407510329,-4.791731913560908,0.12515644555694336,-5.324146570623226,-0.7061914928559649,-5.355465079862183,-1.054285901381686,-6.263701847792034,-2.042285789094725,-2.2549326652051316,1.6811103147194886,-4.071406201064816,0.21594032194738708
NOTUSDT,1777928400000,5.543760320830379,0.0004474,6.278357127586283,2.8151212225669435,8.305766651765765,9.01877514528387,6.41720765966866,6.16835238562394,1.162270898524814,6.373977625270295,1.922217255252581,5.962727145977585,7.13008493518105,9.742415569547806,13.835493965131871,14.323553839592368,9.924005364327236,8.593888005652714,14.036656236030412,10.550150592619904,9.231113097898978,4.398538804981739,5.7219490388913785,-0.0464900046489993,8.806437192668762,1.520301974932748,11.287438533750567,2.7530130427604376
OGNUSDT,1716595200000,9.959700633275768,0.191,14.023043400394014,8.199971675400095,-3.5235602094240868,-2.931937172774873,2.3137271471345557,3.5030522046720733,0.5759162303664869,12.312909260991578,-1.6230366492146553,7.951281167413529,-4.345549738219896,3.565557508077768,-3.350785340314145,3.4405469012663783,-1.51832460732985,4.256734286664445,-0.7853403141361263,3.8071761161325735,-2.5130890052356016,0.9323503902862247,-4.816753926701578,-2.131782945736444,-8.376963350785347,-5.8583032976491385,-8.481675392670153,-5.139197916101361
OGNUSDT,1730534400000,5.040091638029783,0.0917,9.24469859423398,1.9228631766144377,9.37840785169029,10.850599781897484,6.667410110575287,6.350847607763373,10.468920392584511,17.845509539320602,11.232279171210457,15.948618847334304,12.431842966194104,14.479236064845654,12.32279171210468,11.810681719496294,8.724100327153755,6.17678381256656,11.450381679389308,6.524911402960186,12.75899672846238,5.488675780452979,10.250817884405661,1.628468033775644,2.617230098146128,-6.0503194888178875,1.5267175572519065,-7.178464606181468
OGNUSDT,1734696000000,6.543075245365312,0.0977,-3.999213913727036,0.13323767551500587,7.973387922210857,8.904810644831116,3.9957340281880027,4.552775868334507,1.8423746161719652,-1.3581838009318752,2.558853633572162,0.12990906365544633,6.2436028659160785,4.008016032064131,6.8577277379734,4.640673549163084,8.904810644831116,6.655974338412197,8.904810644831116,5.9655412807489245,10.644831115660192,6.6706137754095005,10.235414534288648,4.980992299444393,10.74718526100308,3.7989255564082933,12.794268167860812,4.4648781875059305
ONDOUSDT,1738558800000,8.12694918363603,1.1788,0.6738348805629959,3.836616765544002,5.196810315575155,4.51306413301662,4.203563702726733,4.0298149320338545,1.6711910417373455,2.7564624683842673,6.523583305055985,7.311945579161475,4.182219205972166,5.141947193589261,4.843909060061073,5.953962878820353,6.515100101798437,7.2548198894650024,3.834407872412615,2.917682670478448,2.5704105870376646,0.7155292334091427,1.1961316593145572,-1.1583587432056295,6.133355955208689,2.3001381881812484,14.497794367153022,8.841507668983756
ONDOUSDT,1755871200000,7.625248289560796,0.9753,5.643414211438479,9.109215494336468,2.9519122321337075,3.357941146313961,3.982165594531275,4.786711337287595,0.3281041730749607,5.37368080982123,1.640520865374758,5.951134007396172,2.7888854711370863,6.285980852620315,3.004203834717522,5.649503617701485,3.619399159233057,5.345453029229037,3.5066133497385543,4.227969645346152,4.1320619296626795,3.689788250668754,3.5886393930072833,2.0051694196518595,3.701425202501808,1.042998721227622,3.2092689428893673,0.24997759165012995
ONEUSDT,1678662000000,5.695830886670573,0.018,10.280602867295691,3.2406079724691685,-0.47222222222221466,0.16666666666667918,2.795533439257638,2.8421106270223557,0.33333333333333903,8.95927601809955,0.49999999999999895,7.467474603457481,0.16666666666667918,5.605341767703409,-0.2222222222222132,4.025485085432964,0.22222222222223245,3.4166475578995805,0.22222222222223245,2.2675736961451305,-0.16666666666665989,1.0288412885815434,0.16666666666667918,0.5857740585774109,-2.1111111111111027,-2.024021352313166,-3.8333333333333317,-3.3770583310075244
ONEUSDT,1678716000000,5.561861520998855,0.0186,4.830073831933701,6.3951492964191585,2.607526881720434,2.956989247311829,3.4846180269293052,4.32125792109285,1.3978494623655906,5.806451612903213,0.9677419354838875,4.8810454596224915,1.7204301075268862,5.140316754654063,3.6559139784946244,6.1615549804526095,3.2258064516129026,4.63215258855586,3.602150537634411,4.010363253629841,3.2258064516129026,2.6573277014382772,3.9784946236559198,2.290157084677629,2.688172043010755,0.23615848858567257,1.6129032258064606,-0.9693476552266057
ONEUSDT,1698134400000,5.2681992337164765,0.01099,4.5571306250594645,2.237313363412246,0.9736123748862615,0.4549590536851735,2.0735490377271164,3.155311112327212,-0.5459508644221955,3.4352228636320667,0.5459508644222113,4.019580156264711,3.5486806187443105,6.206252916472242,4.276615104640582,6.20945319740501,2.4567788898999035,3.5116749402463565,2.547770700636949,2.8753993610223576,-1.910828025477708,-1.9554342883128843,-0.9099181073703312,-1.403349932095961,-0.6369426751592413,-1.5595420535472935,0.36396724294813565,-0.6037667838154398
ONGUSDT,1736341200000,8.354591836734695,0.3398,6.828470824949686,2.4620441147647196,2.145379635079464,1.2948793407887038,4.392142221762714,4.316938930829952,-0.4120070629782261,5.667447306791569,-0.08828722778103795,5.281111421217491,-1.5008828722778085,3.0258257149013468,0.05885815185404163,3.886580298215598,1.265450264861691,4.294850422816967,1.3243084167157164,3.4679648996273404,3.1783402001177254,4.339027438842937,3.325485579752805,3.3832926003356794,6.798116539140674,5.3288442561095914,7.50441436138906,5.24647785876862
ONTUSDT,1734696000000,6.298003072196623,0.2076,-2.3564272611824535,1.7148456638902514,7.586705202312136,8.670520231213874,4.087295144111357,4.707523674593416,1.9267822736030844,0.11828720132481675,3.275529865125241,1.8720897082581007,6.743737957610782,5.1882090473251985,6.936416184971097,5.183360181938801,8.718689788053952,6.7038577912254285,8.622350674373795,5.769230769230772,9.826589595375722,5.864326507870191,9.393063583815024,4.23168716724803,9.296724470134867,2.651103872602246,11.127167630057794,3.2907991940899786
ONTUSDT,1737352800000,5.45617173524151,0.2358,5.442024773062655,6.381538877986068,-2.294317217981344,-2.2264631043257017,0.8700382970104418,0.6037465620561289,-0.8481764206955054,4.240046368540724,-0.4240882103477527,4.239733629300778,-1.738761662425793,2.3500309214595014,-2.4597116200169635,0.89932002632156,-1.65394402035624,1.1162466207377846,-4.240882103477527,-1.6593353947998812,-3.3927056827820214,-0.9005089833384156,-2.5021204410517455,-0.2646306017092532,-3.6895674300254506,-1.6286927141990755,-1.99321458863444,0.3081730977906977
ONTUSDT,1774350000000,15.09949278189621,0.059,28.629981686578855,3.279563775130644,1.6694915254237332,1.338983050847462,9.688862727516884,4.16108977040071,7.169491525423726,32.034496439683416,5.135593220338992,24.63581747674257,5.542372881355936,20.41925315696855,1.9830508474576347,12.648369341371172,-1.0677966101694893,6.237373277760588,-2.4915254237288122,2.0180167399631155,0.3389830508474674,2.084806263040832,-2.5932203389830453,-2.680642812388873,1.2372881355932228,-0.2838063439065051,1.440677966101701,-0.22505626406601026
ONTUSDT,1774674000000,13.490600810910431,0.06158,18.907855101567936,7.795856563941453,2.452094835985703,2.346541084767779,7.826654230957352,9.065575977646446,0.6820396232542981,17.16461628588165,4.287106203312758,18.338615758826553,5.472556024683324,16.69062163133308,3.4264371549204182,12.02180986720604,6.170834686586539,11.92522340534802,3.2153296524845767,6.205928549944874,1.477752517050981,2.1445617705711215,-0.4222150048717169,-1.6440773117330953,0.21110750243585283,-2.1873514027579746,0.0,-2.3934062450467435
OPUSDT,1731506400000,5.167403663929254,1.6648,7.360044367918403,4.475082993931558,-1.7954108601633851,-2.6910139356078844,1.457642976968584,-0.9305757062377856,-0.11412782316194214,6.296343646126312,0.13214800576645722,5.546410029124978,0.9490629505045672,5.465293597153461,1.0451705910619808,4.583208992340581,-3.712157616530519,-0.7811242742724338,-3.712157616530519,-1.1549394782115479,-4.144641999038921,-1.9387347528190115,-2.7871215761653048,-1.0800271382031374,-2.594906295050464,-1.117730634844181,-3.0153772224891893,-1.2422702167091797
OPUSDT,1753365600000,5.067518513140707,0.7236,5.86995961842337,3.606763935224302,-2.404643449419574,-2.059148700939749,0.5644924423967561,0.8472037042979625,-0.8982863460475485,4.076863906184228,-3.5655058043117807,0.7173476899094898,-1.4372581536760747,2.337461078187989,-1.3405196241017194,1.9726035224042606,-1.8794914317302454,0.9770597186864352,-0.5942509673852916,1.721041392671788,-2.2388059701492526,-0.1270648030495413,-2.4461028192371543,-0.5340359875438516,-4.242675511332236,-2.42356817957782,-5.403537866224436,-3.0727839139054165
ORCAUSDT,1748210400000,5.460883036405888,2.723,4.867904182392353,7.339955849889622,0.5728975394785202,0.4223283143591651,2.2487798049231045,1.894949462694584,0.293793609988983,4.696185547249379,0.40396621373485575,4.184132306988793,0.6977598237238387,3.8085863557204522,0.1101726037458727,2.562173144211589,0.2570694087403642,2.1056962262033805,0.4406904149834745,1.6842026991857872,0.3305178112376181,1.0728819829818685,0.6977598237238387,0.8941384258748285,1.1384502387073134,0.6983801967165286,1.3587954461990424,0.7814211640984395
ORCAUSDT,1754550000000,6.862745098039216,2.507,12.129886394131848,3.0521015311890087,-4.120462704427608,-4.447546868767457,2.101299512435569,2.5397409461826896,-4.9062624650977344,5.519408666401089,-6.860789788591948,2.5562192550948613,-4.347826086956521,4.242740392975131,-1.794974072596726,5.624436912780471,-1.515755883526137,4.64081373172281,-2.433187076186675,2.5232626372705185,-3.86916633426406,0.13711721444302585,-4.5472676505783935,-0.9109730848861384,-5.863581970482658,-2.3340506538652726,-5.065815715995222,-0.985979947580806
ORCAUSDT,1771322400000,7.087294727744172,1.239,16.9750755287009,0.5967604433077733,-6.44874899112188,-6.3761097659402886,1.7979089701596958,1.5559009840239018,-2.6634382566586066,11.739090151023817,-2.421307506053271,9.819238804614413,-7.183212267958046,3.2501346740887067,-5.730427764326083,3.307978064744373,-5.165456012913644,2.085143353605562,-9.52380952380953,-3.941730934018855,-10.411622276029055,-4.908763813929573,-8.878127522195326,-3.2064471879286778,-7.021791767554494,-1.1922120250450505,-5.488297013720747,1.0266586144422414
ORDERUSDT,1738720800000,5.977011494252886,0.1844,3.9107404485517874,2.6526011078019427,-3.394793926247292,-3.497830802603043,-0.11219508272198764,-0.6306028082891584,-2.9284164859002253,0.947439657117085,-0.7049891540130128,3.393754588062576,-1.0845986984815628,2.5641025641025688,-2.7114967462039066,0.8545086575219213,-2.9826464208242975,-0.03352704514974114,-4.013015184381788,-1.2276785714285756,-4.82646420824296,-1.911468812877267,-4.663774403470714,-1.760268231349531,-4.2299349240780915,-1.4563919424139284,-5.802603036876364,-2.4924216908049845
ORDIUSDT,1712250000000,8.699705094742555,64.135,8.487151034548091,8.888592716595085,-1.6299992203944882,-1.3050596398222605,2.17120730408253,2.361300994771773,-0.1309737272939942,7.317947704051731,0.22764481172526824,6.617903169627323,-1.8461058704295696,3.63293944113183,-2.519685039370089,2.2245476916536453,-1.6122242145474481,2.437353489308355,-0.9978950650970727,2.2852485002351908,0.7686910423325718,3.1509661026146794,-0.5597567630778854,0.9211332106421616,-5.508692601543632,-4.3436947054561745,-4.12099477664303,-2.5322715629834396
ORDIUSDT,1747188000000,6.08688796026177,13.455,8.684238160243613,1.1042188750418007,-6.569305091044224,-6.75956893348198,-0.922998998032084,-1.6094095269773185,-4.6153846153846185,2.6835005520618305,-4.563359345968047,2.0106610316255935,-1.8506131549609852,3.9114321459764385,-4.912671869193605,0.16048851137119963,-6.086956521739137,-1.314402193013301,-9.632107023411367,-4.807760058247414,-8.926049795615016,-3.9700327570803924,-8.33147528799703,-3.0315418723859255,-7.432181345224824,-1.9044168609413363,-9.3422519509476,-2.96791847968753
ORDIUSDT,1776286800000,6.292834890965731,3.412,11.002667707723342,3.8644769486004886,18.399765533411493,22.288980070339974,14.672358948916505,14.566290725372998,-4.425556858147709,4.469005285920229,0.6154747948417323,7.9322161788285435,1.9343493552168898,7.46176425150625,8.059788980070337,11.134555100072333,23.563892145369294,23.152421569200214,21.014067995310658,17.464652499217667,27.52051582649473,19.559243789843915,28.868698710433772,17.02240911268432,27.168815943728035,12.110172338061677,49.677608440797194,26.41714936382991
PARTIUSDT,1774702800000,14.241779039507918,0.09658,1.465567053632408,3.562716135431458,-6.653551459929592,-7.242700352039762,-1.9407934238566473,-1.735027188754859,-3.3443777179540244,-1.2179765293488949,-2.5056947608200515,0.25660409501803816,-4.307310002070819,-0.839037788888641,-5.787947815282665,-1.4801260326775374,-6.336715676123421,-1.3177990138325268,-8.148685027956102,-2.528265814022478,-8.96665976392628,-3.1973927596229967,-9.691447504659342,-3.767860098196048,-8.935597432180574,-3.326151952163209,-8.511078898322639,-1.9899283448321803
PENDLEUSDT,1726963200000,17.067255286679735,4.2959,17.88094735022376,1.2961779609660868,-0.6615610233012816,-0.9253008682697395,6.17034012863297,6.174844195690552,-1.131311250261867,14.343480028321348,-1.8366349309807022,11.461769432462125,-1.0661328243208605,10.29365969108121,1.880863148583533,11.237625649693111,0.21648548616123586,7.4181177627130594,-0.32123652785213375,4.931570628668045,-0.7844689122186184,2.6605712303757145,-0.24907469913172867,1.5659626510678708,-1.3687469447612781,-0.906947809573682,-1.9553527782303972,-1.3024079784791016
PENGUUSDT,1746918000000,6.520208421349116,0.015128,7.805340383532751,3.4814163711048325,-6.919619249074567,-6.7028027498677965,-0.9706668717263038,-1.1039506223102347,-3.3381808566895836,3.6636372658830965,-4.184294024325764,2.1299682231006094,-6.2665256478054,-0.2995232939125196,-6.319407720782657,-0.5096668211111514,-6.240084611316766,-0.6110207971298897,-7.086197778952935,-1.5968804474905796,-7.25145425700688,-1.9565369296345398,-9.822845055526184,-4.409549235178279,-9.869116869381287,-4.077497783968593,-8.818085668958224,-2.0395988978211936
PENGUUSDT,1747116000000,5.481643038894943,0.014509,5.200191418089019,3.4472924316423628,-2.2392997449858663,-2.350265352539798,0.5636298932090191,0.6732356275854272,0.49624371080019913,4.82989675897967,-2.756909504445512,1.07095526344067,-1.6472534289061938,1.7962363213536683,-0.9855951478392655,1.8605178819592245,-2.191743056034178,0.46227797560475425,-1.543869322489479,0.8841932795661003,-3.563305534495831,-1.4585431471008845,-5.086498035701972,-2.904201538472372,-2.6052794817010123,-0.6293730881474001,-2.508787649045418,-0.27566077509323994
PENGUUSDT,1750716000000,7.977428634653698,0.009759,10.213900119711782,9.717022496542887,1.4437954708474217,1.2603750384260666,4.217062159356939,3.6367534808841726,0.6558048980428304,9.54733519945578,2.028896403320015,9.344285698597663,1.496054923660214,7.115821347464029,0.3381494005533358,4.281150159744423,0.2151859821703062,2.9994102283259094,0.05123475765959418,1.868564095608715,3.3712470540014285,3.9807046115153866,3.760631212214359,3.2928023502529586,1.4858079721282846,0.14358227668910326,1.0349421047238487,-0.40303437408457626
PENGUUSDT,1776852000000,5.1482799525504195,0.008864,8.54099063246189,7.370193385056114,-3.8402527075812296,-3.553700361010832,0.7236714652699405,-0.06618737165947479,-2.290162454873647,4.831876830714863,-3.012184115523464,3.336779094646262,-2.3127256317689566,3.2185004172130314,-2.8203971119133597,2.0313888066330823,-4.365974729241879,-0.06130485015680299,-4.884927797833947,-0.969049157220896,-3.869584837545121,-0.3706431887006336,-3.237815884476543,-0.07106989316214658,-5.46028880866426,-2.309369207633388,-6.148465703971122,-2.4003941996339684
PEOPLEUSDT,1659312000000,10.420315236427331,0.03783,9.224772628843665,3.0565544295521354,-0.8696801480306693,-1.3745704467354032,2.758887673495422,1.3883713957659758,0.5551149881046653,8.872352604464794,3.462860163891088,10.490063233965685,1.8503832936822606,7.5626029424080725,0.26434047052602677,4.915221420075792,-0.8194554586307288,2.7522935779816486,-2.6698387523129896,0.024449213550303068,-1.9296854348400778,0.00539112620626988,-2.4583663758921497,-1.3553612960141161,-2.696272799365583,-2.2622271785884758,-4.255881575469205,-3.415908909095751
PEOPLEUSDT,1659456000000,5.779569892473136,0.03935,8.515801665655507,7.197341179034537,-2.21601016518425,-0.6099110546378756,1.1188649355199665,2.2025468645659316,-0.35578144853875787,6.888749557015515,-0.6099110546378756,5.39222291088416,-0.38119440914867675,4.42751345303425,0.6353240152477768,4.488245072429355,-0.17789072426937894,2.8918692372171018,-0.6099110546378756,1.5132244919147615,-2.0584498094028083,-0.5778557424414456,-4.752223634053376,-3.421974850546286,-5.844980940279551,-4.493078648209732,-8.005082592121981,-5.920266126098018
PEOPLEUSDT,1668150000000,20.110957004160888,0.02598,18.101645604145826,8.580264972625065,16.97844495765974,21.78598922247884,14.0842474696072,17.50977256781887,6.197074672825251,22.35033259423505,22.055427251732112,34.9419124218052,24.172440338722083,31.592902304711394,23.248652809853734,25.264063844769574,24.364896073902997,21.229176046825753,21.516551193225563,13.790369088811993,23.325635103926096,11.068741983568474,10.662047729022332,-2.8256607855066354,10.73903002309469,-5.0495049504950495,3.502694380292537,-11.519857852653747
PEOPLEUSDT,1668218400000,8.35497835497836,0.02503,7.341967578694579,4.609854975550633,-10.415501398322016,-10.447463044346787,-1.8656609645459632,-2.2607426047540216,-6.152616859768277,2.2282182957611565,-10.866959648421895,-2.38032729500306,-13.184178985217743,-4.905693405102624,-10.227726727926486,-2.3722627737226185,-11.705952856572107,-4.229502513433861,-11.22652816620056,-3.3913043478260843,-10.50739113064323,-2.1492224357854246,-10.107870555333603,-1.0336485594897697,-9.7882540950859,-0.4540845567164943,-10.387534958050345,0.031217945859147268
PEOPLEUSDT,1668502800000,16.805170821791325,0.0253,16.071018947561587,6.028539697839611,-4.853754940711459,-4.466403162055332,3.003433598903606,3.251501961200122,-3.7944664031620516,9.971535715899321,-3.7154150197628453,8.49812934259754,-1.501976284584974,9.288658889571098,-1.7786561264822094,7.431585318403866,-5.138339920948614,2.643058763151144,-2.6877470355731226,3.8599451592491,-6.166007905138335,-0.8561286281060777,-6.679841897233203,-2.19552609776306,-8.458498023715414,-4.652120214079865,-8.616600790513825,-3.954802259887011
PEOPLEUSDT,1669420800000,6.297229219143567,0.02532,5.184446660019937,6.5634140695692516,-2.1366508688783523,-2.2709320695102653,1.176770005249072,1.0110431419130772,-1.6982622432859393,3.055647565419009,-2.3696682464454972,2.0096562538686826,-2.527646129541857,1.4969567363053267,-2.922590837282771,0.7418336817082691,-2.5671406003159474,0.9163053260247013,-2.6066350710900372,0.6366307541625995,-1.7772511848341193,1.105780957801453,-2.1721958925750333,0.2915215806947896,-2.0537124802527633,0.01613163413453997,-0.6714060031595578,1.497235562371348
PEOPLEUSDT,1680919200000,5.07698709945902,0.02525,5.489639037433166,4.1537763478117435,2.7009900990098936,2.534653465346527,2.8324465639205134,1.951057240148994,4.356435643564343,8.915802091514072,5.108910891089106,8.446042577534422,5.544554455445539,7.628932595614078,4.554455445544548,5.460791754883554,3.643564356435632,3.5287601867236207,1.1485148514851429,0.37335429357436767,0.5544554455445456,-0.8358069051710628,0.3960396039603936,-1.6183490511118899,1.4257425742574226,-1.2150433944069272,0.27722772277226587,-2.360018509949103
PEOPLEUSDT,1720281600000,10.150009740892264,0.05654,11.09146281560074,2.806542234505851,4.227095861337107,4.501238061549343,5.954425132322433,7.803624130589263,3.148213654050224,13.045163791432435,7.163070392642373,15.369968391789488,4.91687301025822,11.073662135340605,6.544039617969583,10.739365417846244,6.89777148921118,8.961762425859481,6.862398302087021,6.645485835319044,4.085603112840467,2.0514332287096546,-0.2652989034311945,-3.1831604972185885,1.2911213300318385,-2.6649444236717765,1.62716660771135,-2.494484982182249
PEOPLEUSDT,1724868000000,5.418877633059963,0.06556,0.678767775423075,0.7638750134484784,-0.2669310555216492,-0.4347162904209787,1.0968788534254572,0.8405156773944575,-1.891397193410603,-0.6732966829328646,-1.2507626601586144,0.2089621546320101,-2.4710189139719287,-0.7112022112487967,-2.715070164734579,-0.582972223088193,-0.9762050030506222,1.1340977068793718,2.8218425869432653,4.644664534757357,1.1439902379499707,2.586713697824798,0.8541793776693181,1.8343113246777212,0.10677242220866476,0.5469336479095434,1.7083587553386361,1.9805765848436254
PEOPLEUSDT,1728874800000,5.2404600104547825,0.08053,2.925576104599889,6.362885917120709,5.025456351670183,6.2523283248478805,4.363398600291473,4.0652559136726865,1.7757357506519318,4.099984758420983,0.9810008692412753,2.9002378903679737,0.39736744070532826,1.972605504124322,1.3411151123804763,2.638595432136033,5.488637774742323,6.085392809420917,7.016018874953437,6.716528802813411,7.301626722960383,5.745579147035416,8.717248230473114,5.752041358651015,8.332298522289822,4.030527068924391,8.903514218303732,3.6924932310202543
PEOPLEUSDT,1747119600000,5.166744950681072,0.02239,3.6286216791632118,0.004466479074550003,13.510495757034386,6.788744975435456,10.29109211846356,6.931783832871628,2.8584189370254496,6.148598820058989,5.002233139794549,7.730376208587275,4.510942384993303,6.416844786029391,5.448861098704773,6.3417710116205726,7.771326485037957,7.201563818916883,8.977221974095585,6.662003846826373,5.806163465832957,2.5674329999567034,20.455560518088436,14.076643261991359,36.53416703885663,24.42002442002441,37.74006252791424,21.345662010623645
PEOPLEUSDT,1747544400000,5.715532286212924,0.02423,6.533591276820265,8.222787976238342,3.0912092447379194,2.3937267849772894,4.283255905739944,3.7758567180862252,-4.374742055303351,1.5738021130156425,-0.7428807263722784,4.647115133582802,9.451093685513813,13.120627879201496,2.3937267849772894,4.670294899379812,2.3937267849772894,3.62542811795172,1.1143210895583961,1.6344478553057415,2.2286421791167923,1.9971175622812551,5.200165084605849,3.9262853182207307,5.406520841931484,3.029569567146725,7.841518778373911,4.607870611313515
PEOPLEUSDT,1751234400000,5.0875273522975935,0.01921,7.1926789799676465,6.897415208257984,-3.2274856845393094,-3.331598125976062,0.8573470671653698,0.032137068612803306,-1.4055179593961626,4.936561582359131,-1.8219677251431705,3.734668060062698,-2.863092139510681,1.9950806231210754,-3.7480478917230706,0.6039501605092769,-3.956272774596566,-0.04875670404678002,-4.47683498178032,-0.8697531197666142,-3.175429463820941,0.11303084127238663,-3.4877667881311836,-0.5258074900740284,-2.9672045809474286,-0.18207132912071744,-4.372722540343573,-1.1834319526627295
PEPEUSDT,1720425600000,8.598874511631232,9.0894e-06,8.759095265615851,1.160304035160259,-1.1698241908156704,-1.5908640834378538,2.9371293359632977,3.1462520132625764,-0.6006997161528753,7.292105810052566,-4.212599291482379,2.5237335996175347,-2.025436222412926,3.783150053375723,-1.1562919444627815,3.8358099072974876,-0.35315862433163064,3.7066128666594875,-2.5568244328558505,0.9861456175296641,-2.6470394085418074,0.2842338605486249,-2.252073844258146,0.12305916982392605,1.0748784298193585,2.5858911598656653,3.0310031465223335,4.250551314862299
PEPEUSDT,1721001600000,6.556770980579789,9.7996e-06,9.274432753337452,4.516301742347207,-1.9408955467570101,-1.9378341973141726,2.050699508840672,1.5511146224943393,-1.6684354463447422,6.354493640429314,-0.2785827992979363,6.655738026973067,-0.9122821339646467,4.858713622820943,-2.482754398138698,2.2887951473218533,-2.4439773051961304,1.4335293724449443,-1.2633168700763338,1.668699872543734,-1.0153475652067394,1.3316089726647886,-2.207232948283603,-0.37155474974635155,-3.213396465161854,-1.6910503376399952,-3.9236295358994187,-2.0219784794055733
PEPEUSDT,1728874800000,5.499422482596436,1.01386e-05,5.2645786655093705,2.774899998580802,2.47036079932141,2.3686702306038367,3.2591633953140167,3.562225996261941,2.158088888012155,6.4710780332857,0.6687313830311837,4.1573545109613095,1.024796322963731,3.756191942623863,2.073264553291383,4.088695863830174,2.158088888012155,3.4243449728243247,3.2193794014952837,3.700107019699557,3.4551121456611433,3.0045320854958533,3.639555757205147,2.290924985421914,2.5792515731955183,0.47172955589025006,3.7273390803464013,1.2266749831072228
PEPEUSDT,1728997200000,5.15707034927166,1.08357e-05,2.4601131101703575,9.841396634113392,-5.137277702409632,-4.8584770711629215,-1.1090223776809984,-1.3320080698277157,-5.74120730548096,-2.829324354794371,-4.678977823306297,-1.459404846746746,-3.7782515204370726,-0.3342806370545843,-5.037976319019546,-1.3436318904998494,-3.9877442158789975,-0.02373614630691505,-4.580230165102399,-0.4326711497034532,-7.0203124855800825,-2.5064786017445306,-6.459204296907443,-1.929518674977406,-5.984846387404604,-1.3203842491555817,-4.104026504978921,1.0892067741734524
PEPEUSDT,1737669600000,5.402130105397279,1.52207e-05,2.0342905255932084,1.9838702706903955,-0.18717930187179163,0.27495450274955247,1.5192995541766146,2.123234700384384,0.6701400067014115,2.4394613917411925,-2.097801020978013,-0.10799389442339061,-2.6115750261157444,-0.4009976563675785,-3.6213840362138345,-1.1433927908366777,-2.635884026358844,0.09550595189850052,-0.12023100120230654,2.3869224049854574,3.12140703121407,4.801948101809281,1.7804700178046977,2.8750726321905917,1.4729940147299312,1.8847985181256237,2.170071021700716,2.361670882643144
PEPEUSDT,1751472000000,5.105808101641776,1.01919e-05,6.002535682080784,8.69678823008707,-0.036892041719402406,-0.01815166946300318,2.214081450371043,2.4442642033562447,-0.46016935017022836,4.780013612622772,-0.2246882328123254,4.279146939357297,-0.011774055867887667,3.7734696246693025,0.03041631099206253,3.1697762647784873,0.7751253446364312,3.1527631872314723,0.104004160166402,1.7357652194810174,-1.2804285756335898,-0.14638527612233002,-0.3149559944661862,0.31100974497202205,1.0380792590194163,1.0728878655017926,-0.024529283058118696,0.012367321218593899
PIPPINUSDT,1752235200000,5.915931499740541,0.02041,2.2596322461045317,5.636354225971758,-2.1215090641842265,-1.445369916707497,-0.07452189619943886,0.9089872185593009,-1.8128368446839893,0.5267118133935161,-0.44096031357177756,1.9312766491096058,-6.516413522782956,-3.864563913941655,-1.2248897599216082,1.2912626237250857,0.48995590396863986,2.6064335384461486,0.48995590396863986,2.381071232466439,0.9309162175404173,2.6203048719736906,-1.6658500734933857,-0.13434841021047542,-4.164625183733464,-2.8122826194971537,-7.300342969132786,-5.29108474745959
PIPPINUSDT,1754874000000,5.879208979155533,0.01981,2.1713342616947817,8.044723206981207,-2.84704694598688,-2.8520949015648727,-1.7195533801678393,-2.063307311814552,0.5552751135789954,1.9499462613235037,-0.2523977788995529,0.7597776757941962,-0.5552751135790129,0.14233428222853178,0.6057546693589024,1.352725793327921,7.016658253407364,7.3363374006379365,-5.956587582029281,-5.397857106586087,-5.1489146895507325,-4.303539597657237,-5.704189803129745,-4.268948905857636,-8.228167592125187,-6.577595066803682,-10.802624936900553,-8.18871453808584
PIXELUSDT,1752235200000,5.121951219512189,0.0431,3.3895459016000133,6.886888376360872,-2.9466357308584676,-2.6798143851508116,-0.061378056660111605,0.011358768973572742,-2.041763341067283,1.0289542952859532,-1.3457076566125226,1.649533827396613,-4.825986078886308,-1.5787705744037595,-4.013921113689101,-0.7866084704302411,-2.1577726218097455,0.8610380291796202,-2.3665893271461718,0.470357901773996,-0.9512761020881685,1.7252061192393733,-2.9930394431554515,-0.4476403638268505,-3.1786542923433787,-0.810534572508381,-5.5916473317865485,-2.72531675830744
PIXELUSDT,1773903600000,5.709148123173745,0.009406,2.8596424080048073,3.4769168147239538,-3.5328513714650187,-3.5456091856261924,-0.5026838813814889,-0.5079869651420248,-2.987454816074846,-0.382096069868999,-3.8379757601530966,-1.3190194088960374,-4.518392515415693,-2.000152766714324,-4.454603444609815,-1.8843617625223827,-5.687858813523273,-2.9685859292964625,-3.8379757601530966,-0.6338778604150506,-3.253242611099288,0.34956937904569574,-2.2857750372102905,1.391079879535337,-1.8498830533701767,1.4695052921974487,-2.615351903040609,0.9511004331198873
PIXELUSDT,1780264800000,6.437768240343359,0.00744,9.031756964696589,2.695055039856437,-1.8319892473118329,-1.6263440860215113,2.5209509169704196,2.795407043321993,-2.553763440860216,5.4836973127118815,-1.7069892473118329,5.400458325526432,-3.776881720430107,2.529216315307068,-1.465053763440868,3.9902407194632263,-1.5456989247311896,3.061597771336918,-0.524193548387108,3.169956507193029,-0.7930107526881722,1.95877997568791,-1.9086021505376427,0.1262210514762257,-2.8360215053763476,-1.1445840797516638,-1.2096774193548476,0.6339252707531677
PNUTUSDT,1750716000000,5.375782881002091,0.22209,7.540783567454497,4.202540197904591,-0.06528884686388814,-0.46152460714125443,2.8091901731629894,2.5927981482728737,-0.3196902156783359,6.409159512800046,-0.6844072222972765,5.081871150007376,-0.603358998604173,4.132761605554988,-2.480976180827599,1.1980412679425627,-1.3192849745598703,1.6719553155560487,-1.5624296456391555,0.8497172222273525,2.188302039713631,3.7296037296037428,2.7781530010356077,3.513640980989699,1.1256697735152426,1.2145384078054948,0.22513395470304848,0.2906125391425834
PNUTUSDT,1776488400000,5.499753005104566,0.06407,-1.852050429694085,5.727817290714371,-5.788980802247545,-6.329015139690963,-4.020062799621621,-3.4178839129094643,-1.5451849539566174,-2.861190674181525,-0.6555330107694766,-1.6259157367623838,-2.278757608865308,-2.793087922495317,-2.809427189012023,-2.972981395493762,-4.104885281723116,-3.5372803918797957,-8.83408771656002,-6.797510770703676,-10.1607616669268,-6.723492521350208,-10.051506165131888,-5.74863030501266,-8.553144997658809,-3.842050844397755,-8.896519431871395,-3.2984874339391324
PROMUSDT,1751299200000,6.099046072660845,6.273,9.158869397407537,9.23119383791887,-0.9175832934799903,-1.009883628248044,2.956264733444785,2.688549610107784,-1.311971943248845,6.538376153246469,-1.82847122588873,4.978120679750499,-1.1031404431691294,4.769496299849023,-2.5522078750199255,2.5262148037328,-0.9166268133269585,3.293321124153074,-0.44795153833890244,2.850884416482768,-1.12545831340666,1.215585738041191,0.7205483819544134,2.183170230349611,-0.3299856527977,0.564562825709321,-0.28056751155746595,0.6429150631330972
PROVEUSDT,1779343200000,19.00760304121648,0.2974,21.57135265503005,1.5242289245054352,10.776731674512444,11.079354404841958,12.278725426095816,12.193490208216264,2.320107599193012,20.82109108234733,13.113651647612636,28.191448822498284,13.315400134499,23.456790123456777,16.44250168123739,21.842234888466667,15.063887020847346,16.16144471978003,10.558170813718892,8.225535696652498,7.767316745124416,2.9751959902326144,9.986550100874245,2.542399448258568,11.600537995965023,1.439530547999631,7.599193006052457,-2.8684170587342415
PYTHUSDT,1713132000000,5.96732588134135,0.6162,4.713999252285625,8.273371814132476,-0.9720869847452083,-0.9899383317104737,1.7149700406550452,1.9963217972326768,-0.7140538786108341,3.349831917157947,-2.0934761441090592,1.5485608483420086,-1.2658227848101133,1.9949706621961476,-3.58649789029536,-0.4524128686327138,-3.7974683544303764,-0.8131713683365084,-3.294384939954558,-0.23605832817130507,-0.5842259006815866,2.147668912159027,2.823758519961065,4.723810783114616,1.7851346965271033,2.8888269164520253,1.0061668289516363,1.9976729322692062
PYTHUSDT,1713506400000,5.207444084002044,0.6162,3.6780294107749563,6.685596059454444,-0.31158714703017953,-0.30834144758195603,1.8066438807603702,1.7079655307992903,-1.5741642323920693,2.1181303879310405,-0.3245699448231097,3.4006734006733805,-0.34079844206426335,3.319481131281866,-0.2596559558584769,2.989476506468275,-0.2921129503408023,2.2075091910235543,-0.4381694255111855,1.29780067366754,0.08114248620578643,1.2543920139230913,-0.34079844206426335,0.5073649754500805,0.6491398896462194,0.9357962405403261,-0.2758844530996306,0.035814286644544675
QNTUSDT,1710957600000,5.841434049763677,118.68,4.840063250324656,5.917001338688094,4.303168183350179,3.7874957869902177,4.426767826485211,4.278857545153079,1.8874283788338344,6.1092683269274675,3.235591506572286,6.668988333623552,3.724300640377475,6.311316843996124,3.2608695652173827,5.02815320140895,3.5810583080552747,4.378762534706606,3.85069093360296,3.769375194699135,4.044489383215366,2.9180106518640803,4.97977755308392,2.6149981468517045,5.8055274688237155,2.2898524751749423,8.661948095719582,4.178952555599551
QTUMUSDT,1688169600000,10.741017964071853,2.959,10.78247847248221,3.9887541732560075,3.5620141939844507,2.1966880702940164,7.223362143182072,7.978874986143646,-0.4055424129773576,8.789545572003405,-3.6160865157147755,4.407673158588376,-3.413315309226089,3.931052038255948,-3.649881716796218,2.8981845742952976,-1.6221696519094304,4.0534744066342565,4.79891855356539,8.975260050604437,10.408921933085496,12.352981635600797,7.164582629266636,7.168204400283888,12.031091584994925,9.652024345064826,13.923622845555927,10.005221250489491
QTUMUSDT,1713445200000,6.221749534698217,3.995,7.340534150142394,9.696994659307764,-0.2227784730913663,0.25031289111388705,2.6361010232562374,1.8740848559877978,0.6758448060075127,7.167599253930193,0.4755944931163987,5.999788739833125,-0.6758448060075127,3.8199895342752463,-3.028785982478097,0.6704433241515351,-2.0775969962453114,0.9835049949663021,-0.12515644555694352,2.1950157518633215,0.25031289111388705,1.8151311775472885,0.9762202753441727,1.933038534428307,1.0513141426783434,1.3023512584376762,0.25031289111388705,0.4741476631293837
QTUMUSDT,1737288000000,5.3738317757009355,3.157,0.11098779134294709,7.262380022084434,1.390560658853342,2.37567310738043,1.0578612326299468,2.720718082252158,0.22172949002217668,0.7386653082017498,2.248970541653474,2.861512969218019,2.5657269559708573,3.20318725099601,2.0905923344947683,2.640043310722588,3.357617991764329,3.607036260875085,3.54767184035477,3.1816173221387682,3.8010769718086825,2.8013928537817283,2.502375673107386,0.9640884839786568,-2.8824833702882544,-4.548426263192321,-3.54767184035477,-4.870505170420817
QTUMUSDT,1737352800000,5.107084019769351,3.19,5.65712771595124,6.869461800030149,-1.3605015673981153,-1.4733542319749193,1.3279287091986824,0.7716369608836471,0.31347962382445865,5.520015828002381,0.7523510971786841,5.394326938842444,-0.6896551724137867,3.2931203130094544,-1.3793103448275874,1.7530241283394723,-0.564263322884006,1.7841098703632572,-3.134796238244517,-1.1579553451474636,-2.3197492163009357,-0.6250797295573435,-1.8181818181818128,-0.4545021135937443,-3.1974921630094,-2.018022591699457,-1.5673981191222515,-0.20975020657217824
QTUMUSDT,1759881600000,8.759469696969699,2.297,6.52012613615285,0.9470654156320708,-0.8184588593818107,-0.8489333913800737,2.4607769840389655,3.095163313973288,-1.1319111885067585,4.789590254706519,-1.3060513713539506,4.100656656105051,-1.6107966913365417,3.281235718855685,-1.4366565084893497,2.9090909090908914,0.0,3.6458803357097933,-2.307357422725291,0.8131542297497643,1.0883761427949459,3.397604310459981,-0.5659555942533889,0.9815191440445563,-0.5224205485415764,0.25887411697600005,-0.3918154114061968,0.43016416469141466
QUSDT,1769929200000,5.029791459781529,0.021153,10.938622668128172,7.774180153511856,-2.6057769583510675,-2.9262988701366304,1.582859336594669,0.7696044848697714,-0.07091192738619166,9.131460610347311,1.574244787973337,9.000700088272,0.03309223278022059,6.059846624229371,-2.9121164846593954,1.687446153236741,-2.9404812556138653,0.7611933705995724,-1.8389826502151017,0.7780155991399705,-3.928520777194733,-1.8460022604109272,-4.04197986101263,-2.1919828072221286,-5.356214248569953,-3.4757411684160284,-6.575899399612363,-4.076342843829188
RAREUSDT,1755338400000,8.61471071363388,0.05951,6.826790169996578,1.6743550316077132,-6.165350361283817,-6.225844395899848,-0.3234383713406845,-0.5569363424431992,-5.982187867585281,0.21314323583672343,-5.394051419929419,0.5411004160937276,-6.805578894303475,-1.0491007707679223,-6.435893127205512,-0.739816382921839,-6.385481431692148,-0.7747795885653181,-6.385481431692148,-0.6243310738494401,-6.654343807763398,-0.7504020010719971,-5.931776172071919,-0.149828767123289,-6.066207360107549,-0.4895416110369583,-5.612502100487317,0.589172829999468
RAVEUSDT,1777917600000,17.515836692631773,0.77544,19.911671377938873,9.688562226022606,1.7001960177447608,1.3998504075105678,6.476547657601981,4.743550360603955,11.335499845249146,29.21833489242283,15.576962756628488,29.193569079919452,4.232435778396776,13.536406352060352,1.347621995254302,7.962007440255402,2.031104921077057,6.199002157026709,1.4520788197668337,3.2880985641811993,-0.39719385123284473,-0.551988226311301,-2.946714123594351,-4.6371831228633,-7.402249045703085,-9.68095758008764,-8.227586918394714,-9.761812980583896
RAYUSDT,1747213200000,5.3140639937018515,3.7456,5.898850990681274,3.6580303424456595,-4.722874839812047,-4.194254592054678,-1.0370992366416867,-1.3066814346562692,-1.8715292609995742,3.2429319812924122,-1.6766339171294369,2.677339221639521,-3.468069201196074,0.18453660807305172,-4.242310978214439,-1.2260342254118544,-4.146198205894916,-1.387328643900684,-3.8204826997009826,-1.1882100597396357,-6.767941050832974,-3.6031833226136762,-7.080307560871425,-3.3978938720224705,-6.976185390858604,-3.09518048498299,-7.179090132422039,-2.57796956875054
REDUSDT,1755871200000,5.5615260612574025,0.3929,4.228565365025469,8.102902737653055,5.232883685416132,6.1593280733010864,4.702955984119439,5.238993329647059,0.9162636803257805,4.847026469577178,3.0287604988546617,6.305312639512585,3.995927716976327,6.483894506410929,6.057520997709337,7.47169422020478,6.693815220157798,6.979711624346062,6.566556375668106,5.63096018971694,6.337490455586657,4.124610591900313,6.413845762280477,2.840978969376461,6.261135148892836,1.561739807336767,6.057520997709337,0.7836308228123691
RENDERUSDT,1737478800000,5.123751628310901,7.263,6.389523642116357,9.354532725055329,-1.0932121712790828,-1.3079994492633864,1.6638195472499047,1.97011774900556,0.3579787966405039,5.735754903098533,-1.3079994492633864,3.204998992138693,-2.0514938730552115,1.9431388283847453,-1.3079994492633864,2.2378799332486965,-0.34421038138509524,2.5866345404294533,-0.3579787966405039,1.9970966696263748,-0.3855156271513091,1.2865562570872697,-2.010188627288998,-0.7917700521341543,-1.4456836018174244,-0.565379860252548,-2.0790307035660165,-0.9967147391280153
RESOLVUSDT,1762858800000,9.98567011086807,0.14583,14.732817220543776,7.949056750424701,-3.0103545223890755,-2.928066927244049,3.0284160095498307,2.583806329678022,-3.3463622025646274,9.036195839683115,-2.5097716519234705,7.963822209396806,2.297195364465487,10.87410534452133,-8.496194198724533,-1.409699441439839,-3.3669341013508864,2.4232116639774426,-0.6651580607556735,3.753787092014694,-0.9051635465953426,2.744400995378601,-1.968044983885335,0.860019331033362,-4.402386340259193,-2.1155290929133743,-6.74072550229718,-3.846153846153827
RESOLVUSDT,1762876800000,5.6055155875299665,0.14092,2.4232116639774426,4.31448314660803,-2.1835083735452696,-2.281436275901208,-1.8952492625397295,-2.9808414695336007,2.79591257451036,3.753787092014694,2.5475447062163004,2.744400995378601,1.4476298609140037,0.860019331033362,-1.0715299460686798,-2.1155290929133743,-3.4913426057337356,-3.846153846153827,3.1294351405052496,2.4330763049944197,-5.3363610559182515,-5.390741909631845,-6.2446778313937,-5.150938655371704,-7.820039738858929,-6.507078544130257,-7.791654839625313,-5.733334300617365
RESOLVUSDT,1762898400000,6.860294117647042,0.14533,2.4330763049944197,7.578937238834407,-9.882336750842901,-10.534645290029582,-3.6660154951279558,-3.9945074840772063,-8.208903873942061,-5.390741909631845,-9.08965801967935,-5.150938655371704,-10.61721599119246,-6.507078544130257,-10.58969242413816,-5.733334300617365,-6.323539530723165,-0.6066977681407002,-10.479598155921003,-4.006493027374006,-11.394756760476152,-3.982521940780407,-10.851166311153913,-2.6786653245797107,-12.509461226174896,-3.8497893996566757,-8.759375215027863,1.246105919003111
RESOLVUSDT,1763265600000,5.64504211615192,0.14298,8.149403204090591,5.839375534360039,23.092740243390686,22.618548048678136,12.796985748527613,11.752378178640953,9.441879983214445,15.638717687225656,25.122394740523156,27.803058986576758,37.2569590152469,33.813812994770174,23.345922506644282,16.59779841988696,25.23429850328717,14.86967622737858,21.891173590711986,8.635080129903324,21.74429990208421,5.64743725912664,16.960414043922224,-0.5145899640084668,19.883899846132334,-0.17006208430885297,30.04616030214016,5.64892782872533
RESOLVUSDT,1768946400000,5.365420652924352,0.10683,5.694837445831764,9.10539297039765,-3.585135261630623,-4.062529252082745,-0.03958013127397364,-0.7870854530693914,-3.407282598521006,1.4451435312622876,-0.5148366563699288,4.063448545970808,-4.802021903959558,-0.5125997808733864,-0.702049985959001,2.5343617699936063,-4.090611251521108,-1.1786038077969316,-5.054759898904791,-1.9090170593013842,-2.349527286342786,0.7173407223611359,-4.034447252644383,-1.0615711252653963,-4.7084152391650225,-1.795274982876879,-6.187400542918647,-2.6990291262135964
RESOLVUSDT,1772856000000,10.411559798735658,0.08558,13.52391059229289,4.437813859549569,8.684272026174334,8.20869362000467,8.873136109979967,7.5863593302499694,11.591493339565316,23.063838560861853,6.251460621640563,14.501221447100008,6.286515541014251,12.079056643296337,6.7772844122458515,10.181344651297394,7.057723767235323,8.009336759955668,7.536807665342367,6.194179686598524,11.124094414582848,7.1633819005442705,9.686842720261733,3.7833893507871865,11.649918205188118,3.574990244113944,8.880579574666973,0.18062185524448618
REZUSDT,1752228000000,6.975138121546964,0.01549,8.117540308508405,6.515385937768612,-14.24144609425436,-16.10716591349258,-5.403482195786567,-5.949192548455143,-6.0684312459651375,0.13764624913970533,-8.327953518398964,-3.038579720040964,-11.233053582956748,-5.899260881467287,-17.62427372498386,-10.267229254571022,-16.333118140735962,-7.882578719169822,-15.881213686249197,-6.675261423864791,-16.59134925758555,-6.492002605486009,-16.849580374435117,-5.999124215443,-15.235635894125249,-3.22105107982606,-18.269851517107817,-4.697380307136414
REZUSDT,1753776000000,6.308919506889045,0.01466,9.223662643421244,8.854650083534441,-4.2291950886766685,-4.6043656207366945,0.7553515120244298,0.24970122909177506,-1.4324693042291958,6.626328217237304,-4.297407912687576,2.889410384276916,-2.7285129604365577,3.6563204186959366,-0.5457025920873139,4.666188083273494,-2.455661664392901,1.8300932849106337,-7.094133697135057,-3.4248032333546106,-6.684856753069577,-3.0062393647192343,-6.1391541609822635,-2.501239991497207,-4.911323328785813,-1.3306908267270836,-6.002728512960429,-1.8518518518518503
REZUSDT,1755871200000,6.954436450839323,0.01338,4.9247176913425355,6.266380748153441,5.986547085201799,6.988041853512712,5.5088416514783916,6.111363858606714,0.5231689088191377,4.987901022558744,3.5127055306427497,7.198142414860698,5.1569506726457375,7.9815809669992275,5.5306427503737,7.360097323600974,6.801195814648738,7.500188068908459,7.772795216741413,7.0288725599346975,7.47384155455905,5.193855157278731,7.174887892376687,3.3066781932137532,7.548579970104638,2.2816120548724026,8.370702541106139,2.2494887525562235
REZUSDT,1760382000000,6.011372867587336,0.01305,6.123444742620167,9.950290673182236,-4.2528735632183965,-3.486590038314187,-0.6028199135447576,-0.4539607504847905,-0.6130268199233733,4.698094930577986,-2.6053639846743293,1.8592723192819467,-1.3793103448275965,2.5252927587030958,-1.915708812260538,1.6841436288528928,-2.988505747126448,0.14238253440910395,-3.984674329501926,-1.050304035378685,-5.977011494252882,-3.0729125523343113,-6.3601532567049865,-3.315135691114811,-7.356321839080465,-4.176904176904174,-9.348659003831422,-5.322128851540621
RIVERUSDT,1773050400000,5.721393034825879,13.175,-0.8585984001926431,2.8718221000687176,-4.548766603415568,-3.571157495256176,-2.3573096876683723,-2.1676679262675673,-2.5578747628083605,-2.7586311372347057,-2.22390891840608,-1.615305304158559,-1.7077798861480185,-0.2994864846137715,-1.5180265654649037,0.21162223114708587,-2.6110056925996292,-0.42372881355932707,-4.531309297912723,-1.9916469268171006,-5.184060721062617,-2.3436889257180336,-7.066413662239096,-3.9136132844687506,-7.886148007590144,-4.516880276315697,-10.201138519924108,-5.9217379549448665
ROSEUSDT,1718344800000,5.373060415978872,0.12767,4.403647217565524,8.457326837390484,-2.683480849063998,-2.2362340408866688,-0.4797304663561153,-0.455316122393045,3.3837236625675495,6.889207421264453,-3.806689120388504,-0.7435545138608071,-1.770188767917296,0.9685444459651998,0.36030390851412875,2.577856056360569,0.18015195425707525,1.8774443816063229,-1.715359912273829,-0.16707773092528283,-2.7022793138560415,-1.2685191072677455,-5.498550951672289,-3.8967038919246315,-6.454139578601089,-4.737215739138075,-8.811780371269688,-6.297285985641156
ROSEUSDT,1769529600000,7.075208913649027,0.01922,7.989661759748285,7.209594198856497,5.46826222684703,6.165452653485945,6.753946556148084,6.729838958640707,-2.0291363163371563,5.248448940808221,-1.3527575442247648,5.2573141619941355,1.664932362122775,7.350840566970657,5.30697190426639,9.565311535754892,5.9833506763787625,8.680574080990217,6.347554630593126,7.386781548807384,11.134235171696147,9.961389961389957,9.261186264308014,6.108837350310757,8.89698231009365,4.186370650604799,9.469302809573355,3.793596763849829
RPLUSDT,1749553200000,5.342687533729083,5.856,4.175190792165516,5.3891353447732895,3.7824453551912613,2.4334016393442712,4.478756653137406,4.330469965775405,1.092896174863389,4.871567759078838,-0.7172131147540952,2.630185348631951,-1.1782786885245895,1.8192694770919788,2.0833333333333313,4.446579889927495,2.612704918032795,4.214360041623315,2.2540983606557474,3.19156269387194,3.995901639344262,3.962170743781901,6.198770491803287,5.015197568389068,9.562841530054653,6.796278109759152,11.919398907103833,7.840394899218422
RSRUSDT,1724414400000,6.901240863505016,0.006289,8.313383738353167,2.4559117012177856,2.0432501192558377,1.5662267451105045,3.8156775629125597,2.87966508764488,0.5724280489743929,7.7329245443706425,7.600572428048963,13.192713647692486,-0.6042296072507665,3.5894206549118235,1.8921927174431437,4.997542192364421,2.5759262203847957,4.3884915369429445,1.446970901574176,2.169909520377936,1.1289553188106198,0.9652019304038566,0.9381459691524887,0.028363430084140405,1.685482588646833,-0.03751524056648782,3.1960566067737286,1.1297234125438336
RSRUSDT,1755871200000,8.415341912692394,0.008593,6.657895390114929,8.345626710040221,3.551728150820437,3.7065052950075668,4.565111867977487,5.356623493700771,0.9309903409752148,6.826131940680905,3.0024438496450547,7.954822656974174,3.7123239846386573,7.68877557185494,4.317467706272545,7.191543299930646,4.07308274176655,5.823048432711294,4.387291981845695,4.890198554690247,4.782962876760152,3.884716116899156,3.7006866053764758,1.5533294585569952,3.3515652275107652,0.1217559919731436,3.2584661934132524,-0.2832033444966344
RUNEUSDT,1715774400000,5.756549634646238,5.934,5.151241294986979,0.18148820326678453,3.3181664981462733,3.8338388945062283,4.026610897550212,4.273644406400075,-0.977418267610378,3.6057480384378096,1.3144590495449848,5.163727959697724,1.3987192450286516,4.459992014027549,1.7526120660599949,4.087296798772601,3.168183350185368,4.654939569550567,4.499494438827089,5.0109227616805905,6.117290192113238,5.440297382830152,5.594876980114591,3.7863981183953377,5.291540276373443,2.4077625346249114,5.02190765082575,1.649023797484882
RUNEUSDT,1751234400000,5.096011816838992,1.423,5.407407407407404,2.481005365309142,-2.508784258608581,-2.635277582572037,0.7595013223653126,0.39483435307557135,-0.7730147575544709,4.19126328217237,-1.054111033028821,3.460944962892181,-2.037947997189047,2.012440541529461,-2.6001405481377473,1.0277717034769298,-2.670414617006327,0.5444646098003676,-3.2326071679550274,-0.3113009483819569,-2.319044272663397,0.24520409635077509,-3.3028812368236222,-1.0427903631787097,-3.1623330990864478,-1.0697106755689507,-3.935347856640903,-1.4632739854393415
RVNUSDT,1734696000000,7.457811649428415,0.01974,-2.9212156978459594,1.1840688912809398,7.08206686930091,8.535967578520772,3.969508972278791,4.309750270410461,1.4184397163120517,-0.6944444444444505,1.9250253292806403,0.5447004147718654,5.420466058763921,4.2063094641962975,6.788247213779133,5.458001901045584,8.510638297872344,7.116067410111519,8.561296859169202,6.384034948371718,9.827760891590682,6.451929686732785,9.067882472137791,4.413191076624624,8.662613981762917,2.4942660550458795,10.638297872340413,3.3210332103320925
RVNUSDT,1755871200000,5.474171164225126,0.01368,3.6599227097067444,1.9108280254776924,4.554093567251468,5.299707602339187,4.132674325141936,4.546781307845446,0.8040935672514673,4.075471698113199,2.0467836257309995,4.757616689179056,3.508771929824571,5.5849675639400465,4.605263157894739,5.874519088487714,5.043859649122817,5.4369359454105375,5.555555555555557,4.949487608111037,6.0672514619883104,4.335945926511837,5.921052631578947,2.9997156667614355,6.28654970760235,2.2144112478031834,5.701754385964921,1.0976718171013136
SAFEUSDT,1747958400000,10.29191616766468,0.5894,9.535579549889416,2.2092740956542998,-2.7095351204614926,-2.731591448931126,2.2126463855237892,1.2554785296969277,-1.7305734645402082,6.705969049373615,-0.45809297590770875,7.0015137422260985,-2.4601289446895263,4.0712514255715675,-2.0868680013573275,3.6849386442444017,-2.833389888021725,2.154757233063411,-3.9192399049881246,0.3561998263304449,-4.2076688157448325,-0.5705832628909588,-3.5629453681710244,-0.5198032798361687,-2.6297930098405273,-0.24681916151011207,-3.2066508313539237,-0.5109603613344048
SAFEUSDT,1748664000000,7.163269194132209,0.5625,4.429674736373086,2.0935994119408807,-8.053333333333331,-9.191111111111105,-1.8427543655735779,-2.5960290476654464,-3.8755555555555627,1.1202333975426029,-4.871111111111107,0.543018733206828,-4.088888888888893,1.6639342717696508,-8.62222222222222,-2.730730654959019,-9.564444444444437,-3.2098483551191928,-9.404444444444435,-3.1473316101565887,-10.720000000000002,-4.464778282953202,-8.977777777777776,-2.461327440371874,-10.293333333333326,-3.4978676203407826,-10.115555555555547,-2.242846094354204
SAGAUSDT,1778724000000,8.042813455657495,0.03533,16.96351718201682,0.08640349013442895,-19.835833569204645,-21.34163600339655,-5.3110404264206865,-6.485902849238354,-9.651853948485716,4.930966469428013,-15.369374469289557,-1.9318442717045465,-20.152844607981887,-7.359364224491806,-19.02066232663459,-5.916011707060416,-21.851118030002834,-8.727272727272728,-23.068213982451176,-9.54472843450479,-22.303990942541756,-8.111003247079307,-20.83215397679027,-5.786849905685801,-23.379564109821683,-7.055793991416291,-22.72855929804698,-3.6085022244191864
SANDUSDT,1747180800000,6.279146321391349,0.38743,6.263405322084298,2.796708319016584,-4.77066824974834,-4.142683839661354,-0.6065936482255602,-0.14352959145143546,-0.8879023307436179,4.382834013379836,-3.1437937175747934,1.4932558711921278,-4.39305164803964,-0.1011367773777145,-3.892316031283066,0.20857162080334407,-3.3115659603025085,0.5505316079227229,-3.8329504684717173,-0.18592240552515643,-5.39452288155279,-1.8085570923781151,-8.169217665126606,-4.449087676515935,-7.206463103012157,-3.3167223801443186,-7.474898691376502,-2.8397032636123924
SANTOSUSDT,1753365600000,7.409111826967328,2.334,6.917086578103539,0.7859055186112884,-6.422450728363328,-6.255355612682096,-0.4612201345369195,-0.40965891703761714,-7.155098543273361,-0.7783882783882943,-7.455012853470435,-1.356350184956846,-6.041131105398458,-0.03190955919223891,-5.82690659811483,0.09563277016255504,-6.8123393316195475,-0.9201895043731777,-5.655526992287922,0.15919945417329254,-5.82690659811483,-0.04092955568693997,-5.526992287917738,0.20449897750512022,-6.469580119965734,-0.8403361344537998,-7.455012853470435,-1.103429330158866
SAPIENUSDT,1777896000000,5.024965473281629,0.09886,2.6626235773033113,2.3973152555013035,-1.0014161440420843,-0.7687639085575598,0.3794614466659284,0.591336807765132,0.5563423022455948,2.758912973816691,-0.27311349382966454,1.5240448975388685,0.09103783127654548,1.7606285608506873,0.05057657293141259,1.5513506298832622,-0.5664576168318884,0.8681018737045165,-0.9710702002832312,0.3145717418257475,-1.861217883876197,-0.6827930021394873,-2.5895205340886167,-1.5709803039749757,-1.8814485130487564,-1.1454893807834983,-2.5692899049160434,-1.5837335240625277
SCRTUSDT,1762210800000,6.285390713476782,0.1877,4.854477403497013,6.2432784287089,10.17581246670218,9.93606819392647,5.883971586869034,6.318242775747949,3.462972828982422,6.861827986573493,7.245604688332445,8.022538234504959,7.991475759190189,6.5552226252431165,8.95045285029301,6.250324725931305,17.314864144912093,12.243857681720876,4.635055940330306,-0.17281691572634286,11.294619072988809,4.995979091274631,13.692061800745872,6.386160825564592,10.92168353755993,2.184049079754592,16.249334043686734,5.512572533849126
SCRTUSDT,1762977600000,6.069042316258347,0.1905,3.2632263660017333,5.8362732298119475,-3.538057742782155,-3.4645669291338557,0.08993919762267251,-0.01563277493338977,-1.2073490813648275,2.2492665435184205,-2.0472440944881964,1.645059374659546,-3.7795275590551243,0.18035743564518608,-3.4645669291338557,0.5962474700508767,-4.881889763779529,-0.9132170394269178,-4.881889763779529,-1.0701026424983564,-3.1496062992126013,0.44642857142856457,-3.4645669291338557,-0.21162298551196562,-3.254593175853024,-0.2489716388828687,-5.249343832021002,-1.7740531127557604
SCRTUSDT,1763388000000,5.764966740576492,0.1908,6.165145782328054,5.735660847880298,2.835429769392035,2.5943396226415145,3.5619134558419874,2.4920021918234374,4.350104821802936,9.4737999670094,1.2054507337526186,5.225873249414194,1.4150943396226456,4.385822948697199,2.6205450733752644,4.4768155381249555,0.9433962264150922,1.8508725542041267,2.5681341719077646,2.482195224130705,2.358490566037738,1.544220870379036,3.9308176100628964,2.5018091595161702,4.140461215932909,1.7461211531568273,4.821802935010489,1.9316038937872624
SEIUSDT,1734984000000,5.034394310364928,0.45044,5.740812469922651,3.817919907807574,0.47464701181067426,0.576103365598085,2.2306991181387934,0.7885912315935125,1.1455465766805786,6.129465835210457,2.721783145368971,6.909243825627247,1.4696740964390407,4.699400978135131,0.4595506615753521,2.873810157114962,-1.074504928514344,0.6028040548168021,-1.0900452890507115,0.19227525721030844,0.07770180268182598,0.8451674675400346,0.6926560696208178,0.7320149956469905,1.0922653405558964,0.5398363931421832,-0.7481573572506847,-1.217027783056183
SEIUSDT,1750698000000,6.963200963903807,0.21306,5.794726649783994,2.975044042058055,13.901717825964516,12.710034732000372,10.27525662935081,9.687285814199539,-0.04693513564253684,5.113005365225264,5.519571951562936,9.654920131691247,6.355017366000186,8.952260062217206,8.997465502675299,9.66660370230449,11.029756875997368,9.707967926094588,14.390312588003376,10.894224600390407,19.435839669576634,13.11185391959887,24.279545667886993,14.707156472015251,26.002065145968263,12.90885614908712,23.054538627616644,8.03571796488366
SEIUSDT,1750705200000,5.569120961682937,0.22482,9.654920131691247,8.658825690113073,12.93301307712837,14.903033537941468,10.696793557810501,10.089198381549355,0.7917445067164861,8.952260062217206,3.29597010942087,9.66660370230449,5.2219553420514195,9.707967926094588,8.406725380304243,10.894224600390407,13.188328440530196,13.11185391959887,17.778667378347137,14.707156472015251,19.411084423094024,12.90885614908712,16.61773863535274,8.03571796488366,19.860332710612933,8.512865944509308,24.757583844853666,10.470428837004125
SFPUSDT,1725339600000,5.224944898223778,0.8116,5.813483526942285,3.2865642200375413,-5.671513060620994,-6.573435189748639,-1.3869683494563998,-2.1276224347619035,-0.08624938393297608,4.946420251591851,-0.5791030064071018,3.723985448562217,-3.092656481025137,0.72228056245679,-5.409068506653517,-1.7406885959298537,-6.136027599802853,-2.514556273593953,-7.084770823065549,-3.3725429896722288,-9.425825529817645,-5.45216015640073,-8.969935929029075,-4.605730370446884,-8.920650566781669,-4.156834271192605,-7.010842779694425,-1.4198570999385995
SFPUSDT,1734955200000,5.076791808873713,0.7389,3.2762139043412652,0.5497645810086182,0.6672080119095956,1.0353227771010949,2.400976204690354,2.5727072184488606,-1.4616321559074341,1.5920411893566144,-1.0014886994180487,2.216198088424361,-2.936797942888084,0.2488048978222588,-1.7864393016646354,1.0555338940566923,1.0556232237109255,3.432513297872344,1.0556232237109255,2.92921634847336,2.8149952632291297,3.9616832021895356,2.530789010691575,3.0005574211792903,1.0150223304912642,0.8853145907954241,5.386385167140337,4.687899116733656
SFPUSDT,1777680000000,5.499046408137312,0.3319,4.246497895596449,9.897023277374913,-2.9014763482976735,-3.1937330521241334,0.02819676770026478,-0.4769416161178638,0.7833684844832923,4.469221399793868,-2.289846339258812,1.0437762891415996,-2.561012353118395,0.5972377752892973,-2.2295872250677804,0.7638802633213321,-3.5251581801747487,-0.6423185527663019,-3.1937330521241334,-0.39062500000001205,-3.1937330521241334,-0.5632582322357155,-3.946971979511902,-1.4467664152343322,-4.850858692377207,-2.4103831891223653,-4.0072310937029165,-1.138796661184723
SHIBUSDT,1660464000000,7.829793084484765,1.5686e-05,14.693925301980043,1.9849551710910334,1.0404182073186352,-0.2358791278847368,5.361577440104415,4.485091022797094,-1.0391431850057267,11.148503508520696,-0.5610098176718082,9.402836421787974,-1.6830294530154246,6.172635521224896,-2.282289940073945,3.7315755992582833,-2.199413489736055,2.141910741512603,0.0892515619023346,3.0488004988349378,7.599132984827245,9.02748619230646,4.991712354966229,5.238606446335904,2.1994134897360764,1.4774396110801653,3.289557567257426,2.2259798601822247
SHIBUSDT,1662710400000,9.979276263350876,1.3798e-05,9.689882424020793,5.650842266462484,-5.686331352369914,-5.450065226844474,0.4327165026204929,0.46595963964801435,-4.087548920133353,4.356740133264994,-3.261342223510659,4.409314549877565,-5.790694303522251,1.1272667864728059,-5.428322945354404,0.9219013441816616,-5.413828091027695,0.4603115955415765,-5.044209305696488,0.4716076837544521,-5.471807508334544,-0.33468838829965675,-6.834323815045665,-1.888952489982832,-7.870705899405718,-3.1031092071864803,-7.660530511668359,-2.0932269814191597
SHIBUSDT,1666972800000,9.440971278427119,1.2079e-05,10.797200487988325,6.393379810889496,-2.7725805116317646,-2.723735408560316,2.6255799616080604,3.1808037535116163,-4.280155642023349,4.918330308529955,-4.37950161437206,3.9164349914977374,-3.493666694262773,3.941150245207313,-2.2435632088749173,4.263059372019903,-1.9206887987416217,3.5585975401882872,-1.7137180230151632,2.8030099668349453,-3.0217733256064303,0.795071246644174,-2.8313602119380836,0.43384133558097393,-2.616110605182548,0.03486720696664246,-1.225266992300695,1.5914374026106712
SHIBUSDT,1680541200000,6.633421151674813,1.1333e-05,4.8322942297374825,6.751442364300007,-0.9909114973969787,-0.7809053207447285,1.6063988254106125,1.1589126607403428,1.0059119385864372,5.27041815723889,-0.2294185123091804,3.5107795120611427,-3.644224830142057,-0.11159693382850337,-2.4794846907261934,0.864264006643966,-0.9882643607164912,1.9636707284936665,-1.0323833053913267,1.5187994424431313,-1.6765198976440472,0.41724116178682114,-0.10588546721961713,1.45356131483672,-0.1852995676343449,0.7553085364115532,-0.573546280772966,0.42154232801873925
SHIBUSDT,1727366400000,7.922949033996455,1.8825e-05,9.457220106404622,7.084652337517172,-0.9402390438247021,-0.8472775564409072,3.1659965762629474,3.1848408453200117,-2.2735723771580343,5.708621828942453,-1.9123505976095614,5.1651374579254,-1.8911022576361292,4.278059769751522,-2.061088977423641,3.354523337033181,-0.33466135458166923,4.151747797558599,-0.5790172642762382,3.0151583536068425,-1.115537848605576,1.626349149155703,0.8977423638778287,2.602053769655864,-0.0743691899070396,0.8681384088240143,-0.05843293492696097,0.890175890175898
SIRENUSDT,1754748000000,12.664615384615377,0.09154,14.601199343991379,8.62187626076844,13.805986454009181,12.508193139611102,13.526324254267317,12.222118239295899,2.086519554293215,14.428104375084185,7.351977277692812,17.170825930916067,4.424295389993444,11.63013394681832,5.287306095695868,10.25819958129798,13.098099191610228,15.066574788272167,12.814070351758799,11.790686094091665,12.202315927463404,8.543106545769655,13.34935547301727,6.996648620778551,23.224819750928557,12.653550384500134,44.221105527638194,26.72541227514444
SIRENUSDT,1755320400000,6.0580411124546565,0.08771,6.360274055659995,1.0594477506178714,-0.638467677573819,-1.2256299167711693,2.1139615933819513,2.5590756052389216,-1.4593546915972972,4.1237485995156975,-1.7671873218561123,3.190572003449284,-1.812792155968526,2.6093172882163675,-1.789989738912327,2.057983720957772,-0.7752821799110706,2.5088339222614757,2.9643142173070407,5.35341398257136,2.861703340554097,4.280083682975598,0.136814502337258,0.8786538792855932,-0.9919051419450413,-0.7304610249316987,-3.7509976057462104,-3.132530120481939
SIRENUSDT,1757559600000,5.816792272582527,0.09969,7.078410311493016,4.894884151602521,-2.144648410071222,-1.439462333233021,1.0426348893623925,1.4162758466421743,1.2538870498545502,7.42069024231912,-1.4846022670277812,3.680165533550107,-0.812518808305753,3.589163366647808,-1.023171832681319,2.6507979442791396,-1.394322399438261,1.6503970880211927,-1.2639181462533826,1.1821546052631562,-1.5347577490219717,0.2963114335342787,-4.303340355100815,-2.7413879232126037,-5.166014645400744,-3.6505574692729477,-5.717724947336741,-3.651385927505326
SIRENUSDT,1757840400000,5.558373060148087,0.10407,3.85398371387513,9.503566994254928,-2.8922840395887373,-1.028154127029885,-0.42007183490362704,2.169508638214022,-0.5092726049774217,2.795758706961597,-1.5470356490823487,1.7346320733172327,-0.4131834342269625,2.735923869944487,0.11530700490055634,2.800142079090701,0.749495531853563,2.851593537565131,1.037763044104927,2.6043852031108115,-8.167579513788791,-6.4295994595494195,-6.851157874507541,-4.867517173699698,-6.735850869606998,-4.6065240252783966,-6.601326030556358,-3.819513160498716
SIRENUSDT,1764759600000,5.867317299872212,0.09112,6.470986889766558,7.323737956703023,4.103380158033357,4.115452151009653,4.66695094017796,4.202600750676922,1.5913081650570597,7.250440263231068,3.2813871817383586,7.8871947724406715,3.8191395961369583,7.340209460916139,5.147058823529411,7.435607037531271,3.7532923617207987,4.925528845086693,3.5228270412642564,3.47967265626715,4.411764705882348,3.1685788024030104,5.0043898156277375,2.4444039958456987,5.037313432835817,1.429616049003299,5.465320456540823,1.308257519054603
SIRENUSDT,1765386000000,6.0975609756097615,0.09135,8.111626585873886,5.3256621046684725,-2.606458675424194,-2.304324028461955,1.4091214526324078,1.2520263516654708,0.7224958949096814,7.970147152010129,-0.2298850574712664,6.142128432674168,-1.7952928297755915,3.7613638992342997,-2.0251778872468575,2.675293685756242,-2.2879036672140063,1.6107917354431094,-2.3207443897099034,0.8932609678878325,-3.7985769020251787,-1.2340129020656811,-3.951833607006023,-1.8480400930732066,-4.608648056923926,-2.632519889157054,-5.769020251778869,-3.2471984623857626
SIRENUSDT,1770336000000,5.771988527724666,0.08851,4.645251297572743,6.453223003325546,1.4450344593831137,1.4348661168229502,2.2563589986558883,1.69626422001408,2.4968930064399384,5.9639778540892845,0.8812563552140877,3.3903800282531504,0.18077053440288496,2.0203879697171843,-0.15817421760253217,1.215224089154619,1.7060219184272936,2.8083279085437614,0.9151508304146325,1.6016016016016092,1.6043384928256588,1.698557018139055,1.2653937408202416,0.9187740671515722,2.3952095808383196,1.252388028019541,3.163484352050612,1.6939714218891049
SIRENUSDT,1780318800000,11.819685981834832,0.63527,14.504325883201163,4.607440108877226,-1.1075605647992206,-2.5068081288271165,3.5099996704927476,3.0760949292852704,-3.378091205314281,8.790281701623847,-0.9287389613864997,9.331679556398646,5.487430541344626,13.486527359342121,4.838887402206934,10.264000503299583,2.472964251420656,6.148312173677674,-2.5689864152250226,0.003877684892866676,-2.4446298424292103,-0.8454075363506147,-2.841311568309539,-1.8665733909946536,-5.3851118422088184,-4.9337766150945574,-6.328018008091051,-5.278924731867438
SKLUSDT,1734696000000,6.171671790021285,0.0449,-3.4512418019567837,3.0833161145166197,8.0489977728285,8.173719376391974,4.163068816416585,4.568837730550814,2.316258351893094,-0.4118794710600384,4.053452115812907,1.8530630041421179,6.5701559020044416,4.466858789625359,5.991091314031176,3.9287196173920687,8.240534521158118,6.132075471698109,8.10690423162583,5.270006506180875,10.890868596881957,6.8225702638918735,10.35634743875277,5.02999342900142,10.8685968819599,3.868463881817806,13.095768374164802,4.670816671476269
SKLUSDT,1737882000000,5.225301459699598,0.04974,8.921298121140458,6.600942991855978,7.891033373542422,7.227583433856054,7.020431641977332,5.847089884674446,9.89143546441496,16.987350983455684,10.213108162444714,14.871236091612008,5.729794933655002,8.426282910335429,4.443104141535994,5.647408130478111,3.2770406111781254,3.2811934536973633,3.5182951347004456,2.227604828462512,5.8906312826698874,2.8590399562551405,8.56453558504222,3.734439834024885,12.967430639324482,6.122988592581405,14.41495778045839,6.046771638870782
SKYAIUSDT,1780484400000,6.039188243526941,0.15153,-0.42516280384027066,5.853259844499862,8.41153566950439,9.060912030620994,5.374207583068747,5.67873296442238,2.4681581205041865,2.2333715218793886,5.959215996832317,6.022887103058009,11.179304428166047,12.032505186997925,7.694845905101302,7.801558990619624,9.720847356959014,8.649623588456713,11.152907015112518,7.95064893446563,10.136606612551978,5.334578825786752,8.400976704282975,2.1669900980245904,6.289183660001327,-0.9422357803582005,11.113310895532234,2.4921473617570347
SNXUSDT,1684350000000,11.264470169189677,2.499,12.745319196932087,1.403992858302213,-3.401360544217691,-3.301320528211285,3.1092928130478903,2.7491900091926773,-2.801120448179283,8.524707354123844,-2.6810724289715955,7.411006094867932,-3.881552621048418,5.0743657042869685,-3.3613445378151288,4.545454545454545,-3.2412965186074416,3.5457348406988785,-3.681472589035617,1.9526451776864766,-2.7611044417767086,1.8142204717811157,-2.961184473789527,0.6098825872297842,-3.9615846338535494,-1.0594879828503136,-4.6818727490996395,-1.3256006628003325
SNXUSDT,1689328800000,6.422018348623849,2.552,10.980647966949334,4.99033200312668,9.365203761755485,8.326802507836987,8.11531095647194,9.970060520293313,1.489028213166137,10.716881118283233,5.956112852664583,13.081298093007703,5.250783699059557,10.000819067900737,14.302507836990586,16.0579294978913,16.888714733542322,15.8626582770139,13.557993730407528,9.939301972685888,11.520376175548591,5.818925450827286,8.5423197492163,1.3019309537741397,8.03291536050157,-0.480092408764381,8.111285266457674,-1.1465424579003953
SNXUSDT,1693980000000,5.163283318623124,2.383,5.135445160151772,3.13115357150586,1.8128409567771733,2.916491817037353,2.637745522462768,3.2829786810015817,-2.391942929080988,2.3362224470940274,2.30801510700798,6.458233264922946,4.15442719261436,7.3111677980025185,6.000839278220722,7.971788843770021,4.8258497691984985,5.650482151920166,4.406210658833403,4.2050594739487375,3.5249685270667257,2.360897888054426,-1.174989509022242,-2.8024268438647844,-2.5597985732270225,-4.385423100679433,-0.9651699538397033,-2.7285466985409386
SNXUSDT,1736946000000,6.221198156682033,1.844,3.945885005636969,0.878032768948829,1.5997830802602973,1.7353579175704943,2.7948684233881638,2.4266782281981354,1.247288503253791,4.7111609646662975,0.8134490238611661,3.8315460232350307,0.10845986984815627,2.772519763946112,-0.5965292841648655,1.8503083847307822,1.8438177874186445,3.8027857616626117,2.1691973969631135,3.3574720210664744,1.626898047722344,2.0808366924501587,2.1691973969631135,1.8103215347203507,2.928416485900207,1.676755772218359,3.6876355748373015,2.0549773151854565
SNXUSDT,1756242000000,5.436643835616442,0.7389,8.214583852023253,9.700694815606619,1.0136689673839516,0.832318311002848,2.738973085498748,1.9975145694454368,2.030044660982543,8.787878787878798,4.371362836649072,9.337340856891698,0.06766815536607726,3.6053077753022995,1.3398294762484801,3.6014223058511,-0.32480714575720093,1.2565992080950337,0.09473541751252319,0.8371281324134968,2.8691297875219917,2.73842993079584,0.48721071863581644,-0.0901543388457484,-1.9759101366896668,-2.8463354437171247,1.1774259033698797,0.16211364032208958
SNXUSDT,1758632400000,7.906976744186042,0.7192,9.052312357846851,6.43304278336022,-6.587875417130138,-7.751668520578416,-0.7232394982825829,-2.1261936039953704,-3.5734149054504933,4.096305969589174,-3.2119021134593853,3.4677527238134984,-2.266407119021132,3.6114386792452784,-6.15962180200221,-0.9204750649617566,-7.591768631813125,-2.4483325504931934,-8.314794215795324,-3.0636246030812773,-8.87096774193548,-3.457215667211705,-7.911568409343708,-2.5284040737034323,-9.705228031145714,-4.185785738524869,-8.273081201334817,-1.8040546574975471
SOLUSDT,1674648000000,5.14259505255095,24.2994,4.7141942948746935,7.945351649550105,-2.0191445056256465,-2.2852416109039617,1.2893305115430291,1.027129950248694,-1.9416117270385205,2.2749124373326057,-4.900944056231838,-0.9167616758374375,-4.053598031227106,-0.1790529460674771,-3.1906137600105264,0.6077754716343751,-3.2214787196391605,0.45965227049426066,-2.1564318460538012,1.3107321521403827,-2.414051375754122,0.7435277483570052,-0.464620525609685,2.3220611889014076,2.594714272780404,4.661638857542046,-0.44280928747211007,1.6088196109331236
SOLUSDT,1678716000000,5.306109831682085,20.4396,4.695243290588754,5.410381372321494,0.23503395369773245,0.36669015049218767,2.0107469326408642,1.5798356079486293,1.5151959920937934,5.708502663689404,0.5484451750523575,4.262380577449127,0.30577897806219306,3.606449017709315,0.971643280690437,3.655532267858412,0.4276013229221822,2.354446462246989,-0.6369987670991534,0.8052247536502695,-0.3033327462376838,0.5815959411187858,0.5743752323920231,0.7391885587489206,-0.17612869136381248,-0.4971824701117609,-0.8762402395350118,-1.10866844595082
SPELLUSDT,1695042000000,6.605733277939346,0.0005132,5.801344163608628,5.488180883864325,-3.259937646141858,-3.478176149649265,0.42557886613263546,-0.012050081356562856,-2.0070148090413054,3.2606463800254644,-1.091192517537028,3.6299048630109043,-1.67575993764614,2.52346702425941,-3.2540919719407686,0.5997487539003901,-3.546375681995325,0.038398577231655746,-3.4099766173032044,-0.06249873994478146,-3.9945440374123167,-0.9309713872076973,-4.22837100545597,-1.327016120937141,-4.4037412314886994,-1.6892771977636452,-4.988308651597823,-1.7866134912482048
SPELLUSDT,1695110400000,6.5181518151815085,0.0005164,5.282472629411399,6.1459403905446885,11.890007745933389,12.267621998450814,7.470656014805783,6.656152193311074,9.024012393493425,13.045398871553926,14.252517428350128,16.02753195673549,12.451587916343918,12.234248163896375,10.805577072037192,8.818439419584276,10.185902401239346,6.5523117544615355,12.23857474825717,6.759992632160613,10.766847405112326,3.764172335600915,12.296669248644458,3.413224909051993,12.335398915569321,1.7201774535762442,14.542989930286607,2.371062651436475
SPELLUSDT,1700762400000,6.2552126772310315,0.0005096,7.2977639280751365,8.710028372122803,9.377943485086337,9.046310832025114,7.410115011131768,5.404461566972985,5.376766091051808,11.674915775901532,11.989795918367351,16.3459186169779,9.301412872841436,11.616536079995207,8.791208791208792,9.24137931034485,7.397959183673468,6.187307192332322,7.456828885400303,4.621615941613649,7.0447409733123925,2.6166782670855375,11.10675039246467,4.563334502945565,12.28414442700157,3.894689060372221,13.029827315541597,3.3387753637488937
SPELLUSDT,1707598800000,10.217852323115478,0.0005717,9.815597387629658,5.897825362130922,10.701416827007183,10.626202553786959,8.632825966559283,8.94716609177108,3.0960293860416392,11.443049463016184,0.15742522301907927,7.024036484617409,19.99300332342138,24.228101628003852,16.249781353856925,17.176205084805524,14.413153751967824,12.616645432319846,15.427671855868477,10.870295698924751,10.739898548189625,4.325615885309387,8.028686373972379,0.13457204468441367,10.512506559384292,0.5922812380588501,8.396011894350199,-2.0825432941473903
SPELLUSDT,1713132000000,7.0644216691068875,0.0008775,4.946540053101161,7.230579350628733,-0.6609686609686622,-1.2649572649572647,2.137660556439898,2.016679752318657,-0.5014245014245012,3.7453361534257055,-2.5413105413105477,1.2802141190682146,-2.0284900284900282,1.449104340232698,-3.7037037037037006,-0.2643878948114042,-3.225071225071223,0.004710537472323153,-3.4985754985755033,-0.21681749622926363,-0.34188034188035016,2.5842551644046163,3.7720797720797705,5.746005202526951,3.3390313390313398,4.249057297893872,2.1196581196581215,2.7991281404152737
SPXUSDT,1746853200000,5.821087173633908,0.7417,6.057139588755121,2.758420039069533,-1.395442901442634,-1.6718349737090497,1.2055537589095888,-0.041992771325507806,-0.4179587434272606,4.926696215479055,2.683025482000813,7.122763587262296,0.6876095456383974,4.268182008572663,-0.6336793851961761,2.2985953028704706,-2.3864095995685655,-0.04969904467392276,-4.408790616152091,-2.414182288655821,-1.7257651341512785,-0.03428649797709285,-1.6179048132668208,-0.28968872127025913,-2.3189968990157737,-1.318477757498164,-3.8155588512875815,-2.4543652150133344
SPXUSDT,1759503600000,5.354569586651498,1.3891,6.8941370208770865,2.778291591136101,-1.0244042905478359,-1.5045713051616174,2.056916792667608,1.921853320504336,-1.6053559858901438,4.267427490349837,-3.0811316679864627,1.9553495698534002,-1.56936145705853,2.84472124439632,-0.7414872939313207,3.0008292059792505,-1.7925275358145507,1.3378497834629643,-2.123677201065444,0.49597528254329576,-1.439781153264705,0.7965956945548821,1.1806205456770549,2.8525012440359467,0.8350730688935321,1.8883570711552717,0.09358577496221142,1.1295613403449085
SQDUSDT,1767038400000,5.4029396857577305,0.10398,7.279930667326985,8.84254049668962,-5.410655895364496,-6.140603962300444,-0.5968641793489515,-1.8644700263731173,-1.5002885170225098,4.197611247888976,-4.058472783227545,0.789056264460142,-2.58703596845547,1.6080331437399131,-5.41450278899788,-1.2827719115108216,-6.8667051356030075,-2.6146419951729736,-7.107135987689947,-2.4461681412354133,-8.992113868051547,-4.330067837392451,-8.63627620696288,-3.7984425474172454,-8.203500673206394,-3.0285174386118308,-0.7405270244277811,4.937267421762191
SQDUSDT,1767074400000,8.129910948140392,0.10321,4.937267421762191,8.03653207023788,4.105222362174212,4.578044763104358,4.217686105459458,4.161870926999107,5.435519813971519,9.925854092167203,5.929657978878016,9.383597963001868,6.772599554306763,9.2798635489181,3.720569712237196,5.248151643857175,-0.13564577075864864,0.7182293447989443,0.0872008526305656,0.2854202667805784,6.317217323902721,4.988709862604752,6.094370700513521,3.3350319913934614,3.3039434163356365,-0.4323748867700673,3.5267900397248373,-0.555622772157436
SQDUSDT,1767222000000,9.47567207287269,0.09855,2.0799237637504877,3.1586109439196153,-8.99847792998478,-9.309994926433287,-2.8853681172763608,-2.6794987156682746,-7.011669203450024,-3.734439834024899,-6.453576864535774,-2.544478154698359,-6.798579401319126,-2.4449825813578028,-8.60476915271436,-3.299228068668613,-9.041095890410961,-2.8145192766381903,-10.958904109589044,-4.12979351032449,-9.578893962455611,-2.339854238588414,-9.913749365804161,-2.39665787159191,-10.695078640284114,-3.0289007150805998,-10.928462709284629,-2.120826921790327
SSVUSDT,1699567200000,5.131494547787048,16.39,4.321812742664365,0.7654237496541832,21.31177547284929,23.215375228798035,11.834470434582872,11.926182556798338,6.04026845637583,9.507907504253032,15.497254423428913,17.257185332011904,21.9646125686394,21.158858112612887,29.1641244661379,23.960651130108925,25.442342892007307,17.030965391621113,25.381330079316655,13.498287860377792,25.503355704697984,10.354077253218883,24.46613788895667,6.510729389651751,21.659548505186095,1.797018582805801,17.998779743746184,-2.7309762108333713
SSVUSDT,1699570800000,6.04026845637583,17.38,9.507907504253032,6.851925855337983,15.707710011507487,16.196777905638665,10.654937764714504,11.926182556798338,8.918296892980441,17.257185332011904,15.017261219792863,21.158858112612887,21.806674338319926,23.960651130108925,18.296892980437285,17.030965391621113,18.239355581127743,13.498287860377792,18.354430379746844,10.354077253218883,17.376294591484466,6.510729389651751,14.729574223245123,1.797018582805801,11.277330264672042,-2.7309762108333713,13.060989643268123,-2.287419194430636
STABLEUSDT,1774980000000,10.27522935779816,0.02404,4.087287842050573,1.8795160299196891,15.594841930116477,16.181364392678873,9.476298379474127,10.06984448323054,12.936772046589025,15.72890025575447,10.64891846921797,11.769402075717458,10.524126455906826,10.194094226940935,13.477537437603992,11.447013644905626,22.79534109816973,17.773788150807917,16.846921797005,9.945594739520145,16.264559068219636,7.199018141372288,16.098169717138113,4.567082537184824,17.72046589018303,3.5075527595918277,18.635607321131452,2.6305372629457793
STEEMUSDT,1772146800000,8.226992944002399,0.07209,8.246493888705361,0.2809926552414975,-7.845748370092939,-6.921903176584826,-1.3143771905146924,-0.3606783968552987,-6.908031627132748,0.45354528717052345,-5.9786378138437986,0.8105897226147152,-6.935774726036905,-0.5381524913643811,-6.4086558468580925,0.04003380632534028,-5.839922319323076,0.5153112598471645,-6.283811901789438,-0.1832043023462162,-7.268691912886662,-1.3255003837751609,-10.292689693438751,-4.208203107641713,-10.30656124289084,-3.9455701467704642,-12.234706616729081,-4.762621549206731
STEEMUSDT,1778025600000,5.824759376037159,0.06377,5.172015700761925,5.705476727224483,-6.065548063352663,-7.6525011761016035,-1.5718778644444653,-2.720087701397298,-0.3920338717265176,4.1772587866760595,0.14113219382155676,4.072619416241588,-5.958914850243048,-2.2366404747155153,-6.633213109612656,-2.8647872618115273,-7.8249960796612745,-3.872571465951465,-8.656107887721484,-4.385936115032327,-8.248392661125912,-3.6126715318847618,-7.777952015054089,-2.836750541080834,-7.777952015054089,-2.603424861713762,-7.5270503371491175,-1.5558745951721067
STGUSDT,1699192800000,5.150133029266441,0.5533,4.021356996484371,2.798963278122009,0.43195373215253385,0.37050424724379916,1.5916535974910864,1.0923500052495294,-0.09036688957167105,3.3947442251940525,1.3735767214892356,4.121032114349359,0.46990782577262524,2.646010672673884,1.048255919031272,2.549523110785037,0.27110066871497307,1.3499936062549112,-0.21688053497198245,0.469500655117198,-0.43376106994398494,0.05993788255806554,0.6506416049159474,0.8347064042441477,0.14458702331466164,-0.1765511277653637,1.1024760527742625,0.6676384314995755
STGUSDT,1700020800000,6.189847140969983,0.5627,5.370585371334393,4.659164884218361,1.8002488004265167,2.070374977785685,2.7101303736591174,2.9418809605293577,0.017771459036784964,4.6310583948390915,4.7094366447485285,8.322762120125757,2.825661986849125,5.5319459390446255,2.1858894615247872,4.102545533548159,2.114803625377647,3.284022073229919,2.328061133819087,2.599739847828797,2.025946330193723,1.5171877210355127,1.0840590012440012,-0.06149521215847518,0.586458148213963,-1.1802500174593178,0.12440021325751448,-1.6462126634428957
STGUSDT,1737352800000,5.200464846019748,0.3621,5.6208616515474,4.09958601655932,-1.717757525545423,-1.6431924882628985,1.187068221966219,0.6137086399167893,-0.5247169290251195,4.660622966062296,-0.3590168461750809,4.373987502892855,-0.7180336923501771,3.429426319120774,-1.2151339409002928,2.07750699161007,-0.9665838166252426,1.615188438651171,-3.258768296050808,-0.9920578841751259,-2.6788180060756663,-0.6960295319412821,-2.0712510356255045,-0.40444893832152046,-3.286384976525812,-1.8057424854194557,-2.0988677161005236,-0.3877711588175924
STGUSDT,1759341600000,6.05720695457095,0.1891,6.16438356164383,8.7344028520499,1.285034373347442,0.9518773135906982,3.371414880853732,2.9986879430077362,-0.9518773135906907,4.560933400323793,1.533580116340568,6.241699867197882,0.37017451084082825,4.279984616229872,-0.8461131676361663,2.414245138737168,-0.6345848757271174,2.041924622569791,-0.5288207297726076,1.5384615384615339,3.7546271813855228,4.8020939052401035,3.6488630354309985,3.5831307472783047,2.8556319407720867,1.9178369314609225,3.6488630354309985,2.3338380410379433
STGUSDT,1768932000000,5.910652920962197,0.1541,4.2907417433676125,6.418977245260847,2.1219987021414743,1.3951979234263552,3.848638323204439,3.8541758729419886,-1.3627514600908441,2.6541500641588556,-2.076573653471759,1.7943874797625634,-2.076573653471759,1.5682843104260609,-0.5191434133679398,2.865194927195864,0.12978585334198944,3.0865847140566633,2.660609993510721,4.858487439517467,5.191434133679434,6.22542595019658,4.73718364698248,4.621767031827314,7.462686567164186,5.963654978244174,7.073329007138236,4.848446336658847
STGUSDT,1769893200000,5.5751587861679734,0.1496,1.990728115625856,3.2721248101615306,0.6350267379679074,0.6684491978609539,1.748107910692395,1.5070776071061436,-1.1363636363636411,1.1489536315141669,0.46791443850265935,2.8536234859371645,1.6042780748663004,3.711790393013101,-0.3342245989304815,1.4147735002040718,-0.13368983957219635,1.4532120059758271,0.802139037433141,1.9056629274226176,0.9358288770053372,1.6561195637538642,0.5347593582887669,0.7907787159898233,1.403743315508015,0.9852216748768534,2.2058823529411744,1.56094320823646
STGUSDT,1771599600000,7.126611068991676,0.1413,8.309060248351999,0.8133561643835632,0.5803255484784098,-0.35385704175514104,4.089757621797505,3.675846637998636,-0.49539985845718765,6.7658895891867274,-2.6893135173389933,3.8833484436385874,-1.5569709837225811,4.343260070512353,-1.4154281670205249,3.6689737292550553,-1.3446567586695066,2.85545635652624,-0.2123142250530944,3.0174618250894976,1.0615711252653937,3.3135580957893422,2.3354564755838623,3.4704830053667415,3.6093418259023307,3.682719546742217,6.510969568294398,5.896425555868279
STORJUSDT,1736341200000,5.361162267239615,0.5149,3.839793490098,7.46785773918852,-1.468246261409987,-1.8255972033404582,1.1178903475524575,0.7436147251326686,-1.6119634880559282,2.0198562136254785,-0.7768498737618962,2.60684447300771,-2.854923286074975,0.20232777098899324,-2.602447077102365,0.29197664186863165,-1.8644396970285595,0.8824468934674932,-2.4470771023499815,0.08567955845137794,-1.7867547096523568,0.604782556797844,-1.9809671780928308,0.12299634978576118,0.07768498737618099,1.6892291905119021,1.165274810642844,2.6727638270193816
STORJUSDT,1778853600000,6.930693069306923,0.108,2.3793724523651516,1.5753585704208755,21.88888888888889,26.620370370370367,11.905707297329414,11.77366571010186,3.055555555555553,4.881266490765176,2.1296296296296267,3.5097597597597665,27.962962962962955,25.911078717201157,26.66666666666667,21.1799096465586,25.83333333333333,17.225912188389533,26.574074074074066,14.88360366417345,26.944444444444443,12.303407601572744,29.259259259259263,11.243923818630977,21.388888888888886,2.023346303501939,29.074074074074076,5.894864782740799
STOUSDT,1758697200000,6.956424330682193,0.09548,5.764544286410564,3.665421697211852,0.19899455383326772,0.4817762882279106,2.2333304260826976,3.6565476954745826,0.5027230833682532,5.559589026026888,0.5655634687892741,4.825327510917039,0.46082949308756793,4.0426062716258375,0.7540846250523653,3.792415169660668,1.2568077084206186,3.599404206984495,2.3146208630079634,3.7136911839646696,-0.8273984080435683,-0.08652344574346721,-2.1575198994553757,-1.8006370029327283,-0.5027230833682388,-0.7376757988004914,-0.37704231252618264,-0.5748928608759368
STOUSDT,1768680000000,11.054499135656453,0.12206,33.987573821598744,1.5410852068298624,-3.2787153858758,-4.714894314271673,7.888266303835872,3.0695384589954124,-0.08192692118630417,27.8714994180987,3.2606914632148216,26.14722514137017,6.701622153039483,24.246355796382502,-4.145502212026868,8.314278043677504,-5.087661805669349,4.54360871723142,-5.521874487956739,1.5954682007594048,-10.19170899557595,-5.208270280086117,-7.348844830411277,-4.249464477728196,-6.029821399311818,-3.2785779336863787,-4.342126822873996,-1.0994595876602973
STOUSDT,1774504800000,5.602812748100261,0.09311,10.22978844309748,0.10428649758637369,-0.5284072602298335,-0.9290086993878185,3.646117835678249,3.714563527822013,-2.309096767264525,6.51926972936892,-2.244656857480394,5.471737467843988,-0.6443990978412666,6.028653295128941,-1.2136183009343704,4.237259323897061,-2.6205563312211337,1.7335203366058802,-1.460637955106863,1.8833144557709853,-0.536999248201053,1.7625211524514806,-0.2899795940285603,1.39577554007121,3.179035549350236,4.0259009009009,2.856836000429595,3.4032261547431255
STRKUSDT,1734696000000,8.004667444574096,0.4628,-1.5046715048843458,0.5278363055802793,5.0799481417459,6.1905790838375125,3.3802232820136284,3.363147926059627,1.1235955056179858,0.227009894204824,0.6266205704407981,0.3577277820877379,3.0898876404494455,3.0208805683314983,4.235090751944686,4.102375968406722,6.568712186689724,6.329768885822709,5.834053586862581,4.938403856454196,7.908383751080385,5.968977443928119,6.6767502160760674,3.7054152837877554,6.547104580812444,2.192655226726337,8.189282627484884,2.9590179103863816
STRKUSDT,1760288400000,5.761641673243884,0.134,13.118352186392029,2.0330465240234568,-1.8805970149253795,-1.9402985074627006,3.188587362727541,1.5611576849197402,-1.7910447761194128,9.456874324211908,0.0,9.674251104927166,-0.7462686567164185,7.085346215781,-1.1194029850746279,4.992076069730586,-1.9402985074627006,2.7365129007036777,-2.9104477611940407,0.38580246913580285,-3.3582089552238834,-1.0165864098448352,-2.3880597014925438,-0.4263093788063375,-2.611940298507465,-0.9412479125550467,-1.9402985074627006,-0.06084575600851593
STRKUSDT,1764003600000,5.420827389443649,0.1478,5.790566172786477,7.588717015468601,-3.0243572395128475,-2.909336941813251,0.7785907053107202,0.6669923861295557,-1.8944519621109588,3.4679606108177357,-4.059539918809187,0.8319704188295559,-2.8416779431664287,1.6565198923970046,-3.2476319350473606,0.8036091921612873,-3.4506089309878174,0.21771191797177103,-4.127198917456018,-0.6241671926502573,-2.57104194857916,0.7133864876206415,-2.3680649526386843,0.62059828463847,-2.976995940460073,-0.2295971613441849,-2.706359945872785,0.32791460266517697
STRKUSDT,1778230800000,5.97606567848354,0.05641,14.067902857258401,8.0365727068323,-0.48129764226201566,-0.37936536075164395,4.114232232415929,2.2591165267805997,4.853749335224246,16.644546510504295,-0.5052295692253156,8.57453484638034,-2.0209182769012624,5.1222114654914925,-5.103705016840985,0.5764295189030608,-5.162205282751294,-0.44772286587296184,1.6185073568516168,4.9731446161959925,-0.5247296578620892,1.563249430319839,1.8613720971458878,2.9549836232413607,-0.2535011522779724,0.2715870735958146,0.4236837440170114,0.9093581054000446
STRKUSDT,1778252400000,7.149799992523088,0.057323,4.9731446161959925,9.785152584182729,-1.174397711215395,-1.5089928998831206,0.7681301860482481,0.9197713235891246,-2.109101058911784,1.563249430319839,0.2389965633340862,2.9549836232413607,-1.8421924881810117,0.2715870735958146,-1.1757933115852293,0.9093581054000446,2.937738778500773,5.136090541725166,-1.0781012856968415,0.9301845417782046,0.5704516511696891,2.179353567149479,-2.070722048741344,-0.9613467676060207,-3.380841895923106,-2.6105335715391047,-3.834412016119182,-2.6916246835823014
SUIUSDT,1723471200000,7.4397177024113,1.0961,11.683971347931097,5.5165386416658935,-6.530426056016789,-7.408083204087222,-0.40094741492468183,-2.0056057107452636,-1.0309278350515543,8.594023724911155,-4.525134568013875,3.238726607278517,-5.610801934130107,0.7321727616154289,-7.3807134385548725,-1.9888009268198448,-8.092327342395766,-3.1457908702841846,-7.873369218137034,-3.1784841075794428,-7.435452969619572,-2.4188506852609017,-7.554055286926372,-2.025622431713783,-7.3807134385548725,-1.7944377267230804,-8.420764528783874,-2.022410494670682
SUIUSDT,1746568800000,5.771532984689063,3.3574,4.021886299065246,3.0492118764109266,0.9313754691130001,0.8890808363614682,2.1181654338502,1.9702103942954743,-0.3752904032882571,3.2144984154315632,1.8407100732709791,4.94266702678815,1.9181509501399896,4.403701635712929,0.741645320783931,2.597780784187624,0.9501399892774116,2.2305337294704923,0.8280216834455246,1.7098870591204562,0.3633764222314883,0.8358096400901482,0.08339786739738166,-0.005951672419949351,1.3373443736224375,0.5642570221771449,1.626258414249114,0.6884706979434431
SUIUSDT,1778425200000,6.852902662592755,1.224,7.883232266252993,8.618004499128112,9.559640522875817,9.509803921568633,7.0064321088294985,6.992512151722654,3.929738562091506,10.214867440651544,8.643790849673213,12.881456644454822,12.71241830065359,14.647564279422262,13.05555555555555,12.551647851124034,9.918300653594768,7.6268339119722235,10.383986928104575,6.358190391473083,9.665032679738568,3.8875602715023176,8.815359477124192,1.6290870245316835,9.117647058823524,0.4542856283281554,9.354575163398698,-0.18717235516513764
SUSHIUSDT,1619164800000,6.511187174875744,11.0156,-2.048728436777532,0.1272997233582872,3.1015105849885676,3.4864192599586064,1.941626634951815,1.7450394070137354,0.4184974036820593,-0.5287532035430038,3.4169722938378326,3.189060075562068,5.767275500199725,5.499685789158185,1.6512945277606363,1.3628196017905472,0.9359453865427331,0.7267304918793386,3.55586622607938,2.836192122920574,4.903046588474534,3.613196051549709,3.9090017792948193,2.0271366405259625,1.8473800791604635,-0.7727433938267356,4.609826064853493,1.462942173501508
SUSHIUSDT,1621476000000,12.570299809813005,13.7911,-0.5907853061977582,3.2610364065330044,11.289382282776574,11.477692134782579,7.17939081742325,7.340220245152615,2.6372080544699092,3.0432962673121304,7.62665777204139,7.785940023470082,10.463994895258532,10.04245181823369,11.368926336550384,9.751278549873984,12.81478634771701,10.187671167875715,11.377627600408964,8.354548962427003,11.577756669156196,6.838132016377246,14.230191935378617,6.664427789788417,11.834443952984167,2.231661112039076,18.962229263800552,6.894500466835149
SUSHIUSDT,1749553200000,6.357072065694455,0.7512,6.568307561356206,2.4172767802363984,-1.0303514376996779,-1.0050585729499468,2.0344724346846474,1.3597662722799548,0.5058572949946786,6.318561390167993,-0.053248136315223106,4.971757731670493,-2.050053248136311,2.333732024143976,-1.9435569755058502,1.876823921552352,-1.3711395101171426,1.841924398625425,-2.662406815761451,0.046520537449018406,-1.3178913738019196,0.7693980751454513,-0.6922257720979742,0.8776081459344847,-0.2529286474973393,0.7380917169707161,-0.46592119275824645,0.5703064051865631
SUSHIUSDT,1780459200000,7.868525896414333,0.2166,7.605941676188564,0.16416564544843415,2.0590951061865255,2.1698984302862465,3.730743913201038,2.5168829701221336,1.6620498614958539,8.031202472648772,0.6463527239150565,5.835518011457425,2.4930747922437746,6.60776027660393,2.1698984302862465,4.931247036510191,0.09233610341643848,1.750598394893689,2.1698984302862465,3.0212746147758462,1.8005540166205054,2.0124913254684214,2.631578947368426,1.9818331957060238,3.0470914127423927,1.3531922622831762,3.8781163434903134,1.7823215416629092
SYNUSDT,1737352800000,6.809054399415845,0.5851,4.639101509406941,0.9794192518444792,0.4819688942061263,0.5041873184071113,2.365513205001639,2.238516615491893,0.6494616304905189,5.209561582163141,0.4956417706375002,4.846474804750184,2.016749273628445,5.919721758881368,1.4527431208340564,4.407781334646634,2.2731157067168164,4.2018562696989195,-0.9741924457357594,0.2751769612848673,-0.8374636814219629,-0.16175104105722216,0.10254657323535209,0.22245037645447774,-0.8716458725004264,-1.2967564072019453,0.5127328661767224,0.030616410395965094
SYNUSDT,1753214400000,10.606060606060602,0.1898,24.73711882229233,8.967734527500285,-0.10010537407797448,0.026343519494208822,7.386149837126688,4.271060578199705,6.585879873551112,27.88418989822366,5.426765015806113,22.317990097194215,0.6322444678609097,13.346388938341944,-0.4214963119072683,9.179134654266083,0.4741833508956859,7.207105914099408,-4.425711275026338,-0.027555800496001377,-3.319283456269758,-0.7893598615917045,-4.109589041095891,-3.2635271606250695,1.5806111696522671,1.3350152423000035,-3.424657534246579,-3.3278835504456565
SYNUSDT,1769968800000,7.78999738151348,0.08233,0.48086311267331266,8.574668987709037,-3.704603425239887,-3.5527754160087417,-0.7129030371165029,-0.6198922019435487,-2.064860925543553,-0.35345296356716654,-2.1255921292360034,0.10684026138594521,-1.6275962589578454,1.3134851138353882,-1.3482327219725494,1.8956454101795261,-3.1337301105307893,0.23755357524416315,-5.016397424996957,-1.5237375645384745,-4.615571480626744,-1.1679126079186466,-3.971820721486694,-0.8863314403199308,-5.27146848050528,-2.4246822139925874,-7.87076399854245,-4.3264379414732455
SYRUPUSDT,1762574400000,6.161660777385167,0.4807,6.0071450624090295,5.997794928335171,-1.1545662575410902,-0.9465363012273823,0.8845338987872171,0.6625924541800956,-0.0416059912627488,5.043394617755744,2.7667984189723276,6.954187234779592,2.9956313709174056,6.199056199056195,1.16496775535677,3.4989145702975377,0.5824838776783793,2.165874273639721,-1.8514666111920157,-0.8406893652795299,-2.9956313709174167,-2.2329384631512723,-2.9956313709174167,-2.392564837879147,-5.117536925317247,-4.59356566121408,-6.05367172872894,-4.956329580132593
SYRUPUSDT,1762617600000,5.51198745238629,0.4709,0.3152826892761359,3.8368246968026396,-3.7948609046506645,-3.2278615417286027,-1.2285805254166278,-0.8051669407414961,-3.2278615417286027,-2.101056973446767,-1.8475260140157115,-0.1878765629386447,-3.503928647271174,-1.251738525730166,-2.6969632618390293,-0.13077593722753575,-2.7394351242301904,0.0065506474223267904,-2.229772775536209,0.6602824784643017,-3.2278615417286027,-0.35859535575282614,-5.266510936504563,-2.3402438757415833,-5.861117009980879,-2.889438980043358,-7.347632193671686,-3.6929121691720237
SYRUPUSDT,1768341600000,5.113488129402559,0.4029,2.194039315155356,5.051821915129386,-1.0374782824522146,-1.1044924298833414,0.7233268878538098,0.8384836828700173,-1.3154628940183597,0.8292546851621868,-1.4395631670389606,0.633552965027891,-1.687763713080162,0.39285261690533413,-2.3579051873914008,-0.23078288656134052,-1.0424422933730408,1.0287857287654592,-0.5460412012906378,1.378874130297283,-0.3971208736659197,1.323031863859017,-0.22338049143707037,1.1804384485666173,-1.1665425663936417,-0.1504513540621978,-0.19856043683295294,0.8477126805778477
TAIKOUSDT,1732582800000,6.3741770086814755,1.8257,0.8785501160349348,4.030564712116778,-1.7412499315331167,-1.5774771320589447,-0.6487862103068293,-0.5793326350438449,-0.15884318343649695,0.7077387167884776,1.544613025141042,2.246342041838336,-1.451498055540351,-0.4988331065910137,0.273867557649115,1.496360279645845,2.5141041792189203,3.6002125586750506,-1.7034562085775387,-0.6598321634966761,-2.70581146957332,-1.5894824902076836,-3.8012817001698047,-2.68404313086651,-6.572821383578907,-5.432227446110172,-5.351372076463829,-3.6740973627439457
TAOUSDT,1750716000000,5.696958833721692,353.81,9.667720538094352,5.455325820325673,-0.047200474831126035,-0.31796727056895746,3.2893722305967357,2.8676059664404447,-1.1842514343856865,7.300036214759663,-0.9920578841751195,6.249715646279124,-0.34481784008366845,5.4919607221287885,-1.0598909018964981,3.2533994041825123,-0.6274554139227345,2.5806357496097596,0.1526242898731015,2.4352029046674653,1.4386252508408397,2.7913184440103738,2.362850117294597,2.9438934888705157,0.07348576919815462,0.09159114166662304,-0.2911167010542465,-0.24403141020746902
TAOUSDT,1760295600000,5.858329050929047,391.39,13.095616493772935,8.266679206817049,0.7085004726743194,-0.4841717979508884,4.368348953177728,4.611767748128948,-1.6530826030302184,8.990313419354482,-1.3643680216663623,7.079358827494203,-1.7884974066787604,4.593072297352451,-2.1180919287666944,2.3956465145120696,-2.749176013694778,0.39246509223457166,0.3960244257645856,2.9377092469467625,4.254068831600203,5.76848304500423,4.583663353688137,5.212156729691651,5.12021257569177,4.630463198905445,2.4042515138353115,1.683821160281421
THETAUSDT,1667055600000,6.0403260403260415,1.2359,5.129295678802335,3.108092888219599,-1.66032850554252,-1.7800792944412995,1.3144402569081766,1.3804737058374124,-1.1651428109070288,3.3549096755087326,-2.2493729266121893,1.8814461245245833,-2.662027672141753,1.2455815519272975,-2.5163848207783723,1.171432170298537,-1.561615017396237,1.7249596561786606,-1.294603123230036,1.5153658597475272,-1.6587102516384793,0.7786005091168591,0.5178412492920108,2.3901755542734806,-1.9014483372441198,-0.45895286496604937,-2.111821344768995,-0.45911566752786287
THETAUSDT,1755871200000,5.785123966942153,0.8064,3.7610818739786778,3.1465848042977833,4.689980158730156,5.3013392857142865,4.182520192488775,4.546223371645279,0.8060515873015811,4.180550571589683,3.2366071428571446,5.957820514452267,4.005456349206349,6.00621855961981,4.885912698412697,6.056426332288402,5.493551587301588,5.7611019941319865,5.6547619047619015,4.911896171700875,6.051587301587296,4.141550676457335,5.109126984126986,2.070061776712713,5.840773809523813,1.6640263004299933,5.815972222222214,1.0755490275046762
THEUSDT,1768737600000,5.293221629855302,0.2765,6.044335353225456,4.172553452010926,-4.951175406871616,-4.8101265822784836,-0.2787742066035256,-0.3708927417447003,-4.159132007233277,1.2532477456824107,-4.159132007233277,1.0062509528891506,-3.9783001808318295,0.9659263766352458,-4.737793851717902,-0.06070723933828861,-4.882459312839064,-0.3750142050835224,-4.701627486437617,-0.36677127840587825,-5.895117540687174,-1.68518098692663,-5.53345388788428,-1.2812275596205467,-5.678119349005441,-1.3653038841193816,-5.786618444846297,-0.8789619877478154
TIAUSDT,1731448800000,5.793170079149787,5.694,7.970555553448638,5.0735736456138145,-8.488760098349136,-10.10625219529329,-2.0206149158157025,-2.8112863477203245,-3.7214611872146115,3.2986372817992575,-4.3133122585177315,2.2442158755894943,-5.0702493853178705,0.9310159389331351,-7.404285212504385,-1.7578641782534623,-9.812082894274674,-4.27663647564742,-10.400421496311909,-4.627843330790974,-10.916754478398314,-4.783179187604753,-12.149631190727076,-5.611922386741653,-10.512820512820516,-3.330152364004079,-10.586582367404288,-2.2924203314365696
TLMUSDT,1717372800000,8.638743455497394,0.02075,9.089953209610439,7.823014367741451,0.49638554216867287,1.012048192771085,3.792447303839405,4.758915270778684,-1.397590361445793,6.740400667779623,-0.4337349397590352,6.825232678386772,0.8192771084337349,6.9584334577432445,1.3012048192771055,6.231364026886347,1.9759036144578344,5.620445243086744,1.4939759036144469,3.8973852984706236,2.0240963855421694,3.2078783151326165,-1.2048192771084347,-0.8704061895551072,1.2048192771084347,0.6229036895064765,-0.8192771084337349,-1.309164149043298
TLMUSDT,1731250800000,5.533172172978785,0.011787,4.97114562553434,7.706295431597315,-3.080512428947148,-2.9269534232629226,0.17013089748865434,0.07420093650470663,-1.9258505132773374,2.331675017261835,-0.5769067616866069,3.0676681148968337,-1.4252990582845486,1.7523579329007166,-3.6480868753711695,-0.664742412315225,-5.862390769491818,-2.8405309796504565,-5.183676932213459,-2.0207776267917397,-4.097734792568089,-0.9489761047291116,-3.452956647153653,-0.3214589154484275,-2.400950199372192,0.46986078845784074,-2.2312717400526094,0.8762331603042791
TLMUSDT,1731693600000,5.955425648520276,0.0116,8.020523899540901,6.337631145925468,-3.050862068965509,-3.060344827586202,1.7581534879019791,1.517239308067332,-3.8620689655172304,3.3578320064506078,-3.2844827586206846,3.459087597635534,-2.887931034482746,3.3505201930310773,-2.215517241379298,3.4341260577764925,-3.1637931034482696,1.9421000090752396,-3.3879310344827522,1.0923786070594244,-3.353448275862058,0.3967152336858749,-2.9568965517241343,0.12006937341574797,-2.508620689655169,0.26064754069292234,-2.887931034482746,0.1680582601968728
TLMUSDT,1734696000000,8.454907161803714,0.013084,-1.1528640285269447,9.148849198735336,3.701467441149493,4.184500152858448,2.687997354333308,2.1866514975165603,2.8202384591867897,2.0519628295088177,2.4304494038520374,2.076256340731498,1.115866707428923,1.0996400761112985,1.3145826964231142,1.5583102217182736,4.3029654539896,4.723974400294653,4.24946499541424,4.189741435282424,5.2583307856924435,4.353887887008032,4.119535310302656,2.2970466543016226,4.539896056251903,1.4801350298623606,6.863344542953222,3.049018668514106
TNSRUSDT,1735290000000,5.433810375670838,0.4715,5.762544581772502,3.523987265341946,-2.5896076352067823,-2.4390243902438993,0.7375998812976208,0.20958641877471668,-1.1028632025450653,4.010528194147037,-1.3785790031813256,3.2071912107424176,-0.4029692470837661,3.5478820753676983,-2.057264050901376,1.3719679508286637,-3.1813361611876902,-0.15528969182651042,-4.8356309650053,-1.9941899831815242,-5.238600212089078,-2.3281232921630886,-1.972428419936368,0.5744625293759438,-2.820784729586422,-0.5340164112360564,-2.90562036055143,-0.3244137690783703
TNSRUSDT,1738252800000,6.76556529557203,0.475,9.175324078330412,0.41327992051494655,-2.1178947368421013,-1.8421052631578907,1.917836759146845,2.2028976579143102,-0.378947368421046,7.50636132315522,-0.4210526315789478,6.423669704128704,-0.4210526315789478,5.396853692232266,-2.189473684210519,2.7944332588446077,-1.0315789473684127,2.9949828013057895,-1.4947368421052623,1.6113620569840128,-2.6105263157894667,-0.267333563297681,-3.1789473684210536,-1.3978817374898216,-3.894736842105255,-2.3696479746781254,-5.557894736842101,-3.514431969716527
TNSRUSDT,1738314000000,7.2048032021347534,0.4821,5.949058303848094,1.9141942098531688,-4.627670607757723,-3.5677245384774934,-0.9248836378377042,-0.7962734008009047,0.7259904584111186,6.1188811188811245,0.8089607965152488,5.526001519921826,-1.5142086704003264,2.510957099984893,-1.0371292263015868,2.3644009612083825,-3.049159925326694,-0.15167375189594312,-4.086289151628293,-1.4408730497058664,-9.852727649865171,-6.993665468241737,-10.205351586807708,-6.955250827494293,-8.172578303256586,-4.705527811262268,-9.89421281891723,-5.522086169773162
TONUSDT,1705230000000,9.532888465204966,2.298,8.61139994328386,6.596159198441407,0.16100957354221027,0.5657093124456103,3.843835994258877,4.364794698053365,-3.9164490861618737,3.8374717832957277,-0.9573542210618035,6.166620020524308,-1.3489991296779869,4.842066318272222,0.47867711053090173,5.752496106989118,-0.3481288076588341,3.996366939146234,1.3925152306353363,4.733222456960497,3.220191470844205,5.28184642698623,1.0879025239338516,2.015721751350404,0.6527415143603188,0.626468285043078,1.3489991296779869,1.1860798540209552
TONUSDT,1732366800000,7.1256038647342885,6.209,8.82672555824306,6.5401477388745395,2.367531003382193,2.013206635529078,4.2996172486611455,3.390237503746773,0.6603317764535411,8.256976079538552,0.9985504912224237,7.325004278623977,4.670639394427445,9.52878522313603,4.429054598163962,7.75597028567629,2.3192140441294917,4.345969384403123,1.5139313899178661,2.4345056230904234,0.8213883072958634,0.8067762765906131,2.3836366564664293,1.2551368226561785,4.17136414881624,1.93210829892521,1.7071992269286642,-0.6450597860289409
TONUSDT,1777903200000,5.827437823645255,1.451,4.5200792364487725,2.292234320419326,5.490696071674703,1.6230186078566478,6.2194991468070935,4.084689319551876,-0.64782908339077,3.4502554681669366,-2.0813232253618197,1.6534424657828246,-0.6960716747070984,2.683057188669158,0.2618883528600982,3.201458497378827,-0.6133700895933928,1.9562650679072036,2.984148862853197,4.719123170936814,9.104066161268083,9.339926927141248,10.489317711922803,9.03971325384787,13.749138525155066,10.163326058081879,22.356995175740867,15.988423370158172
TOSHIUSDT,1751590800000,5.822570400169388,0.0004998,5.784494253603403,5.023166875045956,1.8847539015606203,1.4605842336934804,2.8458492252959546,3.725281115846064,-0.12004801920768599,4.91803278688524,4.701880752300915,8.7512209314408,1.8007202881152464,4.879104569909107,2.541016406562633,4.658048969756389,4.8819527811124335,5.85621970920839,2.741096438575421,2.79251326193574,1.1204481792717143,0.5011135857461017,0.9003601440576124,-0.40092429838247373,1.0204081632652984,-0.9203477305284662,-0.7402961184473861,-2.5764895330112796
TRUMPUSDT,1762786800000,6.255857544517347,9.07,8.009622025865161,8.138398073300436,-0.9029768467475201,-1.0033076074972458,1.6822943899174845,2.016358970683431,-1.0804851157662707,5.6697995430240375,-0.25358324145534383,5.451493711608181,0.30871003307608014,4.774627450077159,4.233737596471889,7.436701668257635,1.764057331863287,3.677577336957752,-0.9261300992282208,0.3551406044091096,-1.5214994487320828,-0.78531995956769,-2.18302094818082,-1.6375267470093282,-4.36604189636164,-3.979631372114912,-5.00551267916208,-4.139918336467103
TRXUSDT,1631088000000,5.986040459008647,0.08959,3.2119075597336453,7.889064174664918,4.019421810469913,3.9401718941846173,3.286657046826201,3.6105953507296205,3.292778211853995,5.714089880965972,2.757004129925215,4.510313667169962,3.125348811251252,4.275298525992641,4.844290657439442,5.296788296620136,4.040629534546264,3.739565943238733,3.8173903337425963,2.9509430620738373,5.101015738363646,3.4816247582205078,5.000558098002006,2.3067135042251814,3.83971425382297,0.248925096175615,4.375488335751751,0.34230773357942273
TRXUSDT,1651219200000,5.42168674698795,0.06825,6.187668227716162,1.7472196547303236,-3.6058608058608166,-4.31501831501833,-0.07844510820373225,-1.3956499841209171,1.157509157509156,6.531701822334031,0.14652014652013037,4.76219671075824,-1.2161172161172324,2.810436585998114,-2.432234432234445,1.0992014089211468,-3.4285714285714413,-0.32212694523842667,-5.465201465201481,-2.5819115204590117,-5.201465201465218,-2.4691730230034077,-6.271062271062279,-3.5855853140213,-6.6959706959707015,-3.8690880545868938,-6.652014652014655,-3.1601027527398156
TURBOUSDT,1736946000000,6.476019492177473,0.008303,4.4941416327917425,5.741066198008195,2.5135493195230665,2.8363242201613934,3.4532040080987962,3.5548560411844665,0.794893412019753,4.879943856834927,1.4813922678549905,5.070204753472829,1.9149704925930526,4.9016934024248435,0.9996386848127151,3.4427463025323997,2.926653016981816,4.615007956910278,2.962784535709981,3.6669657798365334,3.4204504396001387,3.153342543095668,2.7459954233409705,1.6115392403254214,3.8660725039142494,1.7185048889517989,4.022642418402999,1.4720913566032645
TURBOUSDT,1750716000000,5.232388190587544,0.0036,7.933081489476519,1.727962473684937,2.661111111111114,2.083333333333339,4.193612110784049,3.3215953339857758,1.0833333333333326,8.084828323630756,1.8611111111111172,7.634506442807247,3.2499999999999982,7.636174094344525,0.05555555555556293,2.8907678244972725,1.111111111111114,2.9062535338686,1.8333333333333357,2.6373257181253154,5.833333333333337,5.277701022381879,5.333333333333331,3.7369371341029516,3.9444444444444504,1.4779661016949233,2.3055555555555602,-0.34633908761297444
TUSDT,1737352800000,5.155420773313116,0.02774,5.2911257875958375,3.846513804398692,-1.8853640951694337,-1.8745493871665513,0.9136138182726331,0.3114508709017158,-0.03604902667627827,4.882938083891223,0.5046863734679082,4.965927487669881,-0.6128334534967557,3.277767372167062,-1.3338139870223584,1.7623438429506069,-1.2256669069935113,1.163005353516691,-3.713049747656812,-1.5988800471559106,-3.2083633741889037,-1.2613540249328983,-2.5955299206921483,-0.8985879332477613,-4.217736121124733,-2.6169183404193035,-2.4152847873107444,-0.5401036117132595
TUTUSDT,1776387600000,8.178137651821867,0.01336,12.231182795698931,8.467971096858005,-8.128742514970064,-8.158682634730544,-0.058730995274333384,-0.522893765731002,-4.790419161676646,5.298013245033112,-7.260479041916171,1.5074553498279546,-10.029940119760486,-2.045473066579751,-9.131736526946112,-1.5329710438802817,-11.077844311377248,-3.634003893575604,-10.628742514970067,-3.0686799805163165,-8.832335329341321,-1.2565869477097602,-7.485029940119767,0.21079941624775617,-6.212574850299408,1.4410621761657978,-5.838323353293422,2.493074792243759
UAIUSDT,1779292800000,7.93598279641041,0.261,9.995237754074255,9.501913136873183,1.2984674329501884,0.8160919540229858,4.4380423828096545,3.5409140731978033,0.6704980842911777,9.383456142541945,0.0038314176245249046,7.317454247922618,-0.5210727969348765,5.487683488195391,0.13409961685824404,4.864240230793611,0.2835249042145452,3.7086932403518422,0.9616858237547938,3.2105689878697947,2.329501915708802,3.3731349060437648,1.5517241379310336,1.7489846215267932,3.8697318007662824,2.914324109891691,3.701149425287357,2.371883852959097
UBUSDT,1770771600000,7.9483870967741925,0.04183,9.22526568660729,1.3753408058164158,-4.7645230695672955,-4.805163758068375,2.0667530417583455,3.073976744754235,-4.661726033946929,3.294653957728974,-8.438919435811615,-1.0182457228510844,-11.54673679177624,-4.135143538190504,-11.78579966531197,-4.138414776712642,-4.948601482189821,2.8532995317794962,-4.996414056896968,2.317198764160654,-2.2232847238823816,4.523383593151019,0.11953143676787338,6.041424013774242,0.43031317236433086,5.499748869914609,0.40640688501076616,5.429625724828691
UBUSDT,1772078400000,6.291309669522652,0.04342,2.6234932640037814,2.7655822870194027,7.503454629203132,7.519576232151076,4.76300104378359,5.610784433490373,2.579456471672047,4.524547075941064,5.158912943344078,6.087360594795532,6.609857208659599,6.587763936540089,5.988023952095804,4.998973282529845,9.511745739290653,7.387249034531049,8.429295255642554,5.515587529975998,10.110548134500226,6.015921236445884,11.400276370336258,5.705981337004747,9.097190234914791,2.066320484367933,6.149239981575308,-1.2596940742962386
UBUSDT,1776416400000,8.224617129892229,0.03816,7.453608537718572,7.894141596923782,2.0230607966457037,2.135744234800838,3.8500749806170136,3.0565605991428706,0.4979035639413068,6.970516861454355,-2.6467505241090072,2.9770484532653243,2.935010482180301,7.149676750593321,3.9570230607966392,6.720111912191975,2.096436058700215,3.6832020438577904,1.7295597484276755,2.6576755255850824,-0.2620545073375337,0.3480278422273787,2.175052410901461,1.8813692187091675,4.559748427672952,3.010275210409442,5.188679245283026,3.1028459878762993
UMAUSDT,1754550000000,5.211620943594725,1.3001,5.480507890146444,8.686747088673199,-2.3528959310822266,-2.5498038612414438,0.72042217431036,0.5192815608613023,-0.3153603568956228,4.520343562240426,-2.638258595492654,1.7156173409940116,-1.4691177601723033,2.4791801665586553,-0.9845396507960865,2.4439156765532304,-2.0844550419198615,0.8964167109194578,-2.4613491269902337,0.14214641080314666,-2.7382509037766383,-0.47617173664947376,-3.230520729174682,-1.1673579688285471,-3.8381662949003963,-1.899702607481114,-3.768940850703787,-1.4501658120061927
UNIUSDT,1622066400000,6.185683166829409,28.273,7.295062370259613,8.099531248805187,-2.093516782796306,-2.000141477734936,1.4181549641839626,0.4491833533933738,4.0215046157111045,9.994502144911491,0.5835956566335343,5.447385692408654,-5.252360909701833,-1.0505163930792911,-3.7845294096841524,-0.03968574767214888,-5.988045131397452,-2.4297130523201367,-4.2337212181232955,-0.9290191328910754,-2.153998514483777,0.7113576956961744,-1.6411417253209728,0.8058230959121627,-1.8462844409860943,0.18700901109057325,-0.640186750610126,1.4844063277832227
UNIUSDT,1622203200000,8.058491615671933,27.194,1.6305586803051058,3.974061924097484,-1.6018239317496477,-0.7391336324189113,-0.06531211929988094,0.6625225481074922,2.335073913363248,4.535414851098355,0.32360079429286226,2.62100717692552,2.4417150842097577,4.358966674658351,-1.5628447451643772,0.18413311476881947,-0.5736559535191542,1.140911981446165,0.4706920644259768,1.70564104854861,-0.9046113113186683,0.00667997713964459,-4.8025299698462804,-3.8671489153119,-7.181731264249465,-6.295824686582339,-6.563947929690374,-5.042902415690036
UNIUSDT,1716235200000,5.88339640491959,8.9535,12.98219490958649,1.094898340546454,3.2870944323448925,3.2830736583459053,5.87571602396713,4.623002538490745,5.154408890378055,16.293432478167972,2.406879991064952,11.167421604477273,4.093371307309993,10.812677826406938,4.110124532305806,8.694891695740603,3.2233204891941774,5.887569286750359,2.3521527894119556,3.3584357902311317,3.342826827497633,2.6852102578672183,2.0885687161445174,-0.03226353291154029,2.4727760093817963,-0.43883351021234185,3.626514770760038,0.3286183431536827
UNIUSDT,1728561600000,5.215039917589484,8.171,6.122395968621747,3.6421902736668774,-0.7367519275486405,-1.370701260555614,1.632053840037322,1.1958801617590695,-3.157508260922765,2.109813536357184,-1.7256149798066334,2.8682696865271855,1.7011381715824396,5.497016630696975,1.4441316852282504,4.378376336368097,1.774568596255065,3.747692000598852,-1.6032309386855983,-0.04724135358912208,-1.3584628564435062,-0.16721372391156883,-2.741402521111239,-1.6971376264812734,-0.3181985069146959,0.28194678716095495,-1.382939664667722,-0.6509838733540623
UNIUSDT,1730851200000,5.463645210621447,7.586,5.626644759743239,4.421175502181069,13.80174004745584,17.380701291853416,9.72774745342463,8.536322161849709,0.7513841286580477,5.5852570212883546,3.7305562878987537,7.7089435790741625,8.568415502240974,11.10661432406545,12.035328236224627,12.606823451474014,18.204587397838125,15.818296888521502,20.445557606116534,15.071218971575403,16.80727656208806,9.186125315753802,17.954126021618773,7.886519007945616,20.050092275243856,7.326788681602286,19.47007645663064,4.980887292945691
UNIUSDT,1751428800000,6.649342708651797,6.977,3.7950579449262936,6.711327276620499,0.9187329797907372,0.9746309301992205,2.6092982222547483,2.8982813475611304,-0.659309158664186,2.9774462900781526,0.07166403898523567,3.6104886699215064,0.2866561559409427,3.663866542216692,1.4046151641106472,4.435751715993793,0.8743012756198931,3.204047217537938,1.2039558549519798,2.819116405044108,1.519277626487027,2.356970476451972,0.48731546509961027,0.5925649597543605,1.074960584778548,0.4458244904354123,2.9238927905976744,1.9869054551135463
UNIUSDT,1762855200000,6.02984344422701,8.669,-2.329930823137082,0.6653738518527291,0.6840466028376934,-0.2595455069789001,0.6778984459503794,-0.6803150731233479,-0.4844849463605931,-1.72804629387039,-2.5954550697888985,-2.542617407061158,-2.064828699965397,-1.0869945126000404,7.255738839543194,8.205611609584656,3.58749567424155,4.248897144183882,3.7951320798246493,4.11580250627725,-0.4268081670319623,-0.33138198990844403,-0.09228284692583799,-0.4196608220753113,-0.057676779328651305,-0.9409693241713846,-2.0763640558311187,-2.7416564508552645
UNIUSDT,1762869600000,9.5170789163722,9.298,8.205611609584656,7.969390480392967,-7.848999784899978,-7.931813293181327,-1.1836154028730734,-1.8413128875133244,-3.42009034200903,4.248897144183882,-3.22650032265004,4.11580250627725,-7.162830716283075,-0.33138198990844403,-6.850935685093573,-0.4196608220753113,-6.818670681867071,-0.9409693241713846,-8.70079587007958,-2.7416564508552645,-10.658206065820602,-4.476616492071325,-9.647235964723599,-3.3479061205706437,-11.357281135728105,-4.90585194757244,-10.647451064745109,-3.036810531967053
USELESSUSDT,1778155200000,6.509471987101984,0.05285,6.895087073481529,2.7210884353741602,-4.7095553453169385,-4.664143803216654,-0.07432334968311012,0.026704218054157465,-2.5922421948912073,3.0692534086131293,-4.654683065279099,0.28858592894813884,-4.087038789025548,0.6013455851707875,-4.370860927152317,0.40128729786643835,-4.6736045411542095,0.005955098556900847,-4.7682119205298035,-0.22994885620265457,-4.257332071901613,0.047453337551414086,-5.808893093661312,-1.7487072198318492,-6.111636707663204,-2.064500848695388,-5.7710501419110765,-1.113957228808018
USTCUSDT,1765425600000,8.643216080402008,0.01081,3.7527593818984446,2.077431539187927,-7.1692876965772445,-7.0767807585569,-3.0157840944658107,-3.54567177747223,-1.202590194264569,2.377300613496932,-0.8325624421831619,2.5444805815955673,2.0351526364477306,5.087652439024388,-6.105457909343208,-2.880107166778308,-6.012950971322844,-2.4390243902439095,-8.048103607770592,-4.211236388166152,-11.00832562442183,-6.583802680132063,-12.858464384828869,-8.079625292740053,-11.563367252543935,-6.357135860515218,-16.096207215541167,-9.616342800199291
USUSDT,1777986000000,5.052517203911622,0.005801,6.587046394120338,8.999351753553606,-12.68746767798655,-14.049301844509564,-4.779023678208569,-4.881726677107125,-6.154111360110321,-0.3112982970151924,-9.32597827960696,-3.516334354421563,-9.877607309084636,-4.090992478444309,-13.497672815031889,-7.457952198288583,-14.72159972418548,-8.234246600753115,-13.308050336148943,-5.633115664640105,-15.169798310636093,-6.537263541745792,-15.324943975176694,-5.6871855919511525,-14.893983795897247,-4.130337689574144,-14.600930873987238,-2.191510365251727
USUSDT,1778893200000,6.795366795366793,0.005532,7.269589497973669,8.401508842404338,-1.3467100506145997,0.26211135213304754,1.0359366834521981,3.051344738655858,0.7411424439624049,7.014612976937975,1.39190166305135,6.791310473506856,1.7172812725958146,6.053752497267137,3.6334056399132444,6.751824817518252,4.663774403470724,6.402528668038804,-1.3376717281272492,-0.41418067035232053,-0.21691973969630982,0.04893698004457937,-6.616052060737528,-6.392694063926947,-7.411424439624002,-7.092327226555412,-10.032537960954446,-8.80439761795694
VANAUSDT,1758452400000,12.516556291390732,5.097,12.738050474442057,1.181141439205971,-0.10398273494213135,-0.8436335099077918,3.996651447936645,1.3304260152548386,8.750245242299385,19.587495415417138,0.5885815185403053,8.897432085129878,-0.1961938395134525,6.469369388224931,-0.23543260741613606,4.8994326972666284,-2.5897586815774094,1.270728374161168,-1.5499313321561825,1.3901236563485093,-1.9619383951344032,0.08211660557990999,-2.158132234647838,-1.1222142913791646,-1.412595644496764,-1.337103139541721,-0.2746713753188196,-0.17086631184082457
VANRYUSDT,1732309200000,6.836827711941665,0.10548,5.898298278198891,9.597581122782966,5.552711414486155,5.133674630261657,5.021050994945659,3.790596258231906,4.067121729237773,9.291304088094154,5.441789912779669,9.317869078042056,6.588926810769811,8.958579652278411,7.52749336367084,8.49228061448988,4.4084186575654165,4.277922963299633,4.5695866514979055,3.3032695531641787,3.981797497155854,1.6496756255792437,4.825559347743645,1.2796204189680556,5.89685248388319,1.1134244591291709,8.219567690557449,2.526563496411804
VANRYUSDT,1734696000000,9.562005277044854,0.10381,-0.8396297605288089,1.4101292903440092,8.016568731336095,9.045371351507564,5.407917914296408,5.084048395689071,2.7261342837876885,2.416349736852219,2.2830170503805003,2.455734066676308,4.81649166746942,5.034026738742228,5.567864367594652,5.557696012329042,8.168769868028129,7.811509879601363,9.921972834986999,8.221659506264164,13.649937385608323,9.999533821267086,10.249494268374914,5.134070052635914,10.220595318370094,3.2410582163352206,12.56141026876023,4.207541112260537
VELODROMEUSDT,1755871200000,7.954545454545456,0.05396,6.799248684306888,3.2794478492380437,3.0509636767976263,3.2144180874722013,4.387133767925744,4.490650073660744,0.8191252779836878,6.921329234833045,2.9799851742031103,8.114207889488775,3.5378057820607878,7.657563045451324,3.254262416604894,6.300249171019856,3.174573758339509,5.170195764327181,2.9392142327650057,3.8111043829943068,4.093773165307627,3.648139946855624,3.0318754633061498,1.363214539010332,3.3469236471460375,0.6125228906750372,3.332097850259453,0.2728108146019509
VELVETUSDT,1778594400000,5.1597299203869795,0.10435,11.88428795059294,2.72944303610542,-6.494489698131287,-6.851940584571151,1.020017042089293,0.30933073991037974,-8.22232870148539,2.0893294957893502,-7.129851461427888,2.5687160653239194,-8.634403449928131,0.406512627166836,-1.1499760421657812,7.204473175497316,-5.951126018207948,1.2368347757914666,-6.775275515093429,-0.1898117272867088,-6.928605654048875,-0.9020039998367513,-7.359846669861038,-1.7541363470059672,-6.497364638236698,-0.6718924972004557,-6.296118830857683,0.21214885265392344
VELVETUSDT,1778608800000,8.191734843717235,0.10315,7.204473175497316,1.5480790529398638,-4.51187590887058,-5.0315075133301015,0.5079000796231325,0.5864538652762029,-4.8570043625787696,1.2368347757914666,-5.690741638390693,-0.1898117272867088,-5.845855550169663,-0.9020039998367513,-6.282113427047988,-1.7541363470059672,-5.409597673291325,-0.6718924972004557,-5.206010664081434,0.21214885265392344,-3.412506059137187,1.7058156984044406,-3.2864760058167755,1.5430967794470802,-3.4222006786233687,0.9607588778984824,-1.7062530295686007,2.9381903833658156
VELVETUSDT,1780221600000,7.59358288770053,0.1006,5.291802729632411,4.19957429398574,-2.2495029821073533,-2.0079522862823005,1.406060002189332,0.9319639843737493,-2.0079522862823005,2.9566888427033184,-2.0079522862823005,2.739940177799077,-0.9542743538767283,3.5317588138111757,-3.807157057654076,0.396314893970197,-3.3399602385685907,0.6541901291818417,-3.697813121272367,0.0661047760700655,-2.316103379721669,0.9336387259785676,-1.8886679920477127,0.841881564428466,-1.2127236580516887,0.930289242768931,-1.2624254473160967,1.009792855181679
VIRTUALUSDT,1761512400000,7.804183222130584,1.438,12.192115344105225,6.413287600779969,6.6766342141863735,6.721140472879,7.009209750419593,8.117673120569137,3.1293463143254625,13.512851522434682,4.930458970792766,12.994054126915177,6.321279554937412,12.013890924010182,10.535465924895687,13.462773931044339,11.063977746870655,11.087153091743756,7.121001390820587,5.148193149394518,8.699582753824755,4.9377328723439975,8.031988873435338,2.634065128201745,3.4283727399165596,-2.725364134024858,3.5048678720445063,-2.9732531078676105
VIRTUALUSDT,1761955200000,7.936741449062164,1.4674,6.544878962577879,9.876039400825912,18.22815864794875,19.96728908273136,11.178987482200185,11.672458030373676,6.228703829903226,11.705901322154153,10.50838217255008,13.985266827869317,19.96728908273136,20.353595088501336,22.99304893008041,19.754757544390493,21.56876107400845,15.271782677246762,20.737358593430557,11.639014738593197,19.30625596292762,7.754614669694902,21.05765299168597,6.657380277631002,19.94684475943846,3.196566563866845,19.96728908273136,1.470995112053859
VIRTUALUSDT,1767884400000,8.39539607312119,1.1207,8.163147125815552,6.068636544322264,-4.490943160524675,-4.724725617917377,0.7824504224141637,0.6202089943275765,-2.2218256446863496,5.00392878361028,-2.551976443294366,4.049161585365852,-3.7833496921566874,2.4114121814779796,-4.800571071651652,0.9146543325482481,-5.193182832158475,0.32576365610690483,-3.5067368608905247,1.579965808112125,-4.648880164183103,-0.2073177564856735,-5.175336843044531,-1.2626708415018044,-5.675024538235041,-1.9942333188084593,-7.352547514946019,-2.9961602062838124
WAXPUSDT,1734696000000,6.732394366197194,0.03789,-2.118315680702664,0.0052787162162031805,6.967537608867772,7.772499340195302,3.9491798208662323,4.32007812117811,2.216943784639748,0.6130825583207775,2.718395354974936,1.5896217796455467,5.252045394563206,4.147080330095037,6.070203219846916,4.776057145836575,7.732911058326741,6.260575296108303,7.812087622063863,5.558283159771571,9.765109527579842,6.3519664501611,9.131697017682761,4.493075912261181,8.656637635259958,2.5685742046388906,10.319345473739764,3.133481371823342
WAXPUSDT,1737288000000,5.792903692976103,0.04383,1.0979379065368922,8.844382085252747,0.8761122518822682,1.7796030116358565,0.9958749845514095,2.2682965174505485,0.5247547342003217,1.8069226858912264,2.8291124800365,3.97010311656555,1.9849418206707639,3.031001498213661,1.5742642026009495,2.4791105586630797,2.4640657084188855,3.051858650757223,2.7378507871321003,2.690992018244015,2.646589094227701,2.0574824762380173,1.3689253935660424,0.300246066325036,-3.28542094455853,-4.511972608294111,-4.083960757472051,-4.9169946170896
WAXPUSDT,1737352800000,5.299760191846515,0.04391,5.3427056593815045,7.329235056157788,-2.4163060806194414,-2.5051241175130876,0.6291132029240784,0.1384744822851452,0.09109542245503373,5.045531680967522,-0.18219084491003587,4.312437526774242,-1.1159189250740091,2.8300769686204896,-2.0040992940104734,1.1922959339651495,-1.7308130266454038,0.8813971430575255,-4.213163288544745,-1.7978052766752275,-3.7576861762696394,-1.4757652763854279,-3.2794352083807716,-1.182000093070877,-4.964700523798666,-2.9105883995253765,-3.0061489410157023,-0.6044481784872351
WIFUSDT,1755871200000,7.970388648982109,0.8751,4.778553383062523,5.09376294757321,4.784596046166155,5.193692149468637,4.752544470548059,5.169561522718908,0.9027539709747479,5.235558415865201,3.393897840246836,6.981968666863736,4.365215403953835,7.118143113498554,4.7423151639812575,6.565286642716788,5.027996800365677,5.9078390929099065,5.359387498571598,5.103564629572616,5.827905382242035,4.339890488744676,5.393669294937724,2.5598256382884257,6.70780482230602,2.434154956615224,6.125014284081817,1.2792130604054557
WLDUSDT,1713132000000,8.237066800602696,5.172,7.039525151804893,4.426833577305532,-1.962296983758692,-1.432714617169366,1.77795958024242,1.5075910912796813,-0.7849961330239661,5.295125529666449,-2.2196442382057193,3.12019542512713,-1.3225058004640289,3.3190610670796477,-3.5576179427687413,0.5987927338145546,-3.8940448569218793,-0.14965699420456605,-4.5030935808197965,-0.8384094313030284,-1.5003866976024642,1.8664043222836664,0.22235112142306135,2.810096354094355,-0.6979891724671182,1.1487778602756962,-1.365042536736268,0.609208935590294
WLDUSDT,1779775200000,5.5166374781085725,0.3615,7.804252527361098,5.039880286498816,7.399723374827113,8.575380359612726,6.922633127526384,6.71709916176456,0.27662517289073335,7.219971013635419,2.157676348547726,7.840560665790622,4.896265560165974,9.172568664708932,9.100968188105114,11.45650822359124,10.096818810511767,10.304306856604398,7.800829875518674,6.2142273098937,9.709543568464737,6.207487547533617,8.049792531120337,3.2131909946094503,11.922544951590602,5.18926788685525,9.986168741355469,2.4082421120412167
WLDUSDT,1780164000000,7.631578947368407,0.3681,13.153607328394454,6.9576208394473396,-4.422711219777228,-5.392556370551475,1.0264303767312062,-1.2916633875325356,-2.2548220592230304,8.461700780755429,1.7658245042108138,10.354986006775672,-0.5161640858462259,5.8412092835053215,-4.509644118446075,0.2853067047075609,-6.51996740016299,-2.4078958563770945,-7.117631078511274,-3.347091083846898,-7.60662863352349,-3.5997732426303823,-6.682966585167062,-2.740812050512477,-5.40613963596848,-1.5828151498021463,-5.37897310513447,-1.0005116252629251
WLFIUSDT,1767884400000,6.796116504854366,0.187,7.78719234538015,6.268113883048238,-5.556149732620321,-4.49197860962567,-0.49960574637885224,0.46341200652372866,-0.962566844919784,5.653488504763536,-3.3689839572192515,2.5248226950354664,-4.117647058823536,1.2937122196486155,-4.866310160427806,0.1350894967916346,-4.010695187165779,0.7917345162558227,-3.3689839572192515,1.1984767025089624,-8.395721925133685,-4.119556699876849,-8.395721925133685,-4.19463087248321,-9.090909090909085,-4.649727971282737,-8.98395721925134,-3.6294660551497646
WOOUSDT,1755871200000,5.860649921952596,0.0746,4.063498263283439,0.8019565848945658,5.896782841823057,6.427613941018768,4.847576852217009,5.405122177321507,1.4745308310992007,5.084886933103841,4.70509383378016,7.512525463855097,5.911528150134044,7.813438131106373,5.857908847184985,6.759497093416236,6.2734584450402195,6.116985677954765,7.158176943699729,5.725357421539174,7.278820375335126,4.505092713502232,6.715817694369974,2.627236631774349,7.01072386058981,1.6839048249859938,6.581769436997316,0.646843630932034
WUSDT,1728086400000,6.169822846670738,0.3476,5.113550455109025,2.506635210852258,1.58227848101265,1.467203682393554,2.4401640973609906,3.291597298847087,0.402761795166846,4.804804804804792,2.9919447640966523,6.500074371560309,4.315304948216328,6.845036390959694,2.1864211737629446,4.036084587897609,4.17146144994245,5.160746957860194,2.3878020713463677,2.547110009796565,0.057537399309544865,-0.4037685060565339,0.7479861910241631,-0.3925137948688755,0.2589182968929679,-1.4673866945630432,-1.6973532796317654,-3.2285471537808044
WUSDT,1728874800000,5.133267522211255,0.3195,4.4766358196265585,0.796592791229592,0.40062597809076267,0.34428794992174955,2.0634076851214185,1.7464600893318296,0.406885758998425,4.226907956723729,-0.9076682316118979,2.446285270515129,0.2816901408450741,3.105390185036218,0.21909233176838133,2.516488442082339,-0.7198748043818542,1.2092785807727946,-0.7198748043818542,0.9066327342134447,0.8450704225352051,1.839560022757441,1.2206572769953097,1.6533601559062183,1.7840375586854407,1.5393261935242109,1.596244131455397,1.1908473096826628
WUSDT,1755871200000,5.84711550983202,0.08128,3.904072814665221,0.1521751184440094,3.922244094488181,4.299950787401572,3.8163521715915087,4.45888021093293,0.824311023622035,4.291277456794522,2.4114173228346325,5.267151438507731,3.383366141732269,5.574610832610904,3.9739173228346414,5.389833890357668,4.183070866141732,4.835714462574599,4.921259842519672,4.626482965071338,5.265748031496053,3.875291375291376,4.822834645669282,2.3398837265170873,5.019685039370079,1.487355693207626,4.416830708661412,0.47591987498224125
XANUSDT,1778846400000,5.601302183071624,0.011029,3.6151143345671923,9.441825849665106,-7.991658355245266,-8.155771148789563,-1.6951777112516564,-0.705983711962713,-9.87396862816213,-5.617380075202244,-10.962009248345272,-6.12572652187212,-11.968446822014688,-6.4940818429593765,-10.390787922749126,-4.187146748877828,-3.44546196391332,3.3301635971976955,-3.663070087949948,3.1263042444360374,-6.165563514371204,0.6173739730688936,-7.13573306736786,-0.262927256792297,-7.262671139722561,-0.18931631438219462,-9.048871157856565,-1.1490401671331292
XANUSDT,1778864400000,7.7506829909946475,0.010649,3.3301635971976955,5.671049367402638,-4.7816696403418195,-5.249319184899995,-0.7154495619033383,-0.8615431043855637,-0.22537327448586453,3.1263042444360374,-2.817165931073339,0.6173739730688936,-3.821955113156175,-0.262927256792297,-3.9534228566062652,-0.18931631438219462,-5.803361818011085,-1.1490401671331292,-7.00535261526904,-2.374826250258781,-5.0145553573105435,-0.5740460416379983,-6.648511597333086,-2.5067179255830365,-5.484083012489446,-1.4664995888318937,-7.042914827683357,-2.3748002919189832
XANUSDT,1779642000000,7.632959572060482,0.010463,10.95440084835632,8.37601702859334,0.7043868871260631,-1.8589314728089397,5.578351997915159,4.4931149102497105,-2.198222307177667,7.429687253944762,-1.5196406384402124,7.0578823236048995,0.7837140399503056,8.081791626095415,-4.39644461435535,1.717493212393588,-5.247061072350195,0.05247860487647691,-5.76316544012233,-1.1548640628759255,-3.928127688043581,-0.14106614213904622,-1.1851285482175364,1.9283474968945213,13.590748351333264,14.722291936137754,16.907196788683933,16.089477730219144
XLMUSDT,1699905600000,6.393882697470099,0.13079,5.4035540153926656,6.112911797039471,-7.313250248489939,-7.3667711598746015,-1.2175145471779127,-1.2002266538987962,-7.378239926599887,-2.2228679354932384,-7.431760837984551,-2.0596039347657205,-6.552488722379383,-0.9915427238261908,-8.16576190840278,-2.458237572784775,-8.012845018732312,-2.007737731622895,-7.653490328006722,-1.4089105839714016,-7.355302393149316,-0.9514934523517458,-7.141218747610664,-0.6113079699174265,-6.567780411346423,0.06223182994333033,-6.873614190687349,0.4743246030109351
XRPUSDT,1608922800000,10.74062199422891,0.3454,-0.1474371946460092,4.047113400509099,-9.163288940359,-9.843659525188182,-2.9677699948956575,-2.4483095758155726,-7.180081065431381,-6.361352882761849,-7.064273306311517,-4.586392414469578,-10.393746381007524,-6.475689722902141,-8.135495078170225,-2.251933088937489,-9.843659525188182,-2.824153534092683,-10.480602200347427,-2.07132450750619,-10.683265778807177,-2.484511316222036,-7.61436016213086,0.5387693374082501,-10.393746381007524,-2.4121078354091092,-9.843659525188182,-0.749003984063751
XRPUSDT,1612000800000,8.349514563106792,0.3348,12.670368500757178,1.2413250880720814,10.507765830346477,13.784348864994026,11.500280165076592,9.969122398956943,-5.167264038231775,5.928669135555336,-5.645161290322573,4.326287978863936,0.38829151732378236,9.165908795634651,3.464755077658303,10.607318474998394,14.336917562724011,18.775016289676984,25.5973715651135,25.473696774386063,19.14575866188769,15.40241856159232,15.77060931899642,9.330926322915492,23.954599761051373,13.527561209136914,13.23178016726404,2.464998108005843
XRPUSDT,1612011600000,6.394428616650837,0.3361,9.165908795634651,1.6344365654152597,18.866408806902704,19.146087473966077,12.069709947008931,10.946822112020488,3.0645641178220697,10.607318474998394,13.89467420410591,18.775016289676984,25.111573936328462,25.473696774386063,18.68491520380838,15.40241856159232,15.32282058911038,9.330926322915492,23.47515620351085,13.527561209136914,12.793811365664975,2.464998108005843,19.607259744123777,6.228364558835197,24.427253793513838,7.6004734214995135,32.282058911038376,11.286325749042582
XRPUSDT,1621832400000,5.1790775573305865,0.8164,4.361609653832392,8.31680409703933,4.8187163155315975,4.991425771680543,3.847903969553914,3.818874122349925,1.3718765311121983,4.475162532348669,5.0955414012738816,7.3318405284029,4.8873101420872045,6.0472834904083035,2.6457618814306656,3.1625857123511807,3.307202351788342,3.0925314753697575,7.3248407643312055,5.804644198374644,7.692307692307689,5.084502665359887,4.39735423811856,1.1800180445415203,5.707986281234686,1.4053393495017825,5.756981871631544,0.8951316988805011
XRPUSDT,1683864000000,5.006356897833856,0.43774,4.0773578131724095,5.974918897980945,-2.308219491022071,-2.273038790149407,0.5102117471446307,0.3899703517961927,-1.7498971992506966,1.907688808115076,-2.2821766345319134,1.1391902244332395,-3.198245533878561,0.08857605139773345,-1.8641202540320738,1.2210236617514607,-2.3164435509663357,0.5793426589546281,-2.0377392972997757,0.6766242974329456,-2.3210124731575825,0.2005980446377573,-2.2639009457669004,0.016598131190690958,-2.2570475624800106,-0.23271106053750742,-2.7916114588568575,-0.49481334592971743
XTZUSDT,1759647600000,6.70174466906674,0.7706,8.318574119366886,9.38098820456771,-5.125875940825322,-5.281598754217487,0.17368269662035096,-0.647211207481917,-3.0885024656112035,4.108290466033764,-4.567869192836738,1.8898248725338198,-4.5548922917207255,1.2374227471060348,-4.762522709576947,0.4558084783114477,-6.2159356345704575,-1.2448586381711184,-5.3724370620295865,-0.6214566070649815,-5.450298468725659,-0.8235214047505615,-5.190760446405389,-0.6729658078988525,-5.437321567609647,-1.018744906275462,-6.618219569166875,-1.5729722336205805
XVGUSDT,1703980800000,8.100711548987418,0.00395,8.231039017974576,9.010625086242607,-0.07594936708861688,-2.4936708860759564,4.134439058221247,3.4752805570777956,-2.379746835443046,4.939447543883528,-2.607594936708866,4.001081373344163,-3.0632911392405173,2.9494797408114284,-3.240506329113937,2.1815848572345153,-3.4936708860759627,1.3479382128519362,-3.6202531645569698,0.6583644007297536,-1.5696202531645675,2.1008403361344596,1.6455696202531633,4.339916839916853,7.544303797468345,8.71679377591237,10.025316455696192,10.108943501393465
XVGUSDT,1715256000000,5.943102104442707,0.005437,4.860173577627782,8.40718992692434,13.286739010483723,11.991907301820854,7.218246586270152,3.5082397711994733,13.205812028692291,16.527830367285112,20.21335295199559,20.605982322440166,23.836674636748214,20.8515068296448,11.624057384587084,7.288701893330034,8.589295567408504,3.063629222309526,8.810005517748763,1.9525393351370948,12.893139599043593,3.9528503200894205,12.359757219054623,1.5982304711536863,10.207835203237078,-1.7527750905901072,11.127459996321495,-1.9060298080982074
XVGUSDT,1747054800000,8.319858885785678,0.007369,8.484107939405526,4.825172835642544,-4.8514045325010136,-5.339937576333279,0.3693899018135978,-0.6853342789279884,-3.7997014520287675,3.584318424244201,-4.980322974623412,1.4694374402225985,0.5156737684896283,6.199638688957077,-1.1806215225946453,3.6273854079207726,-8.698602252680148,-3.9913238295018445,-6.975166236938522,-2.2557463069640087,-6.839462613651786,-2.040525114155238,-6.025240873931334,-1.5286171347316029,-5.699552178043145,-1.3920619829433423,-4.831048989008001,0.02139342508736551
XVGUSDT,1748210400000,5.767470247177294,0.006932,5.025529142614742,3.4040394999850765,3.175129832660132,3.144835545297177,3.7251634420755773,4.110512612734977,0.76457010963647,5.33538424417904,1.7599538372764079,5.6051260554524145,2.5100980957876593,5.553987611592234,3.3179457587997714,5.382419587416503,5.323139065204853,6.150043617330629,2.9717253317945826,2.8856409812909147,2.928447778418928,2.0320610905346985,4.09694171956146,2.2342490401371586,4.024812463935381,1.2212240314430012,4.053664166185805,0.8514981613791757
XVGUSDT,1761955200000,5.876494023904385,0.006378,11.845681718544496,4.19610694068924,4.9968642207588605,4.492003762935094,8.059636931273683,8.456698126758507,-2.4302289118845994,8.032567748207557,-1.7873941674506173,7.24007464347468,-1.7246785826277806,5.928479686338134,-0.721229225462528,5.637209923091031,4.013797428661025,8.88082850530946,4.970210097209163,7.860353466191946,9.156475384132962,9.665427509293691,10.896832862966452,9.062032596795817,12.903731577296956,9.05648947448129,14.691125744747573,9.23290575955322
XVGUSDT,1762185600000,7.178762174049639,0.006823,1.5538951567290828,9.650462032944947,8.248571009819726,7.995016854755972,4.980268163,4.871686504555878,8.39806536714055,9.080719142220836,7.416092627876293,7.365737892238733,5.144364648981383,4.423516397141238,6.140993697786898,4.622941346431666,7.591968342371394,5.140287306111337,5.100395720357617,2.1539075187327366,10.024915726220133,5.836740448329331,10.787043822365524,5.120431662680091,10.508573941081632,3.1717796447825597,11.373296204015826,2.8866202713314766
XVSUSDT,1736431200000,5.449330783938809,8.824,2.104812487705542,7.304853282745367,4.450362647325479,4.584088848594737,3.0697754004777686,3.742407467552107,2.0625566636446098,3.861057293108236,4.1251133272892195,5.327112445978041,3.1504986400725348,3.6237576419959776,4.952402538531271,4.65234538325065,4.215775158658204,3.3177165840889034,5.51903898458749,3.8768338260724065,7.252946509519499,4.700689227909848,5.360380779691758,2.1457529911994615,5.972348141432469,1.641304347826104,1.8925657298277405,-2.448815736651945
XVSUSDT,1736794800000,6.281661600810532,8.392,-3.5801277632244166,0.9054071927567254,4.725929456625363,4.599618684461404,0.8307626601026206,0.7077776153467101,5.266920877025741,1.3701145204599043,3.7297426120114467,-0.21435858637964197,4.528122020972365,0.4201343972159115,4.456625357483325,0.3445552261358203,3.8727359389895266,0.06313493657810243,5.195424213536701,1.6008930934870824,4.337464251668265,0.9954208334775089,4.742612011439463,1.6702137503470091,6.458531935176357,2.1098589617573738,4.671115347950444,-0.052340532052865776
XVSUSDT,1736798400000,5.266920877025741,8.834,1.3701145204599043,6.220015150239863,-0.5444872085125609,-0.633914421553081,0.7177669605691792,0.38234481167586587,-1.4602671496490782,-0.21435858637964197,-0.7018338238623432,0.4201343972159115,-0.7697532261716055,0.3445552261358203,-1.3244283450305536,0.06313493657810243,-0.06791940230926226,1.6008930934870824,-0.8829522300203692,0.9954208334775089,-0.4980756169345765,1.6702137503470091,1.1319900384876573,2.1098589617573738,-0.5659950192438187,-0.052340532052865776,-0.30563731039166003,0.24015752512549157
XVSUSDT,1755871200000,5.173834239578185,6.383,3.294818267145689,6.5609348914858066,5.146482845057184,5.39714867617108,3.940393879054567,4.483724526259476,1.7703274322418991,4.61895252206404,4.308318972270098,6.41902691643757,6.235312548958166,7.392860536568356,5.2953156822810605,5.549971731892702,5.874980416731944,5.1828793774319095,6.015979946733516,4.34849653045491,5.906313645621178,3.284950343773871,5.3266489111702935,1.6849174178716155,5.467648441171866,0.8101349226553397,5.263982453391827,0.11174849139535714
ZBTUSDT,1774947600000,9.76204294834591,0.09456,14.309200585085183,2.3265880315983263,2.3931895093062545,2.559221658206421,6.12593900024979,5.956096629960481,2.3794416243654695,14.649455234486036,0.4758883248730881,10.490876740048147,-0.6450930626057523,7.219483246599119,1.7766497461928943,7.56077116512995,1.8083756345177548,5.848203977966179,2.7918781725888215,5.091306181141954,5.488578680203045,6.0639892819547825,4.367597292724191,3.3803672627091204,2.749576988155659,0.6172072407936843,2.7390016920473723,0.33772967166892975
ZKUSDT,1737352800000,5.7752667922159535,0.1685,6.101630879667529,4.382840328325864,-3.086053412462914,-3.0563798219584664,0.6844731344483312,0.09528375382033755,-0.23738872403561512,5.491057420771891,-0.5341246290801257,4.802401200600295,-1.958456973293767,2.921936327954662,-2.6112759643917003,1.4967837704106912,-2.373887240356085,1.0442260442260485,-5.459940652818998,-2.395686538815022,-4.569732937685467,-1.6694184553293034,-3.5014836795252324,-0.8536585365853734,-5.222551928783384,-2.6456961716654535,-4.391691394658763,-1.347213717085124
ZKUSDT,1762189200000,11.25787441576916,0.05475,10.69551152446422,2.5962952899399374,-3.461187214611871,-4.365296803652967,3.21047618221935,3.3591065514671508,-5.333333333333331,4.622527250706501,-4.894977168949775,4.488993237412951,-1.8630136986301373,6.829704742022071,-5.534246575342462,2.3813765663044175,-7.105022831050224,0.42452364497974715,-3.853881278538814,3.001604508276916,-2.1369863013698582,3.716608594657385,2.356164383561643,6.452899720760604,-1.3698630136986312,1.6527992168969483,-4.876712328767121,-1.466275659824043
ZKUSDT,1762293600000,7.189292543021033,0.05606,5.5167610909296165,5.0511107571512825,10.164109882269,9.846592936139853,6.3856419297221425,5.3235446816484275,12.950410274705678,16.585653262630714,20.424545130217627,21.72737107825461,10.417409917945056,9.79265329289274,8.151980021405645,6.167262029838196,9.275775954334648,5.6862880408529435,5.012486621476989,0.4607508532423198,4.031394933999284,-1.4232108447990421,5.226542989653947,-1.5454970291741823,14.39529075990012,4.960801322443912,11.755262219051014,1.4443472910392128
ZORAUSDT,1759305600000,6.9065713008493415,0.04783,4.075548882651173,3.2142510331135785,5.078402676144686,2.8015889609032008,5.849390337188249,5.221712769605501,0.16725904244198972,4.265505984766041,0.33451808488396495,4.065922151143868,-0.22998118335772316,3.0758596855019906,-2.7597742002926924,0.4730941219675465,2.195274932051019,4.953513838490105,3.4079029897553825,5.4899117007208975,10.641856575371115,10.820262601302547,12.774409366506386,10.555441688870674,10.662763955676354,6.694349815557656,13.589797198411052,8.100041783561164
ZROUSDT,1754874000000,7.185354691075515,2.342,5.9105503549948,1.2340876180595917,5.004269854824934,5.145175064047815,4.204460549000935,3.9615300460326353,6.319385140905215,9.894959837584967,4.696840307429541,7.4448972437667145,5.380017079419295,7.29035343216102,4.8676345004269805,5.811899530395052,5.636208368915462,5.415654693425369,3.4585824081981196,2.1759298304798893,4.9103330486763355,2.5074053986399023,5.977796754910338,2.439225721243154,6.5328778821520075,1.6748848771343632,2.263023057216052,-2.6106050748210814
ZROUSDT,1759341600000,6.150121065375314,2.192,6.397437142025053,4.617587400071596,1.1222627737226194,0.9124087591240884,3.3708143894311,2.8664961856739235,-1.3229927007299433,4.39693035378153,1.642335766423359,6.541698546289236,0.18248175182481766,4.243805183708363,-1.1405109489051257,2.2796998159248494,-0.7299270072992706,2.106893153770361,-0.547445255474453,1.6743622032554577,3.6496350364963326,4.821222606689727,3.2390510948904985,3.3238973609716,2.6916058394160456,1.9105396595436344,3.5583941605839344,2.409095010376247
ZROUSDT,1768932000000,6.805259417199716,1.8033,5.464158093890173,8.691459224880953,1.7013253479731651,1.4168468918094645,4.0761994603833065,3.990209084457578,-2.1793378805523145,2.8865390111460436,-3.033327787944323,1.8516900530635299,-1.5028004214495592,3.015293960712441,-0.9648976875727756,3.1811143722123423,0.11090778018077979,3.727239820044471,2.7227860034381495,5.4357106266719875,4.774579936782569,6.227229793550126,3.9982254755171107,4.2531783488706845,6.715466089946222,5.591800229356561,6.371651971385793,4.592198388204886
ZROUSDT,1769893200000,5.684313247133444,1.7328,2.4779703116683454,4.401579760746386,0.6411588180978824,0.6838642659279859,1.8426399745301403,1.625270249686944,-0.8771929824561335,1.7903389257966487,0.36934441366575393,3.0075455159261346,1.921745152354577,4.1234317517215295,-0.4963065558633392,1.2912549494189873,-0.5944136657433043,1.0423938101634769,0.8310249307479334,1.9548345684775683,0.8771929824561464,1.6225895156648709,0.5367036011080383,0.8200563680241685,1.563942751615889,1.1460033563990015,2.279547553093265,1.627950983709017
ZROUSDT,1771599600000,8.107396683337718,1.6428,8.884838442419221,2.397566593012056,0.11687363038714035,-0.5661066471877335,4.079864029697619,3.5665497817777725,-0.5661066471877335,7.184336060786993,-3.274896518139766,3.7619417653243095,-1.9296323350377442,4.430400259277259,-2.014852690528374,3.554311814468142,-1.6009252495738975,3.0701055249147133,-0.5661066471877335,3.090506333108238,0.4687119551984441,3.1556052774670253,1.9052836620404117,3.4653251175812603,3.1166301436571655,3.5787877490874025,5.630630630630632,5.507320394960851
ZRXUSDT,1688536800000,5.148342059336826,0.241,8.280540953407918,1.5378133558036597,-4.709543568464728,-4.751037344398341,-0.45147112262568145,-1.1605662455558536,2.28215767634855,9.293251751352313,-1.4937759336099552,4.301216993980929,-2.5726141078838105,2.2692625985452293,-4.896265560165977,-0.7878105791706416,-4.024896265560161,-0.503290747193188,-4.605809128630705,-1.5333219119410655,-5.850622406639005,-2.926328399075902,-7.468879668049788,-4.258973037952927,-9.585062240663893,-5.992493205056295,-8.879668049792533,-4.376224689745266
ZRXUSDT,1689404400000,5.508662816525986,0.2375,6.784766871993162,1.2059487791366597,-4.341052631578942,-5.452631578947364,-0.18733102947251,-1.6709694092841467,-0.6736842105263118,5.124777183600704,0.37894736842105764,5.295702486639283,-3.7473684210526286,0.5232839365023387,-4.842105263157888,-0.9336781659580033,-5.978947368421049,-2.1515271022304128,-5.642105263157893,-1.9556372227326548,-5.263157894736835,-1.673731591137502,-5.894736842105257,-2.290810527236161,-5.810526315789465,-2.1434820647419017,-5.9368421052631595,-1.6682072274307915
ZRXUSDT,1755871200000,5.978947368421049,0.2517,4.085683566288976,0.4730255673312942,4.167659912594367,4.866905045689329,3.99189141844261,4.639511052699964,1.0727056019070464,4.72583566606292,2.701628923321426,5.695710839432473,3.65514501390546,5.9105301615653225,4.410011918951132,5.822662478859617,4.847040127135497,5.366126327557297,5.005959475566151,4.553186439337008,5.20460866110449,3.656149690753918,4.926499801350824,2.2494095783808827,4.88676996424316,1.1726833754886208,4.966229638458487,0.7666196269880453
