asset,strategy,interval,threshold,exit_rule,max_hold,trailing_pct,take_profit_pct,cut_early_neg,n,win_pct,mean_pct,median_pct,total_pct,mdd_pct,sharpe,profit_factor,avg_held_bars
crypto,trend_pullback,1w,60.0,pullback_default,13,0.15,0.3,0,270,30.37037037037037,-2.767949563618072,-13.03623973369506,-100.0,-100.0,-0.1353355723591551,0.8561692782483854,7.822222222222222
crypto,trend_pullback,1w,70.0,pullback_default,13,0.15,0.3,0,172,34.30232558139535,0.14048054294134504,-14.675325152981506,-99.99999995997699,-99.99999997811885,0.0060498798914164105,1.0071327484883636,7.924418604651163
crypto,trend_pullback,1w,75.0,pullback_default,13,0.15,0.3,0,127,29.92125984251969,-6.785322164507851,-16.426118817063596,-99.99999996502554,-99.99999997348775,-0.3834657206602047,0.6804644499945177,8.551181102362206
crypto,trend_pullback,1w,80.0,pullback_default,13,0.15,0.3,0,74,28.37837837837838,-10.765576514877718,-17.42897243022858,-99.999977092259,-99.99997582896101,-0.6759233440730796,0.5070130134178414,8.635135135135135
crypto,trend_pullback,1w,85.0,pullback_default,13,0.15,0.3,0,45,24.444444444444443,-12.53444677334414,-18.92250884750729,-99.99508454149253,-99.99692374276651,-0.7844472835293588,0.4545040722063469,8.844444444444445
crypto,trend_pullback,1w,90.0,pullback_default,13,0.15,0.3,0,27,18.51851851851852,-17.37037221262997,-18.92250884750729,-99.91958057143414,-99.96959216754509,-1.2727314007551398,0.2474785007297009,9.777777777777779
