asset,strategy,interval,threshold,exit_rule,max_hold,trailing_pct,take_profit_pct,cut_early_neg,n,win_pct,mean_pct,median_pct,total_pct,mdd_pct,sharpe,profit_factor,avg_held_bars
kr,trend_chase,1d,60.0,chase_default,65,0.2,0.3,0,2322,49.1817398794143,3.3020190814853634,-0.43132821315225417,1.694223318036439e+19,-98.9270706697588,0.3896946871078751,1.5794674243677504,53.69121447028424
kr,trend_chase,1d,70.0,chase_default,65,0.2,0.3,0,1798,48.553948832035594,3.589839055310821,-0.5371247267698662,6.0286595822023064e+16,-98.16564810353647,0.4139961235601212,1.617261834713482,52.75750834260289
kr,trend_chase,1d,75.0,chase_default,65,0.2,0.3,0,1290,46.27906976744186,3.2600798984964348,-1.1471585947872671,16076682936.82977,-99.27024976831319,0.3679805902917754,1.5242040963762946,51.81705426356589
kr,trend_chase,1d,80.0,chase_default,65,0.2,0.3,0,1212,46.947194719471945,3.450511798708152,-0.8997255934401035,46839856557.997856,-96.7164474390103,0.38903386191859873,1.5601704091304385,51.745049504950494
kr,trend_chase,1d,85.0,chase_default,65,0.2,0.3,0,804,46.14427860696517,3.7015173330352877,-1.3648445624185375,143759445.57164848,-95.67144715861252,0.4099481352675035,1.5810937646475223,50.11194029850746
kr,trend_chase,1d,90.0,chase_default,65,0.2,0.3,0,649,45.76271186440678,4.048727210805462,-1.797005988023947,62406974.90756719,-94.68938242684025,0.4450964981158747,1.6330134692019032,49.32973805855162
