asset,strategy,interval,threshold,exit_rule,max_hold,trailing_pct,take_profit_pct,cut_early_neg,n,win_pct,mean_pct,median_pct,total_pct,mdd_pct,sharpe,profit_factor,avg_held_bars
crypto,trend_pullback,1d,60.0,pullback_default,65,0.15,0.3,0,3185,36.26373626373626,0.12795652679323605,-6.996454023987486,-100.0,-100.0,0.015784556661092197,1.0122506276488121,22.132182103610674
crypto,trend_pullback,1d,70.0,pullback_default,65,0.15,0.3,0,2821,36.61822048918823,-0.17784023054383408,-6.7422713660446725,-100.0,-100.0,-0.021317606515873777,0.9833762543171285,23.0538816022687
crypto,trend_pullback,1d,75.0,pullback_default,65,0.15,0.3,0,2579,36.1380379992245,-0.18736260539933147,-6.989010784100436,-100.0,-100.0,-0.02241342297812084,0.9823775318455504,23.35246219464909
crypto,trend_pullback,1d,80.0,pullback_default,65,0.15,0.3,0,2259,37.45019920318725,0.5090073625804984,-6.502013422818786,-100.0,-100.0,0.05977645954109086,1.0488129795477728,23.636564851704293
crypto,trend_pullback,1d,85.0,pullback_default,65,0.15,0.3,0,2035,37.2972972972973,0.5752460120752917,-6.330553487217672,-100.0,-100.0,0.06882973758495901,1.0563186155317006,23.604914004914004
crypto,trend_pullback,1d,90.0,pullback_default,65,0.15,0.3,0,1611,39.3544382371198,1.149030575702354,-5.247856299986897,-100.0,-100.0,0.13761604185174584,1.1167743836641946,23.9056486654252
