asset,strategy,interval,threshold,exit_rule,max_hold,trailing_pct,take_profit_pct,cut_early_neg,n,win_pct,mean_pct,median_pct,total_pct,mdd_pct,sharpe,profit_factor,avg_held_bars
crypto,trend_chase,4h,60.0,chase_default,336,0.15,0.3,0,2350,38.97872340425532,1.065292552972488,-5.007676651598592,-99.99999999975688,-99.99999999993008,0.22647231885231744,1.1390038219240752,107.94510638297872
crypto,trend_chase,4h,70.0,chase_default,336,0.15,0.3,0,1902,39.37960042060988,1.5148549992365277,-4.636483090779975,-99.99949677803758,-99.9998828684914,0.32618323038646835,1.2053594515358346,105.7502628811777
crypto,trend_chase,4h,75.0,chase_default,336,0.15,0.3,0,1450,39.37931034482759,1.4129425586414839,-4.963112283396037,-99.99971091841986,-99.99999768130662,0.2968272667690024,1.1865976812384071,106.23103448275862
crypto,trend_chase,4h,80.0,chase_default,336,0.15,0.3,0,1356,39.74926253687316,1.4496929114842427,-4.79624439887597,-99.99949895138957,-99.99999150917475,0.30117428759774995,1.1901857386384815,106.57817109144543
crypto,trend_chase,4h,85.0,chase_default,336,0.15,0.3,0,940,41.06382978723404,2.2016087973415535,-3.9805375768613316,-68.20534107583983,-99.99402256487187,0.4529634192094583,1.3012349885115901,108.82765957446809
crypto,trend_chase,4h,90.0,chase_default,336,0.15,0.3,0,728,39.42307692307692,1.5812221959757515,-4.531395709902991,-99.69949178256327,-99.9881032780239,0.31877334929044343,1.207025972412602,111.46291208791209
