asset,strategy,interval,threshold,exit_rule,max_hold,trailing_pct,take_profit_pct,cut_early_neg,n,win_pct,mean_pct,median_pct,total_pct,mdd_pct,sharpe,profit_factor,avg_held_bars
crypto,trend_pullback,1h,60.0,pullback_default,2184,0.15,0.3,0,9783,34.87682714913626,0.12492239655980594,-6.125194420441915,-100.0,-100.0,0.03553944463706746,1.0165789419697646,268.5376673821936
crypto,trend_pullback,1h,70.0,pullback_default,2184,0.15,0.3,0,9438,35.12396694214876,0.1322320510357412,-5.999715535926748,-100.0,-100.0,0.03714617777999834,1.0174799740974874,272.12545030726847
crypto,trend_pullback,1h,75.0,pullback_default,2184,0.15,0.3,0,9403,35.169626714878234,0.1797732932740821,-6.010810810810807,-100.0,-100.0,0.05115946097874723,1.0240196982319787,269.81537807082844
crypto,trend_pullback,1h,80.0,pullback_default,2184,0.15,0.3,0,9223,35.1187249268134,0.21958322768930386,-5.98512396694214,-100.0,-100.0,0.06342705166897493,1.0296872367217218,267.32462322454734
crypto,trend_pullback,1h,85.0,pullback_default,2184,0.15,0.3,0,8890,34.85939257592801,0.2496816721539155,-6.01791924721462,-100.0,-100.0,0.07128325811687655,1.0336467466047088,269.2158605174353
crypto,trend_pullback,1h,90.0,pullback_default,2184,0.15,0.3,0,8491,34.84866329054293,0.26415124182768357,-6.11214226828406,-100.0,-100.0,0.07587508566404001,1.0357744557627746,270.31551054057235
