asset,strategy,interval,threshold,exit_rule,max_hold,trailing_pct,take_profit_pct,cut_early_neg,n,win_pct,mean_pct,median_pct,total_pct,mdd_pct,sharpe,profit_factor,avg_held_bars
crypto,trend_chase,1w,60.0,chase_default,8,0.15,0.3,0,68,48.529411764705884,11.090688245524005,-2.8977627691008867,4602.0392800455,-53.16118427686797,1.0084651088507006,2.4355834588914473,4.602941176470588
crypto,trend_chase,1w,70.0,chase_default,8,0.15,0.3,0,51,49.01960784313725,12.286937826241697,-1.0737864077669854,2321.5639195529734,-52.3606110004216,1.0748038938670776,2.525943348245332,4.470588235294118
crypto,trend_chase,1w,75.0,chase_default,8,0.15,0.3,0,41,43.90243902439025,14.02215071083815,-5.990391437676623,1949.5297907994025,-64.8817017926624,1.1414643395402344,2.6850725149597174,4.585365853658536
crypto,trend_chase,1w,80.0,chase_default,8,0.15,0.3,0,30,36.666666666666664,3.828109145765323,-7.196724873391059,-5.609884273246402,-66.05145509733048,0.4063554414860079,1.3944474301280336,4.866666666666666
crypto,trend_chase,1w,85.0,chase_default,8,0.15,0.3,0,19,47.368421052631575,7.577246101430479,-5.990391437676623,72.2397667386795,-45.5801168876231,0.7420537651521596,1.818575536168299,4.7894736842105265
crypto,trend_chase,1w,90.0,chase_default,8,0.15,0.3,0,15,33.33333333333333,-4.865041108274583,-12.480408231554296,-67.85665913376143,-72.54333236763408,-0.676498332484082,0.5975940804956046,5.133333333333334
