asset,strategy,interval,threshold,exit_rule,max_hold,trailing_pct,take_profit_pct,cut_early_neg,n,win_pct,mean_pct,median_pct,total_pct,mdd_pct,sharpe,profit_factor,avg_held_bars
kr,trend_chase,1w,60.0,chase_default,13,0.2,0.3,0,1756,50.227790432801825,4.963472339150048,0.04656037083657942,3.303805276954357e+24,-97.1187534206456,0.5143158060030941,1.8637532968855235,11.140660592255125
kr,trend_chase,1w,70.0,chase_default,13,0.2,0.3,0,1349,49.88880652335063,4.933814621269679,-0.05845410628019217,4.8560133254332e+18,-98.75982904721413,0.5049954415697835,1.825514053828112,11.055596738324684
kr,trend_chase,1w,75.0,chase_default,13,0.2,0.3,0,1129,49.158547387068204,5.300135063773288,-0.3,1.797296091557732e+17,-98.96333208529522,0.5314478490695045,1.8809305750585095,10.889282550930027
kr,trend_chase,1w,80.0,chase_default,13,0.2,0.3,0,881,48.467650397275825,5.023960960162478,-0.5475247524752478,4905553037390.285,-98.53178945201557,0.4993440832549245,1.798284810094723,10.861520998864926
kr,trend_chase,1w,85.0,chase_default,13,0.2,0.3,0,770,47.79220779220779,4.615634613387855,-0.9757639164298778,6004759392.234525,-99.07599904709934,0.45485257125893797,1.6949458169363756,10.74155844155844
kr,trend_chase,1w,90.0,chase_default,13,0.2,0.3,0,420,46.42857142857143,4.985179934133723,-1.9230103583982467,2571727.1445388226,-97.38324057302354,0.4619888290736388,1.7118342860378628,10.6
