asset,strategy,interval,threshold,exit_rule,max_hold,trailing_pct,take_profit_pct,cut_early_neg,n,win_pct,mean_pct,median_pct,total_pct,mdd_pct,sharpe,profit_factor,avg_held_bars
crypto,trend_pullback,4h,60.0,pullback_default,546,0.15,0.3,0,6560,35.8079268292683,0.015874718316815525,-6.016475176361586,-100.0,-100.0,0.003326780066424956,1.0018515357106896,91.02637195121952
crypto,trend_pullback,4h,70.0,pullback_default,546,0.15,0.3,0,6287,35.167806585016706,0.09935707602520755,-6.065048722191579,-100.0,-100.0,0.021015609528246774,1.0117006461838252,90.70955940830285
crypto,trend_pullback,4h,75.0,pullback_default,546,0.15,0.3,0,6037,35.16647341394732,-0.009400002470543931,-6.087285559554189,-100.0,-100.0,-0.001951938467122743,0.9989061262630763,93.1956269670366
crypto,trend_pullback,4h,80.0,pullback_default,546,0.15,0.3,0,5845,34.91873396065013,-0.051781938032851076,-6.421437474034075,-100.0,-100.0,-0.010891311499703103,0.9939859115708422,91.9972626176219
crypto,trend_pullback,4h,85.0,pullback_default,546,0.15,0.3,0,5583,35.16030807809422,-0.09409898993365289,-6.449106249106262,-100.0,-100.0,-0.01965301418673023,0.9891542349638797,92.51585169263836
crypto,trend_pullback,4h,90.0,pullback_default,546,0.15,0.3,0,4982,35.06623845845042,-0.04219164238808896,-6.578866981448722,-100.0,-100.0,-0.00868360966814718,0.9951381430715459,94.09233239662787
