asset,strategy,interval,threshold,exit_rule,max_hold,trailing_pct,take_profit_pct,cut_early_neg,n,win_pct,mean_pct,median_pct,total_pct,mdd_pct,sharpe,profit_factor,avg_held_bars
us,trend_chase,1w,60.0,chase_default,13,0.2,0.3,0,1398,54.434907010014314,3.8848807548944766,1.9659590489768175,300793838275565.25,-94.76765669350156,0.4283964404738907,1.6941557686617745,11.597281831187411
us,trend_chase,1w,70.0,chase_default,13,0.2,0.3,0,777,54.18275418275418,4.066168790062333,2.1537495506638527,1750779073.4757264,-96.22170478358217,0.43691392699343745,1.7153862152706099,11.575289575289576
us,trend_chase,1w,75.0,chase_default,13,0.2,0.3,0,583,53.516295025728986,4.222726280467247,1.8000004254309365,15542470.746799206,-95.8684381594549,0.43105711570699007,1.700144551182286,11.317324185248713
us,trend_chase,1w,80.0,chase_default,13,0.2,0.3,0,262,57.63358778625955,6.147175606831323,4.163819281922132,1912179.7099673527,-77.75867908715955,0.5995357653455464,2.090869486158527,11.206106870229007
us,trend_chase,1w,85.0,chase_default,13,0.2,0.3,0,216,57.407407407407405,6.876544726405051,3.960253535380498,981213.1874608464,-80.37170077758348,0.6468127350398004,2.195796191364074,11.0
us,trend_chase,1w,90.0,chase_default,13,0.2,0.3,0,54,57.407407407407405,4.471708810588008,3.561488403314639,11.169898772747967,-78.63293518406135,0.36218547134370016,1.555220329699408,11.148148148148149
