asset,strategy,interval,threshold,exit_rule,max_hold,trailing_pct,take_profit_pct,cut_early_neg,n,win_pct,mean_pct,median_pct,total_pct,mdd_pct,sharpe,profit_factor,avg_held_bars
us,trend_pullback,1d,60.0,pullback_default,130,0.2,0.3,0,3360,50.44642857142857,6.772055846987872,0.25299837327097413,1.2255483613357417e+57,-97.85157687302616,0.5508317237307929,1.927487835339622,61.417857142857144
us,trend_pullback,1d,70.0,pullback_default,130,0.2,0.3,0,3166,51.20025268477574,6.806383748483028,1.0056099693333878,2.3282861450511525e+54,-98.11789575151528,0.558116514535973,1.9247375792660957,62.38250157927985
us,trend_pullback,1d,75.0,pullback_default,130,0.2,0.3,0,3021,50.810989738497184,6.790430432075724,0.6352795098085064,1.1236081049506651e+51,-98.75827007971778,0.5520111705196553,1.9213065121036126,63.08109897384972
us,trend_pullback,1d,80.0,pullback_default,130,0.2,0.3,0,2812,51.28022759601707,6.845892489106759,1.031999370876702,6.276644490052638e+48,-98.38799311584374,0.5583257598835978,1.9363729844857527,63.89900426742532
us,trend_pullback,1d,85.0,pullback_default,130,0.2,0.3,0,2593,51.44620131122252,6.830497221390614,1.2038023113600584,1.3014715386667892e+44,-98.45053997952753,0.5551301511899094,1.9269699853214621,63.78210566910914
us,trend_pullback,1d,90.0,pullback_default,130,0.2,0.3,0,2247,52.42545616377392,7.266839673031292,2.073209478991944,4.1419724603308594e+43,-97.71901403743193,0.5958978881869987,2.0154900594975063,63.49265687583445
