asset,strategy,interval,threshold,exit_rule,max_hold,trailing_pct,take_profit_pct,cut_early_neg,n,win_pct,mean_pct,median_pct,total_pct,mdd_pct,sharpe,profit_factor,avg_held_bars
us,trend_pullback,1w,60.0,pullback_default,26,0.2,0.3,0,2342,57.8138343296328,8.78821839537271,7.185143678541561,2.9283863909715526e+59,-93.0689732470904,0.6175842040516712,2.368421673087442,17.333048676345005
us,trend_pullback,1w,70.0,pullback_default,26,0.2,0.3,0,2190,57.716894977168955,8.552110483857565,6.762959996715323,4.8305497522613727e+54,-93.05294098012588,0.6032390267115165,2.3401661274651686,17.60593607305936
us,trend_pullback,1w,75.0,pullback_default,26,0.2,0.3,0,2011,57.68274490303331,8.355892667685302,6.703229949508516,3.956747414936426e+49,-94.0982759321537,0.6032885840791973,2.3216838124449817,17.52312282446544
us,trend_pullback,1w,80.0,pullback_default,26,0.2,0.3,0,1827,56.75971538040504,7.8942037021749485,5.9158073349530715,1.978353248955745e+42,-96.16035011015197,0.5826894836880303,2.236262320839689,17.478379857690204
us,trend_pullback,1w,85.0,pullback_default,26,0.2,0.3,0,1609,57.05407085146054,7.7975298781461495,6.089732708279416,6.413493167161276e+37,-95.84246242752288,0.5848654528462458,2.232899515163931,17.515226848974518
us,trend_pullback,1w,90.0,pullback_default,26,0.2,0.3,0,1282,57.33229329173167,7.773162610439723,6.3110946582346505,4.969309410161699e+30,-89.83904055489835,0.5846267473532779,2.2372887723080908,17.692667706708267
