asset,strategy,interval,threshold,exit_rule,max_hold,trailing_pct,take_profit_pct,cut_early_neg,n,win_pct,mean_pct,median_pct,total_pct,mdd_pct,sharpe,profit_factor,avg_held_bars
crypto,trend_chase,1d,60.0,chase_default,40,0.15,0.3,0,278,47.122302158273385,4.732009701242932,-1.5334513572038466,22615.34241170345,-89.81637598543666,0.6172120960093401,1.65686083928606,24.780575539568346
crypto,trend_chase,1d,70.0,chase_default,40,0.15,0.3,0,203,46.79802955665024,5.16847501482353,-1.875755033557036,10175.850279579548,-78.27774950712427,0.6650628365568506,1.715648734854943,23.492610837438423
crypto,trend_chase,1d,75.0,chase_default,40,0.15,0.3,0,142,47.183098591549296,6.340653183721617,-1.999929895185787,12120.636121403913,-73.09687200490433,0.8133775123303848,1.9258009953864037,22.845070422535212
crypto,trend_chase,1d,80.0,chase_default,40,0.15,0.3,0,127,48.818897637795274,7.743803505216038,-0.5785488958990557,40455.79784237493,-73.09687200490433,0.985893899465749,2.224931007714829,22.614173228346456
crypto,trend_chase,1d,85.0,chase_default,40,0.15,0.3,0,92,42.391304347826086,5.702618121625062,-3.878068561384512,773.5840795375303,-73.09687200490433,0.6829788107930551,1.736148494461146,21.967391304347824
crypto,trend_chase,1d,90.0,chase_default,40,0.15,0.3,0,72,48.61111111111111,8.375707833700769,-2.154115052126043,2711.1758536942493,-64.4426223248579,0.9612563388400678,2.1482070730186136,21.791666666666668
