asset,strategy,interval,threshold,exit_rule,max_hold,trailing_pct,take_profit_pct,cut_early_neg,n,win_pct,mean_pct,median_pct,total_pct,mdd_pct,sharpe,profit_factor,avg_held_bars
kr,trend_pullback,1d,60.0,pullback_default,130,0.2,0.3,0,3512,49.03189066059225,7.192761864345161,-0.6295331161780657,6.587216532325109e+65,-97.14767412401741,0.49699171333629344,2.02078691330263,59.18678815489749
kr,trend_pullback,1d,70.0,pullback_default,130,0.2,0.3,0,3363,49.03360095153137,7.25916721890124,-0.6802281368821326,3.1191762732683706e+63,-97.1088096619226,0.496431396405954,2.0239894004872805,59.132917038358606
kr,trend_pullback,1d,75.0,pullback_default,130,0.2,0.3,0,3186,49.152542372881356,6.967273884528781,-0.648205031850607,1.9296812157882413e+59,-96.3393673012534,0.5980296150337854,1.9778748081700914,59.372567482736976
kr,trend_pullback,1d,80.0,pullback_default,130,0.2,0.3,0,2984,49.2627345844504,7.024183864111349,-0.5937730787030302,1.573623328398974e+56,-97.74992212816306,0.6011209832089706,1.981274669632158,59.31467828418231
kr,trend_pullback,1d,85.0,pullback_default,130,0.2,0.3,0,2845,48.68189806678383,6.96680266485683,-0.851977920883162,1.3375493056336302e+53,-98.21670404906806,0.598770976670598,1.9730659811580318,58.993673110720565
kr,trend_pullback,1d,90.0,pullback_default,130,0.2,0.3,0,2486,48.63234111021721,7.060965937872179,-0.9769429896024525,2.2469767870062766e+48,-93.64204200404748,0.6112286199266214,2.0047119922015346,59.28399034593725
