asset,strategy,interval,threshold,exit_rule,max_hold,trailing_pct,take_profit_pct,cut_early_neg,n,win_pct,mean_pct,median_pct,total_pct,mdd_pct,sharpe,profit_factor,avg_held_bars
kr,trend_pullback,1w,60.0,pullback_default,26,0.2,0.3,0,2330,55.493562231759654,9.909700833365044,5.315887146263975,6.654870058963785e+69,-96.59345878116831,0.6907236205141879,2.5788396432361735,16.45107296137339
kr,trend_pullback,1w,70.0,pullback_default,26,0.2,0.3,0,2118,56.610009442870634,9.75950972977974,5.429915254902884,3.8748615282651496e+62,-96.9463074222989,0.6810353739194774,2.565060311041243,16.69216241737488
kr,trend_pullback,1w,75.0,pullback_default,26,0.2,0.3,0,1917,57.224830464267086,9.791610946972844,5.684555984555983,1.1700265117986636e+57,-87.49546919160372,0.6844707656418565,2.5758099750278824,16.626499739175795
kr,trend_pullback,1w,80.0,pullback_default,26,0.2,0.3,0,1765,57.11048158640226,10.083555847051242,5.632203389830515,4.657320758014838e+54,-86.28297793461492,0.7020369708918288,2.634783566565472,16.541076487252123
kr,trend_pullback,1w,85.0,pullback_default,26,0.2,0.3,0,1592,57.22361809045226,10.307834752845908,6.264836148452657,2.4800244463983913e+50,-87.53348176145738,0.7068611467055839,2.650789939836268,16.569723618090453
kr,trend_pullback,1w,90.0,pullback_default,26,0.2,0.3,0,1310,58.01526717557252,10.589089590064209,5.877325581395354,1.7400663955497736e+43,-89.5377714438103,0.7266431394946399,2.7327540034293913,16.49847328244275
